ID,train_true,train_pred
JVASP-47273,32.1,35.46875
JVASP-14804,48.1,53.96875
JVASP-9864,85.13,74.0
JVASP-35347,84.37,86.0625
JVASP-85959,64.94,59.15625
JVASP-10187,88.3,88.3125
JVASP-19872,128.73,127.5
JVASP-40888,102.8,101.75
JVASP-43807,69.41,58.9375
JVASP-115151,40.63,39.3125
JVASP-106611,54.47,54.90625
JVASP-110220,55.48,61.71875
JVASP-19808,118.27,120.0625
JVASP-19705,190.73,191.375
JVASP-114446,79.29,84.1875
JVASP-93395,139.88,165.75
JVASP-39945,203.8,194.25
JVASP-34962,10.46,15.7578125
JVASP-38661,162.02,155.375
JVASP-15211,238.77,249.75
JVASP-12772,32.21,35.5625
JVASP-103265,29.93,86.375
JVASP-14558,40.61,40.6875
JVASP-18897,67.13,42.1875
JVASP-17185,223.38,211.75
JVASP-20331,73.9,70.0625
JVASP-117790,15.62,12.1796875
JVASP-111610,108.81,95.9375
JVASP-18249,73.27,93.1875
JVASP-16896,0.0,385.25
JVASP-116389,44.04,38.71875
JVASP-68308,35.57,44.34375
JVASP-18622,0.27,86.3125
JVASP-86811,42.76,43.90625
JVASP-18216,182.77,188.5
JVASP-44564,31.27,29.359375
JVASP-92644,65.0,40.0
JVASP-107680,228.7,208.5
JVASP-115186,97.64,97.375
JVASP-15359,71.67,78.9375
JVASP-93872,60.88,52.6875
JVASP-98977,32.33,27.78125
JVASP-120247,21.91,22.859375
JVASP-3009,60.4,61.6875
JVASP-128,66.09,64.3125
JVASP-78562,25.07,18.859375
JVASP-17630,29.4,89.1875
JVASP-105988,101.84,139.875
JVASP-107004,40.14,48.90625
JVASP-18361,53.37,52.65625
JVASP-74405,156.9,146.625
JVASP-10004,90.17,78.0625
JVASP-51697,64.06,55.0
JVASP-20799,138.19,145.0
JVASP-36850,125.43,143.625
JVASP-28387,44.02,7.3046875
JVASP-15358,77.9,68.3125
JVASP-34004,47.44,30.46875
JVASP-40785,149.17,144.875
JVASP-8683,95.38,85.0625
JVASP-117987,35.38,35.09375
JVASP-114158,86.64,81.0625
JVASP-14824,35.57,33.21875
JVASP-46527,103.11,110.9375
JVASP-115155,185.59,193.875
JVASP-10546,17.04,18.625
JVASP-17379,99.3,110.625
JVASP-20582,145.83,141.25
JVASP-71100,0.0,27.078125
JVASP-93337,58.46,48.8125
JVASP-10868,151.67,153.375
JVASP-5602,35.12,35.125
JVASP-14845,16.6,16.234375
JVASP-29804,48.47,46.71875
JVASP-8779,63.58,64.875
JVASP-26395,48.81,45.46875
JVASP-28453,33.67,21.28125
JVASP-14516,49.16,42.65625
JVASP-114883,40.49,40.25
JVASP-36254,66.27,64.25
JVASP-8584,19.2,20.09375
JVASP-16815,48.63,48.15625
JVASP-90042,18.0,18.390625
JVASP-18778,144.0,173.125
JVASP-4639,56.41,42.40625
JVASP-10194,85.16,87.5625
JVASP-120185,50.57,51.5625
JVASP-17928,100.76,81.0
JVASP-15608,109.66,118.6875
JVASP-11273,131.49,128.125
JVASP-67442,173.8,182.0
JVASP-119993,67.01,63.0625
JVASP-49227,146.07,139.0
JVASP-1795,87.04,84.1875
JVASP-17265,46.53,43.09375
JVASP-14776,215.44,209.625
JVASP-56721,87.1,99.75
JVASP-7826,56.18,56.25
JVASP-11798,123.09,106.625
JVASP-25079,45.63,42.03125
JVASP-38244,6.03,4.34375
JVASP-7958,152.67,155.25
JVASP-36756,85.39,87.9375
JVASP-32768,14.27,6.546875
JVASP-14927,88.8,85.5625
JVASP-37047,164.57,149.75
JVASP-51421,95.18,43.0
JVASP-99393,46.53,60.3125
JVASP-38791,84.4,84.125
JVASP-35057,30.98,30.375
JVASP-40494,155.79,167.75
JVASP-49856,43.03,32.0
JVASP-99652,90.61,92.875
JVASP-20371,173.27,174.125
JVASP-64144,10.8,11.8046875
JVASP-40239,201.0,201.75
JVASP-45924,169.2,175.0
JVASP-8668,10.77,11.125
JVASP-104940,171.68,190.375
JVASP-12435,84.49,85.0
JVASP-4831,34.68,19.96875
JVASP-15347,97.74,94.5
JVASP-16440,94.67,97.5
JVASP-115763,67.49,59.625
JVASP-41001,139.5,129.875
JVASP-48164,112.53,109.25
JVASP-117506,26.19,18.328125
JVASP-65539,30.61,29.390625
JVASP-8031,60.59,67.0625
JVASP-93356,190.83,193.375
JVASP-9118,115.5,131.0
JVASP-17317,82.54,95.75
JVASP-108616,84.31,84.875
JVASP-100610,100.46,12.3515625
JVASP-64566,13.2,16.125
JVASP-15599,147.59,146.125
JVASP-99756,22.43,18.234375
JVASP-36397,119.87,117.125
JVASP-99933,93.3,87.9375
JVASP-91581,84.71,85.75
JVASP-91451,58.34,76.875
JVASP-93227,45.78,49.03125
JVASP-37663,84.36,71.9375
JVASP-109927,30.13,25.828125
JVASP-21025,50.46,57.375
JVASP-35732,169.63,172.625
JVASP-90515,22.91,18.359375
JVASP-117460,61.49,62.875
JVASP-92601,195.7,203.875
JVASP-4349,48.94,45.21875
JVASP-35365,160.08,158.625
JVASP-71223,0.0,88.75
JVASP-16521,134.67,133.625
JVASP-50991,67.51,76.9375
JVASP-19709,151.61,160.25
JVASP-29546,28.44,20.8125
JVASP-106309,12.0,11.6328125
JVASP-64910,115.76,122.6875
JVASP-31163,67.9,75.375
JVASP-21502,55.8,59.3125
JVASP-107044,183.79,193.375
JVASP-65753,19.33,16.484375
JVASP-119951,26.8,30.78125
JVASP-32150,4.43,5.3867188
JVASP-64680,6.33,11.46875
JVASP-18400,95.44,87.1875
JVASP-15450,115.68,113.3125
JVASP-67812,5.46,40.5
JVASP-71182,169.29,153.5
JVASP-14653,137.53,143.875
JVASP-37766,144.97,160.75
JVASP-46706,22.74,30.890625
JVASP-100022,31.04,79.625
JVASP-47983,122.66,138.75
JVASP-100366,42.42,39.3125
JVASP-71878,29.99,29.625
JVASP-58414,164.04,160.25
JVASP-61260,187.66,191.0
JVASP-117661,59.33,58.65625
JVASP-13942,36.92,31.78125
JVASP-10792,60.56,63.6875
JVASP-118294,78.16,69.3125
JVASP-11974,229.92,227.5
JVASP-93297,99.31,92.375
JVASP-67620,74.37,76.8125
JVASP-62464,134.38,132.75
JVASP-14565,74.93,71.625
JVASP-9651,121.27,124.1875
JVASP-15352,122.38,124.5625
JVASP-67762,66.53,67.375
JVASP-85447,59.14,57.0
JVASP-4543,29.49,29.046875
JVASP-9758,157.87,148.25
JVASP-99919,85.6,105.9375
JVASP-8398,21.37,28.640625
JVASP-52492,197.1,191.625
JVASP-20508,37.87,41.09375
JVASP-40938,57.6,53.71875
JVASP-38216,5.87,8.40625
JVASP-115872,34.26,33.375
JVASP-33838,15.06,16.484375
JVASP-79498,114.43,110.625
JVASP-15610,104.97,114.1875
JVASP-365,37.57,42.71875
JVASP-18619,194.38,206.875
JVASP-114824,91.2,101.875
JVASP-25095,1.31,7.953125
JVASP-36344,294.87,296.25
JVASP-10775,72.91,86.0625
JVASP-40795,133.4,153.5
JVASP-66937,72.14,65.0625
JVASP-59141,178.71,154.0
JVASP-67810,175.7,174.75
JVASP-114417,-4.84,4.4296875
JVASP-101367,56.4,58.40625
JVASP-18428,49.61,67.0625
JVASP-86682,76.34,87.9375
JVASP-99644,53.66,48.90625
JVASP-99638,149.32,169.875
JVASP-14522,105.8,100.8125
JVASP-51100,42.93,41.40625
JVASP-13861,203.68,206.375
JVASP-102524,57.6,56.3125
JVASP-36167,191.7,189.375
JVASP-7842,185.41,195.25
JVASP-42671,19.97,17.96875
JVASP-11014,60.23,137.75
JVASP-70868,63.2,62.21875
JVASP-28374,220.2,305.75
JVASP-39066,119.5,119.9375
JVASP-74109,201.21,157.5
JVASP-11445,75.04,81.1875
JVASP-38185,5.63,5.3398438
JVASP-10480,17.13,18.234375
JVASP-10581,72.7,79.125
JVASP-64622,14.43,14.890625
JVASP-10181,22.73,43.15625
JVASP-12511,31.16,35.09375
JVASP-167,20.17,23.953125
JVASP-15591,99.86,98.5625
JVASP-41912,110.87,118.875
JVASP-71632,128.02,124.8125
JVASP-9548,65.89,77.75
JVASP-70510,103.6,109.0625
JVASP-25551,15.94,20.5
JVASP-7692,164.99,158.125
JVASP-37051,146.57,142.875
JVASP-8824,46.76,56.1875
JVASP-12161,26.4,27.1875
JVASP-8352,43.83,39.375
JVASP-21896,190.37,198.75
JVASP-41141,138.3,132.75
JVASP-65597,33.01,52.09375
JVASP-118690,35.44,23.578125
JVASP-11286,42.74,49.25
JVASP-39212,56.42,62.65625
JVASP-29780,41.99,39.03125
JVASP-813,100.27,114.3125
JVASP-7664,54.7,52.78125
JVASP-91760,39.42,34.53125
JVASP-92261,74.71,75.875
JVASP-35749,186.7,198.375
JVASP-78564,72.64,68.1875
JVASP-16435,47.9,42.46875
JVASP-10885,21.24,25.546875
JVASP-20096,254.79,233.5
JVASP-37636,119.93,118.125
JVASP-10573,131.99,125.9375
JVASP-67545,222.93,229.5
JVASP-18595,87.23,84.6875
JVASP-117961,27.89,34.9375
JVASP-15563,152.43,143.25
JVASP-9520,127.04,113.75
JVASP-38968,276.57,265.25
JVASP-94425,129.78,124.0
JVASP-3651,20.01,21.28125
JVASP-120374,38.51,40.71875
JVASP-8338,20.89,41.9375
JVASP-106867,182.29,189.5
JVASP-120888,70.67,77.375
JVASP-1678,158.03,126.5625
JVASP-20376,162.54,171.125
JVASP-22570,41.37,41.5
JVASP-65703,27.27,27.90625
JVASP-40600,90.63,87.375
JVASP-8254,58.22,84.125
JVASP-79550,15.5,16.984375
JVASP-87005,97.06,82.0
JVASP-21253,39.82,33.40625
JVASP-10086,122.7,118.625
JVASP-18033,100.03,102.625
JVASP-115544,15.7,22.109375
JVASP-3927,83.93,81.875
JVASP-28414,27.97,39.96875
JVASP-21215,22.97,13.3671875
JVASP-67721,59.26,60.75
JVASP-52493,31.19,51.59375
JVASP-70854,16.7,15.5
JVASP-25876,70.6,68.75
JVASP-25396,33.27,35.0625
JVASP-120035,-0.33,-3.9511719
JVASP-66170,15.63,20.0625
JVASP-54751,27.77,23.265625
JVASP-35739,60.56,54.78125
JVASP-118547,17.76,16.015625
JVASP-21736,15.0,81.5625
JVASP-15751,63.23,60.6875
JVASP-10199,121.8,127.4375
JVASP-75457,58.87,68.3125
JVASP-26997,168.87,150.375
JVASP-65738,20.27,21.609375
JVASP-58988,26.16,25.140625
JVASP-1186,50.03,62.78125
JVASP-15133,205.54,186.875
JVASP-9161,46.43,54.78125
JVASP-8104,227.63,218.125
JVASP-48609,17.24,18.71875
JVASP-114887,261.49,256.0
JVASP-40784,138.57,152.0
JVASP-5710,22.19,32.0
JVASP-51430,95.18,82.75
JVASP-4957,183.5,171.25
JVASP-29824,99.59,93.8125
JVASP-65741,90.04,91.6875
JVASP-88250,121.79,112.0625
JVASP-35973,68.83,69.6875
JVASP-117597,21.49,17.421875
JVASP-36795,82.09,79.1875
JVASP-23328,118.43,116.375
JVASP-115013,105.04,116.375
JVASP-110608,62.07,59.46875
JVASP-14897,70.63,81.875
JVASP-36054,39.9,37.78125
JVASP-42464,233.54,242.25
JVASP-16627,116.67,107.375
JVASP-20556,198.17,185.25
JVASP-5191,23.67,27.25
JVASP-58905,14.79,16.59375
JVASP-54714,15.86,21.140625
JVASP-19800,198.37,205.875
JVASP-90812,72.07,62.25
JVASP-92703,129.46,135.375
JVASP-67356,204.36,210.5
JVASP-53148,213.53,220.125
JVASP-20598,245.7,254.625
JVASP-31903,10.16,14.3515625
JVASP-8551,100.77,98.25
JVASP-57521,96.23,91.125
JVASP-78638,122.33,129.875
JVASP-40856,103.63,108.5625
JVASP-80105,112.38,111.4375
JVASP-8092,86.77,94.3125
JVASP-101623,61.33,78.125
JVASP-39746,133.67,143.125
JVASP-66300,22.37,21.90625
JVASP-8671,22.11,20.375
JVASP-30466,64.96,80.375
JVASP-99386,53.93,55.4375
JVASP-17716,71.43,82.3125
JVASP-74975,191.73,207.0
JVASP-19907,187.32,185.125
JVASP-8218,48.41,46.4375
JVASP-68787,46.17,39.75
JVASP-36949,74.39,74.6875
JVASP-93361,46.88,53.96875
JVASP-17638,37.03,34.15625
JVASP-118082,-6.66,5.1796875
JVASP-14591,38.57,36.75
JVASP-46539,117.5,101.1875
JVASP-106681,259.42,240.5
JVASP-15082,123.96,137.25
JVASP-74033,87.87,85.125
JVASP-13843,203.71,202.375
JVASP-115157,17.11,15.6484375
JVASP-8174,36.62,36.90625
JVASP-86519,83.3,80.375
JVASP-74436,78.64,67.25
JVASP-71781,147.71,146.5
JVASP-34894,24.31,25.328125
JVASP-88766,93.6,90.0
JVASP-10249,66.43,73.25
JVASP-91802,27.06,23.28125
JVASP-37599,125.17,124.75
JVASP-68749,108.51,101.9375
JVASP-102802,167.43,175.375
JVASP-17724,44.03,45.625
JVASP-122918,25.53,18.453125
JVASP-18153,92.4,90.6875
JVASP-94865,38.97,35.125
JVASP-63,49.01,50.0
JVASP-67569,45.39,60.0625
JVASP-1345,43.73,47.1875
JVASP-861,262.33,290.25
JVASP-46084,92.39,111.8125
JVASP-75023,60.44,61.03125
JVASP-34647,205.69,224.875
JVASP-10039,53.18,50.1875
JVASP-28436,30.28,32.46875
JVASP-28403,33.7,22.234375
JVASP-3099,37.11,34.5
JVASP-110073,80.33,86.9375
JVASP-3114,99.38,97.125
JVASP-22690,47.0,36.625
JVASP-17495,33.87,39.25
JVASP-9813,83.46,102.625
JVASP-71106,75.11,79.5625
JVASP-120206,11.72,11.515625
JVASP-35988,31.73,256.25
JVASP-116199,55.23,68.8125
JVASP-102946,10.83,14.0546875
JVASP-29752,27.37,46.65625
JVASP-18587,89.3,88.125
JVASP-120152,57.4,60.25
JVASP-66056,17.87,16.484375
JVASP-9393,140.46,161.625
JVASP-37905,133.53,149.5
JVASP-68782,115.48,124.8125
JVASP-13896,10.84,14.8515625
JVASP-91630,49.9,47.625
JVASP-71784,137.88,146.375
JVASP-9730,181.9,200.75
JVASP-22726,26.73,20.015625
JVASP-79562,173.2,189.5
JVASP-118338,198.24,234.5
JVASP-2634,130.18,132.25
JVASP-17529,127.84,133.625
JVASP-86038,127.36,116.625
JVASP-9546,76.63,69.0
JVASP-67725,58.02,69.4375
JVASP-117501,7.91,15.6328125
JVASP-7999,70.41,75.5625
JVASP-40811,64.23,60.1875
JVASP-49796,178.77,160.625
JVASP-49908,117.89,147.125
JVASP-7646,131.78,148.875
JVASP-52279,92.89,96.5625
JVASP-114533,20.84,19.34375
JVASP-21527,20.33,10.8984375
JVASP-25812,68.13,66.0
JVASP-34239,77.1,77.0625
JVASP-3579,49.3,46.78125
JVASP-20524,112.74,105.75
JVASP-572,56.66,60.4375
JVASP-29381,96.09,97.0625
JVASP-9198,125.39,126.625
JVASP-11237,22.12,248.0
JVASP-113781,168.92,183.0
JVASP-8179,17.64,58.125
JVASP-26529,-20.08,55.09375
JVASP-19698,117.13,114.25
JVASP-7795,88.68,97.3125
JVASP-7820,52.63,54.625
JVASP-8462,52.63,57.5625
JVASP-8133,118.73,116.6875
JVASP-117980,39.72,39.375
JVASP-26473,134.58,141.625
JVASP-117989,24.08,19.34375
JVASP-4597,60.83,69.25
JVASP-93333,190.77,208.375
JVASP-3684,21.27,19.53125
JVASP-70864,128.41,129.875
JVASP-17348,77.3,149.5
JVASP-14714,238.06,238.25
JVASP-17747,41.33,36.40625
JVASP-101643,54.96,53.1875
JVASP-8637,202.3,222.625
JVASP-28357,61.77,57.65625
JVASP-118678,11.62,16.109375
JVASP-116360,25.32,13.2734375
JVASP-40277,29.33,20.09375
JVASP-11800,80.88,73.5625
JVASP-18779,115.2,121.75
JVASP-110459,41.97,37.53125
JVASP-25653,72.79,78.125
JVASP-99384,57.51,55.5
JVASP-53094,19.03,17.859375
JVASP-8794,81.37,77.1875
JVASP-19739,110.51,116.0
JVASP-16717,129.83,150.5
JVASP-70225,186.47,206.75
JVASP-121237,65.68,62.3125
JVASP-100188,46.27,41.90625
JVASP-38551,48.99,55.0
JVASP-8580,21.47,16.140625
JVASP-8315,30.82,28.1875
JVASP-64873,10.8,12.8359375
JVASP-102875,27.37,18.875
JVASP-29858,92.33,98.8125
JVASP-8198,21.12,26.84375
JVASP-110472,37.97,41.59375
JVASP-8620,189.47,227.0
JVASP-8265,111.42,123.125
JVASP-34634,82.64,73.625
JVASP-71743,111.34,106.75
JVASP-2166,15.17,17.890625
JVASP-117549,37.53,38.03125
JVASP-50984,70.72,66.0
JVASP-9593,77.4,72.1875
JVASP-85685,69.51,65.1875
JVASP-79797,141.27,130.125
JVASP-5560,20.33,22.015625
JVASP-37144,206.83,215.75
JVASP-9535,-7.77,79.0
JVASP-10156,162.99,172.125
JVASP-65221,18.9,16.90625
JVASP-115701,32.01,25.984375
JVASP-68247,33.9,32.96875
JVASP-40635,71.93,77.25
JVASP-53194,28.03,33.59375
JVASP-71947,166.24,199.25
JVASP-17867,89.97,100.375
JVASP-107036,90.3,88.5
JVASP-12933,40.78,43.375
JVASP-7855,55.93,52.78125
JVASP-35166,77.7,90.125
JVASP-42114,87.73,92.0625
JVASP-11440,65.11,64.9375
JVASP-74209,147.03,162.5
JVASP-78576,35.84,28.59375
JVASP-21161,37.77,38.25
JVASP-19364,136.14,136.875
JVASP-99608,30.2,29.0625
JVASP-74807,132.56,128.625
JVASP-35505,125.1,119.3125
JVASP-68522,32.34,35.15625
JVASP-50724,128.73,127.9375
JVASP-10552,78.97,82.1875
JVASP-29180,29.12,9.5546875
JVASP-117857,33.1,37.125
JVASP-14952,58.53,58.21875
JVASP-1330,204.8,243.75
JVASP-26876,68.83,77.1875
JVASP-42103,96.3,97.5625
JVASP-68271,160.47,174.75
JVASP-12508,72.5,77.4375
JVASP-120153,73.87,66.75
JVASP-119965,8.62,9.8203125
JVASP-41036,143.2,133.875
JVASP-70268,144.99,152.75
JVASP-72807,138.16,136.75
JVASP-21566,48.69,48.875
JVASP-7887,165.31,188.5
JVASP-40996,167.6,181.375
JVASP-15325,135.92,134.625
JVASP-120971,33.03,37.28125
JVASP-44000,90.23,100.6875
JVASP-64712,10.93,11.109375
JVASP-68391,19.98,182.0
JVASP-7808,39.14,37.90625
JVASP-99256,179.84,179.5
JVASP-44349,137.69,130.125
JVASP-20091,173.33,188.125
JVASP-21011,0.0,99.125
JVASP-110868,193.03,222.375
JVASP-18924,218.57,221.25
JVASP-39121,74.87,84.5
JVASP-9771,138.9,153.25
JVASP-68572,29.97,28.890625
JVASP-11013,82.54,88.0
JVASP-10536,112.74,135.125
JVASP-35223,78.63,84.875
JVASP-15224,152.2,147.375
JVASP-117575,12.38,12.6796875
JVASP-12393,85.8,101.25
JVASP-17687,49.33,52.6875
JVASP-90358,40.71,28.453125
JVASP-37779,92.2,96.3125
JVASP-112944,74.5,61.625
JVASP-601,58.69,63.34375
JVASP-64036,10.07,16.484375
JVASP-121285,45.93,50.9375
JVASP-30191,20.38,26.453125
JVASP-11495,53.03,45.375
JVASP-59297,65.92,80.8125
JVASP-115879,34.98,34.8125
JVASP-10124,14.47,18.78125
JVASP-71201,68.38,91.9375
JVASP-117994,29.16,29.34375
JVASP-54739,51.3,53.21875
JVASP-96088,3.54,81.3125
JVASP-91586,88.01,85.4375
JVASP-37055,140.07,158.625
JVASP-65052,138.9,143.5
JVASP-114451,55.46,68.1875
JVASP-118089,60.73,57.875
JVASP-9084,32.61,27.34375
JVASP-10542,25.51,29.1875
JVASP-115274,-1.8,-2.5078125
JVASP-25311,94.53,87.75
JVASP-15960,156.68,158.375
JVASP-9766,101.49,98.125
JVASP-16868,80.47,81.5625
JVASP-35908,30.14,35.84375
JVASP-40924,66.7,68.0625
JVASP-117531,31.96,27.109375
JVASP-36424,63.33,74.75
JVASP-28846,5.02,17.46875
JVASP-94937,88.54,104.5
JVASP-8433,33.18,39.46875
JVASP-11119,2.28,184.25
JVASP-10550,18.02,20.84375
JVASP-16930,49.36,38.03125
JVASP-86700,51.2,47.90625
JVASP-41451,260.07,289.25
JVASP-90729,80.03,130.5
JVASP-51448,40.13,39.0
JVASP-21716,136.03,141.125
JVASP-20081,83.63,94.5625
JVASP-2388,114.81,113.0625
JVASP-69189,18.6,19.75
JVASP-116398,45.52,52.75
JVASP-16788,55.33,52.375
JVASP-2106,20.18,25.53125
JVASP-67819,46.08,51.8125
JVASP-10490,93.67,121.1875
JVASP-17489,157.52,146.0
JVASP-65148,182.74,180.875
JVASP-106280,156.17,189.875
JVASP-92166,193.13,203.5
JVASP-9179,27.93,25.875
JVASP-85534,26.37,27.125
JVASP-115912,20.0,20.0
JVASP-1420,20.47,18.453125
JVASP-118098,19.34,15.109375
JVASP-40791,118.97,133.75
JVASP-115610,25.92,31.1875
JVASP-100056,38.4,36.1875
JVASP-8189,209.07,228.0
JVASP-9075,31.34,31.609375
JVASP-107901,16.4,23.78125
JVASP-103496,135.53,111.0625
JVASP-121053,32.67,44.96875
JVASP-30271,75.16,65.375
JVASP-7773,171.68,185.25
JVASP-20074,54.89,63.75
JVASP-117755,18.54,19.921875
JVASP-115443,63.26,76.75
JVASP-15898,293.81,316.75
JVASP-79621,1.16,5.546875
JVASP-14732,114.43,114.625
JVASP-46777,68.69,72.25
JVASP-14217,15.66,19.71875
JVASP-105862,212.67,186.75
JVASP-17511,52.36,51.28125
JVASP-17516,83.88,89.1875
JVASP-114329,59.08,81.5625
JVASP-70772,207.06,183.875
JVASP-118349,51.66,50.0625
JVASP-123005,66.9,59.53125
JVASP-41868,142.03,140.0
JVASP-4316,299.34,308.0
JVASP-22236,169.71,162.25
JVASP-67952,0.0,80.0625
JVASP-5362,11.8,14.8203125
JVASP-11793,52.99,61.84375
JVASP-25625,37.14,31.140625
JVASP-15290,117.0,118.625
JVASP-15812,67.62,62.96875
JVASP-53439,48.24,46.03125
JVASP-115154,42.83,47.78125
JVASP-35793,150.43,139.125
JVASP-35462,48.29,55.78125
JVASP-69081,7.19,8.5546875
JVASP-66365,14.43,14.265625
JVASP-66836,68.03,65.3125
JVASP-67720,36.46,37.1875
JVASP-105986,180.37,192.625
JVASP-14810,55.79,53.71875
JVASP-52653,219.23,202.0
JVASP-19685,99.13,99.625
JVASP-67635,56.04,57.59375
JVASP-16274,132.46,134.0
JVASP-85041,14.24,11.3984375
JVASP-118571,13.82,13.4453125
JVASP-36478,26.2,24.703125
JVASP-34322,112.92,134.5
JVASP-92192,139.43,134.75
JVASP-91716,114.04,99.0625
JVASP-15956,24.97,25.34375
JVASP-57251,24.76,23.171875
JVASP-16515,101.39,99.8125
JVASP-60687,24.63,22.59375
JVASP-19792,179.7,183.375
JVASP-17733,146.37,130.25
JVASP-15132,96.33,89.75
JVASP-74967,27.13,24.375
JVASP-14286,187.31,181.0
JVASP-71027,221.51,214.25
JVASP-96514,16.49,20.953125
JVASP-36778,83.41,93.3125
JVASP-67848,167.46,167.875
JVASP-90791,82.67,78.75
JVASP-117690,18.04,26.671875
JVASP-9987,145.73,147.25
JVASP-12488,54.73,55.125
JVASP-38803,83.2,79.625
JVASP-70748,203.19,206.875
JVASP-117761,9.04,10.46875
JVASP-117733,-0.78,-3.3007812
JVASP-9428,81.53,81.0625
JVASP-14956,37.66,30.90625
JVASP-26975,195.71,170.5
JVASP-12792,20.28,29.28125
JVASP-39019,230.8,221.375
JVASP-11344,136.27,140.25
JVASP-117772,38.39,38.75
JVASP-828,210.26,213.25
JVASP-66754,68.1,58.125
JVASP-20485,59.84,66.1875
JVASP-18638,63.0,72.5625
JVASP-93834,85.43,75.8125
JVASP-74174,102.28,109.1875
JVASP-1441,105.3,108.1875
JVASP-28539,62.96,56.125
JVASP-2062,40.17,34.375
JVASP-37761,62.04,74.125
JVASP-17718,164.58,159.5
JVASP-74741,47.03,41.46875
JVASP-12904,8.67,7.0429688
JVASP-23841,192.24,198.25
JVASP-117804,21.56,42.46875
JVASP-50694,63.84,75.25
JVASP-40731,93.2,87.25
JVASP-22615,129.64,141.75
JVASP-70279,100.18,97.4375
JVASP-92716,25.26,25.875
JVASP-79803,44.49,40.4375
JVASP-38650,35.6,27.171875
JVASP-22646,22.79,27.140625
JVASP-100047,134.94,126.75
JVASP-16583,136.07,129.875
JVASP-50400,15.12,19.4375
JVASP-120170,143.11,178.0
JVASP-55136,212.73,217.75
JVASP-5824,39.61,36.6875
JVASP-117087,172.39,175.875
JVASP-86782,63.08,64.5
JVASP-37160,57.07,55.8125
JVASP-54689,19.06,30.953125
JVASP-110487,27.26,25.96875
JVASP-93482,181.72,184.375
JVASP-35750,154.78,162.625
JVASP-118627,63.92,83.4375
JVASP-65770,29.43,31.015625
JVASP-52200,56.39,65.6875
JVASP-8003,57.1,57.34375
JVASP-85435,43.11,52.5
JVASP-18174,176.78,174.375
JVASP-51568,150.4,158.75
JVASP-8222,93.82,99.125
JVASP-52797,119.9,119.375
JVASP-10674,141.33,151.375
JVASP-70906,108.38,97.375
JVASP-71214,183.76,174.625
JVASP-57560,45.59,51.34375
JVASP-38932,76.97,82.3125
JVASP-38507,21.73,22.25
JVASP-115300,67.36,57.59375
JVASP-22535,22.06,24.609375
JVASP-1109,32.47,24.90625
JVASP-117758,0.27,2.9472656
JVASP-101537,34.22,29.65625
JVASP-26746,13.0,16.140625
JVASP-8366,27.13,30.65625
JVASP-20538,254.02,257.25
JVASP-42142,44.5,45.09375
JVASP-41491,106.23,96.25
JVASP-4636,38.63,0.3371582
JVASP-9398,178.87,167.125
JVASP-28699,40.43,36.9375
JVASP-14398,92.28,90.5
JVASP-37145,228.17,234.125
JVASP-5125,51.46,60.40625
JVASP-57562,74.34,77.4375
JVASP-2592,25.47,31.421875
JVASP-30123,114.28,101.9375
JVASP-8317,115.78,118.4375
JVASP-69262,7.27,7.4882812
JVASP-3621,52.33,54.28125
JVASP-2268,97.93,104.3125
JVASP-30454,127.8,157.5
JVASP-71373,70.91,81.25
JVASP-74732,45.1,57.40625
JVASP-71956,290.34,277.5
JVASP-91711,42.62,43.6875
JVASP-116142,32.72,27.703125
JVASP-25362,95.39,111.1875
JVASP-34674,41.54,56.96875
JVASP-99847,49.03,56.9375
JVASP-99759,33.36,25.75
JVASP-22718,33.26,31.875
JVASP-53032,246.74,255.875
JVASP-20557,69.89,83.875
JVASP-81708,99.34,101.5625
JVASP-8556,20.03,39.125
JVASP-28527,31.84,30.140625
JVASP-11143,50.43,60.4375
JVASP-16111,106.7,120.5
JVASP-31181,13.08,111.875
JVASP-101160,26.53,18.34375
JVASP-99027,12.49,10.9375
JVASP-74227,4.52,106.5
JVASP-36951,168.2,184.875
JVASP-15222,138.28,152.625
JVASP-14961,82.22,88.375
JVASP-30573,84.48,81.75
JVASP-17983,53.07,59.78125
JVASP-15104,182.77,223.625
JVASP-13840,73.66,82.6875
JVASP-18243,131.57,143.75
JVASP-9744,39.81,45.40625
JVASP-25100,58.82,68.375
JVASP-114161,22.33,25.1875
JVASP-12563,35.03,37.84375
JVASP-106348,155.9,161.25
JVASP-48312,54.19,57.625
JVASP-12986,16.79,10.5703125
JVASP-106847,172.92,170.25
JVASP-65694,26.7,28.953125
JVASP-13754,51.89,64.375
JVASP-50312,77.36,108.625
JVASP-67420,73.69,68.1875
JVASP-35968,76.93,86.375
JVASP-36165,35.07,41.71875
JVASP-74252,47.88,52.3125
JVASP-14156,86.36,100.625
JVASP-12727,25.12,30.40625
JVASP-67301,70.88,114.125
JVASP-69145,31.57,32.90625
JVASP-65725,88.62,91.125
JVASP-110003,41.71,45.21875
JVASP-36871,32.53,39.6875
JVASP-106251,45.28,49.40625
JVASP-7807,165.6,187.875
JVASP-40204,60.69,72.1875
JVASP-14608,7.73,7.71875
JVASP-16725,164.17,184.0
JVASP-36754,108.03,115.5625
JVASP-40123,216.87,239.25
JVASP-29171,5.23,39.375
JVASP-3081,25.66,28.03125
JVASP-67011,49.77,62.5
JVASP-115233,37.21,36.0
JVASP-16913,26.67,32.9375
JVASP-20375,222.74,228.5
JVASP-40532,228.47,237.75
JVASP-36876,50.27,56.0
JVASP-36487,27.4,27.734375
JVASP-3465,25.6,28.46875
JVASP-32974,22.97,30.953125
JVASP-13740,73.7,90.0625
JVASP-10205,77.32,81.875
JVASP-9737,94.22,103.8125
JVASP-36262,62.0,84.5625
JVASP-21618,96.03,111.0
JVASP-114775,18.01,21.171875
JVASP-16285,50.37,60.125
JVASP-4807,88.38,99.375
JVASP-94963,56.46,65.8125
JVASP-12181,24.02,23.890625
JVASP-12725,23.47,31.40625
JVASP-3750,22.17,26.203125
JVASP-65804,21.33,22.78125
JVASP-12887,16.72,18.3125
JVASP-49842,99.42,103.4375
JVASP-20498,205.53,213.375
JVASP-28647,3.92,37.5
JVASP-106383,69.03,68.9375
JVASP-19712,37.73,42.34375
JVASP-118920,40.78,50.09375
JVASP-46902,146.71,149.0
JVASP-108780,59.51,61.25
JVASP-85698,124.86,142.875
JVASP-120905,21.24,14.109375
JVASP-12576,15.87,22.296875
JVASP-21492,163.37,176.5
JVASP-16336,132.23,148.875
JVASP-57507,52.17,47.375
JVASP-106023,31.07,36.5625
JVASP-116495,88.01,97.625
JVASP-15984,231.04,251.875
JVASP-86754,14.1,11.0859375
JVASP-14677,53.06,67.0
JVASP-37554,177.4,185.5
JVASP-69332,60.97,56.53125
JVASP-105887,93.74,103.5
JVASP-15220,112.8,133.0
JVASP-20891,22.41,28.484375
JVASP-101034,110.17,135.875
JVASP-28463,60.74,55.03125
JVASP-36821,68.74,73.0
JVASP-4186,23.67,27.828125
JVASP-2691,80.59,81.625
JVASP-17521,42.6,38.34375
JVASP-14728,40.18,52.40625
JVASP-15203,143.3,159.0
JVASP-8458,132.33,131.5
JVASP-16475,63.7,65.25
JVASP-67477,55.47,57.53125
JVASP-38333,41.9,40.09375
JVASP-14928,210.23,207.0
JVASP-75555,1.23,-1.5292969
JVASP-111250,106.2,131.125
JVASP-21208,12.53,14.75
JVASP-11355,56.64,52.6875
JVASP-70707,172.59,171.125
JVASP-110049,88.38,125.125
JVASP-67763,39.28,31.859375
JVASP-68017,227.07,199.125
JVASP-10916,102.02,80.1875
JVASP-118659,24.64,20.734375
JVASP-75726,0.19,138.625
JVASP-18688,179.37,166.0
JVASP-26366,85.86,84.1875
JVASP-51167,190.7,161.875
JVASP-92215,65.06,69.0
JVASP-71462,0.0,48.375
JVASP-22676,7.96,14.6171875
JVASP-104933,47.96,45.875
JVASP-54711,17.12,22.484375
JVASP-65590,0.0,18.484375
JVASP-79628,45.8,52.71875
JVASP-99949,45.52,47.375
JVASP-29030,6.72,6.4023438
JVASP-17194,201.07,169.375
JVASP-15559,214.43,192.375
JVASP-51708,97.03,85.5
JVASP-99940,101.16,113.25
JVASP-10884,24.07,24.375
JVASP-66162,19.9,27.15625
JVASP-20626,221.93,201.375
JVASP-14724,253.9,228.0
JVASP-122940,88.93,76.5
JVASP-25153,280.73,239.0
JVASP-87125,40.91,42.21875
JVASP-85542,60.1,55.5625
JVASP-37046,127.17,130.625
JVASP-19772,256.12,207.875
JVASP-15365,71.58,65.9375
JVASP-65571,18.93,20.421875
JVASP-110419,105.37,107.4375
JVASP-29023,6.29,24.15625
JVASP-36873,98.97,99.25
JVASP-14769,186.7,171.75
JVASP-116151,69.79,65.125
JVASP-39672,213.43,193.75
JVASP-58400,20.0,25.234375
JVASP-120336,42.5,39.8125
JVASP-19936,294.72,257.75
JVASP-86522,47.12,45.6875
JVASP-54762,28.1,33.59375
JVASP-16618,77.87,84.4375
JVASP-54726,83.97,81.0625
JVASP-103723,45.51,69.3125
JVASP-102530,117.2,113.875
JVASP-85193,34.08,59.09375
JVASP-9678,147.14,143.875
JVASP-35704,58.54,57.09375
JVASP-20068,284.18,277.0
JVASP-99938,32.37,36.5
JVASP-91938,65.29,66.75
JVASP-117665,68.31,73.875
JVASP-21783,96.57,105.0
JVASP-71935,190.67,194.375
JVASP-30545,35.34,35.9375
JVASP-39434,16.4,17.765625
JVASP-275,123.32,117.5
JVASP-106668,224.2,181.75
JVASP-110443,56.57,105.875
JVASP-15093,135.81,129.125
JVASP-19649,95.03,90.0625
JVASP-29526,0.0,60.625
JVASP-21054,126.82,130.625
JVASP-115204,41.07,35.0
JVASP-90675,197.87,167.75
JVASP-16841,99.26,99.5
JVASP-86547,13.17,10.5234375
JVASP-70867,0.0,71.4375
JVASP-16712,85.02,90.875
JVASP-23890,43.18,38.9375
JVASP-16213,192.17,180.0
JVASP-65591,26.5,23.4375
JVASP-72,74.31,74.3125
JVASP-93344,66.2,69.5625
JVASP-2322,44.91,51.125
JVASP-105774,15.34,14.328125
JVASP-39379,214.47,220.25
JVASP-102282,20.71,29.453125
JVASP-86420,119.8,113.375
JVASP-120029,13.4,14.96875
JVASP-106119,69.13,72.25
JVASP-120157,41.36,46.0625
JVASP-74031,100.63,98.9375
JVASP-9472,158.86,152.25
JVASP-68294,196.11,170.5
JVASP-116291,39.04,40.875
JVASP-18150,156.66,133.625
JVASP-91891,42.3,37.875
JVASP-29143,37.32,27.578125
JVASP-42088,111.87,110.625
JVASP-18085,89.49,111.4375
JVASP-35199,92.58,106.4375
JVASP-67935,77.52,75.6875
JVASP-100174,64.23,54.8125
JVASP-8107,221.0,206.25
JVASP-18163,54.9,61.75
JVASP-51669,23.27,28.8125
JVASP-26727,49.61,47.78125
JVASP-85689,40.73,44.75
JVASP-71688,166.09,157.875
JVASP-75566,1.24,80.25
JVASP-28504,24.04,21.203125
JVASP-15460,68.16,80.3125
JVASP-16060,159.11,143.75
JVASP-15201,134.12,126.8125
JVASP-85738,130.86,123.25
JVASP-10142,20.14,20.015625
JVASP-105706,0.0,16.140625
JVASP-12688,126.38,86.8125
JVASP-2029,12.92,12.984375
JVASP-65698,29.29,46.03125
JVASP-9977,94.12,84.5
JVASP-30601,45.61,38.8125
JVASP-8314,37.0,37.0625
JVASP-115123,64.69,69.8125
JVASP-11604,76.94,79.5625
JVASP-21524,20.07,16.171875
JVASP-74803,50.58,47.875
JVASP-19094,21.98,29.40625
JVASP-90639,42.94,31.8125
JVASP-15339,130.66,123.5
JVASP-35940,77.52,88.9375
JVASP-52600,84.83,79.25
JVASP-20143,146.57,140.875
JVASP-9527,27.46,25.90625
JVASP-93728,127.39,121.625
JVASP-99772,44.92,45.65625
JVASP-39442,40.81,40.90625
JVASP-25301,51.33,40.40625
JVASP-92566,122.06,117.75
JVASP-10472,189.02,173.75
JVASP-67068,48.3,44.125
JVASP-54794,67.37,69.1875
JVASP-8073,127.5,132.5
JVASP-121267,43.69,42.1875
JVASP-16255,92.72,86.375
JVASP-9485,111.53,106.8125
JVASP-115057,74.73,78.9375
JVASP-37057,115.03,124.9375
JVASP-10221,196.48,200.5
JVASP-11725,131.76,128.875
JVASP-10660,189.96,180.5
JVASP-95288,32.03,32.1875
JVASP-115883,80.56,72.1875
JVASP-103351,131.4,128.0
JVASP-16553,59.63,61.1875
JVASP-10317,100.26,78.1875
JVASP-56205,152.21,166.375
JVASP-78875,16.2,15.625
JVASP-121121,37.5,30.984375
JVASP-9727,70.79,62.78125
JVASP-21834,0.0,87.6875
JVASP-118030,47.99,44.78125
JVASP-74988,42.64,34.375
JVASP-67877,189.1,190.875
JVASP-34214,145.52,139.0
JVASP-19787,47.83,45.0
JVASP-37391,78.1,82.3125
JVASP-35839,87.84,80.1875
JVASP-14667,174.03,153.125
JVASP-69288,24.58,17.953125
JVASP-1561,113.96,115.375
JVASP-17395,138.91,131.625
JVASP-62946,241.06,237.625
JVASP-30630,122.1,123.3125
JVASP-115529,14.52,20.53125
JVASP-38585,37.67,37.65625
JVASP-64914,114.23,114.9375
JVASP-36237,297.53,252.0
JVASP-35757,117.13,112.125
JVASP-25802,71.03,71.4375
JVASP-118212,73.36,72.375
JVASP-29170,41.4,32.5
JVASP-13846,194.12,174.375
JVASP-14392,106.82,130.5
JVASP-92631,19.56,21.078125
JVASP-14117,18.86,20.59375
JVASP-28993,2.18,10.546875
JVASP-106060,44.53,59.21875
JVASP-29829,60.84,61.0
JVASP-53295,94.17,109.25
JVASP-4804,22.4,20.0625
JVASP-18737,26.94,26.421875
JVASP-52734,225.58,230.75
JVASP-36811,96.84,80.9375
JVASP-28901,3.98,6.484375
JVASP-101401,130.0,123.6875
JVASP-18650,28.19,20.078125
JVASP-106961,31.2,54.65625
JVASP-1546,92.11,78.3125
JVASP-12807,21.56,20.09375
JVASP-85382,83.58,76.625
JVASP-36314,271.0,277.5
JVASP-7635,111.76,116.375
JVASP-4083,14.77,13.578125
JVASP-70598,61.31,62.375
JVASP-13827,210.82,220.25
JVASP-25407,280.96,265.0
JVASP-13764,0.0,76.0
JVASP-101741,36.03,39.0
JVASP-15426,133.24,124.125
JVASP-3069,57.14,61.84375
JVASP-19386,157.59,147.625
JVASP-15490,92.9,99.4375
JVASP-15345,179.17,157.875
JVASP-14322,26.82,15.328125
JVASP-9742,130.64,106.375
JVASP-96148,56.12,50.09375
JVASP-94421,45.5,44.71875
JVASP-86548,27.4,41.75
JVASP-228,51.32,69.9375
JVASP-114578,71.46,65.0625
JVASP-66845,154.3,137.5
JVASP-18860,85.33,84.1875
JVASP-12310,63.11,63.96875
JVASP-99616,182.93,177.25
JVASP-120197,64.57,51.0
JVASP-115683,40.22,40.53125
JVASP-114366,50.2,39.75
JVASP-57264,60.84,66.5625
JVASP-13971,105.11,121.625
JVASP-107233,36.01,97.9375
JVASP-114444,135.56,139.375
JVASP-65751,85.13,36.8125
JVASP-16497,251.47,217.5
JVASP-39448,184.2,170.5
JVASP-36123,37.97,42.03125
JVASP-61992,141.19,124.75
JVASP-21731,121.03,130.375
JVASP-40773,159.77,156.0
JVASP-71055,0.0,106.5
JVASP-18313,62.5,70.875
JVASP-67800,105.5,121.5625
JVASP-70858,69.33,51.90625
JVASP-110230,33.33,23.3125
JVASP-29194,27.46,11.0703125
JVASP-85961,13.34,15.2421875
JVASP-69201,17.07,17.515625
JVASP-74877,185.37,217.25
JVASP-10150,27.17,30.109375
JVASP-114253,87.71,65.875
JVASP-58930,35.76,24.390625
JVASP-75829,62.5,37.21875
JVASP-19836,177.92,170.25
JVASP-20437,2.76,39.46875
JVASP-15035,222.77,245.25
JVASP-66910,93.63,97.125
JVASP-118866,33.13,12.53125
JVASP-36919,86.63,91.0
JVASP-118485,134.97,124.875
JVASP-67204,63.1,70.5
JVASP-41209,245.43,210.75
JVASP-39985,179.93,179.0
JVASP-93897,136.21,127.625
JVASP-67965,52.32,48.125
JVASP-68072,118.9,98.875
JVASP-114615,-2.79,2.3066406
JVASP-11301,71.74,73.0
JVASP-115498,26.17,25.65625
JVASP-27339,105.49,99.125
JVASP-10139,52.38,59.40625
JVASP-103217,54.9,57.8125
JVASP-107516,66.7,65.3125
JVASP-117471,161.11,150.375
JVASP-25185,13.8,20.78125
JVASP-57079,51.0,50.59375
JVASP-85716,16.43,26.890625
JVASP-17224,124.27,126.875
JVASP-110340,58.23,55.46875
JVASP-44710,150.69,135.25
JVASP-36784,92.61,81.625
JVASP-20093,204.27,179.25
JVASP-8291,156.68,132.625
JVASP-12386,56.33,68.9375
JVASP-75496,129.9,106.8125
JVASP-42928,138.69,109.1875
JVASP-49953,167.26,152.125
JVASP-120149,64.54,63.84375
JVASP-18889,162.87,137.625
JVASP-25391,4.54,2.3925781
JVASP-39766,141.3,120.4375
JVASP-20644,46.17,44.1875
JVASP-118616,43.08,58.46875
JVASP-5662,13.8,18.53125
JVASP-20433,77.86,79.0625
JVASP-15053,201.33,185.25
JVASP-42065,154.13,136.125
JVASP-25515,26.04,18.75
JVASP-121318,81.51,74.9375
JVASP-20426,64.6,64.875
JVASP-12406,134.43,112.0625
JVASP-65608,49.14,51.34375
JVASP-91757,65.1,62.53125
JVASP-43871,143.18,95.0625
JVASP-109378,59.92,59.90625
JVASP-40237,267.0,226.875
JVASP-74721,31.84,31.375
JVASP-107261,161.77,158.5
JVASP-40016,73.73,71.3125
JVASP-100443,106.97,97.9375
JVASP-56749,139.43,124.1875
JVASP-93265,125.01,132.5
JVASP-116202,49.5,44.125
JVASP-5065,52.68,59.53125
JVASP-14830,305.2,292.5
JVASP-15927,154.17,133.125
JVASP-110460,42.57,39.0625
JVASP-30513,73.37,65.75
JVASP-95484,0.0,22.9375
JVASP-8563,22.3,24.90625
JVASP-12560,39.94,36.75
JVASP-115996,30.97,41.28125
JVASP-68976,34.2,29.671875
JVASP-35733,36.54,37.625
JVASP-17881,185.19,158.625
JVASP-9110,413.74,369.0
JVASP-1975,37.52,41.09375
JVASP-3486,26.17,33.03125
JVASP-39740,247.5,235.875
JVASP-40792,147.27,137.0
JVASP-70740,73.78,75.375
JVASP-8629,107.02,94.4375
JVASP-119937,34.11,35.96875
JVASP-117666,16.52,20.0
JVASP-34249,261.73,217.75
JVASP-10719,97.29,90.875
JVASP-86339,117.22,118.4375
JVASP-79391,169.57,149.125
JVASP-121236,51.64,54.4375
JVASP-74093,0.0,74.0625
JVASP-29983,75.53,77.75
JVASP-37013,21.74,21.21875
JVASP-9923,92.43,82.3125
JVASP-36764,82.41,86.875
JVASP-93893,209.83,196.625
JVASP-42140,100.4,98.25
JVASP-25154,41.93,39.5
JVASP-19903,79.47,68.625
JVASP-65260,71.7,58.40625
JVASP-1297,25.67,23.9375
JVASP-48548,65.69,68.875
JVASP-62756,244.83,227.875
JVASP-15395,122.1,113.0
JVASP-69205,87.89,35.34375
JVASP-107234,3.64,6.921875
JVASP-11802,120.44,104.8125
JVASP-113776,205.91,173.375
JVASP-118253,36.9,53.65625
JVASP-19703,120.07,120.25
JVASP-118504,21.83,28.234375
JVASP-19928,80.27,80.5625
JVASP-28469,47.72,21.5625
JVASP-8741,50.63,46.25
JVASP-117680,51.88,34.0
JVASP-29657,51.07,37.125
JVASP-103016,30.73,29.921875
JVASP-11953,210.03,187.5
JVASP-43698,37.49,29.328125
JVASP-74065,56.72,61.0625
JVASP-87220,28.44,33.84375
JVASP-114085,13.84,19.3125
JVASP-22382,160.26,159.75
JVASP-15275,37.29,38.0625
JVASP-22649,16.67,21.65625
JVASP-93844,30.93,27.4375
JVASP-19112,226.67,207.875
JVASP-86704,62.51,59.15625
JVASP-106237,164.16,153.5
JVASP-61768,67.9,71.9375
JVASP-17838,0.87,149.875
JVASP-28886,2.86,2.1738281
JVASP-15482,124.83,138.5
JVASP-34772,29.03,27.703125
JVASP-122903,83.53,79.4375
JVASP-99648,102.54,107.8125
JVASP-837,34.48,37.625
JVASP-79657,57.34,54.6875
JVASP-22629,128.76,127.0
JVASP-9081,97.23,95.875
JVASP-85964,65.58,75.5625
JVASP-4675,318.3,344.25
JVASP-71464,22.21,49.15625
JVASP-90711,58.59,55.0625
JVASP-30508,83.28,95.3125
JVASP-37067,34.44,28.921875
JVASP-71603,185.1,187.5
JVASP-78503,106.5,82.375
JVASP-117493,51.73,41.96875
JVASP-16221,157.23,146.875
JVASP-5851,7.59,37.625
JVASP-8149,15.97,12.9296875
JVASP-93234,146.97,136.375
JVASP-25082,134.8,140.25
JVASP-17428,133.93,135.0
JVASP-115438,-1.36,5.375
JVASP-37122,209.92,186.75
JVASP-99531,180.27,183.75
JVASP-118137,67.47,65.25
JVASP-9607,127.46,124.5
JVASP-118813,21.96,20.90625
JVASP-17676,159.94,153.75
JVASP-43968,70.3,71.6875
JVASP-42876,71.97,63.71875
JVASP-37346,199.8,213.125
JVASP-8444,40.76,36.8125
JVASP-10722,76.94,80.0625
JVASP-51744,23.44,20.03125
JVASP-67381,185.04,180.0
JVASP-17233,223.57,209.5
JVASP-52256,58.92,50.9375
JVASP-67849,210.81,188.375
JVASP-18161,99.02,88.0625
JVASP-114640,135.64,138.75
JVASP-74359,51.69,63.46875
JVASP-66183,14.73,15.40625
JVASP-36809,81.67,88.0
JVASP-36389,32.87,37.46875
JVASP-18268,88.73,88.25
JVASP-45853,56.83,37.96875
JVASP-12636,190.38,165.375
JVASP-26316,78.0,80.0
JVASP-10588,145.87,148.75
JVASP-64565,6.03,8.4375
JVASP-35752,85.69,97.3125
JVASP-62775,0.0,228.625
JVASP-54770,113.44,98.125
JVASP-118237,31.16,31.34375
JVASP-14967,262.44,237.625
JVASP-102087,25.27,19.546875
JVASP-9107,111.87,88.375
JVASP-108896,33.5,38.9375
JVASP-16718,120.84,147.875
JVASP-93868,111.28,106.75
JVASP-118023,44.36,36.84375
JVASP-15570,184.97,181.875
JVASP-3714,43.28,39.21875
JVASP-40063,113.13,103.625
JVASP-16672,87.96,64.625
JVASP-38679,78.37,75.125
JVASP-18328,25.4,28.25
JVASP-20591,68.42,65.5
JVASP-15422,111.61,115.5625
JVASP-10321,102.9,80.625
JVASP-14882,61.1,56.625
JVASP-12177,57.53,52.15625
JVASP-69120,17.07,14.21875
JVASP-25946,35.5,26.8125
JVASP-69134,42.99,29.109375
JVASP-16885,191.7,181.125
JVASP-36828,159.96,154.625
JVASP-189,47.28,55.59375
JVASP-91854,72.73,70.5
JVASP-86661,56.34,43.6875
JVASP-29647,40.07,39.0
JVASP-18481,76.37,58.59375
JVASP-61729,35.27,24.796875
JVASP-116882,59.07,46.0
JVASP-17819,122.76,128.375
JVASP-15691,40.07,36.84375
JVASP-22672,15.27,10.359375
JVASP-66216,21.3,27.015625
JVASP-17613,189.17,194.125
JVASP-121272,43.14,32.03125
JVASP-92649,91.03,88.5
JVASP-71943,64.64,64.1875
JVASP-10016,217.6,211.875
JVASP-71553,109.42,81.5
JVASP-7658,50.44,44.375
JVASP-40602,210.3,183.25
JVASP-106734,14.52,13.5234375
JVASP-115612,24.16,14.3828125
JVASP-16358,86.03,89.6875
JVASP-118687,23.89,19.828125
JVASP-15650,124.54,125.625
JVASP-20404,272.17,234.0
JVASP-15664,126.41,145.875
JVASP-118334,90.13,92.3125
JVASP-15366,47.13,50.15625
JVASP-17466,119.08,103.375
JVASP-12588,86.59,86.8125
JVASP-100535,67.93,79.0625
JVASP-86170,24.79,18.359375
JVASP-70900,155.02,140.375
JVASP-106248,8.31,60.3125
JVASP-64630,14.1,9.8359375
JVASP-71578,69.8,57.21875
JVASP-21017,46.52,36.15625
JVASP-120365,39.9,42.1875
JVASP-93373,321.82,327.5
JVASP-10163,71.74,59.6875
JVASP-28449,26.61,30.625
JVASP-15024,62.72,53.125
JVASP-120217,10.08,9.125
JVASP-75020,52.73,41.8125
JVASP-10228,63.31,58.0
JVASP-68021,187.84,157.5
JVASP-19901,114.17,103.875
JVASP-19963,128.03,122.625
JVASP-14960,191.2,175.25
JVASP-9413,14.32,13.9765625
JVASP-15936,57.63,61.96875
JVASP-7667,104.3,91.3125
JVASP-106363,59.06,43.34375
JVASP-65074,131.03,123.4375
JVASP-65090,50.37,39.375
JVASP-28377,57.91,54.96875
JVASP-35962,181.24,165.625
JVASP-15236,26.63,33.8125
JVASP-72005,220.39,219.0
JVASP-93347,67.73,53.625
JVASP-14778,194.72,184.25
JVASP-30485,34.01,25.5
JVASP-7869,124.02,123.9375
JVASP-74328,100.73,89.125
JVASP-4391,151.08,145.5
JVASP-14662,125.97,125.9375
JVASP-57860,20.42,24.53125
JVASP-43948,50.56,51.78125
JVASP-71099,33.47,43.59375
JVASP-17810,61.4,52.09375
JVASP-10050,182.77,197.5
JVASP-54869,52.92,48.25
JVASP-1222,193.63,201.375
JVASP-61797,13.14,19.25
JVASP-101566,88.77,109.6875
JVASP-100198,112.8,103.125
JVASP-10971,142.32,143.375
JVASP-18723,114.6,104.875
JVASP-12409,72.89,87.25
JVASP-85340,34.79,30.921875
JVASP-15717,193.33,169.5
JVASP-68029,144.73,134.75
JVASP-8236,155.1,140.5
JVASP-18634,94.73,81.75
JVASP-30026,202.3,203.75
JVASP-73958,77.47,76.4375
JVASP-11959,166.27,160.25
JVASP-116993,128.8,115.4375
JVASP-70971,0.0,128.875
JVASP-28580,65.34,55.59375
JVASP-36721,33.43,33.375
JVASP-14067,72.88,68.6875
JVASP-8144,56.3,54.25
JVASP-57098,33.83,35.71875
JVASP-57746,89.21,83.0625
JVASP-29533,19.41,20.171875
JVASP-42052,245.07,221.375
JVASP-100233,53.93,57.375
JVASP-100367,58.49,44.71875
JVASP-99584,62.84,61.5
JVASP-38669,237.7,186.0
JVASP-15990,33.2,41.59375
JVASP-36396,30.97,28.203125
JVASP-28418,48.08,51.78125
JVASP-92752,178.8,177.625
JVASP-29467,29.61,32.96875
JVASP-35746,43.31,30.296875
JVASP-35188,141.0,136.5
JVASP-18933,238.23,213.5
JVASP-89267,138.24,114.4375
JVASP-94418,43.69,44.15625
JVASP-25140,7.73,12.0078125
JVASP-55010,135.29,113.9375
JVASP-3735,35.38,27.765625
JVASP-117972,25.61,20.078125
JVASP-32416,15.38,17.203125
JVASP-12641,67.61,72.1875
JVASP-18665,187.53,186.625
JVASP-43513,57.48,58.9375
JVASP-8337,32.81,46.9375
JVASP-17916,70.69,76.625
JVASP-21013,16.34,22.5625
JVASP-29240,47.46,52.5625
JVASP-75872,0.19,151.75
JVASP-44793,132.07,119.8125
JVASP-120154,73.73,64.1875
JVASP-8320,100.49,95.4375
JVASP-37329,192.98,183.5
JVASP-102066,33.83,26.015625
JVASP-106483,89.57,80.5625
JVASP-116628,137.89,110.25
JVASP-120123,67.12,56.59375
JVASP-9252,43.92,48.25
JVASP-40500,137.47,141.25
JVASP-38174,5.84,7.5585938
JVASP-53460,231.4,234.375
JVASP-20107,50.4,43.0625
JVASP-20243,130.73,125.0625
JVASP-117824,15.67,12.2890625
JVASP-16431,62.9,64.8125
JVASP-10941,134.2,122.0
JVASP-15679,162.8,141.125
JVASP-17646,13.64,18.6875
JVASP-117632,12.27,17.515625
JVASP-8803,30.53,29.125
JVASP-16691,57.38,57.625
JVASP-95643,121.3,116.8125
JVASP-117562,11.62,20.5625
JVASP-115146,11.88,13.640625
JVASP-14187,67.82,88.8125
JVASP-79529,19.21,21.46875
JVASP-10246,35.76,30.171875
JVASP-18609,122.62,115.75
JVASP-16273,120.17,107.6875
JVASP-16412,163.81,139.0
JVASP-40790,130.37,131.875
JVASP-48167,142.7,146.25
JVASP-40068,36.97,31.984375
JVASP-121177,184.38,174.5
JVASP-59640,203.42,203.0
JVASP-85497,89.16,87.875
JVASP-100120,44.2,47.875
JVASP-11299,73.88,73.0
JVASP-57102,43.2,35.03125
JVASP-20416,121.87,105.4375
JVASP-105840,43.17,45.75
JVASP-67265,147.88,139.625
JVASP-14876,116.78,98.5
JVASP-17710,144.17,138.375
JVASP-115506,-0.8,5.8125
JVASP-16089,386.83,333.0
JVASP-68614,96.81,84.1875
JVASP-1381,35.33,32.71875
JVASP-1729,101.44,106.5
JVASP-7809,245.97,206.125
JVASP-62279,13.62,12.921875
JVASP-86639,86.54,86.0625
JVASP-4002,28.3,33.75
JVASP-75806,1.23,5.8320312
JVASP-8139,58.67,53.0625
JVASP-40776,139.5,136.25
JVASP-105213,91.57,85.375
JVASP-12459,20.69,21.828125
JVASP-117927,146.29,164.125
JVASP-20095,92.17,88.3125
JVASP-93740,161.34,157.0
JVASP-65216,99.75,62.21875
JVASP-15385,103.94,111.75
JVASP-85711,111.77,104.5625
JVASP-17809,166.13,164.875
JVASP-105975,70.49,65.625
JVASP-8201,92.72,97.875
JVASP-77136,37.12,35.875
JVASP-57781,74.52,69.8125
JVASP-80498,39.5,34.65625
JVASP-114776,31.11,27.734375
JVASP-79821,196.06,190.375
JVASP-17920,136.99,127.25
JVASP-75491,116.5,125.75
JVASP-52489,19.93,17.015625
JVASP-8044,94.1,98.4375
JVASP-12757,35.36,36.40625
JVASP-25170,1.29,4.5742188
JVASP-39150,19.83,22.796875
JVASP-2091,59.02,48.0
JVASP-15341,101.37,93.625
JVASP-17694,35.43,40.21875
JVASP-54948,71.6,57.875
JVASP-37185,233.6,219.0
JVASP-115136,13.89,16.203125
JVASP-15980,73.83,69.0625
JVASP-69208,22.39,20.109375
JVASP-11441,66.49,70.3125
JVASP-18047,55.37,64.3125
JVASP-15928,51.76,56.3125
JVASP-8727,20.19,179.625
JVASP-121034,30.09,32.96875
JVASP-111796,180.09,180.0
JVASP-155,64.63,55.90625
JVASP-111486,0.0,185.0
JVASP-8694,23.83,20.75
JVASP-118392,9.99,45.875
JVASP-111609,2.19,51.53125
JVASP-85348,86.94,100.9375
JVASP-10151,2.84,158.75
JVASP-78675,142.37,136.125
JVASP-1456,56.18,60.0
JVASP-12348,98.41,104.125
JVASP-51207,118.67,115.875
JVASP-10358,126.92,114.5625
JVASP-12934,41.92,40.8125
JVASP-14703,286.57,264.0
JVASP-92532,94.01,92.0625
JVASP-108678,60.61,55.75
JVASP-42701,186.91,198.75
JVASP-15993,90.61,89.9375
JVASP-72010,39.53,42.625
JVASP-78588,54.4,47.5
JVASP-9919,122.56,108.8125
JVASP-118342,146.47,163.625
JVASP-16408,26.31,20.1875
JVASP-17808,0.0,42.90625
JVASP-78799,35.67,37.90625
JVASP-17411,51.68,36.28125
JVASP-30040,31.5,30.640625
JVASP-85704,23.72,23.703125
JVASP-113742,43.92,51.78125
JVASP-41308,41.27,42.1875
JVASP-17841,162.07,173.625
JVASP-78629,132.43,124.5
JVASP-29560,59.37,50.1875
JVASP-110520,59.51,65.0
JVASP-14523,147.0,138.375
JVASP-10353,108.43,100.5625
JVASP-94836,133.06,121.5
JVASP-18287,139.33,146.375
JVASP-8662,50.74,57.59375
JVASP-40231,118.8,126.25
JVASP-28559,39.07,38.78125
JVASP-54708,25.36,22.140625
JVASP-14585,65.3,64.75
JVASP-70782,101.38,70.125
JVASP-16080,281.13,259.5
JVASP-16294,44.6,39.84375
JVASP-120220,19.39,19.9375
JVASP-21583,147.32,139.375
JVASP-14963,81.9,81.5625
JVASP-115849,41.56,57.09375
JVASP-116319,59.09,56.625
JVASP-39536,64.07,62.5
JVASP-61470,56.74,65.9375
JVASP-28498,48.78,20.5625
JVASP-17644,143.91,147.625
JVASP-15380,172.26,143.25
JVASP-65563,30.32,27.828125
JVASP-21196,13.93,16.203125
JVASP-9895,76.84,160.5
JVASP-28985,5.03,8.9375
JVASP-3231,41.99,36.46875
JVASP-85971,33.92,27.703125
JVASP-86276,160.57,146.75
JVASP-118251,72.43,60.09375
JVASP-35893,163.61,168.25
JVASP-93250,204.97,213.0
JVASP-104573,88.32,104.0
JVASP-14764,89.84,89.5
JVASP-16823,35.91,36.09375
JVASP-87098,18.89,18.734375
JVASP-74665,91.34,91.6875
JVASP-99746,51.29,49.375
JVASP-36255,75.77,84.125
JVASP-20134,100.86,103.625
JVASP-101163,75.06,73.0625
JVASP-16748,52.53,48.75
JVASP-9795,123.58,120.9375
JVASP-38201,9.07,12.1015625
JVASP-36415,102.84,93.25
JVASP-29599,34.7,22.703125
JVASP-103426,185.52,149.0
JVASP-54998,159.74,156.0
JVASP-66494,14.87,16.90625
JVASP-44746,119.81,136.375
JVASP-54821,16.94,17.375
JVASP-14874,104.18,104.3125
JVASP-14978,107.73,103.4375
JVASP-92617,174.93,159.875
JVASP-117850,12.23,15.625
JVASP-10548,67.63,67.5
JVASP-38178,18.3,26.578125
JVASP-34227,33.28,41.875
JVASP-36304,57.27,53.90625
JVASP-49977,43.0,43.1875
JVASP-12383,55.66,53.375
JVASP-15083,99.18,102.6875
JVASP-15228,185.57,184.0
JVASP-90642,68.6,65.5
JVASP-8763,45.24,46.59375
JVASP-17394,82.23,80.9375
JVASP-5476,16.6,18.015625
JVASP-114039,17.4,22.421875
JVASP-17425,171.3,166.25
JVASP-15713,118.91,126.6875
JVASP-114761,21.98,50.3125
JVASP-22656,11.46,16.75
JVASP-116320,27.93,33.46875
JVASP-21559,68.87,65.0
JVASP-11815,68.73,71.875
JVASP-30064,33.48,38.71875
JVASP-67155,215.3,185.625
JVASP-99903,57.49,197.5
JVASP-91597,136.62,139.875
JVASP-16248,88.04,87.0
JVASP-5161,82.71,79.0
JVASP-117965,64.63,77.0625
JVASP-14933,125.98,120.9375
JVASP-1489,113.42,114.5
JVASP-91926,27.91,27.546875
JVASP-75856,191.1,174.625
JVASP-18105,70.29,71.75
JVASP-101433,88.52,90.0
JVASP-10745,152.56,150.5
JVASP-69521,168.01,162.375
JVASP-100244,35.18,29.078125
JVASP-11198,125.03,126.625
JVASP-100057,36.22,33.5625
JVASP-12197,102.88,109.375
JVASP-11978,238.23,212.0
JVASP-17195,238.0,219.875
JVASP-7736,253.6,206.25
JVASP-41439,135.93,129.25
JVASP-14693,43.6,35.15625
JVASP-43367,222.86,219.25
JVASP-94281,148.0,139.0
JVASP-3498,30.64,34.375
JVASP-99683,56.87,43.0
JVASP-28502,58.51,48.53125
JVASP-20595,95.9,95.1875
JVASP-20594,76.13,81.6875
JVASP-18884,68.09,64.3125
JVASP-118117,44.34,48.34375
JVASP-37175,28.93,38.53125
JVASP-107696,240.96,233.75
JVASP-105849,34.8,32.5
JVASP-25662,102.59,105.875
JVASP-37603,96.83,96.75
JVASP-58405,105.93,103.0
JVASP-15362,124.19,126.0625
JVASP-67917,89.17,91.8125
JVASP-30290,43.04,29.921875
JVASP-10094,69.17,78.375
JVASP-47509,66.31,53.40625
JVASP-30510,44.11,40.9375
JVASP-110238,104.97,92.5625
JVASP-110745,46.01,51.84375
JVASP-4858,29.24,32.5
JVASP-78752,49.63,47.84375
JVASP-8176,39.22,31.28125
JVASP-117583,12.77,17.515625
JVASP-37608,130.33,118.6875
JVASP-70264,102.48,104.125
JVASP-75826,1.23,-7.2265625
JVASP-9592,69.13,68.9375
JVASP-8591,19.07,16.0
JVASP-114885,242.37,261.5
JVASP-51695,30.93,33.0
JVASP-18625,151.49,132.875
JVASP-120889,75.24,88.1875
JVASP-7654,58.51,61.34375
JVASP-29172,4.03,26.015625
JVASP-38036,50.4,55.8125
JVASP-86789,24.12,34.4375
JVASP-69713,153.14,148.25
JVASP-18501,30.71,32.375
JVASP-38092,44.5,43.59375
JVASP-28579,4.67,30.125
JVASP-28876,5.4,42.8125
JVASP-16352,118.17,119.375
JVASP-100594,37.43,32.625
JVASP-30687,38.18,62.75
JVASP-38043,172.51,187.125
JVASP-25379,1.5,11.9921875
JVASP-14878,335.1,281.75
JVASP-4201,19.27,22.234375
JVASP-118109,24.82,24.671875
JVASP-37256,68.76,66.3125
JVASP-11292,148.83,115.0625
JVASP-17458,138.13,183.375
JVASP-74863,171.3,170.875
JVASP-1354,74.13,72.9375
JVASP-12873,52.82,65.0
JVASP-18115,60.69,63.3125
JVASP-14902,59.23,50.21875
JVASP-2163,74.41,77.6875
JVASP-35662,88.97,91.4375
JVASP-100208,50.5,50.65625
JVASP-17971,103.08,104.25
JVASP-9254,131.19,137.5
JVASP-68218,46.43,94.0
JVASP-11149,177.56,183.875
JVASP-85781,16.67,20.921875
JVASP-9534,77.62,74.5
JVASP-39455,258.5,219.625
JVASP-4282,13.1,22.34375
JVASP-56327,80.83,73.6875
JVASP-35784,200.87,166.125
JVASP-33828,13.0,17.984375
JVASP-100343,160.59,165.5
JVASP-91528,117.24,114.0625
JVASP-22891,45.03,43.0625
JVASP-87166,127.2,135.125
JVASP-121016,37.51,40.625
JVASP-16331,52.82,47.71875
JVASP-53396,189.39,223.75
JVASP-114618,74.76,66.5
JVASP-19944,154.0,136.375
JVASP-10259,81.84,84.625
JVASP-16753,90.82,85.875
JVASP-2217,35.06,23.78125
JVASP-105971,199.63,197.25
JVASP-118845,65.17,66.0
JVASP-39785,169.07,143.875
JVASP-51436,59.49,70.375
JVASP-3798,17.71,16.875
JVASP-116574,80.74,69.8125
JVASP-1375,55.82,62.03125
JVASP-23550,83.03,76.9375
JVASP-42689,35.67,42.9375
JVASP-110481,161.7,149.375
JVASP-17686,86.87,93.875
JVASP-114532,30.34,26.09375
JVASP-67139,100.8,91.1875
JVASP-12483,33.97,30.453125
JVASP-43386,136.84,116.4375
JVASP-99885,54.92,57.84375
JVASP-29011,6.41,23.8125
JVASP-44993,138.57,159.25
JVASP-16784,222.7,213.25
JVASP-15453,133.17,137.5
JVASP-71652,197.11,188.375
JVASP-94994,52.34,49.65625
JVASP-115653,34.57,33.9375
JVASP-103174,31.6,31.03125
JVASP-10264,139.73,135.5
JVASP-110484,69.51,65.5625
JVASP-28548,62.83,60.1875
JVASP-35398,87.43,85.1875
JVASP-114550,24.09,23.578125
JVASP-37301,107.07,109.75
JVASP-67898,35.97,33.5
JVASP-16479,45.22,38.53125
JVASP-29474,38.52,41.03125
JVASP-26377,81.44,66.1875
JVASP-65760,32.4,34.25
JVASP-115177,62.38,51.625
JVASP-114462,13.47,10.3984375
JVASP-596,52.74,51.1875
JVASP-114980,39.59,36.03125
JVASP-75687,41.33,41.78125
JVASP-9174,252.98,235.375
JVASP-15974,65.4,62.875
JVASP-67682,29.13,19.140625
JVASP-67166,50.42,43.71875
JVASP-115351,76.74,73.3125
JVASP-71886,150.99,138.125
JVASP-78743,110.5,127.0625
JVASP-16871,93.72,81.6875
JVASP-54964,74.14,71.625
JVASP-3876,18.0,21.171875
JVASP-14857,110.26,98.5625
JVASP-15834,38.94,39.0625
JVASP-75795,0.14,83.125
JVASP-105703,38.47,36.53125
JVASP-104909,141.69,129.375
JVASP-74418,126.04,130.875
JVASP-17924,107.64,98.25
JVASP-101063,100.83,100.4375
JVASP-105867,48.93,62.5625
JVASP-99689,50.93,47.03125
JVASP-88234,81.99,74.875
JVASP-115230,120.94,91.125
JVASP-37730,60.03,55.03125
JVASP-15055,67.7,59.96875
JVASP-20490,307.53,278.25
JVASP-16723,319.93,267.0
JVASP-67923,44.33,38.0
JVASP-114035,8.77,7.2773438
JVASP-10752,2.35,53.21875
JVASP-78428,243.03,225.375
JVASP-35715,104.33,104.1875
JVASP-10702,128.87,123.5625
JVASP-71053,311.57,264.75
JVASP-18166,124.53,117.3125
JVASP-19657,305.03,277.75
JVASP-580,51.49,49.46875
JVASP-4537,48.1,52.65625
JVASP-9131,40.73,35.53125
JVASP-35124,88.83,83.9375
JVASP-100199,112.8,60.125
JVASP-21206,-1.57,-0.71435547
JVASP-23764,97.46,96.0
JVASP-9073,2.77,34.09375
JVASP-52282,39.32,37.0625
JVASP-14805,78.5,72.25
JVASP-34942,92.54,89.3125
JVASP-18667,209.2,218.75
JVASP-11991,202.1,191.375
JVASP-18770,213.2,189.5
JVASP-120232,18.67,12.1875
JVASP-115025,-1.8,1.421875
JVASP-85784,35.63,32.625
JVASP-8185,62.08,59.75
JVASP-1696,36.97,27.8125
JVASP-10186,102.17,105.25
JVASP-100454,145.06,162.0
JVASP-90659,183.49,202.375
JVASP-75750,138.7,112.0625
JVASP-3933,27.47,37.46875
JVASP-3090,114.49,102.25
JVASP-8392,110.31,102.1875
JVASP-17197,80.36,73.0
JVASP-67617,59.27,49.9375
JVASP-29417,39.79,35.84375
JVASP-12916,18.7,20.671875
JVASP-18052,58.0,56.875
JVASP-2367,75.59,73.25
JVASP-20643,140.27,134.875
JVASP-64974,136.47,130.875
JVASP-16542,142.57,131.125
JVASP-75558,0.19,9.03125
JVASP-15176,152.6,143.875
JVASP-20351,73.83,73.0625
JVASP-28625,37.99,33.5
JVASP-20533,52.02,56.28125
JVASP-69338,0.0,14.84375
JVASP-22377,113.23,116.0625
JVASP-36626,191.23,186.25
JVASP-15877,97.58,88.375
JVASP-15309,179.49,165.75
JVASP-33829,12.48,13.234375
JVASP-26635,22.67,20.125
JVASP-21928,37.1,36.59375
JVASP-102575,31.73,24.421875
JVASP-100606,64.43,68.125
JVASP-40228,237.23,227.0
JVASP-117520,34.22,35.0
JVASP-91799,20.47,15.1875
JVASP-2325,36.4,40.6875
JVASP-28981,2.93,32.5
JVASP-117810,14.44,11.3515625
JVASP-91355,18.48,20.625
JVASP-30637,62.84,64.1875
JVASP-37116,151.71,161.25
JVASP-100536,46.64,262.5
JVASP-36932,89.47,82.75
JVASP-49791,108.26,101.5
JVASP-20073,326.73,311.25
JVASP-121052,51.77,67.25
JVASP-99741,11.59,13.4296875
JVASP-119908,50.98,45.3125
JVASP-19779,150.5,156.75
JVASP-20996,69.38,74.8125
JVASP-67251,119.94,119.125
JVASP-75522,1.21,28.28125
JVASP-16533,70.21,71.1875
JVASP-18663,120.29,110.4375
JVASP-9234,99.21,90.8125
JVASP-10961,37.41,29.25
JVASP-26348,49.14,53.71875
JVASP-117863,33.0,37.875
JVASP-17383,105.71,103.375
JVASP-93848,274.23,234.625
JVASP-101463,43.21,42.96875
JVASP-12097,35.49,34.3125
JVASP-90816,43.28,41.875
JVASP-12752,14.1,12.265625
JVASP-10962,72.53,66.875
JVASP-18656,85.18,85.9375
JVASP-16771,134.3,119.9375
JVASP-117963,12.77,18.25
JVASP-9125,56.02,57.84375
JVASP-30647,97.06,95.75
JVASP-41856,110.93,108.625
JVASP-93336,186.12,197.5
JVASP-100445,77.23,80.5
JVASP-9699,78.86,76.125
JVASP-48662,68.03,64.125
JVASP-17604,82.08,87.5625
JVASP-106559,25.13,33.34375
JVASP-52271,48.88,40.65625
JVASP-74197,58.53,49.65625
JVASP-16488,183.84,172.0
JVASP-55211,24.82,25.796875
JVASP-86137,38.32,43.1875
JVASP-15946,163.23,180.375
JVASP-16462,126.2,135.0
JVASP-17659,46.98,50.6875
JVASP-95642,29.69,21.625
JVASP-35387,170.0,168.75
JVASP-2826,37.81,34.03125
JVASP-25074,54.7,51.40625
JVASP-12128,57.68,50.34375
JVASP-34226,23.86,23.703125
JVASP-99374,49.34,69.125
JVASP-101430,54.31,45.875
JVASP-86187,24.12,29.4375
JVASP-121223,86.99,92.25
JVASP-101398,84.6,69.6875
JVASP-36580,160.23,162.875
JVASP-37449,63.47,59.375
JVASP-17637,163.37,165.125
JVASP-19832,112.92,123.25
JVASP-15016,120.66,125.6875
JVASP-78393,38.2,37.25
JVASP-113760,66.2,69.1875
JVASP-1492,100.6,104.375
JVASP-19777,279.33,244.125
JVASP-44575,148.56,102.25
JVASP-64970,186.33,177.375
JVASP-37398,158.19,163.125
JVASP-38831,157.37,141.5
JVASP-68454,24.16,25.109375
JVASP-75859,0.87,41.53125
JVASP-68134,170.78,186.5
JVASP-65577,33.67,32.4375
JVASP-121149,5.41,7.4726562
JVASP-107098,110.77,111.9375
JVASP-65639,30.93,36.125
JVASP-37137,78.58,76.75
JVASP-11017,105.4,96.125
JVASP-41319,137.4,153.125
JVASP-34290,163.64,156.375
JVASP-114660,14.87,17.75
JVASP-113443,111.63,72.1875
JVASP-86504,215.72,227.0
JVASP-14802,135.41,144.0
JVASP-41684,121.43,122.375
JVASP-40624,112.46,126.75
JVASP-103295,63.96,57.4375
JVASP-36780,84.4,81.6875
JVASP-93245,74.5,72.875
JVASP-18888,195.16,207.125
JVASP-54348,71.83,75.1875
JVASP-111020,57.9,63.40625
JVASP-9990,94.33,97.125
JVASP-118391,30.32,42.4375
JVASP-219,28.53,32.375
JVASP-68105,210.01,183.625
JVASP-36759,99.42,84.8125
JVASP-29297,93.67,105.625
JVASP-78463,84.53,73.1875
JVASP-14731,87.37,79.75
JVASP-15466,106.69,111.4375
JVASP-119949,30.87,37.5
JVASP-32394,23.72,27.125
JVASP-51703,18.58,23.75
JVASP-29635,207.63,168.75
JVASP-118809,8.88,15.0546875
JVASP-25166,41.67,46.75
JVASP-16073,72.87,72.5
JVASP-74518,65.97,75.375
JVASP-100444,224.77,216.0
JVASP-50672,42.71,38.21875
JVASP-14862,61.33,63.0
JVASP-122990,33.43,33.03125
JVASP-99965,53.38,57.8125
JVASP-22444,181.96,169.0
JVASP-9740,227.39,227.75
JVASP-12812,33.81,31.578125
JVASP-106147,81.0,78.1875
JVASP-577,50.4,53.03125
JVASP-120826,19.39,25.53125
JVASP-69499,189.04,196.0
JVASP-68746,15.64,159.25
JVASP-114665,16.91,19.265625
JVASP-11699,158.76,157.0
JVASP-113542,45.38,42.21875
JVASP-25089,17.36,20.140625
JVASP-25177,89.63,85.4375
JVASP-40416,70.11,68.0
JVASP-18456,46.32,48.75
JVASP-67167,0.0,135.625
JVASP-11816,35.17,32.34375
JVASP-120973,42.99,23.453125
JVASP-85998,11.71,6.6914062
JVASP-15488,113.21,113.375
JVASP-51300,182.33,189.5
JVASP-62630,123.44,96.125
JVASP-115804,13.01,19.078125
JVASP-10184,50.73,43.5625
JVASP-29071,1.94,10.9765625
JVASP-64880,178.13,187.875
JVASP-10014,22.97,22.40625
JVASP-18925,147.37,138.75
JVASP-17324,36.84,33.15625
JVASP-18326,55.63,50.0625
JVASP-5743,39.1,37.4375
JVASP-5338,36.1,28.8125
JVASP-93280,77.4,73.875
JVASP-22657,32.23,26.5625
JVASP-14735,70.6,68.0
JVASP-22934,53.42,46.1875
JVASP-38583,37.72,39.15625
JVASP-30262,92.57,91.0
JVASP-88330,15.63,16.359375
JVASP-17892,59.0,55.46875
JVASP-115213,68.39,70.625
JVASP-28720,39.68,24.8125
JVASP-106024,65.51,58.125
JVASP-10852,94.93,93.1875
JVASP-8605,142.33,139.375
JVASP-20213,202.48,166.0
JVASP-53051,97.48,95.75
JVASP-1732,127.5,103.125
JVASP-2856,24.98,22.6875
JVASP-57510,97.32,90.125
JVASP-66174,18.67,16.046875
JVASP-8802,12.16,12.8828125
JVASP-51374,37.38,34.75
JVASP-9225,132.23,132.25
JVASP-12103,19.17,22.421875
JVASP-74516,40.17,34.1875
JVASP-100364,255.22,251.0
JVASP-26103,204.3,186.25
JVASP-35038,62.36,57.625
JVASP-120093,47.52,46.71875
JVASP-14639,179.53,183.875
JVASP-18091,43.17,40.375
JVASP-66799,119.57,94.0
JVASP-24417,183.34,170.375
JVASP-57061,163.07,140.375
JVASP-116242,34.02,33.375
JVASP-3816,9.81,12.4609375
JVASP-79937,236.0,258.25
JVASP-20110,219.6,196.625
JVASP-105701,204.38,208.75
JVASP-22368,197.1,198.5
JVASP-36277,300.3,244.75
JVASP-100835,75.36,71.125
JVASP-122927,100.8,107.25
JVASP-35509,135.62,132.375
JVASP-16208,142.46,141.125
JVASP-88017,84.82,81.8125
JVASP-36388,65.33,68.875
JVASP-18299,91.07,93.6875
JVASP-117037,138.76,139.125
JVASP-36362,116.1,108.3125
JVASP-118837,23.27,21.0625
JVASP-57068,28.62,28.21875
JVASP-32242,21.43,16.15625
JVASP-114530,19.36,15.578125
JVASP-67937,139.31,130.75
JVASP-68686,97.84,95.5625
JVASP-35367,72.68,76.6875
JVASP-11548,115.37,111.5
JVASP-79594,88.79,70.125
JVASP-22686,26.23,25.953125
JVASP-75507,0.19,-17.421875
JVASP-22709,46.86,34.15625
JVASP-25331,70.6,72.0625
JVASP-79239,255.3,250.625
JVASP-67172,0.0,51.4375
JVASP-100287,80.6,78.3125
JVASP-100134,46.83,30.46875
JVASP-79842,154.1,152.875
JVASP-56879,168.3,179.875
JVASP-50060,94.33,82.75
JVASP-86995,23.77,20.421875
JVASP-25046,30.84,29.671875
JVASP-74185,179.7,198.375
JVASP-29786,73.29,83.0625
JVASP-5089,55.72,55.375
JVASP-100154,143.8,147.5
JVASP-36007,158.2,158.625
JVASP-1549,93.7,87.4375
JVASP-24944,65.49,58.5
JVASP-19828,130.87,127.75
JVASP-20384,271.43,251.875
JVASP-113634,9.72,11.1484375
JVASP-93747,62.89,56.09375
JVASP-1498,100.86,101.375
JVASP-110483,174.68,172.75
JVASP-89038,171.17,173.375
JVASP-7784,46.24,42.625
JVASP-71738,32.47,32.4375
JVASP-91370,71.82,82.75
JVASP-68044,115.59,105.9375
JVASP-90492,171.07,172.25
JVASP-74318,137.13,148.5
JVASP-16905,97.33,96.25
JVASP-99576,32.51,31.3125
JVASP-36752,176.8,164.5
JVASP-38938,81.37,81.25
JVASP-69371,37.47,31.046875
JVASP-115902,11.08,12.2734375
JVASP-106332,0.3,39.90625
JVASP-15617,90.34,91.8125
JVASP-17441,80.53,69.25
JVASP-22736,35.53,24.625
JVASP-56758,20.63,12.828125
JVASP-12150,124.34,119.5625
JVASP-9680,125.9,105.0625
JVASP-30490,47.02,49.40625
JVASP-2688,85.96,77.6875
JVASP-118515,17.69,14.1015625
JVASP-5197,27.83,12.609375
JVASP-41881,71.23,54.4375
JVASP-74601,172.8,169.75
JVASP-91929,109.21,111.5625
JVASP-1864,125.16,92.4375
JVASP-58354,147.31,141.75
JVASP-29024,19.21,13.5390625
JVASP-18312,48.14,44.59375
JVASP-10089,116.64,95.4375
JVASP-68494,84.44,64.375
JVASP-35181,229.53,241.75
JVASP-100131,59.0,50.0
JVASP-54795,53.29,38.78125
JVASP-78563,69.34,58.78125
JVASP-943,200.43,178.625
JVASP-86259,220.31,202.125
JVASP-15879,42.64,39.6875
JVASP-4373,83.87,85.625
JVASP-74458,211.97,200.375
JVASP-1294,39.63,26.84375
JVASP-70752,0.0,198.625
JVASP-4222,34.37,39.8125
JVASP-29281,23.23,25.828125
JVASP-69469,223.3,213.0
JVASP-25224,133.33,170.125
JVASP-14007,94.37,63.28125
JVASP-8064,149.28,141.125
JVASP-75653,124.93,94.375
JVASP-8180,174.33,164.375
JVASP-16252,87.36,77.0625
JVASP-12542,19.4,16.234375
JVASP-37192,207.33,182.875
JVASP-12848,132.36,106.5625
JVASP-19921,161.26,148.5
JVASP-37664,60.9,46.78125
JVASP-49990,115.5,110.0625
JVASP-118235,-2.91,3.2304688
JVASP-9726,112.92,100.6875
JVASP-20531,77.33,70.625
JVASP-119942,61.37,64.3125
JVASP-70929,0.0,75.0625
JVASP-74164,186.93,176.0
JVASP-26327,86.22,70.125
JVASP-109982,33.54,32.78125
JVASP-40360,49.68,39.09375
JVASP-109348,39.88,40.0
JVASP-70651,148.5,128.75
JVASP-78836,200.83,185.5
JVASP-121251,79.17,65.25
JVASP-3078,46.66,46.3125
JVASP-28551,61.98,38.5625
JVASP-68991,0.0,28.234375
JVASP-41272,163.97,150.125
JVASP-99600,88.33,69.125
JVASP-102866,27.87,13.234375
JVASP-20254,78.87,72.8125
JVASP-28674,4.59,4.7148438
JVASP-115817,-1.48,2.6933594
JVASP-852,46.77,40.625
JVASP-79259,61.31,52.9375
JVASP-51170,165.63,178.125
JVASP-19896,319.13,268.25
JVASP-1192,48.23,40.71875
JVASP-102805,292.91,258.5
JVASP-70106,28.96,24.796875
JVASP-13321,75.03,69.125
JVASP-75740,0.19,44.03125
JVASP-93437,21.51,18.25
JVASP-70434,68.17,50.78125
JVASP-1321,78.4,58.1875
JVASP-12111,34.62,30.375
JVASP-7804,27.31,28.96875
JVASP-57630,22.47,21.140625
JVASP-4237,10.11,7.1875
JVASP-65570,103.26,79.75
JVASP-92741,8.03,8.078125
JVASP-120352,6.5,10.296875
JVASP-9263,114.69,70.4375
JVASP-18316,57.27,45.75
JVASP-9994,149.03,140.25
JVASP-91859,96.18,95.4375
JVASP-36512,28.23,29.703125
JVASP-2790,100.78,98.0
JVASP-19744,97.27,85.0625
JVASP-21258,113.33,116.75
JVASP-12929,30.56,21.15625
JVASP-37744,286.13,250.75
JVASP-35674,199.63,199.75
JVASP-65465,0.0,46.3125
JVASP-12065,51.6,34.65625
JVASP-30547,88.57,76.75
JVASP-14661,45.6,45.3125
JVASP-8161,142.14,125.1875
JVASP-19588,178.43,173.0
JVASP-29590,212.06,199.75
JVASP-7777,136.6,108.375
JVASP-67295,0.0,136.25
JVASP-35180,57.17,44.71875
JVASP-44142,126.37,84.125
JVASP-9558,81.47,44.3125
JVASP-67769,155.02,132.125
JVASP-114628,79.67,66.3125
JVASP-8576,18.88,13.5234375
JVASP-74290,189.77,161.75
JVASP-114501,226.2,206.375
JVASP-51093,41.4,30.859375
JVASP-68423,69.19,46.46875
JVASP-7863,70.33,43.375
JVASP-17929,100.76,92.0
JVASP-95247,40.54,30.78125
JVASP-37071,50.7,40.28125
JVASP-22734,182.07,168.5
JVASP-14976,73.53,69.125
JVASP-36814,144.72,116.6875
JVASP-15524,194.5,187.0
JVASP-19886,140.32,126.4375
JVASP-8042,127.93,114.0625
JVASP-29555,23.96,19.109375
JVASP-9955,221.47,193.75
JVASP-74638,116.33,121.1875
JVASP-78377,49.17,48.5625
JVASP-1023,29.22,26.765625
JVASP-75678,1.23,41.625
JVASP-11323,154.6,124.5
JVASP-67688,0.0,171.625
JVASP-17700,125.13,131.375
JVASP-18763,46.09,60.625
JVASP-93956,247.2,239.0
JVASP-25404,92.66,217.625
JVASP-12957,18.48,11.1953125
JVASP-10097,50.08,49.9375
JVASP-37111,43.98,38.84375
JVASP-100261,30.87,31.78125
JVASP-9710,63.24,69.0625
JVASP-317,47.8,54.9375
JVASP-25149,87.21,86.875
JVASP-116265,18.27,11.0625
JVASP-13359,40.2,40.71875
JVASP-92516,202.3,213.0
JVASP-120195,18.86,14.984375
JVASP-14953,157.82,172.875
JVASP-50067,96.76,84.9375
JVASP-12584,18.19,12.0078125
JVASP-101122,130.29,131.625
JVASP-25114,3.87,1.5595703
JVASP-57520,109.84,104.6875
JVASP-35236,71.33,94.0625
JVASP-35741,56.03,55.875
JVASP-67594,0.0,113.3125
JVASP-3321,33.16,30.75
JVASP-63089,185.01,206.125
JVASP-111252,32.23,33.03125
JVASP-37369,68.2,65.625
JVASP-64840,11.37,8.5078125
JVASP-18794,31.93,34.75
JVASP-17240,128.07,139.5
JVASP-8089,111.23,117.75
JVASP-37802,103.37,119.5
JVASP-120144,34.24,47.8125
JVASP-99471,16.22,32.0
JVASP-36201,188.91,176.5
JVASP-20596,84.57,97.3125
JVASP-85122,59.48,64.125
JVASP-54769,50.11,59.09375
JVASP-69669,86.32,88.75
JVASP-56726,278.31,286.0
JVASP-12412,139.03,143.875
JVASP-39245,61.97,74.3125
JVASP-4687,162.9,188.625
JVASP-92604,141.58,144.625
JVASP-17772,165.56,169.875
JVASP-65640,30.14,22.71875
JVASP-9665,182.16,190.125
JVASP-10571,24.49,21.5625
JVASP-91804,22.83,16.09375
JVASP-68754,70.36,80.5625
JVASP-37611,41.02,40.46875
JVASP-20578,45.0,42.3125
JVASP-71744,52.86,55.5625
JVASP-35728,73.91,78.125
JVASP-91524,64.42,66.0
JVASP-86180,62.99,62.28125
JVASP-22589,84.07,89.3125
JVASP-17429,86.43,71.25
JVASP-117719,120.91,128.0
JVASP-29022,6.49,24.265625
JVASP-106086,82.71,79.625
JVASP-69045,25.88,25.109375
JVASP-94299,85.69,96.375
JVASP-41509,123.4,135.375
JVASP-28779,29.97,22.703125
JVASP-18461,53.84,52.21875
JVASP-16170,69.09,77.5625
JVASP-17745,35.5,36.9375
JVASP-106277,44.97,41.3125
JVASP-103084,45.79,42.5
JVASP-38743,33.22,33.0
JVASP-29037,2.04,43.1875
JVASP-25076,46.1,45.6875
JVASP-15452,139.12,157.75
JVASP-8244,101.83,162.875
JVASP-51010,43.39,42.03125
JVASP-8693,82.44,76.4375
JVASP-25043,27.31,27.859375
JVASP-39440,73.24,84.625
JVASP-92178,96.03,107.125
JVASP-36126,51.04,48.375
JVASP-36510,30.23,32.46875
JVASP-118093,1.93,0.51171875
JVASP-10693,56.73,58.25
JVASP-90704,18.28,15.6953125
JVASP-75893,145.7,59.78125
JVASP-12569,27.19,26.171875
JVASP-52824,105.51,83.5625
JVASP-11823,158.27,134.375
JVASP-122998,141.07,166.375
JVASP-79875,47.27,42.46875
JVASP-103355,57.04,62.625
JVASP-19610,55.6,58.625
JVASP-114064,30.81,41.5625
JVASP-92568,38.14,39.4375
JVASP-17797,98.8,111.875
JVASP-52516,78.71,110.5
JVASP-119918,7.03,7.6132812
JVASP-18993,28.91,32.65625
JVASP-14875,259.28,251.375
JVASP-20620,174.57,182.125
JVASP-28946,3.98,35.8125
JVASP-77146,80.48,85.75
JVASP-17531,81.17,86.5625
JVASP-118581,16.91,19.921875
JVASP-35129,45.23,47.1875
JVASP-35123,195.02,205.875
JVASP-86530,21.64,26.671875
JVASP-9639,109.57,107.8125
JVASP-39646,44.77,40.78125
JVASP-71660,62.14,68.9375
JVASP-110458,48.47,50.96875
JVASP-90135,221.32,220.125
JVASP-19699,97.1,94.125
JVASP-18748,215.83,248.25
JVASP-56582,54.37,66.25
JVASP-12151,37.28,47.875
JVASP-120872,68.38,68.6875
JVASP-10098,112.37,124.6875
JVASP-14630,200.37,195.25
JVASP-114609,31.29,44.375
JVASP-56323,41.32,42.78125
JVASP-17730,103.24,99.3125
JVASP-36313,151.5,146.375
JVASP-117651,84.14,79.9375
JVASP-7703,0.28,31.953125
JVASP-52134,25.79,28.890625
JVASP-71757,77.83,70.6875
JVASP-39547,233.02,216.625
JVASP-8058,72.84,67.25
JVASP-75024,115.87,117.25
JVASP-26387,79.71,72.5625
JVASP-115189,8.76,4.328125
JVASP-122944,224.0,212.5
JVASP-16313,90.28,84.4375
JVASP-35506,41.64,41.0625
JVASP-36689,121.14,106.1875
JVASP-105704,36.91,31.5625
JVASP-30514,44.64,38.75
JVASP-120299,73.71,67.5625
JVASP-13857,3.38,110.1875
JVASP-34267,74.8,73.0
JVASP-17344,58.77,75.4375
JVASP-20630,104.82,102.9375
JVASP-108959,121.12,144.5
JVASP-36173,266.87,249.5
JVASP-75519,165.73,105.8125
JVASP-18590,85.33,85.1875
JVASP-94890,152.56,173.125
JVASP-115426,-4.12,1.5498047
JVASP-34280,40.09,54.09375
JVASP-36918,81.09,83.9375
JVASP-85663,36.94,25.46875
JVASP-33530,19.07,19.9375
JVASP-41442,111.27,96.0
JVASP-16579,103.63,92.5625
JVASP-85717,162.53,150.375
JVASP-14589,210.57,228.0
JVASP-102088,44.0,38.46875
JVASP-20320,217.11,199.375
JVASP-25624,84.99,73.9375
JVASP-117512,117.69,116.625
JVASP-9295,98.13,99.25
JVASP-65493,76.18,75.0
JVASP-50070,107.41,109.5
JVASP-114076,40.97,37.28125
JVASP-107066,47.41,45.21875
JVASP-115089,70.79,53.375
JVASP-16328,132.08,128.875
JVASP-18138,147.19,147.625
JVASP-9952,105.97,93.9375
JVASP-7827,11.69,12.4765625
JVASP-86949,58.91,57.875
JVASP-22661,15.88,17.4375
JVASP-16635,99.96,101.625
JVASP-25317,38.46,38.75
JVASP-38230,4.67,4.7734375
JVASP-14583,107.46,106.4375
JVASP-12601,48.24,50.625
JVASP-102213,85.33,88.875
JVASP-16860,57.37,48.5625
JVASP-40778,55.37,59.40625
JVASP-33006,27.83,28.359375
JVASP-66751,56.96,49.4375
JVASP-69665,108.77,106.5
JVASP-14260,24.96,30.078125
JVASP-12746,17.28,17.9375
JVASP-69831,34.84,33.90625
JVASP-30348,55.33,50.0
JVASP-38890,159.03,162.75
JVASP-16605,210.87,221.125
JVASP-37059,144.13,139.25
JVASP-20258,96.5,94.625
JVASP-15036,207.43,203.0
JVASP-70806,0.11,140.25
JVASP-8206,140.34,123.0
JVASP-20244,70.23,68.875
JVASP-29372,36.39,30.765625
JVASP-17620,116.92,103.3125
JVASP-20529,226.66,223.0
JVASP-67608,30.88,19.21875
JVASP-10146,192.46,162.875
JVASP-2997,40.54,38.84375
JVASP-53466,54.03,44.125
JVASP-70760,0.0,163.625
JVASP-34040,56.72,60.1875
JVASP-38819,39.5,33.59375
JVASP-78651,121.37,114.625
JVASP-12903,17.63,25.875
JVASP-40807,107.73,109.9375
JVASP-110821,122.78,123.9375
JVASP-27343,101.53,91.8125
JVASP-118438,78.32,76.6875
JVASP-3525,17.18,13.5390625
JVASP-20128,9.4,11.125
JVASP-11989,0.41,96.3125
JVASP-16459,211.27,227.0
JVASP-13017,19.71,18.46875
JVASP-20316,79.11,70.875
JVASP-14994,80.57,73.5
JVASP-52903,62.54,59.90625
JVASP-20390,254.12,234.75
JVASP-3000,38.87,39.59375
JVASP-115921,24.91,26.5625
JVASP-114439,43.37,30.859375
JVASP-15052,147.23,155.25
JVASP-30343,111.41,91.375
JVASP-11035,134.06,117.1875
JVASP-39732,74.31,59.65625
JVASP-1969,61.62,63.25
JVASP-118558,19.89,15.2421875
JVASP-14584,233.0,208.5
JVASP-65585,84.79,28.6875
JVASP-106482,168.28,193.25
JVASP-37098,146.38,135.125
JVASP-92190,0.25,160.375
JVASP-16543,186.6,188.75
JVASP-15982,51.34,46.25
JVASP-19810,83.23,79.5
JVASP-120945,15.48,15.7734375
JVASP-16601,231.9,228.875
JVASP-17712,174.93,161.625
JVASP-36870,11.22,11.765625
JVASP-71343,0.0,33.6875
JVASP-66322,22.67,17.0
JVASP-106327,205.51,194.625
JVASP-40968,130.77,129.75
JVASP-8376,124.03,119.3125
JVASP-109499,76.8,82.5
JVASP-41948,97.57,110.625
JVASP-41411,94.0,90.1875
JVASP-16708,152.51,167.5
JVASP-115302,10.03,33.0625
JVASP-118591,53.92,66.25
JVASP-29192,5.29,24.265625
JVASP-1618,53.01,51.75
JVASP-113650,21.72,33.0625
JVASP-106746,108.43,133.125
JVASP-113658,26.16,21.71875
JVASP-8792,32.38,42.25
JVASP-15074,155.86,175.625
JVASP-78516,107.1,93.5
JVASP-67005,0.0,101.1875
JVASP-68841,66.98,73.1875
JVASP-79499,46.79,60.46875
JVASP-14919,45.64,52.25
JVASP-19,82.41,101.5625
JVASP-122994,258.4,274.75
JVASP-8151,61.89,66.0
JVASP-14834,33.27,38.4375
JVASP-15447,148.54,169.375
JVASP-103485,213.69,228.0
JVASP-50902,157.3,180.875
JVASP-29627,19.42,21.328125
JVASP-70391,32.09,84.625
JVASP-64300,13.23,13.375
JVASP-41962,119.57,127.6875
JVASP-25137,70.63,70.9375
JVASP-100312,200.7,203.875
JVASP-117462,65.83,83.75
JVASP-69355,91.77,102.8125
JVASP-117842,10.48,12.546875
JVASP-119911,207.89,199.75
JVASP-9537,89.73,74.125
JVASP-28747,37.9,47.0625
JVASP-9162,386.5,417.75
JVASP-56545,77.03,83.1875
JVASP-9502,52.7,53.84375
JVASP-91523,30.03,30.609375
JVASP-115246,49.57,44.6875
JVASP-29079,2.03,17.046875
JVASP-17443,110.9,114.375
JVASP-39242,7.2,4.5664062
JVASP-122924,161.03,191.0
JVASP-47455,211.2,192.125
JVASP-41746,58.83,50.625
JVASP-64334,9.37,11.2578125
JVASP-1088,84.0,102.375
JVASP-8665,13.23,8.6484375
JVASP-39680,72.17,75.75
JVASP-1603,18.1,15.84375
JVASP-101368,66.48,62.40625
JVASP-121082,126.8,137.125
JVASP-16769,62.32,65.75
JVASP-118234,39.07,40.15625
JVASP-108095,33.76,37.3125
JVASP-37073,47.74,49.75
JVASP-74662,31.29,67.9375
JVASP-11683,43.52,50.1875
JVASP-16549,44.1,48.3125
JVASP-599,36.98,33.28125
JVASP-10554,94.44,91.8125
JVASP-10738,74.03,113.375
JVASP-29593,30.72,35.0625
JVASP-17803,95.29,112.1875
JVASP-14745,34.5,34.09375
JVASP-29519,47.91,53.8125
JVASP-75026,49.73,47.4375
JVASP-107544,42.41,46.90625
JVASP-103349,20.47,19.828125
JVASP-37050,140.0,159.125
JVASP-14746,54.52,61.875
JVASP-86795,70.11,74.625
JVASP-111735,49.03,58.84375
JVASP-38237,5.97,3.4980469
JVASP-8094,57.68,57.875
JVASP-107008,78.93,91.6875
JVASP-17457,66.39,63.65625
JVASP-91632,59.04,60.46875
JVASP-118369,31.74,33.21875
JVASP-117523,8.1,1.1386719
JVASP-105498,194.13,198.25
JVASP-20572,109.7,111.3125
JVASP-104997,138.0,116.375
JVASP-91546,53.23,50.6875
JVASP-117568,19.46,25.953125
JVASP-74541,91.94,111.1875
JVASP-29391,53.19,50.9375
JVASP-26375,54.54,52.90625
JVASP-117576,21.58,20.359375
JVASP-17807,36.93,44.0
JVASP-21363,80.31,83.3125
JVASP-20429,28.27,28.015625
JVASP-38000,56.3,43.09375
JVASP-602,63.52,76.9375
JVASP-101426,140.46,165.625
JVASP-99497,58.54,62.375
JVASP-110567,71.11,66.1875
JVASP-18476,80.56,85.1875
JVASP-30067,26.42,29.03125
JVASP-9272,85.19,102.6875
JVASP-37215,256.5,284.25
JVASP-69003,23.53,23.953125
JVASP-16470,63.07,67.4375
JVASP-114019,10.82,10.1171875
JVASP-106601,43.23,44.78125
JVASP-101470,58.03,61.875
JVASP-100622,170.73,191.125
JVASP-25601,44.9,45.125
JVASP-117861,6.87,7.3671875
JVASP-68251,92.98,95.0
JVASP-115439,13.43,9.2734375
JVASP-100428,39.36,40.28125
JVASP-15566,158.18,163.375
JVASP-68381,98.44,104.0
JVASP-39768,119.5,136.5
JVASP-110133,80.92,100.6875
JVASP-16875,138.1,152.625
JVASP-67611,75.2,95.25
JVASP-12736,28.73,29.921875
JVASP-2916,58.37,63.78125
JVASP-85208,0.0,167.25
JVASP-106494,163.43,175.625
JVASP-21944,40.77,34.46875
JVASP-69778,173.0,201.25
JVASP-16555,82.67,96.0
JVASP-66378,4.87,4.2851562
JVASP-116609,132.82,139.125
JVASP-22530,41.24,41.78125
JVASP-105823,196.9,229.375
JVASP-28493,65.4,78.9375
JVASP-64739,11.4,13.8125
JVASP-74754,169.92,177.125
JVASP-102235,142.83,136.125
JVASP-114074,16.73,16.28125
JVASP-29465,44.53,45.0625
JVASP-13970,90.61,98.5625
JVASP-57774,205.54,215.75
JVASP-30062,59.03,68.125
JVASP-102495,202.64,235.5
JVASP-26754,24.42,37.65625
JVASP-38322,76.1,104.5625
JVASP-48085,60.49,63.5625
JVASP-7875,191.13,206.875
JVASP-2658,31.31,37.1875
JVASP-117884,-16.29,8.5078125
JVASP-94884,53.49,51.625
JVASP-41602,113.08,120.0625
JVASP-67349,0.0,81.4375
JVASP-7636,126.27,124.25
JVASP-15078,114.91,141.125
JVASP-106316,15.25,163.5
JVASP-35819,100.33,100.625
JVASP-117749,12.03,26.359375
JVASP-75812,0.88,15.84375
JVASP-117658,22.72,45.75
JVASP-9590,26.89,32.5
JVASP-12773,27.83,29.890625
JVASP-69503,155.98,171.625
JVASP-117567,14.57,18.953125
JVASP-8504,138.5,132.625
JVASP-17481,61.23,67.0625
JVASP-17699,25.59,23.390625
JVASP-110377,22.6,20.34375
JVASP-20435,126.23,129.875
JVASP-102718,76.6,74.25
JVASP-22677,94.33,112.9375
JVASP-58267,304.09,281.75
JVASP-1399,27.03,21.890625
JVASP-15330,155.01,163.625
JVASP-43021,139.58,134.625
JVASP-67686,0.0,86.4375
JVASP-16897,353.69,368.0
JVASP-55733,29.53,32.84375
JVASP-14146,99.83,109.8125
JVASP-106126,190.62,194.75
JVASP-36213,128.9,156.5
JVASP-89933,177.44,191.125
JVASP-74129,44.16,61.0
JVASP-106389,12.49,16.21875
JVASP-3372,30.23,33.125
JVASP-68186,209.03,228.0
JVASP-40481,49.02,47.3125
JVASP-33824,12.67,11.8984375
JVASP-50108,59.57,169.5
JVASP-111259,86.69,126.8125
JVASP-9732,74.39,79.0625
JVASP-66853,206.67,204.25
JVASP-117747,13.2,14.7578125
JVASP-18594,81.96,96.375
JVASP-2020,31.94,42.28125
JVASP-66568,20.03,21.21875
JVASP-75626,0.88,36.5
JVASP-91736,30.83,43.8125
JVASP-67883,158.47,171.75
JVASP-118841,-1.5,1.2763672
JVASP-919,36.38,38.3125
JVASP-15026,76.47,71.8125
JVASP-68461,0.0,39.84375
JVASP-9464,44.99,60.6875
JVASP-78329,46.33,46.0625
JVASP-8751,35.13,10.984375
JVASP-20995,25.63,30.34375
JVASP-8066,41.83,41.59375
JVASP-43407,97.57,91.5625
JVASP-23355,128.28,125.0625
JVASP-9512,51.17,60.65625
JVASP-51009,39.91,45.90625
JVASP-79088,77.87,79.1875
JVASP-8243,120.04,122.8125
JVASP-8788,23.98,25.234375
JVASP-7865,41.07,48.53125
JVASP-32241,17.5,23.046875
JVASP-65153,142.44,133.375
JVASP-120065,23.01,16.578125
JVASP-34389,35.16,44.15625
JVASP-18692,71.03,82.75
JVASP-93960,23.43,30.515625
JVASP-9602,90.62,105.75
JVASP-106013,37.96,44.84375
JVASP-99108,36.93,47.03125
JVASP-1127,198.2,213.375
JVASP-30258,26.12,26.703125
JVASP-66509,8.7,21.6875
JVASP-46918,98.7,99.625
JVASP-20967,81.74,79.125
JVASP-80721,64.53,73.375
JVASP-22919,156.07,143.25
JVASP-40484,158.16,164.625
JVASP-93668,103.07,131.875
JVASP-108784,46.93,56.71875
JVASP-14351,14.29,12.5625
JVASP-15246,193.07,207.75
JVASP-69905,77.4,84.9375
JVASP-14619,201.37,236.75
JVASP-118013,18.33,25.59375
JVASP-120881,16.83,26.5
JVASP-89050,1.58,86.6875
JVASP-11184,31.97,38.5625
JVASP-116246,48.44,41.0
JVASP-12389,23.59,21.953125
JVASP-99916,118.01,133.0
JVASP-119982,33.24,32.875
JVASP-18238,43.5,44.59375
JVASP-70778,64.03,60.65625
JVASP-99419,28.1,37.4375
JVASP-94858,136.34,145.625
JVASP-36980,37.8,60.03125
JVASP-15785,161.72,161.5
JVASP-106089,211.22,214.5
JVASP-91808,17.27,22.40625
JVASP-36506,20.13,22.796875
JVASP-51210,109.0,120.5625
JVASP-13945,34.04,31.015625
JVASP-75612,89.53,79.125
JVASP-22636,17.84,20.78125
JVASP-102146,75.72,76.6875
JVASP-117603,35.51,34.78125
JVASP-50628,76.33,84.125
JVASP-99912,149.56,154.625
JVASP-65594,82.97,41.875
JVASP-16716,115.94,143.375
JVASP-93230,160.23,161.375
JVASP-100633,41.2,43.84375
JVASP-25192,22.99,17.96875
JVASP-7686,32.03,33.28125
JVASP-103521,177.86,164.0
JVASP-37771,66.67,64.0625
JVASP-92219,74.31,78.0625
JVASP-71412,138.24,149.0
JVASP-8757,7.69,7.0234375
JVASP-100489,94.9,85.6875
JVASP-92589,94.4,99.4375
JVASP-17618,191.47,207.125
JVASP-91237,0.06,30.359375
JVASP-93364,64.4,62.5
JVASP-115568,32.34,25.875
JVASP-237,95.32,119.5625
JVASP-20907,53.8,48.40625
JVASP-85362,36.34,202.125
JVASP-67939,134.76,136.0
JVASP-82129,59.49,59.71875
JVASP-18525,11.57,12.390625
JVASP-20099,45.9,45.84375
JVASP-18450,24.51,23.296875
JVASP-19956,90.13,90.5
JVASP-16671,26.38,27.171875
JVASP-28965,41.56,32.90625
JVASP-30114,82.86,109.3125
JVASP-114559,15.83,15.4921875
JVASP-118415,10.49,16.015625
JVASP-28722,37.29,29.140625
JVASP-102064,39.37,41.84375
JVASP-2319,46.42,51.09375
JVASP-122933,79.0,86.25
JVASP-15361,127.16,134.0
JVASP-70928,0.0,54.34375
JVASP-74244,0.0,18.1875
JVASP-19096,61.41,51.96875
JVASP-114017,23.68,24.671875
JVASP-31941,15.42,15.0546875
JVASP-18193,183.87,185.125
JVASP-48573,40.08,67.375
JVASP-65250,170.49,142.625
JVASP-117681,15.81,12.9765625
JVASP-38251,13.08,13.1640625
JVASP-4924,170.52,219.25
JVASP-15576,192.33,197.375
JVASP-93924,35.53,30.875
JVASP-110427,83.37,81.875
JVASP-35894,202.57,238.75
JVASP-57883,135.44,142.0
JVASP-7830,104.83,110.25
JVASP-1254,142.86,133.25
JVASP-88654,20.08,22.3125
JVASP-15304,177.1,184.125
JVASP-10020,52.49,52.90625
JVASP-18240,107.73,112.625
JVASP-35384,46.43,47.5625
JVASP-91623,419.28,429.75
JVASP-103609,37.27,36.09375
JVASP-16123,78.27,83.375
JVASP-12780,39.93,32.53125
JVASP-40475,67.29,66.5625
JVASP-12444,218.88,202.0
JVASP-69601,37.67,60.25
JVASP-18070,60.73,51.46875
JVASP-33845,17.82,16.890625
JVASP-40261,152.27,165.5
JVASP-90043,136.32,146.25
JVASP-41798,86.83,81.3125
JVASP-7734,129.43,147.75
JVASP-114290,26.52,29.75
JVASP-118303,69.44,69.75
JVASP-30228,93.56,123.75
JVASP-40909,102.9,104.9375
JVASP-68051,181.82,198.125
JVASP-8209,56.9,58.5
JVASP-37258,43.94,43.28125
JVASP-103375,54.35,198.875
JVASP-85940,33.84,33.1875
JVASP-118887,23.77,31.84375
JVASP-115452,64.66,62.3125
JVASP-35956,44.58,53.46875
JVASP-99655,76.56,80.8125
JVASP-41549,56.7,45.8125
JVASP-64225,12.4,9.6875
JVASP-18577,101.59,99.75
JVASP-18090,178.28,175.375
JVASP-65647,30.38,21.78125
JVASP-49946,79.99,82.1875
JVASP-85775,31.29,38.46875
JVASP-65383,87.31,89.3125
JVASP-7991,175.43,163.5
JVASP-53137,52.49,58.1875
JVASP-2700,127.0,124.3125
JVASP-71569,136.8,145.5
JVASP-18237,90.71,96.25
JVASP-25263,8.43,15.390625
JVASP-20534,57.03,61.59375
JVASP-12461,11.59,15.234375
JVASP-15124,79.65,175.25
JVASP-25128,42.57,42.1875
JVASP-117618,35.39,32.59375
JVASP-9620,124.71,147.875
JVASP-11206,20.42,21.0
JVASP-122896,68.87,77.5
JVASP-16084,299.2,321.25
JVASP-61278,13.53,16.5
JVASP-110622,126.52,131.625
JVASP-19877,64.07,62.03125
JVASP-9721,168.26,172.125
JVASP-17993,42.4,57.75
JVASP-108094,25.71,34.5
JVASP-16116,119.54,122.5625
JVASP-92711,60.0,52.15625
JVASP-64715,15.57,11.1953125
JVASP-20613,91.14,88.9375
JVASP-71800,37.84,190.25
JVASP-15428,46.88,55.25
JVASP-41898,53.57,47.375
JVASP-20264,57.03,60.875
JVASP-9417,1.47,93.5625
JVASP-17749,184.46,186.25
JVASP-50544,213.01,213.375
JVASP-17678,97.11,82.0
JVASP-15754,47.2,42.9375
JVASP-16754,34.24,38.8125
JVASP-21683,130.23,138.875
JVASP-106372,0.0,71.0625
JVASP-14623,47.57,42.0625
JVASP-64940,70.6,64.9375
JVASP-31167,29.82,47.53125
JVASP-99444,65.37,70.25
JVASP-37194,234.57,249.25
JVASP-114361,188.8,202.125
JVASP-75794,107.77,69.5
JVASP-4023,28.78,34.0625
JVASP-37456,221.03,240.125
JVASP-40023,159.33,172.25
JVASP-9096,17.2,18.0625
JVASP-2463,68.33,76.0
JVASP-18144,70.18,79.375
JVASP-108950,58.81,62.4375
JVASP-9933,128.61,117.75
JVASP-99469,32.37,57.46875
JVASP-67578,18.68,12.2265625
JVASP-895,16.31,17.8125
JVASP-36477,31.53,31.640625
JVASP-71582,56.33,41.875
JVASP-10813,68.53,71.3125
JVASP-31902,13.86,9.171875
JVASP-33825,35.24,40.8125
JVASP-101409,12.04,9.515625
JVASP-10930,120.26,124.9375
JVASP-35745,87.09,84.5625
JVASP-118414,19.31,34.40625
JVASP-8464,45.33,41.125
JVASP-38369,147.94,133.875
JVASP-50661,59.36,55.5625
JVASP-1450,46.62,58.1875
JVASP-10707,78.43,65.5625
JVASP-75764,163.2,135.5
JVASP-72165,102.16,95.1875
JVASP-9974,136.3,125.3125
JVASP-14949,160.37,166.5
JVASP-21247,189.63,152.125
JVASP-13062,16.36,22.625
JVASP-18037,49.06,56.34375
JVASP-29325,29.02,18.578125
JVASP-73628,93.0,99.5625
JVASP-80738,198.57,189.75
JVASP-67890,19.44,25.890625
JVASP-51352,50.38,52.5
JVASP-3792,29.61,23.875
JVASP-69066,25.81,28.921875
JVASP-68290,190.5,184.0
JVASP-16010,16.51,14.640625
JVASP-30438,32.44,36.25
JVASP-17515,197.53,172.25
JVASP-20061,53.07,51.8125
JVASP-120894,1.89,22.96875
JVASP-100640,57.73,63.1875
JVASP-15393,68.77,74.875
JVASP-15238,92.22,96.0625
JVASP-117601,9.86,11.65625
JVASP-92761,165.67,177.625
JVASP-31987,26.9,24.3125
JVASP-16640,67.44,55.5625
JVASP-17204,61.23,57.8125
JVASP-29860,79.28,108.5625
JVASP-37946,154.88,151.875
JVASP-41419,65.03,67.8125
JVASP-51702,29.37,34.65625
JVASP-115716,39.23,47.375
JVASP-9305,120.24,136.0
JVASP-8608,19.86,20.515625
JVASP-24915,41.68,52.78125
JVASP-18885,77.82,85.625
JVASP-65789,25.89,29.28125
JVASP-74445,177.78,176.375
JVASP-48246,161.01,132.125
JVASP-115366,72.33,74.25
JVASP-12549,144.67,121.9375
JVASP-9132,154.67,131.0
JVASP-8109,21.04,31.328125
JVASP-74737,19.97,100.6875
JVASP-86750,129.94,152.0
JVASP-4095,17.97,22.03125
JVASP-9775,123.74,112.875
JVASP-35466,90.23,91.125
JVASP-7711,194.53,207.5
JVASP-15136,79.68,87.375
JVASP-9580,43.77,34.34375
JVASP-37958,101.54,127.375
JVASP-36650,230.18,217.25
JVASP-114094,20.9,21.5
JVASP-39454,183.76,198.375
JVASP-19694,251.2,248.125
JVASP-82,44.09,50.15625
JVASP-39235,73.9,78.5
JVASP-52496,32.07,28.34375
JVASP-11076,176.3,187.625
JVASP-85899,97.58,101.1875
JVASP-81499,8.51,27.5
JVASP-17619,52.87,65.4375
JVASP-118003,76.72,72.875
JVASP-74137,131.87,137.875
JVASP-69629,118.48,118.9375
JVASP-28909,35.36,18.203125
JVASP-117461,20.39,17.0
JVASP-11965,123.97,139.625
JVASP-103408,136.59,132.5
JVASP-11047,90.67,85.3125
JVASP-87038,74.12,77.8125
JVASP-8394,89.67,90.25
JVASP-8170,17.13,13.7421875
JVASP-78317,11.39,12.7421875
JVASP-9683,162.7,150.75
JVASP-41977,269.07,269.75
JVASP-10997,144.83,144.625
JVASP-14843,34.56,34.46875
JVASP-33840,19.4,21.859375
JVASP-100634,225.43,237.875
JVASP-68068,217.21,239.125
JVASP-19668,165.87,181.875
JVASP-43161,121.72,103.625
JVASP-70631,37.31,40.71875
JVASP-35992,93.0,97.1875
JVASP-64465,12.5,16.296875
JVASP-3783,38.47,28.484375
JVASP-17976,69.47,75.0
JVASP-20445,65.73,65.5625
JVASP-28370,26.47,20.453125
JVASP-18261,65.47,56.25
JVASP-68491,38.08,65.1875
JVASP-15647,115.77,106.0625
JVASP-69038,15.43,14.6328125
JVASP-85600,78.38,78.5
JVASP-22945,59.79,70.4375
JVASP-36455,30.43,28.046875
JVASP-74434,122.4,127.5625
JVASP-121022,71.03,65.3125
JVASP-70689,157.96,153.625
JVASP-52377,60.74,70.8125
JVASP-35854,62.11,62.59375
JVASP-69046,87.65,30.296875
JVASP-15207,123.78,120.375
JVASP-90653,206.08,197.5
JVASP-3240,36.56,28.234375
JVASP-65432,15.87,59.25
JVASP-117510,113.34,118.25
JVASP-29077,2.18,1.4521484
JVASP-118535,194.36,215.625
JVASP-38823,192.63,203.875
JVASP-37034,173.6,167.125
JVASP-117998,80.83,92.9375
JVASP-14203,24.56,20.3125
JVASP-18223,152.01,137.0
JVASP-102060,21.93,25.140625
JVASP-25367,12.63,9.46875
JVASP-68984,17.67,17.734375
JVASP-22592,35.76,27.34375
JVASP-9569,146.61,121.0
JVASP-94344,154.8,110.5625
JVASP-38864,179.37,162.75
JVASP-37395,70.63,59.71875
JVASP-15475,128.42,126.0
JVASP-961,42.57,31.25
JVASP-8118,213.53,200.375
JVASP-93279,78.0,78.5625
JVASP-1014,198.6,244.0
JVASP-79864,84.57,77.875
JVASP-39077,114.13,115.75
JVASP-9423,46.6,43.75
JVASP-19766,131.7,138.875
JVASP-116408,37.27,29.625
JVASP-41446,220.23,245.75
JVASP-15357,116.97,110.1875
JVASP-39152,55.74,50.21875
JVASP-36621,153.67,145.375
JVASP-26528,34.47,31.375
JVASP-52873,8.61,4.1640625
JVASP-16562,65.1,57.96875
JVASP-108883,128.24,143.875
JVASP-15644,133.67,156.625
JVASP-69883,95.63,88.125
JVASP-17773,56.87,44.625
JVASP-8153,193.24,200.75
JVASP-57240,81.74,75.625
JVASP-3888,20.3,20.09375
JVASP-41891,127.5,114.625
JVASP-25248,4.47,2.2890625
JVASP-15905,3.87,0.53759766
JVASP-18262,23.01,141.75
JVASP-114795,15.27,14.625
JVASP-14727,159.97,154.125
JVASP-9308,161.57,164.125
JVASP-118529,197.38,198.25
JVASP-116286,21.98,19.140625
JVASP-41382,161.8,144.375
JVASP-39970,231.37,241.625
JVASP-58373,67.88,65.3125
JVASP-14116,123.7,119.375
JVASP-16934,182.7,193.125
JVASP-106285,132.76,128.25
JVASP-11486,140.68,132.0
JVASP-95048,233.12,219.75
JVASP-100068,47.3,46.65625
JVASP-69260,32.03,27.859375
JVASP-65750,17.43,16.1875
JVASP-20407,95.9,98.75
JVASP-5275,23.07,20.03125
JVASP-8713,91.87,85.0
JVASP-8160,180.88,193.25
JVASP-112295,63.36,67.75
JVASP-86427,71.77,60.78125
JVASP-87104,26.23,24.34375
JVASP-120105,20.21,22.21875
JVASP-28707,40.61,19.90625
JVASP-106034,102.32,113.25
JVASP-3636,13.93,14.3203125
JVASP-118862,46.83,43.71875
JVASP-50080,141.77,122.5
JVASP-8819,40.22,60.1875
JVASP-10222,204.08,210.75
JVASP-67624,181.79,117.1875
JVASP-78473,112.34,115.8125
JVASP-67705,35.07,21.625
JVASP-26326,80.48,77.8125
JVASP-36502,25.77,31.625
JVASP-8007,202.3,78.0
JVASP-18741,107.53,120.0625
JVASP-16217,181.0,185.25
JVASP-46831,20.06,35.0625
JVASP-110485,36.89,31.796875
JVASP-48645,21.61,16.265625
JVASP-36145,200.13,207.125
JVASP-19683,83.77,82.6875
JVASP-62848,91.79,87.1875
JVASP-105886,0.0,24.4375
JVASP-54,70.51,64.5
JVASP-85697,59.13,60.0625
JVASP-114476,38.24,50.71875
JVASP-120264,34.39,41.96875
JVASP-52187,47.87,44.28125
JVASP-116262,17.17,14.9609375
JVASP-74089,0.0,34.3125
JVASP-65230,45.03,43.59375
JVASP-15077,144.66,129.625
JVASP-17931,75.07,61.90625
JVASP-20226,169.96,153.25
JVASP-21561,89.4,82.0625
JVASP-114022,77.07,94.5625
JVASP-16645,174.69,170.0
JVASP-17821,53.0,46.875
JVASP-72017,143.11,131.75
JVASP-29393,95.97,158.5
JVASP-17706,42.67,41.15625
JVASP-117693,71.12,57.8125
JVASP-71720,183.18,171.125
JVASP-30261,24.18,66.75
JVASP-40565,154.4,158.5
JVASP-17685,57.6,79.125
JVASP-115856,29.03,26.3125
JVASP-29789,54.96,64.625
JVASP-17886,43.53,42.46875
JVASP-56804,33.54,34.1875
JVASP-35185,21.87,17.9375
JVASP-36927,15.04,8.34375
JVASP-106962,48.03,45.6875
JVASP-117968,31.73,69.625
JVASP-17435,85.77,81.125
JVASP-14494,68.3,65.875
JVASP-14517,201.87,227.375
JVASP-117577,21.56,23.890625
JVASP-8587,37.78,33.875
JVASP-35201,38.28,43.78125
JVASP-1103,41.3,40.8125
JVASP-79946,234.47,225.875
JVASP-67245,0.0,73.5
JVASP-12781,110.53,102.375
JVASP-30264,31.58,29.046875
JVASP-65592,83.09,29.484375
JVASP-35735,189.07,181.75
JVASP-21935,76.42,73.875
JVASP-38503,44.14,41.9375
JVASP-19916,60.7,54.53125
JVASP-116030,31.76,24.859375
JVASP-57361,68.03,54.15625
JVASP-56740,94.0,85.375
JVASP-117739,44.07,38.21875
JVASP-36248,335.83,344.0
JVASP-82128,18.5,13.5078125
JVASP-25658,158.87,121.1875
JVASP-25059,112.56,112.625
JVASP-16055,54.26,72.4375
JVASP-16005,221.54,201.75
JVASP-2760,53.86,49.125
JVASP-75723,179.77,196.75
JVASP-15027,146.33,122.375
JVASP-2050,86.01,80.4375
JVASP-10856,70.62,66.625
JVASP-99760,94.03,107.0625
JVASP-70662,82.6,73.875
JVASP-37536,158.78,166.375
JVASP-114754,15.12,15.171875
JVASP-25656,72.4,64.5
JVASP-116674,45.94,54.46875
JVASP-66619,17.07,19.171875
JVASP-14888,75.63,72.375
JVASP-4699,196.26,194.0
JVASP-121152,32.4,35.8125
JVASP-13048,24.49,23.53125
JVASP-64578,15.73,12.46875
JVASP-21529,132.09,125.0625
JVASP-12373,90.2,83.0
JVASP-75788,1.22,21.53125
JVASP-12940,51.93,46.5
JVASP-74740,38.64,30.109375
JVASP-36636,168.8,160.0
JVASP-17893,31.1,27.671875
JVASP-17969,89.18,90.625
JVASP-12548,84.71,57.46875
JVASP-8148,31.36,24.765625
JVASP-65413,67.91,69.25
JVASP-23920,48.04,55.0
JVASP-36164,202.17,200.125
JVASP-73967,177.28,141.5
JVASP-115546,15.61,10.1484375
JVASP-16622,259.07,273.25
JVASP-66210,22.2,15.8984375
JVASP-9409,182.82,183.25
JVASP-33896,15.22,10.328125
JVASP-19802,203.71,174.25
JVASP-67844,151.6,164.5
JVASP-75451,0.87,19.3125
JVASP-106007,99.0,68.875
JVASP-36187,14.26,10.4921875
JVASP-93408,86.88,92.25
JVASP-22519,33.78,49.0625
JVASP-113566,66.56,74.0
JVASP-15587,57.61,52.78125
JVASP-120025,10.38,11.515625
JVASP-106271,57.1,55.75
JVASP-117589,39.92,43.5625
JVASP-36602,189.53,179.375
JVASP-57806,50.87,50.625
JVASP-8213,71.28,71.6875
JVASP-94280,72.97,75.875
JVASP-12612,104.03,132.75
JVASP-66852,53.97,50.96875
JVASP-16596,211.33,215.875
JVASP-67116,72.13,68.4375
JVASP-9586,172.14,178.875
JVASP-114630,35.0,32.9375
JVASP-106325,152.1,137.25
JVASP-12533,21.97,15.0703125
JVASP-65003,135.11,123.1875
JVASP-8717,65.57,64.0625
JVASP-120940,17.02,11.0
JVASP-92618,58.2,60.5625
JVASP-56562,140.9,121.4375
JVASP-15006,84.54,78.6875
JVASP-25295,26.31,20.28125
JVASP-114642,27.4,37.4375
JVASP-93707,115.5,154.25
JVASP-42256,180.32,163.75
JVASP-17636,58.63,57.75
JVASP-51392,36.61,30.125
JVASP-41262,236.63,225.75
JVASP-28573,0.26,16.140625
JVASP-36339,11.17,12.375
JVASP-17889,92.72,89.6875
JVASP-30196,147.02,154.25
JVASP-15163,73.8,66.6875
JVASP-68285,145.54,130.5
JVASP-80112,215.67,216.75
JVASP-91617,183.77,183.125
JVASP-120991,33.92,24.390625
JVASP-72470,168.49,164.625
JVASP-92223,50.1,48.4375
JVASP-120961,29.29,25.578125
JVASP-93307,84.06,74.25
JVASP-117639,13.99,4.9257812
JVASP-93923,32.31,36.84375
JVASP-16041,78.29,67.9375
JVASP-118520,46.49,47.3125
JVASP-16914,23.66,23.546875
JVASP-18133,225.17,213.5
JVASP-118421,42.82,36.6875
JVASP-51728,49.7,53.9375
JVASP-70364,185.19,186.375
JVASP-94874,88.6,84.5625
JVASP-15096,133.77,119.0
JVASP-29119,2.65,6.296875
JVASP-17827,85.92,78.9375
JVASP-16345,60.86,53.4375
JVASP-91513,194.97,178.75
JVASP-1981,45.27,27.921875
JVASP-4969,56.8,50.21875
JVASP-36372,283.0,262.0
JVASP-7741,71.49,63.90625
JVASP-111660,120.46,132.875
JVASP-16489,184.51,183.875
JVASP-18837,130.17,121.3125
JVASP-22624,49.53,44.875
JVASP-86533,56.9,66.375
JVASP-28777,5.03,42.25
JVASP-35242,70.38,76.5625
JVASP-60638,19.46,15.7578125
JVASP-105627,29.17,20.75
JVASP-64917,217.97,205.5
JVASP-122985,124.73,101.6875
JVASP-3732,52.27,46.59375
JVASP-16900,34.68,33.15625
JVASP-121026,175.87,181.0
JVASP-103400,0.0,148.0
JVASP-17445,83.54,83.0
JVASP-117713,-0.63,3.6132812
JVASP-8451,96.67,125.4375
JVASP-67428,44.37,35.75
JVASP-48608,64.83,65.9375
JVASP-65646,33.4,27.921875
JVASP-25052,25.97,27.921875
JVASP-16557,29.17,24.359375
JVASP-75805,83.97,58.53125
JVASP-17321,303.51,340.0
JVASP-71092,91.98,83.1875
JVASP-107,213.34,218.125
JVASP-17314,123.39,97.4375
JVASP-14848,63.47,57.40625
JVASP-39162,107.53,106.5
JVASP-43372,121.37,101.375
JVASP-106223,37.87,33.875
JVASP-65271,96.82,96.6875
JVASP-36972,18.29,17.234375
JVASP-116294,55.8,60.9375
JVASP-12074,52.91,74.5625
JVASP-19673,209.57,213.625
JVASP-18588,38.85,41.71875
JVASP-10031,107.56,87.3125
JVASP-54820,98.64,96.4375
JVASP-106193,12.22,13.6640625
JVASP-7699,77.3,70.875
JVASP-67666,99.69,106.0
JVASP-56871,38.34,22.078125
JVASP-71960,129.83,131.875
JVASP-42095,33.39,34.96875
JVASP-14869,119.27,112.4375
JVASP-65143,196.17,188.875
JVASP-22458,29.44,21.921875
JVASP-10291,15.33,6.6835938
JVASP-118293,77.87,82.3125
JVASP-9209,136.56,139.625
JVASP-29661,19.42,9.0546875
JVASP-36505,21.37,17.453125
JVASP-56716,91.0,82.5
JVASP-115270,36.09,27.890625
JVASP-71902,91.44,60.46875
JVASP-100065,0.17,117.0625
JVASP-85416,44.91,48.125
JVASP-35731,248.5,262.5
JVASP-38644,144.7,146.0
JVASP-28541,62.06,64.1875
JVASP-2994,42.44,36.5
JVASP-115740,340.34,335.0
JVASP-39935,57.97,52.90625
JVASP-59666,62.0,58.3125
JVASP-25237,2.64,32.375
JVASP-50964,17.81,16.015625
JVASP-12574,84.82,65.5
JVASP-99757,87.07,70.5
JVASP-85217,30.38,27.25
JVASP-35405,48.37,42.9375
JVASP-35414,140.18,131.5
JVASP-90779,89.92,83.625
JVASP-105981,46.76,45.03125
JVASP-10168,73.9,86.875
JVASP-12143,29.37,26.09375
JVASP-41268,176.97,179.375
JVASP-78748,23.07,20.625
JVASP-107556,32.61,31.828125
JVASP-43810,51.54,35.625
JVASP-28471,0.29,21.046875
JVASP-9083,117.53,118.375
JVASP-38295,9.08,4.4023438
JVASP-7828,69.32,65.75
JVASP-17188,168.07,155.875
JVASP-90160,48.98,48.875
JVASP-8570,29.04,23.0
JVASP-65316,39.86,31.75
JVASP-1459,98.0,91.5
JVASP-1008,36.5,31.171875
JVASP-1462,53.76,38.09375
JVASP-67726,34.96,26.8125
JVASP-50804,69.47,73.6875
JVASP-8375,109.92,110.875
JVASP-36163,165.77,161.875
JVASP-37286,56.03,54.3125
JVASP-40498,101.97,108.5625
JVASP-17632,228.8,209.375
JVASP-38574,35.37,26.3125
JVASP-85662,2.64,12.40625
JVASP-56308,74.73,73.5
JVASP-1207,40.9,36.3125
JVASP-101027,57.13,62.875
JVASP-95175,21.67,21.71875
JVASP-40551,152.63,133.375
JVASP-106270,59.0,58.96875
JVASP-99998,90.29,83.5625
JVASP-21625,101.2,91.5625
JVASP-10327,129.36,124.4375
JVASP-7649,43.16,40.25
JVASP-71249,0.0,28.4375
JVASP-41658,45.93,38.90625
JVASP-25017,81.87,99.5
JVASP-5281,4.82,13.078125
JVASP-102454,88.67,93.5625
JVASP-115367,9.78,20.171875
JVASP-16295,147.73,187.0
JVASP-11723,87.72,96.5625
JVASP-24661,9.6,11.34375
JVASP-120099,5.21,10.3828125
JVASP-4519,39.37,53.625
JVASP-118657,32.92,43.6875
JVASP-10180,124.09,136.625
JVASP-87072,13.99,20.84375
JVASP-114375,123.91,119.625
JVASP-37347,92.61,97.375
JVASP-5098,84.41,98.5
JVASP-33004,14.3,34.4375
JVASP-4080,14.66,24.40625
JVASP-43602,48.7,54.125
JVASP-1717,39.97,35.9375
JVASP-7836,378.17,367.5
JVASP-21717,31.63,36.0
JVASP-114205,77.06,71.4375
JVASP-2781,51.01,54.28125
JVASP-41857,115.5,101.9375
JVASP-36258,111.0,120.6875
JVASP-17547,103.72,104.0
JVASP-25416,283.4,301.75
JVASP-1924,17.87,22.296875
JVASP-86460,134.53,139.875
JVASP-47677,68.56,89.25
JVASP-86297,16.91,17.8125
JVASP-51025,41.66,46.96875
JVASP-9443,51.0,69.3125
JVASP-29311,44.92,49.75
JVASP-9528,40.71,43.09375
JVASP-17784,194.6,207.375
JVASP-53299,146.13,141.125
JVASP-7766,150.43,164.75
JVASP-105668,0.0,34.28125
JVASP-25212,13.9,14.421875
JVASP-20260,77.47,79.9375
JVASP-40367,19.9,28.296875
JVASP-99449,77.78,87.5625
JVASP-97034,20.18,87.375
JVASP-11671,110.29,100.25
JVASP-16363,135.03,129.0
JVASP-68603,55.11,56.46875
JVASP-8666,22.39,25.40625
JVASP-10215,21.46,31.9375
JVASP-25296,3.13,9.1875
JVASP-122931,65.8,75.3125
JVASP-9286,70.09,94.5625
JVASP-65376,38.03,43.90625
JVASP-8360,82.66,98.375
JVASP-38305,134.67,147.375
JVASP-9918,38.01,28.078125
JVASP-115789,105.67,113.75
JVASP-3288,45.49,53.75
JVASP-9644,28.31,55.3125
JVASP-10216,68.78,79.375
JVASP-8698,21.26,28.71875
JVASP-53482,17.43,24.8125
JVASP-51254,16.47,20.203125
JVASP-74989,13.41,17.28125
JVASP-65633,31.13,31.265625
JVASP-25382,4.33,7.1601562
JVASP-29782,128.84,137.875
JVASP-69501,75.36,70.4375
JVASP-16021,73.67,82.25
JVASP-86539,33.86,49.4375
JVASP-105721,12.69,15.1875
JVASP-16770,126.83,123.9375
JVASP-86765,40.24,57.40625
JVASP-19728,148.7,149.5
JVASP-42568,134.89,137.125
JVASP-12913,18.38,18.546875
JVASP-115896,75.63,61.5
JVASP-89307,89.51,86.8125
JVASP-36765,127.37,129.875
JVASP-20468,99.92,97.125
JVASP-2820,31.73,39.09375
JVASP-9598,143.14,167.0
JVASP-1876,142.79,164.875
JVASP-9436,154.72,168.375
JVASP-19764,124.2,108.6875
JVASP-20470,70.4,73.9375
JVASP-111668,192.52,213.5
JVASP-118821,-1.29,-0.51123047
JVASP-36960,16.27,21.203125
JVASP-110499,25.63,31.640625
JVASP-10125,18.74,16.0
JVASP-8063,33.71,35.53125
JVASP-1663,47.14,37.375
JVASP-90889,26.64,28.578125
JVASP-30380,79.63,105.5
JVASP-3906,22.74,24.28125
JVASP-86878,160.64,170.375
JVASP-18764,103.8,95.5625
JVASP-14761,23.67,29.640625
JVASP-7939,50.56,53.4375
JVASP-9482,120.5,147.625
JVASP-23757,187.47,177.25
JVASP-80722,79.74,89.6875
JVASP-34483,101.26,101.6875
JVASP-74513,206.03,199.875
JVASP-73927,112.61,118.4375
JVASP-35693,105.82,117.0625
JVASP-38826,181.53,193.375
JVASP-44357,147.14,153.875
JVASP-118306,42.26,111.5
JVASP-72261,169.94,177.125
JVASP-16544,184.07,170.75
JVASP-50921,133.87,147.125
JVASP-29613,23.93,30.328125
JVASP-8696,26.8,34.625
JVASP-74656,60.3,59.6875
JVASP-68215,246.98,251.625
JVASP-20477,35.92,47.34375
JVASP-14754,60.9,63.03125
JVASP-116001,25.49,34.4375
JVASP-29542,14.63,16.921875
JVASP-14508,131.5,130.125
JVASP-8658,70.18,68.5625
JVASP-7986,166.97,160.625
JVASP-28682,2.91,39.9375
JVASP-49837,125.3,129.5
JVASP-115780,100.28,106.0
JVASP-115418,29.53,26.53125
JVASP-12136,67.24,64.5625
JVASP-12497,125.93,108.3125
JVASP-122954,47.67,52.59375
JVASP-74880,49.52,52.21875
JVASP-15635,177.82,148.125
JVASP-71601,133.47,130.75
JVASP-37012,83.96,82.5625
JVASP-99874,130.37,158.875
JVASP-353,125.91,115.5
JVASP-115595,34.84,29.3125
JVASP-75625,172.8,167.375
JVASP-21539,64.63,68.4375
JVASP-2544,128.57,112.9375
JVASP-67870,220.26,192.125
JVASP-14806,51.31,105.9375
JVASP-120092,18.74,15.078125
JVASP-10053,237.36,237.25
JVASP-311,188.01,161.375
JVASP-51714,42.22,43.15625
JVASP-18026,363.07,334.25
JVASP-115068,97.33,96.1875
JVASP-11726,146.21,126.5
JVASP-74242,20.32,38.375
JVASP-44431,69.49,77.25
JVASP-115319,-1.34,2.2617188
JVASP-8793,17.77,19.40625
JVASP-35977,178.63,184.75
JVASP-3195,94.16,92.0625
JVASP-1612,54.28,39.34375
JVASP-54379,31.8,27.765625
JVASP-8571,50.41,45.1875
JVASP-11052,26.24,31.828125
JVASP-14831,95.39,75.125
JVASP-13360,91.73,97.6875
JVASP-17742,57.74,61.5
JVASP-62771,24.53,33.5625
JVASP-37065,49.99,39.75
JVASP-12906,18.83,24.75
JVASP-68961,88.72,92.1875
JVASP-38843,141.81,127.1875
JVASP-66732,123.01,116.3125
JVASP-18058,117.24,92.875
JVASP-79112,100.98,107.375
JVASP-1600,89.11,95.3125
JVASP-35137,163.72,180.625
JVASP-36447,40.93,41.09375
JVASP-99731,35.9,25.015625
JVASP-105642,51.03,52.59375
JVASP-92744,21.7,23.671875
JVASP-107051,51.19,47.6875
JVASP-51097,117.97,114.3125
JVASP-114542,7.78,9.8203125
JVASP-54621,67.27,70.1875
JVASP-114135,14.18,12.5703125
JVASP-38026,157.07,149.875
JVASP-8706,125.46,122.1875
JVASP-35212,19.76,19.953125
JVASP-26380,87.12,90.0625
JVASP-118743,119.74,133.125
JVASP-121273,44.08,51.09375
JVASP-103598,98.96,97.9375
JVASP-7725,124.74,95.5
JVASP-9268,91.5,81.625
JVASP-67766,39.39,32.3125
JVASP-71782,176.88,171.125
JVASP-114823,63.32,69.1875
JVASP-30673,80.61,65.6875
JVASP-79923,219.77,207.375
JVASP-2802,21.67,22.859375
JVASP-11509,87.74,110.1875
JVASP-66437,19.33,22.140625
JVASP-53451,178.12,181.375
JVASP-32778,22.58,26.46875
JVASP-11792,136.58,153.375
JVASP-15978,68.24,70.3125
JVASP-11322,99.77,97.125
JVASP-20379,97.74,95.6875
JVASP-33799,13.43,12.984375
JVASP-19931,109.99,95.1875
JVASP-17550,68.44,66.9375
JVASP-2301,109.8,104.0625
JVASP-118548,11.96,8.9140625
JVASP-41606,85.77,79.6875
JVASP-24390,129.69,140.375
JVASP-93438,232.99,205.0
JVASP-12908,200.41,180.75
JVASP-52299,200.2,171.125
JVASP-107660,12.4,11.0
JVASP-115035,25.47,22.546875
JVASP-57086,20.19,19.734375
JVASP-71730,88.5,104.8125
JVASP-39168,123.2,129.25
JVASP-15065,45.32,40.71875
JVASP-92676,121.82,110.4375
JVASP-28948,2.99,8.1953125
JVASP-16571,121.7,108.9375
JVASP-12701,71.54,66.6875
JVASP-16405,59.52,62.59375
JVASP-90680,21.69,31.265625
JVASP-17258,36.23,19.46875
JVASP-1257,153.57,132.25
JVASP-35611,128.23,106.5
JVASP-8129,28.22,26.859375
JVASP-19672,64.97,70.4375
JVASP-22532,14.26,18.296875
JVASP-10013,79.99,72.4375
JVASP-16284,84.6,84.25
JVASP-106198,143.78,128.375
JVASP-13069,24.53,32.84375
JVASP-117818,28.34,30.609375
JVASP-40024,226.27,208.25
JVASP-13096,67.24,75.1875
JVASP-18529,22.07,27.109375
JVASP-51048,68.53,60.1875
JVASP-16929,117.3,100.125
JVASP-17252,49.29,74.5625
JVASP-57237,133.6,128.125
JVASP-69035,88.01,53.4375
JVASP-350,186.29,198.125
JVASP-115573,48.83,47.21875
JVASP-38070,46.37,52.90625
JVASP-114960,9.69,9.5234375
JVASP-7756,196.37,179.5
JVASP-64406,15.93,12.3203125
JVASP-113457,17.27,16.265625
JVASP-102955,0.0,68.8125
JVASP-43652,63.21,60.21875
JVASP-110216,61.52,56.96875
JVASP-115476,79.36,92.0
JVASP-18421,17.64,14.5625
JVASP-28529,63.43,74.8125
JVASP-14784,99.2,105.875
JVASP-74395,43.12,42.84375
JVASP-35356,226.89,230.25
JVASP-8828,39.17,40.40625
JVASP-8071,62.52,64.0625
JVASP-25069,46.73,53.65625
JVASP-110202,43.48,50.28125
JVASP-36229,95.83,100.8125
JVASP-14629,17.17,11.65625
JVASP-70753,68.36,68.5625
JVASP-110466,129.9,129.75
JVASP-54760,26.68,25.4375
JVASP-110506,126.37,147.625
JVASP-69363,20.4,21.78125
JVASP-19684,176.27,164.625
JVASP-25217,47.97,48.8125
JVASP-29317,48.13,41.625
JVASP-101267,12.74,13.5703125
JVASP-34203,55.2,48.71875
JVASP-50995,42.78,58.375
JVASP-984,260.7,243.0
JVASP-25064,76.27,84.375
JVASP-38215,12.69,13.0703125
JVASP-99668,50.28,59.5
JVASP-3369,36.89,34.96875
JVASP-106243,65.97,73.0
JVASP-16658,4.31,7.1523438
JVASP-51417,64.47,69.125
JVASP-100591,281.39,283.0
JVASP-16631,24.67,205.75
JVASP-25385,35.61,37.53125
JVASP-37938,19.18,25.65625
JVASP-114600,9.14,34.8125
JVASP-8280,29.69,21.578125
JVASP-20436,188.58,193.0
JVASP-40603,78.53,83.125
JVASP-12594,63.23,59.71875
JVASP-8818,45.06,53.0
JVASP-44747,145.57,157.25
JVASP-36958,13.2,21.046875
JVASP-29398,32.14,38.15625
JVASP-8729,148.6,151.5
JVASP-69916,68.83,73.625
JVASP-121219,72.26,59.625
JVASP-8785,65.27,66.0
JVASP-15923,277.01,262.25
JVASP-111504,0.0,40.6875
JVASP-40918,70.93,73.4375
JVASP-35514,97.26,98.25
JVASP-111701,28.08,35.1875
JVASP-66797,65.82,60.65625
JVASP-17986,38.77,44.5
JVASP-12135,28.47,30.8125
JVASP-9283,94.1,141.375
JVASP-14176,130.88,135.0
JVASP-90627,168.5,163.0
JVASP-120023,37.01,37.03125
JVASP-65573,0.0,17.25
JVASP-36496,23.93,37.4375
JVASP-100152,26.16,25.984375
JVASP-65454,88.8,91.0625
JVASP-36471,53.33,59.28125
JVASP-65046,52.44,40.375
JVASP-37331,147.27,175.375
JVASP-17404,30.9,46.125
JVASP-109708,173.11,165.125
JVASP-30522,0.0,174.125
JVASP-25133,36.07,39.375
JVASP-14273,82.74,83.6875
JVASP-57544,91.06,101.25
JVASP-86459,174.9,182.75
JVASP-91610,84.07,79.625
JVASP-17599,111.28,113.1875
JVASP-86850,23.53,16.265625
JVASP-26725,67.46,72.5625
JVASP-40233,123.37,124.375
JVASP-2277,37.2,34.375
JVASP-74667,41.47,49.9375
JVASP-25632,24.09,23.875
JVASP-15893,152.6,155.375
JVASP-40366,80.57,80.1875
JVASP-10974,170.16,159.875
JVASP-120277,91.09,92.25
JVASP-1411,45.43,68.4375
JVASP-8636,202.3,191.75
JVASP-51428,37.49,42.8125
JVASP-115413,35.94,36.90625
JVASP-113653,138.27,108.9375
JVASP-71143,112.5,125.4375
JVASP-120216,28.0,24.984375
JVASP-8131,114.52,126.1875
JVASP-16714,100.26,88.25
JVASP-38217,7.21,7.4375
JVASP-535,54.52,57.96875
JVASP-25268,8.97,10.9453125
JVASP-74660,38.31,35.71875
JVASP-34263,75.37,73.75
JVASP-118789,63.59,60.28125
JVASP-117981,47.62,63.21875
JVASP-28452,45.58,46.28125
JVASP-113511,137.71,147.625
JVASP-110,139.67,147.375
JVASP-75827,0.19,-6.9570312
JVASP-7632,38.37,43.9375
JVASP-71001,0.0,148.375
JVASP-23863,36.51,34.375
JVASP-56576,49.98,59.03125
JVASP-70459,114.41,106.25
JVASP-116278,20.99,25.015625
JVASP-74180,40.87,42.1875
JVASP-12365,64.09,47.40625
JVASP-86963,74.89,89.9375
JVASP-99758,31.11,32.53125
JVASP-40827,84.37,95.9375
JVASP-35205,106.22,109.6875
JVASP-50316,94.02,103.5
JVASP-36156,91.58,92.75
JVASP-87928,113.28,129.0
JVASP-9719,149.03,162.5
JVASP-106696,66.1,71.0625
JVASP-3237,55.2,57.125
JVASP-11542,139.69,146.0
JVASP-120156,83.02,81.125
JVASP-34236,173.36,182.5
JVASP-8060,85.48,94.625
JVASP-1867,159.89,195.5
JVASP-45967,128.7,119.375
JVASP-117753,111.54,127.6875
JVASP-34455,70.9,82.5625
JVASP-85817,165.37,194.875
JVASP-101060,84.73,77.125
JVASP-17512,81.47,82.25
JVASP-64208,14.9,13.9296875
JVASP-114057,28.52,21.4375
JVASP-117621,17.84,28.203125
JVASP-74467,56.93,53.09375
JVASP-71992,95.53,111.125
JVASP-51262,62.0,63.34375
JVASP-25264,3.82,4.5078125
JVASP-54829,17.19,26.171875
JVASP-115651,-4.52,0.05392456
JVASP-39765,85.07,89.875
JVASP-37361,60.06,58.53125
JVASP-109796,88.21,72.5
JVASP-67632,45.31,48.125
JVASP-116393,53.32,59.4375
JVASP-12750,65.06,58.03125
JVASP-53552,23.47,21.796875
JVASP-53265,225.43,220.75
JVASP-17787,77.57,57.40625
JVASP-8120,76.91,74.75
JVASP-9799,76.5,58.21875
JVASP-12833,26.06,22.921875
JVASP-54225,86.03,92.0625
JVASP-51400,29.61,37.1875
JVASP-11958,101.07,92.25
JVASP-72771,129.82,112.9375
JVASP-116148,32.86,36.09375
JVASP-37399,31.39,37.1875
JVASP-8770,20.11,12.96875
JVASP-36470,33.63,30.765625
JVASP-47054,135.7,133.0
JVASP-37167,44.09,41.5
JVASP-32781,6.91,12.5703125
JVASP-36917,61.87,57.875
JVASP-12302,95.57,87.0625
JVASP-15763,43.33,48.84375
JVASP-65746,44.51,41.46875
JVASP-39436,76.29,64.5
JVASP-100617,70.21,64.25
JVASP-104161,41.14,35.75
JVASP-34002,47.52,36.28125
JVASP-89992,124.6,170.375
JVASP-68224,148.5,142.125
JVASP-115551,25.32,25.078125
JVASP-114311,86.81,122.0625
JVASP-8439,199.13,201.375
JVASP-117811,7.34,13.1015625
JVASP-36278,300.3,69.125
JVASP-13322,64.83,60.5625
JVASP-113637,15.67,17.1875
JVASP-49763,113.96,121.25
JVASP-16924,190.37,187.625
JVASP-39850,130.97,119.75
JVASP-39222,203.67,187.625
JVASP-15815,82.2,83.4375
JVASP-19084,100.53,90.0625
JVASP-41385,220.97,227.25
JVASP-91266,67.77,65.9375
JVASP-13849,91.88,87.0
JVASP-37239,75.96,66.875
JVASP-22450,65.37,58.375
JVASP-2457,41.47,44.78125
JVASP-2130,74.27,76.625
JVASP-17455,167.23,175.125
JVASP-17403,139.6,141.125
JVASP-66027,20.13,20.5
JVASP-19789,84.44,76.8125
JVASP-17393,175.88,178.25
JVASP-115417,21.86,20.21875
JVASP-69329,30.5,26.96875
JVASP-9169,56.04,49.6875
JVASP-9449,157.6,164.125
JVASP-118810,8.38,9.453125
JVASP-91591,112.64,93.4375
JVASP-9621,150.6,138.25
JVASP-19902,72.37,67.0
JVASP-18847,82.73,84.5625
JVASP-10998,145.73,151.5
JVASP-75637,96.7,89.0625
JVASP-37545,224.82,222.125
JVASP-18204,36.43,37.375
JVASP-7812,36.54,28.28125
JVASP-94359,99.52,103.125
JVASP-115328,43.31,37.4375
JVASP-107533,50.96,54.625
JVASP-70903,0.0,83.0
JVASP-49880,125.49,114.4375
JVASP-27170,25.28,18.296875
JVASP-26329,80.46,89.5
JVASP-41484,128.2,128.5
JVASP-71320,0.0,57.09375
JVASP-16162,119.12,120.0
JVASP-38871,213.87,223.375
JVASP-15196,114.11,108.5625
JVASP-25022,102.58,107.25
JVASP-68422,44.56,42.96875
JVASP-37052,149.07,150.625
JVASP-14542,218.97,223.0
JVASP-107219,13.53,12.640625
JVASP-14781,132.57,128.625
JVASP-1813,48.53,45.3125
JVASP-106314,123.5,146.125
JVASP-29401,60.64,53.125
JVASP-114728,92.54,92.0
JVASP-69277,22.73,23.90625
JVASP-17478,65.11,68.625
JVASP-14525,171.37,125.5625
JVASP-1369,165.37,161.875
JVASP-14632,134.96,130.875
JVASP-118749,51.34,57.75
JVASP-17679,150.92,152.625
JVASP-50835,63.12,57.6875
JVASP-66241,14.4,22.96875
JVASP-16218,155.67,137.375
JVASP-22665,11.21,13.515625
JVASP-18864,153.87,120.8125
JVASP-37044,202.93,178.875
JVASP-18578,52.64,43.5625
JVASP-38464,18.63,15.0546875
JVASP-17949,32.6,31.0625
JVASP-57819,49.11,48.5625
JVASP-29428,43.28,49.53125
JVASP-23865,55.62,55.1875
JVASP-11968,180.47,152.125
JVASP-9142,158.82,135.75
JVASP-9574,39.48,45.84375
JVASP-8246,37.52,54.40625
JVASP-65178,6.8,6.046875
JVASP-115350,106.73,110.1875
JVASP-23783,138.19,135.25
JVASP-103278,221.67,197.0
JVASP-85305,25.8,28.203125
JVASP-111045,38.93,40.75
JVASP-85301,15.29,9.3671875
JVASP-70938,59.17,59.0
JVASP-39091,88.13,73.8125
JVASP-14992,22.5,29.53125
JVASP-1711,38.53,39.625
JVASP-118892,34.63,30.34375
JVASP-79576,134.61,161.75
JVASP-74507,60.83,57.875
JVASP-103651,273.3,231.375
JVASP-100999,88.62,83.875
JVASP-15108,89.87,84.125
JVASP-13883,83.66,86.75
JVASP-61484,156.06,118.4375
JVASP-17585,156.44,161.75
JVASP-116094,16.52,16.140625
JVASP-3756,23.4,21.28125
JVASP-8827,138.91,115.1875
JVASP-54692,73.46,83.625
JVASP-100371,0.1,92.8125
JVASP-25353,386.83,341.75
JVASP-17527,192.73,169.375
JVASP-74388,168.97,152.875
JVASP-65717,13.14,11.4140625
JVASP-49814,75.48,71.5
JVASP-20364,198.12,183.75
JVASP-68210,236.97,200.875
JVASP-14818,175.67,165.125
JVASP-107394,154.93,167.625
JVASP-30203,49.58,57.28125
JVASP-20822,74.49,69.1875
JVASP-71641,61.12,229.875
JVASP-14096,33.36,28.625
JVASP-12473,32.81,34.1875
JVASP-11311,75.57,68.75
JVASP-85713,23.69,28.25
JVASP-114141,4.26,16.75
JVASP-14582,65.33,147.125
JVASP-36991,19.96,16.296875
JVASP-77567,46.04,46.28125
JVASP-54307,155.08,126.25
JVASP-13380,43.44,44.5
JVASP-8742,172.87,144.375
JVASP-65062,23.03,27.640625
JVASP-35109,184.0,182.25
JVASP-68228,115.77,103.125
JVASP-14541,51.57,61.53125
JVASP-28717,36.21,30.953125
JVASP-40683,66.69,50.625
JVASP-28554,35.38,41.15625
JVASP-7864,225.63,181.875
JVASP-68920,83.72,82.5625
JVASP-15521,144.42,131.375
JVASP-18949,60.7,56.6875
JVASP-87002,143.47,137.25
JVASP-114934,22.86,18.546875
JVASP-71828,69.56,69.9375
JVASP-70212,0.0,67.1875
JVASP-67951,174.0,146.0
JVASP-16498,76.33,65.5
JVASP-9157,133.4,129.25
JVASP-3543,35.98,38.84375
JVASP-8175,165.47,163.875
JVASP-79269,20.52,24.34375
JVASP-9625,106.16,84.1875
JVASP-118308,62.48,39.125
JVASP-114347,156.06,155.0
JVASP-105921,108.26,97.6875
JVASP-38856,146.13,134.875
JVASP-116124,30.39,44.28125
JVASP-70230,80.24,68.125
JVASP-9676,66.4,62.4375
JVASP-65298,6.63,10.0390625
JVASP-116383,61.54,66.0625
JVASP-7833,25.8,36.8125
JVASP-14265,342.68,310.0
JVASP-105860,16.21,20.65625
JVASP-25266,3.83,0.42089844
JVASP-8626,122.49,111.4375
JVASP-71519,191.07,180.875
JVASP-49898,21.64,18.171875
JVASP-118532,151.41,132.875
JVASP-50744,63.53,70.125
JVASP-111849,149.02,140.625
JVASP-118350,21.5,27.609375
JVASP-34208,141.36,139.5
JVASP-234,104.28,107.5625
JVASP-59633,35.51,58.5625
JVASP-90103,37.48,33.53125
JVASP-116178,24.91,21.1875
JVASP-9792,134.26,121.9375
JVASP-51128,161.5,155.125
JVASP-49909,89.2,84.0625
JVASP-35958,170.03,154.125
JVASP-34390,99.4,95.0625
JVASP-18242,45.4,50.90625
JVASP-111128,27.2,25.46875
JVASP-40912,56.06,64.0
JVASP-16386,34.63,34.25
JVASP-12477,110.84,107.625
JVASP-19797,104.57,102.0
JVASP-28515,33.64,12.3515625
JVASP-36269,93.43,100.1875
JVASP-91928,190.93,198.125
JVASP-99952,135.63,126.6875
JVASP-102320,32.44,55.59375
JVASP-13086,105.8,98.625
JVASP-28721,38.84,24.1875
JVASP-20418,74.37,75.125
JVASP-9447,33.26,36.34375
JVASP-33813,12.46,18.78125
JVASP-11738,151.19,137.25
JVASP-8603,111.52,93.0
JVASP-10240,66.34,66.8125
JVASP-9373,57.87,58.0
JVASP-59285,113.74,104.3125
JVASP-64995,103.13,96.5
JVASP-17757,115.53,103.875
JVASP-15049,81.67,91.9375
JVASP-104835,133.04,122.9375
JVASP-15806,46.47,50.96875
JVASP-114726,50.1,48.4375
JVASP-37350,60.33,70.0625
JVASP-99732,37.13,40.96875
JVASP-15642,219.77,177.5
JVASP-16678,96.09,96.1875
JVASP-100817,39.07,38.84375
JVASP-120964,17.93,11.3359375
JVASP-15784,122.66,109.3125
JVASP-33032,6.8,12.4453125
JVASP-15758,35.78,44.25
JVASP-28769,41.2,30.71875
JVASP-92520,22.33,24.3125
JVASP-36328,24.37,30.9375
JVASP-102928,72.43,76.875
JVASP-115994,24.72,24.21875
JVASP-30583,114.39,69.75
JVASP-28422,63.47,47.125
JVASP-18946,73.33,69.3125
JVASP-93776,148.07,125.8125
JVASP-120989,33.21,27.609375
JVASP-43079,69.46,68.5625
JVASP-64889,83.49,74.875
JVASP-7661,40.42,39.375
JVASP-8595,17.07,14.078125
JVASP-85765,10.63,11.8046875
JVASP-35103,71.98,73.0
JVASP-118752,10.4,11.234375
JVASP-8215,38.2,31.96875
JVASP-103541,0.14,70.0
JVASP-35689,143.21,122.8125
JVASP-69096,33.39,38.46875
JVASP-8300,322.1,297.75
JVASP-36617,238.43,198.75
JVASP-110446,50.59,50.65625
JVASP-24307,34.43,24.03125
JVASP-36157,24.58,26.109375
JVASP-8583,46.07,41.5
JVASP-100202,196.27,168.375
JVASP-120159,55.6,77.375
JVASP-18715,180.37,136.25
JVASP-90847,58.68,58.1875
JVASP-51680,47.26,45.53125
JVASP-11178,70.63,63.125
JVASP-110725,28.03,24.140625
JVASP-9408,50.59,56.25
JVASP-93220,191.63,163.625
JVASP-10970,17.77,11.328125
JVASP-15887,282.31,237.375
JVASP-23408,238.18,223.0
JVASP-8345,327.67,288.25
JVASP-24958,22.27,24.265625
JVASP-24912,19.53,11.1328125
JVASP-15831,20.77,23.8125
JVASP-18137,25.62,141.125
JVASP-109547,21.57,35.84375
JVASP-18546,185.17,175.375
JVASP-59647,74.63,83.25
JVASP-115405,133.1,125.8125
JVASP-115216,70.52,79.625
JVASP-33312,9.27,12.7265625
JVASP-28474,34.91,27.125
JVASP-2652,34.67,26.6875
JVASP-16774,135.38,116.4375
JVASP-8363,82.4,73.1875
JVASP-119959,24.06,21.15625
JVASP-41570,82.4,79.3125
JVASP-121235,54.97,52.84375
JVASP-3603,85.38,86.375
JVASP-9577,57.56,60.25
JVASP-29884,40.76,44.6875
JVASP-12919,50.61,34.84375
JVASP-20399,84.27,78.4375
JVASP-70665,94.82,89.0625
JVASP-116318,51.09,48.90625
JVASP-8765,13.47,17.015625
JVASP-39514,48.83,50.375
JVASP-17502,162.57,137.375
JVASP-1085,57.43,51.90625
JVASP-71659,18.11,122.5625
JVASP-40282,37.87,34.46875
JVASP-114453,-0.64,1.609375
JVASP-79261,97.79,91.25
JVASP-11984,339.58,333.5
JVASP-12144,36.77,30.234375
JVASP-110559,42.62,48.9375
JVASP-79329,41.83,47.84375
JVASP-14739,175.16,153.625
JVASP-11690,122.22,114.0625
JVASP-62335,132.17,140.5
JVASP-11370,131.82,132.25
JVASP-19357,152.37,124.625
JVASP-92632,48.3,53.375
JVASP-36401,320.7,275.75
JVASP-120392,91.97,89.8125
JVASP-101714,68.47,75.5
JVASP-117655,91.09,75.9375
JVASP-16715,129.13,130.5
JVASP-109052,34.69,73.5625
JVASP-54812,168.38,142.375
JVASP-38396,66.88,64.5625
JVASP-91723,9.16,12.359375
JVASP-85745,114.02,105.0
JVASP-22885,192.93,171.25
JVASP-8744,53.09,55.5
JVASP-107197,197.13,159.375
JVASP-67899,193.93,159.0
JVASP-15095,123.99,112.0
JVASP-75650,224.57,203.875
JVASP-18104,179.73,169.0
JVASP-71352,0.0,21.65625
JVASP-114513,82.67,104.9375
JVASP-16722,141.58,135.625
JVASP-74855,86.97,69.9375
JVASP-3513,28.33,27.265625
JVASP-15112,41.57,40.03125
JVASP-15174,134.9,124.875
JVASP-99806,67.6,70.0
JVASP-16324,183.39,158.0
JVASP-78544,5.8,11.296875
JVASP-35993,166.9,146.625
JVASP-20186,264.46,232.0
JVASP-89269,152.57,141.0
JVASP-65566,13.94,12.0
JVASP-79051,178.73,142.375
JVASP-115633,58.77,56.21875
JVASP-118732,-0.09,-0.74365234
JVASP-114370,-4.19,0.83203125
JVASP-74707,186.13,163.25
JVASP-33820,12.3,11.765625
JVASP-10708,21.38,26.78125
JVASP-2355,73.99,85.1875
JVASP-67879,30.27,37.21875
JVASP-116117,7.79,14.6171875
JVASP-15670,1.65,172.875
JVASP-36268,183.57,185.0
JVASP-56195,278.52,279.0
JVASP-25884,88.11,103.875
JVASP-108892,20.22,25.75
JVASP-15444,134.13,116.1875
JVASP-79902,78.0,82.4375
JVASP-2478,78.37,77.5
JVASP-92765,172.27,159.0
JVASP-18222,153.67,151.375
JVASP-11197,26.29,29.921875
JVASP-39687,42.47,50.40625
JVASP-67646,45.39,52.90625
JVASP-116244,35.97,40.53125
JVASP-102954,78.77,87.3125
JVASP-74356,0.0,67.4375
JVASP-11190,131.39,135.875
JVASP-115918,27.92,35.90625
JVASP-29744,66.56,75.8125
JVASP-90065,67.29,67.0625
JVASP-31795,50.37,55.84375
JVASP-115197,17.07,22.890625
JVASP-118357,19.11,28.140625
JVASP-116669,79.19,78.1875
JVASP-3243,53.39,60.28125
JVASP-110500,19.92,20.984375
JVASP-15653,59.29,72.4375
JVASP-99734,18.5,28.4375
JVASP-8267,79.09,97.875
JVASP-70436,71.74,73.9375
JVASP-79210,147.27,159.25
JVASP-16787,1.03,129.375
JVASP-74845,42.91,41.84375
JVASP-12592,58.73,52.59375
JVASP-117619,21.12,24.328125
JVASP-78585,182.27,171.625
JVASP-14075,2.89,117.8125
JVASP-29615,60.21,66.125
JVASP-18601,95.33,100.625
JVASP-35934,43.69,52.84375
JVASP-9151,57.42,71.1875
JVASP-35649,98.8,103.4375
JVASP-5656,11.57,18.265625
JVASP-106160,43.21,49.75
JVASP-18416,171.97,166.75
JVASP-8528,283.8,283.25
JVASP-22666,26.97,18.625
JVASP-111129,11.5,84.875
JVASP-92248,79.84,82.625
JVASP-8270,4.14,97.5
JVASP-15966,106.77,107.375
JVASP-39185,179.49,182.125
JVASP-69135,55.98,61.4375
JVASP-114250,120.66,133.0
JVASP-105993,50.66,54.4375
JVASP-43301,121.48,82.625
JVASP-110765,31.29,49.53125
JVASP-14592,41.72,54.8125
JVASP-22523,11.2,11.5390625
JVASP-9251,45.26,52.03125
JVASP-16899,73.0,87.75
JVASP-117812,16.43,23.265625
JVASP-107055,144.21,134.25
JVASP-100234,53.93,48.25
JVASP-29154,5.38,30.921875
JVASP-16812,88.34,103.0625
JVASP-28668,72.56,87.0
JVASP-8122,95.17,121.6875
JVASP-85486,81.88,57.65625
JVASP-8299,276.5,292.5
JVASP-66565,12.2,15.8984375
JVASP-19368,119.58,116.625
JVASP-38883,169.23,165.625
JVASP-20580,172.9,149.75
JVASP-100229,66.27,72.5
JVASP-19831,76.5,78.6875
JVASP-2751,65.48,65.5625
JVASP-38214,12.67,17.78125
JVASP-86189,37.18,31.078125
JVASP-21093,163.0,157.0
JVASP-116916,103.22,97.0
JVASP-38675,55.89,45.03125
JVASP-117750,13.93,16.796875
JVASP-51101,139.23,147.0
JVASP-36936,97.29,88.5
JVASP-27032,85.56,82.9375
JVASP-12740,90.81,92.875
JVASP-111013,73.02,80.6875
JVASP-121185,33.54,51.96875
JVASP-54625,27.11,36.25
JVASP-71778,205.41,172.5
JVASP-25255,78.74,69.25
JVASP-92695,85.36,85.0625
JVASP-100655,69.77,75.125
JVASP-37735,7.27,11.5546875
JVASP-94298,140.2,143.5
JVASP-11994,180.87,180.75
JVASP-34250,21.72,32.34375
JVASP-121222,117.0,115.625
JVASP-54667,35.46,41.90625
JVASP-29867,73.86,65.25
JVASP-93264,30.7,26.84375
JVASP-70968,0.0,184.25
JVASP-100164,90.77,95.25
JVASP-19598,52.39,56.375
JVASP-16577,185.8,180.5
JVASP-64315,9.3,15.1875
JVASP-20219,218.16,221.125
JVASP-33602,26.31,29.328125
JVASP-65630,0.0,27.078125
JVASP-10048,132.22,123.5625
JVASP-110410,123.9,113.5
JVASP-9439,105.99,97.9375
JVASP-67082,149.71,156.0
JVASP-30521,94.2,94.5625
JVASP-69083,37.22,37.53125
JVASP-2053,80.11,62.5
JVASP-12976,29.73,33.5625
JVASP-38445,192.13,191.25
JVASP-13246,77.28,79.875
JVASP-16393,105.59,103.625
JVASP-18123,19.48,164.375
JVASP-75509,0.19,100.0
JVASP-12831,57.73,61.78125
JVASP-42717,70.06,80.8125
JVASP-54386,220.28,193.75
JVASP-14057,54.53,67.0625
JVASP-102933,227.27,229.875
JVASP-114126,27.07,25.3125
JVASP-18147,140.49,138.25
JVASP-102099,69.67,67.8125
JVASP-16849,47.0,49.625
JVASP-120340,40.63,36.46875
JVASP-70013,145.19,148.625
JVASP-67768,6.47,162.375
JVASP-22386,28.29,30.453125
JVASP-92612,173.07,159.875
JVASP-12571,46.5,41.5
JVASP-9714,148.71,144.0
JVASP-30166,46.66,51.71875
JVASP-9921,1.77,36.3125
JVASP-116379,174.21,147.625
JVASP-85507,22.92,20.609375
JVASP-1942,13.77,16.890625
JVASP-108165,118.73,113.875
JVASP-35421,84.72,70.0
JVASP-99603,251.99,241.875
JVASP-79491,14.68,31.140625
JVASP-38031,63.4,68.375
JVASP-118120,37.89,39.90625
JVASP-71023,48.14,49.875
JVASP-85369,56.34,82.875
JVASP-65152,27.91,93.1875
JVASP-13282,69.53,90.8125
JVASP-585,49.92,57.0625
JVASP-121186,40.09,49.84375
JVASP-78644,118.4,121.25
JVASP-807,13.46,19.25
JVASP-118902,26.91,36.6875
JVASP-1327,83.37,80.125
JVASP-49861,134.43,113.5625
JVASP-113989,194.3,180.0
JVASP-18785,214.6,182.5
JVASP-121144,18.53,30.328125
JVASP-15656,82.06,87.8125
JVASP-18862,69.48,80.0625
JVASP-37736,7.67,10.2265625
JVASP-10980,148.56,156.375
JVASP-22635,28.66,21.421875
JVASP-35441,94.89,93.9375
JVASP-14267,28.63,28.453125
JVASP-18761,234.78,228.625
JVASP-36700,113.36,112.4375
JVASP-5758,17.1,22.609375
JVASP-65190,46.87,35.21875
JVASP-115109,48.7,48.53125
JVASP-35064,81.08,101.9375
JVASP-38395,54.68,50.0
JVASP-41915,73.93,73.5625
JVASP-28646,3.98,27.34375
JVASP-11413,165.39,153.375
JVASP-25211,41.99,48.78125
JVASP-78814,56.0,65.8125
JVASP-30605,19.82,30.0625
JVASP-75459,0.19,86.5
JVASP-16912,29.48,24.296875
JVASP-1987,15.91,22.21875
JVASP-91798,114.57,109.5
JVASP-19590,280.84,289.25
JVASP-9123,153.63,135.875
JVASP-19723,237.31,232.125
JVASP-10247,53.53,56.40625
JVASP-43925,99.32,110.875
JVASP-120831,0.46,-1.2216797
JVASP-74064,148.16,132.375
JVASP-15694,40.34,46.53125
JVASP-106346,85.26,76.0
JVASP-22654,24.08,30.546875
JVASP-90600,20.42,25.890625
JVASP-75635,1.23,25.1875
JVASP-15134,167.62,153.875
JVASP-102923,35.19,239.875
JVASP-90564,40.49,43.78125
JVASP-109531,216.57,216.125
JVASP-65711,13.16,16.4375
JVASP-36110,79.8,93.0625
JVASP-8598,58.97,54.9375
JVASP-99607,17.66,38.0
JVASP-90648,219.42,192.625
JVASP-38082,23.07,22.265625
JVASP-12617,75.34,78.25
JVASP-1957,30.43,32.8125
JVASP-107701,45.67,77.4375
JVASP-8184,77.18,79.125
JVASP-36728,60.4,65.375
JVASP-74960,178.17,172.0
JVASP-118243,36.96,31.96875
JVASP-8264,50.41,61.90625
JVASP-5485,19.49,20.140625
JVASP-103320,60.54,206.625
JVASP-25773,27.2,25.28125
JVASP-108939,187.79,188.75
JVASP-64205,12.77,13.5
JVASP-70922,128.22,113.0
JVASP-65144,55.46,48.46875
JVASP-8780,40.38,61.625
JVASP-68256,202.4,187.625
JVASP-25291,-2.13,0.26879883
JVASP-9772,36.57,38.8125
JVASP-116557,68.27,83.875
JVASP-29649,22.81,19.703125
JVASP-20479,29.12,34.875
JVASP-104590,36.48,42.8125
JVASP-17856,110.73,102.8125
JVASP-48538,72.34,72.875
JVASP-18839,124.23,125.4375
JVASP-74419,21.08,24.421875
JVASP-2931,20.72,23.65625
JVASP-87105,19.73,22.34375
JVASP-25664,69.96,70.3125
JVASP-118500,104.74,111.75
JVASP-51034,78.48,53.59375
JVASP-2023,32.51,38.75
JVASP-71745,196.17,173.375
JVASP-86695,17.81,22.28125
JVASP-114679,100.48,95.1875
JVASP-18877,69.72,60.40625
JVASP-925,262.17,256.0
JVASP-11963,123.43,135.875
JVASP-65720,39.22,48.78125
JVASP-25368,77.93,71.75
JVASP-14771,173.47,174.0
JVASP-12060,30.17,24.234375
JVASP-68126,164.98,173.0
JVASP-4489,34.41,39.5
JVASP-12596,22.23,16.015625
JVASP-8689,73.24,70.25
JVASP-5653,9.52,9.828125
JVASP-49848,96.09,95.4375
JVASP-39451,340.47,354.25
JVASP-1555,118.53,113.75
JVASP-120326,101.72,89.625
JVASP-1738,16.0,15.484375
JVASP-5260,23.64,27.109375
JVASP-61574,59.2,53.6875
JVASP-15615,170.2,153.875
JVASP-38465,31.67,29.796875
JVASP-115267,130.63,183.125
JVASP-102446,184.91,221.5
JVASP-17189,145.8,144.0
JVASP-2026,26.6,33.125
JVASP-37104,99.57,102.3125
JVASP-15089,117.94,110.5
JVASP-11781,139.68,139.5
JVASP-86114,96.39,97.4375
JVASP-121282,12.26,17.703125
JVASP-18063,39.13,40.40625
JVASP-78330,32.02,36.71875
JVASP-38653,101.37,94.75
JVASP-36959,20.54,25.09375
JVASP-21197,16.6,19.3125
JVASP-68817,94.2,78.75
JVASP-9840,0.0,86.5625
JVASP-8316,85.33,68.4375
JVASP-35158,24.73,23.8125
JVASP-18124,19.48,15.8828125
JVASP-1198,45.33,46.5625
JVASP-20614,64.6,67.25
JVASP-10219,29.18,22.4375
JVASP-10942,91.58,94.8125
JVASP-22578,25.58,38.40625
JVASP-14530,49.2,51.65625
JVASP-118228,29.87,32.65625
JVASP-105191,30.27,49.8125
JVASP-93248,178.6,162.25
JVASP-18021,108.12,98.125
JVASP-39902,39.9,42.34375
JVASP-49840,108.23,107.5625
JVASP-3123,62.58,69.875
JVASP-62798,185.01,180.5
JVASP-28931,4.56,4.7929688
JVASP-18551,32.02,25.28125
JVASP-25892,100.57,98.75
JVASP-10945,82.03,57.375
JVASP-9250,126.27,147.625
JVASP-17463,160.56,149.75
JVASP-93825,111.04,112.25
JVASP-35413,33.46,26.640625
JVASP-8737,150.52,125.625
JVASP-14987,81.6,86.875
JVASP-16506,61.8,63.5
JVASP-86094,28.64,15.1875
JVASP-71678,156.64,139.625
JVASP-20570,133.1,131.125
JVASP-7899,231.7,212.75
JVASP-72021,174.33,153.0
JVASP-7760,140.18,152.875
JVASP-15097,147.46,137.5
JVASP-115431,40.17,25.3125
JVASP-106083,197.78,182.125
JVASP-105422,156.17,144.125
JVASP-117722,57.97,60.0
JVASP-121269,49.22,35.25
JVASP-120377,54.11,54.40625
JVASP-78670,107.4,119.875
JVASP-17919,114.97,124.125
JVASP-45,46.59,56.8125
JVASP-35720,244.3,237.875
JVASP-114808,24.86,20.734375
JVASP-68706,54.14,40.59375
JVASP-120332,32.69,36.9375
JVASP-94367,13.26,13.78125
JVASP-71681,102.19,97.0
JVASP-9359,115.88,94.75
JVASP-53303,27.04,40.4375
JVASP-15889,158.29,173.25
JVASP-111111,48.79,47.28125
JVASP-74190,66.53,69.5625
JVASP-28405,26.58,5.7890625
JVASP-101035,35.79,63.46875
JVASP-38654,100.43,94.6875
JVASP-17334,291.42,236.75
JVASP-115778,94.83,85.8125
JVASP-16794,91.59,80.875
JVASP-71153,21.1,19.9375
JVASP-35402,76.48,74.4375
JVASP-69058,22.48,17.484375
JVASP-17775,51.96,58.6875
JVASP-4657,40.39,35.34375
JVASP-3477,78.67,81.625
JVASP-115209,33.88,39.71875
JVASP-110799,120.49,193.375
JVASP-11609,101.57,101.625
JVASP-41171,182.63,168.625
JVASP-34235,74.76,73.3125
JVASP-18878,223.43,142.75
JVASP-8370,82.7,79.8125
JVASP-98359,28.61,58.34375
JVASP-2730,100.5,102.6875
JVASP-67734,122.21,111.0
JVASP-17665,244.26,250.5
JVASP-115446,31.48,28.5
JVASP-16354,107.47,124.0
JVASP-15,90.22,90.3125
JVASP-118891,30.56,23.109375
JVASP-110470,16.27,13.5703125
JVASP-9368,124.21,124.875
JVASP-36405,296.74,286.5
JVASP-24591,13.54,6.7460938
JVASP-14910,114.4,102.5
JVASP-75711,48.97,56.28125
JVASP-118044,34.74,42.875
JVASP-4020,34.58,34.9375
JVASP-51768,21.92,20.953125
JVASP-39980,107.5,99.3125
JVASP-102723,33.46,70.8125
JVASP-8015,251.37,235.375
JVASP-15384,81.23,91.5
JVASP-68174,98.4,92.25
JVASP-16310,160.93,150.0
JVASP-114095,19.72,16.96875
JVASP-118900,45.61,37.65625
JVASP-598,45.53,37.5
JVASP-110530,98.7,104.4375
JVASP-36454,25.6,24.640625
JVASP-100487,40.07,55.59375
JVASP-41945,80.83,82.0625
JVASP-85222,17.96,15.765625
JVASP-17392,136.1,130.625
JVASP-73908,98.3,99.5625
JVASP-8624,142.44,142.875
JVASP-30175,44.74,49.4375
JVASP-14642,192.97,193.625
JVASP-2238,23.41,20.875
JVASP-2475,36.14,36.875
JVASP-50053,65.24,68.6875
JVASP-18598,54.77,54.03125
JVASP-10197,157.0,165.25
JVASP-13845,35.98,43.6875
JVASP-17707,176.3,180.125
JVASP-52572,55.59,69.4375
JVASP-11049,44.56,41.46875
JVASP-20471,296.79,291.0
JVASP-114722,65.18,64.9375
JVASP-2838,36.07,34.6875
JVASP-12820,40.38,36.21875
JVASP-15076,162.28,169.75
JVASP-35286,205.43,197.375
JVASP-15375,91.56,90.4375
JVASP-118503,13.58,13.1171875
JVASP-17652,129.31,135.75
JVASP-87124,95.84,76.375
JVASP-53563,89.66,77.1875
JVASP-8592,16.47,14.25
JVASP-51456,184.33,174.625
JVASP-25047,59.47,69.8125
JVASP-35743,45.81,46.28125
JVASP-36160,108.13,113.1875
JVASP-9958,209.97,157.75
JVASP-70901,0.0,131.125
JVASP-103056,74.17,73.5
JVASP-5458,35.33,25.859375
JVASP-2178,28.49,36.46875
JVASP-21842,21.71,77.375
JVASP-113643,36.36,35.8125
JVASP-67476,39.98,29.71875
JVASP-22633,213.2,224.125
JVASP-71635,130.41,132.25
JVASP-16346,94.62,95.5625
JVASP-18505,46.1,51.8125
JVASP-25280,437.64,457.75
JVASP-65020,166.86,171.0
JVASP-9284,61.8,59.625
JVASP-115679,36.21,39.625
JVASP-8281,21.9,25.296875
JVASP-118951,68.81,52.21875
JVASP-8656,26.52,5.6015625
JVASP-18624,102.27,115.9375
JVASP-114396,30.27,34.78125
JVASP-29808,77.68,82.0
JVASP-1237,178.36,176.0
JVASP-52630,20.76,19.921875
JVASP-57747,34.26,22.96875
JVASP-7768,159.56,163.25
JVASP-22653,47.53,49.375
JVASP-74253,29.16,34.15625
JVASP-10145,55.8,56.875
JVASP-74841,153.73,169.25
JVASP-122984,84.9,94.5625
JVASP-51344,34.27,44.9375
JVASP-90831,45.22,50.65625
JVASP-74021,119.26,94.6875
JVASP-73970,0.0,57.4375
JVASP-28393,16.93,24.3125
JVASP-18226,113.9,133.5
JVASP-92598,171.57,166.75
JVASP-66505,19.23,17.5625
JVASP-14616,13.93,14.8828125
JVASP-9692,194.64,165.75
JVASP-14564,111.71,115.0625
JVASP-67815,104.47,103.0625
JVASP-7793,101.4,104.6875
JVASP-50001,124.86,121.4375
JVASP-120089,20.54,19.984375
JVASP-42808,132.0,110.1875
JVASP-115726,25.98,24.25
JVASP-3870,18.5,18.78125
JVASP-10177,41.12,48.34375
JVASP-71330,26.37,28.84375
JVASP-71080,115.5,107.5
JVASP-114531,20.57,19.6875
JVASP-99849,127.03,136.75
JVASP-109030,40.79,41.71875
JVASP-68846,37.12,42.40625
JVASP-57679,37.93,36.46875
JVASP-75834,1.23,-16.515625
JVASP-922,282.37,228.75
JVASP-116058,107.27,85.5
JVASP-100211,48.4,51.4375
JVASP-18351,57.8,66.0625
JVASP-101726,69.32,75.875
JVASP-35250,24.8,27.0625
JVASP-19840,60.13,57.65625
JVASP-67292,108.47,111.5625
JVASP-15589,146.51,156.125
JVASP-71448,162.0,151.125
JVASP-36823,82.63,85.6875
JVASP-67501,135.47,134.75
JVASP-34311,24.83,13.578125
JVASP-106273,37.84,61.0
JVASP-14235,31.47,32.4375
JVASP-37207,210.4,206.875
JVASP-4059,55.38,54.25
JVASP-36493,27.2,33.21875
JVASP-42138,98.93,105.1875
JVASP-16229,82.76,80.8125
JVASP-16564,312.62,304.75
JVASP-11146,129.38,138.5
JVASP-39250,61.47,54.4375
JVASP-94365,14.54,10.140625
JVASP-17160,224.23,243.625
JVASP-35808,73.64,74.4375
JVASP-20948,29.87,23.546875
JVASP-118124,22.79,22.375
JVASP-9594,167.77,160.0
JVASP-93928,220.54,190.875
JVASP-12639,148.47,140.625
JVASP-37080,48.14,55.375
JVASP-71057,0.0,43.1875
JVASP-18001,48.63,53.21875
JVASP-8396,13.13,22.984375
JVASP-9231,180.27,182.625
JVASP-99802,22.58,30.453125
JVASP-19880,189.83,199.0
JVASP-50953,18.08,18.359375
JVASP-115508,268.13,280.75
JVASP-70208,140.71,139.5
JVASP-37294,99.73,101.6875
JVASP-74222,48.83,47.125
JVASP-22618,72.17,77.625
JVASP-9628,136.71,124.375
JVASP-106058,23.09,29.4375
JVASP-111357,160.27,157.625
JVASP-14870,25.34,22.75
JVASP-119966,20.38,25.0
JVASP-35105,77.53,72.4375
JVASP-30504,66.64,58.625
JVASP-119916,167.51,166.75
JVASP-35832,45.47,47.53125
JVASP-50997,34.23,25.28125
JVASP-36174,266.23,241.875
JVASP-17494,63.37,44.5625
JVASP-107879,27.74,33.53125
JVASP-74260,178.84,168.375
JVASP-40504,157.53,161.0
JVASP-8204,221.59,219.625
JVASP-35016,58.92,58.84375
JVASP-21826,94.59,80.4375
JVASP-29785,106.7,115.8125
JVASP-15473,117.49,109.1875
JVASP-90496,188.41,199.875
JVASP-26763,138.1,119.125
JVASP-25791,38.64,30.53125
JVASP-115874,36.2,29.03125
JVASP-79056,221.23,198.125
JVASP-115671,51.91,34.75
JVASP-65137,62.92,22.171875
JVASP-109582,46.2,45.8125
JVASP-35150,305.6,315.0
JVASP-115742,1.59,1.8144531
JVASP-28476,0.07,14.859375
JVASP-15764,36.2,36.03125
JVASP-116354,9.62,16.0
JVASP-56484,57.23,52.96875
JVASP-37384,47.2,49.28125
JVASP-79627,16.31,5.0078125
JVASP-9441,109.13,112.875
JVASP-50028,147.18,143.75
JVASP-21259,66.39,54.90625
JVASP-19818,79.43,73.1875
JVASP-40842,27.57,31.625
JVASP-42034,43.6,49.53125
JVASP-41282,179.26,178.375
JVASP-17305,174.19,173.625
JVASP-8106,25.69,37.78125
JVASP-69774,78.07,81.5625
JVASP-20962,191.1,185.625
JVASP-15943,69.9,66.0
JVASP-66758,0.0,146.5
JVASP-12648,117.4,114.5
JVASP-9688,88.47,82.5
JVASP-35721,127.27,132.75
JVASP-17564,96.76,96.5625
JVASP-28891,5.81,6.5820312
JVASP-16419,70.96,71.0
JVASP-13292,57.37,70.5625
JVASP-118815,22.7,22.8125
JVASP-25405,45.63,39.53125
JVASP-99685,54.67,43.40625
JVASP-40664,63.09,72.3125
JVASP-49820,216.18,197.875
JVASP-14690,81.37,81.1875
JVASP-7814,252.91,225.375
JVASP-91575,15.62,10.78125
JVASP-38220,39.37,38.09375
JVASP-102918,23.2,22.09375
JVASP-53411,64.56,57.21875
JVASP-9421,88.99,75.125
JVASP-106042,51.04,49.40625
JVASP-56222,203.68,193.75
JVASP-36342,121.27,127.1875
JVASP-14793,86.22,71.6875
JVASP-117689,25.83,27.953125
JVASP-102067,99.93,25.5
JVASP-91849,74.01,68.75
JVASP-100375,64.06,59.03125
JVASP-1858,151.57,137.875
JVASP-28908,2.88,9.1484375
JVASP-36857,102.97,87.25
JVASP-36014,60.21,66.5
JVASP-66740,72.06,69.125
JVASP-54845,45.18,45.65625
JVASP-103113,127.56,135.625
JVASP-73929,56.18,54.34375
JVASP-102098,237.94,221.25
JVASP-74739,15.88,18.71875
JVASP-10121,74.66,80.9375
JVASP-22616,20.16,17.203125
JVASP-64961,201.3,104.3125
JVASP-14411,11.97,15.53125
JVASP-14650,250.12,220.625
JVASP-91824,150.6,134.5
JVASP-16854,128.03,115.8125
JVASP-67984,42.4,62.9375
JVASP-9289,92.83,78.875
JVASP-91771,17.18,20.421875
JVASP-102325,93.67,101.6875
JVASP-20082,301.82,352.75
JVASP-86810,10.51,8.8359375
JVASP-12237,92.54,65.625
JVASP-52510,120.57,116.6875
JVASP-103281,32.32,145.75
JVASP-100067,73.09,64.875
JVASP-106339,25.01,18.15625
JVASP-18460,78.9,78.125
JVASP-7751,126.43,134.0
JVASP-18999,80.33,79.25
JVASP-114471,4.57,1.0009766
JVASP-52234,69.99,71.375
JVASP-121094,171.88,157.5
JVASP-15094,156.12,146.5
JVASP-9820,125.07,90.875
JVASP-22147,41.02,41.3125
JVASP-98997,86.78,84.6875
JVASP-117905,35.54,39.375
JVASP-40234,200.23,229.0
JVASP-12129,22.6,30.3125
JVASP-12119,32.18,37.71875
JVASP-161,14.3,20.6875
JVASP-15250,205.97,194.25
JVASP-115112,32.83,30.375
JVASP-111008,74.59,71.875
JVASP-39853,144.2,132.875
JVASP-57876,170.13,201.25
JVASP-29196,5.29,9.71875
JVASP-8344,63.08,57.5
JVASP-36419,165.26,164.875
JVASP-118301,55.17,52.78125
JVASP-75647,0.19,35.78125
JVASP-79568,200.2,194.75
JVASP-35078,85.39,74.125
JVASP-117627,15.04,11.59375
JVASP-62006,141.29,128.125
JVASP-7691,73.03,79.75
JVASP-100590,38.6,42.03125
JVASP-10143,251.03,238.125
JVASP-8448,36.53,33.03125
JVASP-37482,39.86,46.75
JVASP-12640,76.29,81.125
JVASP-66126,11.87,18.703125
JVASP-39754,208.07,222.25
JVASP-70332,53.33,55.5
JVASP-117598,53.94,45.65625
JVASP-93769,96.42,100.375
JVASP-90060,10.29,18.921875
JVASP-9227,135.21,126.25
JVASP-18826,207.53,223.625
JVASP-87063,78.56,80.5
JVASP-68574,22.57,25.921875
JVASP-37362,81.42,82.25
JVASP-94879,41.01,41.34375
JVASP-29189,2.93,20.6875
JVASP-37293,40.37,36.21875
JVASP-75879,1.21,24.03125
JVASP-12747,67.99,78.3125
JVASP-78843,186.48,208.25
JVASP-35937,40.41,41.0
JVASP-37803,46.6,44.0625
JVASP-106324,105.16,113.5625
JVASP-26742,90.82,83.875
JVASP-25087,10.07,10.3046875
JVASP-91475,25.47,28.0625
JVASP-117803,40.24,42.34375
JVASP-87013,151.23,156.5
JVASP-43920,96.23,90.9375
JVASP-100639,174.3,163.625
JVASP-52905,17.36,16.578125
JVASP-25175,53.06,57.5
JVASP-70851,129.97,131.5
JVASP-86715,96.36,101.25
JVASP-114148,80.19,80.25
JVASP-14872,221.88,215.5
JVASP-70164,91.0,94.8125
JVASP-36365,97.23,112.5
JVASP-16921,155.97,172.125
JVASP-114971,247.76,237.875
JVASP-15269,208.3,226.0
JVASP-11672,103.22,103.1875
JVASP-5449,25.64,22.671875
JVASP-92609,70.03,57.65625
JVASP-37327,63.06,59.375
JVASP-36926,18.47,19.765625
JVASP-8395,102.91,98.9375
JVASP-8323,58.77,80.6875
JVASP-85352,26.5,28.34375
JVASP-115665,23.78,23.25
JVASP-70965,0.0,38.90625
JVASP-26416,81.48,84.4375
JVASP-8297,82.4,78.5
JVASP-114650,33.36,37.4375
JVASP-114385,81.51,95.3125
JVASP-90814,72.11,88.5
JVASP-7966,132.86,141.125
JVASP-91567,75.43,68.6875
JVASP-115228,-1.23,-0.099365234
JVASP-31842,11.82,16.59375
JVASP-29406,15.08,19.078125
JVASP-14890,333.93,346.25
JVASP-78680,59.77,64.0625
JVASP-117692,-1.26,3.5019531
JVASP-109319,19.96,28.671875
JVASP-102233,65.01,53.84375
JVASP-32164,69.36,65.25
JVASP-67555,124.69,85.875
JVASP-8804,51.61,50.0
JVASP-10141,38.4,39.84375
JVASP-92691,46.91,47.4375
JVASP-12739,109.34,97.0
JVASP-18579,61.56,64.4375
JVASP-7657,148.0,138.125
JVASP-23972,30.43,30.484375
JVASP-9713,157.12,163.75
JVASP-37022,34.84,39.4375
JVASP-98349,22.54,37.84375
JVASP-102483,49.31,69.0
JVASP-79277,160.21,155.75
JVASP-17853,302.53,318.75
JVASP-40509,180.27,193.75
JVASP-116451,-0.87,-0.30151367
JVASP-86087,75.12,74.8125
JVASP-8325,120.53,132.125
JVASP-40193,56.16,59.125
JVASP-42025,57.63,58.28125
JVASP-36966,21.26,24.296875
JVASP-55130,114.62,105.6875
JVASP-17980,78.13,75.75
JVASP-37750,120.01,121.6875
JVASP-67973,134.24,135.25
JVASP-57818,63.99,69.625
JVASP-118319,22.49,22.71875
JVASP-12985,165.13,162.125
JVASP-64069,16.6,22.265625
JVASP-99579,67.29,60.375
JVASP-71159,217.13,224.375
JVASP-115072,32.48,25.546875
JVASP-16002,194.03,192.875
JVASP-9244,101.64,92.9375
JVASP-8529,127.71,127.375
JVASP-9582,279.98,245.125
JVASP-71162,0.0,54.625
JVASP-100266,95.13,95.875
JVASP-39947,187.5,185.25
JVASP-4948,42.87,30.078125
JVASP-8811,71.21,76.625
JVASP-74540,97.38,100.5
JVASP-115434,18.86,17.46875
JVASP-2733,52.51,50.375
JVASP-29174,5.39,15.203125
JVASP-173,8.72,7.9414062
JVASP-70258,164.77,162.0
JVASP-12938,30.84,27.078125
JVASP-94420,227.23,257.75
JVASP-20619,221.9,232.375
JVASP-122920,141.33,152.0
JVASP-15915,63.67,63.09375
JVASP-100335,252.3,252.25
JVASP-25227,53.5,45.28125
JVASP-7895,174.91,205.375
JVASP-68317,127.6,113.6875
JVASP-11597,91.5,84.6875
JVASP-10128,22.99,22.234375
JVASP-16103,164.06,183.375
JVASP-12891,22.94,21.609375
JVASP-35225,168.43,142.0
JVASP-122888,101.37,123.5625
JVASP-11649,144.21,164.75
JVASP-110137,47.6,52.71875
JVASP-10154,19.93,22.140625
JVASP-16302,92.59,85.3125
JVASP-92537,136.19,134.75
JVASP-114180,38.7,45.40625
JVASP-843,278.68,315.25
JVASP-22603,21.03,23.203125
JVASP-30265,49.12,58.75
JVASP-40359,124.77,116.0
JVASP-16373,180.37,179.0
JVASP-10213,87.04,94.8125
JVASP-8065,225.02,222.0
JVASP-28538,39.02,36.0
JVASP-16492,60.5,55.8125
JVASP-30185,43.11,42.6875
JVASP-75500,0.87,46.625
JVASP-4071,15.11,15.1484375
JVASP-14901,50.9,47.59375
JVASP-117924,33.38,38.59375
JVASP-17612,196.0,215.125
JVASP-100264,184.97,202.875
JVASP-56854,22.23,17.4375
JVASP-103159,49.77,48.59375
JVASP-105722,12.58,12.609375
JVASP-9601,51.69,53.34375
JVASP-69614,172.71,186.75
JVASP-10244,47.54,57.875
JVASP-106303,37.83,35.21875
JVASP-41679,55.43,50.125
JVASP-71988,123.91,118.5
JVASP-118652,39.47,38.125
JVASP-22583,22.56,21.765625
JVASP-8639,134.21,188.75
JVASP-75891,145.7,49.09375
JVASP-18784,205.89,186.125
JVASP-36412,21.83,29.703125
JVASP-52206,75.83,92.0
JVASP-21970,30.07,33.40625
JVASP-39460,196.47,186.375
JVASP-52370,22.87,29.0625
JVASP-3096,32.81,37.25
JVASP-47738,51.27,55.46875
JVASP-70944,138.48,103.25
JVASP-35717,184.57,186.75
JVASP-20500,34.34,30.28125
JVASP-63210,274.02,321.0
JVASP-37321,73.73,72.0
JVASP-12897,54.82,49.375
JVASP-26417,53.4,59.4375
JVASP-41131,195.1,210.625
JVASP-28845,3.0,1.5292969
JVASP-18850,71.0,66.0625
JVASP-37796,116.3,99.4375
JVASP-66298,16.6,17.3125
JVASP-114670,87.23,85.0625
JVASP-43556,50.17,52.625
JVASP-37439,67.0,62.6875
JVASP-99582,51.77,41.25
JVASP-64704,20.8,24.21875
JVASP-28838,5.87,7.2578125
JVASP-37833,83.71,91.0
JVASP-120213,40.66,46.1875
JVASP-118281,-1.5,-3.4570312
JVASP-111927,77.87,89.125
JVASP-35502,155.07,144.875
JVASP-67776,85.31,81.8125
JVASP-11673,126.06,129.5
JVASP-16219,81.43,79.9375
JVASP-22630,19.58,18.59375
JVASP-5386,22.0,24.765625
JVASP-114694,110.91,105.3125
JVASP-94872,18.44,20.03125
JVASP-12928,67.39,71.5
JVASP-19613,131.4,131.25
JVASP-11471,90.37,102.75
JVASP-46005,131.63,144.125
JVASP-102717,36.99,27.53125
JVASP-75490,116.5,81.4375
JVASP-119930,8.66,7.875
JVASP-100299,82.77,76.25
JVASP-44764,139.57,153.375
JVASP-12510,60.57,53.3125
JVASP-22941,15.84,18.859375
JVASP-22660,28.64,26.484375
JVASP-14705,156.27,156.0
JVASP-110586,76.38,86.125
JVASP-28379,71.48,58.75
JVASP-91631,79.77,80.3125
JVASP-17318,121.67,113.375
JVASP-12733,18.13,18.875
JVASP-18943,60.77,60.25
JVASP-99671,94.89,90.375
JVASP-85897,141.8,151.0
JVASP-4678,127.19,134.75
JVASP-43580,61.14,58.21875
JVASP-15916,87.66,86.375
JVASP-120959,46.49,40.4375
JVASP-7663,57.23,54.40625
JVASP-15730,150.69,157.5
JVASP-18683,90.4,78.125
JVASP-16730,59.0,55.25
JVASP-20103,37.1,67.4375
JVASP-114563,19.59,19.21875
JVASP-116367,34.73,28.34375
JVASP-93345,212.52,214.75
JVASP-12465,20.68,22.609375
JVASP-14202,115.6,105.375
JVASP-85498,65.34,59.78125
JVASP-47678,85.53,83.9375
JVASP-85840,117.02,110.5
JVASP-10254,130.16,128.0
JVASP-14809,51.47,45.28125
JVASP-66391,18.53,21.59375
JVASP-952,394.43,371.5
JVASP-36169,284.07,272.25
JVASP-66431,17.07,17.0
JVASP-39,199.4,186.375
JVASP-18621,75.67,69.5625
JVASP-65709,83.82,26.03125
JVASP-100518,33.46,28.78125
JVASP-8292,38.62,33.125
JVASP-36423,228.37,217.5
JVASP-18028,44.57,31.265625
JVASP-71819,71.21,68.3125
JVASP-29083,5.29,-4.640625
JVASP-21210,4.4,1.8876953
JVASP-43519,225.49,191.0
JVASP-14664,313.96,299.0
JVASP-39243,7.97,2.8671875
JVASP-68834,36.08,41.375
JVASP-100044,73.27,70.375
JVASP-20818,153.09,132.25
JVASP-37068,182.38,181.125
JVASP-35682,239.8,205.75
JVASP-5344,9.59,8.21875
JVASP-15769,92.97,105.75
JVASP-38942,41.43,40.78125
JVASP-119921,12.4,5.4921875
JVASP-2220,113.13,112.25
JVASP-70484,178.93,163.5
JVASP-114816,89.87,80.6875
JVASP-64340,9.97,12.875
JVASP-37197,47.13,41.5625
JVASP-14594,134.83,145.5
JVASP-91714,140.41,130.0
JVASP-14147,60.0,63.4375
JVASP-95318,25.74,24.703125
JVASP-8586,24.27,28.15625
JVASP-16923,60.31,50.4375
JVASP-20309,36.63,41.875
JVASP-91278,33.57,33.65625
JVASP-19913,123.67,130.75
JVASP-12890,27.21,26.890625
JVASP-54873,17.7,17.6875
JVASP-102837,54.08,50.34375
JVASP-1453,181.81,196.5
JVASP-18645,24.97,25.25
JVASP-4337,141.59,127.6875
JVASP-2949,58.99,48.0
JVASP-121203,33.39,17.90625
JVASP-8030,80.34,68.5
JVASP-28794,37.92,12.9609375
JVASP-12585,62.67,65.1875
JVASP-68481,154.41,105.625
JVASP-85478,93.14,72.1875
JVASP-71754,222.48,205.75
JVASP-74753,87.49,73.1875
JVASP-85788,61.79,38.8125
JVASP-5059,66.54,79.0625
JVASP-41496,99.33,103.0625
JVASP-92575,138.14,133.625
JVASP-20078,89.77,89.8125
JVASP-38865,62.27,55.28125
JVASP-16359,201.13,184.75
JVASP-21713,76.28,69.1875
JVASP-15888,138.9,110.75
JVASP-86248,23.53,15.7265625
JVASP-35082,35.78,33.53125
JVASP-8303,109.51,76.125
JVASP-22540,54.63,47.0
JVASP-69340,15.41,12.890625
JVASP-114658,40.43,37.0
JVASP-65635,21.63,17.53125
JVASP-4501,34.68,35.75
JVASP-39198,147.87,149.5
JVASP-15965,191.82,188.5
JVASP-4711,183.39,176.0
JVASP-60808,302.81,300.25
JVASP-4409,37.97,31.421875
JVASP-15680,62.34,56.34375
JVASP-91685,63.24,61.8125
JVASP-61785,74.37,71.5
JVASP-18246,171.77,182.0
JVASP-2859,18.71,15.875
JVASP-18672,116.9,120.875
JVASP-38221,3.57,-2.0351562
JVASP-9430,127.38,122.4375
JVASP-117805,20.56,14.3125
JVASP-4840,74.96,79.1875
JVASP-1726,42.14,32.0625
JVASP-110532,144.57,157.375
JVASP-9997,142.33,141.75
JVASP-12499,59.72,51.8125
JVASP-18679,109.33,104.6875
JVASP-16228,269.3,246.75
JVASP-30614,1.98,58.6875
JVASP-18388,176.67,149.5
JVASP-18103,46.13,35.3125
JVASP-65790,97.77,24.265625
JVASP-67925,53.23,46.5
JVASP-120184,27.57,28.609375
JVASP-8652,17.22,15.546875
JVASP-49866,202.07,211.625
JVASP-25061,104.73,110.875
JVASP-103268,0.0,28.84375
JVASP-105853,13.26,5.0078125
JVASP-12756,16.42,15.234375
JVASP-18493,56.73,56.78125
JVASP-116469,88.8,91.375
JVASP-94314,10.64,9.7265625
JVASP-7770,166.61,156.25
JVASP-11555,128.18,103.0
JVASP-70807,91.43,86.5625
JVASP-99613,15.11,37.71875
JVASP-17703,200.47,201.625
JVASP-19852,270.17,248.625
JVASP-16220,74.1,64.4375
JVASP-20657,148.63,145.125
JVASP-56593,59.47,50.78125
JVASP-114454,135.23,159.625
JVASP-71136,0.0,194.5
JVASP-37053,141.83,155.75
JVASP-9993,49.02,40.40625
JVASP-9510,101.33,103.5625
JVASP-25072,41.74,39.84375
JVASP-118416,-0.6,-6.4453125
JVASP-10952,195.64,164.125
JVASP-58424,41.17,34.4375
JVASP-21026,153.39,171.125
JVASP-25210,29.22,22.109375
JVASP-110336,52.7,45.75
JVASP-38193,5.59,-3.9199219
JVASP-14688,144.21,148.0
JVASP-102909,28.59,35.75
JVASP-107981,13.22,6.2539062
JVASP-11193,24.19,20.4375
JVASP-121010,37.1,42.34375
JVASP-8750,161.87,153.375
JVASP-110393,84.54,104.25
JVASP-70947,103.58,62.0
JVASP-56312,138.11,129.75
JVASP-21003,41.3,34.25
JVASP-48176,147.12,126.375
JVASP-106877,77.7,77.9375
JVASP-111940,145.73,168.625
JVASP-5347,46.48,41.0
JVASP-8134,149.93,146.125
JVASP-120865,20.78,17.28125
JVASP-37565,90.5,93.4375
JVASP-54593,16.17,14.40625
JVASP-99643,102.47,105.0625
JVASP-54700,85.61,96.375
JVASP-36410,201.02,215.5
JVASP-65583,30.1,26.953125
JVASP-65536,83.54,23.625
JVASP-115214,50.79,50.4375
JVASP-19848,193.0,196.25
JVASP-13365,48.73,42.09375
JVASP-7668,43.04,34.71875
JVASP-69592,59.44,47.34375
JVASP-108163,169.4,150.625
JVASP-111253,47.94,59.375
JVASP-56824,180.81,160.375
JVASP-28694,32.19,10.296875
JVASP-35070,93.44,73.5625
JVASP-67806,41.78,32.3125
JVASP-52116,129.6,78.75
JVASP-36501,17.3,10.375
JVASP-87066,72.73,65.3125
JVASP-29908,31.09,51.5625
JVASP-25345,91.3,98.375
JVASP-74808,123.43,97.25
JVASP-7720,43.2,33.96875
JVASP-67277,129.72,121.5625
JVASP-20208,99.92,99.0625
JVASP-35219,95.33,92.6875
JVASP-28852,52.03,-7.8242188
JVASP-114098,18.3,26.953125
JVASP-13822,19.32,20.078125
JVASP-15239,145.7,146.0
JVASP-37471,38.52,31.78125
JVASP-36962,24.31,17.734375
JVASP-8067,437.6,446.75
JVASP-1300,78.3,71.5625
JVASP-101023,42.8,37.0
JVASP-15900,318.3,304.5
JVASP-14556,184.63,176.75
JVASP-3066,55.24,59.1875
JVASP-314,196.12,198.5
JVASP-110617,95.51,78.5
JVASP-16926,190.43,201.125
JVASP-44480,65.4,62.59375
JVASP-23339,82.8,68.625
JVASP-12809,93.46,85.75
JVASP-35694,157.48,148.75
JVASP-120972,38.16,31.703125
JVASP-3012,53.34,51.875
JVASP-70110,149.91,141.75
JVASP-100212,21.1,15.640625
JVASP-116355,11.32,7.796875
JVASP-18459,149.87,139.375
JVASP-65795,18.18,10.5
JVASP-26396,74.48,76.25
JVASP-9869,113.79,117.3125
JVASP-34341,92.68,92.6875
JVASP-39259,3.27,-3.4785156
JVASP-35027,25.53,23.34375
JVASP-24252,138.41,123.75
JVASP-7868,30.34,139.375
JVASP-117874,0.92,-8.0
JVASP-16421,81.14,77.5
JVASP-41823,135.47,120.9375
JVASP-23867,27.8,31.890625
JVASP-15957,24.48,16.53125
JVASP-118662,1.89,3.8710938
JVASP-37472,27.9,18.921875
JVASP-115971,42.31,32.0
JVASP-7780,260.13,227.375
JVASP-118709,238.8,250.125
JVASP-20841,176.89,164.875
JVASP-36974,12.69,9.546875
JVASP-42811,62.47,58.03125
JVASP-15438,136.56,133.75
JVASP-42135,41.97,36.46875
JVASP-99800,141.67,138.875
JVASP-37693,185.17,204.125
JVASP-111283,15.54,7.3125
JVASP-7965,69.89,79.0
JVASP-102973,22.28,267.25
JVASP-24259,59.42,42.9375
JVASP-40008,72.3,65.1875
JVASP-100308,234.67,220.75
JVASP-595,43.57,42.65625
JVASP-117530,32.09,22.71875
JVASP-70935,84.09,32.25
JVASP-1909,41.83,34.0
JVASP-75853,115.87,73.75
JVASP-20105,91.6,92.125
JVASP-102982,65.53,54.71875
JVASP-74268,110.0,102.8125
JVASP-52899,25.93,39.59375
JVASP-71451,57.07,44.84375
JVASP-21214,1.26,-1.0820312
JVASP-16619,58.7,51.03125
JVASP-25879,30.28,26.625
JVASP-99493,229.22,252.625
JVASP-67576,92.89,97.3125
JVASP-114175,82.59,93.6875
JVASP-17861,65.69,57.0
JVASP-36658,153.2,132.75
JVASP-67822,48.9,38.96875
JVASP-118086,62.16,50.1875
JVASP-9986,144.87,132.5
JVASP-39315,35.47,25.390625
JVASP-18844,85.48,82.8125
JVASP-102445,135.6,175.625
JVASP-32145,236.61,247.25
JVASP-15845,45.13,34.71875
JVASP-118925,38.67,31.140625
JVASP-36587,174.73,190.125
JVASP-71831,196.6,188.25
JVASP-40786,125.9,136.75
JVASP-20064,55.83,40.375
JVASP-41850,127.83,130.375
JVASP-68524,84.82,63.1875
JVASP-7745,39.78,29.578125
JVASP-103371,147.6,143.0
JVASP-94857,21.09,20.640625
JVASP-12138,32.36,20.796875
JVASP-11278,160.17,149.125
JVASP-16042,100.53,90.6875
JVASP-17500,45.03,36.09375
JVASP-1702,72.53,70.4375
JVASP-66868,69.96,81.625
JVASP-3633,41.39,31.375
JVASP-114707,14.24,0.16223145
JVASP-43520,28.41,17.890625
JVASP-109161,115.44,103.5625
JVASP-99503,46.43,34.90625
JVASP-21994,29.83,21.1875
JVASP-14254,47.72,43.34375
JVASP-51043,227.4,219.0
JVASP-50935,191.5,172.5
JVASP-68933,71.24,81.3125
JVASP-40291,92.77,84.0625
JVASP-94954,64.84,70.5
JVASP-15588,88.09,74.3125
JVASP-100063,154.34,125.25
JVASP-90027,21.04,13.078125
JVASP-15394,100.48,75.4375
JVASP-11006,80.49,79.0625
JVASP-15127,77.47,74.8125
JVASP-23794,211.64,205.875
JVASP-18260,100.21,85.8125
JVASP-14255,54.51,50.53125
JVASP-86451,3.83,88.375
JVASP-122991,190.63,199.5
JVASP-40858,33.73,20.671875
JVASP-29639,19.34,5.1992188
JVASP-106839,50.69,41.25
JVASP-16556,37.99,28.515625
JVASP-111690,0.0,66.1875
JVASP-93959,237.3,259.0
JVASP-22548,21.56,14.2109375
JVASP-117646,-0.47,-5.3945312
JVASP-64320,12.3,4.6289062
JVASP-120237,8.91,7.65625
JVASP-118463,5.98,9.1484375
JVASP-10535,142.0,141.5
JVASP-103192,14.5,8.78125
JVASP-12936,33.31,24.15625
JVASP-10793,255.7,258.75
JVASP-21712,75.03,61.75
JVASP-21388,64.24,49.84375
JVASP-106250,213.97,222.375
JVASP-91496,26.16,25.84375
JVASP-94962,50.36,41.8125
JVASP-18399,176.83,157.125
JVASP-64899,64.82,60.78125
JVASP-118562,25.22,22.484375
JVASP-90607,64.01,60.78125
JVASP-121059,45.56,35.03125
JVASP-16245,75.87,66.0
JVASP-69482,109.88,98.9375
JVASP-94893,44.68,31.953125
JVASP-114405,173.63,165.25
JVASP-44770,192.16,175.625
JVASP-40613,146.67,137.75
JVASP-64150,8.67,2.3671875
JVASP-12586,11.17,11.0
JVASP-103137,61.62,50.84375
JVASP-85355,142.9,147.75
JVASP-66232,21.3,23.84375
JVASP-69929,86.63,74.1875
JVASP-116381,45.29,35.8125
JVASP-11004,146.53,128.25
JVASP-111656,90.37,61.78125
JVASP-12010,75.07,77.0625
JVASP-17554,1.44,44.6875
JVASP-37353,29.12,25.8125
JVASP-4609,30.78,24.671875
JVASP-12312,66.97,65.3125
JVASP-14543,215.44,228.375
JVASP-92252,96.92,79.0
JVASP-116225,107.84,96.0
JVASP-122959,252.7,240.875
JVASP-14996,131.43,122.1875
JVASP-56272,84.71,77.5625
JVASP-11474,89.56,81.25
JVASP-573,37.68,29.453125
JVASP-75494,60.73,39.875
JVASP-118388,42.38,36.21875
JVASP-117745,18.84,31.3125
JVASP-18657,95.64,92.8125
JVASP-8169,178.67,155.625
JVASP-100153,15.98,15.0625
JVASP-71959,112.69,89.0
JVASP-92686,82.39,79.0
JVASP-30163,58.97,68.6875
JVASP-39328,119.19,123.5
JVASP-52473,135.46,127.125
JVASP-9666,126.21,143.0
JVASP-2017,159.77,145.75
JVASP-100496,44.0,36.21875
JVASP-105710,189.5,223.25
JVASP-115009,14.13,15.5
JVASP-116031,12.63,22.40625
JVASP-103327,275.57,279.25
JVASP-7634,24.02,12.984375
JVASP-64076,17.37,6.6445312
JVASP-65776,25.12,22.203125
JVASP-15172,151.17,143.75
JVASP-40432,24.84,16.296875
JVASP-69962,205.34,193.625
JVASP-8470,21.43,11.359375
JVASP-117939,71.29,60.0
JVASP-11187,40.72,38.78125
JVASP-12575,44.51,50.59375
JVASP-33797,11.04,9.46875
JVASP-109617,15.11,43.03125
JVASP-60766,101.62,95.25
JVASP-71765,228.51,214.0
JVASP-118465,19.68,19.890625
JVASP-7878,140.09,215.875
JVASP-20809,49.84,48.6875
JVASP-36503,21.3,23.75
JVASP-22529,60.87,65.6875
JVASP-25127,11.23,17.3125
JVASP-102093,17.47,11.03125
JVASP-38207,6.19,6.5078125
JVASP-99535,17.77,16.8125
JVASP-118748,11.98,12.328125
JVASP-23439,86.33,66.8125
JVASP-67831,37.82,42.96875
JVASP-17997,54.07,51.625
JVASP-106323,126.87,130.625
JVASP-3459,30.56,28.25
JVASP-29588,40.11,35.1875
JVASP-40093,181.97,188.375
JVASP-22687,45.87,54.1875
JVASP-118740,141.87,147.75
JVASP-57101,141.2,145.375
JVASP-71369,49.1,46.46875
JVASP-67451,96.99,83.75
JVASP-19103,106.77,118.0
JVASP-92555,127.39,115.25
JVASP-30260,23.89,26.78125
JVASP-115699,14.89,11.5859375
JVASP-70786,0.0,107.6875
JVASP-65407,32.73,31.34375
JVASP-4852,31.42,29.640625
JVASP-37414,283.57,316.25
JVASP-15265,190.97,188.5
JVASP-19919,299.34,310.5
JVASP-121230,31.9,28.984375
JVASP-34676,68.18,42.5625
JVASP-117766,22.67,18.75
JVASP-75483,188.2,128.125
JVASP-15171,72.63,78.4375
JVASP-117778,11.52,12.984375
JVASP-17774,56.87,54.6875
JVASP-28943,3.99,16.796875
JVASP-113659,11.21,35.3125
JVASP-13012,70.96,85.375
JVASP-85471,19.99,26.703125
JVASP-64330,13.77,10.1640625
JVASP-12291,100.49,101.875
JVASP-67585,74.73,65.625
JVASP-68177,235.06,226.5
JVASP-118368,40.42,47.375
JVASP-15081,103.39,93.4375
JVASP-28461,40.4,25.484375
JVASP-14822,30.66,30.625
JVASP-8155,136.46,130.0
JVASP-106351,44.62,36.90625
JVASP-3606,17.87,14.109375
JVASP-100356,34.79,31.09375
JVASP-25290,160.58,239.25
JVASP-8762,47.03,47.40625
JVASP-69641,173.27,184.125
JVASP-65535,7.52,3.609375
JVASP-70761,9.41,12.9140625
JVASP-99604,4.68,3.515625
JVASP-22720,35.8,28.84375
JVASP-91344,26.36,26.609375
JVASP-36341,191.67,178.625
JVASP-52263,108.63,108.3125
JVASP-90347,59.67,60.125
JVASP-104658,88.32,89.0
JVASP-11162,50.43,55.40625
JVASP-65656,13.8,16.203125
JVASP-24326,42.07,41.40625
JVASP-67741,131.14,112.1875
JVASP-105945,9.71,12.8828125
JVASP-2529,29.1,28.046875
JVASP-10157,101.34,116.375
JVASP-70619,61.64,46.625
JVASP-14911,46.49,52.15625
JVASP-8393,43.09,65.375
JVASP-1534,88.76,74.625
JVASP-71476,88.21,77.625
JVASP-14957,103.29,111.875
JVASP-8271,74.88,90.25
JVASP-37107,109.57,100.8125
JVASP-45323,53.17,60.65625
JVASP-35520,119.76,124.1875
JVASP-12320,33.84,30.4375
JVASP-120254,22.96,30.015625
JVASP-43955,0.11,49.75
JVASP-11037,149.07,145.5
JVASP-85552,69.02,56.9375
JVASP-16908,81.78,92.0625
JVASP-82023,2.56,1.9462891
JVASP-13856,34.13,32.46875
JVASP-118595,95.1,135.25
JVASP-69348,30.73,32.0625
JVASP-13289,65.57,56.53125
JVASP-35423,95.21,94.75
JVASP-9745,197.69,211.0
JVASP-15029,129.93,128.875
JVASP-12525,28.4,19.796875
JVASP-18247,156.67,175.125
JVASP-14513,124.23,114.875
JVASP-68902,108.8,123.9375
JVASP-987,313.97,294.5
JVASP-31154,13.62,15.7578125
JVASP-49818,103.57,103.5625
JVASP-9091,109.93,106.1875
JVASP-92611,77.52,79.125
JVASP-16272,71.9,58.15625
JVASP-20088,53.77,55.25
JVASP-35500,47.39,44.46875
JVASP-4149,19.54,18.203125
JVASP-72027,233.02,229.875
JVASP-71746,55.93,107.375
JVASP-115179,77.49,72.1875
JVASP-68240,213.26,214.25
JVASP-111808,51.17,49.125
JVASP-8335,107.22,136.625
JVASP-18375,74.12,69.25
JVASP-62644,123.51,124.0
JVASP-42889,150.8,157.625
JVASP-117826,19.78,23.125
JVASP-14094,363.07,347.25
JVASP-44231,50.51,95.0
JVASP-119994,55.61,58.75
JVASP-35699,211.9,205.25
JVASP-114892,-1.18,-1.4892578
JVASP-16707,171.33,177.5
JVASP-8566,40.27,33.5625
JVASP-62989,79.41,77.1875
JVASP-8607,19.24,20.609375
JVASP-2853,28.77,34.0
JVASP-16919,33.18,43.5625
JVASP-75736,232.0,119.5625
JVASP-17297,127.71,134.0
JVASP-8251,36.23,38.21875
JVASP-36612,173.9,178.75
JVASP-71562,0.0,35.28125
JVASP-97853,35.8,39.9375
JVASP-57967,118.66,135.25
JVASP-115670,30.27,28.3125
JVASP-12930,78.52,71.875
JVASP-116423,26.72,25.234375
JVASP-114089,22.13,22.75
JVASP-1073,72.6,71.375
JVASP-106349,55.61,38.96875
JVASP-9686,218.34,211.625
JVASP-15300,126.7,135.5
JVASP-18805,160.91,154.875
JVASP-116484,39.51,31.140625
JVASP-52662,73.59,86.75
JVASP-86319,40.81,50.5
JVASP-17365,138.44,142.5
JVASP-24333,64.31,66.4375
JVASP-86206,14.37,12.453125
JVASP-15696,78.41,76.5625
JVASP-87186,220.68,217.625
JVASP-20370,88.43,93.3125
JVASP-115103,13.91,12.84375
JVASP-16694,87.19,85.5625
JVASP-37035,186.0,189.25
JVASP-21841,144.2,142.625
JVASP-16657,104.39,97.6875
JVASP-100368,44.57,58.875
JVASP-1029,115.17,127.25
JVASP-68583,55.84,55.9375
JVASP-71207,52.53,60.34375
JVASP-72024,125.26,111.75
JVASP-28951,37.58,18.265625
JVASP-12390,26.38,29.03125
JVASP-53468,73.09,77.375
JVASP-87131,161.83,209.625
JVASP-71785,193.5,198.375
JVASP-40436,121.53,130.75
JVASP-68973,37.86,34.78125
JVASP-14979,41.4,41.8125
JVASP-8494,106.67,108.5
JVASP-11005,121.64,122.6875
JVASP-117590,1.28,4.9335938
JVASP-19681,263.41,285.75
JVASP-90058,184.61,185.75
JVASP-17832,145.22,156.25
JVASP-7824,105.87,109.5625
JVASP-20232,36.81,43.78125
JVASP-67683,24.2,28.4375
JVASP-37088,173.89,163.0
JVASP-49934,97.13,96.625
JVASP-90193,113.89,118.125
JVASP-50986,73.47,83.625
JVASP-8704,83.78,87.125
JVASP-52585,30.44,25.90625
JVASP-40833,97.9,94.375
JVASP-8040,40.28,36.65625
JVASP-1339,14.8,14.8359375
JVASP-30590,113.42,109.4375
JVASP-34229,39.02,37.28125
JVASP-20640,196.5,233.125
JVASP-40675,106.08,128.875
JVASP-9516,86.99,118.375
JVASP-100427,52.16,48.96875
JVASP-17418,107.27,102.0
JVASP-9338,25.89,74.3125
JVASP-116051,201.82,214.125
JVASP-25297,10.03,8.3671875
JVASP-89981,107.36,125.9375
JVASP-41318,47.13,43.75
JVASP-19704,71.12,73.6875
JVASP-37910,216.5,218.375
JVASP-68038,206.28,218.125
JVASP-53082,25.86,30.765625
JVASP-3951,18.23,17.953125
JVASP-78509,155.31,167.5
JVASP-118020,38.34,42.46875
JVASP-17852,133.3,137.0
JVASP-39812,99.27,109.0
JVASP-120096,71.87,76.9375
JVASP-86802,56.83,57.125
JVASP-90840,199.22,201.875
JVASP-121225,25.1,29.765625
JVASP-115583,47.26,49.09375
JVASP-36599,182.53,212.75
JVASP-100571,40.23,37.375
JVASP-14762,41.03,37.46875
JVASP-27264,14.01,13.0078125
JVASP-30494,17.92,15.921875
JVASP-8807,60.18,60.4375
JVASP-27815,15.96,20.109375
JVASP-92634,161.7,157.75
JVASP-93778,55.0,47.6875
JVASP-14497,79.27,71.3125
JVASP-113655,14.23,21.953125
JVASP-116211,79.32,77.75
JVASP-44678,104.94,73.1875
JVASP-37260,237.97,269.75
JVASP-36464,41.47,38.28125
JVASP-41455,104.4,98.6875
JVASP-11535,0.0,160.75
JVASP-8283,61.32,54.8125
JVASP-75728,168.7,171.0
JVASP-52016,8.58,18.640625
JVASP-9100,40.61,44.625
JVASP-12939,29.38,31.46875
JVASP-18055,80.2,92.3125
JVASP-54983,20.67,16.140625
JVASP-18806,75.53,67.125
JVASP-91776,5.62,1.6445312
JVASP-9564,56.06,69.5
JVASP-68642,37.6,42.9375
JVASP-35794,116.3,113.75
JVASP-28983,4.96,3.9628906
JVASP-30467,163.53,164.625
JVASP-67779,0.0,161.25
JVASP-14675,0.19,170.25
JVASP-88819,21.38,33.40625
JVASP-19889,299.63,331.75
JVASP-118576,19.43,15.46875
JVASP-17996,87.6,87.875
JVASP-9659,153.78,189.875
JVASP-2097,55.07,55.625
JVASP-17876,100.16,108.75
JVASP-115708,34.13,33.3125
JVASP-29257,44.97,37.3125
JVASP-28513,59.32,65.3125
JVASP-22639,18.0,20.359375
JVASP-65402,109.86,103.6875
JVASP-38530,33.6,40.65625
JVASP-9158,15.2,15.8671875
JVASP-30507,56.02,70.8125
JVASP-65769,33.07,32.03125
JVASP-25277,-0.82,2.5996094
JVASP-55213,65.17,54.34375
JVASP-75684,217.5,223.125
JVASP-20104,143.8,144.875
JVASP-65289,20.2,26.171875
JVASP-25392,4.53,9.4609375
JVASP-51035,43.37,64.375
JVASP-1927,22.13,27.578125
JVASP-4999,13.64,13.640625
JVASP-38852,170.83,177.125
JVASP-18414,139.98,177.75
JVASP-2844,28.36,24.296875
JVASP-92743,44.98,49.0625
JVASP-100195,22.41,22.859375
JVASP-51015,30.84,35.625
JVASP-25581,96.42,106.5625
JVASP-67148,123.91,130.875
JVASP-36495,28.7,25.265625
JVASP-50190,92.43,106.25
JVASP-11997,34.56,45.46875
JVASP-8237,19.3,23.71875
JVASP-92737,5.0,3.5429688
JVASP-86108,18.7,24.125
JVASP-100252,134.78,157.875
JVASP-28575,48.02,58.28125
JVASP-41327,20.4,18.859375
JVASP-40829,125.24,121.5625
JVASP-17764,222.27,228.375
JVASP-117922,40.26,56.78125
JVASP-36982,18.86,18.15625
JVASP-67446,23.22,27.0625
JVASP-40611,83.08,93.5
JVASP-118773,112.06,128.125
JVASP-3087,63.6,60.8125
JVASP-111831,99.31,120.125
JVASP-8024,168.57,184.5
JVASP-51740,59.6,63.375
JVASP-35512,142.53,163.75
JVASP-11314,80.46,92.8125
JVASP-12195,104.32,103.0
JVASP-16928,114.41,125.5
JVASP-38182,9.64,7.453125
JVASP-37511,20.33,17.890625
JVASP-118362,8.86,5.9101562
JVASP-25645,104.4,131.375
JVASP-35067,22.56,22.875
JVASP-37163,46.59,54.90625
JVASP-65714,112.71,128.875
JVASP-99452,46.92,48.53125
JVASP-67418,168.57,164.5
JVASP-10690,134.06,147.0
JVASP-362,38.02,36.4375
JVASP-25606,63.7,83.125
JVASP-28371,39.22,42.78125
JVASP-20481,147.61,159.5
JVASP-15839,21.0,24.875
JVASP-15947,153.83,157.375
JVASP-94339,85.4,96.1875
JVASP-15061,78.6,85.3125
JVASP-25649,80.96,87.0625
JVASP-35817,182.5,194.625
JVASP-9642,70.34,51.53125
JVASP-16268,85.2,89.125
JVASP-118232,86.29,102.125
JVASP-8033,185.17,192.625
JVASP-14327,18.53,22.984375
JVASP-103360,124.92,130.625
JVASP-91895,38.49,38.71875
JVASP-8141,56.82,56.90625
JVASP-42890,64.33,60.03125
JVASP-35197,46.0,51.3125
JVASP-43007,103.56,136.0
JVASP-28392,281.77,295.75
JVASP-17854,217.03,241.125
JVASP-17582,55.07,56.625
JVASP-85938,18.22,27.328125
JVASP-64603,10.23,9.109375
JVASP-1225,72.91,73.4375
JVASP-70783,54.09,42.9375
JVASP-1240,115.17,165.0
JVASP-15294,103.31,122.3125
JVASP-25408,59.57,67.25
JVASP-25787,38.43,46.84375
JVASP-36582,53.86,44.40625
JVASP-21122,46.67,55.21875
JVASP-100275,74.74,72.9375
JVASP-54553,117.4,92.8125
JVASP-8680,40.9,45.3125
JVASP-17631,29.4,63.28125
JVASP-118006,87.26,99.5
JVASP-67834,45.1,46.9375
JVASP-37062,137.53,141.75
JVASP-70473,72.17,73.0625
JVASP-8182,83.27,88.1875
JVASP-15937,45.57,54.4375
JVASP-65692,19.9,15.6171875
JVASP-91765,44.03,73.625
JVASP-9248,33.61,43.53125
JVASP-102451,51.17,53.15625
JVASP-4358,33.53,36.6875
JVASP-32465,12.06,16.6875
JVASP-64776,10.27,10.1640625
JVASP-106276,42.57,47.46875
JVASP-12600,27.29,35.5
JVASP-34384,110.97,121.75
JVASP-101418,173.83,180.375
JVASP-57,57.63,59.875
JVASP-9735,85.8,97.5625
JVASP-34220,60.2,69.75
JVASP-85133,95.1,93.3125
JVASP-99913,100.67,113.75
JVASP-10144,173.12,165.625
JVASP-7678,65.0,69.0625
JVASP-18430,98.62,76.8125
JVASP-14574,87.9,88.5625
JVASP-37411,175.83,184.75
JVASP-9671,31.81,41.5
JVASP-35198,69.04,66.5
JVASP-40515,25.0,19.34375
JVASP-65139,202.01,221.25
JVASP-120316,26.79,30.6875
JVASP-118737,56.16,73.0
JVASP-15299,148.16,159.875
JVASP-68071,87.81,62.84375
JVASP-93376,86.62,92.375
JVASP-115481,18.47,27.296875
JVASP-35769,39.4,41.90625
JVASP-41989,190.23,192.875
JVASP-85923,47.21,40.96875
JVASP-17627,45.68,46.34375
JVASP-63810,185.01,181.125
JVASP-9996,109.64,118.9375
JVASP-14763,210.43,208.25
JVASP-14397,25.11,125.875
JVASP-28572,30.47,9.5703125
JVASP-7818,41.22,31.828125
JVASP-28726,5.04,10.5078125
JVASP-74312,131.51,144.25
JVASP-74632,48.4,48.46875
JVASP-68478,58.92,59.78125
JVASP-92525,38.21,42.0
JVASP-1750,94.77,100.5625
JVASP-51107,130.73,157.625
JVASP-116589,218.36,220.125
JVASP-14867,122.57,128.375
JVASP-14940,75.28,67.5
JVASP-111399,69.08,68.6875
JVASP-90497,107.52,104.8125
JVASP-64063,9.53,10.046875
JVASP-90850,52.58,53.21875
JVASP-81671,46.84,44.875
JVASP-95026,99.79,106.3125
JVASP-23506,197.23,203.5
JVASP-78351,161.49,171.125
JVASP-14578,193.3,196.75
JVASP-91750,29.67,30.515625
JVASP-11171,20.5,19.28125
JVASP-28866,27.43,2.7734375
JVASP-94898,104.99,114.5
JVASP-118272,74.79,85.875
JVASP-92239,56.3,60.625
JVASP-120386,80.64,87.9375
JVASP-26762,45.39,46.96875
JVASP-16915,25.38,37.53125
JVASP-66550,19.5,28.0625
JVASP-15792,94.98,96.9375
JVASP-18543,84.2,85.75
JVASP-70964,88.54,115.0
JVASP-117631,13.56,12.7109375
JVASP-22582,72.16,73.3125
JVASP-7659,59.8,59.84375
JVASP-37224,138.5,150.375
JVASP-19370,199.39,200.5
JVASP-90562,0.0,47.5
JVASP-15391,49.94,46.25
JVASP-39042,87.2,96.625
JVASP-14832,45.0,43.59375
JVASP-28506,0.29,12.5859375
JVASP-1963,21.3,25.03125
JVASP-8210,33.33,28.265625
JVASP-4243,15.27,10.234375
JVASP-103218,45.3,44.40625
JVASP-69568,126.16,132.375
JVASP-120280,52.24,59.78125
JVASP-38789,76.1,73.0625
JVASP-106220,2.97,33.59375
JVASP-20077,74.13,77.3125
JVASP-72381,94.79,102.5625
JVASP-120303,193.31,198.25
JVASP-13867,40.77,29.265625
JVASP-74231,22.47,29.53125
JVASP-11970,179.53,205.25
JVASP-120349,29.31,34.5625
JVASP-22543,28.44,22.203125
JVASP-37016,24.2,26.09375
JVASP-54807,20.5,22.8125
JVASP-8,49.1,43.8125
JVASP-121120,11.93,10.4296875
JVASP-2280,26.76,27.390625
JVASP-117795,30.26,20.453125
JVASP-59147,79.84,68.375
JVASP-17865,107.13,112.1875
JVASP-18957,126.09,136.0
JVASP-12112,47.71,50.03125
JVASP-25251,-1.66,-1.7021484
JVASP-7932,96.49,100.1875
JVASP-118011,68.69,57.8125
JVASP-115560,16.2,20.328125
JVASP-113693,213.97,214.25
JVASP-36320,134.8,108.375
JVASP-75712,146.0,154.625
JVASP-10948,197.86,181.25
JVASP-120953,37.92,29.640625
JVASP-93271,165.64,161.625
JVASP-93419,93.11,90.375
JVASP-116053,127.68,90.6875
JVASP-85149,148.38,163.375
JVASP-8247,97.18,114.375
JVASP-65764,0.0,27.3125
JVASP-16338,91.88,87.0
JVASP-16279,45.43,45.46875
JVASP-93445,58.74,63.0
JVASP-18270,74.94,74.8125
JVASP-118566,9.86,12.5546875
JVASP-111350,102.64,125.375
JVASP-14768,155.2,160.5
JVASP-68723,39.58,39.0625
JVASP-90621,262.27,257.0
JVASP-116160,62.62,61.625
JVASP-1849,48.37,48.90625
JVASP-30562,111.81,117.0625
JVASP-49935,74.23,79.6875
JVASP-67852,19.76,50.0625
JVASP-30329,63.57,66.875
JVASP-80479,13.94,7.171875
JVASP-111969,81.58,77.3125
JVASP-16641,101.82,107.25
JVASP-71227,100.97,81.75
JVASP-37124,76.77,113.5625
JVASP-16081,91.4,91.375
JVASP-85433,70.06,67.3125
JVASP-51710,80.7,79.875
JVASP-38840,147.6,143.375
JVASP-8332,56.54,64.1875
JVASP-100277,0.0,200.0
JVASP-39096,279.87,289.25
JVASP-102966,37.64,86.0625
JVASP-69125,19.83,19.234375
JVASP-2430,49.49,42.21875
JVASP-75470,98.13,78.1875
JVASP-21560,68.31,71.375
JVASP-14332,216.27,193.25
JVASP-4074,11.07,8.5625
JVASP-116920,40.27,41.46875
JVASP-106241,40.76,32.84375
JVASP-21452,65.53,70.875
JVASP-37259,63.37,60.53125
JVASP-18777,144.0,151.625
JVASP-117852,11.89,13.40625
JVASP-1567,93.93,107.75
JVASP-15254,150.53,138.0
JVASP-57779,78.82,65.5
JVASP-541,56.93,48.28125
JVASP-39426,17.62,10.625
JVASP-29151,5.11,11.375
JVASP-116236,33.87,42.34375
JVASP-92682,88.67,86.6875
JVASP-35978,275.73,282.75
JVASP-4219,9.1,12.5234375
JVASP-21249,125.0,134.125
JVASP-115749,141.58,106.9375
JVASP-52004,36.08,47.875
JVASP-15064,203.1,188.5
JVASP-104560,47.3,63.34375
JVASP-18614,106.1,108.125
JVASP-11545,151.39,162.625
JVASP-115903,35.8,37.21875
JVASP-118949,43.69,46.25
JVASP-86628,3.73,68.0625
JVASP-26409,83.09,88.375
JVASP-110342,23.0,29.8125
JVASP-25242,8.94,10.2421875
JVASP-14716,68.77,65.1875
JVASP-29039,2.62,25.0625
JVASP-36361,123.6,99.1875
JVASP-105969,133.6,129.5
JVASP-15167,114.81,118.25
JVASP-16643,64.71,72.75
JVASP-92258,18.07,17.6875
JVASP-68616,13.62,20.125
JVASP-64887,177.33,172.625
JVASP-103126,155.6,156.0
JVASP-81,33.0,35.0
JVASP-41170,120.63,107.5
JVASP-14316,78.67,85.75
JVASP-19870,152.4,166.75
JVASP-91721,9.4,7.6523438
JVASP-1804,43.36,43.21875
JVASP-114447,11.39,15.8359375
JVASP-9104,21.94,24.328125
JVASP-39265,6.93,10.25
JVASP-8034,30.54,25.984375
JVASP-12167,45.92,46.78125
JVASP-37942,116.41,133.75
JVASP-1477,27.61,26.578125
JVASP-91764,30.67,30.671875
JVASP-38238,5.61,10.859375
JVASP-10538,19.81,23.34375
JVASP-9521,63.79,79.0
JVASP-65076,39.44,42.46875
JVASP-105929,47.8,48.28125
JVASP-10883,29.82,37.09375
JVASP-75590,28.77,37.9375
JVASP-9178,238.77,227.25
JVASP-39214,36.77,42.96875
JVASP-101737,91.33,88.8125
JVASP-12152,84.66,84.125
JVASP-116391,-7.67,2.5839844
JVASP-68881,43.17,34.3125
JVASP-70365,108.12,102.9375
JVASP-16856,87.42,77.6875
JVASP-115580,23.66,25.328125
JVASP-120180,24.0,18.34375
JVASP-120083,26.27,28.953125
JVASP-13762,57.32,51.53125
JVASP-48933,29.32,29.828125
JVASP-35195,60.7,67.125
JVASP-10227,20.3,23.328125
JVASP-1639,95.99,82.6875
JVASP-78633,151.03,147.25
JVASP-116311,47.52,48.8125
JVASP-17356,28.41,24.984375
JVASP-94885,176.94,212.25
JVASP-21969,29.56,33.09375
JVASP-39408,120.0,119.5625
JVASP-22711,52.1,48.90625
JVASP-38175,20.32,17.765625
JVASP-99917,99.79,90.625
JVASP-78579,49.61,59.0
JVASP-105700,33.37,37.65625
JVASP-38767,165.6,173.25
JVASP-21866,35.23,39.90625
JVASP-18838,148.82,142.875
JVASP-99892,26.93,219.875
JVASP-57000,135.93,141.5
JVASP-37151,187.0,197.125
JVASP-47706,64.51,62.375
JVASP-85300,86.46,82.0625
JVASP-90034,19.08,22.46875
JVASP-44767,132.99,119.75
JVASP-8728,139.23,140.625
JVASP-54991,0.96,166.125
JVASP-10591,72.41,73.1875
JVASP-15723,112.91,114.75
JVASP-121174,0.22,3.3144531
JVASP-105949,55.1,45.21875
JVASP-7633,276.53,284.0
JVASP-71399,49.31,69.1875
JVASP-7862,135.13,138.5
JVASP-118091,42.79,51.875
JVASP-63205,134.29,145.75
JVASP-64987,16.1,19.4375
JVASP-9505,82.59,85.6875
JVASP-50104,93.47,97.8125
JVASP-91813,160.8,164.125
JVASP-29195,3.51,7.5234375
JVASP-90783,60.34,58.1875
JVASP-117557,29.77,32.78125
JVASP-3084,25.67,29.09375
JVASP-94378,79.18,81.25
JVASP-36114,107.0,110.375
JVASP-92240,33.46,33.09375
JVASP-11397,43.09,39.75
JVASP-8630,99.18,100.0625
JVASP-39345,153.73,156.5
JVASP-58345,136.36,64.875
JVASP-68523,64.46,70.75
JVASP-855,12.36,8.765625
JVASP-119984,33.6,34.875
JVASP-68012,116.23,124.625
JVASP-91593,59.18,65.9375
JVASP-25057,115.13,119.8125
JVASP-70816,0.0,158.125
JVASP-116343,194.44,166.625
JVASP-22526,48.0,52.0625
JVASP-120886,52.56,67.0625
JVASP-118028,4.48,2.3496094
JVASP-38914,78.48,81.625
JVASP-91686,27.52,25.921875
JVASP-116640,70.27,78.25
JVASP-30656,43.99,47.125
JVASP-75824,0.19,24.71875
JVASP-5473,15.74,11.8203125
JVASP-39667,272.63,257.5
JVASP-38246,8.64,11.109375
JVASP-66472,17.9,26.015625
JVASP-115034,13.39,14.40625
JVASP-21543,125.51,125.8125
JVASP-115376,47.9,46.375
JVASP-110337,52.87,50.8125
JVASP-11180,74.13,80.125
JVASP-69415,59.42,88.9375
JVASP-31013,55.64,57.46875
JVASP-115210,23.39,23.078125
JVASP-19851,181.1,176.5
JVASP-35324,181.13,174.25
JVASP-28929,4.89,14.1875
JVASP-7631,201.06,208.625
JVASP-118393,65.89,74.625
JVASP-66757,149.88,150.75
JVASP-20125,133.71,148.125
JVASP-70791,16.13,15.0234375
JVASP-12127,19.77,5.8710938
JVASP-33847,11.73,1.9619141
JVASP-22594,21.44,24.53125
JVASP-36301,47.73,37.0
JVASP-22614,15.41,23.890625
JVASP-22148,256.89,232.25
JVASP-8754,19.94,18.875
JVASP-35675,122.67,124.6875
JVASP-15747,42.93,47.3125
JVASP-115042,41.38,45.21875
JVASP-15268,105.08,116.0
JVASP-36449,23.83,26.09375
JVASP-29282,47.58,45.59375
JVASP-7933,127.14,134.75
JVASP-118509,33.4,26.875
JVASP-36217,76.1,78.5625
JVASP-10193,22.13,22.25
JVASP-115933,88.0,87.8125
JVASP-42075,68.63,65.875
JVASP-35127,96.08,93.0625
JVASP-68417,190.96,194.75
JVASP-34080,48.47,54.96875
JVASP-40420,201.03,211.0
JVASP-20434,221.93,214.125
JVASP-16028,52.9,54.875
JVASP-86711,20.42,30.96875
JVASP-78264,263.36,289.0
JVASP-16803,107.73,109.25
JVASP-25403,77.36,218.25
JVASP-35220,30.48,29.5
JVASP-11300,36.34,40.8125
JVASP-13963,108.97,113.5
JVASP-16674,77.39,74.3125
JVASP-9404,60.3,68.75
JVASP-118513,43.11,42.03125
JVASP-36224,72.63,80.1875
JVASP-17785,109.77,116.625
JVASP-18923,178.59,195.875
JVASP-28660,5.5,4.796875
JVASP-64346,17.6,17.6875
JVASP-86791,37.41,32.40625
JVASP-70035,87.81,96.6875
JVASP-85373,92.53,84.25
JVASP-22644,213.29,218.625
JVASP-68387,84.24,78.625
JVASP-92659,143.74,143.25
JVASP-39202,124.37,140.125
JVASP-117952,160.08,162.25
JVASP-35122,93.54,84.375
JVASP-22525,55.62,49.125
JVASP-114421,35.52,36.84375
JVASP-92707,63.0,53.75
JVASP-30498,36.09,37.09375
JVASP-36498,24.27,24.34375
JVASP-3819,18.12,23.828125
JVASP-90854,37.54,47.875
JVASP-114929,81.03,93.6875
JVASP-118682,23.66,30.875
JVASP-14665,63.6,59.53125
JVASP-25077,8.77,9.8046875
JVASP-39523,75.66,80.0625
JVASP-4128,63.96,63.21875
JVASP-11986,241.39,235.25
JVASP-70512,0.0,60.25
JVASP-75515,1.22,22.890625
JVASP-14937,76.73,70.0625
JVASP-114561,22.22,26.953125
JVASP-28616,40.74,36.09375
JVASP-8006,386.67,354.75
JVASP-4400,37.66,37.1875
JVASP-49936,101.97,103.625
JVASP-91366,216.56,213.5
JVASP-15935,58.2,54.84375
JVASP-79522,157.77,158.25
JVASP-91346,0.0,18.265625
JVASP-39972,151.4,140.125
JVASP-52341,16.59,29.078125
JVASP-25320,193.33,191.75
JVASP-85718,38.89,35.78125
JVASP-57695,377.97,337.75
JVASP-71004,45.26,41.125
JVASP-92728,88.4,85.5625
JVASP-39820,58.0,67.6875
JVASP-74781,231.57,240.25
JVASP-38615,170.1,211.625
JVASP-35479,28.51,33.4375
JVASP-99845,125.13,133.375
JVASP-101424,56.89,68.375
JVASP-67974,38.47,44.46875
JVASP-20624,76.17,73.3125
JVASP-64119,10.43,13.0546875
JVASP-74470,72.24,74.0
JVASP-66980,110.66,133.25
JVASP-15799,25.27,36.65625
JVASP-17989,195.77,220.0
JVASP-10694,31.44,33.96875
JVASP-118716,32.69,32.3125
JVASP-41744,45.37,52.03125
JVASP-71305,44.06,45.09375
JVASP-18383,56.53,81.1875
JVASP-117744,11.5,75.4375
JVASP-119920,29.36,33.25
JVASP-118798,15.11,23.484375
JVASP-53414,51.94,47.03125
JVASP-25051,4.3,5.8007812
JVASP-46993,80.44,100.875
JVASP-12059,80.13,116.375
JVASP-3720,25.99,29.4375
JVASP-54719,19.7,29.90625
JVASP-16539,41.43,50.625
JVASP-21143,72.38,86.5
JVASP-120285,79.77,99.875
JVASP-71480,47.09,34.21875
JVASP-50684,89.02,118.3125
JVASP-28705,2.89,20.484375
JVASP-39323,115.1,123.125
JVASP-41836,79.26,84.375
JVASP-28839,5.45,5.7382812
JVASP-102215,167.39,181.125
JVASP-74806,156.52,176.875
JVASP-3006,60.24,63.78125
JVASP-12486,20.99,20.140625
JVASP-18035,42.5,43.21875
JVASP-17717,40.07,47.53125
JVASP-56819,33.12,40.96875
JVASP-20069,103.92,121.9375
JVASP-41245,103.87,105.25
JVASP-103142,106.89,100.9375
JVASP-100251,128.42,140.625
JVASP-66057,19.33,16.078125
JVASP-55099,82.81,94.125
JVASP-114514,-0.04,-2.0332031
JVASP-119,13.27,17.5625
JVASP-64993,111.37,124.1875
JVASP-30715,55.89,69.4375
JVASP-25374,3.82,7.8046875
JVASP-65634,54.34,52.4375
JVASP-110002,21.08,23.0
JVASP-64816,14.5,15.9375
JVASP-51711,56.27,65.3125
JVASP-40343,124.8,116.0
JVASP-67798,176.9,210.5
JVASP-117845,2.38,8.8828125
JVASP-30550,49.34,63.9375
JVASP-9525,156.9,158.875
JVASP-1894,51.12,62.71875
JVASP-93767,66.56,78.5
JVASP-116979,20.47,26.125
JVASP-9762,140.57,144.75
JVASP-118015,45.5,54.53125
JVASP-8041,22.51,24.890625
JVASP-115744,54.07,32.0625
JVASP-100629,38.07,42.40625
JVASP-16376,185.43,189.875
JVASP-13272,96.77,102.3125
JVASP-36202,262.23,291.0
JVASP-40591,148.97,150.625
JVASP-118765,43.33,56.3125
JVASP-16604,195.1,236.625
JVASP-37284,51.1,54.78125
JVASP-8808,42.32,46.84375
JVASP-53535,74.72,75.0625
JVASP-74515,27.56,208.875
JVASP-16277,57.07,62.4375
JVASP-17754,74.71,85.375
JVASP-20511,90.89,87.5
JVASP-17912,150.44,97.0
JVASP-68760,93.1,68.75
JVASP-40599,51.47,57.0
JVASP-54754,40.72,48.09375
JVASP-53602,45.77,52.46875
JVASP-115723,12.47,15.078125
JVASP-93450,37.43,46.25
JVASP-57054,69.04,77.1875
JVASP-91368,146.11,161.5
JVASP-16617,186.57,182.375
JVASP-106192,50.83,55.75
JVASP-66393,20.73,28.203125
JVASP-117784,20.72,27.734375
JVASP-38501,42.23,47.59375
JVASP-25413,60.13,67.375
JVASP-91731,21.56,46.78125
JVASP-118286,88.77,89.5625
JVASP-16444,96.67,104.0
JVASP-12080,18.34,23.140625
JVASP-123000,71.07,66.25
JVASP-11605,203.01,236.875
JVASP-16729,58.03,61.09375
JVASP-10972,35.59,47.8125
JVASP-95240,16.44,19.171875
JVASP-116449,107.07,117.3125
JVASP-15343,162.57,132.5
JVASP-18196,201.63,216.75
JVASP-117890,-0.97,3.4042969
JVASP-8373,142.33,170.625
JVASP-35668,92.79,113.3125
JVASP-35725,169.53,189.625
JVASP-63006,167.0,197.25
JVASP-1642,101.7,119.8125
JVASP-18739,93.87,97.875
JVASP-120360,3.9,10.0703125
JVASP-39836,105.23,117.375
JVASP-16287,98.57,105.1875
JVASP-37476,74.7,77.4375
JVASP-3201,44.48,49.84375
JVASP-92664,102.34,109.6875
JVASP-25209,46.98,54.40625
JVASP-118695,79.01,119.3125
JVASP-17581,62.52,65.625
JVASP-10122,29.23,36.34375
JVASP-104564,126.4,167.25
JVASP-86404,59.33,60.65625
JVASP-28644,37.76,46.71875
JVASP-95638,84.4,84.3125
JVASP-16633,175.49,198.25
JVASP-8769,17.78,18.921875
JVASP-40014,223.87,252.625
JVASP-107469,30.57,57.71875
JVASP-93736,135.47,161.0
JVASP-8165,46.48,55.03125
JVASP-8364,64.79,63.375
JVASP-43832,70.53,71.8125
JVASP-62041,16.13,27.671875
JVASP-114031,32.26,24.421875
JVASP-118704,25.48,27.375
JVASP-9462,109.6,121.6875
JVASP-116249,36.02,40.65625
JVASP-69131,22.56,40.46875
JVASP-20097,89.01,87.5
JVASP-117585,44.86,50.8125
JVASP-10682,98.98,119.9375
JVASP-107913,135.66,174.875
JVASP-67840,48.04,57.28125
JVASP-67558,143.38,143.75
JVASP-93446,40.19,39.5
JVASP-22497,86.51,96.75
JVASP-114924,84.02,108.0625
JVASP-9380,33.76,41.09375
JVASP-8307,51.6,62.875
JVASP-15034,98.62,104.6875
JVASP-15028,158.27,181.75
JVASP-22545,53.08,54.9375
JVASP-17796,84.93,80.875
JVASP-37878,79.42,83.3125
JVASP-7733,130.43,137.5
JVASP-119953,19.27,19.875
JVASP-9565,66.78,74.75
JVASP-18647,25.1,36.46875
JVASP-118905,138.9,155.125
JVASP-87169,131.07,132.5
JVASP-102643,109.07,121.8125
JVASP-17178,129.97,132.75
JVASP-86468,39.99,41.40625
JVASP-50674,100.88,140.25
JVASP-4346,11.28,16.03125
JVASP-38496,42.22,40.75
JVASP-25638,79.38,85.0625
JVASP-18230,68.07,70.5625
JVASP-117985,27.53,27.609375
JVASP-28913,4.71,8.5859375
JVASP-77158,119.98,143.5
JVASP-14798,272.19,306.25
JVASP-57323,85.16,89.375
JVASP-120022,93.43,111.6875
JVASP-1124,83.1,95.0625
JVASP-14567,72.43,68.3125
JVASP-114806,70.02,86.0625
JVASP-85679,22.57,32.25
JVASP-1873,146.72,144.125
JVASP-338,88.16,103.375
JVASP-17474,136.99,154.375
JVASP-106796,131.93,152.375
JVASP-30475,84.99,64.875
JVASP-29246,24.77,32.40625
JVASP-110587,56.32,64.9375
JVASP-92646,125.1,141.625
JVASP-8136,82.12,75.0
JVASP-93954,213.74,242.75
JVASP-4648,64.61,74.875
JVASP-93306,34.9,41.21875
JVASP-118930,57.34,84.6875
JVASP-38245,4.37,8.765625
JVASP-38825,211.23,211.875
JVASP-8261,84.19,79.875
JVASP-23369,11.2,14.2421875
JVASP-65129,2.38,56.3125
JVASP-102178,13.48,18.203125
JVASP-106800,38.23,38.5
JVASP-92582,119.84,129.75
JVASP-54835,34.3,32.53125
JVASP-75686,135.63,96.75
JVASP-4843,245.62,271.5
JVASP-29795,59.99,65.25
JVASP-28797,56.81,68.5
JVASP-101431,92.37,101.5
JVASP-20495,92.46,92.3125
JVASP-8347,36.97,38.6875
JVASP-100529,83.53,87.25
JVASP-86709,18.64,21.1875
JVASP-106373,38.71,41.84375
JVASP-114762,39.79,37.65625
JVASP-22625,18.07,24.15625
JVASP-1201,53.27,71.9375
JVASP-51434,90.01,113.3125
JVASP-62656,19.4,25.0625
JVASP-38367,48.33,65.1875
JVASP-119931,13.62,15.484375
JVASP-14859,99.72,110.625
JVASP-65742,35.39,34.75
JVASP-8219,37.92,33.46875
JVASP-86558,65.0,61.65625
JVASP-10081,37.32,41.78125
JVASP-118729,32.98,39.625
JVASP-9563,83.22,102.125
JVASP-114556,23.24,20.609375
JVASP-26358,84.42,86.625
JVASP-15666,147.06,159.0
JVASP-8371,74.53,93.9375
JVASP-18772,0.0,49.9375
JVASP-18320,57.03,55.96875
JVASP-8618,181.87,206.5
JVASP-30635,0.94,147.25
JVASP-29859,93.03,113.125
JVASP-86921,161.48,188.0
JVASP-54370,10.76,19.09375
JVASP-38678,105.72,123.4375
JVASP-110381,12.83,17.234375
JVASP-37519,43.98,60.5625
JVASP-100646,173.53,175.375
JVASP-36336,247.9,300.0
JVASP-19624,71.57,71.5
JVASP-16027,38.69,34.625
JVASP-78332,54.67,59.59375
JVASP-10230,20.62,22.53125
JVASP-12766,36.5,39.9375
JVASP-14858,181.6,208.625
JVASP-106194,12.22,15.765625
JVASP-69057,8.31,13.3125
JVASP-117880,12.04,12.1015625
JVASP-116126,29.52,25.0625
JVASP-40296,49.2,45.6875
JVASP-66885,98.99,90.3125
JVASP-14063,56.07,46.75
JVASP-9437,175.21,176.25
JVASP-8216,54.61,59.59375
JVASP-15600,171.61,162.0
JVASP-29490,50.58,34.21875
JVASP-115468,31.3,30.4375
JVASP-24999,73.91,80.1875
JVASP-8648,79.32,83.625
JVASP-29379,102.57,53.6875
JVASP-87181,40.47,37.96875
JVASP-37041,132.5,121.8125
JVASP-14692,99.46,90.875
JVASP-7643,33.52,37.0625
JVASP-36674,184.8,202.625
JVASP-66919,166.22,141.75
JVASP-22697,76.43,88.75
JVASP-16342,54.25,84.8125
JVASP-25009,64.26,61.375
JVASP-58438,57.23,61.5625
JVASP-105875,57.19,57.65625
JVASP-55104,98.67,98.9375
JVASP-20301,77.57,67.5625
JVASP-122995,103.83,91.0
JVASP-5596,15.68,15.390625
JVASP-20592,133.3,139.875
JVASP-16486,139.32,129.125
JVASP-100072,116.29,98.0625
JVASP-15257,129.49,136.375
JVASP-19611,60.78,59.1875
JVASP-16853,207.33,219.125
JVASP-16385,71.58,77.9375
JVASP-18523,40.8,39.0625
JVASP-114767,29.71,26.0
JVASP-69342,33.88,33.1875
JVASP-113734,157.89,165.875
JVASP-16599,253.53,243.75
JVASP-9435,49.66,44.5625
JVASP-110438,45.83,45.65625
JVASP-17168,258.03,277.0
JVASP-106988,67.6,100.625
JVASP-36881,20.73,13.6796875
JVASP-86922,0.0,154.125
JVASP-15379,66.52,64.5625
JVASP-43077,102.97,110.125
JVASP-112146,88.14,74.8125
JVASP-41125,155.87,151.75
JVASP-54956,67.17,82.5625
JVASP-8817,43.97,43.21875
JVASP-37117,32.17,31.59375
JVASP-108570,27.71,45.09375
JVASP-36511,42.0,40.6875
JVASP-35206,199.1,190.625
JVASP-25336,57.53,56.84375
JVASP-20610,62.63,65.375
JVASP-114634,8.0,12.8671875
JVASP-14773,164.67,169.125
JVASP-30645,64.79,73.625
JVASP-12922,64.37,56.71875
JVASP-21981,28.06,18.296875
JVASP-15230,37.67,35.59375
JVASP-40800,121.47,111.1875
JVASP-33027,19.77,41.34375
JVASP-74979,16.2,18.0
JVASP-28713,5.54,25.3125
JVASP-25075,50.63,59.4375
JVASP-19849,195.13,194.125
JVASP-15355,113.13,114.6875
JVASP-12910,52.13,52.1875
JVASP-21619,139.9,97.5625
JVASP-116336,86.16,66.8125
JVASP-10878,139.66,138.125
JVASP-91584,205.59,191.5
JVASP-56847,99.07,100.75
JVASP-121188,33.81,35.59375
JVASP-40855,48.7,39.5625
JVASP-93215,165.9,168.375
JVASP-17741,33.37,36.15625
JVASP-9880,47.21,68.125
JVASP-99375,22.43,29.84375
JVASP-92556,128.7,125.9375
JVASP-116458,38.77,51.125
JVASP-102580,4.48,8.53125
JVASP-117763,23.21,22.265625
JVASP-99744,77.8,78.125
JVASP-116069,133.34,145.5
JVASP-8520,48.21,56.6875
JVASP-118331,-3.31,-2.3496094
JVASP-91977,44.33,38.625
JVASP-110541,153.4,149.75
JVASP-14489,64.07,60.34375
JVASP-11280,87.04,74.875
JVASP-104976,134.59,135.375
JVASP-20574,76.93,82.9375
JVASP-110386,20.2,21.71875
JVASP-38930,176.93,163.875
JVASP-65710,17.8,13.0
JVASP-9617,136.87,129.75
JVASP-78319,52.98,52.46875
JVASP-30259,70.76,71.25
JVASP-39433,65.9,63.875
JVASP-16600,220.53,211.375
JVASP-41330,204.73,191.125
JVASP-89624,44.8,45.90625
JVASP-15720,177.17,160.875
JVASP-27144,66.31,69.5625
JVASP-38205,9.03,15.0078125
JVASP-47996,32.52,29.78125
JVASP-57322,69.03,60.09375
JVASP-99748,165.77,172.5
JVASP-9926,105.34,110.1875
JVASP-55133,131.12,132.5
JVASP-100595,224.7,233.375
JVASP-15709,46.9,60.0625
JVASP-22566,67.81,68.0625
JVASP-86521,46.01,54.15625
JVASP-102644,64.34,76.9375
JVASP-15311,151.51,149.625
JVASP-16586,221.73,202.0
JVASP-66819,176.26,186.125
JVASP-65668,57.62,120.1875
JVASP-115687,12.5,16.28125
JVASP-118493,117.96,124.4375
JVASP-9517,74.97,61.875
JVASP-12410,68.93,71.4375
JVASP-92230,20.35,25.8125
JVASP-92748,134.63,117.5625
JVASP-37662,41.73,41.6875
JVASP-41193,148.63,144.25
JVASP-9193,34.17,142.375
JVASP-12066,82.4,84.125
JVASP-41287,59.77,48.84375
JVASP-116453,38.86,21.1875
JVASP-37135,92.22,87.1875
JVASP-5701,47.8,52.375
JVASP-8589,141.7,145.75
JVASP-16210,86.64,83.6875
JVASP-5008,88.11,73.5
JVASP-1735,183.12,181.25
JVASP-115548,12.51,9.6953125
JVASP-10354,70.32,52.59375
JVASP-28733,70.62,73.75
JVASP-2056,88.82,103.375
JVASP-104608,12.63,18.125
JVASP-18713,100.93,93.875
JVASP-36472,51.97,48.625
JVASP-7998,209.12,203.125
JVASP-18883,115.7,115.375
JVASP-25626,171.47,167.625
JVASP-109061,139.51,146.0
JVASP-64939,215.83,179.5
JVASP-54736,64.09,55.28125
JVASP-24270,56.16,54.40625
JVASP-42465,231.17,245.375
JVASP-4930,131.91,110.3125
JVASP-14795,151.14,165.25
JVASP-92569,111.0,103.125
JVASP-14971,180.53,194.25
JVASP-51020,52.12,52.59375
JVASP-7735,86.94,80.5
JVASP-20522,150.33,150.875
JVASP-85326,57.67,59.5625
JVASP-106354,63.43,62.125
JVASP-9164,124.54,90.75
JVASP-12001,36.21,40.96875
JVASP-8145,35.29,39.9375
JVASP-78874,151.02,160.125
JVASP-12818,28.46,26.28125
JVASP-35513,132.36,118.6875
JVASP-8126,35.94,44.84375
JVASP-7740,184.7,174.125
JVASP-28881,2.72,5.1992188
JVASP-75493,1.23,30.09375
JVASP-115532,12.94,13.6171875
JVASP-3753,22.5,59.46875
JVASP-8609,69.21,79.0625
JVASP-18048,163.57,146.875
JVASP-106484,48.5,43.0
JVASP-8045,156.83,154.625
JVASP-68514,84.94,76.25
JVASP-14313,91.2,95.9375
JVASP-16425,40.92,47.84375
JVASP-898,35.29,45.5625
JVASP-25799,72.73,59.90625
JVASP-120148,32.12,22.3125
JVASP-25173,66.17,74.875
JVASP-16234,167.57,177.625
JVASP-50097,0.0,161.625
JVASP-37804,58.42,54.25
JVASP-63287,21.74,19.265625
JVASP-41938,156.83,150.25
JVASP-20089,19.93,160.625
JVASP-105817,54.3,55.5625
JVASP-10037,185.9,180.5
JVASP-65044,62.17,28.78125
JVASP-2580,56.17,46.84375
JVASP-25412,2.83,6.8515625
JVASP-38564,45.93,54.5
JVASP-118540,46.1,40.1875
JVASP-50189,115.4,131.75
JVASP-37649,108.72,90.375
JVASP-26389,47.41,49.15625
JVASP-10698,143.16,134.75
JVASP-9913,55.77,42.46875
JVASP-74487,76.48,82.3125
JVASP-110606,60.9,62.65625
JVASP-10132,50.94,48.96875
JVASP-8177,27.92,22.984375
JVASP-38836,86.53,78.5625
JVASP-39085,52.37,56.59375
JVASP-118467,22.8,23.78125
JVASP-8302,78.67,62.09375
JVASP-38085,41.03,40.78125
JVASP-91261,91.4,81.5
JVASP-40801,141.43,114.125
JVASP-56850,66.37,68.0625
JVASP-70877,0.0,57.375
JVASP-79227,157.7,125.0
JVASP-37304,51.29,45.6875
JVASP-15285,166.2,158.125
JVASP-85270,32.91,35.0
JVASP-50129,17.74,132.125
JVASP-20513,130.73,122.6875
JVASP-12478,38.49,39.71875
JVASP-74348,86.68,51.0625
JVASP-120190,15.04,17.828125
JVASP-27519,175.21,167.75
JVASP-1855,116.13,122.125
JVASP-113720,137.33,141.875
JVASP-4603,30.87,29.90625
JVASP-12131,64.0,48.65625
JVASP-51470,200.27,197.375
JVASP-24596,22.43,28.53125
JVASP-28847,4.58,17.765625
JVASP-16126,83.48,78.3125
JVASP-29109,17.29,8.9765625
JVASP-20986,44.32,133.375
JVASP-86333,76.14,77.9375
JVASP-65708,25.93,31.453125
JVASP-8158,212.77,184.5
JVASP-104696,74.54,92.3125
JVASP-25131,82.4,76.8125
JVASP-14989,318.38,324.0
JVASP-38863,78.03,69.3125
JVASP-38306,40.7,44.375
JVASP-8357,85.69,75.6875
JVASP-118795,15.88,21.765625
JVASP-54738,39.42,37.90625
JVASP-37155,32.32,38.09375
JVASP-16472,64.09,67.4375
JVASP-92227,54.0,52.53125
JVASP-5812,11.74,13.9296875
JVASP-15335,122.88,126.0
JVASP-34652,60.83,79.6875
JVASP-16743,313.98,270.75
JVASP-71251,43.67,50.90625
JVASP-87117,116.97,128.875
JVASP-121189,32.88,29.734375
JVASP-58349,39.46,32.1875
JVASP-16318,188.13,175.625
JVASP-65279,89.24,102.625
JVASP-114746,71.4,68.75
JVASP-71225,104.86,119.0625
JVASP-33837,12.22,16.671875
JVASP-7928,138.87,130.625
JVASP-69764,95.38,100.875
JVASP-86110,19.07,24.984375
JVASP-28369,41.14,37.21875
JVASP-15569,141.44,136.125
JVASP-10994,60.29,53.84375
JVASP-114357,40.14,42.3125
JVASP-122951,54.8,54.78125
JVASP-114608,29.21,27.109375
JVASP-120201,46.49,55.125
JVASP-9116,1.75,172.5
JVASP-10220,202.81,190.875
JVASP-15233,47.29,49.59375
JVASP-120879,17.72,19.546875
JVASP-75037,143.69,145.375
JVASP-14893,208.7,207.5
JVASP-53075,55.19,60.0625
JVASP-26338,81.73,77.0625
JVASP-11992,201.1,198.625
JVASP-9218,44.49,38.21875
JVASP-59139,176.87,182.75
JVASP-28802,39.93,41.15625
JVASP-18584,83.13,87.4375
JVASP-222,238.94,224.125
JVASP-36488,24.0,29.9375
JVASP-100010,144.1,145.875
JVASP-43637,52.39,50.21875
JVASP-118674,30.2,33.15625
JVASP-16366,147.2,153.0
JVASP-78513,104.62,96.625
JVASP-74048,106.66,105.1875
JVASP-117751,26.31,33.1875
JVASP-17967,31.17,38.8125
JVASP-94914,68.62,88.5625
JVASP-8645,108.26,105.625
JVASP-7753,129.09,140.625
JVASP-92651,82.5,84.875
JVASP-115375,28.74,39.25
JVASP-75811,0.87,45.8125
JVASP-92519,37.27,35.125
JVASP-40594,29.2,40.15625
JVASP-14535,144.8,148.375
JVASP-28383,191.51,201.875
JVASP-101345,0.0,133.5
JVASP-16222,79.7,75.9375
JVASP-44760,101.14,91.4375
JVASP-111378,37.21,54.5625
JVASP-15185,101.96,96.3125
JVASP-36822,37.34,40.9375
JVASP-15953,42.13,41.34375
JVASP-39207,78.37,78.0625
JVASP-99870,101.94,92.0625
JVASP-94839,102.14,110.125
JVASP-103419,142.38,144.5
JVASP-17965,134.61,150.375
JVASP-37614,122.8,126.375
JVASP-12851,65.2,76.375
JVASP-22445,11.97,19.625
JVASP-28582,63.73,70.125
JVASP-36075,16.23,15.015625
JVASP-117729,27.18,27.046875
JVASP-100426,175.77,163.75
JVASP-30731,56.0,47.0625
JVASP-79532,23.71,24.078125
JVASP-54581,74.77,76.0
JVASP-29799,66.34,64.75
JVASP-114288,115.08,100.5
JVASP-90874,35.8,77.75
JVASP-66686,18.07,17.421875
JVASP-67910,48.94,81.1875
JVASP-42057,40.03,40.71875
JVASP-65614,12.57,9.6875
JVASP-12978,44.69,36.8125
JVASP-116992,173.24,183.375
JVASP-67966,45.07,42.4375
JVASP-114473,8.59,8.6796875
JVASP-28995,2.96,11.8828125
JVASP-116046,37.02,46.5625
JVASP-118276,28.11,31.515625
JVASP-100399,43.28,44.09375
JVASP-116074,16.92,20.59375
JVASP-3696,40.17,43.71875
JVASP-74447,59.5,68.75
JVASP-18187,94.37,93.125
JVASP-49782,118.74,115.625
JVASP-10586,186.44,192.0
JVASP-36648,48.6,47.6875
JVASP-8559,25.43,33.28125
JVASP-16109,103.74,102.125
JVASP-66682,10.27,13.984375
JVASP-14599,300.06,292.0
JVASP-67738,61.07,57.75
JVASP-118434,23.8,19.359375
JVASP-54439,323.39,289.25
JVASP-66172,20.5,18.40625
JVASP-36140,93.0,100.6875
JVASP-25213,4.56,7.0859375
JVASP-9599,32.71,36.90625
JVASP-12507,23.63,14.5859375
JVASP-18506,60.21,52.40625
JVASP-115166,20.66,21.234375
JVASP-110334,48.53,48.8125
JVASP-36327,37.57,37.5625
JVASP-100442,239.43,233.75
JVASP-36581,60.18,69.5625
JVASP-15967,27.02,72.3125
JVASP-52591,342.49,309.5
JVASP-21436,41.12,39.21875
JVASP-74828,109.2,111.6875
JVASP-52432,26.48,37.15625
JVASP-1552,94.36,92.4375
JVASP-17909,72.46,68.6875
JVASP-67312,58.58,56.21875
JVASP-18480,82.51,91.0625
JVASP-120960,35.14,39.125
JVASP-116371,20.76,22.734375
JVASP-15129,57.81,72.9375
JVASP-92581,115.5,113.8125
JVASP-67773,18.22,18.453125
JVASP-25411,318.2,337.25
JVASP-66213,9.8,13.5234375
JVASP-38360,149.13,142.5
JVASP-23888,38.53,45.1875
JVASP-16030,90.63,92.625
JVASP-118812,12.53,11.0078125
JVASP-40771,144.3,149.625
JVASP-52872,15.77,15.6953125
JVASP-35496,43.78,52.03125
JVASP-25415,80.18,68.75
JVASP-87313,73.98,61.375
JVASP-1888,29.67,36.5
JVASP-5170,40.47,41.59375
JVASP-12101,68.4,64.4375
JVASP-1082,42.37,34.21875
JVASP-7638,44.56,41.3125
JVASP-35840,151.63,137.875
JVASP-41210,163.8,181.5
JVASP-104584,5.57,5.9960938
JVASP-16253,91.01,79.8125
JVASP-67524,72.09,49.6875
JVASP-105950,178.64,164.125
JVASP-28585,42.86,37.8125
JVASP-100387,102.42,102.75
JVASP-119974,17.77,13.4765625
JVASP-118492,47.19,52.53125
JVASP-21893,101.76,93.25
JVASP-106231,17.89,21.484375
JVASP-116251,-0.18,4.4257812
JVASP-28962,5.0,3.1191406
JVASP-114351,23.87,25.421875
JVASP-7696,40.79,41.4375
JVASP-17385,60.6,63.5625
JVASP-106946,95.61,102.6875
JVASP-114487,-0.86,-4.875
JVASP-122892,-8.03,112.75
JVASP-36660,111.89,105.75
JVASP-115178,-22.71,67.5
JVASP-120000,91.49,107.8125
JVASP-92218,132.44,116.125
JVASP-37594,129.5,146.125
JVASP-13361,76.88,79.0625
JVASP-120269,209.98,228.5
JVASP-7701,92.5,90.5625
JVASP-1426,92.73,86.9375
JVASP-75447,0.17,20.828125
JVASP-37918,26.19,26.078125
JVASP-15256,190.93,192.0
JVASP-90572,81.33,73.5625
JVASP-99009,97.67,89.375
JVASP-17464,170.52,220.625
JVASP-120191,39.18,50.9375
JVASP-12529,25.24,26.109375
JVASP-113790,180.18,191.625
JVASP-2868,25.38,28.484375
JVASP-3546,16.86,19.421875
JVASP-64709,9.5,10.7578125
JVASP-28423,28.26,43.5
JVASP-12590,84.39,78.875
JVASP-85139,82.73,79.25
JVASP-5302,109.61,110.3125
JVASP-12133,61.1,60.40625
JVASP-71856,226.09,241.0
JVASP-65540,0.0,26.15625
JVASP-56242,23.63,28.890625
JVASP-22215,45.41,48.4375
JVASP-102903,17.17,20.296875
JVASP-118850,24.21,28.40625
JVASP-18790,181.03,167.75
JVASP-101876,25.54,30.40625
JVASP-87094,27.34,26.84375
JVASP-113976,292.71,322.25
JVASP-11436,136.17,132.625
JVASP-78468,125.23,263.25
JVASP-2481,43.16,40.8125
JVASP-115470,76.01,82.4375
JVASP-1312,161.63,143.875
JVASP-56747,38.46,41.09375
JVASP-95023,54.11,56.3125
JVASP-70170,189.96,203.125
JVASP-90776,14.53,17.28125
JVASP-9119,55.09,53.3125
JVASP-21270,85.03,74.125
JVASP-15929,182.77,158.875
JVASP-115579,15.4,20.796875
JVASP-109363,40.2,40.84375
JVASP-75867,135.07,121.25
JVASP-8471,147.81,155.25
JVASP-91612,17.48,27.71875
JVASP-116089,61.3,73.5625
JVASP-18113,46.03,51.5625
JVASP-68986,17.57,14.4453125
JVASP-8796,57.92,62.40625
JVASP-100053,1.28,167.0
JVASP-108715,150.78,135.0
JVASP-18514,126.9,127.0625
JVASP-8266,115.64,71.8125
JVASP-12589,88.42,90.3125
JVASP-101226,149.44,152.125
JVASP-15441,87.84,84.9375
JVASP-66329,18.03,21.265625
JVASP-816,69.93,63.4375
JVASP-30063,37.29,26.421875
JVASP-7882,220.37,235.625
JVASP-114520,128.04,126.8125
JVASP-106221,44.7,48.28125
JVASP-41388,163.59,164.375
JVASP-110228,23.42,19.15625
JVASP-65240,189.52,133.875
JVASP-86934,119.86,112.625
JVASP-117855,43.28,44.625
JVASP-34247,18.33,18.46875
JVASP-9717,37.53,45.03125
JVASP-3135,115.13,113.6875
JVASP-116166,29.73,30.359375
JVASP-116303,12.0,37.8125
JVASP-116190,33.3,34.4375
JVASP-16052,78.68,78.125
JVASP-31693,57.8,62.46875
JVASP-60798,222.24,204.25
JVASP-122941,69.97,63.46875
JVASP-4249,9.51,5.90625
JVASP-64985,135.09,130.875
JVASP-3126,42.2,45.5
JVASP-1903,97.1,91.0
JVASP-69869,194.52,177.125
JVASP-22617,38.96,48.03125
JVASP-28761,68.0,46.34375
JVASP-92701,58.48,52.84375
JVASP-18413,85.3,75.125
JVASP-17479,104.71,109.5
JVASP-71983,192.54,207.75
JVASP-116020,29.99,15.625
JVASP-12729,142.06,128.125
JVASP-71048,0.0,30.3125
JVASP-69497,79.04,55.875
JVASP-93869,376.64,339.5
JVASP-104660,88.74,77.6875
JVASP-18427,64.17,68.6875
JVASP-22610,35.87,26.265625
JVASP-86935,127.14,128.5
JVASP-12898,48.82,45.6875
JVASP-10033,106.38,84.375
JVASP-116301,9.43,9.2578125
JVASP-18178,102.7,95.6875
JVASP-15561,203.42,173.75
JVASP-14622,46.89,24.90625
JVASP-36265,95.57,84.8125
JVASP-39915,89.57,81.1875
JVASP-106770,79.29,75.0625
JVASP-16499,106.8,97.5625
JVASP-74012,118.52,111.875
JVASP-17653,84.23,71.5625
JVASP-26272,102.63,91.0625
JVASP-40763,29.7,30.46875
JVASP-36296,51.43,51.25
JVASP-8132,126.34,105.375
JVASP-68869,75.98,61.03125
JVASP-8800,28.1,23.390625
JVASP-3003,69.86,61.46875
JVASP-107914,54.57,50.96875
JVASP-115608,25.52,30.328125
JVASP-16283,35.02,40.9375
JVASP-16595,158.68,158.5
JVASP-14932,207.64,189.625
JVASP-65545,21.5,20.328125
JVASP-31723,57.82,44.75
JVASP-35957,243.17,221.875
JVASP-8379,124.32,113.3125
JVASP-12329,74.9,68.25
JVASP-1324,38.1,33.53125
JVASP-118844,96.82,91.4375
JVASP-91,437.4,337.0
JVASP-118575,16.59,19.453125
JVASP-7655,145.69,115.1875
JVASP-25055,406.34,334.0
JVASP-17744,103.58,87.5
JVASP-64393,12.0,10.2265625
JVASP-5167,108.91,100.8125
JVASP-75766,0.19,9.75
JVASP-54892,118.37,126.25
JVASP-20448,83.42,82.125
JVASP-75588,158.67,130.375
JVASP-120224,70.77,77.375
JVASP-12861,26.72,23.71875
JVASP-10572,37.13,28.640625
JVASP-17313,159.27,148.875
JVASP-121085,215.8,195.125
JVASP-68744,81.18,70.0
JVASP-115352,30.13,28.96875
JVASP-3225,40.59,36.46875
JVASP-14657,122.14,111.0
JVASP-118484,83.3,77.625
JVASP-28345,116.97,83.25
JVASP-8282,108.7,89.0
JVASP-29796,89.32,82.1875
JVASP-70839,193.43,157.625
JVASP-11482,91.0,71.8125
JVASP-118563,99.97,83.0625
JVASP-20387,77.03,67.1875
JVASP-54926,141.27,122.0
JVASP-99918,44.9,31.421875
JVASP-73953,128.34,126.25
JVASP-18643,29.83,36.8125
JVASP-40632,169.03,153.625
JVASP-19846,179.77,166.5
JVASP-63459,19.37,19.1875
JVASP-117584,24.74,30.875
JVASP-103091,1.38,214.125
JVASP-118561,41.17,37.71875
JVASP-86419,20.27,21.515625
JVASP-18940,47.42,37.46875
JVASP-70418,160.59,154.25
JVASP-48577,23.24,17.734375
JVASP-103062,127.91,112.5625
JVASP-38555,36.13,36.03125
JVASP-66708,0.0,188.125
JVASP-22440,62.53,58.375
JVASP-15939,23.79,22.359375
JVASP-87100,29.01,31.03125
JVASP-69036,52.1,112.125
JVASP-9173,172.43,135.25
JVASP-39112,81.73,78.6875
JVASP-73870,0.0,120.9375
JVASP-11946,196.2,204.625
JVASP-55641,33.7,29.609375
JVASP-16045,38.73,36.875
JVASP-115075,65.58,60.46875
JVASP-28870,66.9,54.625
JVASP-92684,15.27,15.34375
JVASP-43091,34.63,38.875
JVASP-41696,172.27,159.875
JVASP-65593,10.46,14.0
JVASP-66896,73.07,68.4375
JVASP-65036,45.73,38.6875
JVASP-7901,146.72,135.5
JVASP-18581,85.96,82.75
JVASP-65801,25.69,16.96875
JVASP-18114,75.27,72.875
JVASP-65248,175.32,143.375
JVASP-114247,81.37,75.3125
JVASP-18591,52.27,46.5625
JVASP-85269,17.57,19.609375
JVASP-17691,51.53,52.625
JVASP-14521,143.07,138.125
JVASP-74316,16.46,21.671875
JVASP-28410,22.36,17.34375
JVASP-61305,77.09,67.875
JVASP-15919,94.33,85.5625
JVASP-28896,2.91,6.03125
JVASP-20413,88.8,76.5625
JVASP-1405,114.93,108.4375
JVASP-89056,170.83,161.0
JVASP-20063,38.2,36.15625
JVASP-111943,73.97,61.34375
JVASP-18916,255.3,222.0
JVASP-123006,40.5,48.40625
JVASP-121029,13.91,17.59375
JVASP-71957,173.03,136.125
JVASP-36270,207.33,197.875
JVASP-70226,33.96,72.375
JVASP-71117,0.0,133.25
JVASP-102054,17.97,15.734375
JVASP-11002,151.08,156.375
JVASP-18611,76.8,73.125
JVASP-8386,75.62,67.4375
JVASP-67732,228.01,179.375
JVASP-105828,44.37,43.71875
JVASP-68408,81.69,76.9375
JVASP-108673,177.63,149.125
JVASP-68076,44.39,40.6875
JVASP-50094,12.1,14.296875
JVASP-31190,25.53,22.359375
JVASP-15658,96.13,81.0625
JVASP-105696,193.32,132.375
JVASP-38259,6.4,5.9765625
JVASP-105942,216.2,197.875
JVASP-114005,50.58,36.21875
JVASP-114465,52.89,40.0
JVASP-22586,24.03,22.109375
JVASP-69124,19.21,26.921875
JVASP-8351,25.92,18.96875
JVASP-35492,36.38,30.28125
JVASP-67943,0.0,148.75
JVASP-18868,164.37,115.4375
JVASP-3969,22.67,21.0
JVASP-75692,45.0,41.0
JVASP-969,33.91,30.453125
JVASP-17654,131.33,106.875
JVASP-98497,102.28,95.75
JVASP-12113,46.31,39.59375
JVASP-16071,88.96,87.4375
JVASP-118664,31.32,32.28125
JVASP-41120,121.3,96.5
JVASP-120287,62.56,53.0625
JVASP-100259,49.9,50.3125
JVASP-71167,0.0,148.625
JVASP-35196,37.27,34.8125
JVASP-80497,80.77,73.125
JVASP-71967,235.33,210.125
JVASP-8752,104.62,80.625
JVASP-25602,71.14,57.28125
JVASP-120716,46.79,33.6875
JVASP-119975,55.13,55.03125
JVASP-89324,132.73,80.75
JVASP-14981,103.9,92.75
JVASP-21009,232.37,194.125
JVASP-16660,106.18,101.5625
JVASP-45372,86.24,86.3125
JVASP-105760,40.99,41.90625
JVASP-38928,97.82,78.25
JVASP-103148,95.01,76.0
JVASP-54772,205.03,161.875
JVASP-7858,84.46,75.375
JVASP-69229,86.83,36.375
JVASP-37033,145.71,125.0625
JVASP-25060,33.59,32.375
JVASP-36392,97.83,86.0625
JVASP-71229,51.46,45.5625
JVASP-7871,206.83,155.875
JVASP-12566,20.87,12.9609375
JVASP-116400,17.41,21.9375
JVASP-19715,81.0,76.9375
JVASP-11340,24.07,84.6875
JVASP-39039,132.63,113.25
JVASP-115312,25.73,13.7890625
JVASP-19948,54.03,52.59375
JVASP-65238,71.5,68.75
JVASP-91857,107.44,131.375
JVASP-92645,190.92,175.75
JVASP-17835,290.9,261.25
JVASP-36806,48.9,47.25
JVASP-107982,45.26,39.5
JVASP-107213,43.56,44.71875
JVASP-50883,104.3,84.8125
JVASP-74802,102.19,94.0
JVASP-15924,210.67,198.125
JVASP-92775,148.66,151.625
JVASP-93807,151.8,129.375
JVASP-22286,58.72,55.5625
JVASP-62986,78.92,71.0
JVASP-22673,245.64,224.375
JVASP-22410,169.77,156.25
JVASP-1522,144.11,118.5625
JVASP-20535,138.23,129.5
JVASP-15987,136.23,115.25
JVASP-66227,19.5,22.6875
JVASP-35892,213.92,217.625
JVASP-68165,166.63,145.0
JVASP-15011,167.5,122.9375
JVASP-2967,137.02,137.0
JVASP-5815,11.58,8.125
JVASP-67684,23.41,25.453125
JVASP-2445,27.57,23.578125
JVASP-108969,21.78,40.28125
JVASP-25356,12.38,11.8359375
JVASP-21251,119.74,96.25
JVASP-86827,24.26,15.15625
JVASP-22401,64.04,56.96875
JVASP-9716,49.62,43.28125
JVASP-1879,120.51,128.875
JVASP-15654,113.77,104.3125
JVASP-9232,164.8,135.375
JVASP-110341,17.13,12.671875
JVASP-14864,62.43,57.15625
JVASP-9874,83.73,84.8125
JVASP-15313,146.7,137.125
JVASP-65705,0.0,24.84375
JVASP-11773,234.81,193.25
JVASP-41631,158.27,145.125
JVASP-108890,15.78,33.96875
JVASP-10174,36.38,35.125
JVASP-114964,3.34,8.390625
JVASP-9101,23.44,23.828125
JVASP-12330,123.93,96.9375
JVASP-17880,46.67,45.03125
JVASP-18056,101.84,81.625
JVASP-114882,70.59,50.78125
JVASP-8240,197.87,186.875
JVASP-115561,11.64,17.1875
JVASP-120305,216.53,192.125
JVASP-963,175.97,173.875
JVASP-68122,50.13,46.875
JVASP-30365,102.22,96.9375
JVASP-4540,51.4,42.65625
JVASP-1357,35.6,27.78125
JVASP-13279,77.86,80.375
JVASP-40896,87.6,79.0
JVASP-10085,37.87,34.375
JVASP-9111,170.73,142.0
JVASP-39429,36.2,36.0
JVASP-35726,118.86,108.9375
JVASP-51410,101.91,76.5625
JVASP-116386,132.67,102.5625
JVASP-13040,27.83,22.75
JVASP-68967,22.02,33.75
JVASP-299,29.74,19.6875
JVASP-19783,123.72,119.6875
JVASP-36884,64.91,81.0
JVASP-15066,99.3,94.1875
JVASP-70837,0.11,43.59375
JVASP-15899,101.97,113.375
JVASP-104923,127.03,120.375
JVASP-18007,52.67,45.75
JVASP-106299,53.3,56.90625
JVASP-115681,27.64,24.1875
JVASP-102572,135.71,131.375
JVASP-14625,257.1,231.625
JVASP-100167,0.19,36.53125
JVASP-19923,50.2,52.21875
JVASP-12591,25.77,15.078125
JVASP-16540,79.3,77.4375
JVASP-114389,136.09,154.25
JVASP-14969,194.78,175.875
JVASP-70892,72.54,57.9375
JVASP-40283,29.7,22.609375
JVASP-3165,18.92,18.640625
JVASP-71171,0.0,99.375
JVASP-34017,51.8,48.28125
JVASP-65415,54.73,53.59375
JVASP-3717,36.88,29.78125
JVASP-24616,143.02,136.75
JVASP-78929,115.03,102.0625
JVASP-14883,141.17,142.625
JVASP-7919,52.9,49.40625
JVASP-17309,183.7,174.875
JVASP-90168,121.01,101.125
JVASP-16121,135.78,129.375
JVASP-65672,23.37,18.890625
JVASP-8619,180.83,162.75
JVASP-93255,38.27,41.3125
JVASP-41629,195.07,176.75
JVASP-88679,18.72,18.046875
JVASP-16546,72.93,69.5625
JVASP-36613,231.0,210.125
JVASP-12553,29.93,26.203125
JVASP-8601,32.5,20.875
JVASP-20565,167.47,162.875
JVASP-91742,47.99,47.8125
JVASP-92669,141.2,137.5
JVASP-8227,208.21,184.125
JVASP-8430,206.73,183.875
JVASP-116175,52.91,30.09375
JVASP-54699,85.43,81.75
JVASP-74882,17.58,17.3125
JVASP-192,55.31,53.78125
JVASP-16418,63.9,69.3125
JVASP-7747,29.44,18.03125
JVASP-71620,214.18,204.625
JVASP-114713,18.41,16.359375
JVASP-34046,44.91,28.8125
JVASP-19939,37.93,36.8125
JVASP-16367,154.44,134.25
JVASP-70951,0.0,55.90625
JVASP-57084,46.33,43.90625
JVASP-24951,50.47,48.75
JVASP-110534,81.93,81.9375
JVASP-17806,97.36,99.75
JVASP-15625,51.37,54.09375
JVASP-100327,96.98,94.875
JVASP-30457,93.39,85.375
JVASP-74711,77.53,73.9375
JVASP-110095,63.39,66.1875
JVASP-9791,141.4,134.75
JVASP-48666,16.96,25.25
JVASP-96779,137.98,166.25
JVASP-85904,144.48,133.5
JVASP-3285,57.13,56.90625
JVASP-70961,101.76,93.4375
JVASP-43066,157.52,131.25
JVASP-69130,66.18,58.3125
JVASP-86424,157.68,136.125
JVASP-37727,46.43,45.15625
JVASP-14774,231.0,203.5
JVASP-11692,51.74,47.65625
JVASP-63878,60.0,66.625
JVASP-43114,120.9,114.8125
JVASP-38993,274.74,248.75
JVASP-79796,199.86,172.875
JVASP-52384,233.16,225.375
JVASP-65589,35.81,31.78125
JVASP-105372,95.29,80.25
JVASP-39833,49.77,54.3125
JVASP-39428,112.37,103.625
JVASP-36386,226.67,225.375
JVASP-68045,8.52,86.125
JVASP-40227,56.0,58.65625
JVASP-8701,20.3,11.6484375
JVASP-15069,64.37,57.46875
JVASP-23,37.83,35.6875
JVASP-20224,230.2,205.125
JVASP-20554,155.6,144.0
JVASP-70311,0.22,42.59375
JVASP-14676,195.33,195.0
JVASP-43505,34.69,29.40625
JVASP-37754,29.73,28.5
JVASP-59753,116.19,113.9375
JVASP-36655,168.32,154.5
JVASP-115298,25.26,14.546875
JVASP-118756,41.16,32.5
JVASP-74189,121.48,114.3125
JVASP-38155,10.54,8.84375
JVASP-18705,150.54,138.375
JVASP-116093,41.97,22.78125
JVASP-117945,138.48,116.625
JVASP-114430,51.48,55.5
JVASP-91604,96.43,90.8125
JVASP-57670,240.82,207.625
JVASP-17391,103.9,100.4375
JVASP-26359,73.83,59.375
JVASP-85500,81.89,91.8125
JVASP-36001,23.63,16.9375
JVASP-118835,21.3,19.609375
JVASP-70913,61.19,52.6875
JVASP-19914,147.9,150.375
JVASP-15001,46.08,39.4375
JVASP-35714,175.89,158.625
JVASP-16514,153.01,134.375
JVASP-52326,72.08,80.375
JVASP-65687,32.23,26.6875
JVASP-120822,6.42,8.25
JVASP-54950,188.43,181.0
JVASP-5353,19.51,15.125
JVASP-36358,259.97,235.0
JVASP-114464,55.41,46.03125
JVASP-21626,88.93,87.4375
JVASP-35178,53.62,58.40625
JVASP-78841,22.58,22.671875
JVASP-99995,133.87,122.8125
JVASP-36805,89.57,95.4375
JVASP-67803,107.19,104.75
JVASP-114011,106.26,98.4375
JVASP-20236,184.6,151.625
JVASP-98189,93.6,106.6875
JVASP-25418,41.1,36.96875
JVASP-18446,116.62,107.375
JVASP-18396,132.96,124.375
JVASP-14557,255.47,242.625
JVASP-22536,82.09,67.4375
JVASP-51673,58.54,57.6875
JVASP-40224,147.13,130.125
JVASP-93823,95.22,104.9375
JVASP-22694,214.5,202.625
JVASP-37478,28.97,20.0625
JVASP-9223,44.2,35.125
JVASP-18039,123.13,118.4375
JVASP-14550,30.07,31.28125
JVASP-41893,242.2,204.375
JVASP-116749,47.11,49.4375
JVASP-9271,87.47,93.375
JVASP-74173,105.89,96.1875
JVASP-120862,38.04,26.078125
JVASP-63127,269.76,258.25
JVASP-115294,192.27,181.125
JVASP-18939,45.37,51.21875
JVASP-71078,155.1,129.625
JVASP-71289,0.0,48.03125
JVASP-9999,127.63,131.0
JVASP-85410,268.76,230.125
JVASP-100539,42.9,40.65625
JVASP-4340,97.1,90.1875
JVASP-10589,25.68,25.90625
JVASP-41562,160.23,151.875
JVASP-25592,94.6,81.1875
JVASP-85168,64.11,78.875
JVASP-48406,42.62,62.65625
JVASP-12731,26.63,24.671875
JVASP-3339,31.93,31.203125
JVASP-116048,60.34,62.4375
JVASP-14575,165.6,137.0
JVASP-26796,55.0,61.5
JVASP-10101,39.53,33.40625
JVASP-10705,59.59,41.3125
JVASP-18771,153.77,153.625
JVASP-17300,74.14,68.875
JVASP-29165,65.44,55.0
JVASP-40466,225.97,209.625
JVASP-3246,29.84,22.734375
JVASP-27004,51.74,84.6875
JVASP-102947,17.8,14.9375
JVASP-86165,354.63,319.75
JVASP-117964,53.59,51.84375
JVASP-67320,108.64,107.625
JVASP-49843,66.33,70.0
JVASP-120395,64.07,59.65625
JVASP-16502,118.79,120.75
JVASP-22706,13.57,18.453125
JVASP-20071,190.24,184.125
JVASP-4531,14.52,21.15625
JVASP-16256,60.78,56.6875
JVASP-22111,122.27,124.125
JVASP-67730,55.08,66.4375
JVASP-117083,131.01,142.125
JVASP-55606,38.34,41.0
JVASP-116353,10.68,9.609375
JVASP-65030,171.82,166.125
JVASP-38158,43.16,49.53125
JVASP-118010,51.63,41.125
JVASP-101565,210.06,187.25
JVASP-17209,45.17,44.8125
JVASP-4304,16.51,10.4921875
JVASP-44054,163.99,179.625
JVASP-16477,33.53,35.03125
JVASP-110522,42.84,43.25
JVASP-26822,70.0,64.4375
JVASP-21252,21.63,17.671875
JVASP-12742,53.39,34.15625
JVASP-14568,67.07,72.6875
JVASP-10018,24.69,28.40625
JVASP-9322,75.07,64.375
JVASP-110397,139.8,131.125
JVASP-22662,33.11,32.375
JVASP-1843,46.76,51.875
JVASP-5683,9.92,13.53125
JVASP-29365,111.22,106.0
JVASP-54695,160.8,164.5
JVASP-111409,3.02,97.6875
JVASP-28872,2.81,10.609375
JVASP-47315,33.48,33.8125
JVASP-58243,76.83,79.6875
JVASP-14982,185.23,178.625
JVASP-67330,129.37,123.0
JVASP-70105,180.94,169.5
JVASP-22907,48.12,57.9375
JVASP-49753,99.44,108.0
JVASP-39435,15.17,17.21875
JVASP-35970,56.11,59.3125
JVASP-85627,155.36,105.5
JVASP-16224,100.97,98.25
JVASP-85682,33.23,34.1875
JVASP-116441,84.06,70.875
JVASP-15733,259.67,245.875
JVASP-9088,35.08,28.59375
JVASP-30139,45.43,42.15625
JVASP-16458,176.67,173.625
JVASP-20158,60.57,55.46875
JVASP-68573,0.0,37.875
JVASP-11213,56.48,62.5625
JVASP-137,22.29,14.71875
JVASP-7867,83.88,78.4375
JVASP-13162,74.36,69.3125
JVASP-17991,195.33,193.25
JVASP-103370,122.92,115.125
JVASP-3681,18.77,14.9765625
JVASP-52944,80.3,94.75
JVASP-92742,183.1,200.375
JVASP-25775,98.23,89.125
JVASP-11956,157.33,155.875
JVASP-75718,0.87,56.25
JVASP-22613,33.18,38.53125
JVASP-74681,92.6,110.375
JVASP-23186,96.21,95.6875
JVASP-49767,239.62,212.125
JVASP-103552,-0.32,44.53125
JVASP-71015,0.0,178.125
JVASP-62575,49.93,54.6875
JVASP-1342,262.0,213.5
JVASP-17589,83.02,76.9375
JVASP-118134,39.81,33.84375
JVASP-64241,11.83,7.9023438
JVASP-115364,24.98,20.015625
JVASP-18381,72.57,67.0625
JVASP-105681,16.7,16.515625
JVASP-40857,56.9,56.125
JVASP-10696,83.48,69.0
JVASP-86710,74.84,85.1875
JVASP-25335,14.54,12.1796875
JVASP-18722,61.8,68.125
JVASP-19858,62.63,59.875
JVASP-99468,113.86,113.9375
JVASP-117736,42.02,51.4375
JVASP-29446,0.33,37.34375
JVASP-38181,76.93,103.25
JVASP-109539,9.1,10.0703125
JVASP-118851,16.83,29.234375
JVASP-29536,19.38,19.203125
JVASP-36407,99.53,95.9375
JVASP-91817,85.19,71.75
JVASP-50085,245.18,212.0
JVASP-114586,29.1,26.703125
JVASP-17820,174.46,184.75
JVASP-35357,65.26,65.375
JVASP-15892,81.9,76.375
JVASP-15648,147.11,160.875
JVASP-35756,77.17,70.25
JVASP-3144,151.23,151.0
JVASP-28397,6.63,19.578125
JVASP-56798,75.93,77.125
JVASP-13782,41.9,38.5
JVASP-40895,64.77,66.8125
JVASP-93685,384.23,395.0
JVASP-44707,141.8,139.5
JVASP-39584,92.46,104.0
JVASP-62940,245.1,226.875
JVASP-29444,143.12,149.875
JVASP-101458,125.99,126.75
JVASP-33950,48.83,51.625
JVASP-17503,130.8,124.875
JVASP-15378,131.78,140.75
JVASP-106616,26.07,17.484375
JVASP-18660,66.37,64.625
JVASP-99373,34.17,45.0
JVASP-16365,60.0,56.3125
JVASP-25143,45.19,41.625
JVASP-35751,150.69,145.0
JVASP-99804,14.64,12.8125
JVASP-115538,20.98,22.890625
JVASP-20949,80.62,77.125
JVASP-116961,22.0,21.546875
JVASP-118060,17.61,18.640625
JVASP-100509,24.61,152.75
JVASP-3183,72.69,64.5625
JVASP-17910,44.1,38.21875
JVASP-25609,43.77,30.890625
JVASP-36680,122.73,137.625
JVASP-114910,73.81,69.75
JVASP-30681,42.56,50.78125
JVASP-113677,67.12,62.40625
JVASP-110876,19.86,22.484375
JVASP-9729,96.8,100.8125
JVASP-63770,124.5,138.125
JVASP-22689,45.2,39.0625
JVASP-115589,19.76,20.890625
JVASP-4774,144.89,150.25
JVASP-10791,58.06,54.28125
JVASP-16134,44.49,46.78125
JVASP-58423,39.89,37.5
JVASP-65512,67.57,62.28125
JVASP-15630,76.47,76.9375
JVASP-15216,128.28,130.625
JVASP-29886,19.13,20.125
JVASP-15126,148.1,152.75
JVASP-91810,13.77,12.5078125
JVASP-37977,61.0,52.625
JVASP-70430,83.25,79.25
JVASP-20539,105.11,91.8125
JVASP-9444,62.32,63.4375
JVASP-117955,48.52,53.09375
JVASP-41105,146.47,139.875
JVASP-12914,128.07,109.875
JVASP-41488,98.2,95.0
JVASP-66640,15.6,17.265625
JVASP-873,46.07,45.9375
JVASP-1786,119.09,113.25
JVASP-12303,103.24,106.875
JVASP-69129,82.51,20.453125
JVASP-57785,53.29,65.4375
JVASP-57155,84.96,78.6875
JVASP-37129,76.04,76.625
JVASP-9759,94.38,94.875
JVASP-57227,69.94,58.65625
JVASP-1234,139.67,145.875
JVASP-42137,125.0,120.1875
JVASP-116187,24.43,25.34375
JVASP-16653,71.2,73.375
JVASP-74073,101.06,100.4375
JVASP-79613,46.44,41.5
JVASP-117876,14.2,9.46875
JVASP-4388,7.79,4.1914062
JVASP-90322,34.03,30.375
JVASP-28533,56.39,58.90625
JVASP-18212,128.17,132.75
JVASP-15342,23.24,26.625
JVASP-54988,24.97,21.78125
JVASP-74722,82.1,85.875
JVASP-14604,9.87,9.2890625
JVASP-18453,55.1,44.4375
JVASP-110231,142.96,125.0625
JVASP-56810,51.7,47.25
JVASP-38321,50.08,50.3125
JVASP-66430,20.23,17.5625
JVASP-58403,42.67,44.6875
JVASP-115107,25.31,11.765625
JVASP-68525,61.44,98.625
JVASP-16223,76.9,74.5625
JVASP-102124,110.73,89.5
JVASP-25637,79.47,81.1875
JVASP-79524,0.0,119.4375
JVASP-39974,219.7,183.375
JVASP-18142,160.33,156.0
JVASP-8435,215.43,208.25
JVASP-74912,156.81,138.75
JVASP-9108,140.13,122.5
JVASP-9202,88.86,67.1875
JVASP-26324,84.6,71.9375
JVASP-16758,78.7,81.25
JVASP-15850,342.68,290.75
JVASP-10137,62.88,53.53125
JVASP-102186,60.17,57.46875
JVASP-94916,123.2,114.25
JVASP-46869,73.2,59.1875
JVASP-116948,216.44,188.5
JVASP-36244,130.26,167.125
JVASP-3957,15.73,20.703125
JVASP-30446,102.37,95.625
JVASP-43629,120.38,115.375
JVASP-12403,70.83,68.25
JVASP-37296,44.79,51.84375
JVASP-70834,29.57,30.453125
JVASP-9133,75.44,63.71875
JVASP-22621,24.0,20.046875
JVASP-104697,58.77,59.59375
JVASP-36681,137.52,129.5
JVASP-29993,19.46,23.234375
JVASP-22366,50.41,43.75
JVASP-68474,130.67,107.0
JVASP-109338,27.4,25.0
JVASP-18541,232.11,216.5
JVASP-12083,24.5,21.1875
JVASP-15598,69.03,70.0
JVASP-34439,63.0,58.90625
JVASP-8250,23.38,23.828125
JVASP-102108,60.7,61.1875
JVASP-37281,46.76,54.40625
JVASP-10556,227.33,208.5
JVASP-66750,80.91,77.8125
JVASP-38141,157.0,153.125
JVASP-72097,52.07,91.5625
JVASP-115552,9.23,8.2265625
JVASP-8333,56.54,114.625
JVASP-38872,71.77,62.6875
JVASP-10105,38.51,42.9375
JVASP-17509,-0.81,6.875
JVASP-17823,121.54,104.1875
JVASP-91651,82.33,80.5625
JVASP-117715,0.18,5.8671875
JVASP-94895,81.8,76.0625
JVASP-8628,84.3,83.75
JVASP-71060,0.0,79.75
JVASP-111724,84.1,81.4375
JVASP-37015,32.22,28.953125
JVASP-36528,112.99,119.75
JVASP-85272,396.5,321.75
JVASP-29283,100.43,81.375
JVASP-15711,70.14,67.75
JVASP-39293,5.2,6.5
JVASP-10138,26.92,27.5
JVASP-20861,173.07,165.625
JVASP-15032,204.03,192.375
JVASP-37924,19.6,18.359375
JVASP-86152,14.09,10.6953125
JVASP-12450,36.64,44.03125
JVASP-91722,39.34,37.25
JVASP-2346,42.37,38.5625
JVASP-14698,72.23,75.0625
JVASP-100504,23.33,23.328125
JVASP-35774,84.77,94.3125
JVASP-8093,118.43,108.75
JVASP-9479,39.82,48.28125
JVASP-66121,16.8,14.1328125
JVASP-25091,9.74,9.453125
JVASP-9711,118.08,101.1875
JVASP-3060,19.63,21.765625
JVASP-67998,241.19,237.0
JVASP-115919,15.76,17.40625
JVASP-113716,39.16,53.1875
JVASP-1480,165.6,153.0
JVASP-65294,39.83,31.890625
JVASP-16581,222.99,179.25
JVASP-118715,51.97,73.125
JVASP-9253,33.76,37.34375
JVASP-24597,22.72,18.984375
JVASP-93902,65.53,59.125
JVASP-1783,110.76,91.8125
JVASP-65222,201.87,169.5
JVASP-23344,132.18,140.25
JVASP-9141,444.67,332.5
JVASP-93355,95.2,112.375
JVASP-9154,195.61,200.875
JVASP-114579,20.21,15.34375
JVASP-75840,0.87,46.375
JVASP-118567,7.48,10.0390625
JVASP-111709,3.33,131.75
JVASP-71014,91.9,89.6875
JVASP-35963,52.63,50.09375
JVASP-52114,128.41,97.1875
JVASP-17621,103.56,120.3125
JVASP-39273,7.28,8.2578125
JVASP-74945,40.79,34.21875
JVASP-28944,3.4,1.4326172
JVASP-36198,207.73,178.875
JVASP-117869,23.19,20.984375
JVASP-59051,12.32,9.21875
JVASP-1918,23.63,17.65625
JVASP-15773,74.84,67.3125
JVASP-16925,180.63,183.5
JVASP-14107,26.66,22.515625
JVASP-106329,252.1,244.125
JVASP-117595,15.32,14.1640625
JVASP-118236,90.3,97.375
JVASP-41216,178.73,176.5
JVASP-11964,160.54,142.875
JVASP-41691,76.27,58.21875
JVASP-102873,20.57,23.640625
JVASP-18169,91.98,98.625
JVASP-118741,104.89,111.125
JVASP-118366,98.97,118.5625
JVASP-92534,78.98,77.25
JVASP-42894,161.63,145.0
JVASP-1993,17.27,15.671875
JVASP-118429,29.51,26.1875
JVASP-14800,3.9,2.2519531
JVASP-102516,36.38,54.59375
JVASP-9725,166.71,165.375
JVASP-86182,63.82,70.4375
JVASP-65018,69.44,71.125
JVASP-9902,98.17,91.9375
JVASP-8113,19.67,44.40625
JVASP-19835,136.63,138.875
JVASP-86435,151.73,132.375
JVASP-40781,138.73,143.5
JVASP-86217,40.31,36.96875
JVASP-17210,52.38,56.4375
JVASP-70649,101.32,97.4375
JVASP-10706,17.64,21.0625
JVASP-35061,175.23,180.625
JVASP-20525,78.87,86.25
JVASP-35526,161.13,172.25
JVASP-36462,36.7,43.1875
JVASP-99391,41.44,49.5625
JVASP-117456,7.27,9.203125
JVASP-1933,25.93,33.5
JVASP-116437,77.18,79.8125
JVASP-35408,189.66,186.625
JVASP-10120,39.58,35.21875
JVASP-74360,182.68,195.125
JVASP-9145,198.23,197.875
JVASP-42004,154.83,150.0
JVASP-8367,58.63,60.96875
JVASP-11159,56.27,54.9375
JVASP-15962,143.06,165.0
JVASP-120261,13.36,26.421875
JVASP-42859,198.7,211.0
JVASP-75624,268.37,138.875
JVASP-25205,8.87,2.1992188
JVASP-9160,80.7,83.375
JVASP-92717,123.78,122.6875
JVASP-114756,27.32,32.09375
JVASP-37645,72.3,69.5
JVASP-14847,81.6,84.0
JVASP-7755,137.59,129.625
JVASP-48055,74.24,73.25
JVASP-9144,111.76,111.1875
JVASP-36066,20.97,19.921875
JVASP-12975,39.76,34.40625
JVASP-105670,25.0,31.328125
JVASP-10925,78.63,83.5
JVASP-25376,7.7,11.59375
JVASP-46536,74.36,72.0625
JVASP-15274,183.02,189.0
JVASP-39971,190.1,184.25
JVASP-72086,236.29,237.875
JVASP-14258,70.68,59.875
JVASP-118706,-4.66,-5.6953125
JVASP-99100,56.16,50.03125
JVASP-114625,19.2,28.5
JVASP-15249,142.73,136.0
JVASP-9931,208.5,200.5
JVASP-105773,112.1,112.9375
JVASP-71879,151.38,143.5
JVASP-1708,37.28,35.375
JVASP-121280,8.2,10.8203125
JVASP-2160,138.22,126.5
JVASP-8454,30.58,29.0
JVASP-12523,16.41,18.953125
JVASP-117707,109.17,96.0625
JVASP-8686,67.83,70.0
JVASP-25084,299.23,278.75
JVASP-33226,19.36,33.84375
JVASP-15420,101.29,101.0
JVASP-8766,118.73,105.5
JVASP-116116,-0.1,-0.9770508
JVASP-64989,63.39,61.15625
JVASP-34685,66.73,55.09375
JVASP-67665,33.06,48.65625
JVASP-52096,102.22,92.8125
JVASP-37305,38.53,40.6875
JVASP-35891,87.7,89.0
JVASP-121242,91.64,101.3125
JVASP-57367,54.47,50.09375
JVASP-15824,61.89,60.5
JVASP-12862,31.27,27.125
JVASP-109166,39.61,37.75
JVASP-10226,25.43,28.1875
JVASP-20509,181.27,202.375
JVASP-34259,106.01,96.8125
JVASP-116585,225.63,188.625
JVASP-70859,110.92,101.8125
JVASP-50266,85.3,64.3125
JVASP-12698,75.96,80.125
JVASP-101768,95.69,110.1875
JVASP-18192,87.67,83.6875
JVASP-5413,27.16,26.625
JVASP-12368,27.3,24.484375
JVASP-115547,18.59,18.484375
JVASP-104761,203.49,177.25
JVASP-117742,17.32,17.96875
JVASP-91565,113.28,113.0
JVASP-57046,57.1,56.21875
JVASP-67962,209.09,215.125
JVASP-110394,32.27,35.5625
JVASP-36852,126.03,104.0
JVASP-12495,42.4,34.96875
JVASP-16837,84.36,80.125
JVASP-75006,15.62,12.078125
JVASP-92251,11.43,27.96875
JVASP-51684,20.13,23.234375
JVASP-120318,18.86,24.8125
JVASP-92615,48.89,48.125
JVASP-64679,10.97,7.7265625
JVASP-61311,159.51,165.875
JVASP-71664,42.8,56.40625
JVASP-9115,47.6,51.78125
JVASP-114340,50.63,55.21875
JVASP-90882,87.96,80.375
JVASP-13981,50.37,63.28125
JVASP-14171,33.82,38.03125
JVASP-101590,63.83,64.9375
JVASP-20098,235.0,240.75
JVASP-25261,28.52,30.3125
JVASP-88026,106.73,96.75
JVASP-29643,45.08,53.3125
JVASP-16642,47.51,55.84375
JVASP-100585,33.2,31.625
JVASP-40582,61.27,73.6875
JVASP-94910,46.57,48.8125
JVASP-119981,24.16,38.84375
JVASP-106120,163.4,186.0
JVASP-115700,11.11,18.609375
JVASP-16136,83.31,94.8125
JVASP-48537,51.79,74.5
JVASP-40242,32.84,29.96875
JVASP-36024,279.4,321.25
JVASP-41833,94.7,99.6875
JVASP-86900,16.88,14.7265625
JVASP-16288,39.27,43.4375
JVASP-14505,67.07,79.625
JVASP-30691,46.63,40.09375
JVASP-106993,23.98,34.3125
JVASP-15283,157.39,150.125
JVASP-67593,99.99,116.625
JVASP-35031,81.62,97.1875
JVASP-118639,44.02,58.78125
JVASP-99392,52.19,62.65625
JVASP-33830,15.92,14.546875
JVASP-14722,257.7,281.25
JVASP-7917,101.92,97.75
JVASP-32828,7.37,6.7851562
JVASP-35216,79.48,80.0625
JVASP-69674,128.8,130.625
JVASP-29488,29.28,26.703125
JVASP-73957,84.43,94.4375
JVASP-8578,28.4,26.34375
JVASP-119963,17.99,37.59375
JVASP-115385,-0.14,4.9765625
JVASP-2661,42.79,51.59375
JVASP-12743,27.0,24.4375
JVASP-67557,48.12,56.84375
JVASP-48545,171.49,113.125
JVASP-17805,68.06,78.75
JVASP-18131,112.33,126.6875
JVASP-17750,193.78,206.875
JVASP-71094,0.0,81.3125
JVASP-92531,187.73,196.125
JVASP-79203,183.87,181.75
JVASP-93249,82.4,93.75
JVASP-115310,66.73,74.5
JVASP-114457,2.67,-10.5859375
JVASP-603,35.54,34.03125
JVASP-20635,151.11,148.375
JVASP-40499,54.7,56.25
JVASP-17788,42.46,102.75
JVASP-40007,131.73,131.75
JVASP-30519,44.83,53.0625
JVASP-68431,67.89,79.0625
JVASP-54866,24.8,18.0
JVASP-75538,135.9,142.75
JVASP-35224,166.43,168.5
JVASP-3975,18.41,18.609375
JVASP-41337,223.07,247.5
JVASP-74402,67.06,75.6875
JVASP-102203,29.7,33.875
JVASP-16869,53.43,67.0625
JVASP-118129,29.02,31.109375
JVASP-114184,6.38,6.9179688
JVASP-11048,66.11,59.125
JVASP-117962,44.96,55.6875
JVASP-102988,0.0,44.5625
JVASP-43024,164.38,193.0
JVASP-21041,42.94,42.28125
JVASP-8816,46.58,58.15625
JVASP-12764,29.98,23.65625
JVASP-36720,32.2,41.21875
JVASP-101121,72.07,72.1875
JVASP-62158,177.51,198.375
JVASP-4744,83.14,85.125
JVASP-198,63.27,70.25
JVASP-9401,81.71,78.75
JVASP-30289,-0.06,89.875
JVASP-89320,15.1,13.34375
JVASP-115459,46.44,35.40625
JVASP-64212,13.17,7.8046875
JVASP-10335,61.04,118.8125
JVASP-85573,69.97,84.5625
JVASP-41486,132.0,140.875
JVASP-9811,77.57,100.1875
JVASP-117642,42.46,43.59375
JVASP-16387,31.24,30.359375
JVASP-20497,36.81,42.84375
JVASP-114720,157.36,154.5
JVASP-9448,61.0,66.5
JVASP-231,58.62,47.53125
JVASP-87927,128.5,151.0
JVASP-120138,41.08,48.625
JVASP-111659,68.58,75.0625
JVASP-1606,44.17,39.59375
JVASP-36898,15.48,16.90625
JVASP-118464,11.86,14.546875
JVASP-120315,27.19,24.03125
JVASP-7666,44.97,36.15625
JVASP-14544,82.77,84.8125
JVASP-120311,30.49,28.671875
JVASP-12503,16.96,18.5
JVASP-68652,36.12,27.75
JVASP-101264,7.8,20.59375
JVASP-1189,38.13,44.90625
JVASP-17923,112.28,115.0625
JVASP-35163,88.42,96.9375
JVASP-30515,50.73,52.03125
JVASP-117847,8.33,12.1953125
JVASP-10937,97.17,102.75
JVASP-120983,101.41,157.375
JVASP-22713,17.5,22.984375
JVASP-3774,26.47,30.359375
JVASP-87128,169.43,160.0
JVASP-35777,227.6,233.25
JVASP-65528,84.33,24.875
JVASP-74219,23.14,18.5
JVASP-114169,42.96,45.71875
JVASP-34350,62.1,69.125
JVASP-67314,69.33,70.0625
JVASP-10025,121.67,136.875
JVASP-73699,153.9,154.5
JVASP-9591,56.93,57.90625
JVASP-7843,280.73,285.25
JVASP-91779,73.68,80.625
JVASP-18773,212.99,219.625
JVASP-21497,104.88,113.9375
JVASP-36775,80.43,91.6875
JVASP-74072,99.73,113.75
JVASP-75570,125.2,53.75
JVASP-115215,46.19,58.6875
JVASP-116538,214.43,196.5
JVASP-12651,133.33,127.25
JVASP-28809,32.66,-1.5458984
JVASP-52136,144.57,141.875
JVASP-103538,65.53,44.28125
JVASP-54865,22.47,15.71875
JVASP-8463,119.67,118.375
JVASP-9139,12.83,9.8125
JVASP-19845,86.43,78.5625
JVASP-10158,88.83,98.5
JVASP-30372,102.52,101.6875
JVASP-74693,44.11,47.59375
JVASP-66,61.62,56.5
JVASP-108072,52.89,52.03125
JVASP-118279,70.9,66.125
JVASP-41404,197.37,169.5
JVASP-66197,15.4,12.03125
JVASP-12429,91.58,81.875
JVASP-67796,43.83,43.84375
JVASP-7640,29.69,30.90625
JVASP-34375,75.77,58.125
JVASP-15414,220.83,195.375
JVASP-114036,35.14,30.90625
JVASP-70115,132.93,136.25
JVASP-16732,171.53,164.75
JVASP-16783,249.53,221.5
JVASP-94965,153.23,133.125
JVASP-15901,127.19,126.3125
JVASP-22608,58.06,67.25
JVASP-36402,260.13,241.875
JVASP-37695,41.67,44.625
JVASP-69330,87.77,16.359375
JVASP-7791,162.68,131.25
JVASP-51229,46.97,41.375
JVASP-39116,94.73,100.1875
JVASP-36027,255.97,246.5
JVASP-20241,85.73,89.375
JVASP-67456,81.83,85.125
JVASP-111680,65.39,64.75
JVASP-42398,124.43,123.5
JVASP-3861,88.88,88.4375
JVASP-114812,12.23,11.6328125
JVASP-13313,36.44,34.90625
JVASP-71753,60.42,51.25
JVASP-37661,54.03,55.59375
JVASP-36637,161.77,146.5
JVASP-93850,56.3,59.03125
JVASP-20233,50.76,49.25
JVASP-12122,43.26,35.28125
JVASP-9287,108.9,107.5625
JVASP-17818,41.53,40.71875
JVASP-116604,203.19,200.625
JVASP-15985,12.68,11.1640625
JVASP-19734,48.94,40.21875
JVASP-65315,221.07,167.875
JVASP-76777,32.5,25.890625
JVASP-106189,46.53,43.59375
JVASP-75790,80.17,85.9375
JVASP-15252,153.2,166.375
JVASP-8038,119.24,115.1875
JVASP-51343,7.77,7.5390625
JVASP-69566,236.87,197.625
JVASP-1939,25.24,14.7578125
JVASP-19876,60.06,56.9375
JVASP-7717,187.83,178.375
JVASP-17977,171.3,182.0
JVASP-17963,102.43,106.8125
JVASP-18302,202.97,173.125
JVASP-19074,75.04,74.1875
JVASP-71990,193.19,171.0
JVASP-20503,56.87,61.84375
JVASP-36124,34.81,35.8125
JVASP-90143,42.86,41.5
JVASP-12193,19.58,23.453125
JVASP-32247,15.63,18.5
JVASP-18437,41.54,43.1875
JVASP-56861,48.46,44.3125
JVASP-79799,81.06,61.0625
JVASP-109090,68.07,57.6875
JVASP-10532,62.54,56.8125
JVASP-46195,106.52,90.875
JVASP-25126,44.43,47.09375
JVASP-15486,197.97,162.625
JVASP-44143,88.46,90.0
JVASP-20547,90.37,85.4375
JVASP-37187,282.17,243.375
JVASP-118501,46.9,31.65625
JVASP-42657,269.79,211.875
JVASP-117873,77.48,66.375
JVASP-114584,22.18,16.4375
JVASP-39365,121.97,118.5
JVASP-25110,47.64,31.0
JVASP-16074,64.99,69.625
JVASP-35422,96.8,83.1875
JVASP-37227,42.37,38.46875
JVASP-115317,68.96,53.8125
JVASP-99747,191.9,184.625
JVASP-75681,83.1,81.75
JVASP-1513,142.63,129.625
JVASP-9778,139.07,120.25
JVASP-66694,162.36,163.625
JVASP-111723,41.29,130.375
JVASP-122930,112.47,124.6875
JVASP-18254,229.9,214.875
JVASP-3879,20.6,19.578125
JVASP-1059,94.83,91.0625
JVASP-115135,20.63,15.4140625
JVASP-1501,28.77,23.609375
JVASP-22539,55.69,55.78125
JVASP-62276,214.23,190.875
JVASP-118256,97.38,88.3125
JVASP-19930,116.63,111.1875
JVASP-17684,197.7,204.375
JVASP-74221,130.62,131.125
JVASP-63601,21.76,22.578125
JVASP-29574,12.09,12.375
JVASP-20603,67.43,65.8125
JVASP-85699,49.81,50.75
JVASP-80740,133.1,139.25
JVASP-16776,139.17,134.5
JVASP-99664,25.42,26.53125
JVASP-13982,53.12,50.3125
JVASP-100389,21.12,19.09375
JVASP-17456,75.98,75.5625
JVASP-65584,17.48,14.953125
JVASP-71500,16.19,13.515625
JVASP-14792,226.44,242.625
JVASP-106932,62.73,74.875
JVASP-40837,139.13,152.625
JVASP-78795,24.91,34.03125
JVASP-40512,119.17,124.5625
JVASP-93432,27.98,27.53125
JVASP-68449,54.29,52.4375
JVASP-29122,2.16,1.0439453
JVASP-20396,138.14,158.125
JVASP-36150,287.74,299.0
JVASP-14899,155.02,165.75
JVASP-18422,85.63,86.875
JVASP-58413,101.13,109.9375
JVASP-24653,19.43,22.25
JVASP-8090,69.52,86.0625
JVASP-143,39.48,42.0
JVASP-8168,29.28,27.625
JVASP-35125,107.58,116.5
JVASP-57164,38.79,36.84375
JVASP-16782,67.93,79.9375
JVASP-50788,142.09,140.375
JVASP-36654,253.07,237.75
JVASP-114020,19.91,23.484375
JVASP-25307,4.01,3.4902344
JVASP-40528,30.73,30.65625
JVASP-35425,123.41,132.75
JVASP-40734,172.46,143.625
JVASP-67515,103.7,104.3125
JVASP-9702,29.44,29.78125
JVASP-14120,19.29,27.1875
JVASP-16314,75.71,77.75
JVASP-74139,214.67,239.75
JVASP-15878,73.46,74.0625
JVASP-105831,76.94,75.875
JVASP-8684,41.51,43.34375
JVASP-87880,82.33,88.875
JVASP-103445,22.69,17.25
JVASP-38627,115.97,115.5
JVASP-28826,34.27,41.75
JVASP-17422,166.29,181.0
JVASP-1372,68.87,75.875
JVASP-66099,11.77,14.71875
JVASP-7644,63.43,53.6875
JVASP-79193,131.3,126.0625
JVASP-15002,176.61,191.125
JVASP-91697,53.59,54.625
JVASP-14765,146.57,152.125
JVASP-11342,183.68,207.75
JVASP-14052,31.63,41.0
JVASP-51376,17.17,16.6875
JVASP-34219,39.57,57.5
JVASP-99516,163.99,163.375
JVASP-25550,13.12,11.734375
JVASP-16592,162.03,161.875
JVASP-100319,0.47,70.625
JVASP-14685,243.13,260.25
JVASP-37338,155.3,148.5
JVASP-118559,24.19,25.71875
JVASP-20263,52.02,62.03125
JVASP-22619,140.44,109.8125
JVASP-67770,0.0,-21.9375
JVASP-12948,21.57,18.1875
JVASP-111827,29.47,26.171875
JVASP-117977,11.59,12.5859375
JVASP-37474,23.23,25.328125
JVASP-16250,62.12,63.375
JVASP-118793,13.67,20.578125
JVASP-71775,222.46,217.375
JVASP-64913,168.73,179.875
JVASP-20267,23.17,18.75
JVASP-9458,70.39,64.0
JVASP-13427,74.39,87.1875
JVASP-19107,81.83,86.0625
JVASP-30116,92.33,94.6875
JVASP-8083,138.33,153.0
JVASP-36492,32.8,31.015625
JVASP-120312,14.48,14.1171875
JVASP-36837,91.33,101.375
JVASP-19854,155.7,168.25
JVASP-12765,8.34,12.0078125
JVASP-19700,80.93,81.125
JVASP-120380,68.33,72.9375
JVASP-49838,105.54,106.5625
JVASP-10740,54.06,46.0625
JVASP-9585,88.7,79.4375
JVASP-103256,21.27,78.625
JVASP-28654,2.93,12.5625
JVASP-38302,30.3,32.6875
JVASP-10260,103.74,108.75
JVASP-10262,271.97,271.25
JVASP-949,14.28,16.4375
JVASP-35954,65.73,63.96875
JVASP-17477,64.57,70.6875
JVASP-102943,110.3,103.375
JVASP-5329,20.8,15.0703125
JVASP-118708,-0.22,7.5117188
JVASP-115184,98.22,103.8125
JVASP-41550,49.97,58.6875
JVASP-37520,54.11,52.9375
JVASP-62553,80.2,107.125
JVASP-42102,86.07,82.8125
JVASP-48128,39.11,43.09375
JVASP-50978,199.46,180.0
JVASP-25180,17.83,16.125
JVASP-73998,0.0,105.875
JVASP-121337,57.56,67.6875
JVASP-3660,22.8,18.828125
JVASP-15876,44.4,44.96875
JVASP-118599,110.97,115.0
JVASP-74206,92.71,89.5
JVASP-36249,210.36,223.75
JVASP-14669,54.53,54.6875
JVASP-69430,76.64,67.0625
JVASP-75544,113.43,89.5
JVASP-74117,54.82,53.25
JVASP-118723,200.5,175.5
JVASP-121163,56.86,56.90625
JVASP-78431,33.43,37.3125
JVASP-29060,44.59,26.734375
JVASP-15708,39.57,43.0625
JVASP-85372,103.59,105.125
JVASP-10165,67.51,66.5
JVASP-18651,160.82,146.125
JVASP-86506,206.63,207.0
JVASP-50893,122.83,113.75
JVASP-8288,48.14,48.9375
JVASP-1384,33.97,31.890625
JVASP-38239,4.2,6.3554688
JVASP-54997,90.9,94.5
JVASP-35673,45.03,46.84375
JVASP-13917,36.72,41.90625
JVASP-93268,69.39,63.375
JVASP-94294,88.97,103.375
JVASP-36321,135.8,141.875
JVASP-35655,96.23,99.625
JVASP-15704,98.99,110.8125
JVASP-114664,21.47,21.84375
JVASP-65620,19.23,21.46875
JVASP-19824,76.83,91.25
JVASP-120956,22.02,25.640625
JVASP-29007,2.17,-1.1660156
JVASP-17471,77.68,74.6875
JVASP-14879,164.57,166.0
JVASP-115935,67.44,78.375
JVASP-9376,38.37,38.5625
JVASP-65519,87.21,18.359375
JVASP-29470,27.19,30.640625
JVASP-22717,76.74,86.25
JVASP-77079,218.3,208.625
JVASP-15757,71.73,81.0
JVASP-17293,31.21,103.6875
JVASP-122922,10.3,37.625
JVASP-113784,66.53,70.875
JVASP-56271,23.17,24.234375
JVASP-86163,40.06,42.09375
JVASP-36469,33.9,45.53125
JVASP-114341,142.76,157.75
JVASP-359,96.46,100.75
JVASP-125,70.98,68.4375
JVASP-103534,44.68,103.25
JVASP-114587,15.31,26.390625
JVASP-117525,7.41,9.3125
JVASP-8199,43.98,50.84375
JVASP-43029,122.19,135.75
JVASP-11361,80.93,89.1875
JVASP-2337,64.97,71.0625
JVASP-105820,33.91,116.6875
JVASP-106304,0.0,11.3671875
JVASP-102189,138.8,149.375
JVASP-15210,87.63,96.75
JVASP-51427,46.23,39.78125
JVASP-17310,268.23,274.75
JVASP-38510,119.97,127.8125
JVASP-64932,146.97,173.0
JVASP-114590,16.27,9.140625
JVASP-14559,150.07,176.125
JVASP-118275,8.76,9.2265625
JVASP-118879,10.97,21.015625
JVASP-8359,99.69,101.4375
JVASP-34174,128.56,138.875
JVASP-71516,32.29,36.84375
JVASP-114611,30.27,41.375
JVASP-99489,54.73,68.8125
JVASP-15425,176.69,195.625
JVASP-16449,124.83,138.375
JVASP-46076,125.47,132.375
JVASP-22524,36.51,33.125
JVASP-91476,22.78,33.1875
JVASP-15727,205.71,203.125
JVASP-87331,142.12,156.75
JVASP-29655,21.22,22.671875
JVASP-92167,208.51,208.625
JVASP-9610,46.82,52.34375
JVASP-71008,95.53,80.9375
JVASP-11787,136.96,148.625
JVASP-114368,105.53,104.625
JVASP-8147,55.04,52.28125
JVASP-18668,113.9,121.0625
JVASP-70398,19.85,134.375
JVASP-101417,56.97,59.25
JVASP-29728,40.36,51.71875
JVASP-50373,168.6,186.875
JVASP-14707,124.9,138.375
JVASP-54981,60.7,65.25
JVASP-122928,286.0,324.0
JVASP-120837,48.7,42.6875
JVASP-65624,15.53,22.75
JVASP-1408,50.43,55.3125
JVASP-100260,67.6,68.25
JVASP-103322,112.22,114.9375
JVASP-91978,44.31,33.3125
JVASP-118753,16.83,12.2890625
JVASP-115752,41.28,68.9375
JVASP-102094,18.97,27.796875
JVASP-15832,26.87,37.15625
JVASP-109326,33.29,38.0
JVASP-69373,34.17,39.09375
JVASP-90623,49.87,41.5625
JVASP-64750,15.8,13.875
JVASP-115198,2.86,8.1796875
JVASP-14766,40.87,40.46875
JVASP-64175,12.97,12.796875
JVASP-35442,196.03,264.25
JVASP-79639,125.61,146.125
JVASP-14866,217.12,221.625
JVASP-116593,22.24,28.34375
JVASP-90852,218.57,248.625
JVASP-29375,54.44,53.25
JVASP-356,35.22,35.3125
JVASP-18863,104.77,113.9375
JVASP-68043,170.67,168.25
JVASP-12852,56.86,51.125
JVASP-16351,111.77,115.0
JVASP-20273,67.98,73.75
JVASP-3558,20.38,19.796875
JVASP-68214,55.6,49.21875
JVASP-47902,82.11,82.25
JVASP-110242,47.24,53.90625
JVASP-106245,57.72,65.5
JVASP-20203,119.33,124.8125
JVASP-9793,74.18,82.875
JVASP-12892,19.62,27.65625
JVASP-100339,138.27,146.375
JVASP-67397,50.8,51.8125
JVASP-10995,71.43,71.0
JVASP-110402,12.47,10.1875
JVASP-44354,88.99,101.625
JVASP-32531,14.9,25.71875
JVASP-11784,125.12,128.25
JVASP-107002,90.57,99.3125
JVASP-42321,56.2,51.03125
JVASP-29285,36.39,33.8125
JVASP-12875,22.94,27.109375
JVASP-78458,48.47,45.15625
JVASP-18768,119.3,127.0625
JVASP-23509,214.48,235.75
JVASP-20266,108.73,105.375
JVASP-17382,88.93,83.9375
JVASP-71891,225.57,202.125
JVASP-22534,15.19,11.9375
JVASP-25900,54.01,46.3125
JVASP-43958,57.41,43.3125
JVASP-35393,98.28,76.75
JVASP-4591,20.96,21.765625
JVASP-14636,66.17,72.5
JVASP-12935,24.26,24.0625
JVASP-20561,88.43,87.8125
JVASP-7652,53.1,50.125
JVASP-28650,3.93,22.796875
JVASP-12063,25.12,21.671875
JVASP-12703,176.24,160.25
JVASP-64602,10.6,10.375
JVASP-74280,114.0,111.0
JVASP-40025,207.53,188.5
JVASP-19891,61.33,52.03125
JVASP-39261,11.8,8.6875
JVASP-64843,10.57,11.2734375
JVASP-118405,-0.98,-2.5625
JVASP-41470,125.9,123.9375
JVASP-35275,82.2,84.5
JVASP-75753,0.19,115.0
JVASP-18199,113.28,103.3125
JVASP-25334,64.68,56.34375
JVASP-73473,67.83,59.125
JVASP-18928,117.77,106.9375
JVASP-12562,32.08,18.28125
JVASP-57195,37.91,53.625
JVASP-85207,117.44,112.875
JVASP-20551,132.07,121.75
JVASP-3027,166.79,152.5
JVASP-19971,74.96,73.8125
JVASP-18653,27.9,22.34375
JVASP-39852,206.8,182.25
JVASP-102715,38.99,26.375
JVASP-54860,62.27,56.5
JVASP-71291,48.97,38.21875
JVASP-8053,201.1,180.125
JVASP-30455,109.23,112.125
JVASP-114037,-5.96,14.2109375
JVASP-16375,55.6,54.78125
JVASP-1690,50.54,44.59375
JVASP-94831,150.6,147.375
JVASP-19942,133.51,139.625
JVASP-10854,137.34,131.5
JVASP-19597,225.9,232.25
JVASP-25186,95.7,100.8125
JVASP-78818,72.36,70.9375
JVASP-30560,108.28,103.625
JVASP-86635,95.73,80.6875
JVASP-26336,35.28,30.703125
JVASP-28555,36.44,19.0625
JVASP-35847,130.6,117.5
JVASP-100395,44.04,28.9375
JVASP-73925,117.58,118.75
JVASP-17254,38.16,32.1875
JVASP-71918,139.61,133.875
JVASP-7802,16.88,13.5234375
JVASP-71568,40.06,31.90625
JVASP-106686,40.2,29.640625
JVASP-25395,4.44,6.0546875
JVASP-9135,104.74,112.875
JVASP-85135,49.33,45.625
JVASP-17943,165.31,165.25
JVASP-94953,152.0,140.25
JVASP-21545,40.57,28.703125
JVASP-70738,0.0,209.125
JVASP-56842,74.63,72.8125
JVASP-16119,176.04,191.75
JVASP-65575,56.69,43.1875
JVASP-9800,56.41,58.8125
JVASP-38738,37.81,32.59375
JVASP-110378,16.83,11.9375
JVASP-15429,141.74,120.5625
JVASP-20473,202.48,182.875
JVASP-18549,80.04,79.125
JVASP-100503,99.2,98.8125
JVASP-11601,192.83,169.75
JVASP-18231,304.83,297.5
JVASP-40901,86.12,89.125
JVASP-15169,46.36,194.125
JVASP-70511,0.0,97.625
JVASP-40413,202.4,195.375
JVASP-120368,37.01,41.9375
JVASP-15777,200.07,190.5
JVASP-69803,155.69,146.875
JVASP-65511,126.27,103.6875
JVASP-34134,50.67,30.8125
JVASP-10173,35.37,31.109375
JVASP-118092,22.52,14.890625
JVASP-36776,94.38,88.0
JVASP-3738,39.01,32.78125
JVASP-16554,91.8,90.5
JVASP-64636,15.37,7.5
JVASP-37475,21.07,18.84375
JVASP-85922,46.01,46.46875
JVASP-25247,44.04,29.453125
JVASP-18255,50.54,52.46875
JVASP-86422,130.7,116.625
JVASP-68951,32.52,25.5625
JVASP-15969,278.73,244.5
JVASP-18633,93.2,91.625
JVASP-8349,55.41,41.375
JVASP-103065,48.91,37.84375
JVASP-15973,191.62,175.875
JVASP-54803,182.29,170.0
JVASP-37903,12.98,12.25
JVASP-39510,41.07,34.59375
JVASP-110999,44.69,44.46875
JVASP-69101,83.58,73.3125
JVASP-108837,38.9,51.59375
JVASP-74069,54.51,45.1875
JVASP-8574,103.08,92.625
JVASP-14611,59.48,50.28125
JVASP-24241,65.97,58.84375
JVASP-85398,21.09,35.5
JVASP-22567,186.2,177.375
JVASP-118266,130.31,106.5625
JVASP-15467,139.26,128.625
JVASP-90718,60.16,49.0625
JVASP-5194,20.5,20.328125
JVASP-16409,36.88,26.078125
JVASP-94423,247.17,248.25
JVASP-75679,198.63,189.5
JVASP-114350,109.72,77.625
JVASP-59088,18.12,16.4375
JVASP-26773,71.24,66.5625
JVASP-21606,24.37,24.625
JVASP-3033,17.77,21.234375
JVASP-22579,91.37,82.625
JVASP-37004,84.5,97.5
JVASP-34961,27.89,29.1875
JVASP-19804,267.36,252.375
JVASP-66526,22.2,15.4140625
JVASP-34258,37.71,38.375
JVASP-24765,24.72,19.390625
JVASP-37208,238.9,217.125
JVASP-54949,148.96,165.125
JVASP-121015,66.08,52.875
JVASP-25202,46.26,37.3125
JVASP-22707,129.49,117.875
JVASP-50029,41.52,50.75
JVASP-69228,23.77,53.09375
JVASP-14654,153.4,159.625
JVASP-10107,21.44,20.578125
JVASP-91925,41.63,39.90625
JVASP-97035,57.67,58.5
JVASP-19369,123.66,127.5625
JVASP-13307,64.03,65.3125
JVASP-35485,96.78,87.3125
JVASP-16828,127.51,109.875
JVASP-34659,54.59,42.6875
JVASP-32106,20.92,17.1875
JVASP-15722,130.83,121.9375
JVASP-34204,152.07,144.875
JVASP-36161,204.27,216.0
JVASP-21918,122.41,125.75
JVASP-11163,49.17,38.0625
JVASP-92620,121.19,119.4375
JVASP-50035,161.88,155.875
JVASP-41862,163.1,183.5
JVASP-102227,36.48,32.40625
JVASP-114785,27.37,15.7734375
JVASP-14965,58.59,55.8125
JVASP-49819,96.29,88.8125
JVASP-55158,98.77,97.0625
JVASP-28355,30.21,27.015625
JVASP-2316,102.73,94.3125
JVASP-86400,144.48,130.75
JVASP-29420,48.68,41.25
JVASP-117498,6.08,5.015625
JVASP-90728,95.8,97.0625
JVASP-14261,82.23,76.3125
JVASP-115581,42.9,41.90625
JVASP-12970,105.12,97.25
JVASP-51408,137.3,129.75
JVASP-25048,53.18,44.15625
JVASP-15349,130.67,132.0
JVASP-3912,30.47,27.703125
JVASP-71033,52.58,49.09375
JVASP-18276,85.3,74.6875
JVASP-113657,11.42,11.7109375
JVASP-41878,136.37,129.0
JVASP-110431,120.04,127.3125
JVASP-118536,92.78,92.9375
JVASP-20281,108.77,99.3125
JVASP-71206,227.21,199.75
JVASP-92182,14.3,14.1328125
JVASP-8078,69.46,68.375
JVASP-67623,37.92,39.0
JVASP-78507,11.59,12.0625
JVASP-115479,88.72,74.5625
JVASP-8445,43.62,44.5625
JVASP-117937,119.93,109.0
JVASP-36295,320.93,290.25
JVASP-25350,106.53,120.125
JVASP-90635,154.3,128.5
JVASP-8533,31.39,41.09375
JVASP-93803,35.17,35.9375
JVASP-11150,165.13,158.75
JVASP-35787,118.23,109.4375
JVASP-65404,43.37,41.9375
JVASP-45240,128.06,129.375
JVASP-15627,215.82,205.5
JVASP-20087,179.37,165.5
JVASP-21602,219.86,227.375
JVASP-100670,107.84,99.0
JVASP-28570,58.77,24.484375
JVASP-120867,85.52,90.4375
JVASP-116300,23.6,21.40625
JVASP-99962,77.58,69.6875
JVASP-37904,190.1,196.125
JVASP-901,348.1,332.25
JVASP-17190,96.91,103.5625
JVASP-90536,104.07,99.25
JVASP-9381,160.33,148.375
JVASP-101391,55.63,59.75
JVASP-116940,321.03,332.0
JVASP-70801,0.0,34.53125
JVASP-2901,19.91,18.59375
JVASP-117571,9.77,17.484375
JVASP-29028,25.29,-1.9853516
JVASP-29031,2.17,2.3867188
JVASP-15415,243.07,251.25
JVASP-66689,37.58,38.625
JVASP-16669,109.27,115.5625
JVASP-14004,68.16,58.125
JVASP-14701,121.28,114.125
JVASP-71704,111.44,117.1875
JVASP-36774,61.68,41.6875
JVASP-37121,160.5,166.875
JVASP-25090,40.3,45.5625
JVASP-71759,185.89,197.5
JVASP-15707,145.26,141.5
JVASP-117569,6.94,6.6054688
JVASP-48611,64.8,64.5625
JVASP-63988,15.03,12.7421875
JVASP-2502,36.46,28.546875
JVASP-91986,155.7,150.25
JVASP-38876,144.27,146.125
JVASP-11132,80.81,74.0625
JVASP-32345,13.11,15.4765625
JVASP-105906,1.9,136.875
JVASP-1264,32.27,28.875
JVASP-68220,98.17,114.3125
JVASP-17186,118.4,117.8125
JVASP-34769,35.38,27.8125
JVASP-35713,205.77,204.625
JVASP-90803,44.36,39.65625
JVASP-115794,5.06,5.1835938
JVASP-22542,23.42,28.21875
JVASP-12909,154.62,151.375
JVASP-16334,45.67,48.4375
JVASP-115593,121.87,102.625
JVASP-12597,44.46,38.9375
JVASP-40631,226.63,212.0
JVASP-10204,58.43,60.96875
JVASP-100609,57.47,60.28125
JVASP-10732,0.56,96.875
JVASP-39266,6.93,70.625
JVASP-39412,79.83,75.75
JVASP-71683,48.61,265.0
JVASP-117799,17.26,10.890625
JVASP-33330,28.67,28.234375
JVASP-3153,33.93,35.96875
JVASP-116129,29.56,26.703125
JVASP-100150,13.73,10.4140625
JVASP-40334,122.5,112.125
JVASP-8569,182.07,180.25
JVASP-94337,116.36,120.1875
JVASP-16286,53.12,54.4375
JVASP-36622,183.07,187.0
JVASP-18536,56.97,60.28125
JVASP-25300,21.08,55.125
JVASP-28637,6.79,43.65625
JVASP-9715,117.03,97.3125
JVASP-69009,18.64,13.09375
JVASP-69374,17.7,13.15625
JVASP-65435,39.78,33.9375
JVASP-75608,71.4,62.0625
JVASP-37340,41.06,39.1875
JVASP-2649,46.79,40.90625
JVASP-17551,64.5,67.625
JVASP-118534,149.17,153.75
JVASP-8678,89.6,81.875
JVASP-38317,25.18,16.5625
JVASP-368,45.74,44.71875
JVASP-121077,86.71,105.625
JVASP-114729,18.43,19.578125
JVASP-59596,254.4,231.375
JVASP-67811,121.31,135.5
JVASP-74915,60.03,55.84375
JVASP-71121,173.93,181.875
JVASP-78566,67.52,65.8125
JVASP-113743,36.0,34.46875
JVASP-118398,12.44,15.609375
JVASP-35528,17.63,14.15625
JVASP-100026,153.4,138.125
JVASP-68236,194.79,210.625
JVASP-118263,25.36,19.734375
JVASP-114606,36.72,35.90625
JVASP-8505,172.8,180.0
JVASP-26397,83.49,74.375
JVASP-56367,12.1,10.265625
JVASP-75767,1.22,55.90625
JVASP-21675,188.84,195.125
JVASP-10056,180.28,181.75
JVASP-14496,222.04,243.375
JVASP-117953,130.09,142.125
JVASP-5176,24.37,21.671875
JVASP-118799,23.64,32.6875
JVASP-53618,77.56,68.875
JVASP-7722,130.92,129.625
JVASP-74466,100.44,101.8125
JVASP-74001,140.86,151.25
JVASP-3846,26.68,17.96875
JVASP-25106,145.31,160.25
JVASP-22775,88.5,98.75
JVASP-51095,189.93,216.375
JVASP-14640,45.17,42.0
JVASP-115594,14.91,7.3828125
JVASP-35895,22.04,22.21875
JVASP-22541,23.67,25.53125
JVASP-14596,76.83,78.375
JVASP-73920,107.41,105.125
JVASP-9604,116.43,142.125
JVASP-115916,25.33,18.984375
JVASP-4216,41.76,35.5
JVASP-71372,38.56,46.9375
JVASP-14547,45.03,45.59375
JVASP-14881,128.4,108.25
JVASP-8795,34.98,32.59375
JVASP-11719,33.07,29.359375
JVASP-19799,61.86,56.875
JVASP-104770,45.41,56.9375
JVASP-81992,14.24,8.96875
JVASP-7679,28.01,26.375
JVASP-74985,36.73,40.3125
JVASP-93702,131.49,146.0
JVASP-1951,22.87,21.34375
JVASP-8125,44.24,41.96875
JVASP-8372,104.51,104.4375
JVASP-120219,25.69,19.8125
JVASP-57036,69.49,59.21875
JVASP-10862,35.27,29.09375
JVASP-20658,135.17,133.25
JVASP-16649,67.21,69.0
JVASP-15376,118.96,116.0625
JVASP-114475,69.62,77.6875
JVASP-30280,112.52,108.9375
JVASP-35120,97.33,90.0625
JVASP-18485,35.33,40.25
JVASP-39018,85.98,97.375
JVASP-56734,82.57,83.8125
JVASP-68157,136.94,146.0
JVASP-20261,121.53,140.0
JVASP-41734,197.03,191.0
JVASP-1828,55.43,49.65625
JVASP-15310,146.32,139.125
JVASP-100293,101.77,100.0625
JVASP-74704,67.73,56.09375
JVASP-15616,121.29,121.75
JVASP-8059,95.6,100.375
JVASP-101802,49.21,30.125
JVASP-120893,0.22,-3.6660156
JVASP-12397,148.23,138.625
JVASP-101005,31.53,37.25
JVASP-18389,132.23,128.125
JVASP-100137,44.31,39.78125
JVASP-18149,158.03,163.0
JVASP-20385,109.7,111.5
JVASP-29339,31.13,32.78125
JVASP-14666,138.8,137.375
JVASP-8127,33.43,28.21875
JVASP-12490,132.74,117.8125
JVASP-36773,17.18,24.671875
JVASP-37638,13.23,10.53125
JVASP-18156,146.7,151.875
JVASP-118290,70.12,70.25
JVASP-71392,35.61,33.09375
JVASP-71273,46.87,40.25
JVASP-71031,39.73,256.25
JVASP-35708,207.87,204.75
JVASP-40836,93.4,96.25
JVASP-75822,0.19,-16.9375
JVASP-85502,60.44,67.375
JVASP-115634,34.94,31.390625
JVASP-74816,180.34,158.25
JVASP-11046,95.1,88.75
JVASP-10140,101.1,94.875
JVASP-18467,19.9,18.90625
JVASP-51022,35.76,37.84375
JVASP-20605,58.6,57.84375
JVASP-42120,60.17,50.65625
JVASP-69065,18.97,21.453125
JVASP-120187,50.16,49.46875
JVASP-113737,28.59,28.796875
JVASP-20314,62.27,59.4375
JVASP-79211,43.38,34.90625
JVASP-18903,85.97,73.25
JVASP-64983,161.67,140.125
JVASP-8056,27.02,21.546875
JVASP-19827,85.37,89.0
JVASP-14924,256.33,216.125
JVASP-118617,18.8,14.53125
JVASP-118512,37.52,38.28125
JVASP-16683,75.47,67.125
JVASP-90660,80.84,76.3125
JVASP-102977,0.0,5.9960938
JVASP-37076,208.32,201.0
JVASP-25275,437.92,383.0
JVASP-118287,84.82,87.5
JVASP-19594,266.63,230.25
JVASP-16001,35.28,29.03125
JVASP-19895,235.13,200.75
JVASP-40299,39.2,41.84375
JVASP-101161,75.67,71.5
JVASP-10848,146.44,112.875
JVASP-39094,165.03,172.25
JVASP-70954,222.21,214.375
JVASP-120075,77.26,65.1875
JVASP-14396,16.83,14.8046875
JVASP-54846,166.73,152.125
JVASP-114553,14.52,12.890625
JVASP-18076,128.34,129.375
JVASP-4183,16.76,21.046875
JVASP-65094,0.0,97.625
JVASP-18874,34.93,34.21875
JVASP-571,94.12,86.8125
JVASP-21514,150.26,136.125
JVASP-115387,29.69,37.90625
JVASP-119926,58.83,53.53125
JVASP-115131,9.63,9.6015625
JVASP-34293,80.08,80.625
JVASP-12437,24.38,28.375
JVASP-10191,39.06,84.5625
JVASP-121075,80.4,103.375
JVASP-15237,178.7,180.75
JVASP-28999,3.33,3.3691406
JVASP-50949,190.16,156.375
JVASP-17390,193.03,210.5
JVASP-37027,198.03,171.75
JVASP-119964,26.73,28.875
JVASP-1543,89.27,103.0
JVASP-2937,23.53,20.453125
JVASP-92802,137.16,134.375
JVASP-65550,23.43,21.96875
JVASP-65531,17.73,15.5390625
JVASP-9129,6.46,126.4375
JVASP-8567,24.33,18.890625
JVASP-14383,148.82,135.25
JVASP-8539,51.07,36.375
JVASP-16763,50.7,42.78125
JVASP-105628,3.03,13.09375
JVASP-121279,20.79,27.328125
JVASP-3822,114.78,112.5
JVASP-70644,110.08,135.25
JVASP-8557,17.08,17.203125
JVASP-18515,154.86,151.125
JVASP-17872,153.63,138.75
JVASP-35779,64.93,62.875
JVASP-20545,34.87,34.75
JVASP-1774,48.1,45.75
JVASP-15388,135.96,139.25
JVASP-18433,135.52,136.5
JVASP-2002,36.03,46.375
JVASP-47439,95.63,88.375
JVASP-15789,50.5,44.6875
JVASP-109776,78.83,78.0625
JVASP-10196,181.87,171.375
JVASP-22668,17.12,20.453125
JVASP-1303,39.57,35.21875
JVASP-19602,182.63,192.125
JVASP-101885,41.0,34.5625
JVASP-109088,23.66,65.125
JVASP-7935,177.13,163.75
JVASP-109260,33.78,38.4375
JVASP-18867,143.17,130.625
JVASP-85660,17.67,13.7421875
JVASP-92688,23.69,27.21875
JVASP-39483,279.73,266.25
JVASP-15170,149.93,155.5
JVASP-102283,36.51,36.9375
JVASP-18702,131.7,181.125
JVASP-8397,22.38,21.6875
JVASP-37639,67.9,59.90625
JVASP-114557,20.14,27.328125
JVASP-14308,38.89,41.59375
JVASP-20601,47.8,39.6875
JVASP-69292,56.53,51.4375
JVASP-40322,92.73,94.0
JVASP-50881,68.8,69.75
JVASP-17193,241.21,235.25
JVASP-29835,63.31,70.125
JVASP-5155,129.09,125.375
JVASP-100464,225.39,202.625
JVASP-117960,15.46,20.75
JVASP-20945,96.57,88.375
JVASP-74564,16.34,16.34375
JVASP-95431,72.44,90.0
JVASP-15528,81.8,81.4375
JVASP-116130,22.43,32.34375
JVASP-8167,173.22,156.25
JVASP-94361,15.07,15.9921875
JVASP-20272,254.02,257.0
JVASP-105625,17.83,15.65625
JVASP-15921,107.53,96.125
JVASP-18074,68.5,63.25
JVASP-11662,44.79,55.78125
JVASP-118494,127.87,116.25
JVASP-35666,157.33,139.25
JVASP-119977,71.67,58.75
JVASP-34069,55.71,52.5
JVASP-9547,118.07,121.125
JVASP-39237,140.57,118.6875
JVASP-17537,90.17,76.0
JVASP-36899,15.22,20.625
JVASP-85501,48.01,44.59375
JVASP-35664,90.18,84.3125
JVASP-16069,91.76,108.125
JVASP-51023,32.54,31.59375
JVASP-15520,138.03,145.5
JVASP-65520,30.52,42.9375
JVASP-20094,269.73,255.75
JVASP-30332,150.93,151.625
JVASP-13933,86.84,81.3125
JVASP-50889,105.94,109.8125
JVASP-9951,106.73,133.625
JVASP-120313,26.71,27.828125
JVASP-11529,82.08,81.9375
JVASP-35288,139.03,132.25
JVASP-10036,226.26,223.125
JVASP-996,55.79,53.75
JVASP-35174,108.06,121.1875
JVASP-26743,77.56,83.0625
JVASP-28475,0.0,2.7949219
JVASP-74897,38.95,49.5625
JVASP-56474,45.83,48.15625
JVASP-36615,242.9,247.5
JVASP-119990,46.72,49.03125
JVASP-25743,70.83,72.0625
JVASP-106963,93.37,115.5
JVASP-91478,36.34,37.875
JVASP-36406,418.0,379.0
JVASP-72866,107.77,105.9375
JVASP-70069,148.69,146.375
JVASP-35230,137.63,115.5
JVASP-9983,23.4,29.609375
JVASP-30559,96.16,84.25
JVASP-7811,161.31,142.875
JVASP-36840,159.5,146.125
JVASP-25619,26.56,33.6875
JVASP-19794,143.99,139.625
JVASP-8474,87.43,92.0625
JVASP-114486,43.01,39.21875
JVASP-16420,68.73,68.8125
JVASP-57279,20.21,38.3125
JVASP-20372,71.2,67.6875
JVASP-20423,104.0,101.875
JVASP-111023,31.46,37.59375
JVASP-121130,62.07,36.84375
JVASP-94789,16.63,20.921875
JVASP-20520,128.5,126.75
JVASP-19718,77.1,82.875
JVASP-40028,118.1,106.875
JVASP-39248,16.98,98.5
JVASP-1076,55.0,60.375
JVASP-21780,136.56,131.375
JVASP-19983,210.16,210.375
JVASP-16360,185.1,176.125
JVASP-57128,46.48,53.5625
JVASP-41264,45.13,42.625
JVASP-29341,20.62,16.875
JVASP-107939,21.28,28.921875
JVASP-69475,175.79,162.0
JVASP-8327,75.69,74.625
JVASP-17737,81.34,86.6875
JVASP-115864,11.96,14.7421875
JVASP-117580,28.81,26.375
JVASP-79750,85.27,79.5
JVASP-4708,155.37,155.5
JVASP-114825,88.56,74.625
JVASP-25132,89.18,83.6875
JVASP-69580,61.89,58.09375
JVASP-68354,103.74,96.125
JVASP-115243,6.97,17.359375
JVASP-40215,25.42,43.65625
JVASP-15177,160.84,160.0
JVASP-73288,107.23,101.375
JVASP-118880,49.03,49.96875
JVASP-11431,33.61,33.21875
JVASP-22531,62.79,75.0
JVASP-68497,97.19,103.0
JVASP-28402,28.58,31.6875
JVASP-57139,130.0,139.375
JVASP-118083,14.29,12.9453125
JVASP-29516,63.72,65.5625
JVASP-37223,154.2,171.125
JVASP-32398,11.31,21.28125
JVASP-67307,37.48,33.71875
JVASP-102174,121.37,117.625
JVASP-78706,46.84,36.125
JVASP-41896,125.23,134.25
JVASP-68552,5.2,127.8125
JVASP-94296,158.08,115.4375
JVASP-17,245.04,216.5
JVASP-70927,197.5,182.875
JVASP-44470,88.26,72.4375
JVASP-16483,81.13,74.3125
JVASP-117788,33.17,26.828125
JVASP-25164,17.17,11.3046875
JVASP-15952,49.03,47.09375
JVASP-66925,56.42,54.4375
JVASP-74293,133.53,133.25
JVASP-118945,21.64,22.078125
JVASP-20205,145.33,146.5
JVASP-16482,152.63,149.875
JVASP-20482,243.33,252.375
JVASP-18792,115.46,119.3125
JVASP-18205,97.99,93.9375
JVASP-20395,144.84,150.75
JVASP-36973,13.84,14.2578125
JVASP-25094,59.98,75.0
JVASP-16670,90.82,81.3125
JVASP-81829,157.47,125.25
JVASP-11588,81.6,71.5625
JVASP-108702,119.06,117.75
JVASP-85955,17.44,20.28125
JVASP-74684,0.0,72.5
JVASP-66321,9.53,13.6796875
JVASP-14807,99.33,110.25
JVASP-68282,128.94,143.0
JVASP-33344,11.03,10.0390625
JVASP-12126,50.46,51.1875
JVASP-20237,80.17,83.0625
JVASP-20310,54.91,66.75
JVASP-94279,115.5,104.5625
JVASP-116425,31.53,28.1875
JVASP-93777,63.72,60.875
JVASP-38208,15.97,13.609375
JVASP-102716,64.34,67.4375
JVASP-10718,44.73,50.78125
JVASP-109226,128.17,90.5625
JVASP-35941,60.41,62.28125
JVASP-36485,21.57,21.234375
JVASP-67866,0.0,51.46875
JVASP-7746,56.78,39.71875
JVASP-93328,114.4,154.375
JVASP-100052,93.98,97.125
JVASP-93262,190.8,177.25
JVASP-67737,131.71,157.75
JVASP-10202,137.88,161.875
JVASP-15536,88.7,84.5625
JVASP-101227,114.77,132.125
JVASP-22216,1.11,40.875
JVASP-91993,166.3,159.75
JVASP-87096,23.57,20.796875
JVASP-11421,51.74,61.5
JVASP-28686,35.27,33.40625
JVASP-102435,6.01,121.125
JVASP-15431,98.96,91.9375
JVASP-74367,122.43,130.875
JVASP-43531,63.04,66.25
JVASP-9181,31.42,58.40625
JVASP-4189,29.53,26.703125
JVASP-8522,21.1,11.8046875
JVASP-74510,102.8,104.1875
JVASP-34241,25.08,24.015625
JVASP-115567,18.38,13.2578125
JVASP-14407,85.37,91.6875
JVASP-71220,257.19,257.0
JVASP-118318,221.76,252.75
JVASP-37173,35.99,42.28125
JVASP-18613,99.93,97.9375
JVASP-3534,67.58,71.75
JVASP-18420,23.07,115.25
JVASP-2035,16.37,17.484375
JVASP-13853,34.67,32.03125
JVASP-70888,59.28,63.09375
JVASP-110618,106.6,114.3125
JVASP-120955,31.09,28.640625
JVASP-36760,63.2,70.6875
JVASP-116697,25.9,30.640625
JVASP-55132,161.13,184.0
JVASP-105848,35.21,35.625
JVASP-78506,17.47,14.1328125
JVASP-19860,193.9,195.0
JVASP-41510,45.1,42.25
JVASP-46786,100.88,96.25
JVASP-108891,13.44,12.9140625
JVASP-93780,55.82,57.21875
JVASP-19752,177.87,191.0
JVASP-120203,28.86,51.21875
JVASP-5713,30.3,23.9375
JVASP-7897,189.6,212.0
JVASP-10209,24.52,23.90625
JVASP-12104,65.81,87.5625
JVASP-115606,29.57,34.46875
JVASP-78422,65.0,61.65625
JVASP-12178,12.12,11.0
JVASP-67599,144.92,151.375
JVASP-40853,108.67,113.3125
JVASP-115509,145.04,157.25
JVASP-16560,143.43,132.75
JVASP-7835,104.07,99.25
JVASP-121162,87.59,76.9375
JVASP-9172,19.31,10.5390625
JVASP-39427,135.73,125.3125
JVASP-70618,168.84,168.25
JVASP-3657,19.13,18.421875
JVASP-74755,42.66,50.75
JVASP-28815,3.26,13.9375
JVASP-94793,24.1,26.53125
JVASP-40834,103.7,105.75
JVASP-111636,59.51,77.625
JVASP-16490,299.27,316.75
JVASP-102867,33.33,36.25
JVASP-120297,30.58,27.5
JVASP-2697,66.14,76.625
JVASP-10022,101.51,103.4375
JVASP-65337,99.56,92.5625
JVASP-15480,160.63,173.75
JVASP-69049,87.25,46.96875
JVASP-86784,63.44,67.6875
JVASP-30589,85.03,114.0625
JVASP-71809,225.89,225.875
JVASP-23967,21.99,18.8125
JVASP-42122,148.26,164.875
JVASP-74210,20.97,22.96875
JVASP-69144,23.11,22.078125
JVASP-117607,27.83,25.3125
JVASP-90845,41.02,53.5
JVASP-16772,0.33,97.1875
JVASP-110200,76.88,79.125
JVASP-22705,45.24,44.625
JVASP-40304,47.67,48.375
JVASP-74478,149.28,153.75
JVASP-14097,84.57,91.875
JVASP-104624,37.61,34.90625
JVASP-30551,36.82,26.734375
JVASP-17769,156.89,166.625
JVASP-36215,269.17,311.75
JVASP-33798,13.01,12.703125
JVASP-20631,75.7,82.1875
JVASP-14593,199.23,254.0
JVASP-121004,-0.22,2.3964844
JVASP-15258,190.1,198.625
JVASP-16019,103.31,97.125
JVASP-75550,1.21,55.0
JVASP-40383,98.57,103.5625
JVASP-10169,54.91,77.6875
JVASP-118402,167.3,153.0
JVASP-16884,192.3,196.375
JVASP-69896,69.78,68.0625
JVASP-16022,106.49,108.9375
JVASP-114794,22.04,29.59375
JVASP-16572,49.33,46.25
JVASP-15091,109.3,124.3125
JVASP-64367,12.4,12.5
JVASP-22642,23.3,23.671875
JVASP-2484,25.73,34.09375
JVASP-117947,92.18,152.375
JVASP-116292,16.12,17.375
JVASP-66371,14.33,20.734375
JVASP-11811,40.6,41.34375
JVASP-52863,24.57,31.65625
JVASP-69838,66.03,70.375
JVASP-284,102.8,108.5625
JVASP-20567,-6.88,54.71875
JVASP-37219,196.27,192.875
JVASP-56680,63.47,56.875
JVASP-109314,117.11,131.125
JVASP-1248,58.67,54.71875
JVASP-118944,21.08,26.6875
JVASP-1762,66.04,60.875
JVASP-28443,25.08,17.484375
JVASP-75708,88.8,27.59375
JVASP-78998,41.49,48.59375
JVASP-50678,56.21,30.046875
JVASP-323,47.87,45.09375
JVASP-102247,103.69,80.5625
JVASP-9089,55.82,59.53125
JVASP-22670,19.03,22.421875
JVASP-62415,15.0,18.421875
JVASP-14770,33.37,29.890625
JVASP-13304,51.12,56.8125
JVASP-29213,262.89,246.5
JVASP-16304,155.37,163.375
JVASP-62548,191.54,194.75
JVASP-18315,38.11,31.296875
JVASP-36144,255.87,240.25
JVASP-15968,257.5,246.375
JVASP-36366,137.93,126.5
JVASP-50026,189.91,177.625
JVASP-20406,126.87,111.8125
JVASP-108788,55.66,56.28125
JVASP-37941,125.64,125.0625
JVASP-4210,19.76,17.484375
JVASP-16020,104.22,93.125
JVASP-106224,61.17,60.59375
JVASP-37963,112.53,91.875
JVASP-57665,252.13,221.5
JVASP-107293,116.31,156.625
JVASP-56277,54.17,95.5625
JVASP-8525,45.4,50.15625
JVASP-16066,103.9,113.0
JVASP-63865,18.77,31.34375
JVASP-103289,37.67,36.4375
JVASP-47722,95.44,86.5
JVASP-22558,68.58,67.9375
JVASP-18938,61.53,59.1875
JVASP-120193,34.27,30.703125
JVASP-87170,75.28,54.96875
JVASP-70756,0.0,170.375
JVASP-8486,224.56,188.625
JVASP-11775,46.5,55.53125
JVASP-92608,77.4,69.125
JVASP-36204,161.91,142.5
JVASP-115277,83.58,101.3125
JVASP-9937,42.0,69.9375
JVASP-9773,90.91,86.9375
JVASP-34358,82.03,70.25
JVASP-30162,40.38,49.25
JVASP-99641,6.16,15.6953125
JVASP-65601,63.94,56.5
JVASP-54680,40.66,34.1875
JVASP-3966,23.3,22.765625
JVASP-1798,20.87,21.484375
JVASP-70027,157.14,143.375
JVASP-91573,150.89,138.75
JVASP-40442,32.57,35.53125
JVASP-33806,14.56,16.25
JVASP-71021,111.19,108.25
JVASP-120085,14.47,26.671875
JVASP-120306,28.64,22.421875
JVASP-120032,32.7,35.96875
JVASP-9696,154.14,158.0
JVASP-9266,153.43,142.875
JVASP-37513,45.97,37.1875
JVASP-116352,27.18,28.640625
JVASP-115283,86.78,79.0625
JVASP-47768,167.03,123.4375
JVASP-51124,269.83,237.25
JVASP-10243,98.6,101.0625
JVASP-14871,69.0,64.6875
JVASP-21617,92.6,89.6875
JVASP-69272,24.6,24.296875
JVASP-116356,14.9,13.6640625
JVASP-67600,148.47,139.375
JVASP-72037,133.59,133.125
JVASP-36192,345.01,339.5
JVASP-115420,-0.1,-2.2910156
JVASP-8759,40.97,8.03125
JVASP-68772,108.12,106.25
JVASP-25358,300.46,310.0
JVASP-114050,18.82,25.21875
JVASP-204,34.19,41.5625
JVASP-15592,144.67,145.875
JVASP-69372,30.54,34.65625
JVASP-91663,171.36,156.0
JVASP-113773,167.67,176.0
JVASP-25325,41.47,41.40625
JVASP-79429,125.73,109.4375
JVASP-85782,56.54,57.15625
JVASP-114198,60.51,56.0
JVASP-12808,190.23,201.875
JVASP-38393,41.69,43.25
JVASP-11749,129.02,136.125
JVASP-8771,30.44,33.15625
JVASP-64366,13.17,15.8515625
JVASP-38460,52.73,68.3125
JVASP-16107,183.21,185.75
JVASP-7922,87.6,90.9375
JVASP-8070,61.36,60.875
JVASP-51407,17.64,9.03125
JVASP-120062,25.62,16.65625
JVASP-19760,55.32,53.03125
JVASP-36112,44.24,45.125
JVASP-20225,51.67,48.5
JVASP-61798,39.04,40.96875
JVASP-10953,163.92,173.875
JVASP-40584,54.57,46.09375
JVASP-106111,61.47,57.15625
JVASP-18548,223.79,228.875
JVASP-15701,174.37,184.125
JVASP-35686,0.44,129.375
JVASP-93749,97.28,89.875
JVASP-17350,106.83,109.1875
JVASP-115523,2.18,18.0625
JVASP-9884,92.62,84.5625
JVASP-28376,61.61,58.34375
JVASP-25070,196.17,192.125
JVASP-68911,48.41,49.75
JVASP-37091,171.32,167.375
JVASP-16480,98.73,90.1875
JVASP-8657,200.7,189.125
JVASP-9412,195.5,210.5
JVASP-51671,14.06,20.796875
JVASP-25327,109.63,94.1875
JVASP-85463,0.0,11.84375
JVASP-44353,91.72,78.5625
JVASP-12541,13.03,13.46875
JVASP-14813,3.1,3.6992188
JVASP-29138,5.45,6.5234375
JVASP-104725,30.09,28.5625
JVASP-55019,41.6,41.25
JVASP-114595,29.51,31.375
JVASP-19951,32.51,39.53125
JVASP-36178,82.2,77.8125
JVASP-103139,0.22,207.0
JVASP-114633,-1.41,6.8945312
JVASP-93457,225.94,236.0
JVASP-22551,26.36,21.328125
JVASP-31796,59.97,53.8125
JVASP-17282,254.24,240.0
JVASP-118565,38.34,40.96875
JVASP-26728,30.14,34.96875
JVASP-26420,80.5,78.25
JVASP-47091,58.81,59.78125
JVASP-74612,120.83,116.625
JVASP-18557,76.82,73.4375
JVASP-115253,-1.12,0.5698242
JVASP-21785,14.08,16.90625
JVASP-75874,1.24,45.25
JVASP-18197,77.11,71.3125
JVASP-2685,41.14,34.6875
JVASP-10462,157.57,150.5
JVASP-18102,169.47,166.625
JVASP-116666,220.59,217.75
JVASP-36188,73.57,79.3125
JVASP-20985,153.27,151.625
JVASP-15068,49.77,52.71875
JVASP-53421,47.77,48.03125
JVASP-35827,52.29,47.59375
JVASP-90487,85.5,88.375
JVASP-115027,17.46,14.140625
JVASP-117920,110.08,147.25
JVASP-32309,11.82,21.625
JVASP-117723,31.36,23.96875
JVASP-15693,110.64,92.125
JVASP-69682,0.0,7.2578125
JVASP-14314,102.57,95.625
JVASP-22385,29.88,32.84375
JVASP-25078,44.27,40.21875
JVASP-8612,143.42,137.75
JVASP-52369,57.76,59.40625
JVASP-37484,19.57,19.046875
JVASP-38834,205.53,206.5
JVASP-17705,155.84,148.25
JVASP-66614,18.67,17.234375
JVASP-67772,157.57,126.375
JVASP-37271,80.03,83.625
JVASP-40880,40.97,41.375
JVASP-103366,63.33,60.71875
JVASP-10720,122.88,121.1875
JVASP-2172,204.61,187.5
JVASP-12790,167.43,162.875
JVASP-13318,56.09,52.65625
JVASP-54761,38.37,45.9375
JVASP-107050,54.12,45.59375
JVASP-116081,36.61,38.5
JVASP-65313,95.63,87.8125
JVASP-92217,75.13,68.5
JVASP-71675,87.19,88.0625
JVASP-69432,97.81,94.4375
JVASP-74264,61.8,54.65625
JVASP-110338,56.33,62.28125
JVASP-99060,39.03,42.15625
JVASP-17927,75.37,64.75
JVASP-74678,19.33,17.234375
JVASP-16450,110.43,104.25
JVASP-106033,39.94,158.375
JVASP-42995,145.48,170.25
JVASP-69755,158.94,152.5
JVASP-71679,192.29,185.875
JVASP-66536,32.87,25.84375
JVASP-115586,157.9,153.0
JVASP-95278,114.31,107.5625
JVASP-9765,95.33,85.8125
JVASP-8152,29.53,30.0
JVASP-3450,109.61,123.8125
JVASP-121061,42.37,55.3125
JVASP-48336,173.36,164.5
JVASP-50160,27.99,24.75
JVASP-114926,52.3,41.09375
JVASP-113442,110.54,132.625
JVASP-68273,131.93,149.25
JVASP-41906,91.6,83.6875
JVASP-94833,178.83,167.75
JVASP-67748,218.9,208.5
JVASP-109687,196.18,184.875
JVASP-71062,0.22,52.53125
JVASP-30231,122.12,138.0
JVASP-43427,27.02,25.53125
JVASP-38300,55.73,57.3125
JVASP-10131,41.31,40.28125
JVASP-106199,47.0,40.5
JVASP-115866,12.04,13.796875
JVASP-78464,112.7,100.5
JVASP-69534,159.82,171.0
JVASP-114080,4.49,7.671875
JVASP-79816,172.87,159.75
JVASP-30503,79.04,67.375
JVASP-102529,124.98,119.0625
JVASP-14269,58.67,51.59375
JVASP-14696,30.87,28.125
JVASP-90534,29.5,29.6875
JVASP-100511,131.33,126.8125
JVASP-18725,114.91,104.6875
JVASP-54884,18.02,19.421875
JVASP-67839,66.39,119.0
JVASP-40971,108.93,106.5
JVASP-115336,156.18,176.125
JVASP-10716,74.3,60.25
JVASP-12384,43.16,35.5625
JVASP-17553,110.23,107.875
JVASP-42261,194.16,191.625
JVASP-36373,72.67,72.875
JVASP-14569,0.19,173.625
JVASP-2694,75.38,76.9375
JVASP-18463,21.93,31.390625
JVASP-91679,353.41,335.5
JVASP-18392,82.97,92.75
JVASP-71444,142.53,150.125
JVASP-102253,45.7,59.9375
JVASP-57097,65.1,105.125
JVASP-117563,20.07,14.5859375
JVASP-17278,114.14,111.4375
JVASP-111316,145.77,190.625
JVASP-308,115.63,113.25
JVASP-86373,108.59,95.6875
JVASP-90277,250.2,231.75
JVASP-120917,44.17,43.1875
JVASP-11602,227.83,224.5
JVASP-17440,89.37,88.1875
JVASP-100500,41.36,45.28125
JVASP-49768,122.56,129.25
JVASP-69328,92.16,65.125
JVASP-1648,31.84,39.28125
JVASP-9086,77.11,84.0625
JVASP-5257,12.11,14.625
JVASP-30569,112.09,115.25
JVASP-36225,80.03,106.5625
JVASP-49194,162.29,151.625
JVASP-102083,51.53,48.75
JVASP-71145,0.0,-19.390625
JVASP-18669,89.39,91.6875
JVASP-109083,37.24,41.1875
JVASP-72013,176.39,174.5
JVASP-111410,10.67,13.0625
JVASP-44729,148.23,133.25
JVASP-50030,111.23,108.375
JVASP-103715,31.8,43.125
JVASP-44226,22.44,37.5625
JVASP-20571,271.47,306.75
JVASP-14343,12.87,8.3203125
JVASP-19976,143.53,149.625
JVASP-75486,28.8,36.71875
JVASP-16835,116.34,123.625
JVASP-25410,32.57,31.015625
JVASP-106479,28.59,33.65625
JVASP-20072,245.47,221.375
JVASP-15699,185.4,212.75
JVASP-115571,26.23,24.0
JVASP-65117,195.48,165.0
JVASP-69053,35.0,38.5
JVASP-18264,128.2,122.1875
JVASP-3843,26.28,32.90625
JVASP-5107,46.29,49.90625
JVASP-2520,53.21,54.625
JVASP-30623,91.1,87.6875
JVASP-17845,174.17,156.625
JVASP-1429,32.71,33.46875
JVASP-92980,84.31,82.375
JVASP-67650,17.16,34.6875
JVASP-40945,18.17,24.3125
JVASP-15519,126.22,129.25
JVASP-18016,204.03,198.875
JVASP-18462,45.66,50.15625
JVASP-40213,19.93,27.703125
JVASP-13042,34.66,32.78125
JVASP-106275,28.48,32.25
JVASP-35237,103.1,120.0
JVASP-75763,153.63,154.75
JVASP-113537,33.94,37.75
JVASP-10325,88.98,83.4375
JVASP-8384,72.29,85.6875
JVASP-116304,29.66,40.46875
JVASP-75536,127.47,148.25
JVASP-7730,20.29,89.25
JVASP-26410,93.4,63.1875
JVASP-105984,163.4,178.25
JVASP-71347,37.21,44.3125
JVASP-116958,57.9,58.4375
JVASP-106141,183.03,199.0
JVASP-99914,85.98,132.625
JVASP-115704,18.0,25.65625
JVASP-65716,33.32,32.375
JVASP-25134,60.5,54.09375
JVASP-40310,32.93,26.28125
JVASP-3414,38.14,44.71875
JVASP-17947,70.26,80.0625
JVASP-116328,203.9,196.125
JVASP-105802,30.33,104.5
JVASP-2074,16.97,19.59375
JVASP-101929,79.76,77.125
JVASP-102920,20.43,21.65625
JVASP-30383,19.69,37.625
JVASP-51002,46.47,46.15625
JVASP-11179,55.13,60.15625
JVASP-56868,15.5,20.140625
JVASP-115541,12.6,10.609375
JVASP-12899,11.69,14.578125
JVASP-85353,43.47,48.125
JVASP-10919,26.62,30.78125
JVASP-22518,15.34,16.828125
JVASP-15044,123.47,123.5625
JVASP-71150,81.41,77.8125
JVASP-92755,173.47,198.125
JVASP-69110,13.33,15.9765625
JVASP-99103,57.28,48.34375
JVASP-11790,91.47,118.9375
JVASP-75825,100.13,107.3125
JVASP-14545,121.17,124.1875
JVASP-121259,24.94,31.640625
JVASP-5188,31.31,35.40625
JVASP-94376,55.14,54.5
JVASP-36076,16.23,47.28125
JVASP-41041,275.3,260.25
JVASP-36947,20.48,35.46875
JVASP-9316,30.12,37.71875
JVASP-23864,35.53,42.84375
JVASP-20882,78.0,70.1875
JVASP-14695,62.28,62.09375
JVASP-35401,15.2,19.65625
JVASP-25130,199.23,238.0
JVASP-12732,45.4,55.625
JVASP-106296,57.09,65.75
JVASP-20769,156.03,174.125
JVASP-74010,94.49,75.9375
JVASP-14651,121.59,115.1875
JVASP-3771,18.4,19.796875
JVASP-44636,143.62,127.1875
JVASP-35054,259.11,286.0
JVASP-37815,13.98,20.703125
JVASP-116939,186.73,180.25
JVASP-14549,50.8,52.75
JVASP-65777,26.67,36.25
JVASP-118292,70.9,73.75
JVASP-67782,41.43,47.375
JVASP-2865,61.53,64.8125
JVASP-11015,172.96,163.125
JVASP-22593,28.23,22.65625
JVASP-106380,295.52,281.75
JVASP-9156,28.58,31.328125
JVASP-9432,133.11,146.25
JVASP-39117,123.4,114.6875
JVASP-120179,44.36,38.625
JVASP-96,59.7,59.84375
JVASP-37106,127.7,130.875
JVASP-110785,51.62,57.25
JVASP-12289,47.28,47.625
JVASP-11689,114.81,123.5
JVASP-26735,12.24,15.765625
JVASP-21679,80.87,80.4375
JVASP-71718,203.44,194.5
JVASP-25122,9.16,20.71875
JVASP-15881,102.03,100.75
JVASP-20845,38.1,38.125
JVASP-115195,13.31,26.640625
JVASP-55105,39.93,36.0
JVASP-90229,108.09,107.0
JVASP-112375,108.03,94.75
JVASP-105837,33.2,76.6875
JVASP-101751,85.42,77.875
JVASP-116426,41.39,38.40625
JVASP-118239,32.93,39.0
JVASP-65615,14.4,10.7890625
JVASP-15743,152.14,145.375
JVASP-116119,30.18,33.75
JVASP-9679,178.33,176.875
JVASP-114063,32.86,39.75
JVASP-8284,113.69,102.9375
JVASP-15070,37.63,48.53125
JVASP-56344,200.4,189.25
JVASP-117495,6.14,15.453125
JVASP-29025,33.22,15.8515625
JVASP-2889,31.21,24.734375
JVASP-11766,1.11,73.25
JVASP-7689,131.86,125.75
JVASP-25667,104.67,110.375
JVASP-100572,56.57,64.8125
JVASP-60672,41.7,43.0
JVASP-5368,8.56,10.0859375
JVASP-58383,131.07,146.125
JVASP-109720,44.71,66.25
JVASP-120169,158.36,152.25
JVASP-100667,61.26,48.53125
JVASP-19747,60.93,60.8125
JVASP-22967,111.41,101.0625
JVASP-114432,52.76,54.46875
JVASP-106624,23.94,24.96875
JVASP-3630,8.33,14.3515625
JVASP-67274,0.0,179.125
JVASP-30422,101.57,132.25
JVASP-22708,15.39,21.359375
JVASP-9731,145.17,142.75
JVASP-120369,40.16,55.375
JVASP-15173,129.36,141.875
JVASP-36465,62.03,57.53125
JVASP-67583,27.81,29.046875
JVASP-8252,44.82,48.21875
JVASP-28545,68.57,77.75
JVASP-13364,40.82,41.34375
JVASP-92586,26.93,27.4375
JVASP-16838,86.6,94.25
JVASP-94340,218.96,211.375
JVASP-68296,82.33,70.5625
JVASP-105727,256.21,235.375
JVASP-29511,16.63,19.375
JVASP-39530,46.73,40.9375
JVASP-91801,34.38,70.5625
JVASP-25135,41.43,41.34375
JVASP-10582,70.19,59.375
JVASP-115615,23.78,22.875
JVASP-68065,0.0,185.875
JVASP-2065,14.84,25.53125
JVASP-16143,99.89,95.875
JVASP-114382,-0.59,-2.2050781
JVASP-117480,132.69,121.125
JVASP-9953,2.53,145.625
JVASP-11948,200.07,209.0
JVASP-36813,150.28,154.0
JVASP-27059,120.83,113.9375
JVASP-38582,47.2,42.8125
JVASP-114492,212.58,253.25
JVASP-1279,189.97,170.25
JVASP-22733,19.76,19.859375
JVASP-10017,49.37,63.46875
JVASP-71081,65.61,67.25
JVASP-12183,19.92,32.90625
JVASP-118854,47.1,56.1875
JVASP-35139,133.48,130.625
JVASP-96563,43.8,125.0
JVASP-11947,209.37,200.375
JVASP-37962,124.2,122.75
JVASP-70488,190.56,171.625
JVASP-39989,172.9,178.125
JVASP-107773,118.11,123.1875
JVASP-114129,-4.06,0.59521484
JVASP-92774,102.63,93.3125
JVASP-71994,86.4,89.75
JVASP-19612,63.8,51.28125
JVASP-57502,69.01,71.8125
JVASP-1723,41.2,44.28125
JVASP-110793,33.97,37.65625
JVASP-7799,67.7,70.4375
JVASP-53457,63.29,57.84375
JVASP-34498,61.14,51.0
JVASP-42515,103.12,105.0625
JVASP-36667,232.59,237.25
JVASP-18803,110.47,121.375
JVASP-46898,42.4,35.5625
JVASP-170,27.6,19.5625
JVASP-36479,25.67,24.15625
JVASP-52267,41.79,54.96875
JVASP-17416,130.57,130.875
JVASP-25254,260.1,220.875
JVASP-100469,123.87,111.3125
JVASP-94792,96.19,118.25
JVASP-122938,169.87,158.375
JVASP-17603,118.83,121.625
JVASP-14588,348.07,334.0
JVASP-14643,82.7,89.4375
JVASP-57311,68.29,68.3125
JVASP-116899,81.32,83.0625
JVASP-66274,18.4,21.359375
JVASP-115669,72.43,75.8125
JVASP-15771,165.77,174.625
JVASP-62735,84.13,82.375
JVASP-120218,47.12,38.96875
JVASP-12687,95.81,101.0625
JVASP-65700,37.43,29.75
JVASP-106123,65.61,64.5625
JVASP-90786,90.16,82.375
JVASP-57093,41.86,65.875
JVASP-36309,70.39,65.3125
JVASP-18403,70.83,87.3125
JVASP-48137,71.92,70.125
JVASP-13928,13.49,11.6796875
JVASP-70842,48.23,36.625
JVASP-17802,65.93,53.25
JVASP-51108,95.43,105.875
JVASP-71985,55.93,86.25
JVASP-117773,11.82,12.0234375
JVASP-18419,245.3,235.625
JVASP-117900,9.04,11.578125
JVASP-109639,106.2,104.75
JVASP-114631,41.36,42.96875
JVASP-15601,140.6,132.625
JVASP-117791,23.92,25.75
JVASP-37042,125.77,125.3125
JVASP-849,45.0,38.875
JVASP-38157,23.54,21.828125
JVASP-11169,40.81,34.125
JVASP-37032,215.4,201.125
JVASP-9782,141.12,129.125
JVASP-75685,1.23,1.1826172
JVASP-36177,254.9,269.5
JVASP-21209,305.2,332.25
JVASP-118258,108.71,105.5
JVASP-14272,106.72,86.625
JVASP-44489,155.04,146.75
JVASP-35453,188.6,184.5
JVASP-35260,28.24,36.78125
JVASP-38887,64.87,62.34375
JVASP-68292,66.42,67.8125
JVASP-10533,187.84,167.75
JVASP-118265,84.77,82.9375
JVASP-54710,17.18,21.078125
JVASP-38255,4.47,11.2890625
JVASP-5,226.3,223.25
JVASP-68058,198.91,200.375
JVASP-326,41.4,52.84375
JVASP-17734,72.23,64.5625
JVASP-9121,23.42,27.3125
JVASP-67854,44.57,36.125
JVASP-91250,83.23,70.625
JVASP-120013,163.12,112.5
JVASP-65661,85.26,75.8125
JVASP-21640,200.93,184.375
JVASP-122947,247.43,237.375
JVASP-121123,16.68,17.359375
JVASP-29200,33.66,23.171875
JVASP-36385,38.6,37.96875
JVASP-290,42.27,37.65625
JVASP-19676,316.87,298.0
JVASP-14991,82.13,73.625
JVASP-66939,42.38,53.375
JVASP-10773,30.32,28.640625
JVASP-78382,15.04,18.921875
JVASP-93289,76.7,79.5
JVASP-120897,68.84,51.46875
JVASP-29869,128.81,136.875
JVASP-31146,20.56,17.4375
JVASP-54707,91.98,99.1875
JVASP-22704,118.42,118.5
JVASP-25389,3.08,5.5039062
JVASP-99910,54.17,45.4375
JVASP-100643,53.87,54.875
JVASP-18592,52.27,183.375
JVASP-20927,132.39,100.375
JVASP-65480,98.73,83.625
JVASP-67757,0.0,116.625
JVASP-329,34.22,41.625
JVASP-54701,23.12,16.015625
JVASP-28698,40.1,27.1875
JVASP-119980,41.28,40.0
JVASP-36445,67.43,62.84375
JVASP-71896,106.39,100.8125
JVASP-17216,11.43,150.5
JVASP-93236,174.77,189.625
JVASP-25615,158.81,148.625
JVASP-40502,229.6,210.5
JVASP-87074,17.63,18.34375
JVASP-1972,53.79,42.3125
JVASP-67543,60.31,47.90625
JVASP-25596,55.03,40.625
JVASP-102107,55.4,48.40625
JVASP-40922,88.63,75.6875
JVASP-54469,77.66,73.5625
JVASP-68662,34.72,34.8125
JVASP-35975,60.24,55.34375
JVASP-67795,139.03,128.875
JVASP-54966,16.7,16.875
JVASP-78741,156.33,141.125
JVASP-28767,54.22,40.875
JVASP-13026,19.04,13.1171875
JVASP-25172,4.27,6.4296875
JVASP-102082,58.13,55.71875
JVASP-12609,116.1,132.5
JVASP-36243,43.1,41.375
JVASP-39280,36.07,143.875
JVASP-14914,166.6,163.25
JVASP-36792,135.86,146.125
JVASP-78565,50.53,51.5625
JVASP-19409,147.94,143.625
JVASP-117629,26.62,28.734375
JVASP-3192,46.49,45.4375
JVASP-89906,146.94,130.375
JVASP-37508,53.0,39.4375
JVASP-43766,67.12,62.375
JVASP-9543,134.13,120.3125
JVASP-113973,-13.01,-1.5615234
JVASP-14587,104.73,94.125
JVASP-22607,8.5,9.15625
JVASP-115875,15.93,17.3125
JVASP-3351,30.37,24.703125
JVASP-100758,202.82,188.625
JVASP-118132,56.9,44.21875
JVASP-28459,0.29,8.3046875
JVASP-8289,136.04,125.25
JVASP-36139,46.53,42.6875
JVASP-66789,78.51,83.1875
JVASP-10539,27.18,29.359375
JVASP-110418,282.77,327.0
JVASP-69723,131.94,125.4375
JVASP-64668,18.0,14.6875
JVASP-74963,26.36,28.484375
JVASP-15100,115.87,112.0
JVASP-25823,28.11,30.578125
JVASP-114778,8.87,9.2265625
JVASP-118938,24.63,62.75
JVASP-69126,23.27,26.046875
JVASP-11762,142.88,132.625
JVASP-25363,278.61,316.0
JVASP-107342,80.39,77.0625
JVASP-110544,60.33,56.375
JVASP-11475,34.88,36.21875
JVASP-18820,97.17,101.5
JVASP-36118,18.21,22.4375
JVASP-2607,36.6,41.28125
JVASP-29621,20.23,20.09375
JVASP-37609,56.48,54.65625
JVASP-117455,35.29,31.078125
JVASP-101704,32.02,50.6875
JVASP-9406,25.72,24.21875
JVASP-15772,0.06,155.125
JVASP-79219,68.94,64.25
JVASP-74856,39.69,36.375
JVASP-57290,63.6,55.15625
JVASP-68011,0.0,62.1875
JVASP-115256,22.57,28.765625
JVASP-37061,192.68,192.375
JVASP-118876,26.17,30.5625
JVASP-56465,108.67,109.25
JVASP-5236,9.53,10.4140625
JVASP-21194,9.87,7.8046875
JVASP-43647,45.6,59.96875
JVASP-1402,41.0,43.4375
JVASP-3729,27.53,28.234375
JVASP-106183,181.99,197.5
JVASP-105103,83.53,125.3125
JVASP-65755,23.0,21.828125
JVASP-114322,8.41,10.7109375
JVASP-48338,114.42,111.8125
JVASP-86612,29.76,37.21875
JVASP-29160,6.92,36.46875
JVASP-16802,73.7,76.8125
JVASP-18211,225.13,221.5
JVASP-49974,88.16,99.9375
JVASP-15114,136.6,135.625
JVASP-36835,78.4,77.4375
JVASP-85302,15.53,20.59375
JVASP-14941,60.4,60.09375
JVASP-120929,102.02,107.125
JVASP-9649,64.3,86.9375
JVASP-12158,26.08,23.171875
JVASP-74584,57.69,62.34375
JVASP-35229,118.37,111.5
JVASP-64994,197.33,189.875
JVASP-65159,100.1,114.75
JVASP-93334,206.07,195.0
JVASP-65576,12.52,11.90625
JVASP-68432,96.41,91.5625
JVASP-38114,51.83,60.0625
JVASP-40513,243.57,259.5
JVASP-58434,222.84,234.5
JVASP-14894,194.89,193.75
JVASP-103127,43.71,44.21875
JVASP-52904,73.68,88.5
JVASP-109056,30.91,43.75
JVASP-71139,150.41,135.5
JVASP-61096,170.91,173.5
JVASP-69182,0.0,17.171875
JVASP-16693,55.42,55.46875
JVASP-5011,15.24,45.65625
JVASP-116490,61.34,63.46875
JVASP-23330,329.1,340.5
JVASP-18064,110.48,112.625
JVASP-91216,147.32,141.5
JVASP-93486,91.08,74.25
JVASP-8203,87.88,81.125
JVASP-20612,78.1,88.875
JVASP-111516,9.83,12.78125
JVASP-16737,25.92,26.671875
JVASP-17346,0.22,73.5625
JVASP-19855,100.7,96.875
JVASP-102858,26.63,27.46875
JVASP-8207,0.0,35.21875
JVASP-19864,102.53,103.5
JVASP-117787,23.32,30.53125
JVASP-50860,125.13,120.3125
JVASP-118602,41.6,48.8125
JVASP-38613,22.07,24.9375
JVASP-29141,52.33,34.34375
JVASP-118936,51.04,62.28125
JVASP-9446,164.93,181.75
JVASP-103406,63.06,77.6875
JVASP-35416,82.69,89.0625
JVASP-93874,16.26,15.7109375
JVASP-35933,38.98,41.375
JVASP-10256,24.83,38.375
JVASP-16613,116.73,122.4375
JVASP-115201,23.34,25.984375
JVASP-35370,172.73,159.0
JVASP-44130,80.33,85.0625
JVASP-1291,139.4,121.5
JVASP-28380,87.66,102.0
JVASP-17427,109.7,117.0
JVASP-25655,11.13,5.46875
JVASP-24293,68.2,88.25
JVASP-12170,42.36,48.375
JVASP-34245,31.16,34.40625
JVASP-36350,288.07,292.0
JVASP-20890,29.69,29.203125
JVASP-100544,146.73,141.125
JVASP-1056,70.89,79.0625
JVASP-38806,181.27,191.0
JVASP-11497,60.04,125.3125
JVASP-35738,44.51,54.34375
JVASP-10066,216.01,248.0
JVASP-63514,80.86,70.875
JVASP-91819,25.64,29.296875
JVASP-54898,77.79,82.0625
JVASP-111388,78.79,81.1875
JVASP-114619,33.11,25.125
JVASP-37920,42.2,40.46875
JVASP-109989,30.5,36.0625
JVASP-120281,45.42,46.625
JVASP-70071,27.43,76.75
JVASP-114781,18.62,24.296875
JVASP-102689,69.11,70.6875
JVASP-75885,0.0,201.875
JVASP-21982,60.74,43.0
JVASP-92705,75.21,72.0
JVASP-53100,54.72,60.5625
JVASP-22716,36.4,27.15625
JVASP-114768,26.19,20.3125
JVASP-35802,16.59,11.03125
JVASP-118088,28.56,26.46875
JVASP-34296,124.11,132.625
JVASP-16728,170.62,167.625
JVASP-99801,20.9,18.25
JVASP-119936,56.78,47.9375
JVASP-54702,70.54,68.25
JVASP-44224,18.72,16.953125
JVASP-74829,32.99,32.90625
JVASP-15495,141.02,139.25
JVASP-93813,88.17,86.4375
JVASP-37114,29.66,30.359375
JVASP-7767,157.32,164.125
JVASP-115032,37.26,30.78125
JVASP-52250,56.98,68.9375
JVASP-16491,88.97,76.6875
JVASP-103427,1.68,118.375
JVASP-266,59.7,55.03125
JVASP-16093,99.77,98.1875
JVASP-110890,129.02,139.25
JVASP-916,49.67,46.28125
JVASP-16227,89.38,92.625
JVASP-20751,135.17,140.75
JVASP-18006,158.77,162.25
JVASP-35688,337.97,347.75
JVASP-114323,57.23,62.96875
JVASP-28456,33.59,19.5
JVASP-100666,131.18,127.1875
JVASP-118419,57.62,57.34375
JVASP-65679,16.07,16.640625
JVASP-16296,83.52,82.3125
JVASP-14655,53.17,50.59375
JVASP-12551,90.67,83.375
JVASP-119907,42.71,53.90625
JVASP-913,13.93,11.3359375
JVASP-29199,4.99,24.59375
JVASP-37172,51.32,47.65625
JVASP-64391,15.8,14.2734375
JVASP-19909,54.4,47.3125
JVASP-22008,116.87,114.4375
JVASP-28974,2.92,9.4765625
JVASP-16845,128.63,141.375
JVASP-74045,214.56,211.625
JVASP-68337,29.54,34.0
JVASP-18305,59.93,48.75
JVASP-102127,59.98,55.0625
JVASP-74881,105.66,102.625
JVASP-17497,38.6,39.125
JVASP-114320,4.79,9.2265625
JVASP-28925,36.86,15.765625
JVASP-36997,19.64,18.8125
JVASP-20422,85.01,77.8125
JVASP-25086,20.97,14.0546875
JVASP-78725,97.13,92.4375
JVASP-65403,67.66,47.875
JVASP-38881,141.07,161.0
JVASP-115485,84.41,105.3125
JVASP-39674,272.47,272.75
JVASP-75887,0.0,162.375
JVASP-105905,128.57,121.6875
JVASP-802,112.02,105.625
JVASP-4513,34.28,26.1875
JVASP-7695,52.11,43.84375
JVASP-109156,27.63,28.109375
JVASP-109391,25.03,38.15625
JVASP-4945,104.59,120.75
JVASP-320,42.86,46.59375
JVASP-28511,31.47,21.859375
JVASP-21454,170.22,155.875
JVASP-114481,108.56,104.6875
JVASP-39735,171.97,177.25
JVASP-8473,50.17,46.3125
JVASP-9739,179.77,178.375
JVASP-68212,132.03,127.5
JVASP-85599,113.39,93.3125
JVASP-40830,130.47,100.1875
JVASP-7728,104.8,102.0625
JVASP-1594,107.11,98.8125
JVASP-7968,64.02,52.5625
JVASP-67689,40.93,178.125
JVASP-107657,132.31,150.375
JVASP-64973,124.02,119.5625
JVASP-116338,142.46,197.375
JVASP-63903,19.97,14.0
JVASP-9835,60.17,70.5
JVASP-16648,74.42,77.125
JVASP-27401,1.21,150.5
JVASP-71199,0.0,-7.3203125
JVASP-35221,47.9,42.8125
JVASP-13985,81.14,76.875
JVASP-2154,111.48,115.75
JVASP-121103,45.07,50.34375
JVASP-117606,15.07,16.59375
JVASP-122993,66.1,68.125
JVASP-103410,263.29,256.5
JVASP-1318,40.4,36.90625
JVASP-88423,32.77,28.765625
JVASP-16350,115.57,135.75
JVASP-31900,12.26,18.625
JVASP-5443,21.6,23.765625
JVASP-106300,44.69,137.25
JVASP-9751,140.21,145.375
JVASP-17558,135.97,139.125
JVASP-69199,88.69,27.046875
JVASP-118283,82.63,85.25
JVASP-16610,171.27,173.125
JVASP-3615,65.96,69.875
JVASP-8777,78.44,86.0625
JVASP-74384,16.1,17.875
JVASP-39233,120.97,121.4375
JVASP-50004,111.91,119.25
JVASP-88757,49.93,50.53125
JVASP-16451,137.77,142.25
JVASP-115648,66.11,60.78125
JVASP-39071,118.67,114.0625
JVASP-74630,55.37,49.0
JVASP-17693,67.13,74.25
JVASP-90858,43.49,38.3125
JVASP-54507,55.62,31.8125
JVASP-16703,91.52,87.75
JVASP-16320,163.79,170.0
JVASP-66821,68.93,78.375
JVASP-18542,81.57,83.875
JVASP-26392,78.14,83.6875
JVASP-39283,88.33,94.0625
JVASP-92181,57.87,59.25
JVASP-93229,147.7,150.25
JVASP-38263,5.9,2.9609375
JVASP-11189,102.23,103.6875
JVASP-63743,242.88,226.75
JVASP-25340,1.41,8.109375
JVASP-15307,98.83,101.9375
JVASP-120178,77.94,63.1875
JVASP-20536,108.77,119.5
JVASP-115766,11.74,19.171875
JVASP-88683,23.11,18.21875
JVASP-67888,145.24,126.5625
JVASP-9233,55.43,44.875
JVASP-90130,256.69,236.0
JVASP-85937,150.66,150.625
JVASP-25383,7.7,8.6484375
JVASP-16933,182.7,170.875
JVASP-44383,45.68,47.65625
JVASP-13915,19.58,17.859375
JVASP-68998,21.12,20.1875
JVASP-12522,42.61,51.3125
JVASP-15130,209.88,193.125
JVASP-117975,42.78,44.09375
JVASP-57479,95.81,86.125
JVASP-15018,150.84,141.375
JVASP-11274,19.5,26.765625
JVASP-40666,44.88,45.8125
JVASP-8695,67.02,71.1875
JVASP-18407,110.07,104.5625
JVASP-20084,326.9,288.75
JVASP-16299,35.77,32.71875
JVASP-19710,197.97,169.25
JVASP-44787,74.39,71.3125
JVASP-99822,174.47,172.75
JVASP-164,8.78,8.2578125
JVASP-22679,17.3,14.5
JVASP-15725,35.3,34.03125
JVASP-18308,57.63,60.59375
JVASP-7674,249.53,221.75
JVASP-118806,33.99,36.6875
JVASP-22674,27.6,23.625
JVASP-64564,56.17,10.875
JVASP-16168,308.11,281.25
JVASP-70862,0.0,109.5
JVASP-38602,133.7,140.0
JVASP-32220,16.13,23.75
JVASP-17842,80.5,83.125
JVASP-51309,92.8,83.9375
JVASP-68203,190.17,196.5
JVASP-8099,123.71,122.0
JVASP-15716,110.23,100.5
JVASP-52376,14.94,15.609375
JVASP-65360,98.37,105.375
JVASP-14699,43.72,54.75
JVASP-78424,33.63,35.71875
JVASP-25219,7.97,9.015625
JVASP-49817,130.62,119.0
JVASP-18473,27.16,27.0625
JVASP-8381,60.31,67.375
JVASP-114139,17.66,10.21875
JVASP-36172,244.63,233.5
JVASP-8599,148.9,187.625
JVASP-2601,103.61,87.5625
JVASP-15105,62.27,51.5625
JVASP-50865,45.32,50.03125
JVASP-11484,59.53,131.75
JVASP-14844,35.17,38.15625
JVASP-2032,31.64,35.875
JVASP-36925,33.37,52.15625
JVASP-16580,230.03,219.0
JVASP-34240,75.39,76.125
JVASP-9170,12.61,18.78125
JVASP-65659,18.63,14.1015625
JVASP-106964,43.57,50.09375
JVASP-35692,95.63,102.0625
JVASP-9693,116.84,109.75
JVASP-85850,53.7,50.0625
JVASP-68569,55.93,111.25
JVASP-40939,49.63,50.25
JVASP-7757,37.74,46.46875
JVASP-19720,345.21,314.0
JVASP-114314,24.67,34.71875
JVASP-70700,43.35,59.4375
JVASP-112145,33.01,41.03125
JVASP-116675,38.28,34.78125
JVASP-16573,52.27,54.6875
JVASP-71224,64.5,60.9375
JVASP-36946,142.18,156.5
JVASP-100560,0.57,135.375
JVASP-30619,206.1,293.0
JVASP-36459,24.87,27.9375
JVASP-38087,22.13,28.078125
JVASP-37440,67.0,58.1875
JVASP-90545,110.58,110.6875
JVASP-56343,63.52,72.5625
JVASP-67276,181.36,170.625
JVASP-93889,66.81,72.4375
JVASP-114757,60.56,61.4375
JVASP-117670,64.79,77.375
JVASP-79168,56.24,58.09375
JVASP-118730,27.94,24.234375
JVASP-7778,54.29,56.875
JVASP-75025,111.42,108.1875
JVASP-71941,131.07,121.375
JVASP-9922,211.57,201.625
JVASP-75668,180.6,153.375
JVASP-65472,42.97,42.3125
JVASP-20952,64.78,58.125
JVASP-37393,41.0,42.65625
JVASP-116192,16.63,15.9453125
JVASP-71009,66.66,60.625
JVASP-29045,2.97,4.7265625
JVASP-13064,30.86,31.96875
JVASP-101075,92.07,89.0
JVASP-116182,16.32,10.4609375
JVASP-9103,12.21,16.453125
JVASP-69163,24.58,20.40625
JVASP-3306,116.21,118.6875
JVASP-10934,254.3,227.875
JVASP-112335,12.6,21.546875
JVASP-74420,117.13,129.625
JVASP-87042,27.06,21.015625
JVASP-100159,201.13,213.0
JVASP-100070,178.4,178.25
JVASP-106076,134.08,135.75
JVASP-28865,29.09,17.328125
JVASP-16504,72.48,67.0
JVASP-106145,45.89,33.78125
JVASP-36853,143.11,110.3125
JVASP-7653,74.8,52.40625
JVASP-70850,0.0,71.25
JVASP-15842,277.0,263.0
JVASP-101442,92.07,76.875
JVASP-109268,206.77,220.625
JVASP-15837,136.6,127.3125
JVASP-7816,58.06,44.65625
JVASP-14191,103.23,100.6875
JVASP-70143,105.1,82.6875
JVASP-35984,326.77,299.25
JVASP-15407,90.1,81.625
JVASP-8013,106.37,94.625
JVASP-25096,25.93,26.453125
JVASP-18707,185.17,193.75
JVASP-11201,58.23,52.65625
JVASP-87116,82.26,59.0625
JVASP-37183,101.76,84.6875
JVASP-121298,46.93,34.375
JVASP-14686,56.8,51.6875
JVASP-36824,93.33,79.125
JVASP-13868,43.81,30.40625
JVASP-37070,91.36,75.0
JVASP-50117,36.75,170.0
JVASP-61119,112.94,114.3125
JVASP-21844,166.69,156.625
JVASP-15762,45.8,32.0625
JVASP-106560,129.02,171.25
JVASP-17851,61.63,59.5625
JVASP-52124,162.37,133.75
JVASP-35189,206.87,187.75
JVASP-34725,27.98,25.4375
JVASP-8789,189.5,158.5
JVASP-16870,93.54,82.3125
JVASP-18875,54.9,35.84375
JVASP-114953,15.03,10.1015625
JVASP-25151,81.6,70.9375
JVASP-35382,173.14,148.5
JVASP-18767,82.53,74.5
JVASP-272,120.87,103.9375
JVASP-22723,253.43,222.125
JVASP-114117,54.03,53.21875
JVASP-111954,90.01,59.3125
JVASP-118359,44.88,41.65625
JVASP-107167,56.94,45.28125
JVASP-16639,66.27,74.0
JVASP-67707,49.54,41.09375
JVASP-20484,75.47,65.4375
JVASP-4198,27.38,29.234375
JVASP-9457,92.56,74.25
JVASP-88048,105.31,92.6875
JVASP-40547,183.77,181.625
JVASP-10225,28.68,21.984375
JVASP-10922,85.87,79.75
JVASP-71908,100.5,70.875
JVASP-75554,0.19,92.875
JVASP-37095,158.23,143.0
JVASP-118699,-5.31,-3.3613281
JVASP-52249,161.19,149.125
JVASP-40944,50.77,47.71875
JVASP-110411,147.2,133.5
JVASP-79204,377.98,345.25
JVASP-110235,67.42,54.21875
JVASP-17894,198.7,192.625
JVASP-15165,92.4,122.25
JVASP-16361,169.37,160.125
JVASP-16443,94.38,98.0
JVASP-30187,38.19,36.21875
JVASP-11981,162.3,146.625
JVASP-12829,90.4,55.0625
JVASP-18014,107.66,110.3125
JVASP-116,160.67,147.5
JVASP-7803,31.66,30.828125
JVASP-100486,79.3,72.6875
JVASP-16158,120.98,106.0
JVASP-117482,175.48,163.75
JVASP-15206,153.36,153.0
JVASP-19596,120.63,117.5625
JVASP-7130,24.8,17.90625
JVASP-117754,105.23,97.5
JVASP-54374,45.31,31.171875
JVASP-44642,107.51,101.9375
JVASP-30237,103.14,82.3125
JVASP-65504,62.16,47.53125
JVASP-17715,98.1,92.5
JVASP-67313,42.32,38.8125
JVASP-11600,73.64,68.375
JVASP-19803,79.0,70.0625
JVASP-34892,88.31,91.75
JVASP-15742,75.03,77.75
JVASP-17542,72.88,70.875
JVASP-51070,377.99,340.5
JVASP-16327,13.56,6.75
JVASP-100373,165.11,146.125
JVASP-99694,51.47,44.125
JVASP-33415,31.69,23.578125
JVASP-16340,45.17,42.9375
JVASP-36228,77.77,94.25
JVASP-5404,16.29,17.03125
JVASP-118244,21.32,12.828125
JVASP-36352,83.5,73.5
JVASP-41008,47.63,45.78125
JVASP-39824,112.39,114.75
JVASP-65669,83.59,68.125
JVASP-7846,27.14,15.53125
JVASP-8602,26.13,23.9375
JVASP-19711,145.5,156.875
JVASP-68452,61.34,52.25
JVASP-14681,56.4,48.53125
JVASP-12870,153.92,143.5
JVASP-17610,124.98,130.0
JVASP-12984,24.8,18.3125
JVASP-66863,117.82,94.5
JVASP-28352,48.91,53.5
JVASP-92635,108.84,116.6875
JVASP-14311,125.23,109.75
JVASP-17951,68.06,70.9375
JVASP-17362,204.63,201.25
JVASP-75449,63.47,53.0625
JVASP-8004,65.12,39.9375
JVASP-30178,67.6,38.1875
JVASP-67597,45.76,43.09375
JVASP-2274,44.83,44.84375
JVASP-36210,81.73,64.375
JVASP-54910,31.73,19.390625
JVASP-16391,52.54,86.8125
JVASP-91558,119.74,128.25
JVASP-9690,122.24,131.0
JVASP-64998,149.97,159.125
JVASP-18251,65.34,64.25
JVASP-36527,115.93,117.625
JVASP-103040,75.77,62.3125
JVASP-13018,100.52,95.25
JVASP-12581,55.72,37.46875
JVASP-22434,94.82,94.8125
JVASP-10715,73.03,72.25
JVASP-15073,139.77,149.25
JVASP-65759,24.53,35.21875
JVASP-1020,300.81,282.0
JVASP-16335,42.83,52.625
JVASP-36507,20.7,25.890625
JVASP-76260,10.07,13.5546875
JVASP-71951,80.72,81.4375
JVASP-119938,14.48,19.65625
JVASP-90860,190.9,209.25
JVASP-8687,68.93,66.9375
JVASP-8242,42.86,38.84375
JVASP-8736,97.33,91.8125
JVASP-16301,79.29,82.6875
JVASP-9624,118.49,130.875
JVASP-106629,91.59,110.0625
JVASP-117634,55.27,45.0625
JVASP-69698,56.3,68.5
JVASP-14659,75.4,85.4375
JVASP-1309,52.2,41.34375
JVASP-29794,61.23,50.71875
JVASP-9920,112.22,101.25
JVASP-115897,2.0,2.671875
JVASP-25088,59.0,51.09375
JVASP-103348,111.61,104.9375
JVASP-93246,85.1,83.6875
JVASP-114029,5.97,11.28125
JVASP-29801,66.31,68.3125
JVASP-14206,27.49,20.234375
JVASP-8615,206.2,198.25
JVASP-18352,56.33,56.09375
JVASP-20249,176.82,163.75
JVASP-29602,27.86,26.765625
JVASP-117882,71.94,99.9375
JVASP-36541,289.74,283.5
JVASP-11949,92.7,98.5
JVASP-29864,68.6,71.625
JVASP-48311,58.6,45.46875
JVASP-99848,69.31,69.5
JVASP-19838,80.43,74.6875
JVASP-41682,14.91,17.28125
JVASP-8298,147.49,135.5
JVASP-20361,98.4,108.4375
JVASP-67104,38.33,39.78125
JVASP-116257,92.92,118.8125
JVASP-18635,94.07,90.8125
JVASP-1195,137.33,130.625
JVASP-28576,49.51,30.59375
JVASP-19826,141.06,147.875
JVASP-78707,12.59,13.15625
JVASP-20079,286.47,264.25
JVASP-120829,56.36,53.71875
JVASP-19932,376.69,311.0
JVASP-30183,46.74,54.6875
JVASP-4252,13.79,15.390625
JVASP-25152,280.73,235.5
JVASP-8377,98.67,95.375
JVASP-120208,50.66,50.40625
JVASP-17959,175.76,177.625
JVASP-71803,168.1,179.125
JVASP-14783,113.31,113.5625
JVASP-74205,118.19,116.625
JVASP-10493,69.7,64.375
JVASP-39828,266.9,265.0
JVASP-66313,19.07,25.953125
JVASP-8548,74.0,73.125
JVASP-12770,117.8,112.375
JVASP-28959,6.44,3.3007812
JVASP-8029,172.23,151.25
JVASP-18499,194.08,193.0
JVASP-18686,148.8,152.375
JVASP-14519,100.21,82.5
JVASP-74218,223.2,196.25
JVASP-110558,61.66,54.84375
JVASP-9496,88.09,83.0
JVASP-30665,81.07,65.5625
JVASP-10686,77.89,89.1875
JVASP-111621,18.87,17.453125
JVASP-36500,22.67,24.484375
JVASP-25258,138.0,179.125
JVASP-37793,70.57,70.75
JVASP-19957,56.6,51.3125
JVASP-59667,202.0,201.25
JVASP-74763,25.07,22.765625
JVASP-8561,30.22,31.5625
JVASP-33932,47.33,40.65625
JVASP-10558,139.14,132.75
JVASP-15930,182.19,163.0
JVASP-8235,181.88,178.0
JVASP-10214,51.12,44.6875
JVASP-16215,129.86,119.375
JVASP-116345,226.27,217.375
JVASP-106486,167.71,196.5
JVASP-86502,154.33,184.875
JVASP-18823,70.11,67.375
JVASP-7785,20.8,20.65625
JVASP-94371,93.54,78.4375
JVASP-64981,125.97,128.25
JVASP-118524,26.56,30.515625
JVASP-69446,116.34,107.5625
JVASP-121071,24.28,20.6875
JVASP-12475,32.64,32.9375
JVASP-90435,96.49,95.8125
JVASP-92254,23.9,19.546875
JVASP-24272,142.44,129.375
JVASP-35775,94.54,92.625
JVASP-116837,70.22,58.9375
JVASP-115908,13.18,11.4296875
JVASP-22289,70.24,70.0
JVASP-25015,30.87,22.125
JVASP-57491,24.78,22.671875
JVASP-29958,48.28,38.15625
JVASP-118718,9.81,6.8867188
JVASP-75601,0.88,17.53125
JVASP-52514,66.46,57.65625
JVASP-52108,124.23,124.625
JVASP-17530,9.99,9.8828125
JVASP-115005,17.21,34.90625
JVASP-118101,42.8,39.75
JVASP-14738,205.1,178.875
JVASP-18318,37.8,41.375
JVASP-66724,170.93,131.875
JVASP-8562,41.91,47.84375
JVASP-33812,11.49,20.9375
JVASP-16721,125.93,125.3125
JVASP-29385,61.24,62.3125
JVASP-104145,24.71,45.6875
JVASP-37547,56.39,73.4375
JVASP-102198,20.21,20.9375
JVASP-21555,47.17,46.09375
JVASP-56304,27.51,26.734375
JVASP-48183,120.93,123.9375
JVASP-72730,46.33,45.09375
JVASP-15932,81.32,89.9375
JVASP-67144,101.73,107.125
JVASP-40868,103.37,108.4375
JVASP-36223,153.0,147.375
JVASP-90148,136.99,144.0
JVASP-20978,173.98,178.25
JVASP-29830,43.99,52.15625
JVASP-13067,26.93,36.09375
JVASP-8121,65.37,63.46875
JVASP-16587,236.63,259.0
JVASP-12956,19.68,20.25
JVASP-8650,69.96,62.34375
JVASP-13095,87.4,81.6875
JVASP-37134,32.6,38.71875
JVASP-94309,120.16,135.25
JVASP-114438,33.18,21.109375
JVASP-93451,22.3,13.5703125
JVASP-21582,77.38,89.125
JVASP-25123,55.87,60.6875
JVASP-9615,171.23,152.25
JVASP-14710,133.67,144.25
JVASP-30458,278.61,293.0
JVASP-95153,17.27,18.484375
JVASP-42104,46.63,50.21875
JVASP-97030,60.99,62.5
JVASP-118660,5.58,6.4453125
JVASP-120214,45.26,39.59375
JVASP-67163,44.34,45.5625
JVASP-4498,39.88,40.96875
JVASP-67034,124.51,135.75
JVASP-114449,30.16,28.25
JVASP-38049,29.07,29.5
JVASP-14895,74.4,81.375
JVASP-12977,26.12,33.3125
JVASP-113516,23.68,35.25
JVASP-93461,45.48,49.1875
JVASP-117974,26.09,21.75
JVASP-115341,182.57,182.375
JVASP-25083,76.83,78.9375
JVASP-10737,70.87,95.125
JVASP-78273,302.82,345.25
JVASP-1681,165.38,152.625
JVASP-30558,78.37,64.25
JVASP-96885,131.63,134.5
JVASP-118066,22.06,30.953125
JVASP-118314,65.18,66.875
JVASP-2133,43.84,44.40625
JVASP-29761,17.8,29.875
JVASP-20315,84.17,98.5
JVASP-17405,83.4,90.0625
JVASP-16810,57.49,53.46875
JVASP-29226,26.47,42.03125
JVASP-71413,0.0,24.4375
JVASP-20279,90.37,89.5625
JVASP-67988,39.1,35.15625
JVASP-9650,209.78,187.375
JVASP-12572,18.76,15.875
JVASP-35108,226.8,219.75
JVASP-119956,180.87,172.0
JVASP-7832,42.5,45.0
JVASP-30193,42.12,51.1875
JVASP-20257,226.66,237.0
JVASP-7994,63.34,60.3125
JVASP-15938,182.3,189.625
JVASP-20839,69.59,63.09375
JVASP-8734,28.06,26.078125
JVASP-44766,141.8,154.25
JVASP-91855,39.49,18.8125
JVASP-103115,43.8,42.0625
JVASP-92544,192.4,207.875
JVASP-15417,161.52,170.125
JVASP-31176,30.39,25.4375
JVASP-117730,49.67,35.59375
JVASP-103335,67.57,66.625
JVASP-36395,37.2,39.875
JVASP-118728,36.59,46.125
JVASP-48307,43.43,44.46875
JVASP-14756,72.03,75.125
JVASP-12778,20.82,15.53125
JVASP-4855,29.04,32.21875
JVASP-34435,25.38,26.890625
JVASP-9092,53.13,55.71875
JVASP-71131,59.91,47.3125
JVASP-10500,320.2,295.5
JVASP-20544,240.9,260.75
JVASP-100162,44.0,43.5
JVASP-114112,22.34,23.78125
JVASP-5335,34.99,45.53125
JVASP-67353,68.34,82.3125
JVASP-51238,18.1,25.234375
JVASP-105114,183.4,213.25
JVASP-39069,61.13,61.1875
JVASP-18765,86.5,81.0625
JVASP-21494,24.93,20.953125
JVASP-118424,12.98,19.46875
JVASP-49913,147.34,138.5
JVASP-74646,7.99,33.40625
JVASP-87207,44.37,30.0625
JVASP-100631,163.37,130.75
JVASP-13310,73.53,77.875
JVASP-17384,56.17,56.9375
JVASP-106714,48.17,45.1875
JVASP-37010,266.17,276.75
JVASP-121145,7.04,3.1699219
JVASP-15895,85.33,79.9375
JVASP-8249,193.53,208.625
JVASP-117909,53.21,60.625
JVASP-97037,81.11,83.75
JVASP-9885,102.22,100.75
JVASP-57800,81.0,71.6875
JVASP-31882,12.94,14.390625
JVASP-38187,5.72,6.65625
JVASP-15353,128.44,139.75
JVASP-17837,186.32,175.625
JVASP-8000,123.92,99.25
JVASP-14638,109.0,108.375
JVASP-10851,176.06,148.125
JVASP-29413,24.89,16.125
JVASP-93214,187.03,175.5
JVASP-1228,186.19,170.125
JVASP-14951,12.8,44.84375
JVASP-5599,60.21,43.90625
JVASP-15451,182.97,175.75
JVASP-19105,31.21,15.953125
JVASP-54813,142.34,135.375
JVASP-91215,173.63,161.875
JVASP-71940,258.33,212.125
JVASP-41452,113.9,113.625
JVASP-9240,106.37,104.1875
JVASP-40102,30.99,29.59375
JVASP-8346,32.13,27.0625
JVASP-14518,214.37,193.75
JVASP-8025,116.87,124.9375
JVASP-12788,57.67,57.15625
JVASP-9754,36.14,29.5625
JVASP-30113,83.22,82.25
JVASP-40205,61.83,54.3125
JVASP-1483,49.49,48.375
JVASP-38639,179.6,175.375
JVASP-118460,120.78,93.25
JVASP-11969,39.36,112.75
JVASP-67727,17.3,17.078125
JVASP-40516,269.6,247.0
JVASP-65157,150.13,114.5
JVASP-85928,21.43,25.5625
JVASP-24949,49.43,50.09375
JVASP-17482,134.8,126.0
JVASP-78338,262.33,240.75
JVASP-74063,218.7,139.625
JVASP-12359,50.3,35.8125
JVASP-8705,72.52,65.9375
JVASP-35162,129.28,119.875
JVASP-30493,56.84,52.125
JVASP-14900,232.24,214.375
JVASP-179,17.91,19.140625
JVASP-114972,-1.07,2.3085938
JVASP-24927,76.77,70.4375
JVASP-18846,77.77,72.5
JVASP-94925,79.36,61.25
JVASP-30118,102.73,92.8125
JVASP-100620,112.23,100.5
JVASP-16864,68.44,61.96875
JVASP-12695,82.5,56.78125
JVASP-16426,71.04,62.75
JVASP-100178,74.87,75.75
JVASP-3252,111.22,123.0
JVASP-8540,21.03,17.359375
JVASP-18271,87.23,79.9375
JVASP-70984,0.0,3.578125
JVASP-13350,118.93,98.0625
JVASP-7719,100.32,99.0625
JVASP-20086,282.73,277.5
JVASP-68676,62.11,58.6875
JVASP-37932,23.5,22.34375
JVASP-120337,25.71,17.328125
JVASP-21795,80.33,79.375
JVASP-117470,82.19,67.5
JVASP-335,34.34,41.625
JVASP-18855,73.8,79.9375
JVASP-11488,80.04,85.25
JVASP-114632,36.49,43.40625
JVASP-70297,44.4,39.75
JVASP-65409,49.39,51.84375
JVASP-102854,29.32,33.875
JVASP-20587,84.86,75.1875
JVASP-15624,147.19,140.75
JVASP-85701,19.46,17.4375
JVASP-10255,136.28,138.0
JVASP-14829,262.33,244.5
JVASP-117527,12.57,9.625
JVASP-114028,83.09,80.9375
JVASP-20210,296.79,249.25
JVASP-15602,83.18,78.6875
JVASP-110428,95.97,86.3125
JVASP-98484,171.03,160.75
JVASP-56446,52.18,44.09375
JVASP-25108,59.81,49.90625
JVASP-4038,21.49,22.0
JVASP-57245,83.69,68.75
JVASP-1540,186.72,173.125
JVASP-17263,92.07,84.625
JVASP-41194,172.0,150.75
JVASP-116369,16.4,14.34375
JVASP-114338,200.58,231.0
JVASP-71169,222.8,210.875
JVASP-94889,97.54,84.375
JVASP-17777,63.39,66.5
JVASP-8163,85.16,82.875
JVASP-93251,79.47,75.875
JVASP-1510,28.94,30.28125
JVASP-40619,154.6,140.625
JVASP-114058,10.51,10.5625
JVASP-109371,56.5,48.46875
JVASP-69122,51.09,51.34375
JVASP-1912,121.86,133.25
JVASP-37075,33.41,31.390625
JVASP-117846,14.87,16.0
JVASP-12741,30.18,22.875
JVASP-36291,290.52,302.25
JVASP-14603,52.87,41.3125
JVASP-12017,42.03,45.875
JVASP-75760,0.88,5.6171875
JVASP-14511,83.77,74.5
JVASP-10594,83.2,81.5625
JVASP-1654,42.77,46.21875
JVASP-24447,16.64,10.9609375
JVASP-109058,54.31,64.0625
JVASP-99961,177.83,181.25
JVASP-13354,58.86,73.0
JVASP-78858,58.18,60.5625
JVASP-47709,60.77,58.78125
JVASP-35118,90.32,87.4375
JVASP-7127,21.39,18.265625
JVASP-17187,123.16,96.3125
JVASP-90489,32.43,25.546875
JVASP-101143,50.24,40.3125
JVASP-106064,80.67,72.1875
JVASP-21601,211.11,185.75
JVASP-93704,60.66,41.40625
JVASP-110382,20.93,13.5859375
JVASP-85508,27.1,26.828125
JVASP-74055,240.98,212.25
JVASP-41690,223.77,195.625
JVASP-93323,19.7,29.25
JVASP-35066,46.94,39.5625
JVASP-36535,271.5,305.25
JVASP-110451,18.43,17.578125
JVASP-93682,42.24,41.5625
JVASP-37473,21.82,26.234375
JVASP-1387,49.83,44.9375
JVASP-8733,31.29,28.875
JVASP-16065,99.94,110.625
JVASP-17915,0.0,245.5
JVASP-14309,63.86,66.625
JVASP-22725,227.9,187.125
JVASP-40839,149.37,109.9375
JVASP-99721,42.97,37.375
JVASP-86907,0.0,126.6875
JVASP-8702,63.23,58.46875
JVASP-8028,125.41,133.0
JVASP-75518,0.19,97.6875
JVASP-71924,189.02,175.875
JVASP-66363,23.27,21.546875
JVASP-115790,147.5,152.75
JVASP-106268,42.41,41.3125
JVASP-37387,60.7,62.28125
JVASP-74557,81.68,79.8125
JVASP-8026,185.67,189.0
JVASP-103329,23.83,55.0625
JVASP-115424,57.31,51.25
JVASP-30638,122.98,109.875
JVASP-12240,96.88,81.375
JVASP-10095,159.04,171.625
JVASP-118488,117.08,122.125
JVASP-41,39.41,34.15625
JVASP-46152,177.38,180.625
JVASP-65449,44.72,46.78125
JVASP-75468,234.37,16.4375
JVASP-28811,35.5,26.203125
JVASP-8021,160.81,137.5
JVASP-117743,76.46,74.5
JVASP-92677,117.99,118.8125
JVASP-86887,44.03,47.34375
JVASP-28816,48.73,18.03125
JVASP-101439,122.73,188.375
JVASP-105707,3.2,7.40625
JVASP-40809,178.27,168.375
JVASP-9801,113.47,106.3125
JVASP-18731,353.09,326.0
JVASP-115792,146.53,159.875
JVASP-66038,22.47,23.09375
JVASP-118070,17.03,20.90625
JVASP-90865,77.04,80.6875
JVASP-110261,249.17,260.25
JVASP-5308,57.57,68.4375
JVASP-85795,31.73,34.6875
JVASP-114479,55.47,65.25
JVASP-99841,-0.2,4.890625
JVASP-7744,77.21,94.875
JVASP-117875,10.19,11.1015625
JVASP-19690,53.13,53.0
JVASP-51342,114.96,101.6875
JVASP-1474,59.23,55.46875
JVASP-16682,82.08,84.8125
JVASP-70251,52.11,88.1875
JVASP-29090,37.17,30.609375
JVASP-37103,114.23,107.75
JVASP-14262,89.24,87.625
JVASP-14276,4.31,0.13232422
JVASP-56816,27.24,25.515625
JVASP-67860,38.68,26.234375
JVASP-3945,41.77,35.53125
JVASP-75781,0.14,161.625
JVASP-21666,139.72,156.25
JVASP-70127,110.19,101.9375
JVASP-29212,34.04,19.375
JVASP-20164,125.54,133.0
JVASP-88799,71.09,61.6875
JVASP-92593,194.27,204.5
JVASP-117472,179.28,205.875
JVASP-85570,25.59,28.421875
JVASP-1636,54.5,41.03125
JVASP-11170,20.52,21.859375
JVASP-79086,106.13,101.1875
JVASP-114132,42.28,40.625
JVASP-68926,187.86,171.875
JVASP-120301,-3.67,-3.1875
JVASP-50811,96.81,104.875
JVASP-30626,79.27,73.6875
JVASP-70369,132.97,121.9375
JVASP-20746,60.83,54.90625
JVASP-16917,79.38,76.3125
JVASP-78784,32.97,40.03125
JVASP-31934,9.24,17.6875
JVASP-115578,51.09,45.03125
JVASP-90617,253.4,235.125
JVASP-36273,89.82,86.875
JVASP-17213,62.63,73.375
JVASP-64184,13.53,14.6953125
JVASP-39635,129.6,133.125
JVASP-118042,15.64,21.9375
JVASP-39911,75.17,85.3125
JVASP-16266,72.23,80.5625
JVASP-5284,44.24,39.71875
JVASP-107548,55.61,50.75
JVASP-17319,34.7,35.5
JVASP-28764,41.19,41.09375
JVASP-16720,54.5,59.84375
JVASP-100046,149.19,128.375
JVASP-86560,13.36,12.375
JVASP-118390,71.11,72.0
JVASP-24305,17.82,18.640625
JVASP-65649,9.98,11.7578125
JVASP-52189,150.24,133.0
JVASP-114957,5.39,8.8671875
JVASP-90125,190.87,183.25
JVASP-12378,95.79,94.9375
JVASP-15397,210.83,206.0
JVASP-35026,201.18,188.875
JVASP-40779,122.87,124.625
JVASP-80100,192.77,203.625
JVASP-31174,31.33,27.453125
JVASP-36398,150.51,147.0
JVASP-40035,199.13,180.375
JVASP-39779,108.13,113.5
JVASP-71049,82.56,86.0625
JVASP-117889,58.33,53.84375
JVASP-30604,78.67,65.875
JVASP-8354,53.73,45.375
JVASP-41004,54.2,57.03125
JVASP-110335,47.13,53.25
JVASP-7987,32.44,23.234375
JVASP-67202,79.34,79.75
JVASP-114538,27.07,17.3125
JVASP-102172,116.36,113.125
JVASP-68549,96.41,95.3125
JVASP-18136,79.3,81.375
JVASP-29913,58.59,51.8125
JVASP-100859,210.82,190.875
JVASP-14641,250.33,268.75
JVASP-100170,163.58,174.25
JVASP-4370,62.02,52.71875
JVASP-71028,68.1,65.4375
JVASP-21495,81.54,79.0625
JVASP-92216,54.51,49.34375
JVASP-36025,301.41,297.0
JVASP-106617,29.59,33.375
JVASP-99996,132.5,129.875
JVASP-103257,0.0,94.625
JVASP-17473,229.57,171.625
JVASP-12753,83.39,80.9375
JVASP-68763,59.44,61.875
JVASP-118686,22.87,21.921875
JVASP-65685,16.53,12.7265625
JVASP-93412,45.43,53.125
JVASP-18152,101.77,104.9375
JVASP-8510,141.87,146.75
JVASP-74456,38.37,35.59375
JVASP-93287,24.39,24.40625
JVASP-36514,27.97,22.171875
JVASP-50214,89.3,83.8125
JVASP-33885,41.7,29.671875
JVASP-74545,133.23,136.625
JVASP-95009,52.19,51.25
JVASP-10019,26.5,25.5625
JVASP-42110,102.6,109.625
JVASP-113981,95.21,117.6875
JVASP-1360,86.2,87.4375
JVASP-100665,37.89,30.9375
JVASP-108703,57.93,61.1875
JVASP-4385,68.41,69.875
JVASP-70233,99.07,102.875
JVASP-108170,4.07,-7.109375
JVASP-114262,-0.43,-1.8583984
JVASP-120819,11.37,8.078125
JVASP-50095,0.37,110.875
JVASP-12889,38.44,31.4375
JVASP-14694,68.9,64.375
JVASP-74186,147.69,134.625
JVASP-15681,76.68,74.1875
JVASP-20467,61.87,59.96875
JVASP-21567,289.19,313.5
JVASP-46741,110.92,110.75
JVASP-15697,87.28,88.875
JVASP-17386,37.13,66.125
JVASP-14501,0.0,135.25
JVASP-8708,85.87,88.5625
JVASP-121292,24.04,21.21875
JVASP-71040,88.17,87.0
JVASP-65667,26.83,33.25
JVASP-91221,84.28,84.625
JVASP-38905,57.03,44.375
JVASP-99834,41.43,41.96875
JVASP-72530,127.94,139.0
JVASP-61252,149.58,148.5
JVASP-40818,104.83,92.8125
JVASP-57246,111.0,112.3125
JVASP-15632,133.23,145.125
JVASP-38033,53.36,50.40625
JVASP-109981,7.09,-0.2824707
JVASP-99993,13.28,135.125
JVASP-118849,30.86,35.78125
JVASP-107998,48.69,83.6875
JVASP-113642,31.43,29.6875
JVASP-118790,45.52,47.625
JVASP-12142,21.77,15.5859375
JVASP-11785,84.54,100.3125
JVASP-113964,81.19,71.5625
JVASP-36531,192.53,215.625
JVASP-36846,32.31,38.15625
JVASP-13312,193.86,193.0
JVASP-103321,60.54,64.6875
JVASP-25786,80.11,67.5625
JVASP-71536,51.61,38.03125
JVASP-92554,18.51,14.4296875
JVASP-122999,109.43,92.3125
JVASP-67601,59.93,51.0625
JVASP-39111,78.17,79.125
JVASP-37616,189.83,221.375
JVASP-67814,66.74,66.375
JVASP-8049,49.23,47.59375
JVASP-7905,79.3,84.1875
JVASP-37770,128.17,131.875
JVASP-2559,41.87,45.6875
JVASP-28435,59.34,62.96875
JVASP-104766,188.64,209.5
JVASP-8649,192.38,145.25
JVASP-65684,7.52,2.734375
JVASP-115558,10.36,7.90625
JVASP-85521,132.62,132.375
JVASP-10726,27.46,24.75
JVASP-25080,45.23,43.34375
JVASP-57796,52.37,55.6875
JVASP-99540,47.51,63.96875
JVASP-69582,37.91,29.859375
JVASP-5146,35.6,29.328125
JVASP-18817,27.13,25.46875
JVASP-105113,105.13,103.5625
JVASP-28523,34.59,14.578125
JVASP-49776,54.79,53.21875
JVASP-41886,129.7,127.75
JVASP-19910,221.41,234.75
JVASP-86101,81.49,94.625
JVASP-20593,272.17,295.5
JVASP-7918,143.68,146.0
JVASP-15951,222.43,222.5
JVASP-114461,61.93,65.875
JVASP-110885,52.04,55.375
JVASP-12277,97.66,104.1875
JVASP-36463,30.8,28.15625
JVASP-105254,17.68,22.0625
JVASP-9117,154.93,162.25
JVASP-44705,117.11,126.25
JVASP-28657,36.3,29.125
JVASP-10179,150.68,161.25
JVASP-18526,35.16,36.28125
JVASP-57518,76.54,77.75
JVASP-115828,40.68,44.34375
JVASP-71909,172.01,183.5
JVASP-53341,81.19,77.6875
JVASP-4143,40.37,42.6875
JVASP-65192,140.1,151.75
JVASP-20440,104.82,102.25
JVASP-21199,57.5,55.53125
JVASP-25322,45.8,35.53125
JVASP-3924,65.88,64.4375
JVASP-115818,-2.42,-2.15625
JVASP-25321,193.92,177.625
JVASP-116256,65.32,64.125
JVASP-118069,49.32,42.125
JVASP-117485,204.88,190.875
JVASP-69715,61.86,102.625
JVASP-17347,77.3,203.0
JVASP-122955,177.8,202.0
JVASP-118703,60.97,57.3125
JVASP-53297,164.24,176.5
JVASP-118449,85.4,70.0625
JVASP-95427,34.8,32.03125
JVASP-74034,112.1,109.0625
JVASP-65551,82.32,25.6875
JVASP-10126,17.27,11.65625
JVASP-542,58.59,55.125
JVASP-3741,34.19,16.953125
JVASP-41153,163.37,174.125
JVASP-50884,120.11,130.625
JVASP-7817,199.77,188.875
JVASP-21536,40.01,30.078125
JVASP-578,52.16,48.25
JVASP-8806,51.3,41.71875
JVASP-13305,158.04,181.25
JVASP-54443,42.39,55.71875
JVASP-243,32.47,50.75
JVASP-120818,24.51,18.09375
JVASP-4376,145.82,162.875
JVASP-15484,144.57,143.625
JVASP-49923,127.38,127.4375
JVASP-15030,285.74,271.5
JVASP-8774,62.2,63.46875
JVASP-16536,116.26,114.5625
JVASP-17673,149.53,155.5
JVASP-117100,30.78,25.765625
JVASP-35531,51.96,52.09375
JVASP-69349,33.41,26.390625
JVASP-9247,106.52,97.125
JVASP-2397,82.9,81.625
JVASP-52138,48.67,54.15625
JVASP-18457,281.33,270.25
JVASP-114698,79.79,80.1875
JVASP-20653,63.52,51.65625
JVASP-19893,68.13,66.375
JVASP-19706,130.04,123.5
JVASP-103226,164.73,39.40625
JVASP-11550,75.1,77.875
JVASP-10482,96.91,90.8125
JVASP-8582,49.7,39.875
JVASP-116035,56.49,58.65625
JVASP-10746,106.43,82.1875
JVASP-106887,69.62,54.28125
JVASP-10116,75.63,84.875
JVASP-42012,470.81,175.125
JVASP-29727,39.16,41.0
JVASP-70463,113.78,114.6875
JVASP-12069,47.86,54.96875
JVASP-116146,13.21,12.890625
JVASP-12448,34.3,33.03125
JVASP-114103,44.42,30.609375
JVASP-111242,22.98,19.1875
JVASP-25124,68.98,77.6875
JVASP-28366,37.12,28.890625
JVASP-70621,121.0,117.6875
JVASP-14744,394.49,384.25
JVASP-29163,4.02,4.7617188
JVASP-65744,69.26,35.53125
JVASP-54934,66.67,71.875
JVASP-71585,15.07,13.84375
JVASP-74287,78.2,70.6875
JVASP-36115,47.97,39.78125
JVASP-25273,27.8,17.921875
JVASP-17513,82.97,91.4375
JVASP-93783,57.07,62.03125
JVASP-15322,156.5,165.375
JVASP-37300,66.77,71.4375
JVASP-12334,52.7,50.71875
JVASP-85684,36.69,32.53125
JVASP-54704,91.64,96.375
JVASP-18116,127.12,130.125
JVASP-67744,101.51,95.1875
JVASP-40508,30.05,237.125
JVASP-46516,82.53,84.625
JVASP-10731,132.43,124.5625
JVASP-71151,0.0,150.0
JVASP-36180,69.7,66.25
JVASP-2436,30.0,31.828125
JVASP-118435,21.98,17.359375
JVASP-37381,92.07,96.25
JVASP-71170,0.11,18.75
JVASP-68446,109.91,103.125
JVASP-107740,37.53,33.90625
JVASP-14983,83.3,99.0
JVASP-90719,48.2,74.625
JVASP-7900,81.72,89.375
JVASP-50046,87.79,100.125
JVASP-17902,88.12,96.375
JVASP-70784,0.0,80.25
JVASP-8503,44.0,41.09375
JVASP-71761,88.22,81.5625
JVASP-18289,201.1,208.0
JVASP-10185,37.47,33.34375
JVASP-106382,180.36,202.875
JVASP-115081,1.08,29.796875
JVASP-9883,46.38,66.5625
JVASP-12038,110.66,98.375
JVASP-105980,143.5,152.375
JVASP-114821,50.3,48.40625
JVASP-20218,29.12,30.359375
JVASP-9763,134.33,127.75
JVASP-111638,47.83,44.5625
JVASP-9427,177.79,192.5
JVASP-74262,136.43,145.875
JVASP-114153,39.34,38.78125
JVASP-17413,135.59,122.0
JVASP-17834,53.23,49.34375
JVASP-57571,31.34,27.78125
JVASP-14846,17.17,13.296875
JVASP-7821,240.91,254.125
JVASP-5083,36.79,40.0625
JVASP-15046,188.67,170.0
JVASP-35730,135.27,113.375
JVASP-17771,51.87,50.34375
JVASP-13315,15.36,15.703125
JVASP-4696,45.46,36.5
JVASP-25390,3.09,2.4472656
JVASP-105711,13.26,12.9921875
JVASP-65586,12.34,14.25
JVASP-16046,175.43,153.25
JVASP-9538,76.76,108.0625
JVASP-109951,160.37,143.0
JVASP-93895,212.1,188.875
JVASP-18380,69.97,68.0625
JVASP-74056,0.0,126.6875
JVASP-79581,43.06,36.9375
JVASP-75593,28.77,49.5
JVASP-12442,85.67,89.375
JVASP-8810,195.99,178.875
JVASP-50461,94.51,91.5625
JVASP-38795,104.47,98.375
JVASP-75831,115.2,31.484375
JVASP-67818,102.51,78.5
JVASP-8514,18.0,13.2265625
JVASP-21060,52.12,48.15625
JVASP-18170,116.9,116.8125
JVASP-36515,30.57,27.5
JVASP-68807,46.67,53.40625
JVASP-36148,191.96,163.875
JVASP-35501,55.09,47.90625
JVASP-29129,2.68,4.1601562
JVASP-121148,42.77,45.40625
JVASP-13916,27.97,22.125
JVASP-8191,26.16,25.0625
JVASP-94926,73.71,79.4375
JVASP-100001,143.89,132.5
JVASP-16614,187.34,192.25
JVASP-12188,30.16,30.875
JVASP-4705,92.59,80.4375
JVASP-86325,141.8,154.0
JVASP-5215,32.21,29.265625
JVASP-13888,112.02,125.25
JVASP-8097,105.68,109.0625
JVASP-9382,60.84,61.03125
JVASP-120192,10.66,7.1835938
JVASP-15326,46.5,41.0
JVASP-20897,98.57,84.75
JVASP-42911,96.06,93.375
JVASP-103135,225.39,252.75
JVASP-18760,154.17,142.0
JVASP-1645,113.48,120.3125
JVASP-11164,51.4,40.5
JVASP-7781,37.09,37.28125
JVASP-37378,110.97,119.125
JVASP-17641,55.04,50.3125
JVASP-35106,193.47,200.25
JVASP-8511,292.8,291.5
JVASP-14196,52.24,49.09375
JVASP-40424,168.43,150.375
JVASP-10725,30.09,30.921875
JVASP-30609,36.3,37.40625
JVASP-121006,7.5,21.609375
JVASP-34268,40.47,48.59375
JVASP-15056,76.0,69.1875
JVASP-41471,98.17,97.0625
JVASP-69370,64.23,63.65625
JVASP-70960,0.0,-6.0273438
JVASP-118934,58.84,54.28125
JVASP-28676,44.8,20.59375
JVASP-73931,0.0,131.75
JVASP-78634,27.98,26.765625
JVASP-56047,22.62,23.3125
JVASP-48724,151.1,129.0
JVASP-75854,1.22,11.90625
JVASP-78672,366.73,364.0
JVASP-10102,140.42,146.0
JVASP-12162,13.12,12.2421875
JVASP-115287,37.97,37.40625
JVASP-1531,47.72,46.375
JVASP-39420,144.61,147.125
JVASP-71729,148.86,127.6875
JVASP-35927,37.48,37.59375
JVASP-65398,59.96,63.21875
JVASP-28751,40.94,35.25
JVASP-20297,173.36,186.75
JVASP-51683,16.89,19.1875
JVASP-67864,24.08,17.796875
JVASP-9998,126.64,124.75
JVASP-53106,24.4,19.359375
JVASP-25105,14.17,12.7109375
JVASP-10545,17.76,11.296875
JVASP-22527,38.53,33.125
JVASP-92557,168.14,153.625
JVASP-114047,23.94,23.109375
JVASP-15944,196.17,184.625
JVASP-16591,162.97,141.0
JVASP-74720,67.03,60.96875
JVASP-5365,11.46,13.1875
JVASP-67722,168.37,148.0
JVASP-39109,120.6,108.8125
JVASP-7681,166.76,166.5
JVASP-54542,92.12,90.125
JVASP-18171,82.36,73.125
JVASP-17301,30.99,19.1875
JVASP-20540,195.63,198.625
JVASP-19086,38.11,37.40625
JVASP-14159,141.74,118.25
JVASP-49931,186.64,164.0
JVASP-12506,112.39,98.25
JVASP-115236,132.03,122.0625
JVASP-28457,21.64,25.328125
JVASP-41603,254.73,244.375
JVASP-18646,35.2,31.875
JVASP-25634,102.69,107.125
JVASP-35187,179.73,146.75
JVASP-15585,132.76,125.25
JVASP-116499,130.34,115.8125
JVASP-106257,37.05,36.1875
JVASP-63844,212.7,217.875
JVASP-11807,75.22,74.6875
JVASP-3138,60.78,63.75
JVASP-19954,76.8,79.875
JVASP-24907,68.39,61.40625
JVASP-39471,332.42,318.5
JVASP-65211,20.77,21.90625
JVASP-8432,48.59,49.5
JVASP-110562,25.02,9.7265625
JVASP-35141,183.53,200.25
JVASP-29482,35.78,35.53125
JVASP-68237,128.47,124.5625
JVASP-23862,27.67,20.65625
JVASP-42076,178.0,178.5
JVASP-15801,32.98,27.6875
JVASP-74920,157.3,109.0
JVASP-15568,142.66,137.0
JVASP-37086,76.73,82.875
JVASP-18082,112.1,113.5
JVASP-2077,50.46,43.875
JVASP-114502,89.68,84.4375
JVASP-52253,80.9,83.875
JVASP-115203,30.44,13.9140625
JVASP-101389,26.07,17.734375
JVASP-110117,127.44,130.5
JVASP-5101,41.16,38.34375
JVASP-10699,115.5,123.3125
JVASP-22748,81.76,72.3125
JVASP-38115,44.17,46.34375
JVASP-28509,28.76,13.1328125
JVASP-36382,32.93,28.296875
JVASP-14909,54.51,51.84375
JVASP-16664,42.16,39.1875
JVASP-10703,46.77,42.9375
JVASP-16339,70.33,58.4375
JVASP-20970,32.01,25.96875
JVASP-75611,130.43,113.25
JVASP-113692,196.33,200.5
JVASP-33859,2.99,-1.4462891
JVASP-36491,41.0,39.65625
JVASP-14605,35.61,31.90625
JVASP-12605,128.67,105.75
JVASP-73875,124.27,121.5625
JVASP-115465,38.01,36.53125
JVASP-18300,228.53,234.375
JVASP-116791,97.08,92.6875
JVASP-42124,76.07,70.8125
JVASP-37335,40.77,38.65625
JVASP-8143,38.19,28.71875
JVASP-44723,110.67,107.5625
JVASP-85040,21.4,19.375
JVASP-38839,138.87,143.75
JVASP-71046,193.86,174.375
JVASP-93329,264.2,281.75
JVASP-50168,24.52,23.390625
JVASP-14648,141.4,142.0
JVASP-100510,108.73,103.8125
JVASP-69296,37.8,27.21875
JVASP-68406,34.73,38.40625
JVASP-70879,78.0,71.0
JVASP-67604,198.89,188.75
JVASP-14504,203.83,205.875
JVASP-33818,11.57,6.1445312
JVASP-2952,62.37,68.0
JVASP-7665,39.07,33.5
JVASP-8334,133.3,98.375
JVASP-16442,76.33,70.5625
JVASP-71760,151.98,139.5
JVASP-120341,22.47,37.6875
JVASP-110540,187.52,201.375
JVASP-118014,38.08,33.375
JVASP-111006,41.13,35.625
JVASP-10580,72.13,62.46875
JVASP-68342,44.2,28.34375
JVASP-35259,45.53,42.5
JVASP-36391,147.97,150.125
JVASP-53146,22.89,19.328125
JVASP-21274,120.69,107.375
JVASP-14175,37.09,30.515625
JVASP-70141,169.5,163.0
JVASP-117457,13.73,12.5859375
JVASP-28638,29.91,6.8515625
JVASP-29798,107.99,78.0625
JVASP-1504,151.57,144.5
JVASP-90836,118.06,99.5
JVASP-9806,113.83,107.375
JVASP-69136,17.28,14.53125
JVASP-39486,193.37,180.625
JVASP-103210,41.43,38.5625
JVASP-14934,69.73,53.84375
JVASP-54759,31.39,33.03125
JVASP-14706,89.8,99.25
JVASP-93459,106.32,91.875
JVASP-16806,22.4,21.078125
JVASP-115147,34.54,26.078125
JVASP-8369,66.42,66.625
JVASP-79029,6.56,0.0038871765
JVASP-2724,66.42,63.4375
JVASP-14985,92.13,87.875
JVASP-115345,76.48,67.9375
JVASP-30471,57.38,52.8125
JVASP-64883,204.67,208.875
JVASP-39072,113.07,114.0
JVASP-42084,157.13,142.875
JVASP-10874,68.69,63.9375
JVASP-118107,97.66,79.375
JVASP-86701,102.11,74.0625
JVASP-195,59.67,43.1875
JVASP-3627,42.74,40.5625
JVASP-20480,218.16,223.25
JVASP-15705,56.84,48.59375
JVASP-68295,119.32,125.375
JVASP-118110,78.54,69.625
JVASP-69364,22.96,12.5234375
JVASP-74962,29.88,131.75
JVASP-12614,125.01,114.125
JVASP-15611,228.16,211.625
JVASP-10671,163.87,162.625
JVASP-116217,77.14,89.6875
JVASP-8039,274.02,290.25
JVASP-118226,89.08,95.5625
JVASP-4891,17.78,11.0
JVASP-29861,68.78,79.0
JVASP-10577,68.6,67.4375
JVASP-20532,121.53,121.25
JVASP-58368,205.8,207.0
JVASP-18585,84.53,83.0
JVASP-2142,147.66,132.875
JVASP-1270,20.73,16.890625
JVASP-93368,248.43,220.75
JVASP-75836,120.13,97.0625
JVASP-17540,148.93,155.25
JVASP-67010,138.3,128.0
JVASP-15403,129.23,130.5
JVASP-8108,91.43,94.25
JVASP-14853,45.08,41.96875
JVASP-67749,99.42,87.875
JVASP-49833,21.84,16.375
JVASP-87076,58.6,65.375
JVASP-36830,76.7,87.0
JVASP-79248,92.04,101.125
JVASP-70135,37.22,39.375
JVASP-23502,196.66,203.375
JVASP-16305,11.23,14.015625
JVASP-118229,39.84,38.9375
JVASP-18828,95.63,97.75
JVASP-103106,123.29,121.875
JVASP-4367,84.44,67.625
JVASP-20586,124.96,131.5
JVASP-25230,32.04,34.15625
JVASP-70318,177.52,157.125
JVASP-114099,19.86,17.96875
JVASP-38272,24.87,24.515625
JVASP-114179,56.63,54.0
JVASP-93905,143.84,154.375
JVASP-35157,24.4,27.09375
JVASP-15232,151.02,138.375
JVASP-22950,124.54,133.125
JVASP-29666,26.2,19.9375
JVASP-120970,-14.03,39.6875
JVASP-39459,146.36,137.375
JVASP-11523,79.23,57.3125
JVASP-56358,13.7,31.203125
JVASP-14887,145.61,150.25
JVASP-71832,133.43,149.0
JVASP-50058,200.13,191.75
JVASP-10167,75.81,83.25
JVASP-120010,38.79,49.5625
JVASP-17647,92.81,94.375
JVASP-56468,40.0,29.8125
JVASP-74563,101.88,37.28125
JVASP-21879,38.12,43.9375
JVASP-20647,72.77,65.25
JVASP-78914,105.79,87.25
JVASP-15894,134.43,152.125
JVASP-76200,13.07,10.7265625
JVASP-100298,51.36,52.5625
JVASP-10192,35.36,30.640625
JVASP-42891,109.53,110.8125
JVASP-113423,57.57,66.5625
JVASP-103229,11.61,10.59375
JVASP-74501,68.53,63.1875
JVASP-113581,59.82,63.90625
JVASP-93708,70.27,60.84375
JVASP-15856,64.2,72.8125
JVASP-18373,46.87,55.59375
JVASP-15364,136.9,142.125
JVASP-120918,68.22,80.9375
JVASP-35342,202.56,200.0
JVASP-9741,176.59,184.75
JVASP-14725,150.84,147.25
JVASP-72790,155.9,164.625
JVASP-7673,137.97,135.375
JVASP-94278,49.22,47.84375
JVASP-116273,13.92,23.515625
JVASP-71466,0.0,18.875
JVASP-8506,32.21,26.46875
JVASP-117912,345.27,366.75
JVASP-11053,148.21,150.875
JVASP-65002,154.6,155.5
JVASP-19964,214.73,214.875
JVASP-14757,13.8,11.5625
JVASP-39819,204.53,184.875
JVASP-37164,40.06,40.40625
JVASP-8110,128.17,125.0
JVASP-118645,165.99,141.25
JVASP-28512,25.24,14.3828125
JVASP-41453,211.53,211.75
JVASP-115100,44.56,47.59375
JVASP-21459,101.91,90.0625
JVASP-1936,20.2,20.6875
JVASP-38375,63.19,66.0
JVASP-9291,102.64,97.75
JVASP-120361,16.52,14.03125
JVASP-114813,23.9,18.34375
JVASP-57435,161.98,158.0
JVASP-12501,37.58,36.625
JVASP-15021,69.5,65.0625
JVASP-85705,97.7,101.9375
JVASP-107331,39.04,40.5625
JVASP-16139,185.84,191.125
JVASP-118641,8.68,5.7070312
JVASP-59671,108.02,101.3125
JVASP-11324,152.74,143.625
JVASP-20965,158.57,164.625
JVASP-22520,25.41,36.0625
JVASP-14687,53.1,54.21875
JVASP-21537,0.0,105.75
JVASP-14610,262.17,262.5
JVASP-17432,55.03,50.21875
JVASP-35696,135.23,125.375
JVASP-11616,72.89,81.5
JVASP-28519,58.96,50.5
JVASP-19708,201.57,207.125
JVASP-93254,37.87,35.0
JVASP-118131,51.78,55.53125
JVASP-43484,27.49,23.46875
JVASP-100219,41.37,42.09375
JVASP-21600,192.6,193.625
JVASP-29788,95.87,108.3125
JVASP-15612,117.71,129.875
JVASP-65521,83.12,35.75
JVASP-68046,23.76,25.34375
JVASP-17994,36.88,33.9375
JVASP-74200,152.73,146.5
JVASP-17162,46.94,43.4375
JVASP-115145,17.18,10.6875
JVASP-41454,103.47,114.5625
JVASP-4152,138.7,146.625
JVASP-111847,120.99,111.6875
JVASP-18997,224.1,232.125
JVASP-13401,7.99,9.4375
JVASP-12164,13.42,14.265625
JVASP-39199,8.1,8.953125
JVASP-118453,53.34,47.71875
JVASP-71547,63.81,63.71875
JVASP-36293,67.5,75.375
JVASP-85112,4.48,15.2734375
JVASP-14904,88.87,91.125
JVASP-117463,18.52,25.8125
JVASP-19821,155.42,173.0
JVASP-30621,36.5,51.5625
JVASP-88076,58.1,80.25
JVASP-115689,41.58,30.328125
JVASP-117492,53.57,52.21875
JVASP-118803,14.5,18.046875
JVASP-28851,1.97,2.4316406
JVASP-4861,54.43,62.90625
JVASP-35488,107.63,98.5
JVASP-9583,76.68,83.0625
JVASP-14266,51.76,50.21875
JVASP-18239,0.91,71.1875
JVASP-36804,86.91,87.6875
JVASP-19929,60.77,63.4375
JVASP-92801,103.6,92.875
JVASP-16337,127.77,118.5
JVASP-37858,202.73,213.625
JVASP-78946,128.16,133.125
JVASP-71998,160.08,141.75
JVASP-67630,101.19,107.0
JVASP-34657,30.8,29.15625
JVASP-41154,24.7,19.65625
JVASP-17534,91.38,85.875
JVASP-18101,74.51,77.875
JVASP-15752,53.04,58.875
JVASP-31719,57.79,55.375
JVASP-114024,89.47,90.5
JVASP-29057,2.19,1.7255859
JVASP-17830,71.97,74.9375
JVASP-8197,137.86,142.875
JVASP-65542,89.2,90.0
JVASP-19981,253.93,243.75
JVASP-111773,26.47,25.421875
JVASP-116254,36.29,42.15625
JVASP-36671,99.41,95.875
JVASP-18815,43.6,54.9375
JVASP-40840,139.27,138.5
JVASP-9130,136.43,154.0
JVASP-17624,134.42,112.0
JVASP-37096,305.62,342.0
JVASP-38197,64.43,73.0625
JVASP-65648,49.9,50.5
JVASP-91932,85.99,97.375
JVASP-75655,140.87,142.125
JVASP-2226,109.64,122.625
JVASP-70845,190.07,170.125
JVASP-71029,93.0,83.5
JVASP-36504,20.07,17.125
JVASP-93278,155.79,171.125
JVASP-36408,123.83,124.6875
JVASP-37014,32.07,31.5625
JVASP-30472,55.74,45.59375
JVASP-8681,153.94,139.625
JVASP-43549,63.64,59.53125
JVASP-55226,82.39,83.1875
JVASP-92591,114.38,110.25
JVASP-75683,179.17,124.3125
JVASP-67628,43.91,39.46875
JVASP-114484,207.54,230.0
JVASP-75461,0.19,59.46875
JVASP-32154,33.66,17.46875
JVASP-19933,51.69,59.03125
JVASP-94990,49.44,52.125
JVASP-101289,156.02,155.5
JVASP-186,43.12,67.125
JVASP-91752,339.54,358.75
JVASP-40510,87.63,97.4375
JVASP-65395,34.71,26.859375
JVASP-281,48.66,54.0625
JVASP-3492,19.49,21.125
JVASP-10963,83.0,78.6875
JVASP-5053,31.47,35.71875
JVASP-35193,93.4,93.9375
JVASP-99752,9.89,9.4921875
JVASP-117599,40.49,42.0
JVASP-41867,88.03,83.25
JVASP-15913,81.27,83.25
JVASP-48228,191.42,204.25
JVASP-12536,19.29,16.1875
JVASP-54753,14.27,12.6640625
JVASP-96839,45.04,31.953125
JVASP-110356,21.43,17.046875
JVASP-67863,44.57,29.90625
JVASP-71360,171.38,172.25
JVASP-114916,55.7,52.5625
JVASP-86757,18.69,13.484375
JVASP-54274,189.87,226.625
JVASP-11276,112.98,86.0
JVASP-7834,91.18,91.5
JVASP-65280,117.13,127.5625
JVASP-35776,54.1,68.8125
JVASP-17468,233.96,234.75
JVASP-11082,165.71,178.25
JVASP-20622,152.7,147.0
JVASP-16380,72.8,77.0
JVASP-70079,0.22,73.1875
JVASP-1267,31.47,30.109375
JVASP-67194,141.4,136.875
JVASP-29018,44.23,10.46875
JVASP-51007,27.29,30.109375
JVASP-117738,58.24,54.65625
JVASP-105933,37.77,39.0625
JVASP-36183,92.42,98.875
JVASP-22715,18.41,21.234375
JVASP-49911,196.34,205.75
JVASP-14634,96.58,98.125
JVASP-35846,72.56,76.5625
JVASP-8399,19.91,23.671875
JVASP-37198,46.3,43.875
JVASP-8703,378.82,388.75
JVASP-60762,41.58,43.21875
JVASP-17520,43.12,84.0
JVASP-36203,135.47,147.25
JVASP-115050,29.71,35.5625
JVASP-8001,72.79,75.75
JVASP-36452,43.0,45.34375
JVASP-74585,86.89,101.125
JVASP-28928,2.99,-1.8613281
JVASP-117741,47.88,51.59375
JVASP-17752,35.37,33.96875
JVASP-9608,35.39,35.71875
JVASP-69000,63.99,63.34375
JVASP-93213,135.67,138.0
JVASP-35515,73.88,77.625
JVASP-296,35.26,28.984375
JVASP-65330,53.89,54.78125
JVASP-56583,188.87,186.375
JVASP-101580,39.77,48.15625
JVASP-10250,20.19,26.28125
JVASP-14717,107.9,99.875
JVASP-42941,173.46,145.625
JVASP-110345,37.83,35.90625
JVASP-39685,31.67,29.375
JVASP-100424,54.09,55.5
JVASP-42693,108.79,114.125
JVASP-86797,25.7,32.71875
JVASP-1807,46.03,53.125
JVASP-13030,17.11,19.578125
JVASP-78517,211.34,224.5
JVASP-116310,60.22,49.59375
JVASP-118679,31.39,38.03125
JVASP-13022,37.59,44.0625
JVASP-17280,93.5,104.4375
JVASP-94844,106.58,114.75
JVASP-41397,141.27,154.25
JVASP-51361,84.16,97.1875
JVASP-18781,264.82,305.5
JVASP-41900,110.7,111.8125
JVASP-4816,84.34,101.5625
JVASP-86112,18.41,24.84375
JVASP-105916,42.33,65.125
JVASP-18011,133.31,142.125
JVASP-110380,14.73,17.953125
JVASP-14889,61.43,66.3125
JVASP-70789,0.0,74.3125
JVASP-67851,0.0,153.5
JVASP-36847,56.01,63.40625
JVASP-18616,56.17,55.09375
JVASP-121226,4.91,5.7695312
JVASP-54664,93.5,112.25
JVASP-104957,45.17,49.75
JVASP-114321,3.87,7.8359375
JVASP-107186,37.88,66.0625
JVASP-67758,0.0,-10.6015625
JVASP-3555,17.5,20.59375
JVASP-25844,56.64,62.03125
JVASP-68963,13.99,14.1796875
JVASP-16293,46.1,56.84375
JVASP-18140,18.73,17.546875
JVASP-114101,21.2,26.421875
JVASP-15245,80.57,85.5625
JVASP-7949,117.8,121.5
JVASP-35151,53.84,67.3125
JVASP-28956,2.66,26.1875
JVASP-53171,28.61,34.9375
JVASP-71827,137.68,153.0
JVASP-11747,97.74,117.25
JVASP-12737,0.0,45.78125
JVASP-20230,92.46,82.375
JVASP-46090,119.78,133.75
JVASP-8290,139.4,146.125
JVASP-15187,76.24,80.75
JVASP-20803,237.89,276.25
JVASP-8579,10.77,17.296875
JVASP-71624,55.68,74.5625
JVASP-8208,42.59,46.59375
JVASP-102461,37.81,47.5625
JVASP-14973,40.67,48.0
JVASP-10785,37.92,44.4375
JVASP-12316,2.84,138.0
JVASP-54622,158.2,195.375
JVASP-19083,122.31,135.875
JVASP-17878,95.82,94.375
JVASP-117830,73.87,78.25
JVASP-89922,86.46,105.5
JVASP-3171,138.33,153.375
JVASP-22683,54.21,57.53125
JVASP-15740,45.19,226.875
JVASP-91730,66.6,75.625
JVASP-7769,162.5,197.0
JVASP-103702,24.52,56.40625
JVASP-36854,186.33,182.25
JVASP-35646,73.17,87.8125
JVASP-41480,122.63,119.0
JVASP-11708,130.5,116.8125
JVASP-36668,83.53,91.6875
JVASP-117802,32.67,29.375
JVASP-114289,-15.99,23.359375
JVASP-1984,25.56,21.375
JVASP-7974,27.03,32.65625
JVASP-14683,94.61,90.625
JVASP-20319,103.03,99.3125
JVASP-104667,111.26,129.625
JVASP-92558,126.18,134.125
JVASP-74381,55.61,16.671875
JVASP-8575,198.9,242.25
JVASP-92233,82.23,94.0
JVASP-65569,24.63,35.09375
JVASP-29547,18.61,28.296875
JVASP-91536,85.36,87.5
JVASP-25232,17.41,21.90625
JVASP-79549,32.52,42.03125
JVASP-14915,70.6,68.9375
JVASP-39816,32.7,45.71875
JVASP-8054,96.17,105.3125
JVASP-105311,126.37,149.375
JVASP-39642,51.09,72.75
JVASP-118836,16.86,20.609375
JVASP-11744,154.81,148.375
JVASP-120322,37.17,48.40625
JVASP-118260,12.87,17.5
JVASP-18509,69.28,84.75
JVASP-20778,215.74,235.875
JVASP-28710,34.96,17.921875
JVASP-37115,16.08,17.3125
JVASP-2044,34.8,41.625
JVASP-91707,40.41,72.875
JVASP-11153,87.33,104.375
JVASP-74700,62.76,69.9375
JVASP-22728,45.74,46.125
JVASP-48321,54.99,61.90625
JVASP-20588,84.27,85.625
JVASP-120381,49.79,42.71875
JVASP-30119,75.79,100.9375
JVASP-68812,86.83,117.6875
JVASP-40196,60.36,63.46875
JVASP-59612,194.18,227.625
JVASP-28628,38.68,26.765625
JVASP-103443,19.52,95.0
JVASP-95049,133.8,154.0
JVASP-117893,59.14,53.59375
JVASP-21603,28.23,50.46875
JVASP-12498,121.23,140.125
JVASP-71256,34.39,40.0625
JVASP-9122,21.64,25.515625
JVASP-105613,0.0,36.4375
JVASP-50034,58.7,64.0
JVASP-37040,144.38,145.75
JVASP-57186,115.49,140.75
JVASP-110752,171.21,175.875
JVASP-51552,38.16,48.65625
JVASP-111325,173.53,207.375
JVASP-35680,55.67,49.625
JVASP-105883,158.3,162.25
JVASP-35182,40.6,42.6875
JVASP-25,31.42,27.765625
JVASP-36894,23.5,21.671875
JVASP-17506,36.17,37.53125
JVASP-74549,70.04,62.21875
JVASP-8055,70.41,80.375
JVASP-9581,120.94,117.3125
JVASP-8238,2.38,5.3945312
JVASP-18209,144.93,170.625
JVASP-67536,87.14,109.4375
JVASP-7822,51.61,55.59375
JVASP-118564,33.29,45.09375
JVASP-116362,78.43,75.5
JVASP-38029,53.64,47.5625
JVASP-115980,60.17,52.4375
JVASP-39030,73.13,74.625
JVASP-8596,61.13,55.9375
JVASP-7687,58.63,59.3125
JVASP-7881,110.27,96.25
JVASP-103168,43.47,46.46875
JVASP-66912,28.13,31.34375
JVASP-58348,293.72,260.75
JVASP-92234,31.04,40.53125
JVASP-51701,29.76,34.78125
JVASP-109609,83.09,94.125
JVASP-55018,152.03,153.75
JVASP-120925,95.58,104.5625
JVASP-100450,106.86,95.9375
JVASP-14998,105.47,106.25
JVASP-23725,41.51,43.375
JVASP-70620,213.3,203.875
JVASP-102248,38.83,38.96875
JVASP-15291,154.7,151.25
JVASP-7662,44.48,43.46875
JVASP-71074,25.9,30.875
JVASP-12022,93.54,76.0625
JVASP-54718,46.54,42.46875
JVASP-7675,145.44,155.125
JVASP-42128,91.17,95.0625
JVASP-16430,64.38,55.34375
JVASP-15710,71.79,70.3125
JVASP-50866,84.34,90.1875
JVASP-7845,46.54,50.0625
JVASP-89086,256.41,234.0
JVASP-67308,54.84,43.6875
JVASP-28466,60.38,46.15625
JVASP-9391,51.28,60.125
JVASP-13967,40.07,43.90625
JVASP-11575,59.45,164.75
JVASP-40772,111.13,118.0625
JVASP-62801,148.54,136.5
JVASP-16332,44.27,44.96875
JVASP-29248,47.28,51.9375
JVASP-1002,87.27,81.6875
JVASP-16257,80.37,77.875
JVASP-33803,11.34,12.8828125
JVASP-66040,12.77,14.375
JVASP-71724,167.71,177.25
JVASP-16057,55.78,52.3125
JVASP-18532,18.98,39.375
JVASP-25348,298.2,293.25
JVASP-74600,42.72,42.59375
JVASP-9465,91.6,89.375
JVASP-20289,75.51,73.125
JVASP-101212,107.13,103.0625
JVASP-85176,72.96,78.9375
JVASP-17352,183.03,169.0
JVASP-12646,54.47,57.96875
JVASP-93722,31.7,38.28125
JVASP-115880,18.32,12.4921875
JVASP-92687,311.96,290.5
JVASP-48135,108.23,98.25
JVASP-38198,4.6,0.3244629
JVASP-36996,53.91,67.5
JVASP-115925,61.22,68.875
JVASP-29784,73.28,77.9375
JVASP-93870,56.67,57.75
JVASP-51203,1.19,-7.4101562
JVASP-78819,20.73,20.71875
JVASP-17666,50.03,51.90625
JVASP-17414,142.03,131.75
JVASP-8775,188.6,188.0
JVASP-67362,54.31,53.1875
JVASP-120227,37.92,40.96875
JVASP-103047,239.72,221.0
JVASP-52303,42.14,46.9375
JVASP-86291,293.02,259.75
JVASP-2460,129.02,139.75
JVASP-66977,67.33,96.3125
JVASP-29371,42.17,45.625
JVASP-106072,39.28,41.125
JVASP-67052,40.97,44.90625
JVASP-19961,83.87,76.9375
JVASP-17420,96.23,102.3125
JVASP-34265,31.67,38.1875
JVASP-102466,85.77,81.5
JVASP-1846,47.24,46.15625
JVASP-9126,135.77,117.75
JVASP-99736,20.81,16.390625
JVASP-10662,44.48,44.125
JVASP-28724,2.99,26.34375
JVASP-12954,94.87,97.9375
JVASP-13950,13.93,15.1875
JVASP-109532,159.02,171.0
JVASP-21551,36.04,37.09375
JVASP-17793,88.9,109.9375
JVASP-38935,0.83,73.1875
JVASP-8760,23.92,23.34375
JVASP-14903,226.23,223.875
JVASP-14794,305.9,274.5
JVASP-92169,264.37,247.0
JVASP-69108,15.41,10.4765625
JVASP-1930,25.81,32.75
JVASP-56880,106.17,106.6875
JVASP-17284,57.67,53.5625
JVASP-105832,81.38,77.75
JVASP-49917,154.14,128.75
JVASP-69275,38.09,29.828125
JVASP-16695,87.9,77.25
JVASP-105208,55.56,60.3125
JVASP-68457,92.12,83.75
JVASP-2631,122.77,109.0625
JVASP-20641,222.3,216.625
JVASP-70766,51.48,60.9375
JVASP-78284,272.3,220.75
JVASP-25099,39.07,51.03125
JVASP-64969,110.26,98.3125
JVASP-240,110.64,100.6875
JVASP-29390,86.9,91.125
JVASP-74304,28.48,34.375
JVASP-27814,13.19,14.1953125
JVASP-10026,101.61,105.6875
JVASP-52605,17.18,19.265625
JVASP-15586,77.71,92.9375
JVASP-54995,127.88,143.125
JVASP-36461,37.87,35.65625
JVASP-29646,18.23,17.8125
JVASP-41909,90.43,96.0
JVASP-17753,86.56,83.0
JVASP-110624,171.5,187.75
JVASP-9984,42.07,50.59375
JVASP-103120,67.8,145.125
JVASP-37733,11.7,10.5390625
JVASP-19946,89.47,94.375
JVASP-114653,43.7,47.25
JVASP-36803,20.67,24.671875
JVASP-3537,42.44,48.53125
JVASP-19061,82.79,98.75
JVASP-4666,26.36,27.890625
JVASP-18236,90.71,184.75
JVASP-3981,18.21,15.890625
JVASP-20462,115.71,111.6875
JVASP-19977,39.23,42.25
JVASP-116263,39.76,45.90625
JVASP-120020,24.6,31.171875
JVASP-16468,52.26,50.21875
JVASP-74363,0.22,51.5
JVASP-115055,59.82,74.625
JVASP-11818,144.0,139.125
JVASP-9709,28.66,37.0
JVASP-15348,141.2,143.875
JVASP-36954,17.59,24.578125
JVASP-35990,139.89,140.5
JVASP-19733,130.33,124.375
JVASP-87081,138.07,131.25
JVASP-102131,222.8,211.875
JVASP-30103,52.83,61.0
JVASP-114009,259.5,278.5
JVASP-92982,23.27,28.5
JVASP-117879,20.02,15.1328125
JVASP-14775,68.07,63.71875
JVASP-47333,72.54,85.75
JVASP-118893,75.01,53.34375
JVASP-75765,121.93,91.25
JVASP-20625,121.53,112.0625
JVASP-58260,136.36,101.4375
JVASP-47962,105.91,127.75
JVASP-116247,20.76,18.328125
JVASP-12644,163.72,176.625
JVASP-67028,170.7,149.25
JVASP-16225,90.43,87.1875
JVASP-115656,33.4,38.59375
JVASP-8115,41.7,46.125
JVASP-15087,36.37,36.3125
JVASP-10661,58.7,52.125
JVASP-94834,89.44,95.875
JVASP-9734,16.6,26.90625
JVASP-114978,17.78,32.53125
JVASP-20880,56.04,65.375
JVASP-31179,36.68,41.6875
JVASP-91944,50.43,49.8125
JVASP-106239,48.77,52.5625
JVASP-28970,4.94,8.953125
JVASP-111352,305.54,310.75
JVASP-92567,200.8,194.375
JVASP-116439,51.6,59.1875
JVASP-39279,155.87,170.125
JVASP-19104,64.59,64.4375
JVASP-29803,53.61,70.125
JVASP-36842,35.94,35.03125
JVASP-65303,45.33,45.90625
JVASP-26767,32.88,40.25
JVASP-16428,48.0,47.40625
JVASP-99931,0.3,40.4375
JVASP-117756,35.57,32.875
JVASP-3864,18.5,14.5078125
JVASP-9349,54.94,52.71875
JVASP-63107,57.41,71.375
JVASP-18829,96.88,104.0625
JVASP-26400,84.3,83.1875
JVASP-118114,55.86,64.875
JVASP-16909,81.78,166.125
JVASP-93216,153.63,163.75
JVASP-14943,59.73,56.375
JVASP-52342,51.73,73.9375
JVASP-90427,116.96,167.25
JVASP-28784,38.82,25.21875
JVASP-99951,65.59,72.375
JVASP-2121,150.48,145.625
JVASP-1945,12.6,10.3125
JVASP-29426,36.79,42.4375
JVASP-9978,21.8,23.015625
JVASP-17536,166.03,174.0
JVASP-78663,33.4,32.90625
JVASP-106037,36.74,31.640625
JVASP-110330,149.33,149.25
JVASP-19757,88.83,96.375
JVASP-2193,127.91,133.125
JVASP-71653,64.68,78.6875
JVASP-3510,12.23,10.0546875
JVASP-78,50.82,40.1875
JVASP-41982,222.13,255.875
JVASP-67789,41.92,51.34375
JVASP-34340,85.96,83.125
JVASP-34289,10.19,23.21875
JVASP-19774,184.74,201.5
JVASP-4062,44.2,41.25
JVASP-69581,0.0,99.25
JVASP-9195,81.9,103.6875
JVASP-68066,94.46,79.1875
JVASP-93779,135.41,130.125
JVASP-116804,33.68,38.0
JVASP-16465,42.0,41.40625
JVASP-981,363.87,418.25
JVASP-10570,25.19,33.3125
JVASP-86155,19.12,23.171875
JVASP-65695,30.41,26.796875
JVASP-117899,47.94,46.46875
JVASP-17857,164.13,148.625
JVASP-20472,123.43,121.3125
JVASP-5785,194.38,186.75
JVASP-4319,126.49,118.25
JVASP-65510,55.39,85.3125
JVASP-20478,233.43,227.625
JVASP-92722,191.73,183.625
JVASP-9494,121.76,120.75
JVASP-21887,262.39,290.25
JVASP-50620,77.0,76.9375
JVASP-120181,24.49,30.375
JVASP-115388,38.11,40.71875
JVASP-66475,12.0,15.140625
JVASP-70546,160.92,158.75
JVASP-15912,145.93,143.0
JVASP-50751,93.81,99.4375
JVASP-73869,0.0,55.21875
JVASP-16056,155.39,143.5
JVASP-12487,53.36,42.3125
JVASP-13309,75.91,81.9375
JVASP-81804,42.79,40.0
JVASP-62921,19.38,18.359375
JVASP-3318,42.34,36.78125
JVASP-12582,59.53,50.09375
JVASP-20092,136.67,124.6875
JVASP-50093,179.79,164.875
JVASP-95,57.03,52.625
JVASP-34484,121.66,67.625
JVASP-71847,80.75,101.875
JVASP-106149,18.34,124.75
JVASP-74570,41.15,58.78125
JVASP-122952,228.6,227.625
JVASP-15333,123.47,110.0
JVASP-93351,112.06,89.125
JVASP-114690,83.54,72.0
JVASP-66379,13.47,11.875
JVASP-21262,160.07,149.75
JVASP-12712,88.59,71.6875
JVASP-91749,35.54,48.53125
JVASP-85438,10.99,15.15625
JVASP-120350,25.0,29.734375
JVASP-117067,73.04,77.9375
JVASP-1171,30.03,26.859375
JVASP-67103,140.41,91.9375
JVASP-86818,136.24,133.875
JVASP-79066,211.43,204.25
JVASP-16509,90.42,80.75
JVASP-21686,170.46,157.5
JVASP-28364,0.0,280.25
JVASP-18892,110.46,113.8125
JVASP-16706,106.63,103.625
JVASP-25272,-1.74,3.4433594
JVASP-37544,12.8,18.171875
JVASP-35326,77.64,64.875
JVASP-12056,90.94,93.375
JVASP-117872,29.52,26.125
JVASP-75789,0.19,72.9375
JVASP-36551,252.78,287.75
JVASP-15629,137.6,111.875
JVASP-2505,63.5,55.625
JVASP-101626,17.51,37.1875
JVASP-9755,78.3,71.3125
JVASP-85696,26.03,30.390625
JVASP-114171,18.51,19.984375
JVASP-91519,76.38,70.1875
JVASP-2379,102.93,86.6875
JVASP-88284,108.51,85.5625
JVASP-14972,201.77,203.375
JVASP-19979,145.82,159.875
JVASP-50692,65.29,67.4375
JVASP-18441,97.61,71.6875
JVASP-106031,132.34,167.125
JVASP-20998,82.87,72.625
JVASP-9622,108.19,132.5
JVASP-11794,92.32,96.1875
JVASP-57335,39.13,30.96875
JVASP-176,13.23,14.0859375
JVASP-19934,84.44,89.625
JVASP-91809,25.49,20.328125
JVASP-54911,70.0,67.875
JVASP-75499,1.23,13.625
JVASP-7837,87.21,86.8125
JVASP-14885,297.79,304.5
JVASP-15085,97.92,93.3125
JVASP-17431,55.28,54.78125
JVASP-99793,135.5,135.375
JVASP-50255,143.42,103.8125
JVASP-118289,82.16,62.40625
JVASP-99580,48.19,48.65625
JVASP-37166,170.13,167.875
JVASP-15235,124.97,120.1875
JVASP-4798,177.29,177.75
JVASP-91577,140.7,128.875
JVASP-51183,104.33,100.6875
JVASP-110474,252.03,165.375
JVASP-15356,80.69,75.375
JVASP-7874,40.31,188.625
JVASP-25577,51.28,39.0625
JVASP-65596,9.74,14.171875
JVASP-59620,91.94,86.125
JVASP-103314,0.0,34.40625
JVASP-52257,16.4,16.484375
JVASP-121042,30.68,35.25
JVASP-3468,28.39,26.453125
JVASP-115049,47.23,48.28125
JVASP-35394,84.42,69.9375
JVASP-19763,124.2,102.5625
JVASP-3258,121.26,111.4375
JVASP-9616,289.98,259.0
JVASP-25380,14.66,20.9375
JVASP-26764,48.94,39.4375
JVASP-122987,60.03,63.40625
JVASP-38621,54.33,44.96875
JVASP-16439,111.52,103.0
JVASP-99160,13.36,16.6875
JVASP-9988,146.47,128.75
JVASP-29963,33.5,26.71875
JVASP-28783,24.57,18.6875
JVASP-62045,19.6,19.421875
JVASP-22894,80.11,63.65625
JVASP-8441,124.56,126.0625
JVASP-111005,36.46,33.21875
JVASP-35152,213.57,220.375
JVASP-56995,113.93,105.25
JVASP-22612,34.48,30.671875
JVASP-65256,48.47,44.0
JVASP-7970,91.94,87.4375
JVASP-11402,104.54,94.5
JVASP-18130,83.74,85.1875
JVASP-18214,51.46,57.34375
JVASP-55218,285.27,289.5
JVASP-2080,121.2,106.25
JVASP-10975,74.26,76.9375
JVASP-18112,63.77,61.46875
JVASP-74602,0.0,100.375
JVASP-22958,69.68,58.3125
JVASP-70972,138.34,122.25
JVASP-110490,74.06,77.1875
JVASP-14680,278.13,313.75
JVASP-30566,94.89,73.3125
JVASP-36289,74.17,89.75
JVASP-115185,45.3,45.96875
JVASP-14936,51.37,49.59375
JVASP-51017,27.28,31.828125
JVASP-36877,24.64,25.90625
JVASP-68217,67.77,63.0
JVASP-34374,123.66,135.75
JVASP-85669,12.07,18.390625
JVASP-69326,20.8,23.5625
JVASP-17294,165.56,171.375
JVASP-9379,55.98,44.625
JVASP-33846,18.11,18.765625
JVASP-78684,109.07,112.25
JVASP-49812,67.27,76.0
JVASP-8326,160.74,167.0
JVASP-8020,136.52,122.0625
JVASP-18583,87.5,86.6875
JVASP-8196,88.1,91.625
JVASP-17389,191.23,210.25
JVASP-39349,101.5,87.5
JVASP-8279,139.52,177.375
JVASP-22699,120.06,117.0
JVASP-51152,68.8,69.0625
JVASP-8826,96.96,95.1875
JVASP-20141,147.33,153.875
JVASP-20293,4.27,9.78125
JVASP-118651,29.28,33.5
JVASP-19790,62.02,60.46875
JVASP-100334,28.58,30.640625
JVASP-28381,31.94,34.96875
JVASP-9796,136.14,134.25
JVASP-16589,186.7,202.875
JVASP-9722,33.4,41.96875
JVASP-11129,24.53,30.5625
JVASP-65556,30.67,28.8125
JVASP-74902,30.14,38.46875
JVASP-17423,93.5,94.0
JVASP-10583,51.41,50.75
JVASP-38200,68.83,72.1875
JVASP-40799,126.6,131.75
JVASP-117038,127.88,135.25
JVASP-8154,14.54,21.0625
JVASP-68498,68.02,88.875
JVASP-20505,184.6,182.625
JVASP-118055,36.41,45.03125
JVASP-14849,214.87,231.0
JVASP-69843,143.17,136.0
JVASP-16209,135.93,133.125
JVASP-115637,38.22,37.5625
JVASP-35183,25.5,27.234375
JVASP-17904,62.43,61.0625
JVASP-16269,95.63,90.3125
JVASP-25880,85.98,91.0
JVASP-120962,72.9,65.4375
JVASP-19980,39.9,41.46875
JVASP-13358,71.7,83.3125
JVASP-50106,61.18,71.5625
JVASP-9611,108.17,100.8125
JVASP-99376,132.04,146.125
JVASP-29530,19.28,17.890625
JVASP-90571,54.04,52.84375
JVASP-15369,82.47,74.5
JVASP-66606,17.83,18.328125
JVASP-34480,44.13,44.8125
JVASP-8339,12.69,20.734375
JVASP-13004,49.4,56.625
JVASP-54737,54.16,51.8125
JVASP-91708,215.7,230.5
JVASP-41894,118.43,113.75
JVASP-3693,81.27,84.6875
JVASP-122939,67.83,65.9375
JVASP-8324,78.4,69.4375
JVASP-22691,25.97,23.09375
JVASP-69308,29.52,27.59375
JVASP-9677,127.57,153.0
JVASP-7792,89.37,97.6875
JVASP-20499,50.76,51.40625
JVASP-17955,116.27,129.125
JVASP-57291,98.7,88.9375
JVASP-65108,34.84,46.03125
JVASP-118022,1.18,6.9335938
JVASP-17292,96.09,96.25
JVASP-18507,97.12,105.625
JVASP-35724,72.64,71.625
JVASP-54773,119.22,106.25
JVASP-9539,79.96,118.5625
JVASP-74422,158.77,138.375
JVASP-40623,181.67,179.875
JVASP-14896,63.7,48.5625
JVASP-10891,32.11,27.0
JVASP-79142,194.66,220.25
JVASP-14777,41.7,40.28125
JVASP-1231,112.34,129.625
JVASP-20398,84.86,82.1875
JVASP-57704,96.44,93.375
JVASP-75821,0.19,-3.5175781
JVASP-71123,144.69,168.625
JVASP-69757,81.86,83.1875
JVASP-67188,112.81,118.6875
JVASP-1915,27.64,32.3125
JVASP-21476,77.69,63.65625
JVASP-28440,44.88,48.21875
JVASP-9786,20.88,15.28125
JVASP-21005,122.72,144.25
JVASP-74432,0.0,125.75
JVASP-23696,89.53,84.25
JVASP-120353,36.67,38.34375
JVASP-10267,19.56,19.84375
JVASP-91924,46.83,48.03125
JVASP-75725,58.57,52.03125
JVASP-49940,108.87,117.9375
JVASP-114724,163.4,159.625
JVASP-68108,24.56,34.8125
JVASP-48578,165.77,174.625
JVASP-85948,13.18,17.328125
JVASP-104932,62.33,54.5625
JVASP-96044,129.57,126.375
JVASP-69367,106.48,92.8125
JVASP-65155,114.77,101.4375
JVASP-30256,86.4,99.625
JVASP-34492,37.39,46.90625
JVASP-60,43.44,49.03125
JVASP-90668,70.64,67.875
JVASP-111271,107.83,105.6875
JVASP-35194,198.67,211.375
JVASP-99755,17.8,17.8125
JVASP-7729,43.87,49.3125
JVASP-7982,131.97,123.9375
JVASP-116459,33.87,47.125
JVASP-30172,33.98,41.78125
JVASP-33922,51.32,65.5625
JVASP-85343,74.64,82.8125
JVASP-22585,80.4,68.375
JVASP-36829,55.23,68.375
JVASP-121003,177.83,153.0
JVASP-101556,53.27,58.0
JVASP-103736,113.23,110.9375
JVASP-68338,31.53,33.78125
JVASP-12912,24.99,33.90625
JVASP-20083,148.27,122.375
JVASP-12768,48.73,50.46875
JVASP-120215,47.0,30.0625
JVASP-109010,16.98,40.625
JVASP-99596,230.06,207.5
JVASP-14626,41.94,43.21875
JVASP-15412,184.73,191.375
JVASP-26744,24.26,31.4375
JVASP-25104,12.37,14.140625
JVASP-7806,30.84,40.0
JVASP-36657,330.0,281.75
JVASP-87130,106.57,101.125
JVASP-74365,73.13,80.1875
JVASP-891,-1.57,-0.21228027
JVASP-92654,83.99,80.5
JVASP-115525,20.18,22.90625
JVASP-14503,69.68,69.5625
JVASP-12570,83.07,66.1875
JVASP-41165,49.03,43.53125
JVASP-118516,36.91,40.4375
JVASP-14799,126.0,113.125
JVASP-36274,37.63,49.96875
JVASP-36015,161.9,161.125
JVASP-25344,281.13,275.25
JVASP-20368,64.5,61.625
JVASP-37786,5.7,9.046875
JVASP-36585,189.53,175.25
JVASP-38235,4.77,4.1953125
JVASP-4564,23.28,41.53125
JVASP-36143,192.77,191.25
JVASP-12518,54.12,49.53125
JVASP-10675,40.07,30.921875
JVASP-25146,35.17,39.25
JVASP-3648,12.3,22.84375
JVASP-106163,56.54,53.25
JVASP-51068,217.43,224.375
JVASP-70828,174.59,158.75
JVASP-15829,126.43,131.0
JVASP-72084,42.07,67.6875
JVASP-15603,131.47,125.875
JVASP-71456,61.39,78.4375
JVASP-28356,36.81,55.9375
JVASP-10253,20.48,19.359375
JVASP-118915,154.17,142.25
JVASP-67892,235.87,231.5
JVASP-15677,1.65,189.0
JVASP-17738,68.58,66.0625
JVASP-41056,191.47,207.625
JVASP-70998,39.33,33.25
JVASP-9415,55.89,52.3125
JVASP-75010,41.53,44.34375
JVASP-15071,89.27,92.9375
JVASP-13355,49.04,47.90625
JVASP-19844,86.93,85.4375
JVASP-95325,147.87,124.125
JVASP-14758,141.94,148.25
JVASP-70376,135.59,128.25
JVASP-22544,31.67,37.65625
JVASP-40592,89.47,91.875
JVASP-33819,15.21,21.703125
JVASP-29294,17.46,23.34375
JVASP-15961,65.34,77.1875
JVASP-3054,23.67,21.578125
JVASP-90026,18.1,24.546875
JVASP-20326,53.17,52.125
JVASP-100332,135.21,136.5
JVASP-2829,99.11,87.9375
JVASP-18693,109.67,108.0625
JVASP-68819,62.72,62.9375
JVASP-115069,54.47,43.78125
JVASP-3015,110.36,112.5
JVASP-3654,19.1,26.359375
JVASP-114565,21.51,28.15625
JVASP-65605,19.33,15.078125
JVASP-117097,18.93,15.5625
JVASP-67977,71.29,79.5
JVASP-66993,144.33,136.0
JVASP-114548,8.32,7.265625
JVASP-4255,10.16,8.953125
JVASP-8508,80.2,93.875
JVASP-68472,127.79,143.625
JVASP-94825,27.1,31.953125
JVASP-116329,46.56,48.53125
JVASP-40663,126.16,126.3125
JVASP-9343,55.96,59.65625
JVASP-14968,135.1,128.375
JVASP-41506,147.12,128.375
JVASP-19738,58.87,61.28125
JVASP-15432,207.89,189.5
JVASP-92698,40.72,40.8125
JVASP-118049,71.17,61.59375
JVASP-40248,126.53,117.0625
JVASP-92599,97.9,105.0625
JVASP-50027,155.13,148.25
JVASP-69154,45.32,47.46875
JVASP-14595,89.08,90.3125
JVASP-23491,120.37,113.9375
JVASP-17407,96.49,90.1875
JVASP-7629,36.17,45.0625
JVASP-64284,12.07,17.96875
JVASP-15808,40.28,39.0625
JVASP-92571,22.36,30.5
JVASP-51153,102.67,132.0
JVASP-17661,147.28,166.0
JVASP-114623,69.49,77.1875
JVASP-116245,27.99,26.71875
JVASP-45905,43.59,57.84375
JVASP-66650,21.2,26.46875
JVASP-121311,42.52,54.28125
JVASP-20075,298.43,273.5
JVASP-16427,60.33,61.53125
JVASP-16033,66.93,71.9375
JVASP-25341,99.92,96.0625
JVASP-62513,14.29,18.171875
JVASP-74546,35.32,47.1875
JVASP-40195,59.36,55.21875
JVASP-8457,116.19,113.8125
JVASP-35670,109.72,97.875
JVASP-118568,16.17,13.5859375
JVASP-116466,57.81,54.46875
JVASP-118375,29.04,28.453125
JVASP-28367,39.11,40.3125
JVASP-17577,56.17,61.65625
JVASP-116209,0.79,5.4296875
JVASP-30486,51.41,37.15625
JVASP-93529,28.22,21.734375
JVASP-54957,25.17,21.765625
JVASP-39753,217.63,214.875
JVASP-15421,108.31,107.875
JVASP-25409,32.97,38.5
JVASP-40767,125.57,116.25
JVASP-21271,74.38,68.0625
JVASP-30317,32.79,34.40625
JVASP-68298,56.59,45.5625
JVASP-55197,94.57,94.3125
JVASP-91535,38.83,42.78125
JVASP-37345,32.84,30.109375
JVASP-7684,118.26,106.4375
JVASP-102804,42.37,37.25
JVASP-120094,49.43,49.0
JVASP-23231,224.17,193.875
JVASP-75597,0.19,112.9375
JVASP-59140,177.81,169.0
JVASP-35691,63.4,55.4375
JVASP-116710,99.83,72.9375
JVASP-22446,21.71,27.125
JVASP-39095,24.43,26.03125
JVASP-51748,111.82,112.0
JVASP-18503,133.66,121.625
JVASP-8019,62.7,57.34375
JVASP-14628,124.7,85.125
JVASP-24465,30.93,42.65625
JVASP-79972,237.8,264.0
JVASP-70890,0.0,-21.625
JVASP-120985,30.59,25.0
JVASP-11297,76.86,53.46875
JVASP-9155,214.57,205.875
JVASP-9364,97.63,90.4375
JVASP-116590,63.2,43.46875
JVASP-7066,40.07,38.15625
JVASP-3978,123.51,96.8125
JVASP-53573,46.1,46.03125
JVASP-40064,160.7,154.125
JVASP-40275,56.13,50.84375
JVASP-37039,115.93,118.125
JVASP-100042,52.33,57.21875
JVASP-25168,49.88,50.21875
JVASP-7762,36.67,35.8125
JVASP-11780,72.87,67.5
JVASP-40644,127.53,125.9375
JVASP-8047,59.31,61.3125
JVASP-121111,27.34,33.1875
JVASP-15041,332.37,367.75
JVASP-9908,133.26,130.125
JVASP-120177,141.67,126.75
JVASP-38353,89.7,68.125
JVASP-40240,87.23,85.8125
JVASP-38194,6.53,5.03125
JVASP-91554,77.12,78.75
JVASP-12730,145.03,136.75
JVASP-36885,74.6,62.3125
JVASP-23351,68.79,59.6875
JVASP-40030,195.1,178.875
JVASP-5806,20.89,13.3828125
JVASP-57488,48.44,48.4375
JVASP-16423,34.67,30.5625
JVASP-10,48.79,52.6875
JVASP-38146,57.2,53.75
JVASP-18408,204.04,184.375
JVASP-85671,69.19,44.6875
JVASP-58347,17.41,35.875
JVASP-10074,108.82,105.9375
JVASP-35267,33.93,29.609375
JVASP-93296,134.54,133.5
JVASP-65087,0.0,136.5
JVASP-54641,97.57,100.875
JVASP-36009,209.2,204.25
JVASP-16244,74.54,67.4375
JVASP-4053,34.06,31.984375
JVASP-116056,155.23,135.625
JVASP-15015,81.19,75.8125
JVASP-92723,215.52,204.5
JVASP-35711,45.91,46.40625
JVASP-116445,32.43,29.640625
JVASP-4741,49.26,51.625
JVASP-2211,38.08,32.25
JVASP-101411,55.9,43.34375
JVASP-68283,188.53,189.375
JVASP-14637,131.43,103.25
JVASP-19361,164.21,150.0
JVASP-70833,0.0,46.09375
JVASP-87082,0.0,170.625
JVASP-107482,245.6,243.5
JVASP-15315,78.22,74.9375
JVASP-116346,181.7,160.75
JVASP-14555,72.57,77.3125
JVASP-118655,31.21,43.0
JVASP-114639,85.89,82.4375
JVASP-120060,0.86,17.3125
JVASP-11284,21.27,170.875
JVASP-10001,128.77,130.5
JVASP-3057,20.06,18.890625
JVASP-37077,197.21,197.0
JVASP-37158,57.9,56.21875
JVASP-62975,245.11,216.375
JVASP-118498,139.24,112.125
JVASP-75002,76.83,70.75
JVASP-52578,189.93,174.25
JVASP-1118,82.29,63.3125
JVASP-79325,30.07,29.3125
JVASP-12019,79.16,72.125
JVASP-37118,40.28,37.34375
JVASP-14833,12.63,12.140625
JVASP-87138,113.57,105.3125
JVASP-57144,43.42,41.59375
JVASP-41263,191.67,191.0
JVASP-35092,259.89,245.375
JVASP-14955,117.13,106.25
JVASP-74313,30.47,27.609375
JVASP-16414,118.7,141.75
JVASP-16290,66.77,67.6875
JVASP-36323,56.2,70.5625
JVASP-63938,11.87,16.828125
JVASP-85283,9.91,16.625
JVASP-35695,48.11,58.5
JVASP-2763,48.14,49.4375
JVASP-115384,28.26,37.78125
JVASP-103141,135.37,141.25
JVASP-9228,134.66,164.625
JVASP-16474,82.74,85.9375
JVASP-35926,43.21,42.9375
JVASP-20085,172.29,191.75
JVASP-71996,191.43,240.75
JVASP-10153,21.36,29.03125
JVASP-116732,66.48,73.875
JVASP-7921,99.0,96.625
JVASP-67570,53.51,67.6875
JVASP-113571,77.0,82.1875
JVASP-8274,105.34,119.875
JVASP-36467,40.83,45.71875
JVASP-15567,157.63,188.5
JVASP-10075,91.39,98.375
JVASP-9956,170.33,211.125
JVASP-9206,86.8,128.5
JVASP-57702,96.23,106.6875
JVASP-78726,95.4,92.3125
JVASP-100664,134.23,133.5
JVASP-972,251.6,276.0
JVASP-117913,-4.37,0.15576172
JVASP-23513,208.54,213.625
JVASP-115647,54.84,61.75
JVASP-74144,122.86,130.625
JVASP-37759,42.9,46.59375
JVASP-40477,29.56,38.25
JVASP-74416,16.7,23.4375
JVASP-99900,67.1,82.5
JVASP-86109,74.88,81.0
JVASP-12821,22.18,25.921875
JVASP-19749,2.39,221.125
JVASP-9124,163.24,181.75
JVASP-12708,52.64,62.03125
JVASP-105683,22.17,24.234375
JVASP-86173,64.13,94.75
JVASP-69158,20.77,23.921875
JVASP-67270,102.88,103.5
JVASP-37298,53.76,63.59375
JVASP-104670,50.31,57.84375
JVASP-4918,38.18,39.3125
JVASP-40079,70.33,77.25
JVASP-91975,33.53,48.4375
JVASP-121147,20.74,26.5625
JVASP-64830,7.53,14.328125
JVASP-118018,61.34,52.15625
JVASP-25223,4.43,14.6484375
JVASP-86869,46.43,53.125
JVASP-22637,33.46,42.8125
JVASP-25394,4.23,12.59375
JVASP-99686,42.77,45.5
JVASP-17978,75.7,68.0625
JVASP-101104,65.91,66.8125
JVASP-10248,48.97,48.1875
JVASP-68448,59.53,62.1875
JVASP-38901,196.46,202.875
JVASP-26370,78.0,83.5625
JVASP-15215,68.5,62.21875
JVASP-41490,113.0,129.625
JVASP-12649,112.83,122.6875
JVASP-62678,59.94,81.125
JVASP-92221,57.69,63.21875
JVASP-28966,5.53,56.34375
JVASP-100396,39.11,51.71875
JVASP-91933,80.07,86.375
JVASP-100130,178.98,189.375
JVASP-118269,-1.01,-0.1739502
JVASP-21990,50.5,65.9375
JVASP-16733,67.46,81.6875
JVASP-35354,146.56,164.75
JVASP-28480,52.3,73.125
JVASP-118522,-3.99,6.7539062
JVASP-15423,37.11,45.9375
JVASP-2991,53.52,58.5
JVASP-74995,90.23,110.875
JVASP-90736,5.97,14.375
JVASP-15988,112.62,117.25
JVASP-8748,26.61,28.125
JVASP-36033,73.07,82.6875
JVASP-13854,40.94,52.125
JVASP-9868,109.96,118.25
JVASP-100603,40.57,47.21875
JVASP-99964,54.74,64.5625
JVASP-74812,104.08,78.0625
JVASP-117731,23.91,23.875
JVASP-71052,0.0,207.5
JVASP-17268,50.72,57.09375
JVASP-51722,38.21,46.78125
JVASP-21797,83.36,92.8125
JVASP-29070,2.89,45.59375
JVASP-29625,19.4,31.1875
JVASP-110589,93.89,116.0
JVASP-25399,16.0,40.53125
JVASP-25250,4.47,11.6796875
JVASP-9433,164.23,175.5
JVASP-18036,56.87,58.28125
JVASP-8385,66.33,82.75
JVASP-21530,80.31,102.4375
JVASP-91448,76.56,54.21875
JVASP-29863,72.21,98.75
JVASP-4507,24.01,23.78125
JVASP-35456,65.41,85.625
JVASP-29915,48.2,54.15625
JVASP-106305,135.41,150.375
JVASP-118245,79.08,91.375
JVASP-14721,121.27,127.4375
JVASP-37595,133.77,163.375
JVASP-102481,-20.28,70.25
JVASP-11640,0.28,79.8125
JVASP-114353,9.63,19.328125
JVASP-57073,226.2,241.0
JVASP-14570,144.13,148.875
JVASP-106137,28.02,34.03125
JVASP-67621,179.83,128.0
JVASP-117771,9.7,14.5859375
JVASP-117829,56.86,61.0625
JVASP-18758,95.4,103.4375
JVASP-115910,9.24,21.109375
JVASP-35542,162.03,196.25
JVASP-17302,47.57,56.5625
JVASP-11298,95.73,90.1875
JVASP-3930,17.83,20.0
JVASP-18604,77.07,77.9375
JVASP-117611,54.49,44.75
JVASP-68857,79.24,69.0625
JVASP-17329,290.94,265.0
JVASP-94837,101.24,89.875
JVASP-8076,54.21,56.96875
JVASP-110293,71.57,74.1875
JVASP-102224,53.3,5.9960938
JVASP-85710,47.72,38.8125
JVASP-35834,68.61,60.875
JVASP-36154,34.69,40.75
JVASP-48579,23.67,21.015625
JVASP-66344,21.2,14.4921875
JVASP-20211,123.43,108.375
JVASP-19900,135.13,133.0
JVASP-7963,121.22,111.9375
JVASP-36785,78.1,69.5625
JVASP-37543,14.57,16.625
JVASP-17159,191.83,190.5
JVASP-71217,144.9,122.3125
JVASP-75584,1.22,7.3359375
JVASP-65306,14.6,13.53125
JVASP-116111,32.07,29.375
JVASP-1954,50.0,53.75
JVASP-72570,4.65,55.40625
JVASP-8606,21.57,20.84375
JVASP-9362,115.8,108.0
JVASP-39858,91.37,89.4375
JVASP-87060,58.83,53.40625
JVASP-5005,113.24,99.625
JVASP-41278,230.83,233.125
JVASP-10474,176.27,176.25
JVASP-10479,19.84,14.1640625
JVASP-17498,59.27,65.25
JVASP-9807,104.77,90.0625
JVASP-92719,156.72,126.0625
JVASP-14614,55.2,52.1875
JVASP-39675,243.63,218.5
JVASP-115791,-0.58,-0.20227051
JVASP-54989,137.07,132.5
JVASP-113630,27.04,37.28125
JVASP-62906,240.91,209.5
JVASP-260,29.67,54.21875
JVASP-67660,0.11,84.1875
JVASP-24614,17.23,18.09375
JVASP-12869,84.56,77.25
JVASP-105726,29.53,30.46875
JVASP-105699,24.89,26.453125
JVASP-93691,225.39,245.125
JVASP-72214,89.77,106.9375
JVASP-66433,11.2,12.921875
JVASP-11125,22.19,21.53125
JVASP-16704,60.43,50.0625
JVASP-37429,64.9,58.96875
JVASP-93274,84.43,79.625
JVASP-102714,64.3,62.21875
JVASP-114106,129.03,115.25
JVASP-119941,122.73,114.5
JVASP-10879,125.5,115.625
JVASP-30347,34.16,28.390625
JVASP-37583,234.77,228.0
JVASP-110277,217.44,208.875
JVASP-115380,51.19,61.5
JVASP-28460,52.39,54.78125
JVASP-38335,88.03,82.9375
JVASP-15295,122.61,112.375
JVASP-34176,129.79,97.8125
JVASP-8707,0.43,50.875
JVASP-35459,42.71,57.5
JVASP-115119,51.58,48.15625
JVASP-120394,69.76,76.625
JVASP-91548,183.83,177.125
JVASP-107226,122.04,119.125
JVASP-15849,107.17,100.9375
JVASP-8552,24.64,29.453125
JVASP-20253,112.74,109.375
JVASP-67783,133.54,112.1875
JVASP-38915,42.47,42.28125
JVASP-38763,125.23,119.375
JVASP-8581,29.23,27.671875
JVASP-35003,109.8,106.8125
JVASP-86121,29.72,35.125
JVASP-11477,55.08,57.03125
JVASP-26455,137.89,108.6875
JVASP-14929,207.03,200.375
JVASP-12798,28.13,28.796875
JVASP-13351,72.06,74.25
JVASP-100290,35.63,34.65625
JVASP-41608,279.4,282.5
JVASP-118179,25.13,52.0625
JVASP-38647,160.7,143.5
JVASP-100316,73.34,69.75
JVASP-1465,51.54,51.125
JVASP-10232,17.38,14.359375
JVASP-14820,70.89,69.625
JVASP-19662,207.98,198.75
JVASP-1840,46.4,58.84375
JVASP-35656,228.93,222.75
JVASP-8633,81.24,82.9375
JVASP-37523,83.27,84.3125
JVASP-101403,19.65,34.03125
JVASP-25371,30.33,23.859375
JVASP-103134,152.41,127.6875
JVASP-118731,64.11,58.96875
JVASP-118694,109.8,111.4375
JVASP-15449,72.3,69.6875
JVASP-114015,214.7,218.25
JVASP-120845,82.96,110.6875
JVASP-8260,211.0,182.5
JVASP-16118,106.91,85.375
JVASP-9476,116.0,114.5
JVASP-103451,26.91,168.5
JVASP-30668,81.8,73.3125
JVASP-10079,152.76,135.5
JVASP-14562,140.77,127.625
JVASP-21829,68.6,63.09375
JVASP-12694,76.6,63.5
JVASP-106393,115.42,112.9375
JVASP-70068,101.48,95.1875
JVASP-68490,24.26,22.796875
JVASP-29414,63.49,53.90625
JVASP-24625,11.31,15.640625
JVASP-65130,122.09,120.1875
JVASP-29175,2.99,11.453125
JVASP-51906,19.7,17.890625
JVASP-91432,39.16,31.46875
JVASP-49920,57.43,64.8125
JVASP-2526,25.73,24.078125
JVASP-68084,148.18,153.375
JVASP-18077,161.29,144.125
JVASP-30990,13.62,13.5703125
JVASP-19875,233.7,265.25
JVASP-9682,48.51,43.875
JVASP-68411,57.02,57.5
JVASP-36529,182.64,188.875
JVASP-7915,95.06,97.25
JVASP-56453,30.11,33.09375
JVASP-8773,25.46,33.28125
JVASP-17792,88.63,85.8125
JVASP-69240,48.04,50.65625
JVASP-118029,29.83,28.265625
JVASP-30478,68.37,62.28125
JVASP-17628,0.0,179.5
JVASP-8663,33.47,35.625
JVASP-118914,7.82,13.640625
JVASP-38882,111.3,102.0625
JVASP-41460,113.93,102.8125
JVASP-48179,100.89,118.25
JVASP-17674,72.1,69.0625
JVASP-102574,38.11,47.46875
JVASP-30401,20.04,32.1875
JVASP-121289,22.16,26.546875
JVASP-26078,48.98,47.125
JVASP-15506,155.42,153.375
JVASP-102151,163.03,154.25
JVASP-28653,26.06,43.875
JVASP-37048,144.03,137.375
JVASP-24947,44.1,54.15625
JVASP-71844,129.18,115.1875
JVASP-37170,43.46,42.84375
JVASP-66847,77.57,75.25
JVASP-101162,57.6,57.0
JVASP-16291,50.63,45.65625
JVASP-69100,9.51,8.7421875
JVASP-53085,75.59,70.5
JVASP-114994,-1.14,1.0507812
JVASP-18303,86.77,82.125
JVASP-7669,47.0,43.125
JVASP-117526,23.44,25.21875
JVASP-1705,36.59,30.84375
JVASP-98606,35.87,36.84375
JVASP-14854,51.87,49.53125
JVASP-43002,201.59,221.125
JVASP-12751,16.82,13.5703125
JVASP-12846,21.9,20.140625
JVASP-12165,41.51,40.3125
JVASP-90247,283.86,267.0
JVASP-75573,99.03,30.671875
JVASP-70777,0.0,183.0
JVASP-39343,74.4,83.0625
JVASP-66942,200.01,212.0
JVASP-18439,46.69,51.84375
JVASP-71039,0.0,32.21875
JVASP-71618,121.84,106.625
JVASP-103404,0.0,33.78125
JVASP-42301,32.11,41.34375
JVASP-118939,38.72,48.375
JVASP-93276,150.13,128.375
JVASP-2928,25.1,18.875
JVASP-118931,61.72,52.9375
JVASP-92163,22.26,12.7421875
JVASP-64484,17.8,13.4296875
JVASP-115559,22.96,22.328125
JVASP-49943,121.8,137.375
JVASP-39794,141.73,134.625
JVASP-38267,97.44,87.25
JVASP-41200,233.83,230.875
JVASP-117057,82.64,91.4375
JVASP-10212,48.69,53.8125
JVASP-7789,28.0,26.328125
JVASP-15008,168.53,162.375
JVASP-118848,23.22,28.078125
JVASP-14506,162.3,150.875
JVASP-90731,22.63,23.34375
JVASP-38728,77.97,73.6875
JVASP-15840,173.61,145.5
JVASP-106811,72.58,68.625
JVASP-65426,32.34,26.8125
JVASP-119935,4.13,16.203125
JVASP-121221,16.42,25.859375
JVASP-87984,146.51,144.875
JVASP-12496,51.42,45.1875
JVASP-17786,112.88,97.0625
JVASP-15003,210.5,205.5
JVASP-9976,88.24,89.0
JVASP-4615,53.31,65.0625
JVASP-11789,95.43,93.4375
JVASP-103216,17.91,25.1875
JVASP-14997,140.12,117.125
JVASP-61273,36.27,37.09375
JVASP-56922,149.59,138.5
JVASP-40082,0.96,101.0
JVASP-42024,60.46,50.96875
JVASP-38330,131.0,149.75
JVASP-21788,60.03,52.96875
JVASP-15628,156.56,144.75
JVASP-8072,125.54,111.625
JVASP-75894,145.7,132.5
JVASP-121255,7.18,16.390625
JVASP-25109,0.72,6.421875
JVASP-12779,92.08,98.75
JVASP-106236,193.56,169.125
JVASP-4264,9.31,13.640625
JVASP-118636,35.88,33.125
JVASP-118544,34.42,34.84375
JVASP-40952,105.2,99.625
JVASP-75704,1.22,-0.390625
JVASP-12288,172.99,162.375
JVASP-36394,42.2,53.34375
JVASP-75641,152.13,69.8125
JVASP-10064,209.88,219.0
JVASP-48166,97.7,107.125
JVASP-61629,134.31,137.875
JVASP-13835,134.62,119.75
JVASP-17561,86.2,78.1875
JVASP-114956,8.37,10.296875
JVASP-14108,14.9,17.84375
JVASP-15580,113.87,96.5625
JVASP-30672,66.48,79.0
JVASP-35953,124.14,121.5
JVASP-75870,0.19,106.75
JVASP-32341,10.51,7.3203125
JVASP-69016,21.77,27.90625
JVASP-14274,41.44,39.03125
JVASP-35645,100.08,92.5
JVASP-43064,66.79,60.03125
JVASP-32744,23.48,22.609375
JVASP-28768,50.19,53.09375
JVASP-1378,194.49,167.75
JVASP-581,45.52,44.875
JVASP-66326,9.8,9.375
JVASP-15031,63.33,67.8125
JVASP-37209,211.93,193.25
JVASP-118912,98.66,106.75
JVASP-100039,177.72,171.0
JVASP-69931,44.24,138.0
JVASP-16781,264.3,244.75
JVASP-9609,66.67,62.3125
JVASP-116465,110.42,104.8125
JVASP-10190,47.69,39.71875
JVASP-29879,21.27,23.40625
JVASP-23813,142.63,124.5
JVASP-14312,62.1,69.625
JVASP-30449,106.48,110.625
JVASP-23438,84.5,68.3125
JVASP-68853,72.9,68.5
JVASP-15854,232.23,199.25
JVASP-11993,176.57,167.875
JVASP-118051,37.12,49.5
JVASP-8255,62.86,65.3125
JVASP-106282,261.57,279.25
JVASP-35214,29.61,31.015625
JVASP-105410,74.47,72.4375
JVASP-65419,43.77,37.4375
JVASP-37303,23.69,24.703125
JVASP-115619,276.31,269.75
JVASP-109562,73.66,68.0625
JVASP-114097,7.61,12.0234375
JVASP-46693,80.91,63.8125
JVASP-9455,104.73,113.875
JVASP-103286,39.63,53.125
JVASP-100596,32.97,28.75
JVASP-19978,95.03,82.9375
JVASP-47125,103.86,86.875
JVASP-60701,81.79,67.25
JVASP-30452,0.22,34.25
JVASP-5464,16.87,25.78125
JVASP-8472,155.6,156.125
JVASP-15317,149.7,138.625
JVASP-13254,120.11,124.875
JVASP-91552,24.76,18.859375
JVASP-102790,41.84,44.875
JVASP-40654,58.21,63.46875
JVASP-16323,38.87,40.75
JVASP-30594,19.46,16.203125
JVASP-28885,6.16,6.4335938
JVASP-37102,88.4,89.0
JVASP-20308,0.0,173.375
JVASP-71818,243.5,203.25
JVASP-12424,159.14,150.625
JVASP-37069,99.17,92.4375
JVASP-25790,26.98,24.0625
JVASP-70992,0.0,91.25
JVASP-16355,146.33,123.4375
JVASP-68919,31.59,34.71875
JVASP-10669,40.37,39.5
JVASP-92747,322.91,325.5
JVASP-74591,69.4,69.125
JVASP-16584,210.03,197.5
JVASP-12058,49.36,40.34375
JVASP-11283,143.04,120.0
JVASP-34733,26.4,38.9375
JVASP-15671,188.22,183.125
JVASP-120182,25.41,29.375
JVASP-91772,18.8,18.9375
JVASP-38886,107.2,110.625
JVASP-16910,51.99,45.28125
JVASP-10701,42.12,35.46875
JVASP-20583,100.73,105.75
JVASP-14926,97.44,88.9375
JVASP-65421,77.96,70.5625
JVASP-36109,72.97,75.0
JVASP-100600,115.24,111.875
JVASP-18397,242.17,220.875
JVASP-46049,107.4,109.0625
JVASP-70474,134.49,130.5
JVASP-115536,19.38,17.078125
JVASP-57040,77.77,79.8125
JVASP-30591,70.1,73.4375
JVASP-13373,61.38,58.0
JVASP-92606,152.27,150.375
JVASP-41853,169.0,169.375
JVASP-18958,90.77,88.25
JVASP-8079,65.97,65.3125
JVASP-12524,17.18,26.015625
JVASP-2556,42.27,36.84375
JVASP-40294,180.2,174.375
JVASP-16851,57.3,55.8125
JVASP-69411,158.94,160.25
JVASP-22693,263.41,213.875
JVASP-36526,109.3,107.8125
JVASP-35740,46.59,46.40625
JVASP-54742,53.98,40.875
JVASP-21263,31.84,35.0
JVASP-12932,14.94,22.875
JVASP-8036,50.97,47.625
JVASP-10668,63.99,60.15625
JVASP-11560,76.12,74.8125
JVASP-15805,58.46,52.8125
JVASP-1133,183.8,162.0
JVASP-120162,123.67,104.3125
JVASP-50077,59.42,54.34375
JVASP-7783,145.6,148.0
JVASP-71036,84.77,75.8125
JVASP-14607,251.6,227.125
JVASP-115106,31.91,30.0625
JVASP-52490,130.79,133.0
JVASP-113446,126.67,133.875
JVASP-28407,31.29,25.390625
JVASP-15902,0.0,47.625
JVASP-90220,42.91,46.78125
JVASP-23980,32.51,20.78125
JVASP-93378,26.22,30.0625
JVASP-68361,59.43,67.9375
JVASP-118654,29.22,33.84375
JVASP-7810,25.02,28.890625
JVASP-18275,104.77,99.3125
JVASP-103461,33.18,74.1875
JVASP-75738,0.88,34.65625
JVASP-70581,67.0,62.375
JVASP-75523,47.37,46.25
JVASP-21491,165.89,155.875
JVASP-14649,204.57,220.125
JVASP-12825,55.89,53.3125
JVASP-93256,26.23,29.15625
JVASP-37767,123.71,132.375
JVASP-15526,172.82,158.25
JVASP-116433,140.57,161.875
JVASP-74399,67.93,67.1875
JVASP-15410,149.4,127.75
JVASP-28957,4.75,24.328125
JVASP-19885,152.87,180.75
JVASP-118431,25.67,20.75
JVASP-36609,187.67,178.375
JVASP-29296,57.67,75.0
JVASP-107263,31.47,35.21875
JVASP-30725,43.2,75.4375
JVASP-36769,115.83,117.9375
JVASP-28831,30.17,41.375
JVASP-50083,71.18,61.40625
JVASP-36340,6.5,13.1328125
JVASP-13886,86.56,86.875
JVASP-34655,41.93,38.6875
JVASP-26829,23.09,26.015625
JVASP-9662,153.53,160.125
JVASP-15183,145.38,141.125
JVASP-60671,25.24,28.3125
JVASP-60657,16.83,22.78125
JVASP-16356,118.87,114.9375
JVASP-104927,41.52,42.875
JVASP-4231,43.58,56.375
JVASP-73859,118.21,122.875
JVASP-40482,39.28,42.96875
JVASP-16485,179.27,175.375
JVASP-85174,175.29,154.625
JVASP-121040,99.47,96.0
JVASP-115810,25.47,33.71875
JVASP-18700,58.43,60.3125
JVASP-109960,92.54,121.375
JVASP-15770,108.16,113.0625
JVASP-15156,188.5,183.625
JVASP-71596,193.87,166.375
JVASP-28437,60.06,81.5625
JVASP-11392,32.32,36.8125
JVASP-121204,60.71,33.625
JVASP-17220,107.04,105.0
JVASP-38534,92.13,88.9375
JVASP-102148,111.63,106.6875
JVASP-51406,23.18,25.546875
JVASP-78364,158.0,161.625
JVASP-39204,7.3,13.0390625
JVASP-29793,59.73,64.125
JVASP-118065,44.01,41.40625
JVASP-50826,36.7,34.96875
JVASP-118702,25.94,29.671875
JVASP-25888,120.61,120.125
JVASP-1825,54.58,56.375
JVASP-66567,21.83,15.375
JVASP-90270,77.52,75.4375
JVASP-41523,226.63,233.125
JVASP-593,54.97,69.5625
JVASP-25044,164.0,156.125
JVASP-63285,24.07,24.28125
JVASP-8319,17.33,25.140625
JVASP-78705,3.07,9.0546875
JVASP-111789,1.66,211.875
JVASP-38614,86.37,89.75
JVASP-3996,14.5,20.046875
JVASP-81247,86.96,79.0625
JVASP-1142,177.83,183.375
JVASP-8610,200.73,187.5
JVASP-28669,44.3,63.0625
JVASP-1145,20.33,20.265625
JVASP-35209,68.9,92.875
JVASP-120399,38.86,42.4375
JVASP-34156,102.22,91.5
JVASP-116008,110.3,101.9375
JVASP-4122,114.56,114.5
JVASP-104607,43.36,60.71875
JVASP-100794,131.64,132.0
JVASP-15033,37.03,48.65625
JVASP-67710,88.33,84.125
JVASP-93884,60.58,73.3125
JVASP-18426,41.9,43.96875
JVASP-121313,12.23,16.28125
JVASP-67894,183.87,196.25
JVASP-17794,230.63,223.25
JVASP-104646,164.53,156.25
JVASP-38223,5.0,13.296875
JVASP-105499,7.13,41.6875
JVASP-51716,17.63,22.796875
JVASP-25630,29.78,26.4375
JVASP-117624,30.88,30.9375
JVASP-64397,4.43,15.5234375
JVASP-11387,73.67,89.9375
JVASP-18219,150.27,155.625
JVASP-20563,71.2,74.0625
JVASP-120912,6.13,5.7421875
JVASP-12172,25.31,23.921875
JVASP-22528,27.97,31.015625
JVASP-107017,40.17,40.75
JVASP-15724,112.91,193.5
JVASP-52214,23.33,45.09375
JVASP-19667,90.22,83.625
JVASP-39508,28.8,39.0625
JVASP-110519,118.58,112.1875
JVASP-39928,43.83,40.5
JVASP-10063,252.26,225.0
JVASP-9783,118.28,120.375
JVASP-29483,63.37,67.3125
JVASP-114801,38.91,45.25
JVASP-17968,70.52,69.5625
JVASP-9282,70.39,70.3125
JVASP-8784,27.9,31.140625
JVASP-64771,11.97,19.0625
JVASP-75792,78.27,79.5
JVASP-65035,154.1,120.75
JVASP-9573,86.91,82.0625
JVASP-117633,21.76,29.375
JVASP-8329,38.82,36.40625
JVASP-69180,53.76,61.46875
JVASP-41065,122.63,121.5
JVASP-86554,17.32,22.046875
JVASP-57148,70.37,67.3125
JVASP-7815,227.44,251.75
JVASP-35179,29.62,26.703125
JVASP-121200,28.86,19.890625
JVASP-35284,177.06,156.125
JVASP-538,102.07,112.0
JVASP-8157,117.7,111.125
JVASP-64700,14.43,14.9453125
JVASP-11596,97.63,100.25
JVASP-22714,128.18,113.125
JVASP-18020,276.07,266.75
JVASP-47815,61.83,77.625
JVASP-36590,192.1,181.875
JVASP-114804,44.33,44.25
JVASP-51369,158.39,159.125
JVASP-121293,39.88,47.96875
JVASP-99753,13.83,15.9765625
JVASP-29054,19.12,23.140625
JVASP-1882,178.97,167.125
JVASP-74598,38.86,42.53125
JVASP-120284,110.81,90.1875
JVASP-107019,47.97,52.09375
JVASP-93826,106.36,101.375
JVASP-16410,32.49,41.65625
JVASP-12033,12.58,15.75
JVASP-65009,47.47,50.0
JVASP-116238,39.12,46.25
JVASP-56962,205.87,197.25
JVASP-19702,50.8,57.84375
JVASP-16125,125.78,105.125
JVASP-51334,75.2,89.25
JVASP-30535,56.24,57.46875
JVASP-99537,71.49,73.0
JVASP-8594,19.33,17.921875
JVASP-36589,193.83,188.0
JVASP-34292,22.14,27.84375
JVASP-8490,36.63,30.546875
JVASP-118744,43.97,37.6875
JVASP-3348,47.1,54.09375
JVASP-108043,61.74,64.75
JVASP-51409,49.77,51.0625
JVASP-34308,145.62,153.375
JVASP-21032,46.9,62.0
JVASP-74964,158.86,165.875
JVASP-15321,70.17,68.0625
JVASP-20955,182.59,188.0
JVASP-7648,72.33,81.1875
JVASP-4089,34.79,27.140625
JVASP-118805,31.76,29.90625
JVASP-17778,90.92,87.0
JVASP-104942,64.11,70.125
JVASP-67311,142.86,151.75
JVASP-86106,35.59,32.0
JVASP-3897,27.21,19.34375
JVASP-19635,62.63,68.75
JVASP-67740,74.61,86.9375
JVASP-7997,215.43,237.0
JVASP-12540,14.19,15.9921875
JVASP-107437,51.11,62.375
JVASP-113437,18.93,18.609375
JVASP-14579,35.63,41.46875
JVASP-15949,212.77,199.875
JVASP-110855,134.77,153.75
JVASP-10929,112.48,148.375
JVASP-14344,116.62,113.9375
JVASP-107328,51.82,45.5625
JVASP-110537,235.33,253.375
JVASP-50006,132.7,130.75
JVASP-591,100.43,66.5625
JVASP-18582,83.5,79.625
JVASP-29800,66.69,74.75
JVASP-78630,145.23,149.25
JVASP-18597,99.83,118.6875
JVASP-8295,139.94,122.8125
JVASP-7896,116.73,126.4375
JVASP-103670,70.46,68.5625
JVASP-118693,26.53,31.046875
JVASP-20204,115.71,123.5625
JVASP-106104,109.4,132.25
JVASP-117476,66.28,71.25
JVASP-25417,7.72,12.875
JVASP-38820,247.13,236.875
JVASP-70980,119.38,116.3125
JVASP-51223,54.27,54.0
JVASP-109930,51.42,100.625
JVASP-69295,0.0,38.375
JVASP-21022,21.49,18.765625
JVASP-8098,45.03,47.0
JVASP-9383,49.72,65.6875
JVASP-16265,71.67,64.0625
JVASP-75472,1.23,36.625
JVASP-57181,40.53,43.625
JVASP-22729,41.83,45.40625
JVASP-115101,39.19,36.65625
JVASP-9964,147.34,147.875
JVASP-115192,10.89,8.390625
JVASP-67591,19.48,52.15625
JVASP-44558,59.26,54.1875
JVASP-1447,52.42,56.65625
JVASP-25903,54.94,57.71875
JVASP-52768,50.84,53.84375
JVASP-16142,104.61,112.9375
JVASP-38211,8.1,9.4296875
JVASP-30328,44.79,43.28125
JVASP-99008,46.03,44.90625
JVASP-86450,88.57,94.5
JVASP-105198,35.18,54.53125
JVASP-14529,70.26,66.8125
JVASP-65664,30.1,34.84375
JVASP-10677,24.36,24.703125
JVASP-41840,109.8,121.125
JVASP-16561,143.43,60.71875
JVASP-117500,26.29,19.375
JVASP-17732,63.86,58.125
JVASP-2961,18.01,21.75
JVASP-37244,64.32,71.8125
JVASP-115515,67.76,97.625
JVASP-67213,102.54,115.4375
JVASP-45994,88.44,96.3125
JVASP-39037,134.27,130.25
JVASP-36796,99.58,121.875
JVASP-72025,128.79,143.75
JVASP-46044,77.38,78.6875
JVASP-105824,154.93,170.25
JVASP-18111,47.13,42.875
JVASP-36428,148.3,143.875
JVASP-15734,142.24,149.5
JVASP-74004,78.82,88.375
JVASP-29042,2.14,3.9648438
JVASP-110348,29.73,30.421875
JVASP-64418,7.93,10.046875
JVASP-100245,35.18,109.5
JVASP-18495,118.08,116.8125
JVASP-115227,47.91,56.25
JVASP-50940,190.26,190.5
JVASP-74488,161.3,148.125
JVASP-17409,92.84,86.3125
JVASP-109039,91.4,119.0625
JVASP-108816,87.94,92.9375
JVASP-90336,54.5,54.75
JVASP-118852,29.21,29.234375
JVASP-89919,176.24,171.75
JVASP-10926,84.36,81.0625
JVASP-108921,70.72,69.9375
JVASP-118374,31.9,25.296875
JVASP-88019,100.83,118.875
JVASP-69073,52.12,79.6875
JVASP-7993,48.98,52.90625
JVASP-68383,50.01,138.25
JVASP-69178,28.41,25.546875
JVASP-10076,194.04,190.875
JVASP-57604,76.83,72.5
JVASP-85597,25.5,21.78125
JVASP-2376,84.27,85.6875
JVASP-20537,66.28,59.25
JVASP-16816,49.53,49.9375
JVASP-15367,198.43,192.5
JVASP-40869,119.7,116.625
JVASP-11779,61.47,66.0
JVASP-20410,216.97,232.25
JVASP-86988,40.81,38.78125
JVASP-1990,29.42,28.09375
JVASP-18991,33.37,30.25
JVASP-90550,75.68,65.625
JVASP-101405,123.2,126.875
JVASP-11172,25.43,25.765625
JVASP-15755,382.68,315.5
JVASP-18615,48.4,52.1875
JVASP-85336,48.81,74.125
JVASP-37278,90.14,88.625
JVASP-25071,262.87,235.625
JVASP-15729,287.9,267.5
JVASP-51102,157.47,183.75
JVASP-11371,75.77,72.6875
JVASP-37037,191.7,191.5
JVASP-8342,133.11,86.9375
JVASP-79163,60.72,68.0625
JVASP-67559,86.97,53.875
JVASP-23759,251.72,237.75
JVASP-90749,8.77,7.5078125
JVASP-25188,12.03,12.984375
JVASP-97027,46.59,49.21875
JVASP-115181,124.76,120.0
JVASP-75477,1.24,45.71875
JVASP-25107,35.17,43.59375
JVASP-40002,180.4,191.5
JVASP-114082,48.24,36.375
JVASP-75664,160.69,141.375
JVASP-118611,-6.79,2.8886719
JVASP-58394,147.2,133.0
JVASP-15989,127.13,118.75
JVASP-91579,217.97,210.125
JVASP-67857,26.19,24.078125
JVASP-68164,231.42,199.375
JVASP-16532,97.4,91.6875
JVASP-18674,42.71,44.25
JVASP-11614,78.21,75.6875
JVASP-11470,-16.18,91.9375
JVASP-103684,59.26,61.375
JVASP-112013,34.22,33.59375
JVASP-12900,15.14,11.9140625
JVASP-36370,5.53,7.609375
JVASP-65565,18.7,13.3515625
JVASP-70774,39.3,37.0
JVASP-103195,28.17,18.765625
JVASP-110958,128.61,131.0
JVASP-1669,49.29,41.78125
JVASP-50914,139.69,135.625
JVASP-25235,11.16,11.3203125
JVASP-8032,181.46,185.875
JVASP-51706,91.97,92.3125
JVASP-50092,34.18,189.125
JVASP-15217,110.72,114.1875
JVASP-15408,124.3,120.375
JVASP-116222,107.29,101.5
JVASP-68250,47.39,45.34375
JVASP-16206,58.48,51.03125
JVASP-35191,199.2,210.375
JVASP-65721,84.85,15.921875
JVASP-15219,162.8,162.0
JVASP-9426,134.17,149.625
JVASP-14920,46.28,46.84375
JVASP-25573,39.01,35.84375
JVASP-16719,126.42,124.25
JVASP-12061,32.57,27.875
JVASP-36497,24.37,21.6875
JVASP-91518,25.0,29.53125
JVASP-25843,43.5,48.125
JVASP-64411,42.95,9.0546875
JVASP-10164,57.03,52.9375
JVASP-115301,74.82,81.875
JVASP-17650,38.17,42.5
JVASP-64664,12.1,11.421875
JVASP-118552,25.09,30.796875
JVASP-16575,52.27,41.25
JVASP-64560,11.4,10.09375
JVASP-25073,57.07,49.90625
JVASP-12179,94.44,99.375
JVASP-8355,39.47,39.5625
JVASP-90521,64.61,74.8125
JVASP-117626,25.13,20.1875
JVASP-17285,48.68,51.34375
JVASP-19106,27.5,31.703125
JVASP-18607,139.97,149.375
JVASP-11194,20.73,18.1875
JVASP-69473,58.56,54.25
JVASP-28568,56.53,50.84375
JVASP-114738,37.1,42.71875
JVASP-25162,124.7,111.3125
JVASP-22517,40.47,36.0625
JVASP-15458,121.57,115.25
JVASP-9153,347.77,278.75
JVASP-97,50.03,47.125
JVASP-25204,9.06,14.015625
JVASP-67568,84.18,81.8125
JVASP-16834,177.07,175.625
JVASP-24306,55.36,56.09375
JVASP-101164,63.97,59.375
JVASP-67694,44.83,30.9375
JVASP-71013,67.87,61.625
JVASP-90721,140.98,135.75
JVASP-35524,201.5,190.375
JVASP-18003,41.6,51.75
JVASP-38821,178.47,185.125
JVASP-70916,175.5,169.0
JVASP-19917,257.07,260.75
JVASP-64925,114.7,118.75
JVASP-50345,84.34,84.5625
JVASP-66233,13.53,12.0
JVASP-2088,40.24,37.03125
JVASP-116269,7.64,10.5703125
JVASP-50378,21.4,21.5
JVASP-40381,127.7,122.625
JVASP-112102,70.38,43.09375
JVASP-8538,77.29,73.25
JVASP-119979,13.24,16.171875
JVASP-35156,29.4,35.53125
JVASP-14566,102.87,97.375
JVASP-18808,86.71,94.125
JVASP-63450,28.57,25.21875
JVASP-85920,83.47,74.875
JVASP-94987,94.84,94.5625
JVASP-37168,56.1,63.46875
JVASP-69231,28.06,23.0625
JVASP-122970,53.0,66.6875
JVASP-110560,25.83,22.453125
JVASP-43671,128.76,146.125
JVASP-61682,186.47,188.875
JVASP-12014,0.0,67.4375
JVASP-13955,34.99,37.0625
JVASP-149,73.33,68.875
JVASP-41903,76.9,78.6875
JVASP-74284,40.73,44.0
JVASP-10149,27.26,26.015625
JVASP-22411,171.44,161.375
JVASP-19778,101.27,105.6875
JVASP-71977,65.59,56.59375
JVASP-18217,3.09,35.46875
JVASP-106938,50.56,62.0
JVASP-67909,155.31,154.25
JVASP-10029,24.46,25.46875
JVASP-26,41.01,36.40625
JVASP-16122,78.27,87.75
JVASP-120389,67.24,43.5625
JVASP-116054,260.27,263.25
JVASP-88846,39.29,41.78125
JVASP-104870,53.37,62.875
JVASP-54668,35.46,35.4375
JVASP-41693,143.07,154.0
JVASP-18425,139.03,146.375
JVASP-110516,85.37,89.5625
JVASP-2667,34.0,32.34375
JVASP-14865,61.0,66.6875
JVASP-65509,35.81,35.46875
JVASP-75847,1.22,5.5195312
JVASP-65606,30.61,32.96875
JVASP-2038,20.27,27.625
JVASP-1047,4.4,7.3359375
JVASP-15660,118.39,115.4375
JVASP-120372,158.48,129.375
JVASP-118063,13.1,16.9375
JVASP-36519,159.98,176.5
JVASP-67561,71.88,70.8125
JVASP-41913,39.41,43.46875
JVASP-65425,84.18,90.5625
JVASP-65355,35.41,41.125
JVASP-18118,56.4,55.65625
JVASP-57456,130.8,117.4375
JVASP-25215,39.97,33.71875
JVASP-42017,90.33,94.6875
JVASP-36905,15.22,10.4375
JVASP-7903,162.22,190.0
JVASP-28455,30.02,23.65625
JVASP-19882,143.63,142.25
JVASP-50615,19.77,11.4296875
JVASP-18207,103.73,113.0
JVASP-51554,55.4,68.375
JVASP-8781,23.26,22.40625
JVASP-109561,75.5,76.0625
JVASP-81193,142.83,161.0
JVASP-85032,213.44,201.5
JVASP-9515,64.36,67.75
JVASP-20163,106.43,112.625
JVASP-13817,21.42,21.3125
JVASP-7840,212.63,232.125
JVASP-121196,8.31,14.765625
JVASP-21091,160.58,157.25
JVASP-39446,273.07,268.25
JVASP-67901,99.53,94.4375
JVASP-117816,36.49,42.65625
JVASP-105952,126.58,126.625
JVASP-15712,66.49,69.875
JVASP-15880,91.3,100.125
JVASP-17682,105.27,120.3125
JVASP-100080,66.73,69.4375
JVASP-14913,136.17,139.875
JVASP-71203,0.0,134.5
JVASP-117635,37.03,36.59375
JVASP-35541,23.9,20.984375
JVASP-72398,91.7,102.0625
JVASP-9728,142.41,146.375
JVASP-2748,51.08,57.21875
JVASP-75787,185.23,169.125
JVASP-68712,41.16,33.96875
JVASP-18176,32.2,30.40625
JVASP-70893,126.96,127.6875
JVASP-117559,24.58,23.234375
JVASP-25875,21.44,20.875
JVASP-36230,58.43,64.0625
JVASP-118061,15.3,16.5
JVASP-65182,151.3,150.25
JVASP-28758,42.47,48.75
JVASP-18127,229.53,208.375
JVASP-86453,168.87,181.875
JVASP-45986,105.71,114.375
JVASP-92535,182.2,186.125
JVASP-114952,10.24,13.8359375
JVASP-15000,175.1,167.5
JVASP-8688,26.8,27.578125
JVASP-39038,40.44,40.90625
JVASP-40788,144.23,132.375
JVASP-120151,71.43,60.71875
JVASP-123002,248.83,265.5
JVASP-12599,17.04,14.8203125
JVASP-15131,125.93,142.125
JVASP-10108,145.94,135.125
JVASP-3855,31.37,26.25
JVASP-68941,89.34,87.9375
JVASP-67549,0.0,74.4375
JVASP-66635,20.57,20.828125
JVASP-28583,4.52,14.90625
JVASP-20265,138.23,147.625
JVASP-117918,204.92,225.0
JVASP-66362,17.7,12.828125
JVASP-74376,160.59,121.8125
JVASP-56189,181.37,192.625
JVASP-75562,100.43,89.875
JVASP-95038,49.83,49.65625
JVASP-48075,63.53,75.125
JVASP-19406,122.01,132.75
JVASP-91973,58.94,55.65625
JVASP-122911,238.0,294.25
JVASP-52594,7.39,6.1835938
JVASP-65568,82.57,28.5
JVASP-118600,32.7,32.8125
JVASP-118103,19.07,15.53125
JVASP-94868,75.08,86.25
JVASP-17491,50.13,46.09375
JVASP-28557,66.91,68.0
JVASP-17840,87.39,86.1875
JVASP-116208,22.96,25.671875
JVASP-10188,59.3,56.09375
JVASP-9981,101.4,106.125
JVASP-41877,162.9,154.5
JVASP-117808,44.17,49.84375
JVASP-19780,206.88,211.125
JVASP-122,37.68,36.125
JVASP-110509,33.83,39.6875
JVASP-41804,41.01,98.75
JVASP-8010,35.5,26.875
JVASP-111955,23.04,21.109375
JVASP-19735,212.3,209.25
JVASP-115044,34.6,25.171875
JVASP-85709,44.36,51.21875
JVASP-63377,261.92,259.5
JVASP-67107,141.39,156.75
JVASP-17934,62.33,63.0625
JVASP-51719,29.78,30.375
JVASP-37944,119.44,119.375
JVASP-40580,90.1,94.3125
JVASP-14791,56.0,60.90625
JVASP-39897,69.9,70.875
JVASP-37247,42.92,43.125
JVASP-91452,23.23,23.6875
JVASP-9166,185.46,174.625
JVASP-117538,44.72,49.03125
JVASP-207,39.96,44.53125
JVASP-40794,140.57,155.625
JVASP-18513,93.16,99.5
JVASP-51455,192.6,203.25
JVASP-50903,101.51,90.875
JVASP-20530,96.5,96.125
JVASP-2709,35.04,37.4375
JVASP-17670,316.11,332.0
JVASP-8128,35.23,35.21875
JVASP-41669,91.0,96.25
JVASP-116268,30.57,32.75
JVASP-75696,1.2,0.9091797
JVASP-537,42.71,40.78125
JVASP-8173,39.41,41.9375
JVASP-100180,45.23,43.15625
JVASP-72160,40.48,34.4375
JVASP-115599,13.42,16.4375
JVASP-46497,120.93,154.25
JVASP-120283,23.31,28.015625
JVASP-2235,27.69,23.875
JVASP-17167,157.67,181.375
JVASP-115053,38.71,33.4375
JVASP-55156,185.4,236.25
JVASP-24626,41.24,40.6875
JVASP-75639,76.53,49.71875
JVASP-36197,147.34,156.125
JVASP-15950,216.6,258.25
JVASP-99143,12.9,11.71875
JVASP-51723,66.37,74.5625
JVASP-74579,26.53,28.375
JVASP-56818,96.53,131.25
JVASP-14863,185.83,199.75
JVASP-115460,58.62,79.5625
JVASP-16569,38.83,42.34375
JVASP-11570,128.07,131.625
JVASP-111326,108.66,106.9375
JVASP-119996,91.37,90.3125
JVASP-1423,33.94,51.84375
JVASP-118608,24.98,25.390625
JVASP-15852,61.71,60.0625
JVASP-10870,81.92,100.5
JVASP-20512,133.97,134.5
JVASP-37282,49.97,56.15625
JVASP-28971,31.53,13.8828125
JVASP-49957,105.14,129.75
JVASP-118271,73.82,86.1875
JVASP-65771,0.0,33.0
JVASP-106749,50.34,41.875
JVASP-18554,31.63,36.84375
JVASP-9794,32.58,32.84375
JVASP-8178,204.97,222.875
JVASP-15583,126.0,136.25
JVASP-5293,160.08,197.75
JVASP-25284,99.41,111.6875
JVASP-18854,108.13,119.875
JVASP-121307,55.24,64.125
JVASP-4173,21.99,24.109375
JVASP-17472,160.52,172.125
JVASP-52006,16.17,22.96875
JVASP-74692,150.94,139.5
JVASP-118692,44.88,32.125
JVASP-39151,56.47,55.84375
JVASP-12474,57.12,56.09375
JVASP-1306,75.37,87.9375
JVASP-37757,43.93,44.40625
JVASP-16634,99.46,109.5
JVASP-118257,20.47,25.0
JVASP-118332,-3.37,0.42285156
JVASP-74169,11.16,12.9921875
JVASP-25035,28.14,28.890625
JVASP-18186,185.32,192.5
JVASP-5659,14.97,16.84375
JVASP-14760,35.37,37.71875
JVASP-78628,19.82,17.875
JVASP-40783,138.9,170.25
JVASP-12118,35.81,33.53125
JVASP-17528,47.5,45.90625
JVASP-14658,58.07,61.28125
JVASP-110577,67.37,77.6875
JVASP-14526,124.0,124.0
JVASP-114581,16.3,16.109375
JVASP-102180,154.4,151.5
JVASP-86148,129.73,152.25
JVASP-5446,11.61,7.2382812
JVASP-121202,36.57,26.1875
JVASP-69082,26.43,25.53125
JVASP-115176,63.3,72.5625
JVASP-33935,51.83,48.6875
JVASP-118615,84.06,82.8125
JVASP-9077,42.02,39.28125
JVASP-18443,143.19,134.625
JVASP-8009,21.13,16.890625
JVASP-12882,16.44,15.7421875
JVASP-94930,46.71,57.375
JVASP-52774,37.9,41.3125
JVASP-24934,94.06,88.4375
JVASP-9384,156.04,158.875
JVASP-38400,42.77,41.0625
JVASP-15455,155.77,156.75
JVASP-14938,31.12,38.0
JVASP-10034,115.4,118.3125
JVASP-70920,275.4,235.5
JVASP-65631,27.8,24.796875
JVASP-75658,90.33,27.75
JVASP-99043,0.0,14.6640625
JVASP-87022,125.74,118.375
JVASP-1771,53.04,64.3125
JVASP-7651,20.41,12.96875
JVASP-115314,63.37,62.40625
JVASP-39452,167.01,183.375
JVASP-41202,199.73,212.375
JVASP-35377,135.79,137.625
JVASP-18424,95.04,87.0625
JVASP-22735,39.27,38.0
JVASP-16312,137.57,155.875
JVASP-115461,19.11,17.578125
JVASP-109824,69.66,74.0
JVASP-28912,4.95,18.28125
JVASP-118847,14.97,17.546875
JVASP-26382,96.21,81.25
JVASP-17669,129.78,113.0625
JVASP-16004,132.2,138.625
JVASP-91637,30.33,19.890625
JVASP-19087,47.14,52.09375
JVASP-64303,189.13,189.625
JVASP-120095,33.7,36.3125
JVASP-51016,48.0,44.71875
JVASP-115488,-5.51,-5.1679688
JVASP-57276,37.47,63.96875
JVASP-40226,44.7,42.46875
JVASP-17698,133.27,145.0
JVASP-67629,47.48,48.71875
JVASP-15195,177.56,182.25
JVASP-118696,59.93,67.125
JVASP-44428,131.94,131.25
JVASP-117572,30.4,24.53125
JVASP-118697,23.91,29.234375
JVASP-68275,193.73,201.25
JVASP-14507,42.37,44.46875
JVASP-86331,52.0,50.03125
JVASP-75876,0.19,35.75
JVASP-103068,29.27,24.671875
JVASP-34184,162.33,160.625
JVASP-114087,14.39,15.28125
JVASP-68563,57.62,54.0
JVASP-22498,36.42,39.65625
JVASP-93444,113.21,132.5
JVASP-37390,55.82,61.46875
JVASP-16777,64.42,60.0
JVASP-18022,90.1,93.3125
JVASP-22904,40.93,41.15625
JVASP-120896,103.77,99.1875
JVASP-78373,42.07,50.3125
JVASP-100256,54.52,63.53125
JVASP-115398,84.23,91.75
JVASP-67368,209.06,182.375
JVASP-8190,33.53,30.46875
JVASP-18071,39.9,37.15625
JVASP-11136,26.93,30.78125
JVASP-64466,6.87,5.5429688
JVASP-23746,151.2,161.625
JVASP-69018,32.47,61.21875
JVASP-15903,47.53,48.84375
JVASP-9995,73.66,89.6875
JVASP-19051,89.04,88.0
JVASP-9072,76.96,76.875
JVASP-118874,23.37,20.234375
JVASP-91378,133.54,136.625
JVASP-38222,6.5,7.9023438
JVASP-101477,30.81,38.375
JVASP-74464,29.12,34.5625
JVASP-90601,34.54,30.53125
JVASP-99911,146.22,160.125
JVASP-14399,109.66,122.3125
JVASP-8008,247.63,235.75
JVASP-16242,86.84,91.8125
JVASP-20507,262.91,278.75
JVASP-36147,186.93,189.875
JVASP-120160,68.26,71.625
JVASP-29781,128.84,140.375
JVASP-8205,41.83,42.3125
JVASP-8084,48.57,48.25
JVASP-25289,282.42,206.5
JVASP-86527,21.5,21.5
JVASP-16526,79.7,87.9375
JVASP-91382,196.07,163.25
JVASP-51026,30.84,27.15625
JVASP-26365,70.96,81.125
JVASP-111347,81.17,88.75
JVASP-74622,109.97,121.25
JVASP-7794,171.03,182.875
JVASP-90062,160.94,167.75
JVASP-17426,199.5,198.75
JVASP-115491,73.41,72.75
JVASP-9456,91.93,93.75
JVASP-40032,247.63,217.25
JVASP-2841,34.43,26.796875
JVASP-50442,40.13,42.28125
JVASP-69258,19.29,18.9375
JVASP-20636,178.34,188.75
JVASP-93367,62.61,94.25
JVASP-67074,43.2,42.96875
JVASP-36116,39.12,43.5
JVASP-28765,44.27,28.671875
JVASP-15851,157.06,148.75
JVASP-15994,64.97,69.4375
JVASP-119928,-0.74,-5.21875
JVASP-16611,171.1,207.125
JVASP-15272,64.26,68.0
JVASP-9750,162.68,165.125
JVASP-39456,157.51,172.5
JVASP-69259,16.97,15.5546875
JVASP-102861,56.27,50.9375
JVASP-29887,43.06,17.46875
JVASP-8052,44.34,50.0
JVASP-116526,58.57,68.625
JVASP-16353,82.4,68.25
JVASP-114014,235.37,212.125
JVASP-12926,23.36,22.390625
JVASP-90378,26.57,30.90625
JVASP-36214,218.58,315.5
JVASP-18084,105.74,107.75
JVASP-7889,94.12,107.8125
JVASP-113786,47.97,45.875
JVASP-69323,17.93,16.703125
JVASP-71541,85.8,78.5
JVASP-51204,122.7,146.5
JVASP-86948,18.06,17.734375
JVASP-90830,147.88,168.125
JVASP-10976,77.37,74.0625
JVASP-57600,46.4,36.65625
JVASP-21564,169.97,180.625
JVASP-1390,93.6,93.3125
JVASP-64610,14.17,14.3359375
JVASP-78584,31.3,29.578125
JVASP-71860,5.03,140.125
JVASP-69314,27.17,28.8125
JVASP-2673,30.56,28.703125
JVASP-4334,63.36,67.8125
JVASP-71915,113.89,113.9375
JVASP-114627,9.16,6.625
JVASP-118450,80.43,70.75
JVASP-64767,8.93,8.6640625
JVASP-120057,13.81,22.65625
JVASP-1256,75.3,81.5625
JVASP-4654,163.46,177.25
JVASP-16034,65.01,70.25
JVASP-9938,81.17,99.4375
JVASP-43957,48.12,46.21875
JVASP-75,59.89,71.0
JVASP-7873,40.31,40.6875
JVASP-15241,143.34,158.25
JVASP-117494,12.11,22.40625
JVASP-20228,307.53,323.25
JVASP-19974,84.97,84.625
JVASP-17643,154.21,162.875
JVASP-73300,118.42,118.4375
JVASP-18907,25.57,29.484375
JVASP-36433,75.4,73.625
JVASP-19372,204.19,200.625
JVASP-36108,70.89,50.90625
JVASP-20487,230.2,242.75
JVASP-36168,190.97,201.5
JVASP-36662,196.76,215.0
JVASP-4552,46.77,41.84375
JVASP-114993,34.01,52.65625
JVASP-116323,189.43,218.625
JVASP-21479,58.78,55.25
JVASP-108615,46.44,52.5625
JVASP-94993,71.29,67.9375
JVASP-93353,198.04,205.125
JVASP-93519,41.28,28.1875
JVASP-35089,98.32,101.625
JVASP-50915,109.53,122.4375
JVASP-36976,20.18,19.703125
JVASP-92533,84.5,84.0
JVASP-75839,184.3,193.0
JVASP-36311,151.73,158.125
JVASP-2679,31.38,33.875
JVASP-40441,54.2,51.125
JVASP-10579,71.64,69.1875
JVASP-9613,39.32,36.25
JVASP-51519,75.43,88.375
JVASP-37156,42.97,39.4375
JVASP-7854,90.37,100.75
JVASP-71054,246.47,212.25
JVASP-74526,83.53,84.75
JVASP-11001,119.74,125.5
JVASP-25062,138.13,153.875
JVASP-110512,21.9,17.171875
JVASP-46406,85.86,93.5
JVASP-116380,33.57,26.640625
JVASP-40492,173.1,187.875
JVASP-13898,176.81,192.25
JVASP-105612,35.83,35.40625
JVASP-50193,73.6,61.125
JVASP-75547,94.77,103.75
JVASP-18848,83.21,89.625
JVASP-65670,30.43,27.9375
JVASP-70446,109.58,100.6875
JVASP-18010,66.1,67.75
JVASP-14748,98.6,95.4375
JVASP-9495,52.12,89.375
JVASP-3687,52.74,40.21875
JVASP-40549,117.9,125.0
JVASP-11398,151.91,153.0
JVASP-15793,87.06,92.0
JVASP-24592,20.7,16.625
JVASP-101758,50.23,46.625
JVASP-39203,111.93,117.1875
JVASP-92729,131.48,140.875
JVASP-38310,76.73,86.375
JVASP-8124,39.78,34.0625
JVASP-36113,86.8,86.4375
JVASP-35497,127.26,136.875
JVASP-808,44.43,45.65625
JVASP-70317,55.48,62.3125
JVASP-67656,73.42,80.875
JVASP-37999,27.83,28.34375
JVASP-38425,67.07,68.0625
JVASP-90807,19.0,23.25
JVASP-26405,75.91,82.25
JVASP-101789,51.56,33.5
JVASP-10688,25.92,27.25
JVASP-63918,13.73,18.28125
JVASP-71897,110.8,113.0
JVASP-72022,62.51,57.5625
JVASP-8048,60.3,50.34375
JVASP-11492,80.09,82.0
JVASP-41642,160.03,184.0
JVASP-117948,-0.26,-0.4519043
JVASP-12002,78.48,69.3125
JVASP-71747,35.22,41.21875
JVASP-35690,157.4,183.5
JVASP-29106,29.0,7.6875
JVASP-66335,19.87,16.703125
JVASP-34071,47.81,38.40625
JVASP-35164,111.19,109.5
JVASP-69044,39.17,45.875
JVASP-74799,18.6,19.0
JVASP-16663,38.22,31.828125
JVASP-80040,202.27,183.5
JVASP-36677,188.88,187.375
JVASP-60667,21.97,20.484375
JVASP-93377,377.66,389.75
JVASP-118056,17.28,19.4375
JVASP-11183,191.79,199.375
JVASP-37157,41.44,36.0625
JVASP-48915,75.13,77.875
JVASP-95420,41.37,40.75
JVASP-18370,26.68,52.96875
JVASP-93794,118.61,108.875
JVASP-118008,110.28,106.5625
JVASP-65122,47.57,124.5
JVASP-116229,5.22,34.90625
JVASP-14009,82.08,87.0625
JVASP-12057,31.47,36.03125
JVASP-10357,79.72,82.75
JVASP-43552,178.44,175.5
JVASP-49864,167.02,163.375
JVASP-64980,97.13,101.8125
JVASP-9769,131.58,135.5
JVASP-36380,234.7,226.875
JVASP-92174,48.69,41.75
JVASP-38925,89.59,94.1875
JVASP-29443,55.31,45.0625
JVASP-114805,45.88,44.53125
JVASP-110390,95.81,84.5625
JVASP-14789,61.0,55.03125
JVASP-70751,51.61,50.1875
JVASP-4403,180.53,175.0
JVASP-25270,39.92,33.84375
JVASP-89946,62.46,66.875
JVASP-15050,117.59,129.5
JVASP-9712,158.1,161.75
JVASP-39845,192.7,181.875
JVASP-25276,4.4,2.7460938
JVASP-94870,57.38,58.1875
JVASP-18089,69.32,73.375
JVASP-121229,27.74,23.234375
JVASP-102062,37.6,43.875
JVASP-70154,92.12,97.3125
JVASP-1519,87.83,86.625
JVASP-8641,36.6,56.125
JVASP-71922,226.53,180.375
JVASP-16894,190.33,181.125
JVASP-41478,140.8,122.375
JVASP-104983,125.46,115.8125
JVASP-71768,178.12,214.5
JVASP-12755,16.89,22.5625
JVASP-14652,244.4,234.625
JVASP-8087,44.34,55.03125
JVASP-121220,56.7,53.53125
JVASP-25324,16.63,10.5234375
JVASP-57579,56.33,66.8125
JVASP-7851,191.7,177.375
JVASP-28814,34.62,22.234375
JVASP-54745,53.36,51.5
JVASP-90784,63.18,59.25
JVASP-90335,18.37,22.140625
JVASP-15468,96.72,89.75
JVASP-30292,13.24,18.828125
JVASP-106562,131.13,114.6875
JVASP-14093,47.6,35.5
JVASP-12557,49.26,51.375
JVASP-30266,68.14,59.53125
JVASP-10362,56.88,48.65625
JVASP-92559,220.8,212.125
JVASP-36810,21.23,21.546875
JVASP-10251,35.97,31.40625
JVASP-40429,20.81,17.703125
JVASP-118846,49.31,46.03125
JVASP-14598,41.6,37.65625
JVASP-37889,38.56,43.5625
JVASP-35532,137.19,136.75
JVASP-25776,84.98,89.9375
JVASP-45995,128.78,110.6875
JVASP-115223,34.22,25.484375
JVASP-50919,124.62,134.5
JVASP-8697,16.94,16.015625
JVASP-115869,17.09,19.5625
JVASP-89222,171.28,200.375
JVASP-87097,19.91,15.90625
JVASP-100557,59.58,65.0625
JVASP-14572,193.19,173.625
JVASP-18562,194.7,186.0
JVASP-22514,141.27,106.9375
JVASP-18386,88.4,85.25
JVASP-63373,170.61,170.0
JVASP-93447,84.94,87.125
JVASP-8550,153.63,140.75
JVASP-15844,158.13,137.875
JVASP-115359,21.79,27.40625
JVASP-81987,45.9,40.125
JVASP-86307,13.37,15.578125
JVASP-66844,90.64,84.125
JVASP-69283,76.12,55.71875
JVASP-69918,94.76,90.25
JVASP-18391,89.83,78.1875
JVASP-52219,152.61,154.0
JVASP-8537,174.53,155.5
JVASP-75833,67.43,59.625
JVASP-117698,37.54,39.03125
JVASP-19755,172.27,157.125
JVASP-14002,179.41,163.125
JVASP-2769,54.07,51.8125
JVASP-20400,178.66,169.25
JVASP-67862,100.72,109.75
JVASP-68626,29.47,37.25
JVASP-116474,99.63,125.0625
JVASP-9718,27.11,28.75
JVASP-7925,93.06,77.875
JVASP-18471,0.0,49.21875
JVASP-17447,72.64,80.8125
JVASP-14837,183.4,174.625
JVASP-9707,69.69,71.875
JVASP-16775,146.88,140.0
JVASP-7670,43.63,36.46875
JVASP-41290,229.4,202.25
JVASP-37162,159.6,146.875
JVASP-75644,67.7,18.0
JVASP-36411,230.57,213.75
JVASP-58322,41.14,37.0625
JVASP-103358,40.01,37.03125
JVASP-99090,20.53,21.734375
JVASP-48549,41.58,45.4375
JVASP-21508,57.81,48.5
JVASP-23437,124.76,88.0
JVASP-18044,128.03,126.0
JVASP-20616,41.4,40.875
JVASP-66848,44.04,45.34375
JVASP-36630,237.8,214.0
JVASP-21532,130.97,99.4375
JVASP-1792,181.21,172.875
JVASP-106204,23.93,21.1875
JVASP-74495,125.81,136.75
JVASP-24602,16.62,16.03125
JVASP-8644,126.51,119.0625
JVASP-35747,45.44,36.21875
JVASP-93786,118.67,102.0625
JVASP-22671,144.96,117.1875
JVASP-35883,92.66,71.75
JVASP-100385,132.73,138.125
JVASP-15698,113.58,99.0625
JVASP-2523,21.38,26.125
JVASP-8545,98.4,100.625
JVASP-119933,11.2,17.109375
JVASP-110262,55.47,46.28125
JVASP-10118,40.21,35.25
JVASP-14720,0.44,58.53125
JVASP-67700,166.63,140.25
JVASP-91450,27.62,24.984375
JVASP-40207,63.23,45.75
JVASP-43636,73.32,65.4375
JVASP-14204,11.54,14.734375
JVASP-17182,45.57,41.34375
JVASP-18190,203.03,184.25
JVASP-40797,121.6,115.125
JVASP-18304,230.7,193.875
JVASP-14618,12.12,11.9140625
JVASP-56303,134.99,122.3125
JVASP-18015,154.13,136.5
JVASP-78669,72.87,66.75
JVASP-114604,12.93,1.4345703
JVASP-35168,119.72,108.0625
JVASP-51222,57.3,56.0625
JVASP-88052,56.98,70.8125
JVASP-9589,65.77,38.78125
JVASP-66605,17.67,12.8046875
JVASP-15483,225.16,208.75
JVASP-29369,48.93,39.15625
JVASP-53402,35.69,31.78125
JVASP-12028,16.38,17.265625
JVASP-5200,20.3,23.40625
JVASP-34179,85.4,89.375
JVASP-115773,188.8,185.625
JVASP-120902,37.67,31.671875
JVASP-4423,40.98,36.5
JVASP-9363,100.61,106.1875
JVASP-100657,109.47,96.0
JVASP-1789,134.5,122.3125
JVASP-107708,79.86,68.0
JVASP-86563,65.91,71.1875
JVASP-14601,36.5,33.25
JVASP-25274,438.06,378.0
JVASP-116141,14.99,8.65625
JVASP-103746,91.64,87.0
JVASP-74805,160.26,150.75
JVASP-10134,119.93,93.9375
JVASP-44991,115.52,96.6875
JVASP-50426,210.28,192.75
JVASP-118302,47.23,42.3125
JVASP-50993,67.49,59.53125
JVASP-67905,160.61,154.75
JVASP-110492,52.91,46.0
JVASP-75465,95.4,91.0625
JVASP-74044,118.87,117.0
JVASP-39582,154.12,150.75
JVASP-14939,120.33,117.6875
JVASP-10175,141.91,128.75
JVASP-39022,49.4,44.125
JVASP-3432,39.48,35.0
JVASP-108052,229.53,185.625
JVASP-14786,88.21,76.125
JVASP-11820,95.5,88.5625
JVASP-64890,148.03,133.0
JVASP-41956,75.03,58.40625
JVASP-48629,75.06,82.375
JVASP-57177,35.59,25.90625
JVASP-101712,47.18,36.3125
JVASP-36598,166.2,151.75
JVASP-35981,313.8,255.0
JVASP-120370,99.71,73.0
JVASP-14200,147.29,141.5
JVASP-8673,52.7,42.46875
JVASP-14615,69.93,73.0
JVASP-66661,25.07,14.734375
JVASP-74689,150.51,139.75
JVASP-14152,59.31,39.65625
JVASP-2394,51.9,43.40625
JVASP-114128,27.08,23.0
JVASP-93832,45.36,41.4375
JVASP-71982,215.12,157.75
JVASP-107508,44.33,38.59375
JVASP-19771,172.1,148.625
JVASP-102159,142.4,125.3125
JVASP-11504,59.33,55.4375
JVASP-100658,116.36,113.5625
JVASP-18415,92.5,69.5625
JVASP-100575,22.6,22.390625
JVASP-48,281.04,204.875
JVASP-116358,78.04,54.1875
JVASP-17170,169.07,150.0
JVASP-71089,111.74,86.5625
JVASP-67411,100.47,87.3125
JVASP-41730,27.07,24.59375
JVASP-100434,61.67,58.0
JVASP-49962,91.91,74.375
JVASP-41590,228.6,190.875
JVASP-103094,53.93,43.59375
JVASP-116405,167.9,236.75
JVASP-67131,189.3,171.0
JVASP-28725,37.07,32.0
JVASP-31195,81.48,73.125
JVASP-36222,254.07,204.5
JVASP-56743,104.97,83.0
JVASP-15332,64.9,57.65625
JVASP-92735,165.68,154.0
JVASP-16907,334.5,260.25
JVASP-43034,107.92,104.4375
JVASP-1363,183.27,155.875
JVASP-19968,105.28,101.1875
JVASP-40153,55.93,44.96875
JVASP-117688,24.51,27.71875
JVASP-5839,33.48,28.125
JVASP-29539,14.49,13.7578125
JVASP-17723,42.57,33.28125
JVASP-20284,43.71,45.25
JVASP-37178,84.66,103.8125
JVASP-35476,167.43,177.25
JVASP-1588,77.3,81.8125
JVASP-118541,89.33,100.1875
JVASP-17871,53.13,46.03125
JVASP-67625,63.71,45.5
JVASP-18475,48.51,62.78125
JVASP-25817,17.5,14.671875
JVASP-7759,123.43,116.0625
JVASP-15819,129.51,126.4375
JVASP-20245,176.73,198.125
JVASP-9411,161.54,183.375
JVASP-8181,25.77,23.734375
JVASP-75596,63.1,75.9375
JVASP-10537,21.74,25.359375
JVASP-41498,126.53,132.5
JVASP-20165,4.3,7.6757812
JVASP-18466,108.81,135.5
JVASP-99669,77.48,67.8125
JVASP-117720,40.16,34.0
JVASP-116440,33.9,29.34375
JVASP-54765,129.56,165.25
JVASP-74322,117.61,137.75
JVASP-120250,44.09,52.75
JVASP-2898,17.94,22.265625
JVASP-819,4.63,7.828125
JVASP-29532,19.36,22.890625
JVASP-3594,29.41,36.65625
JVASP-17681,83.37,84.875
JVASP-103668,180.61,195.25
JVASP-17953,97.97,107.9375
JVASP-15884,240.57,261.75
JVASP-8150,77.59,45.375
JVASP-17869,82.33,88.1875
JVASP-37951,73.87,76.0625
JVASP-20148,81.24,83.125
JVASP-115466,27.68,25.125
JVASP-48017,172.31,214.375
JVASP-67371,80.47,84.5
JVASP-17541,82.2,82.0
JVASP-17883,51.47,46.375
JVASP-117726,26.27,24.09375
JVASP-11987,43.03,38.4375
JVASP-115085,178.27,167.5
JVASP-25208,44.56,47.96875
JVASP-60771,111.83,115.875
JVASP-30167,58.73,76.5
JVASP-14499,55.91,58.1875
JVASP-18008,110.77,114.1875
JVASP-106313,86.92,86.0
JVASP-38755,70.43,66.625
JVASP-37000,28.36,22.03125
JVASP-7685,69.21,76.0
JVASP-46510,126.17,132.375
JVASP-9265,63.88,87.5625
JVASP-8590,15.3,9.859375
JVASP-28544,68.58,74.125
JVASP-41096,29.7,34.75
JVASP-86687,75.11,78.9375
JVASP-9099,137.3,175.25
JVASP-116078,88.76,82.5
JVASP-92177,83.8,88.6875
JVASP-70958,22.6,26.328125
JVASP-115047,47.73,36.28125
JVASP-57661,109.67,126.1875
JVASP-79009,208.8,207.0
JVASP-87037,59.27,62.3125
JVASP-106360,68.3,71.4375
JVASP-25065,13.82,13.546875
JVASP-16545,190.93,185.5
JVASP-14673,79.1,99.25
JVASP-28537,35.2,45.40625
JVASP-12331,25.77,26.421875
JVASP-62778,245.12,304.0
JVASP-44631,149.39,160.875
JVASP-120880,10.22,12.4609375
JVASP-16267,93.47,86.0
JVASP-16852,85.27,100.0
JVASP-69235,38.8,49.1875
JVASP-54722,112.47,128.875
JVASP-85783,5.37,11.140625
JVASP-36659,53.41,57.96875
JVASP-85681,1.88,36.46875
JVASP-100576,68.03,69.375
JVASP-15242,176.1,181.5
JVASP-5218,11.39,5.6367188
JVASP-74171,37.51,32.21875
JVASP-22421,34.93,45.84375
JVASP-100055,14.38,12.3828125
JVASP-29700,28.64,30.390625
JVASP-12500,25.7,29.8125
JVASP-67651,89.27,116.1875
JVASP-79527,34.24,28.015625
JVASP-68892,66.89,107.625
JVASP-54897,45.37,48.40625
JVASP-50976,131.26,142.125
JVASP-90628,11.4,20.484375
JVASP-7683,117.71,116.5625
JVASP-35828,30.62,22.71875
JVASP-100038,56.64,60.21875
JVASP-11287,32.42,52.84375
JVASP-13286,119.9,143.0
JVASP-131,42.97,41.09375
JVASP-18005,47.6,47.125
JVASP-13290,91.6,103.625
JVASP-18256,56.14,61.5
JVASP-52438,52.89,52.75
JVASP-90893,27.07,32.65625
JVASP-30538,55.43,56.78125
JVASP-36985,76.83,80.4375
JVASP-93491,111.17,125.5625
JVASP-35503,83.3,85.8125
JVASP-120249,78.24,85.0
JVASP-57374,29.41,27.109375
JVASP-20836,166.42,191.25
JVASP-9991,18.46,27.9375
JVASP-22721,28.96,27.53125
JVASP-12535,14.51,14.1640625
JVASP-20106,121.47,115.6875
JVASP-68395,35.81,36.40625
JVASP-106625,36.03,49.375
JVASP-24261,27.01,42.84375
JVASP-15721,37.41,38.8125
JVASP-9278,74.62,97.6875
JVASP-115406,57.09,53.09375
JVASP-19731,209.73,204.25
JVASP-115666,35.81,63.53125
JVASP-4828,137.86,183.625
JVASP-14645,165.63,169.0
JVASP-63504,25.13,34.53125
JVASP-74633,95.21,87.125
JVASP-9410,164.47,174.25
JVASP-37405,104.73,111.75
JVASP-38816,143.3,151.75
JVASP-106315,60.39,55.25
JVASP-9672,112.3,114.625
JVASP-210,46.27,50.46875
JVASP-110768,80.4,71.9375
JVASP-100292,70.52,65.0625
JVASP-64955,66.33,70.375
JVASP-19865,157.71,143.875
JVASP-114394,31.49,43.84375
JVASP-42764,109.08,102.9375
JVASP-22601,23.07,25.390625
JVASP-39044,69.77,61.0
JVASP-1657,43.82,46.3125
JVASP-20590,284.13,276.5
JVASP-31871,18.04,23.8125
JVASP-92255,141.43,155.125
JVASP-40658,55.22,68.0
JVASP-11393,20.19,25.125
JVASP-37180,160.57,180.125
JVASP-103814,48.81,42.375
JVASP-9459,138.39,134.0
JVASP-18045,103.0,95.0625
JVASP-111966,66.61,87.4375
JVASP-15649,70.13,70.125
JVASP-28601,37.71,49.4375
JVASP-66546,20.5,18.296875
JVASP-28855,1.96,20.09375
JVASP-18678,124.08,130.25
JVASP-40872,130.03,118.6875
JVASP-7960,47.43,47.375
JVASP-120944,13.84,18.203125
JVASP-26398,69.81,74.375
JVASP-64689,11.73,14.515625
JVASP-20401,284.13,284.0
JVASP-114937,86.3,91.5625
JVASP-41459,69.83,63.78125
JVASP-17419,160.67,151.25
JVASP-7727,50.07,46.75
JVASP-62652,24.28,26.125
JVASP-39252,53.38,54.78125
JVASP-106385,73.71,75.9375
JVASP-16406,110.3,117.25
JVASP-114941,59.98,57.96875
JVASP-10055,201.2,196.75
JVASP-2433,65.93,69.25
JVASP-112574,164.99,171.5
JVASP-36130,186.73,193.625
JVASP-5278,33.46,26.859375
JVASP-77560,157.39,160.5
JVASP-37312,47.0,52.03125
JVASP-14492,248.03,226.375
JVASP-11813,80.16,77.625
JVASP-100969,133.53,158.5
JVASP-41707,42.97,44.25
JVASP-16230,239.59,244.375
JVASP-52247,86.34,105.4375
JVASP-2619,22.31,28.578125
JVASP-102985,102.6,109.8125
JVASP-52776,21.86,27.890625
JVASP-98965,32.84,33.09375
JVASP-16559,76.4,79.0
JVASP-20488,51.67,54.84375
JVASP-10721,46.87,46.0625
JVASP-2400,26.77,29.34375
JVASP-118027,11.56,18.40625
JVASP-37651,90.93,91.75
JVASP-36499,18.53,22.5
JVASP-152,33.73,34.4375
JVASP-12342,33.5,42.96875
JVASP-90286,0.05,56.125
JVASP-17779,46.54,87.3125
JVASP-118903,67.91,68.6875
JVASP-120924,98.53,103.1875
JVASP-85707,113.19,119.5
JVASP-65701,84.39,32.59375
JVASP-36839,168.83,189.0
JVASP-10096,29.57,28.109375
JVASP-121057,41.39,41.21875
JVASP-37289,62.4,59.09375
JVASP-9736,64.56,71.125
JVASP-106046,41.4,44.40625
JVASP-31161,54.63,53.4375
JVASP-12505,42.93,43.21875
JVASP-17884,69.07,72.75
JVASP-4180,15.36,16.390625
JVASP-39402,31.83,42.34375
JVASP-9703,185.93,206.75
JVASP-30194,54.47,54.9375
JVASP-69119,0.0,17.46875
JVASP-14975,144.47,143.375
JVASP-41866,85.33,89.25
JVASP-116409,94.38,111.625
JVASP-15346,134.22,143.625
JVASP-17615,97.82,100.25
JVASP-107262,136.27,140.125
JVASP-15718,272.7,306.75
JVASP-36733,9.98,15.515625
JVASP-8778,60.46,47.28125
JVASP-74182,198.2,185.75
JVASP-21540,21.99,25.171875
JVASP-109349,23.34,56.5
JVASP-17303,38.16,41.875
JVASP-18122,60.9,55.84375
JVASP-93228,54.58,54.90625
JVASP-36755,76.67,71.4375
JVASP-16927,88.77,106.875
JVASP-118360,0.12,6.21875
JVASP-8815,122.2,130.375
JVASP-8137,66.79,73.0
JVASP-75557,1.21,0.61035156
JVASP-63414,94.52,118.5625
JVASP-62827,18.06,22.5625
JVASP-66225,18.8,17.96875
JVASP-25169,-2.02,-1.0869141
JVASP-22027,84.99,66.3125
JVASP-93365,123.83,133.375
JVASP-10551,19.72,25.328125
JVASP-14011,23.6,27.0
JVASP-17729,38.87,45.625
JVASP-66182,10.73,9.078125
JVASP-64936,178.0,160.125
JVASP-30387,63.4,50.75
JVASP-116085,66.34,57.125
JVASP-11434,153.47,138.125
JVASP-15564,150.03,141.875
JVASP-18948,153.6,137.0
JVASP-114645,19.18,22.234375
JVASP-121244,99.83,99.3125
JVASP-15609,97.22,89.25
JVASP-19687,204.1,173.375
JVASP-8012,55.3,50.5
JVASP-7823,101.63,98.0625
JVASP-53430,204.29,164.25
JVASP-74869,42.48,36.03125
JVASP-20623,52.12,47.5625
JVASP-16063,119.57,133.25
JVASP-38423,37.73,29.125
JVASP-108663,45.2,70.6875
JVASP-35097,140.02,138.625
JVASP-86200,56.83,54.0
JVASP-118531,203.36,168.25
JVASP-100066,102.53,91.0625
JVASP-8188,196.0,159.0
JVASP-64931,180.62,168.75
JVASP-102990,153.61,137.375
JVASP-5809,32.12,29.546875
JVASP-65732,82.19,23.8125
JVASP-41256,191.13,174.0
JVASP-1044,305.2,284.0
JVASP-40020,214.37,138.0
JVASP-100621,28.23,24.40625
JVASP-39267,69.47,73.125
JVASP-70734,154.56,121.0625
JVASP-21948,54.1,43.375
JVASP-17859,35.1,31.890625
JVASP-64895,204.93,199.25
JVASP-28556,50.7,40.90625
JVASP-11752,44.34,41.125
JVASP-12036,36.1,37.21875
JVASP-66904,107.58,110.625
JVASP-9789,76.6,70.5
JVASP-100457,30.0,23.796875
JVASP-120384,36.14,34.28125
JVASP-65696,46.33,37.6875
JVASP-94845,42.04,32.03125
JVASP-52573,50.78,46.78125
JVASP-79486,76.72,74.0625
JVASP-56828,27.91,20.0
JVASP-103401,209.47,163.25
JVASP-101216,46.4,39.71875
JVASP-30571,101.88,80.9375
JVASP-41576,0.0,214.75
JVASP-114291,18.56,19.515625
JVASP-32171,16.24,14.7734375
JVASP-57703,56.72,58.0625
JVASP-18041,217.13,210.625
JVASP-40574,41.27,33.0
JVASP-7856,193.67,181.5
JVASP-93745,118.82,93.125
JVASP-85977,3.73,65.5
JVASP-17657,80.4,76.5625
JVASP-71864,31.38,130.75
JVASP-45896,87.08,85.3125
JVASP-8382,71.09,61.625
JVASP-120874,-12.48,8.7890625
JVASP-14819,64.68,45.25
JVASP-71386,50.69,42.875
JVASP-85413,133.53,126.375
JVASP-63235,59.96,49.46875
JVASP-11009,73.37,67.5
JVASP-37277,50.1,59.9375
JVASP-4819,86.6,87.4375
JVASP-68039,55.52,65.75
JVASP-71914,156.43,155.0
JVASP-28990,2.93,7.5078125
JVASP-36400,264.6,236.75
JVASP-15911,67.77,63.75
JVASP-8682,93.9,75.9375
JVASP-21,50.37,36.625
JVASP-65071,17.23,16.984375
JVASP-20651,60.83,61.71875
JVASP-38001,35.3,28.515625
JVASP-22430,232.91,215.5
JVASP-100619,47.5,39.03125
JVASP-57242,70.11,84.1875
JVASP-9090,234.0,208.625
JVASP-21473,123.76,106.5625
JVASP-38247,5.97,7.9296875
JVASP-35685,207.1,176.875
JVASP-78505,87.51,97.3125
JVASP-20414,285.2,259.25
JVASP-3516,25.31,18.859375
JVASP-36647,106.66,96.625
JVASP-92678,31.83,24.125
JVASP-20131,204.09,172.5
JVASP-101478,75.5,87.4375
JVASP-7886,193.47,196.125
JVASP-40246,115.28,105.5625
JVASP-117542,19.17,25.171875
JVASP-20070,322.4,286.5
JVASP-16903,87.42,78.9375
JVASP-22652,102.1,90.4375
JVASP-37220,122.77,102.9375
JVASP-1050,41.63,30.953125
JVASP-12759,18.78,18.984375
JVASP-93352,199.07,165.125
JVASP-68609,74.54,68.125
JVASP-120015,43.12,33.4375
JVASP-38502,15.17,14.265625
JVASP-36856,168.78,151.5
JVASP-8388,142.31,68.875
JVASP-116952,13.32,12.0625
JVASP-57870,36.33,21.78125
JVASP-67626,32.63,21.734375
JVASP-114656,-3.88,0.11376953
JVASP-69663,64.14,52.9375
JVASP-20559,64.5,64.375
JVASP-28520,68.64,41.75
JVASP-16727,95.27,82.6875
JVASP-34336,37.68,27.421875
JVASP-36259,99.67,86.875
JVASP-15208,149.0,148.75
JVASP-37054,123.17,120.625
JVASP-18009,116.56,98.1875
JVASP-12968,195.69,161.5
JVASP-102964,37.64,31.71875
JVASP-115727,25.51,20.09375
JVASP-16321,217.03,217.625
JVASP-75600,209.27,151.0
JVASP-29750,16.26,14.296875
JVASP-90025,118.11,114.125
JVASP-69165,53.31,58.84375
JVASP-93792,202.73,178.625
JVASP-29345,18.46,12.84375
JVASP-67538,100.1,95.6875
JVASP-68185,164.19,143.75
JVASP-3990,28.51,25.328125
JVASP-118601,56.42,50.71875
JVASP-20062,156.3,137.0
JVASP-115343,93.4,73.75
JVASP-115500,150.01,135.375
JVASP-16372,133.47,132.875
JVASP-74718,151.09,156.375
JVASP-21858,43.83,36.3125
JVASP-92561,126.64,129.625
JVASP-101574,30.36,26.53125
JVASP-120163,-2.51,1.5136719
JVASP-111058,47.06,36.28125
JVASP-29089,3.34,20.59375
JVASP-15427,186.4,166.5
JVASP-39959,82.89,83.1875
JVASP-79614,51.98,40.84375
JVASP-111760,149.03,136.875
JVASP-14984,122.87,104.0625
JVASP-63267,299.06,299.25
JVASP-106027,123.06,119.0625
JVASP-108620,67.41,90.25
JVASP-600,65.1,57.9375
JVASP-30539,25.13,29.109375
JVASP-16918,79.38,116.4375
JVASP-70825,0.0,252.5
JVASP-28972,2.3,15.96875
JVASP-25229,266.29,270.25
JVASP-15728,45.49,38.625
JVASP-103312,31.32,26.640625
JVASP-66389,21.57,16.0625
JVASP-115777,80.07,71.6875
JVASP-67520,207.56,209.875
JVASP-14536,71.23,61.375
JVASP-14684,54.77,58.59375
JVASP-85672,7.4,7.5
JVASP-9481,141.24,123.875
JVASP-71617,136.61,137.25
JVASP-14590,112.02,114.5
JVASP-122917,10.53,9.1171875
JVASP-36831,70.66,64.8125
JVASP-3999,25.42,19.453125
JVASP-99411,27.69,61.75
JVASP-7723,36.79,25.140625
JVASP-66541,12.47,13.0390625
JVASP-86892,19.49,15.1328125
JVASP-11289,204.23,191.375
JVASP-80499,65.37,55.96875
JVASP-75480,188.2,173.5
JVASP-49808,209.29,215.375
JVASP-68887,19.89,16.84375
JVASP-7672,190.6,179.875
JVASP-75589,158.67,177.25
JVASP-25633,25.73,23.234375
JVASP-29885,281.19,247.75
JVASP-118045,25.22,28.703125
JVASP-56659,51.77,42.1875
JVASP-33823,18.93,15.5859375
JVASP-10258,29.42,34.5625
JVASP-48544,45.39,43.4375
JVASP-69173,46.87,53.34375
JVASP-91852,232.13,210.25
JVASP-114040,67.77,66.9375
JVASP-64718,11.73,12.4765625
JVASP-69967,186.92,181.0
JVASP-36961,23.46,14.734375
JVASP-36554,288.77,251.625
JVASP-10252,150.4,145.5
JVASP-37263,68.7,59.0625
JVASP-41493,149.67,134.875
JVASP-65788,15.17,13.9453125
JVASP-14715,62.29,59.90625
JVASP-71810,215.32,170.875
JVASP-20388,74.13,73.125
JVASP-38203,5.71,4.9492188
JVASP-13795,56.54,47.03125
JVASP-116601,80.23,69.625
JVASP-120245,92.17,85.9375
JVASP-118707,66.0,55.03125
JVASP-28750,6.11,32.25
JVASP-9147,209.54,226.625
JVASP-117697,49.83,57.78125
JVASP-890,58.07,53.875
JVASP-40879,49.17,43.28125
JVASP-118222,81.96,66.375
JVASP-22546,103.8,94.25
JVASP-11161,43.2,32.0625
JVASP-12552,16.81,14.96875
JVASP-8588,22.3,18.703125
JVASP-20380,124.03,120.3125
JVASP-106499,38.41,36.03125
JVASP-75632,1.22,-7.1484375
JVASP-49952,23.68,20.78125
JVASP-9858,84.24,70.1875
JVASP-40578,85.6,72.625
JVASP-64386,8.87,11.78125
JVASP-38899,218.1,199.875
JVASP-115379,38.16,33.53125
JVASP-114715,134.2,114.4375
JVASP-20065,129.19,127.3125
JVASP-62131,135.78,121.875
JVASP-18802,43.91,34.0625
JVASP-9365,103.0,84.9375
JVASP-65043,12.27,12.4765625
JVASP-20154,62.64,56.9375
JVASP-21478,66.51,61.125
JVASP-41874,78.3,62.84375
JVASP-93360,86.93,77.5
JVASP-65251,117.23,99.625
JVASP-75774,81.13,45.875
JVASP-18759,164.27,153.0
JVASP-118555,31.72,34.25
JVASP-4588,33.8,22.453125
JVASP-35447,104.22,93.5625
JVASP-40813,120.83,116.5625
JVASP-30548,114.33,110.625
JVASP-18921,89.07,74.1875
JVASP-9386,179.31,158.5
JVASP-22584,138.09,111.875
JVASP-69070,50.14,49.5
JVASP-12325,76.91,65.0
JVASP-25319,110.23,102.75
JVASP-3324,75.83,60.625
JVASP-8735,93.97,84.5
JVASP-37875,198.17,217.25
JVASP-2265,65.37,64.75
JVASP-19863,144.8,135.375
JVASP-16226,80.0,69.4375
JVASP-28473,0.11,23.21875
JVASP-68260,222.41,213.25
JVASP-108076,35.27,26.0625
JVASP-12962,55.91,47.5
JVASP-69255,33.12,22.28125
JVASP-15954,47.87,45.46875
JVASP-10667,73.34,62.09375
JVASP-79188,49.79,45.09375
JVASP-15058,117.37,113.4375
JVASP-29210,3.28,23.65625
JVASP-9280,72.7,53.875
JVASP-107047,169.24,142.375
JVASP-106376,36.23,29.109375
JVASP-19745,83.27,87.25
JVASP-48807,83.59,72.25
JVASP-54693,78.82,72.5625
JVASP-14797,152.77,172.25
JVASP-13299,78.28,68.125
JVASP-17591,65.67,65.5625
JVASP-75481,188.2,175.125
JVASP-114349,75.08,67.9375
JVASP-35495,24.6,25.15625
JVASP-15221,171.27,169.625
JVASP-19940,57.29,55.28125
JVASP-66794,140.81,135.375
JVASP-17961,139.32,133.0
JVASP-18698,188.32,191.875
JVASP-37900,199.04,203.25
JVASP-9776,140.32,123.375
JVASP-28353,56.71,49.28125
JVASP-85834,76.14,78.875
JVASP-62724,16.22,9.3984375
JVASP-117458,14.56,5.6757812
JVASP-31801,10.23,14.8125
JVASP-69346,0.0,2.578125
JVASP-9402,149.22,130.5
JVASP-26752,70.13,60.9375
JVASP-7907,154.04,145.875
JVASP-115655,37.5,39.25
JVASP-121095,89.87,73.875
JVASP-118127,33.33,29.65625
JVASP-54453,30.72,53.375
JVASP-9461,85.36,84.9375
JVASP-33867,15.31,18.25
JVASP-8005,195.3,182.125
JVASP-7885,197.8,209.25
JVASP-99737,52.87,35.4375
JVASP-35362,96.99,92.0
JVASP-12048,12.28,12.359375
JVASP-64559,19.37,13.0703125
JVASP-16550,26.41,16.65625
JVASP-5668,22.59,17.296875
JVASP-115501,94.92,87.875
JVASP-120863,14.32,24.15625
JVASP-246,117.77,108.1875
JVASP-10332,115.44,93.125
JVASP-17307,89.51,75.1875
JVASP-21665,133.07,119.9375
JVASP-9134,239.47,248.75
JVASP-104499,24.96,14.2265625
JVASP-101466,148.66,145.125
JVASP-19972,145.73,143.0
JVASP-16173,63.13,60.84375
JVASP-11735,102.01,113.125
JVASP-74046,0.11,79.625
JVASP-19359,140.06,121.6875
JVASP-106288,36.76,33.84375
JVASP-105634,57.1,52.3125
JVASP-35663,104.07,96.625
JVASP-90679,208.7,288.0
JVASP-9212,142.18,127.6875
JVASP-37214,65.13,63.6875
JVASP-101011,49.93,51.46875
JVASP-2487,35.8,25.671875
JVASP-22669,12.14,14.484375
JVASP-54864,74.0,77.5625
JVASP-71980,45.62,40.0625
JVASP-22537,9.37,15.2109375
JVASP-118791,-15.34,47.75
JVASP-17720,99.71,97.3125
JVASP-59283,168.07,162.75
JVASP-94317,243.51,232.5
JVASP-93771,81.81,74.5
JVASP-118783,61.34,49.21875
JVASP-18146,157.7,147.875
JVASP-91985,102.09,72.4375
JVASP-67930,55.17,55.40625
JVASP-99773,44.8,36.71875
JVASP-20192,98.04,96.1875
JVASP-116120,32.38,25.609375
JVASP-66142,11.4,11.3046875
JVASP-57525,304.13,313.75
JVASP-19871,64.47,53.0
JVASP-29815,79.74,76.4375
JVASP-74216,191.63,188.625
JVASP-29840,59.73,50.28125
JVASP-4510,27.44,24.171875
JVASP-3807,47.63,42.875
JVASP-31202,22.63,14.890625
JVASP-75561,1.23,37.71875
JVASP-89184,22.7,14.8359375
JVASP-12049,47.47,41.75
JVASP-29211,28.13,15.140625
JVASP-18311,55.13,46.4375
JVASP-10360,108.22,90.875
JVASP-53012,237.33,236.375
JVASP-35069,88.48,89.5625
JVASP-85668,50.73,37.15625
JVASP-2727,51.46,44.5625
JVASP-117775,26.53,23.375
JVASP-19879,296.34,256.75
JVASP-39263,105.6,105.1875
JVASP-11167,181.76,167.75
JVASP-106047,18.91,15.421875
JVASP-52574,74.48,81.375
JVASP-15125,48.09,41.65625
JVASP-70248,194.23,180.375
JVASP-18248,59.14,84.25
JVASP-18766,124.93,113.5625
JVASP-22557,199.77,151.5
JVASP-50204,85.41,85.875
JVASP-36723,40.22,42.59375
JVASP-71709,238.02,221.0
JVASP-16846,288.3,267.5
JVASP-18267,44.71,41.75
JVASP-74581,59.13,65.4375
JVASP-117089,64.98,80.5
JVASP-18468,18.63,20.578125
JVASP-40203,57.97,57.0
JVASP-35005,127.56,146.375
JVASP-100086,56.63,64.0625
JVASP-100650,112.89,141.375
JVASP-810,26.59,34.96875
JVASP-116368,42.91,45.4375
JVASP-28942,2.86,35.71875
JVASP-115477,73.4,73.3125
JVASP-8062,58.32,71.9375
JVASP-17689,136.23,128.875
JVASP-25871,24.0,25.46875
JVASP-120103,45.04,45.90625
JVASP-18655,61.0,72.75
JVASP-1960,65.32,65.3125
JVASP-4285,32.16,45.5
JVASP-33313,20.64,22.90625
JVASP-115221,164.07,159.75
JVASP-5410,37.39,41.5625
JVASP-1576,82.24,82.5
JVASP-68351,37.03,73.25
JVASP-51123,88.6,112.3125
JVASP-9082,212.21,225.75
JVASP-9487,128.7,139.5
JVASP-114598,69.48,84.5
JVASP-74151,98.32,111.4375
JVASP-69274,12.86,10.1875
JVASP-100764,4.46,4.8554688
JVASP-114384,32.2,33.875
JVASP-71277,14.36,24.546875
JVASP-79062,14.84,18.3125
JVASP-18690,135.21,141.125
JVASP-65660,18.07,23.203125
JVASP-22731,50.83,58.6875
JVASP-116087,31.74,36.71875
JVASP-41467,114.6,129.5
JVASP-68078,124.29,126.0
JVASP-8269,65.97,86.9375
JVASP-95416,11.48,17.515625
JVASP-50812,13.79,21.796875
JVASP-65718,70.7,74.4375
JVASP-33808,17.78,18.5625
JVASP-116261,25.82,30.3125
JVASP-52356,81.7,75.875
JVASP-26825,188.7,199.875
JVASP-117740,15.28,34.5
JVASP-69315,31.91,34.875
JVASP-66968,124.83,163.25
JVASP-26419,75.52,84.4375
JVASP-38893,63.03,69.5625
JVASP-65010,83.8,90.25
JVASP-118080,7.04,10.6328125
JVASP-9445,133.08,149.5
JVASP-20170,132.09,135.5
JVASP-12682,82.2,98.9375
JVASP-54735,59.01,72.8125
JVASP-70876,29.39,34.96875
JVASP-117667,27.86,35.84375
JVASP-118940,54.32,55.125
JVASP-13894,31.13,27.15625
JVASP-22572,25.53,49.15625
JVASP-66135,23.8,26.09375
JVASP-8211,32.31,26.3125
JVASP-68786,0.0,43.15625
JVASP-37179,181.97,200.75
JVASP-11173,209.33,212.25
JVASP-41242,202.17,207.25
JVASP-40810,98.1,106.8125
JVASP-25298,33.2,31.125
JVASP-14679,244.67,249.875
JVASP-75595,1.22,14.546875
JVASP-37153,182.19,186.5
JVASP-14782,46.26,47.09375
JVASP-17831,75.3,77.0
JVASP-121310,35.57,37.53125
JVASP-57095,45.03,51.3125
JVASP-7902,53.89,48.1875
JVASP-11168,142.38,146.125
JVASP-12738,122.96,135.0
JVASP-22599,89.93,87.3125
JVASP-71854,240.72,248.75
JVASP-118311,-2.88,-1.1611328
JVASP-92628,95.08,98.0
JVASP-1672,49.39,53.875
JVASP-64289,14.97,21.578125
JVASP-17663,58.73,67.1875
JVASP-10736,56.28,64.0625
JVASP-121102,5.46,8.390625
JVASP-68061,161.72,154.0
JVASP-40491,64.6,105.4375
JVASP-16164,56.66,65.0625
JVASP-117868,27.18,33.28125
JVASP-91945,44.37,51.5
JVASP-55732,32.2,33.09375
JVASP-75739,1.22,81.6875
JVASP-100855,72.4,89.125
JVASP-75469,234.37,143.75
JVASP-20518,176.82,188.875
JVASP-18537,51.01,52.59375
JVASP-14970,193.58,194.25
JVASP-29575,67.97,70.375
JVASP-12037,51.87,61.59375
JVASP-30202,39.39,65.625
JVASP-114765,-3.09,1.4414062
JVASP-38817,90.5,104.0625
JVASP-16785,270.29,282.25
JVASP-85754,9.62,15.7421875
JVASP-70902,0.0,40.96875
JVASP-17815,0.0,47.78125
JVASP-14656,82.33,88.1875
JVASP-20964,197.71,225.875
JVASP-50380,150.16,167.25
JVASP-4279,9.12,16.90625
JVASP-16417,77.77,88.4375
JVASP-30759,70.24,58.71875
JVASP-67639,37.89,44.21875
JVASP-69,52.1,59.4375
JVASP-5770,11.83,14.65625
JVASP-120295,32.21,30.40625
JVASP-29787,34.59,49.28125
JVASP-12705,87.63,103.125
JVASP-56364,75.79,116.25
JVASP-3834,19.5,15.0078125
JVASP-24935,65.31,76.625
JVASP-115440,27.12,24.0
JVASP-8546,66.81,74.5625
JVASP-30644,77.51,53.125
JVASP-24633,62.54,82.625
JVASP-65561,24.13,28.265625
JVASP-20336,42.99,45.5625
JVASP-9647,55.14,46.34375
JVASP-18919,193.23,191.875
JVASP-16099,94.44,99.125
JVASP-68636,78.03,70.125
JVASP-29969,69.17,65.25
JVASP-7996,106.07,96.5
JVASP-115926,62.96,62.59375
JVASP-50665,51.54,62.0
JVASP-40828,140.23,157.125
JVASP-94955,123.71,136.75
JVASP-77275,0.59,6.3242188
JVASP-1486,77.3,76.9375
JVASP-34251,164.3,171.125
JVASP-93811,232.54,225.875
JVASP-15120,237.33,236.0
JVASP-9738,58.96,52.8125
JVASP-90825,14.93,15.2578125
JVASP-17475,131.92,175.75
JVASP-69220,14.23,14.578125
JVASP-16735,177.57,205.0
JVASP-28503,36.26,48.65625
JVASP-17430,58.96,62.25
JVASP-65500,36.64,32.4375
JVASP-23690,256.37,231.25
JVASP-116708,65.46,55.4375
JVASP-32735,9.54,17.40625
JVASP-35184,79.51,107.5
JVASP-93951,237.14,248.375
JVASP-17616,137.53,152.125
JVASP-28494,58.02,53.875
JVASP-18851,76.84,84.25
JVASP-88089,94.18,103.1875
JVASP-9285,63.94,57.1875
JVASP-11390,16.39,17.359375
JVASP-12702,85.04,80.875
JVASP-86485,29.26,38.65625
JVASP-15781,65.83,63.3125
JVASP-1615,30.02,35.90625
JVASP-68475,84.31,80.875
JVASP-5230,8.6,15.1796875
JVASP-14631,126.69,129.125
JVASP-71358,44.04,56.03125
JVASP-93232,137.33,160.25
JVASP-8564,16.27,11.765625
JVASP-75851,115.87,133.75
JVASP-7790,51.16,57.03125
JVASP-36193,89.86,97.4375
JVASP-118032,36.52,55.5
JVASP-30451,45.5,55.15625
JVASP-69844,19.85,144.25
JVASP-35830,22.86,18.140625
JVASP-14729,17.83,16.484375
JVASP-120109,27.03,39.4375
JVASP-54433,24.9,24.765625
JVASP-90843,15.97,14.734375
JVASP-68575,85.21,86.625
JVASP-93677,74.14,82.5625
JVASP-15387,144.27,137.875
JVASP-18208,81.73,86.75
JVASP-25306,437.4,394.5
JVASP-36480,30.7,30.96875
JVASP-7787,29.81,35.40625
JVASP-51459,188.77,198.875
JVASP-69197,23.67,20.140625
JVASP-2613,20.37,19.71875
JVASP-12896,17.57,26.390625
JVASP-1273,36.33,43.375
JVASP-117555,20.26,21.90625
JVASP-64453,13.6,13.484375
JVASP-8285,45.57,61.4375
JVASP-78685,110.73,127.125
JVASP-50613,24.73,23.3125
JVASP-95376,75.83,77.5625
JVASP-45992,137.67,109.8125
JVASP-30189,42.51,48.8125
JVASP-36468,27.5,29.703125
JVASP-30312,51.77,54.96875
JVASP-8391,181.96,173.625
JVASP-30076,32.82,37.9375
JVASP-52782,103.93,108.0
JVASP-28818,5.05,23.71875
JVASP-35932,44.24,45.34375
JVASP-885,46.89,54.0625
JVASP-75713,146.63,131.125
JVASP-86410,104.9,123.125
JVASP-15017,68.7,74.125
JVASP-104732,145.91,150.625
JVASP-29880,242.9,242.625
JVASP-102106,21.57,17.578125
JVASP-29102,43.42,37.78125
JVASP-16438,86.43,94.3125
JVASP-35029,74.9,85.1875
JVASP-12774,10.67,16.71875
JVASP-10704,34.18,34.5625
JVASP-68586,93.31,108.25
JVASP-8365,118.07,123.1875
JVASP-51330,94.9,92.625
JVASP-40478,43.09,40.28125
JVASP-7923,138.5,149.875
JVASP-10010,85.74,87.0
JVASP-85723,54.1,47.78125
JVASP-1393,77.43,80.5
JVASP-24262,66.9,69.625
JVASP-67853,147.74,166.125
JVASP-49807,0.11,208.25
JVASP-1591,97.63,86.5625
JVASP-17987,184.18,185.0
JVASP-19770,58.48,66.75
JVASP-110823,129.87,139.375
JVASP-119947,24.42,24.859375
JVASP-68541,29.87,42.78125
JVASP-15440,93.51,98.8125
JVASP-1720,40.73,42.5625
JVASP-87975,21.73,24.5625
JVASP-42064,137.4,149.125
JVASP-93961,80.19,81.3125
JVASP-5779,70.22,67.875
JVASP-51127,83.07,109.5625
JVASP-104946,70.37,83.0
JVASP-70873,77.47,88.625
JVASP-11435,43.4,48.3125
JVASP-15634,161.07,161.25
JVASP-20842,222.64,225.5
JVASP-103403,64.59,58.5625
JVASP-37916,86.23,89.625
JVASP-28858,6.94,2.3066406
JVASP-69526,157.57,163.0
JVASP-41695,204.6,205.875
JVASP-19108,116.03,98.5625
JVASP-18528,21.13,26.21875
JVASP-115225,77.12,84.125
JVASP-73922,227.34,157.875
JVASP-68161,40.43,46.625
JVASP-115540,23.42,24.84375
JVASP-8241,122.63,121.1875
JVASP-10914,109.9,88.4375
JVASP-69311,17.27,12.171875
JVASP-117691,21.21,23.53125
JVASP-15779,41.47,45.96875
JVASP-101382,24.03,23.484375
JVASP-109102,65.32,65.0
JVASP-79608,9.01,11.171875
JVASP-73969,98.32,103.8125
JVASP-67390,43.49,45.78125
JVASP-1079,51.57,54.8125
JVASP-17954,41.74,45.90625
JVASP-87061,113.42,112.75
JVASP-94909,86.29,92.5
JVASP-37028,170.63,177.0
JVASP-12745,41.54,42.96875
JVASP-64127,15.9,14.4296875
JVASP-41067,160.63,167.5
JVASP-28514,32.01,45.1875
JVASP-100959,45.09,55.03125
JVASP-1999,18.3,19.546875
JVASP-39772,196.4,191.375
JVASP-12927,35.96,41.8125
JVASP-118062,32.32,34.65625
JVASP-68241,154.73,147.375
JVASP-114784,32.14,35.59375
JVASP-51398,32.62,34.71875
JVASP-35176,180.07,164.5
JVASP-1351,68.5,71.875
JVASP-91574,124.89,113.0625
JVASP-116205,13.13,11.4921875
JVASP-117935,170.5,207.375
JVASP-36235,62.8,73.125
JVASP-22547,25.56,27.96875
JVASP-21248,21.33,24.28125
JVASP-99829,97.37,94.25
JVASP-79182,43.86,44.96875
JVASP-85687,33.84,39.75
JVASP-118952,83.84,91.25
JVASP-120856,19.38,23.828125
JVASP-100537,163.51,169.375
JVASP-66678,5.8,9.5703125
JVASP-100231,15.97,20.828125
JVASP-41928,112.3,104.9375
JVASP-2415,57.78,53.59375
JVASP-8555,29.97,34.28125
JVASP-36166,221.57,214.75
JVASP-100449,136.52,164.25
JVASP-93342,225.06,219.75
JVASP-85931,22.3,27.328125
JVASP-107471,48.92,55.53125
JVASP-12804,165.61,163.375
JVASP-57308,28.07,31.03125
JVASP-3789,62.04,68.5625
JVASP-32786,10.78,14.765625
JVASP-57390,125.28,126.5625
JVASP-18859,73.8,81.0625
JVASP-18687,142.57,132.25
JVASP-15975,50.39,56.625
JVASP-63394,299.14,280.25
JVASP-14403,110.64,109.125
JVASP-37038,103.5,99.3125
JVASP-119927,41.67,45.25
JVASP-116403,110.57,115.0
JVASP-74092,141.43,146.5
JVASP-21825,91.28,111.3125
JVASP-29571,29.63,34.96875
JVASP-118546,44.12,56.71875
JVASP-36413,27.89,34.625
JVASP-11995,176.8,186.875
JVASP-14689,33.9,38.1875
JVASP-115995,13.11,10.421875
JVASP-90606,20.9,25.765625
JVASP-117686,114.36,143.0
JVASP-94798,14.47,17.140625
JVASP-66406,22.27,20.03125
JVASP-8105,55.77,51.125
JVASP-87077,160.66,152.0
JVASP-18708,132.03,139.125
JVASP-114881,54.8,57.375
JVASP-16086,106.53,123.75
JVASP-86029,64.9,65.875
JVASP-26360,80.19,71.9375
JVASP-92709,70.98,76.1875
JVASP-36670,225.89,250.125
JVASP-30,178.97,200.875
JVASP-93483,182.27,164.875
JVASP-18405,82.93,89.5
JVASP-46518,96.17,100.75
JVASP-40058,33.27,38.21875
JVASP-114472,21.87,39.40625
JVASP-115370,-4.34,1.8515625
JVASP-64738,12.0,13.8515625
JVASP-14891,207.19,233.75
JVASP-29376,30.36,26.796875
JVASP-37533,43.87,45.46875
JVASP-111675,55.24,71.5
JVASP-20652,155.0,158.125
JVASP-64934,217.73,221.375
JVASP-1585,79.92,79.25
JVASP-101872,37.24,38.65625
JVASP-118423,24.62,19.640625
JVASP-7656,59.61,57.6875
JVASP-25189,12.23,12.5859375
JVASP-20202,12.3,13.8515625
JVASP-8616,50.91,48.90625
JVASP-64155,9.43,14.6796875
JVASP-35667,171.2,166.25
JVASP-10147,36.62,31.8125
JVASP-93666,196.32,170.125
JVASP-11349,93.34,104.375
JVASP-22634,145.28,146.375
JVASP-8487,84.27,94.5625
JVASP-17926,113.6,113.75
JVASP-9434,66.4,59.6875
JVASP-51154,144.9,151.25
JVASP-46238,97.86,106.5625
JVASP-12577,25.92,25.40625
JVASP-102129,0.0,14.3515625
JVASP-69062,27.52,22.390625
JVASP-91778,26.56,21.125
JVASP-101611,131.23,126.8125
JVASP-92596,173.63,207.5
JVASP-12190,42.86,44.3125
JVASP-120735,47.11,43.46875
JVASP-85155,87.53,85.375
JVASP-41911,182.27,183.0
JVASP-4240,44.72,48.03125
JVASP-118801,14.62,16.40625
JVASP-15413,169.87,174.75
JVASP-42666,10.2,17.765625
JVASP-20496,46.49,45.21875
JVASP-14620,45.19,46.8125
JVASP-13323,66.1,61.71875
JVASP-18258,252.57,275.75
JVASP-115725,15.54,18.4375
JVASP-54573,117.93,118.875
JVASP-117774,38.66,33.0
JVASP-94854,116.12,115.75
JVASP-20217,233.43,224.375
JVASP-69226,18.97,19.515625
JVASP-16773,55.97,59.0625
JVASP-91856,35.77,41.4375
JVASP-56447,166.03,170.25
JVASP-14814,16.73,14.5
JVASP-7764,182.09,174.875
JVASP-44469,23.42,20.84375
JVASP-111256,88.97,95.875
JVASP-120382,79.14,70.125
JVASP-16891,23.22,131.5
JVASP-16501,130.88,143.0
JVASP-57147,81.9,77.6875
JVASP-29046,1.92,26.34375
JVASP-116121,6.71,7.1914062
JVASP-115587,158.23,154.5
JVASP-8318,71.72,76.25
JVASP-85691,34.51,37.9375
JVASP-17545,87.13,76.3125
JVASP-105684,15.47,11.4140625
JVASP-88787,40.17,34.46875
JVASP-35385,48.67,54.625
JVASP-66257,14.13,11.3828125
JVASP-75504,1.23,50.03125
JVASP-36299,193.9,223.25
JVASP-44051,47.36,61.84375
JVASP-2616,104.14,104.5625
JVASP-31920,10.48,17.328125
JVASP-20968,38.27,42.875
JVASP-100235,51.63,55.75
JVASP-7682,42.61,38.625
JVASP-20541,67.98,59.4375
JVASP-20403,133.4,138.5
JVASP-40910,65.4,64.1875
JVASP-8768,12.0,20.984375
JVASP-93473,193.27,185.75
JVASP-2862,27.32,28.0
JVASP-43211,120.56,108.375
JVASP-19765,218.7,239.875
JVASP-14404,98.99,106.9375
JVASP-74651,158.33,154.75
JVASP-18250,87.31,87.1875
JVASP-17322,83.73,86.25
JVASP-9378,68.43,65.0
JVASP-114703,88.67,118.625
JVASP-34291,95.37,105.5
JVASP-44744,200.67,213.375
JVASP-7642,22.93,17.640625
JVASP-73888,118.8,113.375
JVASP-102668,58.48,55.90625
JVASP-117732,75.62,70.6875
JVASP-86095,17.8,16.078125
JVASP-71999,147.43,148.625
JVASP-91927,160.78,175.875
JVASP-29568,266.29,237.75
JVASP-14281,51.32,55.5625
JVASP-14298,59.89,60.40625
JVASP-30186,56.91,66.8125
JVASP-120097,45.81,38.09375
JVASP-594,66.28,47.5625
JVASP-111506,0.61,101.6875
JVASP-16738,239.67,240.375
JVASP-71974,213.04,199.875
JVASP-8374,95.01,117.8125
JVASP-30632,38.82,38.125
JVASP-14500,297.16,255.75
JVASP-9127,39.61,36.90625
JVASP-25159,33.33,32.78125
JVASP-3312,33.08,33.46875
JVASP-14600,20.97,29.265625
JVASP-111115,55.02,71.0625
JVASP-19394,148.23,158.875
JVASP-15613,124.29,132.5
JVASP-1495,30.47,30.59375
JVASP-4026,24.42,26.578125
JVASP-86414,52.12,51.03125
JVASP-37097,108.07,106.125
JVASP-21255,175.37,168.25
JVASP-107723,102.33,100.1875
JVASP-14922,184.72,181.375
JVASP-117746,26.5,29.703125
JVASP-89319,16.76,17.765625
JVASP-22085,94.79,100.3125
JVASP-12555,20.77,25.484375
JVASP-17510,111.67,113.75
JVASP-8640,2.98,96.3125
JVASP-8718,121.53,124.375
JVASP-3030,27.13,28.265625
JVASP-102128,12.32,15.796875
JVASP-120852,17.96,16.875
JVASP-54740,58.63,47.625
JVASP-15253,170.8,179.125
JVASP-109764,42.81,48.625
JVASP-108866,83.17,81.8125
JVASP-86894,293.02,264.5
JVASP-16348,15.42,17.421875
JVASP-9177,88.02,90.0625
JVASP-14165,19.96,29.53125
JVASP-100338,0.11,86.875
JVASP-120339,42.43,43.375
JVASP-9149,100.33,96.6875
JVASP-18213,52.34,53.0
JVASP-9483,73.5,76.0
JVASP-18950,252.33,262.0
JVASP-116149,28.69,18.609375
JVASP-13836,35.77,37.65625
JVASP-68997,29.27,30.609375
JVASP-115826,54.07,50.65625
JVASP-10073,167.37,153.75
JVASP-68987,0.0,12.640625
JVASP-18881,144.3,132.625
JVASP-20548,108.77,113.875
JVASP-118904,58.26,61.25
JVASP-20528,116.34,125.9375
JVASP-10481,25.59,29.140625
JVASP-64083,15.87,13.09375
JVASP-19817,154.87,162.0
JVASP-3723,40.59,36.5625
JVASP-11721,200.4,202.75
JVASP-14850,80.73,80.1875
JVASP-3384,34.67,35.6875
JVASP-115096,83.09,69.1875
JVASP-8119,114.8,104.625
JVASP-40250,199.77,209.0
JVASP-2448,54.48,53.96875
JVASP-8095,93.98,79.875
JVASP-69724,173.54,176.75
JVASP-18038,104.39,104.9375
JVASP-91755,20.4,15.9765625
JVASP-35444,162.0,178.375
JVASP-100467,52.17,48.625
JVASP-9684,163.33,148.125
JVASP-9136,130.38,128.25
JVASP-39875,27.03,17.75
JVASP-52179,62.07,60.25
JVASP-66730,28.33,31.453125
JVASP-3495,44.49,41.78125
JVASP-1067,36.23,38.90625
JVASP-42067,142.27,139.0
JVASP-91678,18.56,17.65625
JVASP-14811,38.46,39.0625
JVASP-22901,48.48,44.78125
JVASP-1468,81.13,83.5
JVASP-96736,87.27,85.4375
JVASP-57512,44.2,47.4375
JVASP-118722,139.93,190.0
JVASP-17353,199.53,179.875
JVASP-119983,34.83,39.03125
JVASP-8823,70.9,81.875
JVASP-14942,145.7,134.875
JVASP-8328,198.63,201.0
JVASP-106981,80.23,75.3125
JVASP-50051,115.82,126.3125
JVASP-8554,55.91,50.40625
JVASP-54783,189.67,195.125
JVASP-79761,2.81,116.1875
JVASP-94374,98.67,99.4375
JVASP-121124,31.76,27.734375
JVASP-100369,27.06,23.40625
JVASP-7639,15.33,7.7304688
JVASP-14540,55.0,56.125
JVASP-15336,92.5,88.6875
JVASP-42958,109.46,108.25
JVASP-75013,27.4,24.859375
JVASP-79580,24.13,21.859375
JVASP-72739,177.8,184.625
JVASP-39215,110.17,107.5625
JVASP-67760,68.33,67.4375
JVASP-20391,137.13,128.125
JVASP-8077,184.52,182.0
JVASP-71700,141.7,157.75
JVASP-101428,233.53,253.375
JVASP-95036,126.34,130.5
JVASP-65657,12.84,17.4375
JVASP-38462,23.53,22.796875
JVASP-105964,215.17,217.625
JVASP-1005,39.39,31.6875
JVASP-69399,128.19,138.0
JVASP-7786,37.84,29.28125
JVASP-16032,99.33,96.9375
JVASP-120855,20.3,17.484375
JVASP-78529,27.07,20.296875
JVASP-36055,55.5,56.3125
JVASP-67993,86.31,93.0625
JVASP-118839,25.86,24.671875
JVASP-2454,119.13,109.6875
JVASP-19727,214.8,181.5
JVASP-120078,14.89,10.453125
JVASP-216,39.49,39.59375
JVASP-117839,20.61,12.453125
JVASP-34199,29.36,24.59375
JVASP-67791,160.17,190.625
JVASP-57783,31.66,28.484375
JVASP-120952,195.0,200.25
JVASP-18042,76.53,71.5625
JVASP-94369,52.04,55.0
JVASP-20389,187.33,194.75
JVASP-117587,32.36,22.890625
JVASP-10087,11.93,15.2421875
JVASP-90575,67.82,64.8125
JVASP-3918,29.93,28.1875
JVASP-21084,155.44,148.75
JVASP-17522,157.07,166.125
JVASP-21570,81.72,78.25
JVASP-20247,42.8,37.78125
JVASP-17795,59.12,60.46875
JVASP-18664,84.01,89.875
JVASP-10913,63.6,59.75
JVASP-9403,28.18,27.96875
JVASP-15054,53.74,53.40625
JVASP-117843,56.44,46.28125
JVASP-12520,27.37,23.703125
JVASP-9454,61.98,62.46875
JVASP-15790,79.79,77.5
JVASP-86062,56.44,59.625
JVASP-1666,48.37,48.125
JVASP-12872,46.03,42.96875
JVASP-67833,153.57,116.375
JVASP-40268,60.9,55.09375
JVASP-29288,35.37,39.71875
JVASP-48586,103.8,123.625
JVASP-85405,67.81,70.4375
JVASP-29665,48.86,43.90625
JVASP-9407,97.9,109.0
JVASP-21781,129.88,150.5
JVASP-15323,98.2,96.4375
JVASP-110801,83.2,74.8125
JVASP-40823,169.5,175.0
JVASP-18065,84.41,87.4375
JVASP-35986,126.43,114.8125
JVASP-114982,18.6,23.0625
JVASP-40639,224.23,186.5
JVASP-38088,49.0,45.09375
JVASP-36902,51.77,55.71875
JVASP-18914,77.57,74.9375
JVASP-121224,18.29,19.40625
JVASP-69024,23.83,25.875
JVASP-38394,41.69,35.1875
JVASP-114336,40.94,69.3125
JVASP-14670,92.5,72.75
JVASP-25184,34.5,25.875
JVASP-1112,56.93,49.4375
JVASP-67619,172.48,173.75
JVASP-37007,148.41,145.875
JVASP-67393,141.51,150.125
JVASP-85411,74.91,71.5625
JVASP-50540,18.08,12.8984375
JVASP-21680,34.87,28.40625
JVASP-9824,87.0,96.0
JVASP-116158,77.77,72.1875
JVASP-9163,0.0,190.875
JVASP-36523,119.53,113.75
JVASP-39313,41.57,39.21875
JVASP-17381,121.18,117.8125
JVASP-20627,126.23,124.5
JVASP-62388,126.47,115.25
JVASP-114123,20.53,11.5
JVASP-35835,196.81,189.75
JVASP-116253,45.84,53.03125
JVASP-115904,22.66,16.046875
JVASP-117789,18.89,21.578125
JVASP-56717,149.27,140.5
JVASP-24628,25.63,9.3671875
JVASP-65109,42.24,35.65625
JVASP-118898,91.7,95.4375
JVASP-11321,27.06,28.921875
JVASP-36153,35.14,24.609375
JVASP-12543,17.89,12.0390625
JVASP-29135,27.98,18.015625
JVASP-26759,22.68,21.671875
JVASP-116994,180.56,173.25
JVASP-99606,168.8,168.5
JVASP-72026,233.26,227.0
JVASP-9085,21.98,20.796875
JVASP-90333,0.2,61.9375
JVASP-17595,140.67,137.875
JVASP-71740,169.33,168.0
JVASP-8712,86.3,77.8125
JVASP-14905,47.72,45.0625
JVASP-25121,100.18,98.375
JVASP-28841,5.06,9.171875
JVASP-66967,58.63,60.3125
JVASP-115617,210.42,248.5
JVASP-92633,94.98,90.875
JVASP-120108,41.58,34.5
JVASP-85934,56.91,48.28125
JVASP-15284,181.86,167.75
JVASP-25332,58.67,49.5625
JVASP-120300,33.02,36.53125
JVASP-100193,30.96,1.6708984
JVASP-65537,26.33,21.296875
JVASP-46269,128.02,122.8125
JVASP-95169,28.3,26.96875
JVASP-2175,22.62,18.78125
JVASP-85815,129.74,117.0
JVASP-3852,35.21,34.28125
JVASP-67786,60.72,60.75
JVASP-69735,160.58,163.75
JVASP-86772,24.74,12.5859375
JVASP-114617,99.24,98.375
JVASP-7752,128.88,127.375
JVASP-7860,42.1,38.59375
JVASP-3021,52.64,55.34375
JVASP-37161,39.21,34.25
JVASP-111093,48.46,44.75
JVASP-1819,53.19,42.6875
JVASP-11528,100.76,92.25
JVASP-52281,162.66,153.5
JVASP-87091,35.12,28.921875
JVASP-16615,192.2,185.375
JVASP-118539,82.09,73.125
JVASP-31671,18.09,14.3984375
JVASP-52568,219.37,200.875
JVASP-103078,62.98,52.34375
JVASP-20424,78.1,82.8125
JVASP-91274,38.14,39.9375
JVASP-20642,83.36,70.375
JVASP-115714,3.98,2.8457031
JVASP-54723,83.88,85.625
JVASP-92236,41.08,46.71875
JVASP-93815,318.18,303.75
JVASP-36429,219.77,210.0
JVASP-65437,98.66,111.1875
JVASP-115191,14.37,12.609375
JVASP-65381,60.93,58.40625
JVASP-28372,46.23,39.25
JVASP-12907,28.03,21.265625
JVASP-26335,83.48,75.3125
JVASP-20521,155.1,174.5
JVASP-92673,46.26,48.6875
JVASP-20953,160.4,155.5
JVASP-118550,20.27,23.078125
JVASP-37388,114.5,87.625
JVASP-14950,69.5,60.6875
JVASP-36513,20.4,20.96875
JVASP-19701,39.8,40.34375
JVASP-35062,92.06,89.0
JVASP-85785,12.81,5.453125
JVASP-29805,53.3,52.59375
JVASP-108770,41.02,44.5625
JVASP-103121,68.56,56.84375
JVASP-100645,199.67,185.75
JVASP-28820,5.31,16.453125
JVASP-51882,317.41,320.5
JVASP-9425,172.53,144.5
JVASP-25171,386.67,378.25
JVASP-28349,88.33,69.6875
JVASP-9257,50.49,105.625
JVASP-70719,123.72,114.625
JVASP-17812,175.14,167.25
JVASP-37105,124.57,127.875
JVASP-66264,12.57,22.40625
JVASP-38848,67.27,64.125
JVASP-86396,97.63,93.625
JVASP-88462,55.09,50.40625
JVASP-20980,109.22,92.0625
JVASP-67673,136.0,119.0
JVASP-35782,126.26,128.625
JVASP-117728,44.5,27.171875
JVASP-67440,122.28,111.3125
JVASP-85799,7.08,8.5078125
JVASP-11753,63.74,49.53125
JVASP-10223,207.0,194.75
JVASP-41466,165.92,136.5
JVASP-66471,20.47,16.765625
JVASP-35765,95.23,88.9375
JVASP-38240,6.87,5.0078125
JVASP-111830,64.36,69.1875
JVASP-17326,187.31,167.5
JVASP-40825,157.1,128.75
JVASP-117983,69.02,73.5625
JVASP-40609,207.13,189.875
JVASP-20306,112.7,108.5625
JVASP-37483,20.17,25.171875
JVASP-25381,45.06,34.53125
JVASP-86082,77.11,71.75
JVASP-15199,166.88,152.25
JVASP-67712,72.4,41.0
JVASP-36170,214.77,201.625
JVASP-21535,34.19,45.78125
JVASP-3837,46.88,40.875
JVASP-69948,197.88,183.125
JVASP-86503,203.0,181.75
JVASP-18955,137.79,118.125
JVASP-41706,199.33,192.25
JVASP-88369,80.92,80.5
JVASP-86860,15.34,12.953125
JVASP-118054,23.1,25.34375
JVASP-14808,33.2,31.375
JVASP-51926,105.73,98.625
JVASP-120248,58.42,50.3125
JVASP-38189,5.9,4.8398438
JVASP-3282,22.47,25.796875
JVASP-40385,63.52,55.78125
JVASP-114025,58.36,71.75
JVASP-118587,73.93,78.6875
JVASP-16594,91.62,86.1875
JVASP-18910,106.33,109.4375
JVASP-34182,34.73,37.6875
JVASP-35002,98.03,95.6875
JVASP-41354,65.57,64.3125
JVASP-58258,110.77,101.9375
JVASP-65547,23.77,30.59375
JVASP-115435,12.28,15.5625
JVASP-34568,103.4,98.875
JVASP-25330,39.14,32.875
JVASP-18342,52.43,38.90625
JVASP-43805,83.08,76.75
JVASP-121072,257.33,229.375
JVASP-34422,33.63,29.109375
JVASP-114281,115.38,108.375
JVASP-38303,19.9,19.0
JVASP-35491,30.84,43.78125
JVASP-21113,108.87,102.1875
JVASP-41088,263.73,227.875
JVASP-50723,72.9,75.1875
JVASP-8791,230.23,214.875
JVASP-43584,69.06,66.125
JVASP-117886,63.97,55.59375
JVASP-10666,170.96,160.375
JVASP-41869,142.7,132.0
JVASP-25825,48.72,37.53125
JVASP-1219,157.71,169.5
JVASP-38028,123.26,125.25
JVASP-39346,176.2,156.625
JVASP-17944,185.16,174.125
JVASP-99966,180.11,169.0
JVASP-104589,64.3,59.03125
JVASP-92560,128.16,119.875
JVASP-117914,25.67,22.921875
JVASP-115764,42.19,39.09375
JVASP-18024,113.82,91.3125
JVASP-30588,83.08,75.9375
JVASP-65736,116.24,74.1875
JVASP-118277,18.89,14.2421875
JVASP-11980,0.0,203.125
JVASP-68405,41.0,38.6875
JVASP-25797,46.64,49.78125
JVASP-14946,256.93,249.875
JVASP-8809,25.49,24.125
JVASP-105192,43.7,68.75
JVASP-67908,225.08,210.625
JVASP-93503,22.21,21.53125
JVASP-41168,198.14,175.625
JVASP-16647,148.71,140.75
JVASP-3150,111.93,98.3125
JVASP-115427,22.43,18.75
JVASP-19853,207.13,167.375
JVASP-16755,48.0,40.8125
JVASP-1261,53.47,33.6875
JVASP-71186,0.0,167.625
JVASP-118038,110.7,84.9375
JVASP-36149,219.29,168.5
JVASP-9419,45.59,49.6875
JVASP-103585,46.22,40.875
JVASP-17325,23.84,265.75
JVASP-8611,198.5,166.75
JVASP-18078,56.07,50.3125
JVASP-111630,216.18,202.75
JVASP-121253,22.56,24.203125
JVASP-85744,118.33,124.0
JVASP-41852,130.13,126.6875
JVASP-15418,190.6,166.625
JVASP-10051,132.28,154.5
JVASP-9388,155.9,150.25
JVASP-103222,196.37,195.875
JVASP-68818,54.63,40.78125
JVASP-14751,70.91,62.59375
JVASP-31168,113.83,93.9375
JVASP-287,105.5,76.75
JVASP-37879,38.92,32.1875
JVASP-16102,0.0,150.25
JVASP-121166,-1.03,0.79345703
JVASP-19726,42.0,40.59375
JVASP-105685,19.13,21.96875
JVASP-13159,23.71,29.75
JVASP-115698,10.06,7.796875
JVASP-54697,78.97,73.75
JVASP-2940,21.16,19.90625
JVASP-78738,126.6,125.875
JVASP-30177,28.37,19.265625
JVASP-10724,30.82,26.609375
JVASP-57777,54.3,46.40625
JVASP-18845,113.96,102.4375
JVASP-38584,104.62,104.6875
JVASP-14602,70.63,67.0
JVASP-40117,33.03,36.75
