ID,train_true,train_pred
JVASP-50168,0.69,10.9140625
JVASP-15114,8.34,7.875
JVASP-9659,121.57,123.9375
JVASP-79269,9.43,9.5625
JVASP-2265,36.38,33.96875
JVASP-234,49.07,50.84375
JVASP-75500,1.77,-0.16784668
JVASP-36174,157.94,144.25
JVASP-12033,7.69,8.1328125
JVASP-69497,10.19,8.4609375
JVASP-12804,66.67,69.25
JVASP-8729,57.6,58.28125
JVASP-2868,13.55,12.8984375
JVASP-28654,4.3,3.5097656
JVASP-64610,-10.16,-5.8710938
JVASP-3030,13.5,13.34375
JVASP-36997,9.21,8.3984375
JVASP-118091,12.79,11.546875
JVASP-1492,46.26,47.375
JVASP-3348,15.24,19.296875
JVASP-115072,18.63,16.953125
JVASP-7897,62.7,69.3125
JVASP-40836,-17.58,-17.359375
JVASP-20261,83.54,84.625
JVASP-1936,11.98,14.6953125
JVASP-12001,14.95,9.453125
JVASP-35513,82.35,75.4375
JVASP-115106,4.13,9.84375
JVASP-39974,30.12,34.375
JVASP-68973,15.45,16.8125
JVASP-9908,66.99,68.5625
JVASP-13067,13.56,1.2421875
JVASP-66977,37.0,35.0
JVASP-1420,11.74,11.796875
JVASP-37744,156.98,117.0
JVASP-109927,10.46,13.2734375
JVASP-12535,6.57,5.8085938
JVASP-1963,12.46,8.1875
JVASP-3054,13.04,12.015625
JVASP-106245,15.67,14.6953125
JVASP-91432,10.07,13.921875
JVASP-51262,28.86,24.03125
JVASP-29536,9.19,11.6953125
JVASP-92678,17.1,18.53125
JVASP-14630,86.74,76.3125
JVASP-114314,-1.14,-5.8515625
JVASP-16210,45.79,45.34375
JVASP-2931,13.55,20.03125
JVASP-36118,14.49,15.8828125
JVASP-93265,111.71,100.4375
JVASP-69364,4.49,1.4824219
JVASP-14650,102.69,92.75
JVASP-14665,35.16,38.78125
JVASP-90564,24.37,20.34375
JVASP-117603,16.39,17.203125
JVASP-39273,4.15,3.8554688
JVASP-78576,22.55,21.203125
JVASP-22498,38.93,43.6875
JVASP-118880,-2.38,-1.5605469
JVASP-50060,47.1,45.375
JVASP-46993,36.67,40.3125
JVASP-9699,35.81,28.234375
JVASP-7991,69.68,58.71875
JVASP-20384,111.56,103.3125
JVASP-15616,46.17,44.0
JVASP-13286,28.34,28.65625
JVASP-109161,59.83,53.28125
JVASP-78814,27.02,26.203125
JVASP-2619,6.79,7.8789062
JVASP-35003,56.54,46.4375
JVASP-99996,76.38,78.1875
JVASP-7653,44.22,50.53125
JVASP-37369,44.7,43.125
JVASP-19673,54.58,82.0
JVASP-14634,57.45,50.9375
JVASP-37259,31.66,32.21875
JVASP-14950,22.74,20.5625
JVASP-10668,33.09,32.59375
JVASP-67630,53.97,49.71875
JVASP-26529,-5.23,10.09375
JVASP-57703,36.19,33.5625
JVASP-10699,61.44,58.53125
JVASP-15453,52.42,50.0625
JVASP-18551,15.65,16.40625
JVASP-8215,25.78,22.265625
JVASP-17503,66.42,77.75
JVASP-1894,31.41,30.9375
JVASP-35127,36.47,25.328125
JVASP-9952,38.12,38.6875
JVASP-28765,32.06,29.78125
JVASP-22385,25.09,31.90625
JVASP-115817,-5.05,-5.4179688
JVASP-34341,54.43,54.75
JVASP-8326,23.29,16.46875
JVASP-42102,20.5,18.515625
JVASP-20396,87.13,85.5
JVASP-120374,20.35,17.8125
JVASP-92729,64.33,65.625
JVASP-29795,41.99,38.6875
JVASP-29867,20.41,18.09375
JVASP-41706,79.88,66.375
JVASP-100450,55.63,44.90625
JVASP-115112,7.74,8.8984375
JVASP-48307,27.94,26.484375
JVASP-21826,45.15,43.46875
JVASP-64974,-0.98,-2.4589844
JVASP-75767,1.99,-0.34033203
JVASP-10095,75.35,71.8125
JVASP-12551,38.52,35.3125
JVASP-70364,95.99,101.125
JVASP-40299,23.16,17.984375
JVASP-43556,30.74,28.1875
JVASP-9111,125.48,104.8125
JVASP-36657,228.64,237.125
JVASP-29037,4.13,10.234375
JVASP-42110,40.56,41.25
JVASP-18026,235.68,198.125
JVASP-20082,194.21,180.25
JVASP-5824,24.19,19.90625
JVASP-20818,95.83,93.8125
JVASP-28881,2.41,-1.1386719
JVASP-36472,42.22,44.65625
JVASP-16787,0.47,27.984375
JVASP-92182,10.8,8.640625
JVASP-35103,33.71,34.9375
JVASP-38395,26.19,27.671875
JVASP-39459,76.75,76.0
JVASP-113642,19.04,16.890625
JVASP-34290,83.39,84.5625
JVASP-9393,66.49,61.1875
JVASP-67806,-14.77,-1.0664062
JVASP-74510,17.54,20.8125
JVASP-105975,32.41,34.6875
JVASP-8712,50.28,47.8125
JVASP-115698,6.23,2.921875
JVASP-14854,22.12,22.90625
JVASP-93844,22.42,26.6875
JVASP-71256,13.87,17.515625
JVASP-32242,9.28,10.140625
JVASP-28352,31.69,30.703125
JVASP-118616,-4.75,-0.33984375
JVASP-9718,10.21,13.703125
JVASP-20509,13.6,15.6328125
JVASP-32974,8.06,6.4804688
JVASP-10039,18.05,20.546875
JVASP-79576,74.17,63.25
JVASP-12756,7.73,7.0859375
JVASP-17489,79.29,84.625
JVASP-35441,56.03,58.0625
JVASP-100639,130.4,116.9375
JVASP-18020,149.14,158.625
JVASP-17738,29.83,26.171875
JVASP-99900,28.84,26.390625
JVASP-73628,29.34,21.671875
JVASP-54693,25.15,26.328125
JVASP-92531,22.1,25.421875
JVASP-75874,2.01,7.7734375
JVASP-13840,36.79,43.25
JVASP-17834,29.84,27.375
JVASP-44051,20.79,19.921875
JVASP-54812,55.99,59.625
JVASP-51683,7.15,10.984375
JVASP-9585,13.68,14.484375
JVASP-106303,21.26,22.0625
JVASP-13928,7.15,8.171875
JVASP-39897,28.26,30.609375
JVASP-39071,48.64,54.46875
JVASP-40512,75.02,79.8125
JVASP-115544,5.14,7.1523438
JVASP-35970,38.29,40.15625
JVASP-110487,9.85,10.328125
JVASP-17959,39.57,42.0625
JVASP-94280,31.46,38.84375
JVASP-29615,15.33,18.171875
JVASP-17809,54.02,53.09375
JVASP-111316,19.72,20.75
JVASP-100063,83.53,68.625
JVASP-70972,49.67,38.59375
JVASP-1201,8.26,10.4609375
JVASP-29796,51.53,46.46875
JVASP-47677,27.09,29.03125
JVASP-14688,63.55,67.9375
JVASP-10883,17.99,18.515625
JVASP-36477,24.26,20.109375
JVASP-20631,35.58,34.3125
JVASP-22592,22.73,23.21875
JVASP-40790,68.56,62.96875
JVASP-10196,119.38,129.25
JVASP-103609,6.1,8.3125
JVASP-14870,17.01,16.671875
JVASP-57101,55.8,57.15625
JVASP-57245,45.25,52.78125
JVASP-16639,56.5,55.8125
JVASP-48246,112.67,96.9375
JVASP-22539,30.67,33.03125
JVASP-12289,21.69,22.265625
JVASP-67688,0.0,-6.484375
JVASP-115727,9.13,6.03125
JVASP-36773,2.43,-0.8886719
JVASP-15207,47.25,45.375
JVASP-11762,60.65,61.25
JVASP-120187,-11.23,-14.265625
JVASP-110335,22.4,23.484375
JVASP-15994,38.2,37.375
JVASP-7762,13.9,17.671875
JVASP-15772,0.23,18.046875
JVASP-9145,111.68,105.125
JVASP-22386,23.51,20.265625
JVASP-18668,11.28,9.6953125
JVASP-22411,68.15,71.5
JVASP-35528,6.0,4.4140625
JVASP-4588,13.6,16.328125
JVASP-16225,61.88,67.125
JVASP-63810,169.61,167.25
JVASP-121029,4.27,5.9140625
JVASP-18948,56.22,60.96875
JVASP-118060,9.47,5.734375
JVASP-115546,7.79,4.2851562
JVASP-60701,44.43,42.6875
JVASP-17628,0.0,101.875
JVASP-67599,32.83,33.15625
JVASP-118707,22.66,19.859375
JVASP-65583,9.38,6.6679688
JVASP-78929,68.2,72.75
JVASP-18038,52.77,54.53125
JVASP-115186,73.85,74.5625
JVASP-13364,28.65,31.96875
JVASP-16439,52.91,55.09375
JVASP-115345,30.69,35.375
JVASP-105905,76.12,75.0
JVASP-115215,16.99,18.390625
JVASP-92596,63.98,78.75
JVASP-28751,29.47,30.3125
JVASP-65511,48.64,45.46875
JVASP-92982,23.96,25.984375
JVASP-10493,39.6,36.28125
JVASP-7789,13.26,15.3984375
JVASP-36447,25.34,24.09375
JVASP-35259,24.54,23.40625
JVASP-72037,97.55,96.4375
JVASP-100634,109.16,114.0
JVASP-78669,39.82,44.0625
JVASP-15104,92.5,90.5
JVASP-115366,32.12,24.484375
JVASP-101477,0.21,11.765625
JVASP-60766,52.77,61.875
JVASP-12872,17.7,16.46875
JVASP-91612,0.39,4.0078125
JVASP-97035,35.86,37.3125
JVASP-119935,-7.6,-6.3398438
JVASP-87042,15.29,15.3984375
JVASP-17909,27.67,23.109375
JVASP-107051,26.07,24.40625
JVASP-110520,42.39,39.25
JVASP-66391,-15.04,-9.7265625
JVASP-26455,70.53,57.75
JVASP-103360,62.77,68.625
JVASP-14941,19.14,15.4296875
JVASP-68017,88.0,87.3125
JVASP-29666,16.34,16.40625
JVASP-29248,21.37,26.328125
JVASP-56593,41.26,47.84375
JVASP-52377,59.01,75.3125
JVASP-14972,80.86,99.375
JVASP-114707,6.03,5.7851562
JVASP-115300,25.33,26.53125
JVASP-12542,11.42,12.5390625
JVASP-12237,38.59,25.734375
JVASP-3741,18.45,19.109375
JVASP-17427,32.7,33.15625
JVASP-63210,155.41,171.5
JVASP-30691,18.04,17.734375
JVASP-94418,-14.93,-10.828125
JVASP-105721,7.99,10.4609375
JVASP-73300,-6.81,1.2050781
JVASP-25266,1.36,0.8828125
JVASP-29840,41.28,41.4375
JVASP-35196,18.22,22.71875
JVASP-53618,40.87,49.6875
JVASP-79066,42.44,45.78125
JVASP-93803,14.18,12.4375
JVASP-8695,28.07,31.046875
JVASP-19760,40.27,48.0
JVASP-71352,0.0,9.984375
JVASP-8567,16.1,19.71875
JVASP-90322,23.72,25.203125
JVASP-16823,21.83,22.15625
JVASP-67740,35.63,39.0625
JVASP-38000,42.78,41.90625
JVASP-25229,205.79,183.875
JVASP-99746,28.19,31.09375
JVASP-8827,109.55,115.5625
JVASP-110890,40.89,47.3125
JVASP-8208,30.41,25.59375
JVASP-4519,19.32,17.65625
JVASP-22524,15.91,15.46875
JVASP-65596,4.45,7.4414062
JVASP-30123,63.53,64.625
JVASP-38158,13.07,16.03125
JVASP-3495,19.63,22.53125
JVASP-68603,36.25,38.03125
JVASP-115994,-17.11,-14.1484375
JVASP-41509,43.8,46.875
JVASP-40791,-15.26,-13.4140625
JVASP-8818,29.75,38.0
JVASP-9091,60.2,58.0
JVASP-93960,16.08,17.078125
JVASP-20226,125.61,132.5
JVASP-20351,34.58,37.25
JVASP-15391,15.51,12.3203125
JVASP-68039,29.13,30.484375
JVASP-67776,50.33,52.71875
JVASP-93367,45.15,47.96875
JVASP-120983,-8.05,1.4638672
JVASP-25817,9.58,7.078125
JVASP-12753,43.23,44.78125
JVASP-53171,12.55,15.359375
JVASP-13246,41.45,36.53125
JVASP-9868,49.81,53.96875
JVASP-14599,138.53,125.0625
JVASP-1468,26.62,31.09375
JVASP-114784,4.13,6.171875
JVASP-3846,16.01,21.15625
JVASP-95,16.08,15.546875
JVASP-17661,81.09,83.25
JVASP-3756,11.0,11.015625
JVASP-116465,51.23,52.9375
JVASP-67418,73.68,68.875
JVASP-115146,7.09,0.98876953
JVASP-18459,36.4,35.8125
JVASP-41484,54.66,60.3125
JVASP-91604,63.38,65.75
JVASP-39039,13.52,19.3125
JVASP-17365,86.61,93.25
JVASP-21536,37.79,53.1875
JVASP-22716,19.1,19.40625
JVASP-36655,10.37,19.484375
JVASP-51748,40.17,46.78125
JVASP-106746,47.34,61.78125
JVASP-1008,19.74,16.546875
JVASP-30380,38.32,43.75
JVASP-67167,0.0,0.01626587
JVASP-29174,3.26,2.53125
JVASP-5146,18.98,17.34375
JVASP-7729,28.6,30.703125
JVASP-33837,4.83,4.9101562
JVASP-118424,7.43,7.828125
JVASP-105942,101.34,105.1875
JVASP-105499,-12.44,-0.41992188
JVASP-23746,74.2,74.25
JVASP-29341,9.13,5.90625
JVASP-117738,28.29,27.578125
JVASP-9734,11.9,11.8125
JVASP-19799,31.85,26.09375
JVASP-85765,1.4,7.9414062
JVASP-41695,34.98,16.0625
JVASP-243,14.8,9.15625
JVASP-4349,18.41,12.78125
JVASP-101398,28.62,28.6875
JVASP-37393,24.06,27.765625
JVASP-116994,65.31,73.6875
JVASP-82023,1.61,0.08343506
JVASP-118903,18.39,19.21875
JVASP-91928,97.34,113.0
JVASP-86533,24.58,29.5
JVASP-117810,-21.13,2.3808594
JVASP-86468,20.83,24.546875
JVASP-54998,58.67,62.0625
JVASP-20627,53.12,53.53125
JVASP-106147,45.12,55.90625
JVASP-8236,62.94,67.0
JVASP-37736,3.38,5.1601562
JVASP-57177,22.51,23.375
JVASP-39812,29.32,31.984375
JVASP-49817,44.35,50.625
JVASP-67265,57.77,69.625
JVASP-14989,210.67,171.75
JVASP-40968,20.98,24.125
JVASP-873,28.74,31.140625
JVASP-66567,-0.52,-2.4902344
JVASP-21675,159.03,160.625
JVASP-36764,27.17,30.78125
JVASP-99537,33.53,31.015625
JVASP-22708,7.75,8.390625
JVASP-87984,77.29,70.875
JVASP-39523,44.91,45.625
JVASP-19893,36.5,35.03125
JVASP-7915,53.73,47.875
JVASP-92177,61.62,52.65625
JVASP-113634,10.29,6.5820312
JVASP-16387,14.75,14.484375
JVASP-114475,-20.05,-11.8515625
JVASP-118846,30.73,23.15625
JVASP-114076,20.98,22.046875
JVASP-40938,30.84,28.640625
JVASP-12389,14.05,12.15625
JVASP-16265,49.36,50.8125
JVASP-8246,22.51,37.34375
JVASP-37197,26.06,27.421875
JVASP-8104,168.56,165.25
JVASP-18084,62.91,62.15625
JVASP-103351,69.78,61.25
JVASP-110419,38.02,37.8125
JVASP-121144,3.08,5.578125
JVASP-90534,15.66,11.7734375
JVASP-14982,92.24,92.4375
JVASP-35485,56.27,44.96875
JVASP-66682,-15.56,-13.390625
JVASP-116371,-5.05,2.9785156
JVASP-28831,22.3,17.4375
JVASP-114058,1.83,2.2265625
JVASP-18820,34.78,35.96875
JVASP-117732,43.47,32.9375
JVASP-75486,7.14,6.0
JVASP-64175,0.7,2.0839844
JVASP-50620,35.26,33.8125
JVASP-29474,19.89,14.46875
JVASP-91,522.66,420.5
JVASP-69774,-21.02,-18.046875
JVASP-10081,24.51,20.890625
JVASP-110337,27.94,27.109375
JVASP-89320,5.5,6.8632812
JVASP-7735,26.65,22.828125
JVASP-10535,69.34,60.53125
JVASP-15944,67.66,61.15625
JVASP-66650,6.12,1.0673828
JVASP-35984,98.2,89.25
JVASP-3225,30.57,27.859375
JVASP-104983,-16.59,7.171875
JVASP-15610,53.3,53.0
JVASP-50085,176.73,172.375
JVASP-10937,52.1,41.71875
JVASP-22289,44.35,39.84375
JVASP-100086,26.84,23.6875
JVASP-86331,36.22,37.625
JVASP-20563,23.64,22.71875
JVASP-93216,81.16,78.375
JVASP-18802,23.71,22.671875
JVASP-74268,8.1,3.2480469
JVASP-63,25.47,23.5625
JVASP-8352,36.48,33.09375
JVASP-114642,16.66,14.2265625
JVASP-18828,55.42,56.78125
JVASP-118645,137.39,108.8125
JVASP-106137,17.73,12.453125
JVASP-2937,11.86,10.1953125
JVASP-8388,34.81,48.8125
JVASP-41442,44.8,38.59375
JVASP-53482,4.26,6.2304688
JVASP-100052,48.03,43.96875
JVASP-39850,54.52,49.46875
JVASP-12688,73.15,58.46875
JVASP-8574,35.05,29.78125
JVASP-28559,27.28,22.359375
JVASP-5476,12.44,10.71875
JVASP-18415,60.66,62.78125
JVASP-15612,52.39,48.8125
JVASP-75538,42.96,37.03125
JVASP-71170,0.07,3.2324219
JVASP-40591,53.32,52.9375
JVASP-64985,32.05,30.46875
JVASP-73958,28.38,24.15625
JVASP-35975,40.15,40.71875
JVASP-17710,20.56,29.375
JVASP-75650,17.92,12.875
JVASP-116329,-9.83,-6.1757812
JVASP-30672,39.09,38.5625
JVASP-115547,-0.57,2.9609375
JVASP-10661,22.86,19.140625
JVASP-17757,54.2,55.15625
JVASP-51334,30.84,24.140625
JVASP-107469,-13.22,-11.9375
JVASP-16269,71.96,69.625
JVASP-111735,11.18,18.71875
JVASP-14681,22.92,27.125
JVASP-19980,30.84,30.015625
JVASP-22673,178.09,166.875
JVASP-48537,40.47,47.40625
JVASP-117567,3.82,4.71875
JVASP-1483,33.81,31.234375
JVASP-25291,-3.56,-4.4921875
JVASP-16385,32.79,25.390625
JVASP-52006,6.84,6.0664062
JVASP-10168,30.42,27.90625
JVASP-29175,2.72,1.9316406
JVASP-122927,71.04,66.5
JVASP-29199,0.69,15.0625
JVASP-66635,-1.58,-5.1914062
JVASP-54699,29.22,24.125
JVASP-102928,25.64,22.59375
JVASP-14505,34.4,32.21875
JVASP-44142,74.52,66.625
JVASP-25550,7.63,-0.42358398
JVASP-15927,125.7,110.6875
JVASP-71053,189.28,162.25
JVASP-23408,106.81,100.125
JVASP-75681,3.84,4.4335938
JVASP-91932,59.33,54.15625
JVASP-117633,-5.93,-3.7285156
JVASP-74242,35.12,18.96875
JVASP-45323,19.28,19.515625
JVASP-69581,0.0,-1.1855469
JVASP-19734,18.41,16.25
JVASP-65668,22.48,21.4375
JVASP-8299,72.84,64.4375
JVASP-118709,147.42,128.75
JVASP-1429,14.75,16.21875
JVASP-15974,42.0,36.90625
JVASP-51697,28.79,32.0625
JVASP-9494,51.77,57.4375
JVASP-28794,24.43,22.5
JVASP-24947,27.04,22.890625
JVASP-15694,28.87,26.296875
JVASP-46497,57.56,59.59375
JVASP-69367,35.45,41.34375
JVASP-75451,1.76,1.0683594
JVASP-25044,116.16,124.0625
JVASP-118600,16.68,12.0859375
JVASP-66910,20.08,40.46875
JVASP-3816,6.37,3.4277344
JVASP-9820,58.88,67.6875
JVASP-10536,64.21,76.25
JVASP-9144,53.23,60.53125
JVASP-42095,10.15,9.0625
JVASP-71967,64.98,66.25
JVASP-65736,-10.63,-14.515625
JVASP-17495,16.3,12.25
JVASP-86802,40.82,38.21875
JVASP-35195,25.62,24.578125
JVASP-54892,43.78,41.46875
JVASP-9690,65.49,61.15625
JVASP-68066,82.07,75.3125
JVASP-94833,136.04,145.75
JVASP-102837,6.39,7.1875
JVASP-17464,33.27,33.9375
JVASP-3636,9.84,5.7734375
JVASP-52572,23.63,23.21875
JVASP-40242,14.95,11.1875
JVASP-73969,56.01,59.03125
JVASP-9581,64.31,72.625
JVASP-100130,118.13,125.625
JVASP-68478,19.41,12.359375
JVASP-18433,54.73,58.34375
JVASP-50978,87.25,93.375
JVASP-9676,23.52,21.171875
JVASP-118509,14.52,14.125
JVASP-17481,16.1,15.8828125
JVASP-29444,67.41,65.5625
JVASP-49796,46.68,56.25
JVASP-30759,31.35,27.875
JVASP-56465,47.86,54.75
JVASP-37599,26.98,33.8125
JVASP-18389,-24.76,-10.265625
JVASP-12751,9.73,8.1015625
JVASP-16417,45.02,43.5625
JVASP-75891,11.76,7.0703125
JVASP-37411,39.8,55.3125
JVASP-17545,63.98,59.75
JVASP-114132,-18.91,-15.703125
JVASP-53468,34.73,36.0625
JVASP-26829,12.03,15.2734375
JVASP-78741,55.28,55.0
JVASP-54949,41.25,45.59375
JVASP-36406,350.8,360.25
JVASP-35751,53.91,62.21875
JVASP-38914,28.09,26.734375
JVASP-61992,37.95,37.0
JVASP-119907,21.85,24.84375
JVASP-15126,20.16,22.125
JVASP-49848,48.61,52.53125
JVASP-17969,40.39,38.90625
JVASP-40023,29.36,34.21875
JVASP-15325,50.25,52.1875
JVASP-57291,48.5,49.625
JVASP-75834,2.01,3.1875
JVASP-66183,-0.58,-3.0546875
JVASP-2529,17.86,18.9375
JVASP-121166,-3.2,-3.6328125
JVASP-48338,41.55,52.15625
JVASP-50461,43.49,45.96875
JVASP-116310,10.31,4.2617188
JVASP-93777,35.13,35.15625
JVASP-99737,34.04,31.921875
JVASP-16919,5.11,8.796875
JVASP-56818,-12.58,-16.234375
JVASP-116425,14.96,14.3359375
JVASP-115764,-7.21,-2.2519531
JVASP-38755,25.46,26.546875
JVASP-1915,15.25,16.890625
JVASP-54738,25.73,24.71875
JVASP-119963,1.27,-0.9116211
JVASP-14499,26.61,24.875
JVASP-69136,11.11,8.0703125
JVASP-16532,69.4,66.1875
JVASP-11297,43.45,38.96875
JVASP-93444,-2.37,-2.1484375
JVASP-71980,5.35,6.4648438
JVASP-12695,35.04,43.71875
JVASP-362,23.97,23.578125
JVASP-52591,168.31,173.5
JVASP-99090,10.52,8.2109375
JVASP-20927,60.27,60.8125
JVASP-8190,21.4,21.25
JVASP-99143,7.32,4.8007812
JVASP-19744,57.28,61.90625
JVASP-65563,14.69,13.7578125
JVASP-68408,-4.79,2.1953125
JVASP-67501,31.56,30.28125
JVASP-90025,37.97,39.21875
JVASP-101433,66.41,69.6875
JVASP-15916,46.15,49.40625
JVASP-104607,13.25,15.6015625
JVASP-43091,21.12,20.875
JVASP-92615,27.17,27.96875
JVASP-25071,203.12,208.5
JVASP-16794,26.07,42.78125
JVASP-51768,10.93,9.5
JVASP-32531,7.56,10.34375
JVASP-100152,18.01,16.34375
JVASP-14308,-8.11,2.3261719
JVASP-90550,41.13,42.28125
JVASP-118253,7.8,10.9609375
JVASP-30451,37.08,32.96875
JVASP-9977,55.89,53.75
JVASP-19105,16.03,20.578125
JVASP-106296,23.15,25.375
JVASP-103148,45.01,46.53125
JVASP-66844,55.93,64.875
JVASP-74912,58.45,64.8125
JVASP-65657,6.49,8.9453125
JVASP-35699,57.9,109.125
JVASP-20319,52.52,48.3125
JVASP-29884,18.07,18.109375
JVASP-36278,46.38,22.84375
JVASP-117719,44.91,44.65625
JVASP-18554,17.68,16.875
JVASP-118893,33.93,22.203125
JVASP-14766,17.64,15.03125
JVASP-2454,62.54,70.9375
JVASP-86530,26.53,28.9375
JVASP-8300,145.74,154.25
JVASP-74638,16.8,10.9765625
JVASP-15414,107.6,108.375
JVASP-34685,41.14,40.3125
JVASP-9123,70.26,66.4375
JVASP-38223,2.52,2.3378906
JVASP-11047,21.94,22.40625
JVASP-92633,54.13,50.875
JVASP-80100,88.96,99.875
JVASP-20998,47.74,48.375
JVASP-17422,78.41,77.4375
JVASP-39094,62.06,66.0
JVASP-116952,7.09,11.90625
JVASP-99753,8.3,8.703125
JVASP-4666,16.67,12.765625
JVASP-18186,104.35,117.1875
JVASP-100666,88.95,86.625
JVASP-13017,9.55,5.9804688
JVASP-86095,9.14,9.1875
JVASP-75787,34.88,38.75
JVASP-69046,31.5,24.46875
JVASP-32341,5.47,6.859375
JVASP-70862,0.0,-8.703125
JVASP-2940,9.99,12.375
JVASP-117512,59.03,51.03125
JVASP-25151,65.34,52.65625
JVASP-67274,0.0,-3.7617188
JVASP-25107,-12.32,-11.546875
JVASP-28646,1.74,12.53125
JVASP-8504,29.98,22.90625
JVASP-114031,14.27,10.578125
JVASP-44744,55.84,50.0625
JVASP-92608,34.74,33.65625
JVASP-93870,31.48,28.1875
JVASP-102445,49.06,45.375
JVASP-13917,15.63,13.6171875
JVASP-8072,83.49,69.375
JVASP-7867,37.09,30.484375
JVASP-17188,40.42,45.6875
JVASP-14117,10.81,9.953125
JVASP-9157,115.24,126.3125
JVASP-117743,43.95,42.1875
JVASP-25188,5.5,5.1445312
JVASP-37015,16.11,12.5390625
JVASP-44470,52.71,53.0
JVASP-103321,10.93,11.765625
JVASP-36898,8.89,11.2265625
JVASP-117458,8.29,5.8945312
JVASP-20203,77.36,84.6875
JVASP-9218,22.01,25.34375
JVASP-18888,123.71,134.75
JVASP-56758,8.02,10.6171875
JVASP-93529,-2.11,-7.8554688
JVASP-75480,11.58,11.0703125
JVASP-50004,74.83,75.875
JVASP-4999,7.55,7.09375
JVASP-93702,49.21,61.40625
JVASP-48179,58.79,60.875
JVASP-18863,39.1,59.5
JVASP-93691,124.05,120.9375
JVASP-104658,66.99,67.0
JVASP-120159,-17.3,-17.9375
JVASP-40442,24.52,20.234375
JVASP-4373,34.84,30.71875
JVASP-1456,13.83,5.6796875
JVASP-9610,21.49,26.4375
JVASP-40385,32.85,36.90625
JVASP-111830,24.23,26.84375
JVASP-115916,12.86,11.2265625
JVASP-41193,61.16,59.15625
JVASP-117563,10.2,5.9570312
JVASP-28357,35.32,39.25
JVASP-68157,39.89,40.6875
JVASP-11390,8.09,8.421875
JVASP-9590,14.47,9.03125
JVASP-9993,26.89,26.3125
JVASP-41852,62.06,54.875
JVASP-111621,8.78,9.703125
JVASP-12740,23.79,15.3359375
JVASP-38464,8.48,7.5429688
JVASP-114454,29.74,28.03125
JVASP-57774,122.89,125.5625
JVASP-19981,121.64,118.5625
JVASP-9254,71.63,68.3125
JVASP-14097,21.4,34.5
JVASP-118467,12.38,13.984375
JVASP-120184,10.12,4.1679688
JVASP-44746,62.77,67.4375
JVASP-11301,22.49,23.46875
JVASP-85353,28.62,27.046875
JVASP-8337,34.59,32.53125
JVASP-110228,12.51,11.234375
JVASP-114366,-20.48,-16.796875
JVASP-26417,24.8,24.4375
JVASP-30623,41.92,57.6875
JVASP-116300,17.8,7.5820312
JVASP-5713,19.76,17.4375
JVASP-120735,26.25,30.640625
JVASP-35382,82.97,84.0625
JVASP-63504,11.96,11.71875
JVASP-30571,40.27,35.8125
JVASP-49840,67.96,64.75
JVASP-8355,43.22,40.0
JVASP-17527,1.82,34.75
JVASP-121177,41.71,54.46875
JVASP-69430,38.55,29.515625
JVASP-96839,32.17,34.40625
JVASP-120852,2.63,5.6875
JVASP-28733,47.69,42.8125
JVASP-15196,71.61,71.0625
JVASP-7885,73.5,75.75
JVASP-99914,21.91,29.59375
JVASP-20601,34.6,33.875
JVASP-17681,43.04,39.9375
JVASP-10020,27.89,30.46875
JVASP-103134,136.11,153.0
JVASP-16158,49.31,43.28125
JVASP-70761,4.93,3.3554688
JVASP-105681,7.2,6.8085938
JVASP-116141,6.87,7.5117188
JVASP-17750,53.77,55.4375
JVASP-2023,22.65,20.359375
JVASP-9990,38.82,47.0
JVASP-36301,13.4,7.375
JVASP-33006,13.5,14.59375
JVASP-9075,18.67,20.9375
JVASP-987,192.62,206.25
JVASP-40102,9.59,11.234375
JVASP-99452,14.27,10.890625
JVASP-15172,90.92,90.6875
JVASP-29195,6.36,9.8125
JVASP-56308,23.66,23.640625
JVASP-14926,38.87,36.5
JVASP-37519,9.71,10.2890625
JVASP-3558,8.95,8.7421875
JVASP-85193,13.99,24.125
JVASP-70013,60.53,62.1875
JVASP-9119,33.37,30.046875
JVASP-40792,-8.66,-7.0273438
JVASP-12956,8.43,12.484375
JVASP-20620,108.04,100.0625
JVASP-115864,-0.25,4.546875
JVASP-68616,-17.89,-13.96875
JVASP-40794,-0.62,0.4399414
JVASP-12563,24.92,30.71875
JVASP-7840,68.06,80.6875
JVASP-37172,34.49,39.375
JVASP-18430,47.91,50.1875
JVASP-18601,25.7,27.265625
JVASP-70864,63.51,62.21875
JVASP-20083,34.96,34.625
JVASP-18845,57.33,67.375
JVASP-9672,43.86,46.03125
JVASP-90825,8.24,7.6914062
JVASP-54386,80.41,85.625
JVASP-11180,29.12,27.734375
JVASP-118120,13.37,14.8359375
JVASP-18311,36.32,34.75
JVASP-85977,1.27,0.9868164
JVASP-9955,95.5,95.6875
JVASP-10247,29.1,27.5625
JVASP-12161,13.5,10.296875
JVASP-30514,18.45,17.1875
JVASP-1618,36.33,36.71875
JVASP-5335,21.17,17.890625
JVASP-10737,31.58,34.1875
JVASP-88330,13.62,12.1015625
JVASP-25799,44.18,45.25
JVASP-38375,28.99,27.21875
JVASP-75811,1.77,5.7539062
JVASP-20571,111.58,121.875
JVASP-3087,38.66,40.6875
JVASP-36165,6.52,7.125
JVASP-7792,28.84,30.21875
JVASP-74388,41.68,40.34375
JVASP-117476,38.01,39.0625
JVASP-118845,55.06,57.84375
JVASP-37263,20.88,20.9375
JVASP-120148,12.53,11.625
JVASP-92248,42.13,43.8125
JVASP-67650,-18.57,-4.4960938
JVASP-1882,137.86,149.875
JVASP-92752,119.52,116.75
JVASP-114444,14.15,18.59375
JVASP-74495,15.43,13.4375
JVASP-9170,8.21,9.8203125
JVASP-67722,64.66,73.0625
JVASP-66472,-19.56,-3.9511719
JVASP-9692,100.41,86.1875
JVASP-42138,20.3,21.90625
JVASP-117994,-11.15,-4.4179688
JVASP-101401,19.56,15.8046875
JVASP-15876,15.56,13.484375
JVASP-67993,34.33,37.15625
JVASP-19907,147.15,149.75
JVASP-50097,0.3,74.875
JVASP-35733,10.53,14.4296875
JVASP-28891,1.65,6.6445312
JVASP-25383,3.9,2.8300781
JVASP-116469,61.94,62.71875
JVASP-68395,17.39,16.0625
JVASP-68423,22.93,22.828125
JVASP-26725,30.81,34.40625
JVASP-110522,25.77,28.6875
JVASP-8742,92.44,90.5625
JVASP-56271,10.66,12.2421875
JVASP-40823,48.0,50.625
JVASP-86921,75.03,79.1875
JVASP-69197,9.88,10.0546875
JVASP-52279,30.85,32.0
JVASP-106221,12.84,11.6953125
JVASP-17871,26.96,21.4375
JVASP-35782,53.55,51.875
JVASP-16927,23.12,26.359375
JVASP-95431,41.25,37.0
JVASP-21491,76.89,77.75
JVASP-41510,21.36,20.65625
JVASP-91771,9.11,7.8203125
JVASP-14793,23.57,22.609375
JVASP-15564,88.12,86.8125
JVASP-69073,24.99,24.578125
JVASP-28720,29.09,30.3125
JVASP-21011,0.0,4.4648438
JVASP-28971,21.26,12.3359375
JVASP-36554,126.46,136.625
JVASP-93850,1.42,-3.3222656
JVASP-50058,137.84,146.75
JVASP-122917,0.26,0.20361328
JVASP-20496,29.07,36.5
JVASP-25573,18.13,15.28125
JVASP-11013,50.59,45.1875
JVASP-10120,20.15,21.390625
JVASP-78914,20.61,16.078125
JVASP-7925,72.35,71.5
JVASP-94421,25.14,22.25
JVASP-91731,33.11,29.40625
JVASP-75468,37.24,31.21875
JVASP-91554,28.71,32.59375
JVASP-15521,91.07,96.3125
JVASP-95038,18.3,22.34375
JVASP-20099,29.88,21.453125
JVASP-85398,9.19,7.7226562
JVASP-9421,39.15,37.625
JVASP-19700,56.66,56.34375
JVASP-93794,86.67,82.875
JVASP-12798,11.54,15.0546875
JVASP-20437,0.97,12.2109375
JVASP-57870,-5.74,8.703125
JVASP-37121,-7.86,-4.6757812
JVASP-20626,100.16,94.625
JVASP-11173,148.46,145.0
JVASP-67520,106.45,120.75
JVASP-25052,16.12,16.421875
JVASP-47091,29.11,27.25
JVASP-15235,49.42,46.3125
JVASP-89624,24.6,23.375
JVASP-15348,132.78,108.75
JVASP-8045,44.54,41.3125
JVASP-65216,17.36,10.6875
JVASP-28440,15.77,19.515625
JVASP-9598,109.07,106.1875
JVASP-12569,5.17,2.3320312
JVASP-3243,36.11,37.59375
JVASP-40367,10.66,10.9296875
JVASP-71738,26.46,22.890625
JVASP-4855,14.19,13.0546875
JVASP-79842,69.0,70.125
JVASP-16366,32.82,33.59375
JVASP-10542,14.83,9.4296875
JVASP-104696,-24.59,49.125
JVASP-25275,523.85,413.0
JVASP-66321,-19.84,-13.109375
JVASP-114625,4.74,3.5976562
JVASP-33846,7.17,6.1992188
JVASP-35992,-6.24,-4.1484375
JVASP-118366,42.4,44.96875
JVASP-28548,37.84,33.34375
JVASP-106993,11.27,7.1679688
JVASP-49917,75.57,68.4375
JVASP-102435,-6.53,52.125
JVASP-116604,113.11,99.0
JVASP-17612,3.24,24.234375
JVASP-8552,13.73,15.0
JVASP-110474,40.1,29.90625
JVASP-12496,26.93,27.234375
JVASP-70984,0.0,3.3984375
JVASP-106332,0.36,-0.96191406
JVASP-11193,14.65,11.71875
JVASP-114024,-4.32,-3.1074219
JVASP-25892,37.7,39.40625
JVASP-65624,-8.62,-7.5664062
JVASP-63089,169.61,159.0
JVASP-54374,23.09,17.390625
JVASP-18669,18.13,10.609375
JVASP-28533,35.89,37.25
JVASP-105113,13.34,19.765625
JVASP-101580,-3.92,-0.6123047
JVASP-106285,52.31,47.59375
JVASP-30202,21.29,22.390625
JVASP-9430,75.43,77.9375
JVASP-17512,64.96,66.6875
JVASP-37220,51.28,51.5
JVASP-79750,15.44,19.59375
JVASP-9284,29.74,22.828125
JVASP-4282,6.58,8.71875
JVASP-71480,8.53,8.1171875
JVASP-8718,46.54,47.25
JVASP-10682,34.01,28.984375
JVASP-17805,38.33,36.25
JVASP-36237,200.0,178.5
JVASP-69844,1.74,-4.8046875
JVASP-40226,18.96,17.546875
JVASP-40268,24.96,20.234375
JVASP-40477,15.59,15.8203125
JVASP-92651,26.18,25.125
JVASP-115578,20.09,21.140625
JVASP-57665,209.54,208.125
JVASP-74807,96.71,100.75
JVASP-73859,45.67,42.65625
JVASP-10997,85.58,80.875
JVASP-118687,-1.65,0.5839844
JVASP-4128,34.79,30.28125
JVASP-37803,29.46,29.875
JVASP-10922,32.22,33.3125
JVASP-74216,25.58,27.1875
JVASP-56854,11.66,12.9765625
JVASP-36828,13.57,10.828125
JVASP-14120,11.97,12.5546875
JVASP-116409,-18.45,-8.953125
JVASP-14893,107.7,106.5625
JVASP-3792,15.13,12.21875
JVASP-115766,3.05,-2.3671875
JVASP-57098,10.0,10.0078125
JVASP-11009,30.4,29.734375
JVASP-17468,117.27,121.6875
JVASP-30175,29.55,31.609375
JVASP-8252,36.63,35.34375
JVASP-120144,9.11,5.9375
JVASP-37161,24.87,19.4375
JVASP-18663,64.67,64.5625
JVASP-359,65.71,61.6875
JVASP-14934,18.92,21.375
JVASP-20273,25.19,18.734375
JVASP-828,203.07,165.5
JVASP-68609,13.89,8.1796875
JVASP-92765,123.28,110.625
JVASP-28474,23.71,13.140625
JVASP-7725,59.19,51.5625
JVASP-75490,10.86,11.15625
JVASP-118793,3.3,3.3691406
JVASP-34435,15.61,12.5078125
JVASP-68919,6.69,3.0957031
JVASP-16234,78.9,70.75
JVASP-21686,96.15,78.0
JVASP-33530,7.48,9.40625
JVASP-118398,7.53,2.3066406
JVASP-106964,10.26,9.9765625
JVASP-8564,9.7,6.0351562
JVASP-70311,-0.07,-0.14208984
JVASP-17522,54.38,55.3125
JVASP-8494,49.36,44.84375
JVASP-8819,56.21,45.84375
JVASP-15095,64.99,62.46875
JVASP-15717,-15.46,-11.9921875
JVASP-8372,62.97,63.15625
JVASP-3888,10.56,8.59375
JVASP-93905,68.77,64.9375
JVASP-20208,25.09,27.9375
JVASP-117872,4.99,5.0742188
JVASP-56195,105.63,93.3125
JVASP-86259,87.97,90.875
JVASP-17292,50.09,47.4375
JVASP-19821,133.89,117.6875
JVASP-34894,14.81,18.640625
JVASP-3465,15.5,12.890625
JVASP-58930,19.15,18.015625
JVASP-16375,32.7,32.53125
JVASP-29547,6.73,3.8925781
JVASP-115179,33.71,19.421875
JVASP-15403,51.86,39.65625
JVASP-16854,34.88,40.09375
JVASP-70766,28.73,22.140625
JVASP-15076,87.27,89.125
JVASP-65071,-21.58,-17.828125
JVASP-59666,29.94,25.59375
JVASP-20091,61.1,62.0
JVASP-90854,19.03,16.3125
JVASP-56716,37.2,30.625
JVASP-65117,106.37,104.375
JVASP-100327,49.11,57.25
JVASP-15751,35.96,37.71875
JVASP-111357,104.54,104.6875
JVASP-19863,61.38,61.0
JVASP-8028,43.59,48.84375
JVASP-75806,2.0,2.6855469
JVASP-20471,24.67,23.046875
JVASP-20799,100.83,106.1875
JVASP-114290,13.11,11.1953125
JVASP-91752,284.79,259.25
JVASP-33838,5.83,4.8984375
JVASP-91567,42.16,41.3125
JVASP-54754,21.65,18.046875
JVASP-40528,23.84,21.875
JVASP-49920,34.78,32.5625
JVASP-65590,0.0,0.5488281
JVASP-69016,11.86,8.5625
JVASP-115904,16.25,12.6171875
JVASP-12331,14.86,14.203125
JVASP-39674,130.0,118.9375
JVASP-91933,54.36,55.03125
JVASP-115606,8.66,5.8710938
JVASP-23690,94.62,86.25
JVASP-71462,0.0,8.28125
JVASP-11699,66.25,62.90625
JVASP-14781,56.62,50.53125
JVASP-15839,11.34,9.484375
JVASP-40922,30.26,31.71875
JVASP-53106,11.32,5.609375
JVASP-115792,54.86,51.78125
JVASP-14298,24.89,19.828125
JVASP-7903,139.61,146.375
JVASP-67951,31.94,22.125
JVASP-106223,12.94,12.5625
JVASP-63373,89.89,83.0
JVASP-76777,-3.26,-0.11651611
JVASP-8448,18.08,21.796875
JVASP-13310,42.04,30.296875
JVASP-102643,29.7,26.53125
JVASP-37735,3.94,1.7880859
JVASP-120863,-3.19,-7.0859375
JVASP-48579,25.08,15.21875
JVASP-28944,5.51,4.4453125
JVASP-14272,28.43,24.484375
JVASP-118062,18.09,18.40625
JVASP-37583,53.92,63.28125
JVASP-29297,37.1,34.125
JVASP-39072,27.4,29.875
JVASP-40613,54.16,55.15625
JVASP-17194,-6.08,-5.4765625
JVASP-12548,47.21,39.59375
JVASP-15559,125.28,131.625
JVASP-65659,11.92,8.2890625
JVASP-1357,24.54,24.21875
JVASP-121022,32.96,27.484375
JVASP-14757,6.84,8.1328125
JVASP-117583,5.42,3.3652344
JVASP-14784,20.68,14.234375
JVASP-86935,65.09,60.40625
JVASP-91355,8.23,7.515625
JVASP-28515,21.75,12.5078125
JVASP-118615,28.35,23.703125
JVASP-67725,14.89,18.59375
JVASP-117913,-3.02,-4.2226562
JVASP-67204,26.06,21.390625
JVASP-19939,27.5,23.578125
JVASP-91927,66.25,63.875
JVASP-28410,16.63,20.84375
JVASP-100600,49.37,49.59375
JVASP-8759,13.94,7.0078125
JVASP-23759,115.89,123.6875
JVASP-8175,107.3,77.625
JVASP-85931,26.62,28.34375
JVASP-72086,65.79,59.625
JVASP-15323,27.6,18.375
JVASP-19687,54.24,58.25
JVASP-18683,40.8,40.71875
JVASP-65649,7.01,8.890625
JVASP-92747,186.83,172.875
JVASP-104997,80.06,79.9375
JVASP-64320,2.82,-0.03845215
JVASP-100373,55.41,51.28125
JVASP-16425,-0.77,2.4746094
JVASP-40795,1.62,2.7929688
JVASP-16116,64.23,56.125
JVASP-25380,8.27,2.7441406
JVASP-16277,-5.66,2.3144531
JVASP-18590,31.34,26.5625
JVASP-17554,0.72,1.7285156
JVASP-88423,17.8,17.921875
JVASP-100202,77.86,81.9375
JVASP-114341,69.35,69.75
JVASP-58267,218.29,222.625
JVASP-37298,-10.81,-5.8320312
JVASP-8105,51.34,56.625
JVASP-108072,40.27,36.0
JVASP-113773,89.42,92.25
JVASP-115918,5.07,4.3476562
JVASP-37595,-0.8,-8.1953125
JVASP-64150,-0.32,-2.96875
JVASP-36504,13.78,17.765625
JVASP-91581,25.25,24.84375
JVASP-36491,31.86,27.546875
JVASP-41268,78.4,79.0
JVASP-44991,74.73,77.5625
JVASP-69274,8.17,7.6875
JVASP-17894,55.32,53.0
JVASP-115005,2.93,6.59375
JVASP-12644,69.61,80.0625
JVASP-78284,31.56,23.578125
JVASP-110567,45.09,45.59375
JVASP-15649,-12.64,-0.45654297
JVASP-97037,44.71,46.96875
JVASP-34017,33.2,35.90625
JVASP-50106,14.01,12.8046875
JVASP-17472,45.41,41.53125
JVASP-16515,72.05,77.0
JVASP-93482,64.43,63.28125
JVASP-66993,38.7,39.65625
JVASP-39446,169.0,162.75
JVASP-69035,31.58,31.40625
JVASP-67939,57.59,59.5
JVASP-74975,59.94,62.25
JVASP-11993,23.3,23.796875
JVASP-94895,55.94,55.78125
JVASP-1378,194.59,188.75
JVASP-7881,61.68,54.53125
JVASP-14853,33.51,32.5
JVASP-37054,24.4,29.5
JVASP-16331,34.99,39.15625
JVASP-118951,21.59,22.03125
JVASP-8379,21.03,20.125
JVASP-38246,4.41,5.5234375
JVASP-73870,0.0,-1.6298828
JVASP-101428,110.36,110.125
JVASP-19779,86.22,82.875
JVASP-17705,55.35,62.59375
JVASP-37614,49.62,57.96875
JVASP-102955,0.0,24.96875
JVASP-43064,26.07,25.59375
JVASP-12636,113.89,107.25
JVASP-74721,11.61,11.0390625
JVASP-16336,41.12,45.03125
JVASP-118659,8.05,6.6601562
JVASP-35787,56.1,53.90625
JVASP-51002,25.28,32.375
JVASP-50400,9.55,9.5546875
JVASP-12129,12.42,12.921875
JVASP-114929,-17.9,-15.8125
JVASP-71013,45.66,49.125
JVASP-113446,-3.88,-0.113586426
JVASP-64366,-5.36,1.0439453
JVASP-59596,153.92,141.625
JVASP-81804,2.57,2.4179688
JVASP-67107,65.05,63.0625
JVASP-33806,5.17,6.6679688
JVASP-111609,2.41,25.78125
JVASP-120162,45.36,42.90625
JVASP-107047,82.55,80.375
JVASP-7965,22.71,25.1875
JVASP-12384,19.13,18.671875
JVASP-29815,28.37,31.6875
JVASP-3012,40.89,36.6875
JVASP-118029,16.22,12.2109375
JVASP-33828,5.48,6.8046875
JVASP-8606,12.46,16.796875
JVASP-92216,35.33,34.6875
JVASP-99748,75.64,77.9375
JVASP-17362,77.96,71.6875
JVASP-118520,11.95,11.8984375
JVASP-23862,17.8,16.71875
JVASP-68218,8.12,5.9648438
JVASP-108950,6.65,11.6796875
JVASP-10708,8.55,8.3125
JVASP-38602,41.22,43.78125
JVASP-88462,33.61,34.15625
JVASP-9082,95.85,93.0
JVASP-37456,65.12,63.75
JVASP-5167,29.23,27.84375
JVASP-120867,46.45,53.5625
JVASP-120269,72.45,66.625
JVASP-90336,33.54,31.140625
JVASP-8644,32.39,39.875
JVASP-114014,157.58,167.125
JVASP-69723,78.49,70.75
JVASP-37007,71.73,68.625
JVASP-117691,-1.09,-2.6992188
JVASP-20477,13.69,13.4296875
JVASP-19917,87.94,85.75
JVASP-35106,130.66,124.8125
JVASP-70268,62.61,59.59375
JVASP-110492,12.59,9.5703125
JVASP-19718,43.56,44.75
JVASP-24333,23.03,30.3125
JVASP-20644,21.88,19.21875
JVASP-7675,60.91,62.1875
JVASP-117510,91.07,61.03125
JVASP-13764,0.0,-3.4023438
JVASP-12127,13.5,11.6328125
JVASP-120879,-17.67,-9.6875
JVASP-117739,12.48,16.15625
JVASP-17794,126.26,115.5
JVASP-50964,5.69,6.5820312
JVASP-1059,28.64,33.96875
JVASP-9117,136.76,131.625
JVASP-121202,20.94,18.171875
JVASP-37076,77.43,81.1875
JVASP-9782,88.73,80.875
JVASP-15427,-8.82,-9.265625
JVASP-15352,46.33,46.03125
JVASP-17723,11.62,8.96875
JVASP-16301,36.43,36.40625
JVASP-117482,22.07,34.125
JVASP-92802,43.13,45.6875
JVASP-79613,22.63,26.140625
JVASP-16482,44.6,44.78125
JVASP-13323,16.06,23.703125
JVASP-67786,16.15,15.609375
JVASP-99638,-13.05,23.109375
JVASP-16474,29.41,27.5625
JVASP-86189,9.69,10.7265625
JVASP-105700,8.7,9.625
JVASP-17305,60.27,61.375
JVASP-8713,51.52,50.40625
JVASP-47962,75.19,69.8125
JVASP-20263,22.67,25.59375
JVASP-68991,0.0,-1.2167969
JVASP-14866,133.89,138.5
JVASP-14313,22.36,28.6875
JVASP-28498,34.71,31.34375
JVASP-114349,14.47,10.890625
JVASP-71100,0.0,-0.1282959
JVASP-30260,19.95,23.828125
JVASP-106325,52.44,53.375
JVASP-2523,10.47,8.0546875
JVASP-1267,20.68,13.71875
JVASP-17647,45.77,49.0625
JVASP-120350,1.06,-0.06506348
JVASP-94963,29.99,24.765625
JVASP-103120,146.62,137.375
JVASP-22544,10.36,13.3828125
JVASP-114658,14.82,12.484375
JVASP-37300,29.86,35.5
JVASP-14909,17.17,16.1875
JVASP-71220,129.31,111.9375
JVASP-28699,25.14,26.484375
JVASP-110855,22.22,16.40625
JVASP-21561,66.02,62.46875
JVASP-10202,66.57,70.5625
JVASP-36187,7.73,6.7382812
JVASP-14517,62.56,62.21875
JVASP-69292,-5.5,-6.0
JVASP-65575,16.83,15.1328125
JVASP-14946,123.44,119.1875
JVASP-70854,4.8,4.4609375
JVASP-16776,18.22,17.34375
JVASP-13380,15.55,17.359375
JVASP-19956,50.84,47.84375
JVASP-36492,25.5,25.53125
JVASP-9666,61.91,63.90625
JVASP-35957,96.64,104.0
JVASP-35447,69.03,69.9375
JVASP-53137,24.59,22.6875
JVASP-39152,15.59,18.640625
JVASP-843,217.59,185.0
JVASP-16126,63.83,65.25
JVASP-34733,31.32,43.71875
JVASP-16022,63.57,71.125
JVASP-51701,15.87,12.65625
JVASP-15877,45.93,37.625
JVASP-16470,30.82,31.90625
JVASP-11387,42.8,39.15625
JVASP-65576,7.17,7.015625
JVASP-9682,26.15,22.953125
JVASP-54860,27.64,29.3125
JVASP-9616,174.19,152.5
JVASP-91679,396.79,362.5
JVASP-40416,35.69,34.625
JVASP-12909,119.07,110.6875
JVASP-35031,47.65,53.65625
JVASP-15006,37.41,41.0
JVASP-78317,5.63,3.2089844
JVASP-30522,0.0,33.6875
JVASP-75447,0.2,-1.1123047
JVASP-39315,14.14,19.546875
JVASP-22713,9.58,8.609375
JVASP-18933,111.44,115.5
JVASP-51342,42.57,51.75
JVASP-85168,17.37,19.234375
JVASP-93280,43.2,32.59375
JVASP-20316,45.99,49.8125
JVASP-109349,-6.55,-1.9873047
JVASP-1047,2.82,3.9921875
JVASP-22629,35.41,39.71875
JVASP-18270,41.71,43.53125
JVASP-16526,50.22,50.96875
JVASP-9793,28.39,31.21875
JVASP-5059,16.61,10.546875
JVASP-99469,-13.24,-12.75
JVASP-67974,5.62,1.3066406
JVASP-74584,-1.45,-7.5976562
JVASP-17382,26.1,31.015625
JVASP-198,22.92,30.375
JVASP-34080,33.38,35.78125
JVASP-37258,27.53,30.0625
JVASP-8435,67.1,67.75
JVASP-14833,9.32,7.5585938
JVASP-7827,6.05,4.5898438
JVASP-113742,2.91,4.6679688
JVASP-37905,128.56,118.5625
JVASP-51352,11.05,9.28125
JVASP-2163,47.51,44.4375
JVASP-23438,34.26,31.828125
JVASP-919,18.15,17.65625
JVASP-39096,98.14,102.5625
JVASP-65020,78.75,77.8125
JVASP-28381,14.25,16.28125
JVASP-74546,-3.17,-0.9370117
JVASP-38240,4.06,4.5625
JVASP-69272,16.38,15.7578125
JVASP-16549,9.0,6.2421875
JVASP-114447,6.35,1.3876953
JVASP-40475,19.51,31.390625
JVASP-67923,24.96,23.578125
JVASP-35765,46.74,48.4375
JVASP-36681,67.53,61.3125
JVASP-18142,43.22,44.0625
JVASP-49898,9.11,8.6015625
JVASP-100557,30.53,25.21875
JVASP-95175,9.96,5.8203125
JVASP-38789,27.3,29.828125
JVASP-56277,39.14,33.5
JVASP-65018,5.25,3.421875
JVASP-12378,25.07,24.5
JVASP-65790,17.28,10.5625
JVASP-115256,-11.7,-14.1875
JVASP-14914,95.58,94.125
JVASP-56576,8.69,6.1835938
JVASP-120365,5.48,3.3261719
JVASP-19932,174.09,156.75
JVASP-52824,41.37,48.375
JVASP-75833,-24.88,-17.015625
JVASP-3513,14.54,14.609375
JVASP-38843,38.67,44.03125
JVASP-8360,40.13,41.09375
JVASP-115233,16.87,18.5
JVASP-54865,9.64,8.296875
JVASP-117948,-1.21,-0.8432617
JVASP-100150,9.98,13.7890625
JVASP-67558,18.25,31.109375
JVASP-12487,27.29,21.578125
JVASP-14604,7.54,4.71875
JVASP-85416,10.11,6.6367188
JVASP-20192,64.81,64.8125
JVASP-28405,18.03,3.2734375
JVASP-29417,23.63,23.75
JVASP-50997,16.44,16.875
JVASP-35405,20.48,25.4375
JVASP-40811,36.92,40.03125
JVASP-74034,41.82,35.90625
JVASP-37663,60.89,55.84375
JVASP-118289,36.67,38.28125
JVASP-51128,20.7,15.375
JVASP-10577,40.78,37.90625
JVASP-35714,59.31,60.59375
JVASP-17319,25.18,26.078125
JVASP-20070,216.18,213.625
JVASP-68240,68.05,71.0625
JVASP-121042,-17.35,-14.4140625
JVASP-13305,55.45,62.5
JVASP-40663,62.11,62.25
JVASP-112013,18.77,17.15625
JVASP-10116,24.5,26.6875
JVASP-56323,20.83,23.078125
JVASP-51421,30.07,30.296875
JVASP-22728,29.41,27.828125
JVASP-25667,58.24,56.0625
JVASP-100426,112.84,93.5625
JVASP-1927,13.18,14.78125
JVASP-117697,-13.86,-11.0
JVASP-22671,87.07,80.0625
JVASP-30343,57.45,50.46875
JVASP-67818,66.61,61.3125
JVASP-15956,13.6,10.3125
JVASP-15755,93.71,61.21875
JVASP-8824,37.83,39.15625
JVASP-1612,37.37,37.625
JVASP-64484,3.0,1.1777344
JVASP-94298,43.86,41.375
JVASP-114336,10.21,2.7148438
JVASP-38865,35.5,35.9375
JVASP-15878,38.05,34.3125
JVASP-118374,-17.12,-7.90625
JVASP-25634,44.59,37.53125
JVASP-7860,32.94,27.015625
JVASP-122987,35.9,36.09375
JVASP-70106,3.25,2.65625
JVASP-99918,20.96,18.765625
JVASP-110277,169.63,171.5
JVASP-108921,34.85,33.875
JVASP-21270,62.46,58.96875
JVASP-93771,56.17,53.3125
JVASP-40153,22.8,26.71875
JVASP-110885,14.73,14.53125
JVASP-7874,22.19,67.4375
JVASP-44707,85.02,83.5625
JVASP-103443,27.64,26.75
JVASP-10545,9.13,9.234375
JVASP-26975,47.93,45.96875
JVASP-102918,14.82,8.7265625
JVASP-21535,21.87,20.21875
JVASP-61574,45.48,33.21875
JVASP-3717,48.59,35.65625
JVASP-49808,126.87,131.25
JVASP-9364,40.92,39.84375
JVASP-18460,27.74,28.71875
JVASP-24912,11.88,13.6015625
JVASP-18169,50.59,46.28125
JVASP-37750,66.43,56.46875
JVASP-114446,24.75,29.578125
JVASP-41216,60.56,52.84375
JVASP-54835,16.14,15.484375
JVASP-40763,-7.08,-2.0957031
JVASP-51740,34.26,38.8125
JVASP-52490,54.51,53.1875
JVASP-29369,13.2,12.71875
JVASP-71832,41.08,37.75
JVASP-33823,7.62,8.3671875
JVASP-30026,48.26,29.3125
JVASP-36507,14.46,20.46875
JVASP-8686,18.32,22.1875
JVASP-18781,95.07,82.5625
JVASP-117733,-2.71,-3.3945312
JVASP-17654,-12.04,-8.5078125
JVASP-19853,102.44,104.0
JVASP-64119,-22.0,-15.1953125
JVASP-29665,18.31,21.46875
JVASP-79562,69.34,59.46875
JVASP-21508,34.51,28.765625
JVASP-11159,29.56,29.9375
JVASP-26767,15.05,15.5703125
JVASP-67732,92.17,93.0625
JVASP-9206,32.48,39.0
JVASP-102235,61.36,48.84375
JVASP-67726,18.93,19.78125
JVASP-14513,69.32,60.46875
JVASP-71856,98.75,81.0625
JVASP-117599,20.93,21.78125
JVASP-16290,36.22,34.9375
JVASP-102060,11.96,15.09375
JVASP-115443,29.35,24.140625
JVASP-15311,99.67,102.5625
JVASP-17430,24.59,21.171875
JVASP-71652,83.05,85.0
JVASP-120105,2.75,8.0
JVASP-69399,35.47,27.140625
JVASP-7642,15.24,14.4296875
JVASP-15053,120.62,103.5
JVASP-39582,40.79,47.625
JVASP-22941,8.47,8.265625
JVASP-40813,-20.14,-18.71875
JVASP-118559,5.05,6.5976562
JVASP-17797,52.38,44.4375
JVASP-70248,155.96,125.6875
JVASP-20164,82.71,89.0
JVASP-41746,16.52,15.6953125
JVASP-90060,3.53,3.4765625
JVASP-106499,15.45,18.015625
JVASP-4699,94.53,96.3125
JVASP-106559,3.84,4.9960938
JVASP-10558,61.87,66.0625
JVASP-74169,5.67,6.9726562
JVASP-969,17.75,16.9375
JVASP-90865,33.71,33.03125
JVASP-18078,26.92,22.734375
JVASP-8823,38.56,26.734375
JVASP-40275,29.84,26.5
JVASP-12511,12.67,11.5390625
JVASP-71039,0.0,4.4296875
JVASP-8328,33.5,29.765625
JVASP-121196,2.27,2.7714844
JVASP-50615,7.08,6.96875
JVASP-9869,45.61,41.53125
JVASP-94309,45.71,44.90625
JVASP-12179,50.91,46.5
JVASP-9158,8.96,5.9296875
JVASP-9436,72.25,67.0
JVASP-64939,49.4,51.03125
JVASP-114171,7.81,9.2578125
JVASP-106145,20.09,23.359375
JVASP-65718,25.62,20.71875
JVASP-64973,80.11,68.125
JVASP-18161,45.73,41.15625
JVASP-26359,39.84,35.78125
JVASP-74962,6.92,3.2851562
JVASP-15466,70.61,67.875
JVASP-36470,26.0,20.21875
JVASP-21982,30.59,33.8125
JVASP-114329,3.03,5.0859375
JVASP-71897,63.84,80.6875
JVASP-74218,58.38,50.96875
JVASP-118342,75.66,72.375
JVASP-65330,21.89,22.484375
JVASP-25215,23.58,25.015625
JVASP-80479,6.55,4.8476562
JVASP-9799,38.0,43.15625
JVASP-17720,56.83,54.5625
JVASP-51519,15.36,13.921875
JVASP-78584,-0.48,2.2148438
JVASP-7639,11.0,9.21875
JVASP-86396,54.86,56.1875
JVASP-17732,26.59,26.5625
JVASP-11969,41.99,33.59375
JVASP-3579,20.28,13.875
JVASP-105208,10.57,11.046875
JVASP-19964,93.44,105.0
JVASP-12397,71.42,70.0
JVASP-19770,38.49,37.0
JVASP-9110,320.43,356.5
JVASP-1354,34.28,35.6875
JVASP-33932,32.32,28.09375
JVASP-30348,29.06,35.65625
JVASP-14584,98.52,106.875
JVASP-68524,49.19,46.21875
JVASP-17764,23.56,18.421875
JVASP-36498,16.66,14.9921875
JVASP-61305,32.63,30.09375
JVASP-16717,76.84,81.0625
JVASP-120065,5.37,-0.28271484
JVASP-25227,17.22,8.8359375
JVASP-103135,104.75,91.375
JVASP-100120,15.36,13.4453125
JVASP-75002,23.96,18.078125
JVASP-36225,1.64,3.4335938
JVASP-40666,21.63,15.0390625
JVASP-57,39.12,31.5
JVASP-14579,22.3,28.984375
JVASP-13359,21.26,17.9375
JVASP-56583,42.82,51.46875
JVASP-71167,0.0,8.3515625
JVASP-110506,57.22,50.125
JVASP-100629,17.24,10.5390625
JVASP-17379,32.86,27.640625
JVASP-16291,14.72,11.0390625
JVASP-105704,15.81,13.25
JVASP-19910,106.63,132.75
JVASP-30560,67.23,72.75
JVASP-33847,4.46,5.5117188
JVASP-4071,9.99,4.2265625
JVASP-22669,8.03,8.5078125
JVASP-42398,58.1,53.78125
JVASP-37536,38.35,49.96875
JVASP-114885,168.74,177.125
JVASP-10707,44.78,37.5625
JVASP-4252,5.49,7.2539062
JVASP-11956,80.12,81.0
JVASP-118405,-1.63,-2.5214844
JVASP-41466,68.55,69.4375
JVASP-20371,76.54,91.9375
JVASP-12932,7.55,7.0195312
JVASP-70834,10.72,8.625
JVASP-110490,18.61,16.90625
JVASP-10722,-0.81,39.25
JVASP-32778,9.17,8.0546875
JVASP-9713,75.15,77.125
JVASP-85362,8.03,-2.5878906
JVASP-118332,-4.98,-5.40625
JVASP-15173,64.57,65.5
JVASP-25630,13.19,8.1171875
JVASP-9683,79.98,81.6875
JVASP-37350,22.1,20.703125
JVASP-37594,0.1,-3.8085938
JVASP-109708,117.21,116.3125
JVASP-36662,38.35,37.84375
JVASP-111008,54.51,50.3125
JVASP-78516,54.08,60.125
JVASP-25404,71.89,66.0
JVASP-1219,35.17,41.0625
JVASP-121102,2.25,1.0791016
JVASP-8147,28.09,20.984375
JVASP-118601,18.21,20.15625
JVASP-21,33.46,32.9375
JVASP-17186,55.24,50.0
JVASP-29657,31.56,28.28125
JVASP-18044,33.62,28.234375
JVASP-67782,1.8,5.859375
JVASP-115571,-21.4,-18.921875
JVASP-53460,140.26,137.5
JVASP-12474,14.09,13.96875
JVASP-4243,10.46,9.578125
JVASP-100199,44.52,33.4375
JVASP-26375,23.39,24.4375
JVASP-75612,9.08,5.7070312
JVASP-65009,4.36,3.9648438
JVASP-110589,66.31,58.34375
JVASP-1717,26.38,25.90625
JVASP-14568,23.92,25.140625
JVASP-86772,11.63,10.2578125
JVASP-70644,51.64,49.53125
JVASP-17195,29.58,-9.0703125
JVASP-117998,17.9,20.625
JVASP-17352,45.8,48.25
JVASP-36960,8.82,8.125
JVASP-29317,3.26,3.8574219
JVASP-115935,20.25,20.34375
JVASP-71759,67.27,57.46875
JVASP-15740,13.38,1.5390625
JVASP-14637,11.78,3.5878906
JVASP-36813,73.85,87.0625
JVASP-41679,41.12,42.9375
JVASP-14687,12.24,10.7578125
JVASP-65742,20.91,19.484375
JVASP-41486,51.18,50.5625
JVASP-41453,115.88,114.0
JVASP-8687,34.76,35.34375
JVASP-41982,105.74,104.5625
JVASP-18222,53.34,64.0
JVASP-2238,13.95,13.4140625
JVASP-63988,-1.6,-5.4414062
JVASP-10180,69.25,64.5625
JVASP-90034,-14.67,10.2578125
JVASP-114941,13.85,18.40625
JVASP-39667,115.04,120.875
JVASP-92742,62.16,60.40625
JVASP-10158,58.02,52.09375
JVASP-19889,195.56,194.625
JVASP-9073,0.65,12.046875
JVASP-111410,6.8,11.2421875
JVASP-36293,-17.16,12.0625
JVASP-14775,42.82,43.21875
JVASP-17771,17.44,17.125
JVASP-20570,65.56,68.375
JVASP-13915,14.11,13.8828125
JVASP-20254,38.5,38.34375
JVASP-78505,52.29,49.3125
JVASP-117755,10.03,6.640625
JVASP-10325,33.69,33.3125
JVASP-23339,41.92,40.28125
JVASP-21054,72.53,66.3125
JVASP-16314,42.65,41.96875
JVASP-21122,28.48,26.6875
JVASP-13042,24.39,21.171875
JVASP-9130,89.48,87.1875
JVASP-18450,9.81,11.5859375
JVASP-102446,15.77,13.09375
JVASP-5098,20.17,17.84375
JVASP-3246,17.85,22.5
JVASP-92687,180.47,169.875
JVASP-18388,76.0,73.25
JVASP-100387,48.15,36.71875
JVASP-115763,-2.05,1.4335938
JVASP-29785,54.96,65.6875
JVASP-94365,6.27,6.1992188
JVASP-18397,132.34,122.25
JVASP-12725,15.1,16.015625
JVASP-4807,21.99,25.125
JVASP-50935,93.16,83.6875
JVASP-119974,5.5,5.75
JVASP-7699,21.72,16.390625
JVASP-20158,31.84,33.375
JVASP-2487,22.74,21.375
JVASP-36667,126.75,127.5625
JVASP-25254,123.7,113.8125
JVASP-9515,43.23,37.65625
JVASP-114801,9.59,8.625
JVASP-110768,23.22,22.625
JVASP-116356,6.0,1.9804688
JVASP-1585,32.57,31.171875
JVASP-5599,38.81,36.5625
JVASP-114600,-4.63,-5.9960938
JVASP-15431,49.29,48.71875
JVASP-18598,19.48,17.625
JVASP-25619,15.95,14.6328125
JVASP-91685,31.07,35.5625
JVASP-117585,4.87,6.5742188
JVASP-121162,6.07,3.1132812
JVASP-36877,13.59,12.421875
JVASP-37033,68.93,58.46875
JVASP-41691,35.08,35.25
JVASP-37088,79.01,72.875
JVASP-36139,24.2,20.6875
JVASP-113790,81.77,84.875
JVASP-1957,5.06,4.3671875
JVASP-105711,7.93,6.28125
JVASP-57525,218.28,229.125
JVASP-71131,22.18,15.09375
JVASP-14009,57.35,59.375
JVASP-8354,44.36,46.1875
JVASP-40117,2.24,2.0820312
JVASP-29588,17.19,16.328125
JVASP-103538,42.76,34.71875
JVASP-9457,-12.19,-13.4609375
JVASP-8260,69.96,60.1875
JVASP-65667,13.7,16.734375
JVASP-8176,22.17,15.890625
JVASP-14585,45.66,45.0625
JVASP-71720,43.39,44.15625
JVASP-77560,24.15,16.421875
JVASP-120299,25.57,19.5
JVASP-99911,59.85,58.25
JVASP-107680,84.9,84.375
JVASP-73908,56.0,52.4375
JVASP-79864,22.0,22.515625
JVASP-36870,5.19,0.15698242
JVASP-8592,8.38,6.046875
JVASP-24307,16.88,17.46875
JVASP-38863,30.86,34.59375
JVASP-69110,9.26,9.2109375
JVASP-40619,79.08,72.8125
JVASP-114924,32.95,24.015625
JVASP-18318,-0.54,-0.60302734
JVASP-56545,49.72,37.03125
JVASP-2691,52.13,56.1875
JVASP-121273,-21.33,-15.0703125
JVASP-10953,39.63,45.5
JVASP-35229,91.48,89.0
JVASP-19885,41.44,45.03125
JVASP-103222,135.34,145.375
JVASP-40910,21.72,24.328125
JVASP-9084,16.65,16.109375
JVASP-20968,15.16,8.8515625
JVASP-8292,32.73,29.609375
JVASP-116343,88.65,99.4375
JVASP-16846,109.02,98.4375
JVASP-35118,39.09,35.125
JVASP-15304,102.3,92.0625
JVASP-39207,31.96,31.390625
JVASP-75712,17.64,15.6015625
JVASP-15790,51.39,51.9375
JVASP-18176,16.36,16.28125
JVASP-69342,16.31,13.84375
JVASP-26742,47.53,50.84375
JVASP-25088,9.06,13.328125
JVASP-48176,47.59,52.5
JVASP-14928,101.86,105.6875
JVASP-16287,56.32,58.03125
JVASP-14489,31.72,32.09375
JVASP-29470,7.47,6.1992188
JVASP-30166,30.47,29.859375
JVASP-29555,16.03,10.765625
JVASP-37107,41.62,43.0
JVASP-75635,2.01,2.2695312
JVASP-85938,11.53,12.1484375
JVASP-7830,48.14,43.375
JVASP-70719,58.45,61.6875
JVASP-115009,6.28,7.0351562
JVASP-16905,41.66,38.25
JVASP-36076,8.06,7.6328125
JVASP-75597,0.32,-1.7460938
JVASP-7692,71.51,66.5
JVASP-16910,5.53,6.3984375
JVASP-18588,17.67,16.140625
JVASP-9608,19.11,15.0859375
JVASP-1666,31.8,30.125
JVASP-9305,44.51,29.984375
JVASP-1819,32.83,31.125
JVASP-17734,30.42,28.125
JVASP-272,71.16,72.125
JVASP-78819,9.86,8.8828125
JVASP-16622,129.28,107.875
JVASP-79937,73.68,70.3125
JVASP-9510,60.76,57.5
JVASP-65035,35.58,36.96875
JVASP-93334,155.34,168.25
JVASP-3546,10.03,12.7421875
JVASP-12821,10.31,7.8007812
JVASP-66689,21.03,24.40625
JVASP-54753,5.2,7.5507812
JVASP-36313,109.02,112.8125
JVASP-8000,46.35,51.65625
JVASP-19919,172.55,175.25
JVASP-7767,70.01,73.5625
JVASP-35139,56.23,60.78125
JVASP-9688,50.74,49.59375
JVASP-12499,28.35,30.765625
JVASP-93412,10.24,13.703125
JVASP-1029,56.9,56.875
JVASP-75632,1.99,1.5917969
JVASP-70135,27.21,31.59375
JVASP-63414,71.41,83.25
JVASP-71618,83.57,87.0
JVASP-42515,57.21,62.375
JVASP-105213,45.76,54.84375
JVASP-48183,66.52,66.5
JVASP-29212,21.97,18.765625
JVASP-52004,31.15,32.96875
JVASP-30626,39.52,42.6875
JVASP-27339,49.09,74.6875
JVASP-42065,-4.66,-5.0859375
JVASP-118529,97.43,106.1875
JVASP-71456,-13.11,-7.390625
JVASP-22366,25.91,24.078125
JVASP-106932,24.16,28.109375
JVASP-8571,11.01,11.0625
JVASP-52282,14.97,15.671875
JVASP-68228,21.06,29.59375
JVASP-64776,-8.0,-4.8085938
JVASP-78273,24.03,34.375
JVASP-25307,0.49,2.6035156
JVASP-50860,71.4,71.4375
JVASP-92258,6.96,6.9257812
JVASP-9408,32.93,32.15625
JVASP-14991,47.72,51.21875
JVASP-28537,23.96,25.390625
JVASP-74740,29.73,32.15625
JVASP-16788,20.36,17.703125
JVASP-14791,23.82,30.5
JVASP-38872,33.04,33.8125
JVASP-3798,12.85,17.375
JVASP-121313,7.88,9.109375
JVASP-111675,38.29,37.625
JVASP-75470,5.36,0.58154297
JVASP-116211,14.83,27.03125
JVASP-38222,3.72,2.2734375
JVASP-53466,33.14,34.71875
JVASP-18867,29.86,39.0
JVASP-11168,61.51,65.9375
JVASP-69432,-1.95,4.5273438
JVASP-117758,-0.22,-0.019607544
JVASP-118331,-2.39,-4.4023438
JVASP-116400,6.05,7.3671875
JVASP-14760,14.44,14.109375
JVASP-14768,43.08,49.34375
JVASP-117874,0.43,-0.8828125
JVASP-1954,8.7,8.34375
JVASP-91651,29.62,28.625
JVASP-101368,41.77,40.03125
JVASP-4513,17.39,17.5
JVASP-16408,21.25,23.046875
JVASP-100575,11.52,12.984375
JVASP-117057,43.31,52.3125
JVASP-14187,35.53,24.875
JVASP-106867,64.67,66.5
JVASP-17676,9.99,15.8671875
JVASP-36130,67.72,60.0625
JVASP-29246,12.52,15.0546875
JVASP-115670,7.48,6.8320312
JVASP-121145,4.55,7.6953125
JVASP-19971,20.75,23.046875
JVASP-15984,160.39,149.25
JVASP-41491,34.4,35.46875
JVASP-94872,-2.97,1.0078125
JVASP-100208,35.74,37.21875
JVASP-16310,93.32,80.0
JVASP-4388,4.15,6.4101562
JVASP-37771,34.42,33.96875
JVASP-116939,72.0,83.375
JVASP-117526,4.01,7.140625
JVASP-100277,0.0,90.0
JVASP-25043,17.87,19.75
JVASP-51728,34.2,37.0
JVASP-16506,28.26,32.78125
JVASP-37098,51.53,57.375
JVASP-78431,17.1,14.140625
JVASP-17641,26.49,36.625
JVASP-9671,26.75,22.90625
JVASP-9762,77.5,87.9375
JVASP-68165,-2.38,-1.7265625
JVASP-38993,133.13,127.0625
JVASP-2862,17.07,20.125
JVASP-7820,38.9,46.8125
JVASP-7932,50.11,50.8125
JVASP-17513,59.8,66.5625
JVASP-102524,4.96,6.3671875
JVASP-9710,41.91,51.9375
JVASP-68652,0.45,1.8828125
JVASP-37395,31.1,29.1875
JVASP-90160,26.63,28.796875
JVASP-5278,14.33,17.640625
JVASP-49931,71.53,87.5625
JVASP-114550,1.43,11.0234375
JVASP-14900,91.09,98.9375
JVASP-57195,28.97,32.03125
JVASP-75481,11.58,3.8007812
JVASP-115227,19.67,17.078125
JVASP-75558,0.32,-1.6494141
JVASP-29210,5.71,16.03125
JVASP-8127,24.7,23.9375
JVASP-22541,13.18,17.5
JVASP-114095,11.41,12.4296875
JVASP-120248,23.01,28.453125
JVASP-115319,-2.81,-5.1953125
JVASP-25289,221.87,240.375
JVASP-70141,7.26,15.15625
JVASP-9913,8.26,12.0390625
JVASP-50092,41.06,31.75
JVASP-108043,21.97,24.15625
JVASP-14865,20.4,18.53125
JVASP-118235,-2.15,-2.2851562
JVASP-92556,55.64,53.96875
JVASP-14592,12.81,14.8203125
JVASP-66980,7.97,12.6796875
JVASP-38510,74.8,78.125
JVASP-10134,50.04,45.6875
JVASP-73931,0.0,0.2849121
JVASP-34263,44.32,38.90625
JVASP-17693,44.84,43.59375
JVASP-116732,29.99,30.96875
JVASP-86155,8.83,5.3085938
JVASP-11800,30.65,35.78125
JVASP-36612,103.92,112.0625
JVASP-96088,2.54,19.796875
JVASP-22586,10.76,10.375
JVASP-1606,29.86,30.109375
JVASP-67888,45.15,41.90625
JVASP-118952,14.31,21.5
JVASP-117626,-15.96,8.8125
JVASP-121057,19.29,16.421875
JVASP-33313,13.69,11.8828125
JVASP-38201,4.84,3.3222656
JVASP-7678,45.48,46.6875
JVASP-115135,4.12,4.2460938
JVASP-74656,39.3,36.625
JVASP-54769,13.23,11.09375
JVASP-38615,62.64,67.1875
JVASP-16286,4.13,4.21875
JVASP-114338,206.51,242.5
JVASP-20521,56.14,55.96875
JVASP-25062,52.1,49.625
JVASP-74033,29.64,19.71875
JVASP-11149,81.29,100.3125
JVASP-85948,6.27,6.2929688
JVASP-8196,38.28,39.25
JVASP-15395,45.0,44.65625
JVASP-115980,8.54,12.71875
JVASP-12312,27.64,26.875
JVASP-15313,50.1,52.21875
JVASP-28845,2.62,0.84472656
JVASP-36925,15.46,16.0625
JVASP-69838,39.12,42.125
JVASP-85413,43.74,45.28125
JVASP-11477,29.21,27.140625
JVASP-116058,57.42,59.25
JVASP-100366,29.23,33.65625
JVASP-74863,67.38,70.125
JVASP-28511,22.5,22.21875
JVASP-99607,-18.45,-17.625
JVASP-107036,37.68,43.40625
JVASP-8707,0.28,8.0859375
JVASP-71902,3.15,-0.7529297
JVASP-10532,14.73,14.765625
JVASP-17830,-0.62,-2.484375
JVASP-59297,52.35,48.1875
JVASP-15030,125.75,107.125
JVASP-18453,30.82,37.75
JVASP-19963,22.94,29.125
JVASP-92230,20.06,16.078125
JVASP-20462,55.31,51.15625
JVASP-22532,7.35,7.5039062
JVASP-8603,33.05,29.109375
JVASP-37153,32.07,36.0
JVASP-25268,5.82,4.4101562
JVASP-54829,4.21,4.0742188
JVASP-20952,41.53,36.84375
JVASP-65570,31.53,27.90625
JVASP-9465,43.54,47.15625
JVASP-17511,20.73,18.71875
JVASP-15801,17.75,16.203125
JVASP-116490,22.31,24.234375
JVASP-121219,10.97,15.75
JVASP-117087,76.63,77.9375
JVASP-28841,1.4,3.3574219
JVASP-56922,51.79,52.09375
JVASP-16208,95.85,93.5
JVASP-14516,36.01,37.15625
JVASP-91824,90.24,111.75
JVASP-15452,84.19,85.8125
JVASP-118798,7.99,5.9101562
JVASP-17582,25.24,23.03125
JVASP-122952,76.26,98.75
JVASP-62798,169.61,157.375
JVASP-16577,87.48,77.875
JVASP-9413,7.57,7.625
JVASP-93333,85.66,87.1875
JVASP-100371,-1.51,5.8632812
JVASP-109720,18.81,22.90625
JVASP-25114,1.78,1.1884766
JVASP-71683,10.94,76.8125
JVASP-120152,-12.26,-10.8046875
JVASP-21603,16.34,15.1015625
JVASP-45896,45.25,42.5625
JVASP-36428,39.78,48.78125
JVASP-93296,52.65,45.375
JVASP-120392,50.14,52.15625
JVASP-3492,12.07,11.9609375
JVASP-118524,13.17,15.0859375
JVASP-67620,31.42,35.125
JVASP-18645,15.52,12.578125
JVASP-8579,5.46,7.4335938
JVASP-93323,8.18,2.6972656
JVASP-5347,21.35,21.65625
JVASP-122924,17.6,28.421875
JVASP-118042,5.89,4.1445312
JVASP-15233,29.39,25.9375
JVASP-20326,36.1,33.40625
JVASP-121026,101.36,100.4375
JVASP-7753,71.43,78.9375
JVASP-16472,32.09,31.03125
JVASP-120154,27.98,25.125
JVASP-9316,9.15,3.3710938
JVASP-3843,14.55,11.6015625
JVASP-15317,88.4,97.125
JVASP-110262,25.56,28.15625
JVASP-87131,52.46,51.34375
JVASP-110466,39.06,44.09375
JVASP-92251,13.98,14.453125
JVASP-12882,1.47,7.5585938
JVASP-36754,36.86,36.625
JVASP-17325,40.92,53.59375
JVASP-15924,79.48,84.625
JVASP-39222,95.62,105.4375
JVASP-41550,25.94,26.578125
JVASP-69370,15.2,12.53125
JVASP-8735,66.46,66.1875
JVASP-14885,213.97,235.0
JVASP-5005,42.73,43.59375
JVASP-35178,29.77,27.015625
JVASP-65550,14.18,11.71875
JVASP-120959,23.79,17.75
JVASP-16828,31.29,32.59375
JVASP-36321,59.88,63.59375
JVASP-37278,64.21,59.25
JVASP-9786,11.07,5.7695312
JVASP-20306,83.46,80.125
JVASP-18425,86.86,74.0625
JVASP-71784,52.09,54.71875
JVASP-29803,25.07,21.890625
JVASP-31987,11.12,14.0546875
JVASP-68457,53.75,53.3125
JVASP-16442,32.96,35.40625
JVASP-3033,9.16,7.1835938
JVASP-15029,56.18,61.5
JVASP-102186,25.2,27.890625
JVASP-29590,119.83,114.4375
JVASP-69009,11.93,15.0078125
JVASP-108816,2.85,3.6738281
JVASP-24907,22.15,16.109375
JVASP-29143,24.65,25.203125
JVASP-42568,70.87,63.5625
JVASP-18686,47.58,49.34375
JVASP-105198,-22.55,-13.4609375
JVASP-116291,-12.85,-16.984375
JVASP-113659,4.97,8.9609375
JVASP-93740,86.83,90.125
JVASP-29490,20.65,23.3125
JVASP-28713,4.11,6.3867188
JVASP-1369,124.96,126.875
JVASP-14976,51.86,46.125
JVASP-11005,47.17,44.78125
JVASP-103410,205.67,177.25
JVASP-64668,4.32,1.6728516
JVASP-108837,7.28,10.203125
JVASP-115068,56.18,46.0
JVASP-39456,22.99,16.796875
JVASP-118839,7.95,8.0546875
JVASP-28539,38.95,40.65625
JVASP-106329,77.86,80.625
JVASP-103040,38.98,34.90625
JVASP-17689,75.62,72.125
JVASP-12080,8.93,10.1015625
JVASP-99516,158.73,149.25
JVASP-91548,161.96,164.75
JVASP-87098,7.87,7.390625
JVASP-30454,53.54,46.25
JVASP-36386,30.82,37.625
JVASP-75885,0.0,0.8354492
JVASP-69534,42.13,52.875
JVASP-9771,86.64,89.0
JVASP-3924,31.93,23.765625
JVASP-65144,17.71,21.171875
JVASP-66038,3.22,4.484375
JVASP-20260,37.24,38.5
JVASP-17344,28.88,29.390625
JVASP-101566,12.9,11.2421875
JVASP-36007,26.94,32.75
JVASP-53297,47.65,52.0
JVASP-10260,65.17,66.25
JVASP-70760,0.0,43.46875
JVASP-86182,14.43,9.4453125
JVASP-108170,1.66,0.63964844
JVASP-43968,30.6,31.390625
JVASP-8244,13.94,19.40625
JVASP-87100,16.41,15.2421875
JVASP-152,25.1,28.4375
JVASP-11132,44.35,38.71875
JVASP-2280,14.93,14.671875
JVASP-35993,52.86,60.90625
JVASP-65753,11.88,13.0
JVASP-122888,23.2,21.671875
JVASP-115595,7.99,4.8046875
JVASP-49952,9.27,10.109375
JVASP-74045,114.25,113.3125
JVASP-9801,42.1,42.34375
JVASP-39428,37.24,37.40625
JVASP-91536,46.39,46.34375
JVASP-69144,8.15,12.625
JVASP-115778,53.3,52.625
JVASP-18946,35.18,34.59375
JVASP-111006,21.08,30.5625
JVASP-16465,24.36,21.546875
JVASP-14575,84.6,88.8125
JVASP-120197,34.7,23.25
JVASP-67866,0.0,-3.0078125
JVASP-9583,62.55,45.21875
JVASP-17475,22.99,24.171875
JVASP-15490,42.96,38.21875
JVASP-35524,69.2,71.0
JVASP-18705,73.11,72.625
JVASP-1888,9.08,11.734375
JVASP-11413,111.55,108.625
JVASP-39379,66.04,64.75
JVASP-1924,9.02,5.875
JVASP-67557,20.49,10.90625
JVASP-120227,16.21,16.359375
JVASP-18226,64.3,60.25
JVASP-92240,25.61,28.09375
JVASP-111773,9.28,6.1757812
JVASP-75821,0.32,-2.0800781
JVASP-8744,41.73,43.6875
JVASP-116386,61.24,59.65625
JVASP-30503,40.05,38.15625
JVASP-16215,73.97,65.75
JVASP-37208,50.88,44.21875
JVASP-114606,8.69,9.75
JVASP-36145,133.94,129.0
JVASP-23725,23.87,22.9375
JVASP-71169,83.22,76.5
JVASP-15805,31.49,30.140625
JVASP-79946,107.38,108.9375
JVASP-42689,8.74,11.9609375
JVASP-99829,51.34,45.09375
JVASP-57390,83.09,66.0
JVASP-14608,3.86,2.3085938
JVASP-74869,-14.73,-17.9375
JVASP-16894,54.14,51.84375
JVASP-64998,33.88,31.765625
JVASP-39836,47.42,46.65625
JVASP-120313,14.91,13.6484375
JVASP-16296,38.87,37.875
JVASP-102861,13.48,14.2578125
JVASP-7127,8.93,8.1484375
JVASP-14693,34.44,38.65625
JVASP-8662,20.01,20.078125
JVASP-7824,48.7,46.9375
JVASP-118131,5.25,8.640625
JVASP-51706,39.08,42.40625
JVASP-67104,3.6,0.9448242
JVASP-115538,9.45,6.6015625
JVASP-9479,-23.79,-17.109375
JVASP-8031,32.43,31.484375
JVASP-70430,22.49,13.7734375
JVASP-101403,9.2,3.4902344
JVASP-36180,5.1,2.7070312
JVASP-71014,34.04,30.859375
JVASP-25405,16.56,16.71875
JVASP-18592,22.06,29.421875
JVASP-14564,45.19,49.40625
JVASP-68247,16.92,18.625
JVASP-20746,41.6,43.9375
JVASP-15899,-2.84,-0.1953125
JVASP-30539,11.14,12.109375
JVASP-25797,20.55,19.453125
JVASP-15035,97.6,96.25
JVASP-228,45.47,37.75
JVASP-57520,57.01,72.4375
JVASP-15174,30.04,29.171875
JVASP-8137,31.73,30.625
JVASP-116182,9.69,18.40625
JVASP-33032,4.36,0.8310547
JVASP-12429,53.63,54.46875
JVASP-15447,54.33,49.28125
JVASP-14511,48.28,46.625
JVASP-111630,112.45,119.6875
JVASP-69154,10.61,9.5625
JVASP-3282,10.24,10.5390625
JVASP-31013,30.67,32.1875
JVASP-73957,8.18,15.609375
JVASP-100070,26.04,29.140625
JVASP-40609,89.72,87.0625
JVASP-116117,1.15,5.484375
JVASP-93365,67.2,72.875
JVASP-42811,33.16,33.78125
JVASP-8076,27.89,29.6875
JVASP-75496,-14.88,-10.1796875
JVASP-99759,19.09,18.625
JVASP-36401,56.04,64.625
JVASP-103401,89.14,100.8125
JVASP-7768,69.95,80.4375
JVASP-15889,60.75,69.625
JVASP-71536,12.89,18.671875
JVASP-62045,3.34,4.125
JVASP-16721,47.56,51.6875
JVASP-15356,41.17,41.40625
JVASP-18731,190.53,182.5
JVASP-35750,55.97,57.53125
JVASP-118256,43.75,42.125
JVASP-114347,128.29,142.375
JVASP-102087,14.5,12.046875
JVASP-216,29.03,28.671875
JVASP-92532,33.61,34.0
JVASP-115568,-19.45,-17.9375
JVASP-35496,10.37,11.40625
JVASP-111955,13.63,12.171875
JVASP-4843,179.05,165.125
JVASP-41900,43.68,42.46875
JVASP-118027,7.59,7.4023438
JVASP-110799,3.33,14.7421875
JVASP-13018,69.83,69.5
JVASP-116453,1.61,-1.6982422
JVASP-106770,42.29,42.15625
JVASP-50665,18.91,18.0625
JVASP-116669,42.03,37.5625
JVASP-65280,57.26,54.4375
JVASP-26358,45.13,45.75
JVASP-26396,38.81,36.8125
JVASP-11601,54.02,53.59375
JVASP-14715,20.83,12.6875
JVASP-110220,39.53,33.1875
JVASP-92728,66.18,69.625
JVASP-28349,40.44,54.75
JVASP-5197,13.12,7.0820312
JVASP-14655,19.2,20.6875
JVASP-3153,18.0,20.296875
JVASP-34280,19.75,24.359375
JVASP-8795,20.25,22.78125
JVASP-29054,17.65,4.5976562
JVASP-78858,-10.39,-0.7553711
JVASP-11004,85.34,90.0
JVASP-9738,29.21,26.0
JVASP-8351,24.59,21.046875
JVASP-118013,-17.42,4.5234375
JVASP-35401,9.0,8.7890625
JVASP-4957,96.54,102.625
JVASP-114486,1.57,3.6835938
JVASP-5602,20.93,19.515625
JVASP-9383,28.81,23.671875
JVASP-12522,18.31,14.46875
JVASP-9248,14.59,17.046875
JVASP-36589,105.32,109.3125
JVASP-56562,80.76,71.6875
JVASP-65403,19.61,21.890625
JVASP-36235,28.56,29.015625
JVASP-22934,33.57,32.5
JVASP-9446,102.98,103.4375
JVASP-53457,32.05,33.84375
JVASP-100010,57.1,57.09375
JVASP-2355,50.01,48.5
JVASP-65536,34.75,37.65625
JVASP-102159,80.94,80.625
JVASP-50674,41.05,34.96875
JVASP-1789,55.02,59.375
JVASP-93783,21.16,23.078125
JVASP-31934,0.03,8.0234375
JVASP-18607,59.52,67.875
JVASP-15265,91.96,104.375
JVASP-121272,15.07,18.46875
JVASP-71754,56.29,64.6875
JVASP-56726,109.21,115.25
JVASP-9283,5.5,19.765625
JVASP-91617,55.3,56.5625
JVASP-66819,65.67,65.9375
JVASP-12473,14.75,11.9453125
JVASP-10548,32.54,31.140625
JVASP-58438,34.52,41.5
JVASP-22570,19.6,18.515625
JVASP-110470,9.7,10.828125
JVASP-17561,37.68,37.71875
JVASP-18624,18.16,21.03125
JVASP-26410,49.2,42.59375
JVASP-120929,15.11,14.78125
JVASP-16557,3.16,5.25
JVASP-70837,0.07,-0.8251953
JVASP-68846,9.13,10.765625
JVASP-7809,125.68,130.875
JVASP-64340,-2.42,-2.328125
JVASP-86206,7.3,13.796875
JVASP-15187,36.09,41.375
JVASP-28628,28.21,24.546875
JVASP-114611,11.0,17.21875
JVASP-70900,68.35,78.1875
JVASP-93459,72.23,63.125
JVASP-74829,8.63,11.828125
JVASP-45853,31.94,34.53125
JVASP-8241,32.24,40.15625
JVASP-30262,54.68,61.75
JVASP-114816,25.6,25.8125
JVASP-118752,3.62,6.6171875
JVASP-114063,-20.57,-16.375
JVASP-30467,99.3,105.0
JVASP-74458,54.0,68.75
JVASP-118898,-15.32,-1.4560547
JVASP-39150,9.02,11.6953125
JVASP-79581,18.07,18.0
JVASP-116426,9.89,12.375
JVASP-12170,18.65,28.25
JVASP-64989,16.63,23.140625
JVASP-37168,9.3,16.21875
JVASP-9251,24.93,29.0625
JVASP-69120,1.18,1.8369141
JVASP-106239,25.96,28.734375
JVASP-18249,-7.28,-4.7695312
JVASP-9651,49.78,60.15625
JVASP-68422,3.61,0.9946289
JVASP-41154,17.94,26.25
JVASP-143,25.53,27.765625
JVASP-4819,32.06,29.765625
JVASP-1930,15.51,15.46875
JVASP-107879,9.11,15.203125
JVASP-88369,35.69,46.09375
JVASP-120096,30.46,40.21875
JVASP-21559,18.86,22.21875
JVASP-996,31.97,29.515625
JVASP-111610,73.71,75.875
JVASP-31161,43.4,35.5625
JVASP-91714,76.79,75.375
JVASP-91891,25.58,27.984375
JVASP-28865,21.49,25.0625
JVASP-120095,18.36,29.203125
JVASP-86410,55.88,51.4375
JVASP-116130,13.74,10.234375
JVASP-52124,80.08,83.75
JVASP-30187,20.31,27.875
JVASP-72398,21.88,26.0625
JVASP-5053,16.24,17.9375
JVASP-110823,57.48,58.9375
JVASP-14952,27.46,26.5
JVASP-91978,27.69,26.984375
JVASP-100264,17.02,9.890625
JVASP-117795,4.01,10.78125
JVASP-63459,10.18,10.2421875
JVASP-30194,35.14,30.734375
JVASP-74967,5.84,14.078125
JVASP-39486,41.88,46.71875
JVASP-115689,19.73,12.0703125
JVASP-15928,21.13,27.4375
JVASP-102954,34.42,40.34375
JVASP-71985,10.51,12.8046875
JVASP-115651,-3.17,-3.2636719
JVASP-94870,20.59,25.953125
JVASP-99933,17.76,32.59375
JVASP-118286,27.16,29.65625
JVASP-15120,117.32,123.75
JVASP-51097,-12.08,-9.6875
JVASP-14557,149.8,139.25
JVASP-22706,8.08,6.7265625
JVASP-112102,43.61,45.5
JVASP-18007,17.68,17.8125
JVASP-110534,63.08,62.34375
JVASP-18326,35.78,43.875
JVASP-67194,80.7,80.1875
JVASP-33812,4.13,3.3945312
JVASP-15757,49.22,51.8125
JVASP-91496,14.85,14.5859375
JVASP-17300,42.59,44.03125
JVASP-16107,161.57,173.25
JVASP-109764,-16.65,10.0625
JVASP-22885,114.32,132.125
JVASP-64466,-5.42,-4.4492188
JVASP-8688,12.28,10.953125
JVASP-29294,10.19,7.1445312
JVASP-93447,51.77,47.4375
JVASP-64887,70.64,71.4375
JVASP-14744,249.27,229.875
JVASP-119996,29.86,32.59375
JVASP-75829,-19.74,-3.5449219
JVASP-57491,11.87,11.9453125
JVASP-15961,21.45,28.875
JVASP-8785,23.34,25.3125
JVASP-94423,134.56,127.6875
JVASP-29083,4.0,11.1875
JVASP-7818,30.63,41.34375
JVASP-35526,73.6,87.0
JVASP-67245,0.0,-4.03125
JVASP-35694,48.27,56.40625
JVASP-115790,55.32,64.1875
JVASP-66298,-2.76,5.9375
JVASP-90600,10.69,12.171875
JVASP-70960,0.0,9.6640625
JVASP-20839,34.41,37.6875
JVASP-19368,59.13,64.5625
JVASP-70916,78.32,79.875
JVASP-50083,34.99,36.03125
JVASP-120886,18.13,22.3125
JVASP-8206,106.67,96.75
JVASP-66678,-10.32,-6.7109375
JVASP-12846,10.92,10.65625
JVASP-108784,12.7,12.8203125
JVASP-36821,33.23,36.4375
JVASP-8546,26.27,31.03125
JVASP-57661,60.64,62.65625
JVASP-101227,28.14,23.515625
JVASP-26348,23.09,24.59375
JVASP-7889,44.41,46.96875
JVASP-40996,88.44,102.8125
JVASP-16921,31.9,42.9375
JVASP-34892,42.03,47.59375
JVASP-74253,20.75,26.921875
JVASP-114533,6.61,7.8476562
JVASP-4219,6.32,9.265625
JVASP-15591,60.27,62.0
JVASP-29625,9.18,12.2734375
JVASP-3627,22.47,21.859375
JVASP-1372,42.58,44.09375
JVASP-12790,127.58,138.25
JVASP-2826,26.27,31.109375
JVASP-1228,99.31,91.8125
JVASP-14777,30.24,32.96875
JVASP-121318,37.39,35.3125
JVASP-118748,6.79,7.2304688
JVASP-40093,24.64,29.890625
JVASP-35237,14.4,20.40625
JVASP-118098,4.49,5.3476562
JVASP-19662,74.47,65.0625
JVASP-13827,131.19,128.5
JVASP-320,24.53,25.6875
JVASP-13853,-6.04,-5.3046875
JVASP-37051,29.02,38.15625
JVASP-14858,78.3,88.1875
JVASP-91686,14.87,12.8203125
JVASP-11201,20.12,22.40625
JVASP-116405,82.8,87.8125
JVASP-37804,21.39,29.09375
JVASP-15629,67.4,60.9375
JVASP-35069,46.53,45.40625
JVASP-17558,87.6,88.875
JVASP-10124,6.0,8.515625
JVASP-100259,25.46,30.0
JVASP-113653,15.78,6.90625
JVASP-36590,31.86,33.8125
JVASP-90220,19.03,22.453125
JVASP-14879,66.7,65.4375
JVASP-121200,10.97,16.390625
JVASP-20092,47.74,48.5625
JVASP-3138,25.23,31.9375
JVASP-71782,70.17,59.21875
JVASP-100178,5.92,15.625
JVASP-5659,9.3,8.171875
JVASP-54813,53.33,49.53125
JVASP-8763,10.25,11.5078125
JVASP-16324,28.97,30.46875
JVASP-22891,24.2,22.578125
JVASP-117845,0.93,1.4941406
JVASP-36452,28.26,27.390625
JVASP-74313,8.44,5.7929688
JVASP-9984,17.5,18.203125
JVASP-52096,60.81,53.84375
JVASP-7764,74.99,78.125
JVASP-8701,12.96,14.8984375
JVASP-15252,78.54,75.0
JVASP-210,34.26,37.21875
JVASP-74456,25.06,27.203125
JVASP-9703,59.24,48.625
JVASP-19865,70.95,68.6875
JVASP-118931,25.41,22.53125
JVASP-15929,22.0,47.03125
JVASP-22530,12.13,13.2109375
JVASP-15195,85.03,79.1875
JVASP-20630,41.73,39.34375
JVASP-12541,7.56,9.6953125
JVASP-19851,38.88,41.375
JVASP-17802,-11.48,-9.9609375
JVASP-115701,1.81,0.07330322
JVASP-36511,28.14,26.9375
JVASP-35183,11.88,11.859375
JVASP-65605,11.88,15.125
JVASP-106027,70.43,54.46875
JVASP-12386,27.32,25.265625
JVASP-122939,39.44,43.96875
JVASP-12320,15.91,14.96875
JVASP-64936,47.7,52.09375
JVASP-85682,12.52,16.421875
JVASP-36954,2.67,2.2324219
JVASP-117462,-14.66,-10.859375
JVASP-1381,28.04,22.953125
JVASP-100503,30.96,32.0
JVASP-117830,22.74,29.640625
JVASP-15413,99.26,86.6875
JVASP-66925,38.15,41.46875
JVASP-9154,102.37,108.75
JVASP-68224,34.64,36.53125
JVASP-38825,88.64,94.5
JVASP-1846,29.49,29.734375
JVASP-15422,39.11,39.65625
JVASP-17737,39.77,36.09375
JVASP-14794,152.28,154.375
JVASP-18041,105.14,106.375
JVASP-5770,5.46,3.3261719
JVASP-36873,85.06,77.4375
JVASP-11435,-9.72,2.2773438
JVASP-49768,72.87,68.0
JVASP-90660,44.73,43.03125
JVASP-66126,-15.2,-15.8203125
JVASP-40807,-15.52,-13.375
JVASP-37219,110.98,95.1875
JVASP-104145,11.47,21.546875
JVASP-117456,1.86,4.6640625
JVASP-79486,40.33,38.59375
JVASP-119984,-0.66,2.2265625
JVASP-67172,0.0,5.046875
JVASP-42012,154.55,79.125
JVASP-8155,89.75,100.0625
JVASP-68491,13.61,14.46875
JVASP-21785,7.51,12.6875
JVASP-9601,26.77,28.265625
JVASP-7855,35.54,35.25
JVASP-22520,25.85,24.953125
JVASP-37116,72.19,63.03125
JVASP-102858,13.88,14.6796875
JVASP-20595,37.2,43.625
JVASP-58258,58.02,51.59375
JVASP-12066,11.6,15.671875
JVASP-116323,93.44,94.3125
JVASP-108570,-8.89,-0.21618652
JVASP-19871,31.72,30.15625
JVASP-9285,37.03,31.546875
JVASP-10674,79.46,83.3125
JVASP-9363,36.23,34.875
JVASP-118940,25.33,22.328125
JVASP-16816,30.68,31.65625
JVASP-85840,29.03,29.46875
JVASP-34002,31.11,32.53125
JVASP-2388,51.33,43.96875
JVASP-17386,16.67,20.25
JVASP-117922,-22.91,-7.25
JVASP-21208,8.06,7.3242188
JVASP-18713,61.58,66.0
JVASP-36803,9.94,8.3125
JVASP-114559,6.82,11.046875
JVASP-74979,10.32,11.4453125
JVASP-25340,1.11,3.4824219
JVASP-16428,27.0,26.109375
JVASP-7895,101.21,100.9375
JVASP-19712,20.3,15.7734375
JVASP-17707,4.08,4.9257812
JVASP-35362,63.79,60.84375
JVASP-12113,22.05,22.328125
JVASP-30521,14.4,5.6210938
JVASP-7770,72.79,72.375
JVASP-52492,67.64,65.3125
JVASP-16255,60.81,54.0
JVASP-18875,20.16,15.7890625
JVASP-116020,17.15,8.6015625
JVASP-42995,52.27,67.5625
JVASP-93872,27.77,20.828125
JVASP-14694,36.48,38.09375
JVASP-114633,-1.91,0.6513672
JVASP-57507,27.56,25.1875
JVASP-43079,13.97,12.515625
JVASP-118362,1.49,-0.94091797
JVASP-21944,24.4,24.765625
JVASP-71760,83.45,82.75
JVASP-30485,17.57,17.40625
JVASP-20279,65.92,54.0
JVASP-9617,107.98,90.1875
JVASP-37037,117.42,117.4375
JVASP-14146,25.46,26.5625
JVASP-116158,35.96,23.046875
JVASP-69629,83.67,73.8125
JVASP-21601,77.99,78.5625
JVASP-23980,16.75,10.1796875
JVASP-15840,93.95,88.75
JVASP-11640,16.17,17.203125
JVASP-19745,23.64,22.046875
JVASP-8694,9.82,9.4140625
JVASP-17441,-9.58,-4.5273438
JVASP-114481,3.17,2.6621094
JVASP-21970,16.3,16.03125
JVASP-972,56.22,48.84375
JVASP-63450,14.2,9.7265625
JVASP-70782,17.4,11.3046875
JVASP-99847,22.34,24.640625
JVASP-99613,-11.35,2.8554688
JVASP-15089,66.07,61.1875
JVASP-86165,198.26,177.0
JVASP-26366,45.81,43.125
JVASP-7901,59.13,64.1875
JVASP-37214,41.78,35.875
JVASP-86988,36.69,31.28125
JVASP-50914,62.25,60.53125
JVASP-69526,105.52,78.0625
JVASP-16782,27.62,27.71875
JVASP-74805,124.27,105.6875
JVASP-86291,189.55,158.75
JVASP-67737,48.63,42.3125
JVASP-121222,49.92,43.84375
JVASP-118501,23.86,10.734375
JVASP-44489,87.31,77.3125
JVASP-35717,84.56,79.6875
JVASP-118028,2.59,1.3017578
JVASP-14593,65.0,50.875
JVASP-20822,44.77,45.53125
JVASP-86460,73.48,61.9375
JVASP-18854,39.82,35.53125
JVASP-13282,43.16,32.1875
JVASP-38621,30.62,28.53125
JVASP-8734,13.69,7.0390625
JVASP-11986,112.73,102.625
JVASP-114087,7.77,4.9648438
JVASP-52356,47.88,46.34375
JVASP-51124,48.08,42.90625
JVASP-113637,8.7,4.2148438
JVASP-30673,45.59,37.84375
JVASP-36804,24.77,23.265625
JVASP-86400,121.15,106.375
JVASP-8084,26.5,18.46875
JVASP-100055,8.23,7.6015625
JVASP-121120,6.68,3.8945312
JVASP-113571,35.76,33.1875
JVASP-67769,68.35,65.3125
JVASP-28721,27.79,28.15625
JVASP-16046,45.32,37.09375
JVASP-70906,61.43,47.875
JVASP-18672,6.72,5.140625
JVASP-105642,-8.92,-5.9296875
JVASP-338,61.35,67.6875
JVASP-67966,-15.56,-14.5703125
JVASP-21022,11.37,13.0390625
JVASP-222,55.57,41.5
JVASP-74180,12.84,8.875
JVASP-30558,50.96,37.90625
JVASP-66365,-14.08,-18.625
JVASP-12065,1.88,7.4453125
JVASP-10221,80.87,69.5
JVASP-54759,15.17,12.6796875
JVASP-18146,29.04,21.453125
JVASP-9072,39.57,31.3125
JVASP-4852,15.21,11.078125
JVASP-92571,3.65,8.4453125
JVASP-41209,123.02,107.3125
JVASP-18071,21.0,18.328125
JVASP-25274,525.41,398.0
JVASP-118093,0.64,-2.0996094
JVASP-20945,36.94,35.78125
JVASP-12410,24.74,19.59375
JVASP-40818,0.32,-2.1289062
JVASP-25743,28.04,28.0625
JVASP-14859,32.13,32.875
JVASP-22085,53.23,43.3125
JVASP-24951,30.16,30.359375
JVASP-110785,-10.53,-10.7578125
JVASP-57139,74.76,59.09375
JVASP-66896,6.32,7.7578125
JVASP-17967,19.0,12.359375
JVASP-9153,224.02,184.0
JVASP-93255,29.02,27.984375
JVASP-92628,54.25,48.5
JVASP-69229,31.3,27.703125
JVASP-57102,23.58,23.25
JVASP-8251,42.68,43.09375
JVASP-16722,57.17,60.90625
JVASP-16810,32.03,27.015625
JVASP-8062,27.21,26.625
JVASP-41682,5.81,6.8632812
JVASP-25035,19.87,15.2265625
JVASP-35954,25.94,19.265625
JVASP-40810,40.38,38.0625
JVASP-26727,16.97,11.3046875
JVASP-5344,6.07,6.2734375
JVASP-100260,11.16,10.8984375
JVASP-86878,-21.57,-12.2109375
JVASP-30067,12.03,14.71875
JVASP-117989,5.33,5.046875
JVASP-24625,5.75,7.6132812
JVASP-43925,61.29,58.4375
JVASP-121236,22.73,28.8125
JVASP-11300,24.71,25.1875
JVASP-16099,50.91,50.75
JVASP-15460,35.91,37.5625
JVASP-100212,12.12,12.7109375
JVASP-117722,13.96,12.6640625
JVASP-14746,33.77,31.78125
JVASP-70902,0.0,-2.4042969
JVASP-12560,26.39,25.734375
JVASP-101382,11.24,10.3046875
JVASP-19726,10.32,12.4921875
JVASP-68387,52.41,56.09375
JVASP-99793,74.76,71.75
JVASP-9754,16.49,16.515625
JVASP-7886,56.86,65.25
JVASP-14932,184.51,179.75
JVASP-2088,25.39,24.890625
JVASP-120337,11.69,1.4160156
JVASP-16226,58.04,54.1875
JVASP-69580,-8.05,-7.6054688
JVASP-7790,33.03,32.125
JVASP-46918,38.04,38.3125
JVASP-9295,24.72,24.03125
JVASP-22548,6.97,6.0664062
JVASP-20559,44.76,43.40625
JVASP-100290,28.88,24.140625
JVASP-117960,4.09,4.0546875
JVASP-94890,64.47,70.4375
JVASP-118388,21.93,20.875
JVASP-53194,20.16,29.515625
JVASP-103047,-0.41,-1.2910156
JVASP-74436,4.21,5.3359375
JVASP-71562,0.0,-0.62353516
JVASP-25084,137.72,143.5
JVASP-86333,28.77,33.0
JVASP-2853,17.58,25.703125
JVASP-34289,11.37,9.2421875
JVASP-71617,39.55,42.71875
JVASP-68294,27.13,27.375
JVASP-55211,6.79,10.859375
JVASP-117816,7.15,6.1640625
JVASP-117632,5.18,5.4492188
JVASP-36054,21.9,21.34375
JVASP-13856,21.7,15.53125
JVASP-2133,14.71,15.6171875
JVASP-14525,67.24,74.4375
JVASP-10101,25.94,30.1875
JVASP-10022,0.19,-2.09375
JVASP-60657,8.02,6.4726562
JVASP-25209,16.17,22.484375
JVASP-39245,-1.76,-5.6289062
JVASP-41446,99.92,105.0
JVASP-40213,5.3,8.1328125
JVASP-11167,64.23,63.75
JVASP-28811,25.22,26.859375
JVASP-74063,83.32,84.0
JVASP-29858,56.94,50.625
JVASP-120208,34.53,35.65625
JVASP-85501,26.85,28.515625
JVASP-11726,63.25,64.5
JVASP-38654,47.0,42.125
JVASP-118639,-20.97,-17.765625
JVASP-3771,8.4,7.3945312
JVASP-114462,8.6,6.4648438
JVASP-8099,85.53,73.875
JVASP-70651,88.38,85.25
JVASP-8152,26.42,30.015625
JVASP-65435,7.59,8.1015625
JVASP-32247,6.8,7.4140625
JVASP-20385,31.14,33.34375
JVASP-16533,46.75,46.96875
JVASP-37473,12.85,16.265625
JVASP-36856,50.65,54.90625
JVASP-115485,20.25,19.265625
JVASP-37185,146.88,172.625
JVASP-10726,11.61,11.7265625
JVASP-38555,16.22,18.453125
JVASP-85222,10.83,12.9296875
JVASP-110868,101.48,98.125
JVASP-36497,17.26,16.421875
JVASP-94987,53.81,63.3125
JVASP-114097,1.03,0.98779297
JVASP-49943,32.42,37.3125
JVASP-100664,77.56,67.75
JVASP-14404,50.79,56.875
JVASP-9502,26.42,27.890625
JVASP-103121,46.87,46.5625
JVASP-20842,154.77,137.75
JVASP-31801,5.42,3.1972656
JVASP-15921,49.34,51.9375
JVASP-102151,81.02,75.625
JVASP-94993,28.57,22.65625
JVASP-25653,37.23,43.0
JVASP-12897,14.99,14.4140625
JVASP-100572,3.16,5.4960938
JVASP-93677,60.37,62.0
JVASP-11015,51.65,61.625
JVASP-114628,24.74,28.3125
JVASP-18303,16.66,14.7890625
JVASP-18777,27.72,26.453125
JVASP-46049,62.28,66.4375
JVASP-14910,28.98,25.125
JVASP-7646,62.45,70.0
JVASP-78633,74.0,76.5625
JVASP-5089,21.89,23.109375
JVASP-17604,57.35,55.1875
JVASP-17892,40.56,43.78125
JVASP-90843,6.26,6.5429688
JVASP-35895,14.23,14.328125
JVASP-15850,103.47,102.875
JVASP-118723,69.78,67.875
JVASP-39252,28.23,29.5
JVASP-114561,9.37,9.34375
JVASP-39928,28.46,31.75
JVASP-17852,46.62,48.6875
JVASP-107,190.63,200.5
JVASP-8008,94.16,97.1875
JVASP-39452,43.83,45.28125
JVASP-36917,20.96,24.46875
JVASP-12975,17.47,15.3984375
JVASP-88250,42.23,42.03125
JVASP-115714,0.19,-0.04510498
JVASP-73925,31.09,27.46875
JVASP-18240,21.44,11.0078125
JVASP-12524,9.69,9.4921875
JVASP-117829,14.49,16.4375
JVASP-94990,31.49,27.9375
JVASP-69255,13.27,12.59375
JVASP-14559,15.94,8.6484375
JVASP-2844,14.61,11.8046875
JVASP-54697,25.08,23.859375
JVASP-54625,24.17,24.9375
JVASP-114520,31.57,24.890625
JVASP-17845,42.1,43.71875
JVASP-114126,-0.7,0.6489258
JVASP-10122,14.9,14.0
JVASP-72261,44.09,45.875
JVASP-11143,24.62,24.640625
JVASP-87094,10.79,8.65625
JVASP-18289,26.76,44.65625
JVASP-11600,30.33,27.5
JVASP-67694,5.28,2.6601562
JVASP-114047,6.77,-0.14733887
JVASP-93214,102.8,98.4375
JVASP-98606,21.02,24.046875
JVASP-37766,73.34,85.125
JVASP-88766,28.22,29.234375
JVASP-60762,26.55,23.171875
JVASP-16837,31.19,32.625
JVASP-14620,6.45,3.703125
JVASP-38817,20.4,17.59375
JVASP-117634,24.82,22.71875
JVASP-49880,76.19,70.625
JVASP-9441,59.78,72.125
JVASP-100229,35.56,30.640625
JVASP-16361,59.32,55.6875
JVASP-26876,39.5,46.875
JVASP-119931,6.45,4.875
JVASP-2700,66.06,58.4375
JVASP-79168,29.17,23.4375
JVASP-31871,8.01,5.9023438
JVASP-37294,28.82,25.53125
JVASP-67371,12.42,8.640625
JVASP-26997,99.08,99.8125
JVASP-121103,37.06,34.4375
JVASP-116697,12.6,12.9296875
JVASP-16615,20.88,36.75
JVASP-15455,52.78,49.09375
JVASP-8610,96.62,88.4375
JVASP-85681,0.99,4.4882812
JVASP-17456,36.07,32.15625
JVASP-8706,38.33,35.4375
JVASP-25389,1.05,3.1640625
JVASP-17951,28.23,32.5625
JVASP-36778,25.53,22.34375
JVASP-34942,43.99,45.40625
JVASP-71956,81.93,74.1875
JVASP-78458,2.5,-0.46557617
JVASP-1552,62.19,68.8125
JVASP-102977,0.0,1.0332031
JVASP-104499,-10.01,-11.28125
JVASP-13854,-0.75,3.2402344
JVASP-85897,94.86,95.5625
JVASP-93813,34.62,44.0625
JVASP-118435,12.93,11.7421875
JVASP-36974,3.29,2.8535156
JVASP-113776,62.81,55.03125
JVASP-86276,-21.84,-16.8125
JVASP-93438,95.53,83.125
JVASP-67005,0.0,-1.1923828
JVASP-89086,119.59,109.375
JVASP-49814,21.57,22.328125
JVASP-110617,52.81,37.6875
JVASP-16732,104.74,107.9375
JVASP-17510,59.92,54.8125
JVASP-16121,46.99,40.65625
JVASP-8806,33.28,33.0
JVASP-15664,70.89,65.625
JVASP-115593,76.68,69.9375
JVASP-93811,122.83,132.875
JVASP-40952,31.44,31.046875
JVASP-25105,8.68,7.953125
JVASP-12574,39.19,40.5
JVASP-9649,40.94,41.875
JVASP-51456,90.2,75.1875
JVASP-50316,35.29,36.75
JVASP-25172,-4.64,-4.5390625
JVASP-17904,42.44,41.03125
JVASP-29913,37.55,32.0
JVASP-65256,25.84,22.625
JVASP-9953,1.09,42.15625
JVASP-14864,42.44,39.03125
JVASP-15784,63.11,55.0
JVASP-65561,14.18,20.28125
JVASP-93352,43.54,34.625
JVASP-7843,219.7,220.375
JVASP-116262,9.0,6.90625
JVASP-20364,71.79,78.0625
JVASP-88679,6.63,4.8203125
JVASP-16440,33.46,30.75
JVASP-69018,17.19,15.125
JVASP-30452,0.23,10.203125
JVASP-7640,20.03,22.5
JVASP-15730,78.19,68.5625
JVASP-116628,62.63,56.3125
JVASP-116008,52.3,48.6875
JVASP-102454,27.74,30.046875
JVASP-78818,28.43,23.109375
JVASP-25251,-2.23,-2.3632812
JVASP-5449,10.61,8.5703125
JVASP-9156,20.43,20.78125
JVASP-8528,147.3,160.0
JVASP-104946,47.58,45.46875
JVASP-65551,34.47,26.125
JVASP-29196,4.0,7.9179688
JVASP-37160,38.98,35.25
JVASP-86082,49.81,53.46875
JVASP-9077,26.61,25.890625
JVASP-38890,3.92,4.4492188
JVASP-1987,9.57,5.90625
JVASP-51344,15.48,13.9765625
JVASP-48544,24.73,22.0625
JVASP-57000,90.42,89.875
JVASP-93848,136.04,128.375
JVASP-26272,85.38,81.625
JVASP-14327,9.3,5.7773438
JVASP-121072,249.68,306.75
JVASP-14875,83.73,80.375
JVASP-40578,7.98,13.8125
JVASP-8177,10.39,11.1328125
JVASP-44705,78.37,76.4375
JVASP-37414,120.82,115.4375
JVASP-12833,13.35,10.671875
JVASP-28555,25.23,25.84375
JVASP-93959,131.92,116.3125
JVASP-68203,33.16,27.8125
JVASP-117598,15.35,17.84375
JVASP-115136,4.79,6.8007812
JVASP-97027,29.13,30.46875
JVASP-12291,31.81,32.4375
JVASP-24241,35.76,37.0625
JVASP-85663,13.51,14.34375
JVASP-52234,33.57,28.8125
JVASP-24602,11.79,9.78125
JVASP-15367,33.68,28.453125
JVASP-41938,20.6,16.515625
JVASP-15444,65.48,56.65625
JVASP-116593,9.79,8.609375
JVASP-115375,8.15,10.703125
JVASP-48548,32.95,39.40625
JVASP-10240,27.53,36.71875
JVASP-14643,60.66,61.71875
JVASP-14822,6.45,5.6445312
JVASP-1702,35.18,36.96875
JVASP-34265,9.58,4.4492188
JVASP-18532,-6.03,-10.7109375
JVASP-109539,1.96,3.0878906
JVASP-21566,14.27,12.34375
JVASP-18651,55.93,54.625
JVASP-48724,102.8,88.875
JVASP-115214,21.19,22.421875
JVASP-15241,59.01,64.625
JVASP-12743,14.42,13.3984375
JVASP-12873,23.95,21.78125
JVASP-93408,45.19,44.59375
JVASP-11393,8.25,7.421875
JVASP-18238,22.74,23.796875
JVASP-11529,56.33,55.21875
JVASP-36496,16.7,11.3828125
JVASP-115637,5.69,8.4375
JVASP-36391,49.9,52.84375
JVASP-118350,-10.08,-9.90625
JVASP-103068,20.38,21.4375
JVASP-99964,25.29,25.265625
JVASP-91817,50.85,47.75
JVASP-36389,-22.52,-17.578125
JVASP-100162,26.28,25.734375
JVASP-52734,131.65,120.625
JVASP-12599,10.33,13.25
JVASP-8064,57.75,63.3125
JVASP-17717,22.72,20.921875
JVASP-17665,146.57,160.375
JVASP-66640,-11.52,-11.1640625
JVASP-100489,34.98,36.90625
JVASP-20228,194.52,194.125
JVASP-9773,45.57,46.59375
JVASP-103327,126.28,124.0625
JVASP-20769,107.06,101.5
JVASP-92716,13.05,16.515625
JVASP-25247,19.75,13.125
JVASP-19684,65.32,66.0625
JVASP-18950,117.5,122.4375
JVASP-30644,32.11,37.28125
JVASP-38393,18.37,18.953125
JVASP-28582,43.36,46.71875
JVASP-8385,38.98,35.46875
JVASP-36144,181.6,163.875
JVASP-19848,89.96,89.3125
JVASP-64036,1.36,-5.625
JVASP-74031,41.88,39.4375
JVASP-8728,54.74,54.71875
JVASP-116393,24.83,26.734375
JVASP-54692,22.35,21.609375
JVASP-100039,84.23,84.5
JVASP-104161,23.59,22.609375
JVASP-15440,52.33,52.46875
JVASP-41606,18.82,15.5078125
JVASP-9983,12.96,11.34375
JVASP-75679,18.02,15.2578125
JVASP-20652,36.18,35.46875
JVASP-93728,35.11,40.40625
JVASP-85710,29.83,38.8125
JVASP-15136,50.27,52.84375
JVASP-15708,6.1,2.8925781
JVASP-65631,4.14,3.0390625
JVASP-16409,17.55,16.875
JVASP-68911,10.29,15.6328125
JVASP-10913,29.1,28.296875
JVASP-7997,114.68,98.375
JVASP-18859,29.82,33.5625
JVASP-29808,37.19,42.09375
JVASP-14698,51.08,52.4375
JVASP-121040,54.5,59.5
JVASP-7928,59.18,67.625
JVASP-117736,22.15,21.421875
JVASP-118696,-2.96,-11.8359375
JVASP-578,38.09,42.28125
JVASP-8550,64.16,62.90625
JVASP-1681,121.11,120.25
JVASP-115081,-12.59,23.09375
JVASP-30508,31.67,32.125
JVASP-35711,29.11,29.234375
JVASP-25015,14.72,15.140625
JVASP-16360,46.02,45.78125
JVASP-12017,27.32,30.125
JVASP-12557,35.55,38.71875
JVASP-21524,10.9,12.3828125
JVASP-62158,87.25,92.5
JVASP-10174,28.33,27.5625
JVASP-14981,83.4,77.6875
JVASP-36609,32.38,32.46875
JVASP-67524,15.85,19.53125
JVASP-8800,15.42,15.7578125
JVASP-9607,44.27,42.96875
JVASP-12852,14.25,15.5078125
JVASP-117584,8.05,7.328125
JVASP-10539,17.13,14.5078125
JVASP-39794,13.04,13.3203125
JVASP-64076,1.54,-1.6582031
JVASP-43372,36.9,36.46875
JVASP-33818,6.1,5.1328125
JVASP-10588,53.48,58.75
JVASP-35839,26.03,28.265625
JVASP-41840,42.84,45.0625
JVASP-18471,0.0,-0.6381836
JVASP-22531,24.25,23.53125
JVASP-29030,4.89,1.2001953
JVASP-5446,6.39,2.8417969
JVASP-120880,6.23,6.4375
JVASP-100658,33.49,31.875
JVASP-71153,12.3,8.8984375
JVASP-85795,15.34,16.921875
JVASP-41912,50.56,47.53125
JVASP-15881,44.3,50.28125
JVASP-85782,29.63,27.578125
JVASP-19854,54.54,39.90625
JVASP-67741,16.81,28.390625
JVASP-36894,13.74,12.96875
JVASP-118018,7.99,4.6328125
JVASP-35926,35.37,38.625
JVASP-99685,23.02,23.0625
JVASP-10051,71.45,65.5625
JVASP-19792,130.08,117.0
JVASP-36150,101.81,101.8125
JVASP-103126,60.36,65.1875
JVASP-37281,12.09,8.890625
JVASP-14600,-22.22,-12.6640625
JVASP-16335,-0.64,2.7011719
JVASP-15747,22.58,25.203125
JVASP-25368,45.86,37.4375
JVASP-3975,9.21,11.2890625
JVASP-10163,37.61,32.28125
JVASP-100211,4.86,8.46875
JVASP-11614,30.25,27.78125
JVASP-538,41.52,45.28125
JVASP-114291,7.15,12.15625
JVASP-40857,35.1,32.875
JVASP-14566,58.6,55.5
JVASP-118504,-0.12,-0.78222656
JVASP-7629,-9.62,-1.9238281
JVASP-37757,26.98,28.546875
JVASP-18616,24.88,24.9375
JVASP-14675,0.11,29.296875
JVASP-1639,21.81,20.921875
JVASP-25353,243.14,232.25
JVASP-24958,9.34,8.9140625
JVASP-70756,0.0,1.8974609
JVASP-100622,81.26,79.625
JVASP-118045,11.43,9.3125
JVASP-36177,52.26,46.9375
JVASP-14311,62.24,57.15625
JVASP-41956,31.16,30.6875
JVASP-120924,27.04,31.375
JVASP-21567,200.69,176.25
JVASP-64934,97.46,88.0625
JVASP-100338,0.32,21.75
JVASP-8474,27.68,25.875
JVASP-115189,2.17,2.4941406
JVASP-71207,27.9,24.890625
JVASP-90043,46.21,42.46875
JVASP-98997,48.55,38.5
JVASP-37802,41.02,44.53125
JVASP-5815,6.33,7.7265625
JVASP-8626,66.13,63.8125
JVASP-56358,4.96,10.46875
JVASP-8119,52.32,49.5
JVASP-5101,17.69,17.453125
JVASP-120020,13.68,14.546875
JVASP-8094,32.43,29.390625
JVASP-16719,78.25,77.25
JVASP-64932,49.96,38.84375
JVASP-122947,122.78,124.6875
JVASP-79821,49.51,46.25
JVASP-71027,123.33,111.3125
JVASP-35182,22.32,23.328125
JVASP-120341,-3.06,-10.3359375
JVASP-41693,46.42,45.03125
JVASP-90704,8.59,6.71875
JVASP-12240,51.93,42.875
JVASP-69122,23.31,22.8125
JVASP-19624,39.16,36.5625
JVASP-12892,5.87,4.9179688
JVASP-118697,9.73,12.25
JVASP-35123,148.95,128.125
JVASP-42666,7.02,9.7734375
JVASP-17686,47.2,46.03125
JVASP-44729,83.26,66.9375
JVASP-85382,52.71,50.25
JVASP-28653,19.27,9.9609375
JVASP-10086,61.3,50.34375
JVASP-16414,58.36,52.1875
JVASP-85783,2.56,3.1914062
JVASP-15074,66.75,64.25
JVASP-100650,59.61,55.9375
JVASP-11392,15.83,20.75
JVASP-115500,-13.43,-5.90625
JVASP-49818,74.24,76.625
JVASP-114465,29.07,22.578125
JVASP-11779,38.5,36.03125
JVASP-7633,139.58,130.75
JVASP-31195,52.11,44.96875
JVASP-117912,207.96,166.5
JVASP-68161,16.04,15.0703125
JVASP-16420,39.7,40.15625
JVASP-87169,82.24,76.6875
JVASP-43957,20.13,21.765625
JVASP-17550,31.87,33.15625
JVASP-15943,16.84,23.296875
JVASP-5257,5.09,4.234375
JVASP-38613,13.26,12.453125
JVASP-115617,110.95,108.4375
JVASP-29530,9.31,9.8203125
JVASP-44349,53.65,49.9375
JVASP-65398,5.79,2.9335938
JVASP-29649,10.89,12.953125
JVASP-54803,92.67,83.875
JVASP-20778,159.29,139.625
JVASP-75641,-7.9,-6.2929688
JVASP-10586,81.63,84.8125
JVASP-115581,14.84,11.5234375
JVASP-8765,8.92,9.7421875
JVASP-41287,18.22,13.4609375
JVASP-22725,102.9,106.6875
JVASP-30312,33.62,35.1875
JVASP-53396,141.25,122.375
JVASP-111242,13.01,5.875
JVASP-21263,11.65,13.0
JVASP-25261,8.49,11.171875
JVASP-71982,63.59,73.0625
JVASP-40294,70.38,79.625
JVASP-111940,46.44,34.625
JVASP-86325,94.86,91.375
JVASP-86797,13.02,10.2109375
JVASP-37399,7.03,7.6835938
JVASP-8315,40.69,37.6875
JVASP-106275,12.39,12.5859375
JVASP-8444,19.49,22.734375
JVASP-36947,7.39,11.0390625
JVASP-22639,10.64,17.21875
JVASP-10219,17.13,18.890625
JVASP-36223,60.54,63.1875
JVASP-107263,-4.4,4.953125
JVASP-12523,7.87,9.6796875
JVASP-14951,17.04,20.90625
JVASP-20567,3.79,11.6328125
JVASP-37439,36.9,43.6875
JVASP-11119,0.71,21.40625
JVASP-39283,35.12,38.84375
JVASP-74021,62.93,67.25
JVASP-69178,16.19,14.921875
JVASP-74012,71.35,72.625
JVASP-71412,52.71,66.9375
JVASP-67890,6.59,6.984375
JVASP-17321,171.91,177.75
JVASP-103257,0.0,30.0
JVASP-67623,25.93,25.265625
JVASP-118715,26.5,29.171875
JVASP-14641,130.34,140.75
JVASP-29311,22.61,27.921875
JVASP-13888,-14.13,-1.9335938
JVASP-19835,58.1,57.8125
JVASP-74845,-15.77,-6.3203125
JVASP-57246,49.14,45.46875
JVASP-21255,94.36,92.3125
JVASP-18765,44.4,39.8125
JVASP-115580,-6.11,1.1914062
JVASP-20088,14.56,15.890625
JVASP-68749,7.75,9.5625
JVASP-11002,66.45,70.9375
JVASP-7810,13.23,15.0390625
JVASP-36408,89.54,90.0625
JVASP-16672,19.12,21.46875
JVASP-67608,9.85,6.3359375
JVASP-41452,44.76,47.3125
JVASP-12812,10.95,10.828125
JVASP-7760,97.53,93.375
JVASP-38819,28.44,36.125
JVASP-9937,14.38,20.421875
JVASP-99669,35.67,37.09375
JVASP-16074,24.09,29.953125
JVASP-92181,17.38,17.96875
JVASP-35398,53.84,58.375
JVASP-9085,10.73,12.078125
JVASP-87022,42.33,50.40625
JVASP-25106,19.43,18.609375
JVASP-102854,16.97,22.3125
JVASP-16775,116.41,102.4375
JVASP-40855,18.42,18.921875
JVASP-35242,11.45,14.3671875
JVASP-37173,23.97,29.6875
JVASP-2859,9.89,10.28125
JVASP-10353,29.14,29.921875
JVASP-35692,52.28,60.90625
JVASP-117457,6.04,7.1679688
JVASP-14800,1.8,1.9736328
JVASP-10157,33.17,35.46875
JVASP-28463,-3.57,10.5234375
JVASP-71753,18.59,13.578125
JVASP-38935,0.27,10.4765625
JVASP-37115,12.07,10.0859375
JVASP-41330,62.42,65.625
JVASP-71960,58.36,70.125
JVASP-99600,18.8,23.625
JVASP-70958,7.2,8.703125
JVASP-114627,3.03,4.6523438
JVASP-13313,7.15,8.28125
JVASP-537,28.11,25.265625
JVASP-10583,34.13,37.25
JVASP-37616,21.5,29.25
JVASP-120845,71.73,86.1875
JVASP-110133,18.87,25.109375
JVASP-20266,45.92,45.96875
JVASP-67879,2.56,3.8027344
JVASP-71886,73.21,73.125
JVASP-29090,23.78,34.875
JVASP-115594,6.89,7.84375
JVASP-70068,16.15,17.84375
JVASP-90850,23.13,23.34375
JVASP-118692,-5.11,13.46875
JVASP-33830,6.61,8.171875
JVASP-12330,30.9,33.5
JVASP-120261,-4.85,15.328125
JVASP-107556,-24.91,-1.3496094
JVASP-22699,44.49,43.96875
JVASP-20225,18.58,21.84375
JVASP-9454,33.17,37.46875
JVASP-8774,39.98,45.21875
JVASP-21842,19.87,29.078125
JVASP-20995,11.3,14.34375
JVASP-16806,8.28,15.1015625
JVASP-17777,34.81,44.53125
JVASP-57311,27.31,25.734375
JVASP-114722,-22.73,-8.125
JVASP-62652,11.11,8.609375
JVASP-72530,40.85,46.25
JVASP-40432,13.95,14.4765625
JVASP-27264,8.47,5.4960938
JVASP-86558,30.94,32.71875
JVASP-17213,15.92,32.03125
JVASP-4122,40.89,45.40625
JVASP-36244,19.25,10.796875
JVASP-1127,132.42,117.125
JVASP-8052,22.01,32.5625
JVASP-101226,115.93,144.125
JVASP-119983,25.78,37.5
JVASP-1657,27.89,28.15625
JVASP-108896,-5.4,3.6230469
JVASP-113760,44.34,47.15625
JVASP-7655,57.55,70.625
JVASP-22401,36.11,34.46875
JVASP-117666,8.97,5.8789062
JVASP-56272,21.95,32.65625
JVASP-890,43.96,42.125
JVASP-42034,21.72,22.796875
JVASP-14254,21.33,28.078125
JVASP-16173,52.64,55.3125
JVASP-66937,48.13,49.15625
JVASP-40227,34.32,37.5
JVASP-14565,28.82,26.375
JVASP-7682,21.53,20.46875
JVASP-78675,32.76,39.53125
JVASP-102866,13.9,13.0859375
JVASP-36902,19.48,27.390625
JVASP-107533,33.43,35.65625
JVASP-22723,192.0,194.5
JVASP-16045,19.7,19.015625
JVASP-16925,33.38,45.96875
JVASP-9412,122.86,119.4375
JVASP-25083,46.22,56.28125
JVASP-8270,-3.61,45.75
JVASP-116056,39.76,65.875
JVASP-8802,7.09,6.0351562
JVASP-10538,9.61,10.3828125
JVASP-11708,72.18,67.625
JVASP-35122,60.27,56.8125
JVASP-39845,107.88,96.0625
JVASP-120312,1.07,7.6054688
JVASP-34199,10.37,13.625
JVASP-64816,4.8,2.7832031
JVASP-42889,47.82,47.1875
JVASP-71943,40.47,37.28125
JVASP-115875,3.44,3.4296875
JVASP-7828,48.45,47.0
JVASP-71768,64.65,77.5
JVASP-11482,30.48,31.0625
JVASP-52899,21.52,23.484375
JVASP-94879,22.03,21.71875
JVASP-50094,8.7,9.8359375
JVASP-25208,-4.67,12.984375
JVASP-91558,83.31,80.0625
JVASP-37944,77.09,76.125
JVASP-115109,29.36,30.671875
JVASP-65540,0.0,0.85595703
JVASP-14728,17.97,16.8125
JVASP-71569,56.9,48.125
JVASP-50672,22.57,21.8125
JVASP-3372,14.24,12.7421875
JVASP-25248,2.62,1.4746094
JVASP-3285,17.2,20.078125
JVASP-9621,70.16,67.1875
JVASP-44130,35.42,46.34375
JVASP-74781,92.44,105.4375
JVASP-44764,64.96,60.90625
JVASP-16479,17.77,14.4765625
JVASP-12772,13.77,16.40625
JVASP-115653,17.38,16.890625
JVASP-20375,79.83,80.375
JVASP-108620,22.19,19.734375
JVASP-48135,36.84,41.3125
JVASP-22729,25.52,26.046875
JVASP-17395,49.29,55.75
JVASP-12584,9.51,10.828125
JVASP-93776,9.1,14.5546875
JVASP-120218,12.13,4.8203125
JVASP-12899,5.37,3.9648438
JVASP-8684,23.29,22.703125
JVASP-22566,39.35,37.46875
JVASP-25170,0.67,4.9257812
JVASP-17923,38.31,37.125
JVASP-120340,16.26,16.625
JVASP-3003,45.87,48.21875
JVASP-19369,62.49,64.5625
JVASP-99444,39.46,35.65625
JVASP-66526,-1.74,-0.17150879
JVASP-14985,66.54,63.59375
JVASP-22670,9.98,8.2890625
JVASP-118421,-1.11,-5.4570312
JVASP-70512,0.0,-3.3007812
JVASP-100193,10.23,8.0859375
JVASP-86503,141.96,158.0
JVASP-65635,14.9,16.234375
JVASP-54845,30.95,26.28125
JVASP-12682,48.88,56.34375
JVASP-10335,19.33,19.390625
JVASP-71162,0.0,0.17944336
JVASP-106288,21.33,16.96875
JVASP-8106,7.21,5.9882812
JVASP-12861,13.97,16.140625
JVASP-18466,33.33,25.28125
JVASP-8165,9.51,9.59375
JVASP-21540,14.19,14.5
JVASP-93778,28.3,32.15625
JVASP-19704,51.89,46.09375
JVASP-91579,62.38,61.25
JVASP-35704,40.47,38.03125
JVASP-35066,25.39,26.734375
JVASP-70851,98.18,100.0
JVASP-49819,48.59,51.34375
JVASP-25888,70.19,65.5
JVASP-19921,139.47,134.625
JVASP-17189,63.64,61.65625
JVASP-115198,-6.49,-3.9921875
JVASP-30261,27.09,31.25
JVASP-8032,98.27,82.1875
JVASP-16030,61.3,66.9375
JVASP-118349,22.89,25.125
JVASP-9118,38.46,43.875
JVASP-121237,33.95,40.4375
JVASP-103668,39.09,38.90625
JVASP-115025,-4.16,-3.40625
JVASP-111966,28.81,34.125
JVASP-102923,20.02,19.9375
JVASP-33867,6.01,4.515625
JVASP-115725,-4.79,-2.9726562
JVASP-71994,19.18,21.359375
JVASP-18495,61.43,62.875
JVASP-117744,-5.5,5.96875
JVASP-8222,39.99,47.46875
JVASP-116439,41.94,46.8125
JVASP-111399,42.81,37.90625
JVASP-39514,18.92,12.703125
JVASP-35137,59.59,74.1875
JVASP-14578,25.86,14.296875
JVASP-14615,16.76,7.8242188
JVASP-114982,14.76,9.4453125
JVASP-117665,19.67,17.40625
JVASP-57800,33.84,33.15625
JVASP-101391,24.56,24.078125
JVASP-35752,33.01,35.78125
JVASP-36114,33.18,36.21875
JVASP-38322,38.34,40.4375
JVASP-85270,12.27,13.421875
JVASP-121085,145.9,189.75
JVASP-115426,-5.25,-6.171875
JVASP-17670,169.67,182.375
JVASP-37472,21.12,21.78125
JVASP-99376,23.85,29.578125
JVASP-2394,28.4,33.1875
JVASP-114804,12.24,0.2607422
JVASP-36327,0.76,7.1757812
JVASP-52206,37.36,48.21875
JVASP-7865,21.84,21.78125
JVASP-16081,33.54,30.78125
JVASP-15339,82.83,75.375
JVASP-117761,-0.29,-2.7773438
JVASP-70786,0.0,-0.4963379
JVASP-54348,36.14,34.65625
JVASP-18267,26.09,21.578125
JVASP-69614,79.05,83.875
JVASP-43549,35.23,30.21875
JVASP-121052,29.44,32.03125
JVASP-54966,6.4,7.0820312
JVASP-99993,9.64,14.71875
JVASP-115669,30.92,28.125
JVASP-10854,31.09,37.34375
JVASP-15789,31.28,31.796875
JVASP-19891,31.28,28.703125
JVASP-15773,41.67,43.0625
JVASP-10870,57.01,42.125
JVASP-16001,17.49,15.125
JVASP-91986,84.6,83.875
JVASP-29165,45.71,38.8125
JVASP-20561,60.38,65.1875
JVASP-118790,-17.59,-10.2265625
JVASP-20635,56.93,46.25
JVASP-19051,70.49,69.75
JVASP-43002,95.73,83.375
JVASP-41893,127.86,127.375
JVASP-15108,39.04,32.5625
JVASP-85937,59.63,62.375
JVASP-16601,113.64,107.25
JVASP-117587,13.67,6.6601562
JVASP-3594,18.91,20.6875
JVASP-17915,0.0,-0.14379883
JVASP-41480,58.7,51.0
JVASP-1441,64.02,61.25
JVASP-30621,0.56,8.3046875
JVASP-35267,15.16,13.3046875
JVASP-35740,31.59,31.65625
JVASP-72807,60.07,57.53125
JVASP-74741,22.39,20.21875
JVASP-57702,42.08,40.15625
JVASP-26735,6.03,3.7109375
JVASP-100137,27.45,24.921875
JVASP-943,86.72,83.875
JVASP-69165,23.05,24.3125
JVASP-10164,31.6,34.21875
JVASP-19083,63.17,60.03125
JVASP-12288,59.17,61.40625
JVASP-66430,-5.2,-8.6640625
JVASP-18889,74.68,79.875
JVASP-35187,117.0,102.75
JVASP-51722,17.63,21.671875
JVASP-40196,23.47,20.6875
JVASP-16089,243.14,246.25
JVASP-14786,51.01,50.96875
JVASP-62989,52.21,53.34375
JVASP-110418,129.88,124.1875
JVASP-18116,32.83,41.71875
JVASP-27059,65.92,61.375
JVASP-45967,65.68,62.3125
JVASP-10215,10.33,6.9648438
JVASP-69314,13.0,15.3046875
JVASP-3657,10.64,9.8984375
JVASP-90378,8.36,7.5390625
JVASP-90783,21.83,18.828125
JVASP-106484,7.98,7.5585938
JVASP-75550,1.98,1.0048828
JVASP-15077,53.63,56.59375
JVASP-120964,6.22,2.6425781
JVASP-35393,41.59,38.84375
JVASP-5464,6.7,6.8945312
JVASP-10001,95.18,85.4375
JVASP-10554,54.27,45.3125
JVASP-103174,1.02,9.9375
JVASP-35673,40.28,40.0
JVASP-92174,22.09,23.21875
JVASP-51107,1.76,0.5751953
JVASP-28722,27.01,21.078125
JVASP-35109,118.74,111.9375
JVASP-19979,28.89,29.953125
JVASP-3321,21.41,23.515625
JVASP-29282,3.39,1.5488281
JVASP-91985,36.21,27.34375
JVASP-68807,3.08,4.3476562
JVASP-11974,89.41,83.875
JVASP-57796,16.8,18.703125
JVASP-34375,32.4,27.734375
JVASP-99606,108.78,101.6875
JVASP-35828,19.37,20.03125
JVASP-40830,-7.76,-6.1875
JVASP-8007,72.06,36.03125
JVASP-10214,15.53,12.5546875
JVASP-71203,0.0,-5.1992188
JVASP-54988,12.76,12.453125
JVASP-7662,29.37,19.234375
JVASP-16928,64.09,53.78125
JVASP-10014,12.28,10.8984375
JVASP-121293,0.41,1.0664062
JVASP-101426,66.97,77.8125
JVASP-35423,50.85,46.84375
JVASP-100367,38.91,32.34375
JVASP-34258,14.39,12.3515625
JVASP-15705,33.67,29.21875
JVASP-99755,8.46,10.6484375
JVASP-8145,14.37,13.21875
JVASP-10216,30.55,28.3125
JVASP-50940,86.25,81.4375
JVASP-36161,85.48,88.6875
JVASP-70901,0.0,-0.030654907
JVASP-8078,46.81,49.15625
JVASP-39970,100.84,96.0625
JVASP-66057,-6.58,-3.71875
JVASP-69778,65.28,55.75
JVASP-22430,76.55,75.9375
JVASP-7922,42.34,46.0
JVASP-17190,20.63,26.546875
JVASP-9807,28.3,26.125
JVASP-18647,2.76,4.6484375
JVASP-68220,4.2,9.21875
JVASP-94893,26.23,23.828125
JVASP-13064,10.59,12.3984375
JVASP-15000,108.06,98.1875
JVASP-26754,10.83,11.3515625
JVASP-74963,-23.67,-13.7421875
JVASP-32781,4.23,5.75
JVASP-120372,66.93,65.0
JVASP-18577,40.21,38.875
JVASP-100504,16.88,17.59375
JVASP-10878,82.25,74.4375
JVASP-15785,129.49,127.3125
JVASP-12764,11.97,8.671875
JVASP-110402,8.06,6.8789062
JVASP-18923,106.09,102.6875
JVASP-12948,10.68,14.9921875
JVASP-71052,0.0,-4.0585938
JVASP-18316,38.26,42.875
JVASP-17426,111.12,137.5
JVASP-70434,3.88,5.8554688
JVASP-19946,68.74,74.5625
JVASP-91730,24.5,27.265625
JVASP-1459,59.58,55.71875
JVASP-25055,427.95,436.5
JVASP-9096,8.38,12.859375
JVASP-16571,40.38,51.9375
JVASP-120831,-2.95,-3.4941406
JVASP-70700,10.21,8.0703125
JVASP-1918,11.58,12.5859375
JVASP-93519,29.67,30.109375
JVASP-67578,14.49,11.8671875
JVASP-75718,1.77,-8.1640625
JVASP-114281,-3.57,19.703125
JVASP-15131,77.06,68.4375
JVASP-86628,1.27,4.65625
JVASP-105823,89.46,97.25
JVASP-3837,27.03,24.796875
JVASP-37260,65.58,70.6875
JVASP-18230,39.12,36.71875
JVASP-66213,-10.5,-13.140625
JVASP-106270,23.64,27.21875
JVASP-118137,27.6,29.15625
JVASP-1408,30.02,34.8125
JVASP-8115,20.22,24.203125
JVASP-29879,9.44,12.515625
JVASP-39779,41.3,43.46875
JVASP-15647,22.66,29.78125
JVASP-2961,7.81,9.0625
JVASP-68084,45.49,39.71875
JVASP-8777,54.87,53.25
JVASP-1306,40.78,47.21875
JVASP-41915,33.68,31.203125
JVASP-10732,0.13,25.890625
JVASP-71718,51.01,67.9375
JVASP-100443,75.98,71.5625
JVASP-120219,12.77,16.609375
JVASP-49838,49.57,54.78125
JVASP-116089,24.26,24.296875
JVASP-106273,17.58,14.6640625
JVASP-79621,0.71,-3.109375
JVASP-18090,87.97,78.8125
JVASP-75879,1.97,-0.77246094
JVASP-121077,53.13,47.1875
JVASP-65672,-1.28,-2.3164062
JVASP-24591,5.33,6.7421875
JVASP-21539,22.8,25.171875
JVASP-122993,39.0,38.65625
JVASP-8160,86.65,83.75
JVASP-8697,8.59,11.140625
JVASP-86029,27.34,27.703125
JVASP-75738,1.79,4.8203125
JVASP-121203,9.37,12.6484375
JVASP-38852,71.52,73.0
JVASP-120829,-8.31,-10.8671875
JVASP-114011,78.15,90.8125
JVASP-29376,16.67,20.640625
JVASP-103084,18.57,11.8984375
JVASP-103278,93.82,106.9375
JVASP-79524,0.0,56.4375
JVASP-39204,4.08,3.2011719
JVASP-88819,6.71,10.53125
JVASP-10048,57.77,58.09375
JVASP-16358,49.76,51.59375
JVASP-13086,-3.48,7.5
JVASP-39434,9.58,5.890625
JVASP-18137,29.41,11.6484375
JVASP-1256,23.94,21.6875
JVASP-118498,68.21,77.25
JVASP-92558,58.45,63.21875
JVASP-35097,49.41,61.375
JVASP-51428,24.37,26.90625
JVASP-10097,13.57,17.421875
JVASP-106372,0.0,6.234375
JVASP-10972,23.69,26.25
JVASP-48228,118.41,117.0
JVASP-25217,26.2,24.359375
JVASP-69469,68.5,65.9375
JVASP-34241,15.17,14.9140625
JVASP-20361,33.24,33.3125
JVASP-36066,17.44,17.15625
JVASP-91632,25.05,25.046875
JVASP-16658,1.67,2.4726562
JVASP-11172,13.02,10.515625
JVASP-65545,10.56,13.125
JVASP-80721,23.96,29.9375
JVASP-20751,49.78,50.65625
JVASP-120156,-2.67,-4.9257812
JVASP-38669,96.18,102.1875
JVASP-9139,8.72,8.5546875
JVASP-8314,28.82,29.234375
JVASP-8396,-7.26,7.3789062
JVASP-2397,37.16,37.25
JVASP-110519,69.03,73.375
JVASP-74501,9.62,13.65625
JVASP-22950,61.51,59.59375
JVASP-108703,20.6,20.921875
JVASP-28858,2.17,7.4765625
JVASP-28768,35.21,35.90625
JVASP-36671,19.87,24.09375
JVASP-65108,11.15,13.953125
JVASP-22665,7.41,10.5390625
JVASP-9516,49.23,45.375
JVASP-68342,-2.34,-6.421875
JVASP-91973,55.21,54.1875
JVASP-20210,24.67,24.828125
JVASP-15721,25.31,27.203125
JVASP-14770,18.4,17.5
JVASP-19903,57.22,63.0625
JVASP-12390,15.69,16.3125
JVASP-18914,40.06,43.1875
JVASP-38915,25.54,27.78125
JVASP-37012,58.11,58.4375
JVASP-10013,40.73,36.40625
JVASP-100469,41.74,36.53125
JVASP-74328,56.06,52.625
JVASP-115228,-1.42,-1.0292969
JVASP-93249,50.52,53.8125
JVASP-52568,36.64,33.0
JVASP-71117,0.0,0.1953125
JVASP-40800,55.18,58.5625
JVASP-99540,15.05,16.5
JVASP-17788,31.65,27.0
JVASP-20085,124.21,133.0
JVASP-100339,60.74,56.15625
JVASP-36350,10.78,14.7109375
JVASP-22705,30.47,30.96875
JVASP-1663,30.93,30.03125
JVASP-114484,43.39,47.46875
JVASP-100794,55.61,54.15625
JVASP-29046,4.64,5.7773438
JVASP-10243,47.26,50.4375
JVASP-115216,-1.77,5.734375
JVASP-55018,85.5,75.75
JVASP-18949,26.58,25.609375
JVASP-67308,34.47,34.46875
JVASP-41608,118.14,126.5
JVASP-3807,31.3,30.984375
JVASP-66142,-13.08,-13.4296875
JVASP-20478,90.62,99.3125
JVASP-35958,59.42,53.75
JVASP-34498,22.83,22.671875
JVASP-38305,77.8,81.9375
JVASP-20503,27.72,27.1875
JVASP-52594,3.73,8.2421875
JVASP-100219,24.14,22.71875
JVASP-95642,10.87,10.703125
JVASP-12597,20.63,18.375
JVASP-1390,60.06,55.28125
JVASP-36116,26.31,27.140625
JVASP-39642,30.77,27.375
JVASP-74720,38.24,42.625
JVASP-16491,72.46,66.1875
JVASP-22540,43.4,42.65625
JVASP-12820,25.87,25.546875
JVASP-92221,33.51,37.84375
JVASP-118283,20.42,20.15625
JVASP-23920,21.41,22.453125
JVASP-15648,85.15,90.8125
JVASP-78393,-11.46,-1.5585938
JVASP-68787,-11.3,-12.515625
JVASP-16497,137.2,145.5
JVASP-106086,44.97,44.28125
JVASP-20512,70.96,74.875
JVASP-38049,14.8,14.515625
JVASP-99449,48.21,42.8125
JVASP-77275,1.31,3.703125
JVASP-90335,9.46,10.3203125
JVASP-51108,-8.86,-8.8984375
JVASP-120952,80.16,87.875
JVASP-114617,-7.61,-7.3007812
JVASP-117530,8.45,3.4355469
JVASP-103159,11.32,12.765625
JVASP-64063,-9.82,-4.34375
JVASP-11785,20.79,34.28125
JVASP-37068,83.39,91.375
JVASP-67862,6.63,4.4921875
JVASP-103226,100.1,25.5625
JVASP-15842,128.4,138.375
JVASP-106271,28.68,28.234375
JVASP-9755,46.74,48.90625
JVASP-21948,24.16,27.28125
JVASP-90058,42.25,51.34375
JVASP-29379,23.35,20.03125
JVASP-74630,35.16,38.0
JVASP-56343,30.93,34.59375
JVASP-118561,-1.0,-0.28173828
JVASP-94339,4.62,-2.9765625
JVASP-111724,24.08,26.390625
JVASP-37167,29.49,31.5625
JVASP-95420,27.58,26.359375
JVASP-41823,38.08,43.71875
JVASP-122984,32.28,26.671875
JVASP-11790,23.38,18.234375
JVASP-35367,30.65,36.75
JVASP-20104,82.14,78.4375
JVASP-36341,31.06,26.65625
JVASP-71918,100.69,107.1875
JVASP-10698,60.69,64.0625
JVASP-18147,45.37,47.46875
JVASP-2481,24.93,26.640625
JVASP-15949,119.74,125.5625
JVASP-66431,-2.24,0.31518555
JVASP-114074,2.64,8.140625
JVASP-3258,68.23,62.125
JVASP-26528,17.24,15.8984375
JVASP-13289,31.34,24.0625
JVASP-65376,14.6,11.171875
JVASP-117826,12.39,13.953125
JVASP-36973,5.35,7.3984375
JVASP-102124,5.54,8.046875
JVASP-110484,9.87,11.7734375
JVASP-74915,12.74,8.875
JVASP-19096,32.17,30.515625
JVASP-2730,47.8,52.78125
JVASP-13740,12.36,9.75
JVASP-20380,74.18,76.4375
JVASP-22410,66.62,68.9375
JVASP-120094,14.02,12.78125
JVASP-16041,9.93,10.921875
JVASP-65703,10.12,5.6445312
JVASP-118702,7.37,13.1328125
JVASP-8213,45.99,37.09375
JVASP-70226,14.81,11.4609375
JVASP-92582,65.57,76.625
JVASP-116940,331.82,346.75
JVASP-100053,1.08,-1.4580078
JVASP-19,45.51,49.15625
JVASP-16284,32.16,29.640625
JVASP-118465,-4.09,-0.53564453
JVASP-66942,92.33,94.375
JVASP-12510,18.1,20.75
JVASP-9919,42.33,39.40625
JVASP-12831,23.92,28.109375
JVASP-17418,51.04,48.21875
JVASP-35326,47.57,46.0625
JVASP-111350,43.03,47.8125
JVASP-117875,5.99,3.7246094
JVASP-9772,16.36,9.3671875
JVASP-5473,11.43,12.125
JVASP-22525,28.55,29.796875
JVASP-101737,23.64,23.0
JVASP-17621,37.81,39.625
JVASP-36760,30.0,26.609375
JVASP-12506,41.25,40.25
JVASP-37215,102.12,99.75
JVASP-99652,46.39,42.125
JVASP-20163,53.06,63.4375
JVASP-103521,112.25,124.25
JVASP-8640,28.97,34.15625
JVASP-1324,25.98,23.703125
JVASP-56847,54.24,56.90625
JVASP-63601,12.29,14.03125
JVASP-3351,17.92,17.3125
JVASP-25140,3.86,4.109375
JVASP-2415,29.47,27.171875
JVASP-14776,98.43,83.6875
JVASP-11035,71.55,59.09375
JVASP-18838,44.99,42.5
JVASP-92703,54.51,56.34375
JVASP-1534,26.15,21.21875
JVASP-120881,-5.6,-4.3359375
JVASP-115716,13.14,12.2421875
JVASP-79029,3.55,0.56689453
JVASP-62946,193.95,183.125
JVASP-17313,76.4,76.75
JVASP-25376,3.14,3.8847656
JVASP-2685,22.55,22.671875
JVASP-37271,21.62,22.234375
JVASP-100299,37.0,33.90625
JVASP-113443,38.68,36.0625
JVASP-36630,146.16,140.75
JVASP-17778,47.63,49.46875
JVASP-68295,19.13,21.765625
JVASP-30609,24.7,24.9375
JVASP-36523,53.72,49.875
JVASP-37183,7.95,7.6132812
JVASP-75020,5.48,6.796875
JVASP-49908,57.85,57.875
JVASP-38763,58.46,59.8125
JVASP-26397,44.71,46.5625
JVASP-9362,13.98,10.28125
JVASP-3750,10.6,9.2890625
JVASP-65425,20.29,20.578125
JVASP-94953,95.88,87.875
JVASP-10228,45.23,45.84375
JVASP-12437,12.49,9.8203125
JVASP-19913,73.18,69.375
JVASP-18313,36.96,34.65625
JVASP-36459,15.52,19.453125
JVASP-35488,70.72,65.6875
JVASP-75595,1.98,-0.097595215
JVASP-36323,14.88,17.484375
JVASP-110821,58.39,60.28125
JVASP-67626,5.4,8.0703125
JVASP-121285,-10.68,-16.578125
JVASP-29428,26.61,25.40625
JVASP-10582,45.45,41.28125
JVASP-8748,11.59,11.1328125
JVASP-110622,91.47,89.9375
JVASP-118532,25.87,24.46875
JVASP-120902,19.8,12.671875
JVASP-16502,23.93,25.09375
JVASP-75624,11.26,8.9765625
JVASP-78998,25.49,27.796875
JVASP-117884,-3.21,-1.6123047
JVASP-3945,29.74,28.65625
JVASP-49909,59.78,63.8125
JVASP-17674,33.72,27.140625
JVASP-8161,69.15,74.8125
JVASP-101104,27.95,26.609375
JVASP-93230,99.26,100.1875
JVASP-65711,6.97,6.0820312
JVASP-91574,76.73,66.9375
JVASP-43024,46.73,34.125
JVASP-14267,10.74,7.734375
JVASP-114472,-2.4,7.2460938
JVASP-19954,54.84,54.21875
JVASP-15027,37.64,39.59375
JVASP-10963,33.26,36.1875
JVASP-69682,0.0,-0.3347168
JVASP-113423,36.82,29.953125
JVASP-34208,59.47,57.375
JVASP-15642,157.42,139.75
JVASP-120896,47.04,25.96875
JVASP-9736,27.27,24.53125
JVASP-8170,10.44,9.5234375
JVASP-36541,157.21,157.0
JVASP-24270,23.81,25.546875
JVASP-75518,0.32,2.1035156
JVASP-120945,-9.19,-10.34375
JVASP-114250,80.33,78.25
JVASP-93961,25.07,27.46875
JVASP-36775,28.0,32.53125
JVASP-41096,21.3,18.375
JVASP-12019,51.43,55.40625
JVASP-121186,7.79,1.8613281
JVASP-35908,16.97,14.90625
JVASP-71055,0.0,-3.1621094
JVASP-116053,57.93,57.125
JVASP-19864,36.56,35.03125
JVASP-105988,59.05,62.75
JVASP-25153,219.7,111.375
JVASP-14690,59.38,54.4375
JVASP-38661,50.69,53.5625
JVASP-37067,23.21,21.75
JVASP-15725,16.32,15.75
JVASP-1240,64.32,57.84375
JVASP-36485,15.22,10.1640625
JVASP-19668,37.96,42.1875
JVASP-114457,-8.88,-2.328125
JVASP-20603,36.56,33.59375
JVASP-30687,27.27,31.921875
JVASP-41451,124.96,122.9375
JVASP-78422,45.48,46.4375
JVASP-10126,9.94,10.2265625
JVASP-15438,59.21,70.5
JVASP-18149,34.04,26.40625
JVASP-91707,17.31,10.078125
JVASP-16206,29.23,26.65625
JVASP-53265,79.88,89.125
JVASP-35649,71.76,76.375
JVASP-8778,23.97,18.703125
JVASP-50694,29.83,30.796875
JVASP-25230,9.99,9.875
JVASP-4143,21.82,19.65625
JVASP-100537,70.77,78.75
JVASP-29257,25.46,23.921875
JVASP-18653,17.52,13.8359375
JVASP-4711,28.97,25.75
JVASP-22715,9.79,8.8828125
JVASP-117746,-4.9,-9.3046875
JVASP-40215,15.53,18.5
JVASP-11789,42.56,42.5625
JVASP-70391,20.9,21.109375
JVASP-114993,12.73,7.6523438
JVASP-75728,5.34,7.7617188
JVASP-118536,10.33,3.4179688
JVASP-115203,9.59,6.2460938
JVASP-1020,139.21,124.0
JVASP-14501,0.0,24.8125
JVASP-117740,-19.25,-9.9765625
JVASP-119,5.32,3.9394531
JVASP-22649,8.92,7.2617188
JVASP-108165,24.56,25.359375
JVASP-24616,86.23,82.5
JVASP-15727,116.49,108.1875
JVASP-22535,11.55,6.0078125
JVASP-39365,40.42,40.3125
JVASP-37065,30.07,24.171875
JVASP-2841,18.58,16.546875
JVASP-56474,10.7,9.609375
JVASP-12922,21.54,21.390625
JVASP-29106,20.66,13.71875
JVASP-5368,5.21,8.171875
JVASP-25137,-4.48,-8.1796875
JVASP-111659,26.31,33.09375
JVASP-12591,12.9,13.234375
JVASP-52605,5.73,3.4472656
JVASP-28554,23.71,14.1328125
JVASP-9678,68.43,61.3125
JVASP-38836,27.74,31.875
JVASP-110499,7.3,10.0703125
JVASP-14550,19.9,18.09375
JVASP-62735,40.74,40.875
JVASP-116249,26.07,25.15625
JVASP-14818,24.82,18.671875
JVASP-78507,5.51,5.0117188
JVASP-107234,1.61,1.7119141
JVASP-92645,53.31,51.46875
JVASP-78468,142.52,136.0
JVASP-9373,30.82,27.03125
JVASP-14919,20.97,20.9375
JVASP-42693,60.99,54.5625
JVASP-101741,20.84,22.078125
JVASP-120955,10.39,7.7773438
JVASP-18036,27.72,27.859375
JVASP-353,62.81,55.625
JVASP-18739,17.62,20.40625
JVASP-90852,69.94,56.875
JVASP-15627,126.59,109.625
JVASP-68461,0.0,-0.18469238
JVASP-10076,113.23,115.5625
JVASP-20077,27.8,24.28125
JVASP-117953,81.87,62.8125
JVASP-21454,94.71,98.3125
JVASP-34220,35.28,38.34375
JVASP-36197,144.09,134.5
JVASP-64980,31.82,32.375
JVASP-121310,14.0,12.71875
JVASP-120888,-2.18,-7.3515625
JVASP-14521,60.2,52.125
JVASP-16490,137.62,135.5
JVASP-8473,27.76,27.8125
JVASP-107004,17.21,18.9375
JVASP-365,27.22,28.5625
JVASP-54714,7.13,1.7802734
JVASP-86818,38.73,35.5
JVASP-18614,32.28,25.40625
JVASP-20551,120.1,99.9375
JVASP-89992,80.32,73.3125
JVASP-57479,57.17,56.4375
JVASP-18759,57.1,50.53125
JVASP-17389,66.32,59.3125
JVASP-116585,192.3,165.125
JVASP-16299,17.32,18.421875
JVASP-75788,1.98,-0.0021209717
JVASP-16462,78.42,78.1875
JVASP-118069,-0.51,3.5683594
JVASP-120057,8.13,10.015625
JVASP-100245,34.7,13.3359375
JVASP-37545,52.01,35.5
JVASP-38445,50.18,57.40625
JVASP-4189,18.72,14.0234375
JVASP-67028,62.26,58.84375
JVASP-8333,39.87,35.3125
JVASP-114141,3.53,6.375
JVASP-111701,16.37,15.984375
JVASP-94858,39.75,39.28125
JVASP-91742,38.57,38.0
JVASP-117869,10.51,3.8144531
JVASP-114430,10.59,5.2890625
JVASP-12612,37.34,39.1875
JVASP-114009,85.14,60.40625
JVASP-17603,52.4,51.3125
JVASP-57276,27.62,26.890625
JVASP-52653,118.2,99.3125
JVASP-20125,83.61,70.375
JVASP-18052,26.4,23.015625
JVASP-22440,29.54,27.203125
JVASP-69131,29.56,26.65625
JVASP-15420,52.31,50.5
JVASP-106393,29.75,28.53125
JVASP-106248,27.36,35.84375
JVASP-20230,43.55,46.90625
JVASP-36478,19.2,15.703125
JVASP-41734,113.3,100.25
JVASP-86894,189.55,176.0
JVASP-19901,66.28,62.03125
JVASP-105760,19.19,18.1875
JVASP-71214,84.53,43.6875
JVASP-38901,61.39,54.3125
JVASP-16492,17.1,21.140625
JVASP-12733,5.06,4.640625
JVASP-111128,6.96,8.6640625
JVASP-65664,11.34,11.15625
JVASP-31671,5.53,9.9296875
JVASP-118876,8.9,0.21984863
JVASP-18437,23.31,25.921875
JVASP-40879,20.08,18.859375
JVASP-40853,38.32,35.5
JVASP-93868,39.43,42.8125
JVASP-66614,-19.22,-17.640625
JVASP-75588,26.74,26.234375
JVASP-18276,55.94,43.4375
JVASP-100131,25.32,21.484375
JVASP-37284,29.1,31.859375
JVASP-43114,61.0,53.3125
JVASP-110587,18.15,18.421875
JVASP-65566,8.53,6.3515625
JVASP-12495,14.56,12.671875
JVASP-17944,130.85,120.5
JVASP-35476,104.78,95.3125
JVASP-8490,20.54,12.2109375
JVASP-92735,35.47,34.1875
JVASP-86860,9.29,4.796875
JVASP-17541,63.3,61.875
JVASP-20653,28.71,28.625
JVASP-71182,70.41,68.125
JVASP-121225,0.96,5.734375
JVASP-54593,9.16,11.5859375
JVASP-19828,63.2,57.75
JVASP-107708,64.91,61.875
JVASP-93893,87.2,101.875
JVASP-12702,48.25,50.625
JVASP-25418,24.72,27.78125
JVASP-67440,50.93,46.03125
JVASP-64330,-1.94,1.75
JVASP-90711,27.47,24.984375
JVASP-75,43.19,45.59375
JVASP-10186,75.3,77.1875
JVASP-14820,38.51,31.265625
JVASP-16219,65.3,54.78125
JVASP-16729,23.68,22.75
JVASP-40436,48.86,49.34375
JVASP-9265,12.73,13.4296875
JVASP-3006,35.09,35.03125
JVASP-28601,26.63,22.5
JVASP-65537,14.96,13.7734375
JVASP-30510,18.61,18.28125
JVASP-14887,60.83,63.25
JVASP-103651,34.74,34.40625
JVASP-9956,11.94,17.28125
JVASP-100293,51.22,46.6875
JVASP-34219,44.0,44.03125
JVASP-68541,18.82,18.140625
JVASP-100287,46.98,49.90625
JVASP-35741,41.76,38.65625
JVASP-21990,24.2,27.84375
JVASP-10225,15.71,15.8828125
JVASP-1942,8.74,10.4609375
JVASP-11278,61.12,57.5625
JVASP-57186,65.93,61.125
JVASP-41804,25.83,19.25
JVASP-85497,51.43,49.84375
JVASP-11984,168.37,182.875
JVASP-14809,35.48,34.875
JVASP-68744,37.75,45.6875
JVASP-17581,39.15,38.375
JVASP-117557,10.36,8.7890625
JVASP-35927,29.79,25.828125
JVASP-16845,57.08,66.625
JVASP-35492,14.33,17.9375
JVASP-20980,44.97,40.0
JVASP-18722,28.44,28.8125
JVASP-118744,-22.44,-16.5
JVASP-35682,129.24,152.25
JVASP-9435,32.89,27.125
JVASP-121124,14.65,14.0
JVASP-120386,-1.41,-0.07763672
JVASP-12498,74.6,79.9375
JVASP-22603,9.36,8.1328125
JVASP-67937,34.05,33.59375
JVASP-115151,-14.22,-12.7109375
JVASP-7734,48.96,45.90625
JVASP-20657,55.16,56.84375
JVASP-52247,34.03,32.53125
JVASP-118236,56.4,72.1875
JVASP-75824,0.32,2.421875
JVASP-117619,2.91,-1.5429688
JVASP-40675,69.19,64.5625
JVASP-86715,48.99,50.6875
JVASP-39242,3.78,4.5429688
JVASP-281,32.25,29.984375
JVASP-74093,0.0,6.046875
JVASP-69288,13.63,12.3046875
JVASP-11484,36.96,37.78125
JVASP-103585,4.09,2.8046875
JVASP-25311,-8.32,-10.8828125
JVASP-44564,11.46,12.71875
JVASP-17646,7.55,7.9140625
JVASP-117661,20.98,23.75
JVASP-90427,42.49,45.1875
JVASP-69338,0.0,3.6601562
JVASP-30290,23.31,19.625
JVASP-29519,25.97,24.703125
JVASP-40204,25.59,28.203125
JVASP-18594,33.25,32.46875
JVASP-20907,31.74,28.75
JVASP-15677,2.38,15.5546875
JVASP-25128,0.76,0.021942139
JVASP-8012,28.38,27.390625
JVASP-9938,38.12,43.375
JVASP-35174,69.69,60.625
JVASP-36411,14.08,10.3984375
JVASP-54846,74.76,73.4375
JVASP-57510,38.17,34.46875
JVASP-52438,16.15,12.765625
JVASP-93246,58.5,59.65625
JVASP-25078,28.06,29.140625
JVASP-4186,12.24,17.53125
JVASP-26382,33.31,38.5
JVASP-18156,41.0,39.03125
JVASP-74262,60.8,65.1875
JVASP-16912,16.43,14.9453125
JVASP-69145,-10.04,-8.6875
JVASP-51711,45.66,31.5
JVASP-109260,13.59,13.6484375
JVASP-12596,11.96,14.1796875
JVASP-18657,47.53,42.09375
JVASP-90168,42.27,35.21875
JVASP-85679,12.82,14.015625
JVASP-9547,54.58,60.625
JVASP-114502,12.95,22.390625
JVASP-30183,29.15,24.75
JVASP-88846,20.37,21.9375
JVASP-118438,1.49,-6.1132812
JVASP-8323,30.04,27.0625
JVASP-11673,53.71,51.25
JVASP-53341,19.09,17.28125
JVASP-20953,85.66,79.25
JVASP-69082,14.18,19.359375
JVASP-40491,66.86,66.375
JVASP-10194,32.43,36.8125
JVASP-36946,50.57,55.25
JVASP-19934,23.09,28.796875
JVASP-29172,4.86,10.578125
JVASP-8357,11.77,25.015625
JVASP-63267,172.49,187.0
JVASP-15880,59.4,58.96875
JVASP-15353,31.93,25.25
JVASP-17916,32.43,30.515625
JVASP-15232,77.33,76.8125
JVASP-105254,3.23,-4.4570312
JVASP-79193,-10.2,-8.4140625
JVASP-10929,57.17,51.25
JVASP-94955,52.59,43.21875
JVASP-74665,18.99,16.75
JVASP-3651,9.39,9.609375
JVASP-28965,31.33,24.421875
JVASP-7832,28.62,28.6875
JVASP-110544,36.06,33.15625
JVASP-36108,35.87,32.90625
JVASP-117880,6.07,1.5615234
JVASP-8533,13.23,10.421875
JVASP-15326,12.28,14.4765625
JVASP-44428,70.35,61.5
JVASP-75477,2.02,-0.6201172
JVASP-3171,76.1,77.4375
JVASP-116437,28.73,25.78125
JVASP-97,26.0,27.65625
JVASP-15950,98.1,96.375
JVASP-102189,57.96,53.8125
JVASP-34071,32.57,29.65625
JVASP-13360,60.14,61.0625
JVASP-19727,79.68,72.3125
JVASP-85689,17.74,12.859375
JVASP-240,70.49,61.90625
JVASP-85302,6.08,3.4667969
JVASP-74799,11.88,7.8515625
JVASP-8015,112.56,106.8125
JVASP-38507,14.48,10.171875
JVASP-17636,34.02,33.15625
JVASP-67901,18.02,19.34375
JVASP-41141,22.68,23.921875
JVASP-105933,27.1,23.640625
JVASP-106199,23.22,20.6875
JVASP-26743,33.87,30.03125
JVASP-67683,8.64,4.9453125
JVASP-74600,20.59,20.484375
JVASP-14273,29.41,27.015625
JVASP-12303,49.47,45.65625
JVASP-10885,11.07,9.75
JVASP-70369,45.56,36.4375
JVASP-68174,51.62,54.125
JVASP-37247,26.93,25.15625
JVASP-219,21.2,23.25
JVASP-110560,16.42,11.4609375
JVASP-114910,22.21,24.4375
JVASP-106282,107.86,110.0625
JVASP-52600,20.02,22.328125
JVASP-37910,150.12,162.0
JVASP-19774,70.71,66.5625
JVASP-7673,-1.64,0.3095703
JVASP-54739,18.06,12.828125
JVASP-12112,30.49,27.015625
JVASP-10579,46.63,52.15625
JVASP-115880,-4.47,1.0068359
JVASP-64560,2.04,-0.20837402
JVASP-18064,38.69,39.3125
JVASP-92801,52.9,55.125
JVASP-21210,2.82,3.3984375
JVASP-15268,57.95,60.875
JVASP-20103,21.19,22.125
JVASP-20079,207.44,231.0
JVASP-15723,46.35,48.59375
JVASP-14176,32.13,22.8125
JVASP-75461,0.32,-0.87402344
JVASP-117987,9.29,3.6054688
JVASP-42671,4.68,6.0078125
JVASP-28372,17.5,28.3125
JVASP-107773,72.13,64.4375
JVASP-103746,-18.19,9.34375
JVASP-71392,20.41,22.703125
JVASP-10580,48.28,47.875
JVASP-16716,74.91,74.0625
JVASP-25047,50.16,51.40625
JVASP-1540,140.13,119.1875
JVASP-7986,124.54,125.375
JVASP-102320,2.29,7.703125
JVASP-35462,21.03,19.6875
JVASP-113537,23.43,21.203125
JVASP-30681,23.97,28.765625
JVASP-14601,19.74,15.671875
JVASP-111252,28.4,25.703125
JVASP-16619,21.48,20.859375
JVASP-116899,44.89,44.0
JVASP-67628,24.69,22.0625
JVASP-8510,19.9,16.578125
JVASP-19978,44.96,37.3125
JVASP-29885,220.51,205.875
JVASP-25551,8.51,4.5429688
JVASP-18665,37.1,44.78125
JVASP-86782,21.99,20.734375
JVASP-68494,26.77,24.953125
JVASP-36400,58.98,50.375
JVASP-114117,13.38,7.4609375
JVASP-25284,52.03,57.5
JVASP-60771,63.3,59.15625
JVASP-116303,-5.44,-0.90966797
JVASP-25946,15.5,11.75
JVASP-19703,32.38,37.84375
JVASP-94314,6.71,2.7832031
JVASP-86554,8.79,8.234375
JVASP-87138,57.32,62.28125
JVASP-8397,13.37,11.8203125
JVASP-91801,13.1,11.6328125
JVASP-15421,76.53,79.5625
JVASP-19826,48.65,65.0
JVASP-46741,66.39,67.8125
JVASP-35221,23.28,23.8125
JVASP-10868,91.0,91.4375
JVASP-113516,12.55,11.140625
JVASP-90026,3.72,1.9990234
JVASP-8237,18.8,17.671875
JVASP-69372,5.83,7.0
JVASP-40532,40.54,15.953125
JVASP-16763,30.12,28.796875
JVASP-74989,7.63,6.3554688
JVASP-20074,25.25,26.890625
JVASP-30329,49.8,45.03125
JVASP-8650,24.05,21.390625
JVASP-20241,54.08,53.1875
JVASP-10891,16.83,12.96875
JVASP-70127,55.43,60.34375
JVASP-67163,5.67,2.5527344
JVASP-47983,53.47,52.75
JVASP-37661,31.46,31.359375
JVASP-118849,3.83,1.5859375
JVASP-1873,77.27,68.75
JVASP-109030,-4.29,-3.921875
JVASP-75726,0.32,2.5292969
JVASP-118799,3.99,1.5332031
JVASP-15946,48.08,47.71875
JVASP-18997,134.48,130.0
JVASP-40603,23.3,22.171875
JVASP-50949,96.21,102.5
JVASP-102716,32.67,31.734375
JVASP-69119,0.0,-2.5839844
JVASP-19701,12.06,8.484375
JVASP-30632,31.19,32.40625
JVASP-52369,12.35,11.421875
JVASP-21253,23.63,20.578125
JVASP-1726,28.27,30.296875
JVASP-30203,10.95,8.125
JVASP-36370,-3.7,-2.421875
JVASP-18525,6.58,6.3085938
JVASP-90536,50.28,58.0625
JVASP-100758,131.43,116.1875
JVASP-18585,23.72,25.765625
JVASP-46869,38.88,38.5625
JVASP-25344,127.46,113.625
JVASP-122985,95.42,83.5625
JVASP-90776,6.98,10.46875
JVASP-24252,78.01,86.75
JVASP-65002,35.68,41.90625
JVASP-114129,-0.83,2.5898438
JVASP-9933,60.17,62.78125
JVASP-17477,34.42,30.734375
JVASP-65751,35.02,36.25
JVASP-5653,4.59,3.6582031
JVASP-92239,31.98,35.90625
JVASP-100343,97.59,83.5
JVASP-106183,64.65,77.625
JVASP-35466,52.22,56.5
JVASP-57148,34.82,30.171875
JVASP-29861,42.71,44.4375
JVASP-54726,29.98,27.28125
JVASP-39402,7.28,2.0019531
JVASP-45994,41.89,44.5
JVASP-115243,1.58,0.44482422
JVASP-16253,59.97,63.4375
JVASP-14695,35.85,35.75
JVASP-116048,28.27,29.703125
JVASP-41318,17.48,16.625
JVASP-67330,77.94,76.75
JVASP-1591,19.52,22.625
JVASP-28443,13.87,13.828125
JVASP-38886,30.66,27.625
JVASP-10736,32.39,32.09375
JVASP-106083,86.79,81.0625
JVASP-14686,40.38,42.28125
JVASP-67639,4.99,5.03125
JVASP-8054,58.0,56.8125
JVASP-118789,21.91,20.203125
JVASP-114565,9.07,11.328125
JVASP-41878,49.96,46.625
JVASP-64397,-2.74,6.625
JVASP-30538,7.64,7.4648438
JVASP-9083,74.62,74.6875
JVASP-17703,113.68,109.4375
JVASP-75515,1.98,5.140625
JVASP-120855,11.22,10.1875
JVASP-25152,219.7,163.625
JVASP-92611,35.69,36.875
JVASP-1411,25.04,25.8125
JVASP-12742,20.45,19.859375
JVASP-113964,46.75,44.0625
JVASP-52782,28.74,28.046875
JVASP-70938,21.66,20.890625
JVASP-118030,-12.95,-12.3203125
JVASP-99386,14.56,16.8125
JVASP-4603,20.52,22.390625
JVASP-8618,77.86,69.5
JVASP-103670,27.97,35.40625
JVASP-71121,72.12,70.0
JVASP-40828,37.46,30.65625
JVASP-56446,25.69,21.625
JVASP-16345,27.27,28.859375
JVASP-20490,194.52,170.125
JVASP-99747,82.44,88.4375
JVASP-14874,61.51,58.25
JVASP-86121,21.19,25.203125
JVASP-3774,13.22,13.5390625
JVASP-41562,31.64,29.265625
JVASP-11550,47.42,44.34375
JVASP-17865,-14.02,-16.890625
JVASP-10258,12.85,17.890625
JVASP-49977,27.84,24.859375
JVASP-13159,10.13,11.703125
JVASP-19764,24.96,31.140625
JVASP-7778,28.15,27.3125
JVASP-40502,93.18,95.25
JVASP-78329,10.46,8.703125
JVASP-16635,26.79,26.8125
JVASP-3753,0.92,19.984375
JVASP-101424,27.03,31.84375
JVASP-2130,5.02,11.0
JVASP-2709,17.79,17.390625
JVASP-10705,18.73,25.203125
JVASP-72470,62.29,73.8125
JVASP-74516,23.9,29.515625
JVASP-14762,19.82,24.25
JVASP-14979,22.12,24.8125
JVASP-12158,18.05,12.5234375
JVASP-17324,17.67,15.515625
JVASP-21363,44.29,43.09375
JVASP-7781,24.43,23.21875
JVASP-71603,68.74,68.4375
JVASP-85570,9.19,10.453125
JVASP-117707,29.86,32.03125
JVASP-65535,4.27,4.21875
JVASP-16272,50.1,58.84375
JVASP-114530,6.65,5.1445312
JVASP-79277,68.51,65.375
JVASP-13846,106.67,96.25
JVASP-115883,41.73,39.0
JVASP-10125,10.05,8.078125
JVASP-17883,17.98,12.4296875
JVASP-29635,164.96,107.25
JVASP-64739,2.16,1.9355469
JVASP-30280,75.47,57.25
JVASP-28872,2.46,15.1953125
JVASP-22919,82.86,72.8125
JVASP-18256,13.47,13.6015625
JVASP-12807,9.69,11.453125
JVASP-2002,43.46,40.1875
JVASP-104564,41.68,44.34375
JVASP-12151,-3.61,8.6875
JVASP-10259,43.87,37.25
JVASP-12862,15.82,7.0898438
JVASP-106160,60.82,51.09375
JVASP-14591,25.94,25.796875
JVASP-109314,17.01,16.046875
JVASP-36885,31.8,26.8125
JVASP-37878,11.43,0.30493164
JVASP-16707,97.44,88.8125
JVASP-91593,18.03,18.953125
JVASP-1486,46.44,38.40625
JVASP-71500,11.35,8.359375
JVASP-11129,14.28,12.1796875
JVASP-38026,35.22,32.84375
JVASP-19849,59.42,59.9375
JVASP-40492,79.08,75.0
JVASP-117520,18.79,16.859375
JVASP-66241,-12.36,-17.1875
JVASP-9280,29.76,34.0625
JVASP-2613,11.36,13.4453125
JVASP-107066,12.91,10.578125
JVASP-11780,46.8,40.875
JVASP-17210,34.59,29.5
JVASP-68308,13.2,15.390625
JVASP-94865,21.24,16.953125
JVASP-51070,417.93,377.75
JVASP-11542,50.23,30.578125
JVASP-37145,92.56,81.5625
JVASP-75713,43.1,35.6875
JVASP-70748,84.47,89.4375
JVASP-51671,10.51,11.8828125
JVASP-15071,46.96,42.4375
JVASP-99375,13.0,13.0703125
JVASP-25345,33.42,33.03125
JVASP-118716,18.09,19.234375
JVASP-64771,1.12,-1.3242188
JVASP-16733,41.09,36.5
JVASP-38181,34.34,33.84375
JVASP-10862,22.68,21.234375
JVASP-207,31.59,19.234375
JVASP-16583,74.38,78.6875
JVASP-21626,46.88,45.8125
JVASP-71582,10.72,1.1582031
JVASP-117899,1.39,1.6943359
JVASP-100640,36.18,27.359375
JVASP-18422,41.74,46.15625
JVASP-8178,124.48,109.5
JVASP-114438,17.93,13.421875
JVASP-117611,-15.45,-14.4140625
JVASP-57967,35.63,22.390625
JVASP-17994,25.49,26.875
JVASP-40261,55.72,51.9375
JVASP-36419,120.29,107.1875
JVASP-115879,10.21,6.9765625
JVASP-10533,106.27,108.5625
JVASP-118453,26.87,23.515625
JVASP-70598,12.77,6.9375
JVASP-852,36.28,29.625
JVASP-40858,17.06,12.7265625
JVASP-28710,22.59,16.0
JVASP-121015,23.93,22.8125
JVASP-4264,5.97,4.9179688
JVASP-40788,70.58,70.0625
JVASP-70110,83.35,70.875
JVASP-86112,10.31,15.171875
JVASP-16933,69.42,72.25
JVASP-17478,37.03,33.90625
JVASP-90571,35.37,32.03125
JVASP-92709,40.01,35.875
JVASP-38653,34.9,41.65625
JVASP-69065,4.84,9.625
JVASP-104957,19.24,15.6015625
JVASP-14869,34.06,34.8125
JVASP-40195,31.73,32.21875
JVASP-39911,23.32,20.5
JVASP-103192,6.0,3.7246094
JVASP-18441,50.93,52.875
JVASP-17912,98.79,107.375
JVASP-37645,23.64,24.609375
JVASP-70689,89.87,78.625
JVASP-21252,9.74,8.890625
JVASP-20554,96.6,97.1875
JVASP-71541,7.04,5.6367188
JVASP-15935,38.76,33.03125
JVASP-7635,61.29,51.125
JVASP-15041,162.88,160.0
JVASP-14968,109.56,131.125
JVASP-15105,35.74,19.515625
JVASP-50095,0.17,44.9375
JVASP-54957,15.6,16.921875
JVASP-8668,7.5,4.0664062
JVASP-58349,43.99,37.125
JVASP-68383,13.42,6.1679688
JVASP-28575,5.63,20.03125
JVASP-7736,13.14,4.0351562
JVASP-28931,2.03,4.2773438
JVASP-7631,118.07,112.125
JVASP-55733,24.5,24.015625
JVASP-50027,91.56,73.1875
JVASP-12014,0.0,18.03125
JVASP-18768,68.46,71.5625
JVASP-116353,4.47,2.6972656
JVASP-26335,46.43,43.09375
JVASP-4945,39.79,45.09375
JVASP-9611,41.46,45.40625
JVASP-14594,20.48,32.25
JVASP-41869,59.4,57.9375
JVASP-28747,23.34,21.859375
JVASP-82128,8.6,4.6914062
JVASP-86414,21.57,17.734375
JVASP-115666,-11.23,-4.3515625
JVASP-14403,-1.29,-1.0419922
JVASP-12406,64.58,53.53125
JVASP-63205,73.37,68.625
JVASP-9278,30.11,30.8125
JVASP-40731,46.3,44.625
JVASP-14622,29.01,38.3125
JVASP-18008,26.86,26.734375
JVASP-7963,41.17,37.59375
JVASP-15064,97.08,70.8125
JVASP-116217,34.81,37.75
JVASP-35611,66.68,60.40625
JVASP-9202,40.03,29.9375
JVASP-117749,-13.34,0.8388672
JVASP-67451,40.2,43.15625
JVASP-41836,27.81,28.28125
JVASP-118866,-2.82,-0.76953125
JVASP-71729,27.93,32.1875
JVASP-35542,74.36,69.9375
JVASP-71466,0.0,0.52783203
JVASP-117850,7.7,8.5234375
JVASP-10252,66.66,67.625
JVASP-108788,-7.07,-9.703125
JVASP-94885,26.99,27.109375
JVASP-99655,28.03,25.265625
JVASP-120215,-1.76,5.9609375
JVASP-20970,17.91,16.875
JVASP-4080,7.79,6.8789062
JVASP-17787,63.94,58.78125
JVASP-2056,56.37,60.3125
JVASP-74432,0.0,-0.91259766
JVASP-104766,115.97,114.0
JVASP-15993,28.71,24.109375
JVASP-18514,64.68,65.75
JVASP-14845,12.9,16.109375
JVASP-93451,11.06,8.9296875
JVASP-38767,10.62,8.0703125
JVASP-92980,34.31,31.25
JVASP-118662,-9.85,5.71875
JVASP-38938,37.34,47.53125
JVASP-67822,25.96,25.03125
JVASP-12936,23.09,21.3125
JVASP-28403,24.7,31.90625
JVASP-120336,-5.7,-9.7890625
JVASP-116675,21.45,17.625
JVASP-98349,-18.51,1.5126953
JVASP-78634,14.09,15.171875
JVASP-106360,24.16,24.078125
JVASP-17254,12.23,12.1484375
JVASP-106276,26.26,27.609375
JVASP-14903,168.2,178.125
JVASP-111506,1.87,18.953125
JVASP-18844,28.57,31.828125
JVASP-100444,165.9,164.25
JVASP-75584,1.99,8.6484375
JVASP-8242,24.53,26.265625
JVASP-111013,53.99,48.1875
JVASP-18767,42.02,44.09375
JVASP-22613,20.07,23.421875
JVASP-8793,11.42,12.1171875
JVASP-55130,64.03,62.71875
JVASP-15094,86.45,80.125
JVASP-15201,66.69,71.1875
JVASP-1522,106.45,101.1875
JVASP-116440,18.48,16.34375
JVASP-53094,7.64,7.4023438
JVASP-70233,82.5,73.0
JVASP-1678,114.02,113.25
JVASP-35745,50.95,46.8125
JVASP-35666,26.06,22.953125
JVASP-26377,46.09,45.25
JVASP-56303,29.31,28.0
JVASP-22704,67.35,72.5625
JVASP-34568,50.76,53.4375
JVASP-114660,-0.06,1.5810547
JVASP-11355,20.43,28.015625
JVASP-8139,19.0,21.9375
JVASP-24262,24.9,26.203125
JVASP-20368,44.76,45.6875
JVASP-115042,21.49,22.40625
JVASP-10360,39.47,37.84375
JVASP-17577,5.66,3.9765625
JVASP-15834,12.55,11.4296875
JVASP-4391,56.93,61.9375
JVASP-19061,35.53,39.21875
JVASP-67738,25.24,23.078125
JVASP-51207,18.88,11.921875
JVASP-71635,68.93,71.625
JVASP-28912,2.78,0.6533203
JVASP-7836,392.44,342.0
JVASP-79329,25.52,26.09375
JVASP-18848,41.83,41.5
JVASP-36454,18.24,20.5625
JVASP-99962,42.81,49.75
JVASP-11198,47.6,46.8125
JVASP-18758,-19.08,-14.7578125
JVASP-9195,22.84,32.3125
JVASP-50544,110.83,128.5
JVASP-1294,25.52,15.1484375
JVASP-14957,52.61,56.28125
JVASP-28480,27.96,39.5625
JVASP-43505,18.67,21.90625
JVASP-11402,51.03,45.0625
JVASP-68497,-19.51,-16.4375
JVASP-110202,26.55,27.046875
JVASP-38141,76.18,74.1875
JVASP-8582,15.28,16.890625
JVASP-74563,13.31,12.203125
JVASP-34176,79.91,84.8125
JVASP-20643,43.78,49.875
JVASP-65589,8.33,7.5390625
JVASP-66565,-7.26,-8.3046875
JVASP-75853,13.36,14.1640625
JVASP-19817,109.42,109.625
JVASP-36918,47.13,47.0625
JVASP-1002,63.28,65.5
JVASP-49837,63.42,66.5
JVASP-9997,87.98,92.5
JVASP-26327,46.67,43.34375
JVASP-74405,39.42,44.625
JVASP-28509,20.21,22.0
JVASP-70784,0.0,4.9726562
JVASP-93279,42.0,33.28125
JVASP-93268,24.85,23.5625
JVASP-34296,72.19,72.25
JVASP-92644,30.48,32.6875
JVASP-92236,14.75,13.1484375
JVASP-75472,2.0,7.1757812
JVASP-1112,36.26,35.0625
JVASP-17474,46.11,45.6875
JVASP-114698,9.79,14.640625
JVASP-12549,9.84,9.3125
JVASP-33845,6.09,8.921875
JVASP-108939,113.41,108.5
JVASP-7875,61.04,53.125
JVASP-2319,22.13,20.71875
JVASP-36720,18.54,12.7578125
JVASP-85716,10.16,9.578125
JVASP-8342,51.81,49.78125
JVASP-117577,1.95,1.9960938
JVASP-115192,2.71,-0.6801758
JVASP-25787,22.68,21.59375
JVASP-35206,121.14,116.8125
JVASP-30573,40.67,34.5
JVASP-40239,88.26,97.0
JVASP-35184,36.29,34.0
JVASP-68563,16.51,15.390625
JVASP-51015,16.69,21.28125
JVASP-78588,26.16,27.375
JVASP-106617,18.55,19.6875
JVASP-44000,37.98,29.875
JVASP-37508,9.24,13.203125
JVASP-114473,5.65,5.125
JVASP-12581,29.29,29.953125
JVASP-41327,13.32,12.984375
JVASP-120917,0.62,1.7548828
JVASP-67760,31.54,26.9375
JVASP-51204,-22.08,-16.0
JVASP-18839,43.88,40.28125
JVASP-20253,71.05,68.375
JVASP-118086,40.09,39.78125
JVASP-35646,28.96,32.71875
JVASP-598,31.42,28.4375
JVASP-85934,24.63,26.46875
JVASP-78726,61.38,62.15625
JVASP-101802,26.87,11.953125
JVASP-118678,0.59,2.7070312
JVASP-63938,-2.96,-3.6875
JVASP-74004,57.23,54.53125
JVASP-12757,18.95,18.09375
JVASP-71289,0.0,4.703125
JVASP-28855,5.26,15.4921875
JVASP-21731,52.6,50.9375
JVASP-40068,33.22,34.0625
JVASP-85411,28.95,21.296875
JVASP-95325,97.42,75.6875
JVASP-109547,11.64,8.2734375
JVASP-116087,8.11,3.7421875
JVASP-8010,20.52,21.640625
JVASP-13886,55.01,54.96875
JVASP-74518,25.48,16.15625
JVASP-114082,31.67,31.140625
JVASP-99848,39.11,38.375
JVASP-35978,84.02,82.6875
JVASP-66027,4.52,1.0009766
JVASP-92233,37.58,30.265625
JVASP-3681,6.2,7.7617188
JVASP-8607,11.83,9.84375
JVASP-3114,76.11,71.875
JVASP-69070,13.05,15.3359375
JVASP-36172,98.0,96.375
JVASP-44747,92.42,92.25
JVASP-106839,32.83,33.90625
JVASP-33798,6.61,9.9609375
JVASP-8599,96.6,82.75
JVASP-1642,54.88,36.0625
JVASP-31168,48.5,46.84375
JVASP-94926,40.41,38.03125
JVASP-12869,54.43,47.65625
JVASP-42928,51.69,42.75
JVASP-35356,75.65,64.4375
JVASP-35680,27.64,28.515625
JVASP-74171,4.93,6.9804688
JVASP-85713,5.55,6.90625
JVASP-40025,88.52,86.75
JVASP-19087,23.45,26.953125
JVASP-102215,77.85,74.875
JVASP-22687,32.54,28.15625
JVASP-75894,11.76,15.328125
JVASP-21619,83.58,77.8125
JVASP-36262,31.92,28.953125
JVASP-69038,10.02,7.109375
JVASP-118279,-8.46,-6.1445312
JVASP-116441,44.55,43.46875
JVASP-18993,14.63,15.0
JVASP-28769,29.42,29.265625
JVASP-195,19.44,19.65625
JVASP-40237,91.5,81.4375
JVASP-18254,100.92,93.5
JVASP-114288,54.47,51.09375
JVASP-8055,31.63,28.3125
JVASP-9382,27.05,21.53125
JVASP-14834,16.72,16.96875
JVASP-8386,43.77,41.03125
JVASP-120960,11.47,17.015625
JVASP-99834,22.44,22.265625
JVASP-66379,-6.68,-4.1132812
JVASP-25407,219.95,227.875
JVASP-65539,8.15,6.1679688
JVASP-69831,11.15,12.3125
JVASP-121016,17.35,19.75
JVASP-3414,23.69,18.515625
JVASP-120889,19.77,22.03125
JVASP-89038,94.78,81.0625
JVASP-25637,53.1,56.53125
JVASP-117924,20.91,22.234375
JVASP-106013,18.39,20.5
JVASP-18028,22.46,22.4375
JVASP-110541,77.82,75.6875
JVASP-67074,30.46,29.203125
JVASP-114019,6.85,1.6542969
JVASP-36670,146.49,141.625
JVASP-91577,44.04,38.125
JVASP-118306,12.73,3.4863281
JVASP-10660,133.63,118.1875
JVASP-92559,98.7,101.5625
JVASP-65565,12.54,11.8046875
JVASP-16703,41.27,41.96875
JVASP-16060,84.09,76.125
JVASP-78264,174.07,108.75
JVASP-118693,12.44,9.1953125
JVASP-4831,22.25,22.5
JVASP-106963,44.32,34.15625
JVASP-21736,17.54,11.3671875
JVASP-102224,22.5,13.421875
JVASP-19755,71.2,65.8125
JVASP-68760,23.26,21.140625
JVASP-55213,31.06,26.453125
JVASP-114464,30.85,29.78125
JVASP-9458,40.51,34.9375
JVASP-78843,23.89,24.71875
JVASP-62335,79.66,81.1875
JVASP-99919,72.8,76.75
JVASP-11968,87.64,81.0
JVASP-28852,38.26,30.921875
JVASP-108616,16.75,18.6875
JVASP-92218,103.49,85.5625
JVASP-94909,45.97,49.96875
JVASP-48336,41.45,38.0
JVASP-33825,17.33,16.875
JVASP-100959,7.33,7.125
JVASP-14975,97.78,88.4375
JVASP-74046,0.07,-0.74560547
JVASP-109561,48.44,43.34375
JVASP-118809,0.65,0.07904053
JVASP-115359,9.55,7.0742188
JVASP-12450,19.13,23.234375
JVASP-37429,34.08,37.25
JVASP-42104,27.02,20.09375
JVASP-54934,43.78,41.6875
JVASP-21866,14.74,11.4140625
JVASP-28809,22.07,1.2451172
JVASP-8393,28.11,22.703125
JVASP-114205,34.65,34.5625
JVASP-57562,34.45,43.25
JVASP-16285,2.84,3.9375
JVASP-8108,41.48,41.90625
JVASP-14526,38.04,36.375
JVASP-54704,33.91,34.0
JVASP-74381,11.85,7.5078125
JVASP-56364,14.15,17.46875
JVASP-8284,34.17,35.9375
JVASP-67814,32.97,37.0625
JVASP-118850,5.69,1.2519531
JVASP-69134,7.53,7.0859375
JVASP-17,177.67,177.125
JVASP-118920,15.83,14.296875
JVASP-7658,22.39,18.671875
JVASP-114175,40.23,43.0625
JVASP-10173,23.8,21.3125
JVASP-115459,15.29,18.640625
JVASP-3720,19.81,10.4609375
JVASP-92516,132.66,153.75
JVASP-7966,61.49,70.0625
JVASP-109391,15.84,13.9296875
JVASP-16209,89.12,86.9375
JVASP-67604,70.83,73.8125
JVASP-14735,45.3,46.0
JVASP-18613,25.64,27.921875
JVASP-90247,71.93,42.78125
JVASP-10952,103.91,94.8125
JVASP-115075,45.93,44.75
JVASP-75653,-2.2,1.9541016
JVASP-14782,10.91,6.796875
JVASP-9101,11.75,8.7421875
JVASP-118925,20.0,15.0859375
JVASP-8205,11.78,9.1484375
JVASP-8121,55.18,54.46875
JVASP-13096,46.79,40.375
JVASP-107939,8.63,7.4101562
JVASP-260,20.04,34.21875
JVASP-120381,17.35,5.2929688
JVASP-58348,220.85,216.875
JVASP-91451,28.95,24.90625
JVASP-28379,44.27,40.71875
JVASP-18420,40.06,29.5
JVASP-37321,25.46,28.296875
JVASP-30193,22.57,22.46875
JVASP-79657,36.65,37.40625
JVASP-7802,11.91,7.5546875
JVASP-117067,37.09,33.875
JVASP-68819,30.75,32.3125
JVASP-15893,26.7,29.484375
JVASP-118548,5.19,1.875
JVASP-14813,1.32,2.4570312
JVASP-118731,10.47,10.9453125
JVASP-91221,24.89,20.625
JVASP-14530,21.84,13.9375
JVASP-12589,31.47,33.875
JVASP-535,33.77,34.84375
JVASP-12985,110.0,103.4375
JVASP-38644,60.3,67.3125
JVASP-2505,27.9,27.421875
JVASP-38029,21.97,18.203125
JVASP-7919,11.64,14.3046875
JVASP-8247,58.65,57.9375
JVASP-41523,91.22,103.75
JVASP-25903,22.89,25.421875
JVASP-99584,32.07,30.140625
JVASP-42114,12.38,7.4804688
JVASP-36192,396.85,368.0
JVASP-8704,14.13,28.28125
JVASP-22635,16.09,15.8203125
JVASP-70879,27.36,24.015625
JVASP-36927,7.53,1.8671875
JVASP-8288,26.33,29.296875
JVASP-104660,40.37,42.96875
JVASP-21452,38.96,36.65625
JVASP-49807,0.07,4.9296875
JVASP-17252,28.51,38.15625
JVASP-12954,52.6,56.34375
JVASP-8441,55.49,56.5625
JVASP-2062,24.78,17.984375
JVASP-107002,41.46,44.9375
JVASP-92677,54.09,55.78125
JVASP-15932,56.17,56.0
JVASP-37296,20.11,23.09375
JVASP-114598,32.85,32.34375
JVASP-14276,1.67,1.0332031
JVASP-30401,19.29,22.109375
JVASP-8048,32.1,33.90625
JVASP-115452,20.47,22.796875
JVASP-28541,41.87,39.0625
JVASP-16438,33.56,38.0
JVASP-41496,37.76,35.0
JVASP-107482,190.38,160.25
JVASP-115687,7.56,2.5605469
JVASP-75664,64.43,52.5625
JVASP-65656,6.5,4.6289062
JVASP-57781,26.71,24.3125
JVASP-18264,57.0,66.5
JVASP-14773,67.12,65.1875
JVASP-118369,-7.17,-11.75
JVASP-105820,15.9,12.8828125
JVASP-66406,-8.54,-7.4414062
JVASP-114887,189.39,189.25
JVASP-28707,27.61,23.140625
JVASP-111656,45.04,41.1875
JVASP-87077,68.13,77.9375
JVASP-106800,20.3,17.75
JVASP-100665,21.41,17.71875
JVASP-36617,127.76,133.5
JVASP-9693,58.01,59.875
JVASP-13254,28.35,25.65625
JVASP-8319,22.82,25.828125
JVASP-12875,13.01,8.28125
JVASP-118905,-20.04,-15.453125
JVASP-35158,10.16,11.4375
JVASP-79803,27.73,27.109375
JVASP-18885,12.99,3.5234375
JVASP-55156,84.9,97.9375
JVASP-8563,14.58,6.9453125
JVASP-22616,11.23,11.078125
JVASP-18370,13.84,8.65625
JVASP-74139,78.04,80.5
JVASP-115154,4.66,7.7421875
JVASP-100231,7.82,10.78125
JVASP-12060,15.54,16.4375
JVASP-71678,57.59,51.96875
JVASP-5365,12.83,14.5
JVASP-22614,16.41,23.078125
JVASP-14569,0.11,13.7578125
JVASP-120894,-4.55,11.9375
JVASP-74564,5.13,12.2265625
JVASP-37649,21.05,21.21875
JVASP-104933,11.71,7.3632812
JVASP-14618,6.31,10.4140625
JVASP-5443,8.56,11.6953125
JVASP-67477,34.34,33.53125
JVASP-3099,13.77,11.9609375
JVASP-106376,24.86,25.171875
JVASP-25403,59.95,61.375
JVASP-74260,92.79,94.25
JVASP-53451,92.63,100.8125
JVASP-62575,18.32,17.09375
JVASP-90642,29.94,25.828125
JVASP-77136,19.19,16.34375
JVASP-14956,6.53,7.0507812
JVASP-52872,8.44,10.9296875
JVASP-11169,19.71,21.640625
JVASP-73927,12.99,21.90625
JVASP-7812,25.33,25.78125
JVASP-75686,16.64,14.484375
JVASP-51744,13.01,16.875
JVASP-35212,11.91,12.2890625
JVASP-118821,-1.79,-2.1367188
JVASP-113457,6.96,11.3125
JVASP-16295,82.04,86.875
JVASP-93704,38.89,29.15625
JVASP-25276,2.82,2.2890625
JVASP-43629,50.25,57.15625
JVASP-17536,41.42,58.9375
JVASP-9247,116.37,107.0625
JVASP-65716,9.23,7.6875
JVASP-12038,73.97,89.5
JVASP-19409,51.57,49.6875
JVASP-94376,21.81,22.046875
JVASP-79614,31.67,34.4375
JVASP-67353,40.15,41.71875
JVASP-35067,14.07,12.1640625
JVASP-25080,28.58,29.46875
JVASP-93437,9.13,7.21875
JVASP-25295,13.17,7.8203125
JVASP-8065,140.91,150.625
JVASP-74284,6.74,6.7851562
JVASP-39980,27.06,32.0625
JVASP-85507,21.61,22.8125
JVASP-100298,33.03,36.78125
JVASP-22693,69.37,77.625
JVASP-30604,29.7,27.265625
JVASP-120249,40.57,36.84375
JVASP-85964,35.37,33.25
JVASP-35854,27.99,28.6875
JVASP-56717,71.66,67.25
JVASP-101751,14.77,15.15625
JVASP-23783,84.69,82.875
JVASP-49911,65.79,68.1875
JVASP-121094,70.17,70.6875
JVASP-16356,17.92,29.796875
JVASP-2838,19.38,17.921875
JVASP-15283,85.81,82.625
JVASP-14939,48.32,49.40625
JVASP-10704,17.71,18.203125
JVASP-8338,18.49,17.765625
JVASP-103141,77.1,68.625
JVASP-85998,7.03,4.5195312
JVASP-114135,8.35,7.7890625
JVASP-36025,178.43,174.625
JVASP-58354,53.41,56.15625
JVASP-20622,55.08,56.59375
JVASP-22668,9.03,8.9765625
JVASP-57240,48.45,53.25
JVASP-14830,143.46,123.3125
JVASP-36304,28.34,32.75
JVASP-28356,20.59,25.953125
JVASP-71578,25.02,26.171875
JVASP-120283,16.25,12.5
JVASP-105696,47.61,41.65625
JVASP-1828,34.76,39.3125
JVASP-117914,9.8,9.6328125
JVASP-94910,33.06,34.0625
JVASP-70927,53.88,47.5625
JVASP-19108,51.52,49.71875
JVASP-71049,52.77,49.25
JVASP-20205,61.9,62.96875
JVASP-78332,15.34,13.921875
JVASP-67763,0.21,7.4960938
JVASP-66494,-8.12,-10.0078125
JVASP-25258,88.72,143.375
JVASP-13754,37.37,39.0625
JVASP-118674,8.52,8.1328125
JVASP-40600,31.58,35.96875
JVASP-25166,6.64,7.5195312
JVASP-38871,82.24,81.25
JVASP-20429,16.0,19.453125
JVASP-102988,0.0,21.5625
JVASP-39530,24.8,26.5625
JVASP-13950,8.88,3.2753906
JVASP-35168,65.13,77.125
JVASP-41911,96.04,90.4375
JVASP-15608,83.51,81.4375
JVASP-21834,0.0,-1.2978516
JVASP-20540,95.3,96.5
JVASP-120819,5.48,7.2539062
JVASP-68574,14.56,18.0
JVASP-92190,0.1,4.0859375
JVASP-12348,48.11,48.40625
JVASP-37900,39.15,39.0625
JVASP-109981,1.65,1.2460938
JVASP-8705,50.01,46.90625
JVASP-42067,64.66,62.71875
JVASP-115201,8.17,11.7421875
JVASP-90858,23.03,22.75
JVASP-21459,72.03,76.3125
JVASP-75593,-22.1,-16.40625
JVASP-11298,42.22,30.09375
JVASP-22615,35.75,37.09375
JVASP-115794,0.33,-0.01940918
JVASP-78670,10.86,6.796875
JVASP-10026,23.25,27.546875
JVASP-48662,43.26,44.1875
JVASP-74173,33.87,36.375
JVASP-99952,35.06,36.5
JVASP-12500,7.26,7.3125
JVASP-66541,-17.0,-17.078125
JVASP-13945,21.99,27.765625
JVASP-72010,13.9,14.5703125
JVASP-15680,22.83,15.7421875
JVASP-12968,109.29,106.0
JVASP-36680,42.38,46.3125
JVASP-10362,23.03,18.046875
JVASP-108891,9.61,9.3984375
JVASP-95318,14.17,16.109375
JVASP-10143,118.42,131.625
JVASP-52257,10.26,11.6484375
JVASP-9133,35.21,39.46875
JVASP-115145,5.83,6.9726562
JVASP-118293,18.34,22.1875
JVASP-35425,54.87,65.0625
JVASP-118226,-23.31,-18.71875
JVASP-16294,3.54,-0.13378906
JVASP-18144,23.95,26.3125
JVASP-8329,31.19,30.75
JVASP-66505,-4.24,-7.3398438
JVASP-9129,4.3,6.9257812
JVASP-8042,54.38,56.25
JVASP-14607,56.22,57.90625
JVASP-1393,53.66,55.09375
JVASP-3606,9.76,10.234375
JVASP-33922,34.31,36.6875
JVASP-5,126.14,130.625
JVASP-23509,91.75,90.9375
JVASP-36506,13.94,16.9375
JVASP-14260,14.83,16.90625
JVASP-94374,41.38,43.0625
JVASP-101161,50.36,45.78125
JVASP-74598,26.53,28.375
JVASP-5308,33.92,41.65625
JVASP-18583,26.76,29.6875
JVASP-17673,84.8,76.625
JVASP-47768,106.58,92.0
JVASP-100591,148.17,142.625
JVASP-18667,46.26,55.84375
JVASP-22527,16.46,20.4375
JVASP-70893,37.95,44.625
JVASP-21893,62.97,64.375
JVASP-105103,22.04,30.953125
JVASP-18396,19.95,23.40625
JVASP-35675,8.08,7.9726562
JVASP-67568,70.97,70.875
JVASP-4083,8.58,5.7773438
JVASP-77146,29.77,28.265625
JVASP-7999,49.99,47.9375
JVASP-118101,-7.66,2.6933594
JVASP-10053,128.99,132.0
JVASP-93213,65.4,59.21875
JVASP-15054,16.59,15.9140625
JVASP-16355,25.28,19.109375
JVASP-66904,57.03,55.6875
JVASP-39959,18.89,23.796875
JVASP-68892,29.77,30.96875
JVASP-74739,8.37,9.4921875
JVASP-64700,1.04,3.2148438
JVASP-4285,17.87,19.109375
JVASP-85717,70.66,67.875
JVASP-54711,8.97,11.1328125
JVASP-92519,14.64,11.421875
JVASP-7854,41.36,58.4375
JVASP-28544,47.89,52.34375
JVASP-10879,82.62,78.8125
JVASP-8371,35.08,33.59375
JVASP-75692,24.36,23.234375
JVASP-102062,16.5,12.9921875
JVASP-100606,45.56,42.5
JVASP-78743,-1.86,-9.140625
JVASP-118065,26.87,29.109375
JVASP-15482,37.3,30.15625
JVASP-106023,19.52,19.0
JVASP-10267,7.57,5.5820312
JVASP-49791,52.65,55.75
JVASP-39785,69.82,70.1875
JVASP-1234,97.22,111.375
JVASP-117472,146.29,150.125
JVASP-14680,163.94,174.75
JVASP-284,60.92,57.65625
JVASP-19610,29.04,28.09375
JVASP-8030,43.35,48.21875
JVASP-79550,-9.6,2.3789062
JVASP-16595,71.63,73.1875
JVASP-102253,24.94,21.171875
JVASP-90653,70.51,74.125
JVASP-115221,80.2,77.25
JVASP-18597,25.46,29.921875
JVASP-9586,94.27,84.9375
JVASP-88026,52.3,52.09375
JVASP-116160,40.53,28.453125
JVASP-15002,106.35,115.75
JVASP-116304,14.31,17.875
JVASP-50883,49.04,53.21875
JVASP-51093,1.38,1.2392578
JVASP-65413,15.31,10.671875
JVASP-39766,7.74,6.3554688
JVASP-12373,35.4,40.125
JVASP-8282,23.32,23.375
JVASP-17429,49.22,58.5
JVASP-121111,2.29,11.59375
JVASP-29406,-20.25,-11.9453125
JVASP-14011,9.44,11.890625
JVASP-22551,9.79,12.2890625
JVASP-29079,4.8,4.5664062
JVASP-87002,63.96,65.625
JVASP-17857,33.2,33.125
JVASP-12747,16.15,23.140625
JVASP-7921,71.46,79.3125
JVASP-105774,4.87,7.3867188
JVASP-11683,20.89,23.046875
JVASP-23888,16.46,18.625
JVASP-72381,48.87,49.375
JVASP-8374,44.41,33.78125
JVASP-65640,8.17,8.3046875
JVASP-111250,76.5,72.1875
JVASP-114972,-0.76,0.23986816
JVASP-116263,-13.61,-8.7578125
JVASP-15091,72.26,74.875
JVASP-119938,-4.63,1.8515625
JVASP-65593,6.85,10.3359375
JVASP-9149,54.92,58.40625
JVASP-119951,4.72,5.8554688
JVASP-57435,101.47,110.9375
JVASP-7993,17.85,19.84375
JVASP-15954,28.3,31.53125
JVASP-20243,25.16,17.96875
JVASP-10153,12.05,12.21875
JVASP-11747,48.43,41.03125
JVASP-119928,-3.51,-3.5859375
JVASP-118566,-0.25,0.029586792
JVASP-116166,0.36,-0.39135742
JVASP-74828,45.56,43.0
JVASP-24628,6.44,5.8125
JVASP-69311,11.1,11.5234375
JVASP-15475,66.89,69.1875
JVASP-69592,7.11,9.3515625
JVASP-25775,29.02,28.203125
JVASP-45372,45.99,42.28125
JVASP-78748,12.16,7.1445312
JVASP-4597,31.2,36.78125
JVASP-3684,11.02,11.0625
JVASP-50866,51.73,49.34375
JVASP-4918,0.93,10.1796875
JVASP-114479,-6.86,-10.6796875
JVASP-86217,25.61,26.4375
JVASP-15450,62.29,68.125
JVASP-8346,25.12,23.015625
JVASP-20967,51.03,46.5
JVASP-110509,11.74,9.0234375
JVASP-9707,27.99,25.75
JVASP-38263,3.24,5.7070312
JVASP-10167,32.43,30.890625
JVASP-37103,46.28,47.90625
JVASP-17322,44.66,48.65625
JVASP-24597,12.35,11.3515625
JVASP-12588,30.47,31.484375
JVASP-37059,11.96,9.8359375
JVASP-87186,94.27,97.6875
JVASP-12986,5.61,5.4570312
JVASP-99800,63.16,58.25
JVASP-16122,27.82,32.40625
JVASP-70546,27.75,26.90625
JVASP-77567,21.77,17.71875
JVASP-9343,40.45,42.75
JVASP-79529,8.91,9.1953125
JVASP-64750,7.08,0.38745117
JVASP-88019,19.28,16.40625
JVASP-102247,73.33,49.75
JVASP-10354,31.09,29.765625
JVASP-16706,53.96,62.375
JVASP-43484,15.87,17.078125
JVASP-18248,12.71,14.296875
JVASP-11953,89.12,86.8125
JVASP-78836,80.96,46.34375
JVASP-92575,58.25,60.46875
JVASP-100434,17.22,17.1875
JVASP-16569,20.18,19.890625
JVASP-46536,34.45,28.03125
JVASP-10571,13.83,13.3515625
JVASP-36415,71.37,74.0
JVASP-41242,96.76,107.9375
JVASP-34214,50.69,48.40625
JVASP-15585,65.47,61.625
JVASP-74803,23.81,25.46875
JVASP-8751,24.72,12.3515625
JVASP-116948,118.25,109.6875
JVASP-7745,17.55,13.6328125
JVASP-52585,5.11,4.9375
JVASP-12477,67.23,64.0625
JVASP-70858,28.18,22.40625
JVASP-67411,38.6,38.90625
JVASP-107328,32.33,35.25
JVASP-17784,51.72,51.25
JVASP-17947,29.45,25.75
JVASP-74422,63.4,59.8125
JVASP-115633,27.84,21.40625
JVASP-66162,1.26,4.4179688
JVASP-12926,10.27,12.9296875
JVASP-118651,1.81,1.0869141
JVASP-62940,177.72,175.625
JVASP-30535,32.37,37.4375
JVASP-36464,32.2,32.6875
JVASP-16252,59.49,57.75
JVASP-16769,43.09,40.3125
JVASP-19685,30.74,31.0
JVASP-20257,89.99,89.0
JVASP-120000,43.57,53.78125
JVASP-116192,5.5,9.671875
JVASP-8752,62.95,71.0
JVASP-71074,8.64,9.234375
JVASP-17280,60.14,66.3125
JVASP-8433,15.43,19.53125
JVASP-108702,55.37,53.15625
JVASP-22585,69.96,65.25
JVASP-116979,9.8,10.484375
JVASP-15975,40.45,35.21875
JVASP-9459,58.11,58.59375
JVASP-1145,12.8,11.3828125
JVASP-41570,28.02,31.203125
JVASP-12970,42.37,43.8125
JVASP-18792,55.71,53.90625
JVASP-22599,52.7,49.5625
JVASP-118801,8.47,10.5546875
JVASP-69869,94.67,99.3125
JVASP-64184,-2.26,-2.7539062
JVASP-53573,18.64,20.125
JVASP-16645,101.15,110.9375
JVASP-105860,9.53,10.4453125
JVASP-9639,28.56,34.65625
JVASP-74200,94.44,99.1875
JVASP-99961,55.28,58.28125
JVASP-30458,216.93,204.625
JVASP-1073,56.02,53.59375
JVASP-2769,25.12,29.3125
JVASP-8487,26.08,26.171875
JVASP-86459,77.04,83.5625
JVASP-65062,13.82,14.9609375
JVASP-39819,74.18,74.5
JVASP-9376,16.9,19.8125
JVASP-10669,22.5,19.828125
JVASP-5683,4.21,2.0214844
JVASP-100539,24.9,29.046875
JVASP-71386,22.53,24.90625
JVASP-65710,11.1,13.0625
JVASP-102131,50.76,55.03125
JVASP-88757,42.38,37.71875
JVASP-21555,25.74,24.921875
JVASP-45240,72.55,78.75
JVASP-103702,-7.61,-14.3828125
JVASP-10181,26.64,25.9375
JVASP-93826,65.33,66.4375
JVASP-18408,61.71,60.875
JVASP-8141,33.83,37.125
JVASP-74109,69.95,64.1875
JVASP-105824,72.86,83.75
JVASP-102985,21.78,28.21875
JVASP-63903,1.06,-0.17541504
JVASP-121311,4.67,3.7363281
JVASP-116311,9.05,10.7265625
JVASP-9647,31.53,30.140625
JVASP-50030,52.62,45.28125
JVASP-44993,83.22,78.5
JVASP-70892,41.43,36.40625
JVASP-3165,9.97,10.453125
JVASP-9528,18.25,15.1953125
JVASP-1864,57.63,55.8125
JVASP-74692,68.07,85.9375
JVASP-11342,52.53,59.71875
JVASP-15968,135.96,175.75
JVASP-36358,135.64,135.5
JVASP-17348,29.41,27.359375
JVASP-131,26.3,26.15625
JVASP-3555,9.18,6.2421875
JVASP-167,11.98,14.9140625
JVASP-100594,19.04,20.375
JVASP-7663,35.48,38.28125
JVASP-15957,14.47,16.859375
JVASP-15900,159.34,178.875
JVASP-14653,51.14,56.1875
JVASP-116423,-2.63,0.30297852
JVASP-117686,54.11,52.6875
JVASP-108883,28.09,26.515625
JVASP-9163,0.0,82.75
JVASP-121224,8.97,7.7695312
JVASP-75789,0.32,-6.7265625
JVASP-114542,4.97,4.640625
JVASP-37293,24.04,23.703125
JVASP-120237,5.71,3.7421875
JVASP-9776,56.49,66.0625
JVASP-71940,91.92,85.25
JVASP-118773,55.67,62.09375
JVASP-20063,31.38,30.609375
JVASP-109609,14.49,5.3671875
JVASP-16028,16.46,14.4453125
JVASP-13894,19.42,17.59375
JVASP-65383,21.23,22.875
JVASP-115204,13.58,15.8125
JVASP-1636,40.44,37.625
JVASP-29401,39.13,50.09375
JVASP-9162,283.5,308.5
JVASP-16917,11.13,4.796875
JVASP-52493,47.57,58.0
JVASP-8816,7.11,6.6132812
JVASP-15763,26.84,27.328125
JVASP-118813,8.33,2.9335938
JVASP-90496,94.33,60.75
JVASP-12575,19.05,16.734375
JVASP-16302,-3.67,-8.796875
JVASP-100645,82.84,96.8125
JVASP-39116,34.64,36.875
JVASP-34390,73.6,81.9375
JVASP-86892,3.39,4.3242188
JVASP-53303,19.15,18.375
JVASP-120991,9.53,2.7207031
JVASP-39448,38.22,47.84375
JVASP-12928,29.45,28.53125
JVASP-104697,31.88,34.3125
JVASP-71724,75.35,75.4375
JVASP-35730,-7.52,-7.3710938
JVASP-15044,83.44,91.0625
JVASP-17409,50.25,55.125
JVASP-86900,7.73,12.28125
JVASP-110793,-2.24,4.2539062
JVASP-11794,44.39,44.8125
JVASP-119993,-10.81,-13.5
JVASP-29381,27.01,27.84375
JVASP-102088,16.26,10.4609375
JVASP-22111,53.46,47.9375
JVASP-18258,93.28,114.1875
JVASP-7632,17.3,25.8125
JVASP-79325,26.02,23.578125
JVASP-11324,62.39,67.625
JVASP-71854,101.83,98.625
JVASP-67301,61.29,54.5
JVASP-18660,30.64,29.71875
JVASP-8039,155.41,160.25
JVASP-40611,56.27,56.625
JVASP-16426,44.87,47.09375
JVASP-114451,15.91,20.09375
JVASP-105668,0.0,5.65625
JVASP-17326,80.99,80.125
JVASP-70365,52.77,48.09375
JVASP-117790,9.51,7.8242188
JVASP-25297,6.26,3.6425781
JVASP-37475,16.18,16.046875
JVASP-40888,36.66,37.25
JVASP-37286,2.42,1.8320312
JVASP-107914,35.68,40.25
JVASP-74360,29.01,29.203125
JVASP-114720,96.29,109.875
JVASP-25069,10.52,10.1328125
JVASP-15272,31.75,31.625
JVASP-35738,6.63,6.5898438
JVASP-53414,20.21,18.078125
JVASP-69698,15.73,7.265625
JVASP-103281,9.4,14.203125
JVASP-17652,61.05,61.96875
JVASP-78663,12.6,11.3515625
JVASP-37638,9.8,13.1796875
JVASP-14707,45.48,49.65625
JVASP-106237,47.39,63.375
JVASP-71081,37.09,44.5625
JVASP-78799,23.78,25.5
JVASP-10150,15.72,14.2109375
JVASP-52873,5.61,4.859375
JVASP-40734,87.83,89.0625
JVASP-17404,-16.08,17.3125
JVASP-33312,5.92,7.4960938
JVASP-37340,23.97,22.8125
JVASP-925,117.64,108.9375
JVASP-8210,16.72,15.75
JVASP-74189,16.67,19.09375
JVASP-29240,19.93,19.21875
JVASP-18874,4.02,8.796875
JVASP-74707,112.86,115.0
JVASP-16599,8.24,7.4140625
JVASP-66313,11.14,10.2421875
JVASP-5230,5.28,3.5292969
JVASP-64411,42.43,-0.20092773
JVASP-110537,83.18,92.9375
JVASP-37608,4.82,4.46875
JVASP-36213,22.56,26.5625
JVASP-37695,25.08,24.921875
JVASP-17919,64.12,61.34375
JVASP-106192,38.16,40.21875
JVASP-8005,97.32,88.8125
JVASP-114726,13.78,11.9296875
JVASP-79799,31.25,26.671875
JVASP-40064,46.86,56.03125
JVASP-90489,13.28,13.96875
JVASP-36153,23.69,24.546875
JVASP-11689,64.75,66.625
JVASP-317,34.6,35.5
JVASP-68417,96.57,101.0625
JVASP-19738,35.02,35.21875
JVASP-34004,31.73,32.5625
JVASP-35408,53.89,60.71875
JVASP-101267,3.95,2.9121094
JVASP-107657,55.53,60.3125
JVASP-819,2.9,4.390625
JVASP-16640,29.43,31.515625
JVASP-79499,29.17,37.34375
JVASP-11987,22.4,25.6875
JVASP-74855,-2.96,-2.2675781
JVASP-36361,27.6,29.53125
JVASP-118944,-17.45,-1.7861328
JVASP-61252,68.19,71.5
JVASP-67965,24.76,12.3203125
JVASP-32465,6.71,7.6289062
JVASP-7648,32.9,32.15625
JVASP-25408,13.9,17.75
JVASP-69757,38.01,46.15625
JVASP-16032,-1.78,-0.22180176
JVASP-101430,35.05,35.4375
JVASP-54873,10.02,10.8203125
JVASP-7689,62.09,62.96875
JVASP-118245,-10.45,29.546875
JVASP-8666,8.89,5.2851562
JVASP-22286,30.61,27.71875
JVASP-103723,-7.37,1.9472656
JVASP-105950,76.91,71.0
JVASP-1984,12.07,8.6640625
JVASP-102529,68.25,66.375
JVASP-92632,18.82,25.09375
JVASP-114015,125.36,139.875
JVASP-14638,40.5,45.75
JVASP-25381,28.43,28.71875
JVASP-74221,55.95,62.1875
JVASP-70474,42.31,39.46875
JVASP-109268,115.54,104.875
JVASP-115380,19.53,22.328125
JVASP-36835,38.78,47.03125
JVASP-17334,88.57,94.1875
JVASP-17391,81.9,83.375
JVASP-68662,5.23,6.7890625
JVASP-109156,17.18,19.125
JVASP-102723,17.57,25.65625
JVASP-40631,110.36,104.125
JVASP-79163,16.99,17.5
JVASP-15364,60.86,62.78125
JVASP-37770,38.32,30.78125
JVASP-114586,-8.18,-7.0351562
JVASP-106348,38.7,28.703125
JVASP-14889,41.84,44.59375
JVASP-110558,42.43,37.03125
JVASP-25077,5.98,7.609375
JVASP-20232,13.17,18.953125
JVASP-10690,67.21,63.71875
JVASP-68021,9.63,14.703125
JVASP-21640,93.14,96.75
JVASP-67795,54.32,57.65625
JVASP-14007,-4.42,-1.7949219
JVASP-30063,20.71,18.75
JVASP-35284,25.37,27.6875
JVASP-20245,128.66,130.25
JVASP-91926,12.51,15.3515625
JVASP-35688,258.5,243.5
JVASP-14881,72.66,61.6875
JVASP-15384,63.68,60.03125
JVASP-121282,5.83,8.5390625
JVASP-105837,14.13,16.03125
JVASP-29794,38.86,39.78125
JVASP-10480,7.74,6.9726562
JVASP-1082,29.74,31.21875
JVASP-20525,38.5,37.84375
JVASP-28436,19.27,18.625
JVASP-16327,7.47,4.796875
JVASP-75763,25.52,23.34375
JVASP-40909,34.56,33.625
JVASP-121185,-10.09,-3.3496094
JVASP-71818,112.56,98.9375
JVASP-25079,28.82,25.828125
JVASP-17619,11.68,16.34375
JVASP-58345,13.19,29.078125
JVASP-19370,110.43,110.625
JVASP-3648,6.14,6.6679688
JVASP-106681,213.23,164.75
JVASP-29102,29.83,25.328125
JVASP-105710,135.28,133.875
JVASP-90680,23.03,23.0
JVASP-17965,58.47,64.25
JVASP-114715,80.0,79.1875
JVASP-35214,12.45,16.84375
JVASP-25202,10.91,10.125
JVASP-118244,6.09,3.1171875
JVASP-17356,25.13,24.234375
JVASP-118848,11.25,9.0078125
JVASP-9505,41.71,53.125
JVASP-99998,55.03,60.03125
JVASP-33027,8.36,7.4492188
JVASP-113743,8.02,5.0664062
JVASP-115699,-7.15,-1.1865234
JVASP-75469,37.24,56.3125
JVASP-11431,20.11,18.5
JVASP-16354,-14.3,-11.0078125
JVASP-1771,19.71,16.203125
JVASP-101345,0.0,-0.09692383
JVASP-65759,-2.32,-4.1640625
JVASP-67844,49.14,47.15625
JVASP-69108,10.03,10.734375
JVASP-67810,41.18,48.875
JVASP-32150,3.02,2.4863281
JVASP-50426,125.13,130.75
JVASP-20500,21.71,27.8125
JVASP-117937,23.52,29.1875
JVASP-17521,21.6,24.5
JVASP-91721,6.18,4.4257812
JVASP-22642,9.28,6.9609375
JVASP-17823,55.33,49.4375
JVASP-115679,5.79,2.0644531
JVASP-52516,74.15,70.1875
JVASP-112146,39.01,41.15625
JVASP-3384,17.54,15.7578125
JVASP-19596,36.34,31.015625
JVASP-1549,59.66,68.4375
JVASP-10686,39.97,40.9375
JVASP-19789,32.39,32.375
JVASP-93248,55.98,56.53125
JVASP-15345,99.0,105.25
JVASP-30645,38.31,43.5625
JVASP-35394,37.61,43.3125
JVASP-14656,30.2,33.34375
JVASP-26759,11.01,11.21875
JVASP-74252,19.39,23.546875
JVASP-19602,89.42,88.3125
JVASP-4489,18.93,18.09375
JVASP-49767,159.39,159.5
JVASP-28674,4.51,15.4453125
JVASP-41200,101.66,94.4375
JVASP-44383,32.13,36.0625
JVASP-85139,41.96,39.65625
JVASP-114106,47.18,45.78125
JVASP-14588,216.94,165.0
JVASP-65294,1.1,1.6464844
JVASP-9103,7.37,6.3320312
JVASP-86995,11.42,4.7382812
JVASP-48538,48.61,44.53125
JVASP-8059,57.06,53.0625
JVASP-88089,47.09,50.03125
JVASP-17669,95.85,88.5
JVASP-91857,80.89,90.125
JVASP-115343,47.52,46.9375
JVASP-120093,14.75,15.2421875
JVASP-1489,36.63,34.71875
JVASP-90639,44.77,48.53125
JVASP-116318,4.89,1.9599609
JVASP-117861,1.88,4.6015625
JVASP-57670,156.63,140.5
JVASP-111388,38.85,40.9375
JVASP-8768,0.64,-0.82958984
JVASP-75608,6.48,4.7851562
JVASP-51719,17.75,16.71875
JVASP-68841,16.19,17.703125
JVASP-115431,13.88,8.9375
JVASP-80722,21.25,18.8125
JVASP-9379,27.31,29.484375
JVASP-1825,34.03,39.75
JVASP-115498,14.76,14.4921875
JVASP-15587,16.41,17.890625
JVASP-93923,11.61,12.25
JVASP-36905,7.69,5.0898438
JVASP-116,131.08,142.125
JVASP-99845,60.02,58.71875
JVASP-37693,109.84,115.9375
JVASP-86710,33.21,32.90625
JVASP-22656,5.57,5.0546875
JVASP-40623,70.42,68.4375
JVASP-115446,1.83,0.9765625
JVASP-30237,54.47,62.1875
JVASP-14890,202.46,177.625
JVASP-16084,139.5,124.125
JVASP-72,52.53,49.84375
JVASP-35157,12.66,14.5390625
JVASP-43766,41.73,34.65625
JVASP-30731,40.5,47.6875
JVASP-99910,29.88,25.546875
JVASP-4201,12.02,17.0
JVASP-54736,28.57,25.921875
JVASP-51095,-6.34,-8.1640625
JVASP-18548,73.21,76.4375
JVASP-36471,42.98,38.5
JVASP-28901,1.75,4.0703125
JVASP-36193,29.95,34.5
JVASP-14867,16.22,25.890625
JVASP-28725,26.3,25.34375
JVASP-20143,98.26,97.75
JVASP-80105,42.89,35.75
JVASP-114768,12.95,6.734375
JVASP-36512,19.22,19.015625
JVASP-46044,45.51,39.09375
JVASP-29908,34.01,32.25
JVASP-12750,43.19,37.8125
JVASP-90627,42.12,43.625
JVASP-54884,10.59,6.3945312
JVASP-95036,101.65,107.25
JVASP-14175,15.31,15.765625
JVASP-75459,0.32,-4.2421875
JVASP-118805,18.59,17.5625
JVASP-41470,54.0,48.25
JVASP-14659,54.9,53.3125
JVASP-118552,-4.49,-8.1796875
JVASP-15936,32.58,31.140625
JVASP-37903,7.45,7.9023438
JVASP-113716,-3.05,-3.0957031
JVASP-115910,5.97,8.078125
JVASP-35092,94.03,91.125
JVASP-101264,-4.7,8.8515625
JVASP-7815,189.27,200.125
JVASP-14583,38.37,36.28125
JVASP-18035,23.64,20.015625
JVASP-189,30.35,33.71875
JVASP-12488,24.96,23.75
JVASP-40784,-5.06,0.42236328
JVASP-20107,34.56,31.546875
JVASP-16594,30.77,34.375
JVASP-115035,2.7,1.9960938
JVASP-16556,13.35,9.15625
JVASP-29782,95.35,86.4375
JVASP-287,50.6,47.65625
JVASP-91630,15.78,18.109375
JVASP-68045,17.57,13.2109375
JVASP-14152,28.07,26.359375
JVASP-67356,62.73,66.0625
JVASP-28972,4.07,4.3554688
JVASP-9604,55.66,50.28125
JVASP-51448,18.02,19.03125
JVASP-70928,0.0,-0.8828125
JVASP-4741,11.85,14.4296875
JVASP-22733,10.53,9.78125
JVASP-17699,15.25,11.8046875
JVASP-16691,41.91,37.71875
JVASP-15483,129.15,114.1875
JVASP-101163,27.73,26.71875
JVASP-28802,28.32,31.015625
JVASP-12393,59.4,55.53125
JVASP-74722,69.6,65.5
JVASP-74897,13.65,12.03125
JVASP-101876,12.51,10.5078125
JVASP-64925,38.34,34.03125
JVASP-2478,36.58,39.53125
JVASP-110356,8.0,8.0859375
JVASP-48055,37.81,43.25
JVASP-28616,28.53,27.484375
JVASP-12503,9.21,9.3515625
JVASP-117627,-0.15,0.38989258
JVASP-118290,-19.21,-15.7265625
JVASP-19723,228.81,209.75
JVASP-2106,6.53,9.0
JVASP-105612,19.82,23.25
JVASP-117692,-1.75,-0.17810059
JVASP-25592,53.7,54.21875
JVASP-42004,66.56,67.5
JVASP-17240,-5.6,-4.1445312
JVASP-17531,18.16,22.5625
JVASP-17920,57.45,57.0
JVASP-41850,51.8,53.5625
JVASP-29011,4.57,2.9394531
JVASP-32164,23.79,26.296875
JVASP-69182,0.0,2.1894531
JVASP-74395,-0.13,-4.9257812
JVASP-18785,70.56,77.75
JVASP-14763,101.3,92.6875
JVASP-4948,22.68,13.8984375
JVASP-119916,68.97,67.0
JVASP-13315,6.61,11.0703125
JVASP-31167,14.95,13.859375
JVASP-1321,57.12,65.0625
JVASP-15698,45.57,46.15625
JVASP-29200,22.85,15.828125
JVASP-73699,56.88,58.59375
JVASP-11322,42.58,42.65625
JVASP-58347,43.59,39.8125
JVASP-9174,109.99,101.0625
JVASP-63770,50.7,54.5
JVASP-67854,10.98,11.9375
JVASP-116791,69.29,64.5
JVASP-57783,13.79,12.90625
JVASP-35691,43.94,42.96875
JVASP-36388,10.1,10.7109375
JVASP-106811,40.23,41.375
JVASP-90786,45.81,45.09375
JVASP-91764,11.84,13.828125
JVASP-62548,136.37,137.25
JVASP-36014,40.41,41.40625
JVASP-37014,15.96,15.234375
JVASP-21215,13.96,11.828125
JVASP-10916,40.45,40.65625
JVASP-18761,102.01,104.125
JVASP-71660,7.87,16.84375
JVASP-57779,49.59,54.46875
JVASP-91663,86.89,85.0625
JVASP-103268,0.0,-1.4394531
JVASP-121259,2.03,6.9375
JVASP-9731,66.64,61.34375
JVASP-65303,10.22,13.3984375
JVASP-62801,37.31,34.21875
JVASP-120353,13.36,12.1328125
JVASP-100174,33.98,24.328125
JVASP-115055,31.45,34.3125
JVASP-100464,131.71,117.25
JVASP-7842,99.61,100.0625
JVASP-64155,-2.56,-6.3164062
JVASP-75522,1.97,1.109375
JVASP-23491,66.58,77.75
JVASP-37135,28.81,24.0625
JVASP-86949,31.75,30.0625
JVASP-16509,31.71,29.59375
JVASP-36677,73.41,86.9375
JVASP-36215,28.84,44.0
JVASP-16501,32.13,32.9375
JVASP-36462,27.9,30.09375
JVASP-11948,-4.58,-7.3125
JVASP-35932,35.91,34.8125
JVASP-10156,76.77,80.0625
JVASP-66919,65.95,57.0
JVASP-51410,41.47,37.96875
JVASP-68573,0.0,5.6835938
JVASP-50266,47.5,41.0
JVASP-94369,22.11,15.2109375
JVASP-57630,9.04,8.3125
JVASP-2346,24.74,27.703125
JVASP-25330,26.47,28.375
JVASP-42717,35.37,35.8125
JVASP-116590,31.94,28.484375
JVASP-64602,-8.1,-3.4628906
JVASP-92719,59.73,70.375
JVASP-813,29.32,33.59375
JVASP-36352,37.02,34.0625
JVASP-18805,69.67,72.5625
JVASP-115540,12.81,15.078125
JVASP-118232,23.97,25.953125
JVASP-65449,16.79,14.1328125
JVASP-8033,111.04,105.375
JVASP-65432,29.61,28.5
JVASP-19735,209.78,224.125
JVASP-19357,62.6,57.8125
JVASP-79522,35.2,33.53125
JVASP-118835,8.14,11.703125
JVASP-5281,2.87,1.2275391
JVASP-8179,15.59,24.546875
JVASP-2121,109.05,122.375
JVASP-37474,12.02,9.609375
JVASP-35230,45.44,36.9375
JVASP-92673,19.63,22.484375
JVASP-110242,29.39,26.46875
JVASP-100817,20.98,20.3125
JVASP-121204,4.21,9.328125
JVASP-70619,-3.31,-5.3398438
JVASP-26326,41.49,36.15625
JVASP-71744,-15.57,-15.109375
JVASP-25146,18.1,21.40625
JVASP-36500,15.34,13.1640625
JVASP-65298,1.1,3.59375
JVASP-36277,46.38,43.125
JVASP-9791,78.78,78.0625
JVASP-91565,79.07,82.0625
JVASP-18621,32.74,33.40625
JVASP-37170,29.03,31.046875
JVASP-117805,8.21,6.9257812
JVASP-117568,10.69,8.671875
JVASP-37889,20.25,24.203125
JVASP-15506,101.23,91.1875
JVASP-68186,74.32,77.1875
JVASP-92192,85.04,74.5
JVASP-8006,504.1,448.25
JVASP-15055,16.38,17.875
JVASP-37482,15.09,9.609375
JVASP-10075,41.71,51.5625
JVASP-114289,-24.05,4.0507812
JVASP-115634,12.57,4.4140625
JVASP-71664,21.18,20.78125
JVASP-118415,-1.37,-0.7084961
JVASP-17712,-2.86,-3.4707031
JVASP-8079,46.48,40.125
JVASP-85348,26.37,28.109375
JVASP-5170,4.12,5.1367188
JVASP-1561,80.37,70.0
JVASP-90635,103.92,90.6875
JVASP-115236,80.66,66.4375
JVASP-9711,73.93,64.875
JVASP-40912,20.39,11.03125
JVASP-120182,11.45,8.3984375
JVASP-48608,26.32,30.515625
JVASP-107226,36.23,37.125
JVASP-11314,34.31,29.5625
JVASP-14798,105.21,112.875
JVASP-52903,46.61,39.5625
JVASP-59667,99.02,93.875
JVASP-30466,9.65,17.71875
JVASP-12582,24.54,19.21875
JVASP-18958,67.0,58.78125
JVASP-14536,28.22,29.28125
JVASP-25177,15.14,15.296875
JVASP-12142,12.88,9.1015625
JVASP-69755,136.75,118.9375
JVASP-18855,37.74,38.34375
JVASP-35495,11.74,13.921875
JVASP-10914,77.58,65.25
JVASP-28568,35.7,36.46875
JVASP-95023,35.73,38.03125
JVASP-36469,26.16,26.515625
JVASP-16546,28.94,29.890625
JVASP-52797,81.32,77.8125
JVASP-91237,0.23,14.984375
JVASP-15973,54.73,43.90625
JVASP-311,112.57,97.0625
JVASP-99773,28.98,23.5
JVASP-36531,95.9,95.5
JVASP-57777,31.56,27.515625
JVASP-75644,-3.06,-2.0917969
JVASP-74902,20.48,14.3984375
JVASP-19976,70.64,60.53125
JVASP-107219,8.54,4.6523438
JVASP-65139,56.21,50.03125
JVASP-10138,15.11,15.6875
JVASP-93353,72.65,76.0625
JVASP-7923,46.68,39.6875
JVASP-81992,7.73,5.6484375
JVASP-35193,57.68,45.0
JVASP-78330,10.05,9.0
JVASP-67656,-0.37,0.984375
JVASP-119921,2.56,0.87402344
JVASP-75872,0.32,3.7675781
JVASP-35690,59.28,56.6875
JVASP-117642,7.23,2.4003906
JVASP-11509,33.63,31.40625
JVASP-17854,105.8,115.25
JVASP-8615,95.64,86.5625
JVASP-36402,61.64,60.25
JVASP-17752,11.2,9.0859375
JVASP-93895,105.9,93.1875
JVASP-75465,1.26,3.1699219
JVASP-115723,8.08,2.9765625
JVASP-50684,28.55,32.46875
JVASP-9589,31.76,29.234375
JVASP-54795,5.59,9.3203125
JVASP-114765,-3.51,-4.359375
JVASP-1088,57.78,51.40625
JVASP-69415,16.26,14.703125
JVASP-16444,34.66,32.875
JVASP-114389,57.89,62.46875
JVASP-65402,32.95,28.328125
JVASP-71201,44.79,38.375
JVASP-58260,13.23,25.0
JVASP-15032,86.0,92.5
JVASP-79182,25.99,25.609375
JVASP-15249,85.44,89.0625
JVASP-34350,33.96,30.546875
JVASP-19359,52.07,44.03125
JVASP-10222,75.91,64.9375
JVASP-40918,29.84,27.484375
JVASP-7846,13.13,9.5546875
JVASP-10105,20.17,20.34375
JVASP-19977,29.06,31.859375
JVASP-16753,62.81,71.4375
JVASP-122951,32.7,30.53125
JVASP-115364,7.99,11.0546875
JVASP-41067,74.3,63.375
JVASP-18063,21.92,10.3046875
JVASP-1711,25.22,23.421875
JVASP-25123,1.74,-0.45117188
JVASP-37727,26.16,27.796875
JVASP-70839,55.84,50.75
JVASP-28764,29.25,24.375
JVASP-18480,21.51,23.46875
JVASP-117855,8.31,8.0546875
JVASP-8201,41.37,35.5625
JVASP-94425,69.01,52.6875
JVASP-37391,31.5,33.25
JVASP-67442,61.48,70.125
JVASP-75876,0.32,-1.4619141
JVASP-29163,5.04,-1.0195312
JVASP-12912,17.27,17.671875
JVASP-15428,22.19,22.140625
JVASP-9115,19.74,22.75
JVASP-36932,40.52,30.296875
JVASP-20064,35.96,35.3125
JVASP-51427,29.48,25.140625
JVASP-35026,91.13,85.1875
JVASP-25812,33.74,28.75
JVASP-93503,14.81,8.328125
JVASP-116710,62.86,50.96875
JVASP-27032,31.39,34.34375
JVASP-114461,33.48,33.78125
JVASP-25609,21.56,16.203125
JVASP-16770,16.94,18.1875
JVASP-118429,17.05,16.546875
JVASP-25336,4.92,0.7128906
JVASP-21093,88.28,84.1875
JVASP-93220,86.06,81.0
JVASP-90606,7.34,4.7539062
JVASP-18925,127.12,138.875
JVASP-37122,56.07,64.5625
JVASP-57818,36.81,42.0625
JVASP-68549,39.83,38.9375
JVASP-14778,30.43,37.3125
JVASP-1879,80.39,97.6875
JVASP-65521,34.66,25.25
JVASP-11179,28.76,24.203125
JVASP-14654,54.36,60.53125
JVASP-115096,35.93,44.03125
JVASP-48549,30.71,31.421875
JVASP-14924,148.46,160.75
JVASP-39902,29.22,30.15625
JVASP-116557,33.36,31.53125
JVASP-14795,135.55,151.0
JVASP-115155,28.01,42.03125
JVASP-28993,2.22,4.4453125
JVASP-36395,25.44,22.90625
JVASP-17209,34.56,30.25
JVASP-93345,103.19,86.5625
JVASP-67779,0.0,11.125
JVASP-53411,31.91,29.1875
JVASP-39753,36.86,32.03125
JVASP-17498,21.76,19.90625
JVASP-40924,22.74,21.421875
JVASP-67783,34.45,38.90625
JVASP-86087,37.73,41.84375
JVASP-103320,10.93,4.7578125
JVASP-52376,8.17,5.6289062
JVASP-38425,20.8,19.953125
JVASP-71036,22.82,23.09375
JVASP-18638,25.2,22.703125
JVASP-26773,37.21,31.765625
JVASP-37387,41.34,40.53125
JVASP-106300,14.07,56.3125
JVASP-71369,27.56,21.171875
JVASP-14992,14.46,9.78125
JVASP-104923,102.06,97.8125
JVASP-35197,29.58,29.078125
JVASP-65509,18.63,12.921875
JVASP-25656,22.3,21.4375
JVASP-51238,-2.16,5.0976562
JVASP-112375,63.38,58.65625
JVASP-16682,22.15,20.609375
JVASP-67569,6.67,5.6953125
JVASP-7871,51.98,45.375
JVASP-120062,14.79,6.2148438
JVASP-41658,24.92,23.25
JVASP-15222,44.03,45.625
JVASP-41906,40.62,35.9375
JVASP-106714,33.5,27.234375
JVASP-70944,8.95,1.6953125
JVASP-18328,11.92,11.2890625
JVASP-69024,10.82,9.0703125
JVASP-8274,44.29,43.34375
JVASP-71988,36.59,40.46875
JVASP-111680,44.67,45.34375
JVASP-10667,45.21,41.625
JVASP-66475,-11.64,-14.9921875
JVASP-40767,58.72,55.90625
JVASP-25017,39.56,33.71875
JVASP-12577,18.01,12.3671875
JVASP-39293,2.68,4.5820312
JVASP-71864,22.31,21.484375
JVASP-12177,4.92,1.6796875
JVASP-15130,120.71,121.25
JVASP-114323,23.94,25.515625
JVASP-52514,28.27,18.59375
JVASP-18463,13.38,15.0546875
JVASP-10677,15.61,12.921875
JVASP-67594,0.0,7.8320312
JVASP-49843,32.02,31.734375
JVASP-20861,59.32,65.5
JVASP-71891,87.8,80.125
JVASP-65556,-9.44,-7.3632812
JVASP-65046,26.16,8.5859375
JVASP-14610,117.64,125.3125
JVASP-93473,88.84,89.0625
JVASP-5011,10.79,14.5
JVASP-115069,15.52,12.0390625
JVASP-85433,35.75,31.1875
JVASP-40654,20.87,21.125
JVASP-35746,22.05,19.34375
JVASP-25192,13.97,5.9804688
JVASP-71878,4.91,8.5
JVASP-18124,7.99,7.3007812
JVASP-74206,5.41,3.25
JVASP-10694,14.57,11.703125
JVASP-103168,-2.96,2.28125
JVASP-29869,95.35,98.4375
JVASP-122930,48.04,44.96875
JVASP-580,30.43,30.0625
JVASP-56861,19.27,22.84375
JVASP-30189,26.53,24.515625
JVASP-5809,21.33,24.40625
JVASP-29958,23.03,24.875
JVASP-29798,62.35,55.625
JVASP-28959,1.48,0.11450195
JVASP-12765,4.75,8.375
JVASP-39215,34.18,34.1875
JVASP-21514,79.31,79.1875
JVASP-9464,32.97,34.3125
JVASP-87060,49.32,46.375
JVASP-74227,0.85,7.171875
JVASP-18928,25.88,21.203125
JVASP-16338,39.09,42.21875
JVASP-117523,-0.74,5.171875
JVASP-69896,27.51,25.921875
JVASP-73888,17.74,18.328125
JVASP-36582,27.59,29.890625
JVASP-93227,19.39,20.53125
JVASP-67744,42.97,40.03125
JVASP-40248,28.94,29.71875
JVASP-24417,78.87,67.4375
JVASP-51123,-24.06,-19.375
JVASP-12701,40.33,46.4375
JVASP-17729,-8.2,-1.0615234
JVASP-98497,42.63,42.78125
JVASP-57036,37.61,36.53125
JVASP-78,28.91,25.53125
JVASP-14281,21.45,20.0625
JVASP-92601,116.88,99.125
JVASP-36115,32.42,29.09375
JVASP-12181,15.33,8.21875
JVASP-17204,33.08,33.90625
JVASP-65316,26.93,20.125
JVASP-111352,151.25,142.5
JVASP-120971,20.24,17.484375
JVASP-69803,66.67,58.0625
JVASP-38574,22.12,23.515625
JVASP-71810,36.93,47.53125
JVASP-36201,124.39,142.875
JVASP-14871,35.94,38.59375
JVASP-16929,40.86,46.8125
JVASP-62756,177.5,209.875
JVASP-16934,69.42,85.1875
JVASP-122941,40.06,39.78125
JVASP-12940,28.02,22.21875
JVASP-17837,71.31,76.0625
JVASP-13963,50.76,49.59375
JVASP-36961,11.53,13.140625
JVASP-11605,54.69,47.3125
JVASP-22633,190.76,222.25
JVASP-17902,55.61,55.65625
JVASP-60638,8.83,11.59375
JVASP-8681,81.67,82.3125
JVASP-38582,16.02,15.4140625
JVASP-70621,24.3,39.0
JVASP-39875,13.04,18.65625
JVASP-65155,29.98,50.71875
JVASP-9712,68.94,78.6875
JVASP-92612,79.12,92.4375
JVASP-39328,40.51,44.15625
JVASP-33820,4.9,6.6835938
JVASP-16250,27.85,29.890625
JVASP-67536,20.65,14.71875
JVASP-35421,44.63,42.875
JVASP-71227,17.39,18.5625
JVASP-118708,-8.03,-5.3828125
JVASP-106251,28.31,28.53125
JVASP-8280,28.29,26.96875
JVASP-90659,67.27,68.9375
JVASP-86789,13.91,13.046875
JVASP-114590,4.32,5.3554688
JVASP-35840,64.34,76.4375
JVASP-111709,0.67,25.140625
JVASP-118493,47.57,67.625
JVASP-122896,39.94,41.75
JVASP-114094,11.14,18.53125
JVASP-114618,17.39,21.296875
JVASP-17786,64.23,70.375
JVASP-19948,37.46,29.09375
JVASP-39345,24.2,29.828125
JVASP-14806,25.92,21.078125
JVASP-68217,36.76,27.5625
JVASP-12478,15.11,14.4140625
JVASP-15341,82.84,92.3125
JVASP-25879,18.13,17.265625
JVASP-85300,25.99,31.578125
JVASP-39440,11.13,11.5
JVASP-3537,21.75,23.0
JVASP-20061,23.56,25.203125
JVASP-3066,34.09,34.625
JVASP-69258,10.19,15.6171875
JVASP-39265,3.8,4.4140625
JVASP-18439,21.29,23.359375
JVASP-49864,68.27,76.0
JVASP-89269,66.28,72.625
JVASP-65721,34.98,31.75
JVASP-22558,34.95,45.65625
JVASP-8569,95.38,96.5625
JVASP-106034,55.63,62.5625
JVASP-74602,0.0,10.8359375
JVASP-120380,25.94,26.484375
JVASP-17553,49.04,54.21875
JVASP-542,28.35,28.640625
JVASP-74526,59.2,69.9375
JVASP-74633,58.01,59.40625
JVASP-39435,7.78,7.84375
JVASP-29786,22.49,19.9375
JVASP-93229,97.5,111.4375
JVASP-49923,34.83,46.1875
JVASP-12465,12.59,13.03125
JVASP-115438,-2.49,2.3203125
JVASP-67710,38.48,48.96875
JVASP-111723,27.42,33.84375
JVASP-98189,11.0,66.375
JVASP-54898,35.71,39.34375
JVASP-29007,2.23,7.1484375
JVASP-4969,-5.82,2.5742188
JVASP-104670,35.81,38.5
JVASP-64386,-2.72,-0.6298828
JVASP-21388,36.19,42.78125
JVASP-37032,71.76,74.1875
JVASP-42135,28.3,28.796875
JVASP-9161,34.96,30.109375
JVASP-36394,-24.12,-14.3359375
JVASP-13933,38.97,37.03125
JVASP-13822,13.93,17.78125
JVASP-35324,37.72,46.4375
JVASP-41264,21.5,23.109375
JVASP-10546,8.79,11.21875
JVASP-111326,59.97,66.375
JVASP-70317,35.15,39.03125
JVASP-16613,32.12,29.59375
JVASP-38317,-3.69,2.7675781
JVASP-18247,9.64,22.21875
JVASP-20965,83.36,93.4375
JVASP-15603,66.18,71.25
JVASP-121244,-6.96,-2.4296875
JVASP-30185,27.97,29.46875
JVASP-20616,27.56,29.34375
JVASP-66174,-12.26,-11.96875
JVASP-70581,51.24,46.125
JVASP-5785,74.29,75.375
JVASP-90874,13.46,27.96875
JVASP-75554,0.32,3.1835938
JVASP-14983,34.92,38.0
JVASP-118567,2.67,5.703125
JVASP-70665,18.01,17.765625
JVASP-16227,67.59,71.9375
JVASP-67840,-16.85,-1.9833984
JVASP-36822,14.17,13.015625
JVASP-32394,13.45,17.0625
JVASP-117773,1.11,6.5234375
JVASP-93432,15.31,15.3046875
JVASP-114320,0.01,1.1748047
JVASP-8132,90.19,85.875
JVASP-92569,39.0,39.0
JVASP-8815,56.94,67.4375
JVASP-56659,27.22,27.1875
JVASP-89922,45.67,51.09375
JVASP-118686,-22.3,-13.5703125
JVASP-5812,6.05,5.5117188
JVASP-64578,-3.04,-2.5683594
JVASP-74753,14.73,15.9609375
JVASP-39584,57.35,67.8125
JVASP-16856,58.19,57.59375
JVASP-50902,121.04,135.375
JVASP-88234,27.05,28.921875
JVASP-35016,38.67,39.03125
JVASP-19870,110.46,133.125
JVASP-81829,55.96,57.3125
JVASP-111504,0.0,13.5859375
JVASP-27144,32.37,37.9375
JVASP-92698,-6.03,11.40625
JVASP-30062,31.38,32.90625
JVASP-40834,-7.38,-0.7783203
JVASP-71624,27.54,25.8125
JVASP-91895,20.29,25.40625
JVASP-22691,14.26,14.1328125
JVASP-118939,-11.99,-10.515625
JVASP-17170,35.74,41.3125
JVASP-51459,39.22,47.25
JVASP-8020,56.93,54.0625
JVASP-50865,18.21,15.2421875
JVASP-849,4.22,5.0195312
JVASP-54991,0.4,90.375
JVASP-32154,23.19,24.9375
JVASP-69905,-14.64,-15.0703125
JVASP-57181,33.72,32.375
JVASP-34267,49.52,52.75
JVASP-14496,93.65,94.125
JVASP-2634,65.47,78.375
JVASP-105773,37.2,31.8125
JVASP-57323,47.89,46.53125
JVASP-21606,9.7,13.46875
JVASP-116292,-2.21,-0.20336914
JVASP-64880,52.94,60.875
JVASP-92701,32.87,29.671875
JVASP-54989,47.36,50.0625
JVASP-75794,20.86,21.4375
JVASP-78566,30.19,31.75
JVASP-102148,28.28,26.8125
JVASP-111668,119.07,129.5
JVASP-2020,9.45,8.9609375
JVASP-75685,2.0,0.1315918
JVASP-69125,-0.82,-1.3251953
JVASP-37048,21.44,20.71875
JVASP-15087,22.6,20.703125
JVASP-115294,92.2,112.375
JVASP-15380,107.99,121.1875
JVASP-16674,53.87,53.65625
JVASP-10226,10.9,13.5859375
JVASP-120297,8.81,6.6015625
JVASP-9289,9.86,20.828125
JVASP-100646,66.86,65.5
JVASP-68432,63.05,59.53125
JVASP-121004,-1.87,-1.5117188
JVASP-11371,46.8,51.9375
JVASP-3738,24.51,25.0
JVASP-111020,34.52,33.875
JVASP-9432,58.03,73.6875
JVASP-8098,13.26,13.0078125
JVASP-12359,24.42,24.96875
JVASP-39833,32.26,36.125
JVASP-12927,17.91,23.9375
JVASP-22720,19.08,17.96875
JVASP-66794,40.57,40.3125
JVASP-16896,0.0,-1.6347656
JVASP-101565,84.97,104.1875
JVASP-114578,29.77,29.875
JVASP-12497,45.78,47.375
JVASP-104624,17.91,19.140625
JVASP-2448,16.17,17.734375
JVASP-17632,71.88,85.25
JVASP-90736,3.12,0.026260376
JVASP-59139,86.68,83.875
JVASP-173,5.61,3.7050781
JVASP-28556,33.1,33.28125
JVASP-117975,14.49,23.765625
JVASP-24944,30.19,34.03125
JVASP-56879,75.96,87.4375
JVASP-12365,27.49,21.828125
JVASP-102099,23.3,28.265625
JVASP-10291,8.82,9.046875
JVASP-16774,26.01,25.453125
JVASP-9727,9.07,10.0625
JVASP-35497,82.17,100.9375
JVASP-35757,-10.42,-9.6171875
JVASP-99392,29.11,26.890625
JVASP-99694,27.58,31.796875
JVASP-44558,14.51,19.265625
JVASP-28369,23.57,20.078125
JVASP-18140,5.48,6.484375
JVASP-36622,123.22,130.25
JVASP-53563,47.27,49.34375
JVASP-81247,29.63,29.875
JVASP-15754,26.44,26.953125
JVASP-28946,4.31,4.6875
JVASP-8506,17.53,13.578125
JVASP-115599,7.21,8.2109375
JVASP-91591,56.03,61.8125
JVASP-20641,101.28,116.875
JVASP-40296,24.54,24.21875
JVASP-114029,1.86,5.9023438
JVASP-10199,57.64,60.3125
JVASP-12609,47.4,48.78125
JVASP-19763,24.96,22.125
JVASP-10139,19.05,18.203125
JVASP-23841,82.53,91.625
JVASP-11560,19.71,20.515625
JVASP-68068,74.29,72.0
JVASP-117595,5.83,6.5390625
JVASP-28814,24.37,14.671875
JVASP-54897,23.36,28.5
JVASP-17927,25.86,31.84375
JVASP-67082,56.91,65.125
JVASP-10994,14.95,18.21875
JVASP-35827,20.35,24.953125
JVASP-116408,-16.92,-9.9765625
JVASP-3819,9.89,8.125
JVASP-90358,22.15,18.765625
JVASP-71199,0.0,1.6445312
JVASP-50046,36.73,43.84375
JVASP-18485,17.96,22.3125
JVASP-117538,20.67,22.0
JVASP-47439,48.9,52.78125
JVASP-2949,28.21,32.59375
JVASP-79923,123.58,130.875
JVASP-22610,16.2,16.484375
JVASP-29160,2.89,7.8125
JVASP-21582,61.49,64.125
JVASP-15580,72.24,80.8125
JVASP-36015,40.8,44.59375
JVASP-12310,21.21,21.5625
JVASP-72214,35.29,38.53125
JVASP-15349,55.22,54.46875
JVASP-16670,37.17,50.8125
JVASP-14949,25.6,30.921875
JVASP-79816,86.62,104.875
JVASP-51702,15.18,19.234375
JVASP-15024,48.37,49.78125
JVASP-40801,15.86,24.234375
JVASP-71519,54.5,65.0
JVASP-40786,-4.14,3.5957031
JVASP-106268,18.37,19.71875
JVASP-36362,14.64,17.75
JVASP-71057,0.0,9.1796875
JVASP-116074,8.21,15.5
JVASP-7902,33.77,23.21875
JVASP-118891,15.21,18.296875
JVASP-46084,45.69,50.8125
JVASP-71413,0.0,3.3964844
JVASP-36823,20.18,24.28125
JVASP-9840,0.0,50.28125
JVASP-91757,31.5,37.875
JVASP-102668,18.33,17.609375
JVASP-43671,76.15,92.75
JVASP-10066,109.27,121.25
JVASP-92255,82.94,80.125
JVASP-57876,164.76,173.0
JVASP-117621,-10.97,-13.109375
JVASP-67188,13.07,38.84375
JVASP-70873,42.86,47.1875
JVASP-20481,86.63,107.4375
JVASP-67202,23.19,28.84375
JVASP-44770,84.71,115.3125
JVASP-42941,49.17,57.4375
JVASP-94371,14.03,14.578125
JVASP-64205,-0.8,1.0322266
JVASP-64840,1.24,0.79296875
JVASP-117857,-0.16,-2.1699219
JVASP-75573,17.34,21.875
JVASP-9548,35.89,34.125
JVASP-115726,8.85,10.890625
JVASP-10187,39.62,42.875
JVASP-70842,26.46,32.46875
JVASP-9922,83.56,94.25
JVASP-65421,27.71,30.234375
JVASP-8325,31.78,41.25
JVASP-120157,5.31,10.8671875
JVASP-115671,22.29,27.484375
JVASP-118690,12.07,14.84375
JVASP-118056,9.39,10.078125
JVASP-29345,10.43,10.078125
JVASP-1067,22.6,28.90625
JVASP-19672,35.7,44.90625
JVASP-85133,47.46,52.78125
JVASP-117606,1.22,4.59375
JVASP-100595,60.42,75.4375
JVASP-110,97.22,104.4375
JVASP-11344,-6.9,-15.8125
JVASP-9591,19.28,21.546875
JVASP-93297,51.07,54.09375
JVASP-14582,33.02,46.9375
JVASP-85704,5.49,9.015625
JVASP-8770,9.09,11.609375
JVASP-92586,13.86,20.140625
JVASP-18655,20.84,28.96875
JVASP-15989,81.58,88.5
JVASP-19683,26.98,29.0625
JVASP-17963,26.36,32.125
JVASP-115610,13.01,19.21875
JVASP-65634,29.65,27.28125
JVASP-87124,61.77,58.5625
JVASP-10034,54.54,56.125
JVASP-122918,9.26,17.515625
JVASP-22536,43.67,46.3125
JVASP-22594,24.11,29.953125
JVASP-40498,37.84,40.0625
JVASP-25168,11.79,13.875
JVASP-12172,14.23,16.46875
JVASP-25061,20.72,11.4296875
JVASP-85738,37.39,36.40625
JVASP-66619,-2.0,4.3476562
JVASP-107213,-2.45,9.0078125
JVASP-40778,17.8,20.234375
JVASP-70774,13.28,19.125
JVASP-122938,39.82,32.84375
JVASP-50788,60.37,76.0625
JVASP-64212,-7.94,6.0390625
JVASP-118706,-4.49,-4.421875
JVASP-75493,2.01,4.703125
JVASP-40635,54.6,61.8125
JVASP-13843,54.05,65.0625
JVASP-37244,37.05,34.0625
JVASP-28456,24.57,24.125
JVASP-17445,40.43,42.875
JVASP-29533,9.25,14.7265625
JVASP-39151,38.8,42.6875
JVASP-91631,44.68,41.53125
JVASP-106241,23.89,24.09375
JVASP-41168,67.91,95.5625
JVASP-40772,40.82,38.09375
JVASP-121123,7.75,11.546875
JVASP-115995,3.65,6.8710938
JVASP-38303,12.78,11.09375
JVASP-28717,23.89,28.90625
JVASP-79627,3.11,3.9609375
JVASP-40565,10.38,14.953125
JVASP-3240,27.05,31.0
JVASP-16545,76.88,101.1875
JVASP-65010,-4.68,5.9375
JVASP-118836,7.93,11.6640625
JVASP-90718,22.71,22.21875
JVASP-110049,19.85,20.5625
JVASP-70279,24.79,27.828125
JVASP-100643,36.54,41.25
JVASP-37390,44.91,45.84375
JVASP-15335,55.33,55.90625
JVASP-15519,79.89,86.875
JVASP-39091,9.62,15.78125
JVASP-54573,23.96,26.0
JVASP-36291,-19.99,-11.1875
JVASP-118276,12.47,11.4765625
JVASP-117693,22.47,23.96875
JVASP-103065,25.07,26.40625
JVASP-11994,64.12,74.5
JVASP-50035,86.81,99.25
JVASP-117555,7.85,9.5
JVASP-40504,62.48,66.625
JVASP-43958,33.07,29.5
JVASP-81,21.14,24.109375
JVASP-17841,99.82,91.5625
JVASP-25171,504.1,386.5
JVASP-21680,14.2,11.546875
JVASP-20086,109.52,99.25
JVASP-65122,13.2,9.9765625
JVASP-115298,7.49,9.6953125
JVASP-113784,32.6,26.828125
JVASP-119965,2.19,-1.6796875
JVASP-16572,11.9,8.578125
JVASP-25065,5.95,3.4667969
JVASP-15567,-0.88,1.5966797
JVASP-71330,16.44,16.90625
JVASP-18231,173.18,143.25
JVASP-36636,125.04,97.0
JVASP-65633,12.5,0.42919922
JVASP-10671,72.24,68.375
JVASP-111849,73.65,78.5625
JVASP-20379,67.53,59.5625
JVASP-17637,45.04,43.5625
JVASP-18499,101.95,90.6875
JVASP-7686,15.82,9.453125
JVASP-20422,48.91,51.125
JVASP-8345,148.84,111.0
JVASP-14901,41.04,26.0625
JVASP-116383,17.29,18.6875
JVASP-70463,72.23,62.96875
JVASP-121003,97.46,72.5
JVASP-916,32.5,28.609375
JVASP-23437,38.09,28.484375
JVASP-34245,11.15,11.8359375
JVASP-22718,17.47,14.3984375
JVASP-14147,55.4,36.3125
JVASP-28657,25.64,8.5703125
JVASP-51406,11.79,4.9804688
JVASP-101537,8.33,-1.0986328
JVASP-39085,36.4,31.53125
JVASP-99608,4.32,2.2636719
JVASP-65670,1.52,-1.2919922
JVASP-25184,-2.88,-3.6230469
JVASP-69601,13.75,11.0390625
JVASP-28466,2.25,28.296875
JVASP-26360,43.97,38.75
JVASP-102982,23.48,21.265625
JVASP-40837,-10.24,-11.578125
JVASP-16386,14.5,11.21875
JVASP-30478,38.08,32.4375
JVASP-106198,88.13,88.5
JVASP-22589,32.14,25.9375
JVASP-114639,21.15,17.84375
JVASP-8339,7.35,5.3046875
JVASP-9726,53.51,52.5625
JVASP-86791,9.55,9.3125
JVASP-9686,110.99,92.9375
JVASP-16139,111.01,110.75
JVASP-94296,138.25,88.5
JVASP-65771,0.0,10.7109375
JVASP-39198,75.28,64.0
JVASP-20218,15.87,7.2851562
JVASP-42057,23.3,19.28125
JVASP-901,216.96,203.5
JVASP-115424,35.31,29.328125
JVASP-35189,89.24,74.75
JVASP-13162,41.93,33.0
JVASP-94340,78.09,66.75
JVASP-20803,160.61,130.0
JVASP-591,28.54,31.609375
JVASP-92589,51.96,48.25
JVASP-62276,73.76,62.25
JVASP-74219,0.09,2.2753906
JVASP-20436,104.99,91.875
JVASP-68984,0.04,-0.8798828
JVASP-120377,14.79,13.6953125
JVASP-9543,45.8,37.5
JVASP-12957,8.83,6.546875
JVASP-54710,8.97,7.4960938
JVASP-20488,18.58,17.765625
JVASP-102283,16.89,13.7265625
JVASP-8073,37.44,34.46875
JVASP-16772,0.4,-2.5703125
JVASP-9716,25.65,28.046875
JVASP-21666,71.77,60.15625
JVASP-32345,8.07,7.7421875
JVASP-100170,56.03,49.03125
JVASP-43066,76.21,57.6875
JVASP-69348,17.66,12.15625
JVASP-22686,16.64,11.84375
JVASP-19923,9.6,13.59375
JVASP-111005,10.43,7.2382812
JVASP-15366,14.9,12.03125
JVASP-8216,35.03,32.1875
JVASP-16693,38.31,31.703125
JVASP-36148,97.61,87.0625
JVASP-51223,27.1,32.78125
JVASP-15526,100.27,90.4375
JVASP-52016,-10.93,-15.984375
JVASP-14720,0.22,4.0507812
JVASP-62986,40.17,36.3125
JVASP-17679,68.57,62.0
JVASP-37061,96.11,89.125
JVASP-18021,27.25,25.734375
JVASP-102466,25.6,18.609375
JVASP-39985,65.48,70.3125
JVASP-13004,27.0,22.765625
JVASP-51669,10.7,11.796875
JVASP-14683,68.67,57.125
JVASP-10490,65.42,54.8125
JVASP-18403,-15.7,-17.15625
JVASP-14156,35.89,35.875
JVASP-20588,67.0,62.65625
JVASP-35835,18.09,20.265625
JVASP-2193,89.37,82.125
JVASP-115665,11.79,6.0546875
JVASP-41210,70.02,66.3125
JVASP-115418,13.96,10.3359375
JVASP-40381,34.32,32.875
JVASP-9481,72.63,54.15625
JVASP-2325,12.28,15.6640625
JVASP-19896,166.1,139.875
JVASP-52341,14.59,18.40625
JVASP-44766,53.76,44.84375
JVASP-22147,18.49,23.015625
JVASP-95048,101.23,86.9375
JVASP-29546,12.05,8.765625
JVASP-65606,7.95,7.0351562
JVASP-116389,17.77,16.609375
JVASP-7791,52.65,47.0625
JVASP-36535,-19.86,-6.953125
JVASP-85207,56.59,49.3125
JVASP-91945,13.9,13.171875
JVASP-14235,19.36,19.65625
JVASP-38864,37.18,35.46875
JVASP-28345,56.48,43.0
JVASP-14984,63.46,61.09375
JVASP-74732,10.56,7.6171875
JVASP-12424,62.43,61.3125
JVASP-119949,5.8,4.078125
JVASP-100535,49.7,45.71875
JVASP-92169,131.22,141.125
JVASP-67166,3.61,7.1992188
JVASP-11082,87.57,95.75
JVASP-18542,61.36,55.25
JVASP-118266,28.89,34.0
JVASP-117771,1.42,5.7109375
JVASP-67349,0.0,1.6787109
JVASP-35250,-4.26,8.6796875
JVASP-66863,26.85,28.0625
JVASP-52250,26.69,24.765625
JVASP-100385,77.62,73.4375
JVASP-85032,95.17,87.875
JVASP-90572,42.12,36.53125
JVASP-25132,64.91,58.5
JVASP-99603,83.35,87.4375
JVASP-94962,32.75,26.046875
JVASP-91808,7.82,13.7578125
JVASP-109582,-3.38,-5.453125
JVASP-74545,25.7,23.875
JVASP-109083,17.73,16.0625
JVASP-1330,234.6,220.125
JVASP-22674,13.56,16.515625
JVASP-35512,84.04,91.75
JVASP-8227,103.87,118.625
JVASP-1993,10.9,14.21875
JVASP-104942,40.81,33.34375
JVASP-25094,4.51,7.3164062
JVASP-40515,6.9,5.2460938
JVASP-64899,-7.55,-5.5234375
JVASP-35846,48.99,47.0625
JVASP-9407,53.56,58.9375
JVASP-12930,28.41,28.828125
JVASP-1109,21.34,21.625
JVASP-68933,45.51,42.75
JVASP-41891,40.74,39.96875
JVASP-21625,54.54,50.09375
JVASP-20580,86.66,89.375
JVASP-70618,69.07,61.84375
JVASP-21025,35.33,34.65625
JVASP-72739,98.98,91.8125
JVASP-107197,57.14,44.40625
JVASP-93278,112.11,110.0
JVASP-35531,28.07,22.40625
JVASP-38267,36.45,36.3125
JVASP-89946,29.55,28.953125
JVASP-2781,35.25,29.1875
JVASP-118434,8.4,6.7734375
JVASP-14751,47.05,43.125
JVASP-9987,87.92,92.1875
JVASP-11947,116.92,118.375
JVASP-85701,11.63,7.515625
JVASP-107008,59.3,53.25
JVASP-116338,-12.57,-3.3691406
JVASP-90545,38.17,38.125
JVASP-67734,44.17,45.5
JVASP-94299,29.45,39.25
JVASP-48573,50.39,44.125
JVASP-55226,72.83,70.125
JVASP-35720,41.94,36.90625
JVASP-12188,15.19,16.390625
JVASP-10721,22.24,19.375
JVASP-62775,0.0,-2.7226562
JVASP-1600,57.47,57.125
JVASP-9520,64.09,63.03125
JVASP-89324,58.78,55.84375
JVASP-12585,37.02,29.9375
JVASP-118402,66.32,55.34375
JVASP-1351,51.42,39.5625
JVASP-1795,54.43,54.34375
JVASP-30519,17.12,21.828125
JVASP-1912,40.73,36.71875
JVASP-35689,105.53,93.875
JVASP-92761,68.44,69.25
JVASP-68078,19.03,17.09375
JVASP-25143,6.45,11.3828125
JVASP-9271,-3.96,-2.1171875
JVASP-20470,18.44,21.234375
JVASP-15632,83.58,87.6875
JVASP-86700,25.54,23.578125
JVASP-91366,106.87,114.8125
JVASP-122995,77.72,84.4375
JVASP-14673,1.5,12.078125
JVASP-38925,40.65,39.6875
JVASP-8070,31.95,30.65625
JVASP-1462,32.27,29.171875
JVASP-9456,43.74,38.0625
JVASP-53535,36.99,33.46875
JVASP-70980,33.33,34.1875
JVASP-9286,38.21,33.3125
JVASP-33415,11.33,11.4453125
JVASP-115385,-2.45,-0.4946289
JVASP-16223,50.84,41.03125
JVASP-114253,24.57,26.28125
JVASP-118239,12.54,14.7109375
JVASP-36309,53.45,44.84375
JVASP-9981,54.42,45.28125
JVASP-20586,67.17,66.1875
JVASP-102198,12.57,16.28125
JVASP-36527,60.2,57.84375
JVASP-12036,14.44,12.4140625
JVASP-74579,2.46,5.4921875
JVASP-15049,-9.26,-4.5429688
JVASP-17500,21.2,20.125
JVASP-120940,2.03,8.8671875
JVASP-110428,-12.32,-14.0390625
JVASP-15849,57.66,53.53125
JVASP-30347,20.15,18.046875
JVASP-114595,5.61,3.6835938
JVASP-103371,88.14,86.375
JVASP-93234,83.26,95.875
JVASP-18817,17.54,17.453125
JVASP-70929,0.0,-4.828125
JVASP-9926,13.31,7.8164062
JVASP-16218,106.52,103.3125
JVASP-107516,25.88,24.828125
JVASP-92741,3.96,6.140625
JVASP-13857,2.25,29.390625
JVASP-36024,76.8,62.09375
JVASP-114757,13.79,15.046875
JVASP-103496,83.62,78.375
JVASP-13355,27.37,24.234375
JVASP-11970,110.54,109.1875
JVASP-14857,45.41,41.8125
JVASP-102964,12.83,12.71875
JVASP-120287,-0.83,-0.48657227
JVASP-8038,68.39,58.4375
JVASP-114971,226.35,201.125
JVASP-35891,42.74,37.6875
JVASP-15224,109.24,98.3125
JVASP-68514,55.41,54.75
JVASP-28990,5.85,5.046875
JVASP-54964,6.99,7.4375
JVASP-114584,-0.67,-1.140625
JVASP-8302,29.7,27.921875
JVASP-10145,33.24,37.0
JVASP-113734,63.85,59.78125
JVASP-25149,62.35,60.34375
JVASP-17547,48.95,49.75
JVASP-2154,39.63,37.34375
JVASP-35777,23.76,3.4335938
JVASP-89933,87.15,80.625
JVASP-53146,6.97,5.4296875
JVASP-101439,72.62,72.375
JVASP-40594,13.4,13.953125
JVASP-16781,163.14,144.0
JVASP-78564,32.09,29.953125
JVASP-35802,10.61,6.0
JVASP-4636,21.24,7.7382812
JVASP-75781,0.28,0.27734375
JVASP-326,27.56,24.875
JVASP-51376,8.86,9.90625
JVASP-85627,37.15,30.875
JVASP-21795,16.76,23.296875
JVASP-70418,41.75,40.125
JVASP-65696,-1.5,-1.6103516
JVASP-12730,60.12,59.5625
JVASP-28557,43.29,42.96875
JVASP-17682,24.76,19.25
JVASP-115050,9.61,13.8125
JVASP-69566,100.84,95.75
JVASP-106220,0.52,8.390625
JVASP-20308,0.3,-2.3515625
JVASP-14002,83.37,68.6875
JVASP-14701,69.51,65.625
JVASP-38082,12.88,7.6679688
JVASP-85920,40.58,37.21875
JVASP-56484,13.94,12.078125
JVASP-114581,1.14,3.8027344
JVASP-1843,28.97,27.625
JVASP-28943,4.42,5.6757812
JVASP-120022,-16.3,-14.09375
JVASP-17741,17.08,16.40625
JVASP-44480,15.0,23.890625
JVASP-8149,8.16,8.125
JVASP-36295,145.4,154.25
JVASP-28625,28.39,21.75
JVASP-78629,60.2,50.25
JVASP-38031,36.0,35.25
JVASP-15253,89.28,76.5625
JVASP-121267,19.49,15.859375
JVASP-86810,5.53,6.296875
JVASP-116046,14.35,10.6328125
JVASP-12731,14.14,11.9453125
JVASP-22572,30.84,24.25
JVASP-21716,83.1,78.75
JVASP-117480,0.45,8.6640625
JVASP-10962,24.68,26.078125
JVASP-120220,11.03,9.125
JVASP-115440,6.49,5.625
JVASP-115872,9.25,7.4375
JVASP-71139,51.21,50.03125
JVASP-51023,12.83,18.015625
JVASP-56327,29.36,26.1875
JVASP-18171,52.95,44.0
JVASP-15310,79.53,76.8125
JVASP-22735,19.24,16.390625
JVASP-16057,37.79,32.8125
JVASP-71092,33.97,28.859375
JVASP-17806,50.31,49.96875
JVASP-25379,1.22,-0.14477539
JVASP-85176,41.23,36.28125
JVASP-36365,25.76,28.234375
JVASP-38839,40.0,38.8125
JVASP-71765,90.59,81.0
JVASP-14970,169.63,155.25
JVASP-9409,110.65,110.4375
JVASP-22901,36.63,34.78125
JVASP-65542,20.92,19.921875
JVASP-54507,20.95,17.625
JVASP-99806,34.32,39.09375
JVASP-18957,55.21,42.34375
JVASP-101872,22.49,19.328125
JVASP-70751,22.81,23.28125
JVASP-74711,44.6,44.875
JVASP-65591,10.26,7.8320312
JVASP-118602,13.04,10.1484375
JVASP-36810,7.68,9.625
JVASP-87081,21.66,18.796875
JVASP-37080,28.55,27.1875
JVASP-29700,12.89,5.3710938
JVASP-66799,45.78,42.28125
JVASP-50255,53.65,55.53125
JVASP-15837,77.2,68.0625
JVASP-122933,29.82,26.890625
JVASP-18457,258.96,269.0
JVASP-44793,38.92,31.125
JVASP-50826,27.74,26.625
JVASP-40466,118.3,115.8125
JVASP-9644,22.29,26.703125
JVASP-15343,39.62,39.5
JVASP-116367,15.64,12.1640625
JVASP-16244,40.13,38.1875
JVASP-38496,25.21,25.515625
JVASP-40366,35.98,40.1875
JVASP-20433,61.49,58.4375
JVASP-54542,42.13,44.03125
JVASP-14590,50.93,43.96875
JVASP-19766,73.26,78.5625
JVASP-117495,3.91,3.4746094
JVASP-115612,9.57,12.40625
JVASP-10974,3.53,6.0195312
JVASP-92646,46.38,38.40625
JVASP-100454,74.57,75.8125
JVASP-43948,21.89,17.984375
JVASP-39212,27.31,29.953125
JVASP-61484,73.77,75.4375
JVASP-105372,59.11,62.0
JVASP-121082,35.78,38.84375
JVASP-25358,143.75,132.25
JVASP-8036,25.42,29.03125
JVASP-115926,3.75,15.484375
JVASP-18122,30.42,29.65625
JVASP-34676,29.55,40.53125
JVASP-70436,43.63,47.375
JVASP-117935,23.16,19.140625
JVASP-87166,62.82,66.5
JVASP-86106,22.25,19.3125
JVASP-116466,29.77,29.015625
JVASP-120316,-15.83,-12.6640625
JVASP-30167,19.3,23.375
JVASP-40494,43.35,39.78125
JVASP-35357,37.95,29.25
JVASP-20499,29.73,25.9375
JVASP-120305,132.94,108.875
JVASP-74466,12.51,13.515625
JVASP-51300,5.36,8.59375
JVASP-39349,54.36,51.5
JVASP-117037,87.11,84.5
JVASP-16564,174.95,191.0
JVASP-75544,-11.14,-13.46875
JVASP-25409,-16.16,-13.859375
JVASP-15056,31.62,29.25
JVASP-16405,44.19,42.59375
JVASP-103216,10.59,9.5625
JVASP-38217,3.63,2.78125
JVASP-18910,42.02,53.40625
JVASP-8779,41.17,36.71875
JVASP-75611,44.12,43.09375
JVASP-18643,26.9,24.640625
JVASP-30637,27.15,28.015625
JVASP-114487,-2.27,-2.3007812
JVASP-14204,6.97,11.609375
JVASP-10037,99.24,84.4375
JVASP-99913,50.2,49.1875
JVASP-20541,25.19,24.265625
JVASP-13795,36.29,36.84375
JVASP-10980,64.17,65.5625
JVASP-93834,35.14,33.125
JVASP-100969,41.92,45.84375
JVASP-15082,31.07,30.140625
JVASP-16340,28.54,28.46875
JVASP-18523,27.6,24.03125
JVASP-68902,46.68,45.03125
JVASP-28457,12.19,26.46875
JVASP-20089,17.74,47.875
JVASP-12162,7.01,4.5117188
JVASP-9512,36.58,41.15625
JVASP-37523,22.46,20.71875
JVASP-21781,52.61,58.0625
JVASP-10220,77.67,77.25
JVASP-75557,1.97,3.2285156
JVASP-20528,40.03,41.25
JVASP-37038,66.96,74.9375
JVASP-106380,127.65,153.875
JVASP-35199,53.17,58.90625
JVASP-89919,46.03,43.375
JVASP-117811,4.03,2.0136719
JVASP-28942,5.67,4.5859375
JVASP-19974,50.98,48.6875
JVASP-11815,35.04,35.78125
JVASP-20388,50.36,51.375
JVASP-36366,26.48,33.21875
JVASP-86502,71.64,78.0
JVASP-115439,4.5,1.9345703
JVASP-42261,49.07,60.625
JVASP-85552,18.37,22.109375
JVASP-39037,19.9,27.234375
JVASP-36881,9.72,6.6132812
JVASP-68723,-0.01,7.1757812
JVASP-118275,1.57,2.9648438
JVASP-15600,91.03,87.25
JVASP-100047,68.69,75.5
JVASP-20289,51.53,47.65625
JVASP-85500,27.57,24.921875
JVASP-110003,10.55,11.1171875
JVASP-46076,57.7,53.84375
JVASP-46005,78.24,87.4375
JVASP-19858,31.22,31.59375
JVASP-120160,26.31,32.125
JVASP-35166,56.1,50.875
JVASP-3783,27.1,26.90625
JVASP-30656,25.65,25.46875
JVASP-30040,13.44,8.9296875
JVASP-61260,107.53,84.375
JVASP-117549,1.2,5.9414062
JVASP-65143,79.72,71.125
JVASP-51398,14.25,13.5625
JVASP-75831,24.18,7.3046875
JVASP-51361,60.95,64.375
JVASP-5485,9.37,8.2734375
JVASP-114703,5.9,6.5859375
JVASP-16704,33.54,32.59375
JVASP-16073,26.82,28.375
JVASP-1774,18.54,19.515625
JVASP-17827,46.35,36.96875
JVASP-4507,11.43,10.328125
JVASP-42701,99.59,110.0
JVASP-116538,105.68,118.875
JVASP-963,51.58,55.09375
JVASP-114729,8.28,11.7734375
JVASP-40424,98.0,101.6875
JVASP-36648,23.22,26.671875
JVASP-52630,5.37,7.0703125
JVASP-41460,14.72,14.546875
JVASP-75625,7.2,11.9609375
JVASP-71320,0.0,1.7451172
JVASP-118272,-7.17,-0.7817383
JVASP-68298,29.75,31.28125
JVASP-14843,19.99,22.5
JVASP-100038,24.55,23.421875
JVASP-120023,-0.23,1.9199219
JVASP-22694,53.28,57.5625
JVASP-18262,14.45,15.3125
JVASP-25009,25.11,22.359375
JVASP-101162,35.28,37.3125
JVASP-91849,29.53,27.03125
JVASP-1969,40.59,40.0625
JVASP-15845,15.92,12.1875
JVASP-66378,-12.14,-16.203125
JVASP-29024,17.35,16.46875
JVASP-70251,14.96,18.421875
JVASP-40776,57.06,56.1875
JVASP-100067,38.87,31.828125
JVASP-115210,11.83,18.25
JVASP-114080,0.73,1.0488281
JVASP-66040,-4.1,-1.5478516
JVASP-39989,73.92,60.5625
JVASP-118229,23.39,23.0
JVASP-120092,-3.63,0.9658203
JVASP-26405,41.37,46.25
JVASP-10244,19.47,22.640625
JVASP-115752,27.45,24.890625
JVASP-15566,84.99,81.8125
JVASP-95288,17.22,18.359375
JVASP-39243,4.42,3.3046875
JVASP-35179,15.11,15.015625
JVASP-13012,21.11,18.859375
JVASP-115406,37.99,29.328125
JVASP-38367,-10.3,-14.078125
JVASP-11823,49.9,56.0625
JVASP-22421,20.94,23.015625
JVASP-9368,37.11,35.59375
JVASP-38146,30.24,29.5625
JVASP-109617,-23.73,-10.484375
JVASP-73929,28.85,23.796875
JVASP-68076,21.03,15.515625
JVASP-85283,4.05,8.9453125
JVASP-50345,41.77,47.28125
JVASP-15242,77.64,83.3125
JVASP-100334,19.49,12.6328125
JVASP-115181,51.05,62.9375
JVASP-16348,4.29,3.8613281
JVASP-40901,32.61,21.3125
JVASP-14652,120.18,127.5
JVASP-67052,11.84,11.7734375
JVASP-120874,-8.57,-8.296875
JVASP-40429,10.17,6.4921875
JVASP-121006,3.66,7.8085938
JVASP-100001,58.35,62.15625
JVASP-93869,216.47,200.875
JVASP-10884,13.9,11.9375
JVASP-11150,114.14,102.4375
JVASP-39471,165.17,164.25
JVASP-121059,33.19,35.15625
JVASP-30178,40.94,43.46875
JVASP-22528,15.28,17.09375
JVASP-100610,22.29,9.8828125
JVASP-22904,22.06,25.328125
JVASP-26419,39.89,38.5
JVASP-94916,48.66,50.75
JVASP-33950,32.56,32.625
JVASP-67748,99.46,88.1875
JVASP-116151,25.33,22.6875
JVASP-105980,36.92,34.40625
JVASP-79062,6.81,6.6992188
JVASP-40304,20.92,22.71875
JVASP-15458,18.1,18.28125
JVASP-36001,14.66,11.2109375
JVASP-16352,48.54,39.28125
JVASP-1133,81.9,77.3125
JVASP-36529,89.89,92.5625
JVASP-2556,19.66,17.921875
JVASP-48164,61.1,65.0
JVASP-117909,29.67,27.1875
JVASP-42064,25.08,14.5625
JVASP-70230,30.07,27.859375
JVASP-8376,72.14,67.0625
JVASP-36658,103.9,109.75
JVASP-122944,55.92,29.015625
JVASP-10719,42.27,41.53125
JVASP-37565,22.92,21.765625
JVASP-11284,37.93,37.3125
JVASP-65531,12.92,16.859375
JVASP-99664,10.37,9.3671875
JVASP-25791,18.87,22.09375
JVASP-18892,33.93,36.65625
JVASP-64913,45.08,39.4375
JVASP-3687,38.97,34.9375
JVASP-85660,12.66,8.859375
JVASP-69948,102.81,95.25
JVASP-55136,98.24,88.125
JVASP-103078,40.25,30.4375
JVASP-17509,1.45,5.1523438
JVASP-110483,98.39,119.4375
JVASP-7684,64.63,60.65625
JVASP-31796,43.2,39.96875
JVASP-19765,100.14,101.125
JVASP-11213,28.75,26.0
JVASP-9142,65.45,70.8125
JVASP-16815,29.66,32.0
JVASP-20841,66.73,61.34375
JVASP-117985,12.14,9.765625
JVASP-106385,51.23,47.28125
JVASP-50724,67.28,66.125
JVASP-107293,18.15,13.4140625
JVASP-15239,86.9,81.875
JVASP-17425,57.72,59.4375
JVASP-12712,53.19,57.1875
JVASP-115491,10.93,11.171875
JVASP-55133,41.81,53.625
JVASP-3732,33.88,33.21875
JVASP-115197,5.46,3.7753906
JVASP-1014,58.14,44.40625
JVASP-3918,16.2,18.984375
JVASP-18223,56.61,48.65625
JVASP-5260,12.51,12.0703125
JVASP-16669,54.52,55.59375
JVASP-3081,13.07,13.3984375
JVASP-18633,40.32,41.28125
JVASP-14542,109.0,83.1875
JVASP-25875,14.37,18.15625
JVASP-117972,-10.45,-8.6953125
JVASP-85486,37.57,34.1875
JVASP-68686,73.47,64.75
JVASP-120384,-22.67,-12.0234375
JVASP-11441,35.93,36.5625
JVASP-16554,28.44,23.9375
JVASP-41549,22.32,23.5625
JVASP-1648,21.59,18.140625
JVASP-15236,24.52,23.5625
JVASP-101478,10.9,8.625
JVASP-137,13.39,14.3203125
JVASP-117460,-4.79,-10.4609375
JVASP-116286,14.97,18.921875
JVASP-30114,45.95,45.1875
JVASP-69049,31.4,30.21875
JVASP-16579,48.74,47.0
JVASP-20401,163.46,162.0
JVASP-3933,18.98,21.921875
JVASP-119911,133.83,130.375
JVASP-14096,29.95,32.59375
JVASP-17842,57.72,63.28125
JVASP-8049,23.4,23.21875
JVASP-37106,47.1,47.34375
JVASP-15769,69.04,76.5625
JVASP-41669,33.24,33.125
JVASP-92634,83.64,77.875
JVASP-17706,20.5,19.671875
JVASP-15960,89.11,76.9375
JVASP-69045,8.15,4.8476562
JVASP-8120,36.11,34.25
JVASP-15709,24.88,25.859375
JVASP-118783,-17.15,19.875
JVASP-25086,-22.22,-19.5625
JVASP-29542,6.68,5.4375
JVASP-66868,47.67,44.4375
JVASP-66853,104.22,107.25
JVASP-9406,8.17,10.3046875
JVASP-68351,18.44,20.578125
JVASP-69003,6.08,6.6210938
JVASP-118854,-7.72,-6.5859375
JVASP-18352,37.82,35.1875
JVASP-5188,15.55,15.59375
JVASP-10851,78.17,79.0625
JVASP-8645,67.15,61.71875
JVASP-16784,-1.5,-5.5234375
JVASP-4804,8.28,6.4609375
JVASP-106163,39.73,36.15625
JVASP-37312,26.82,25.96875
JVASP-1501,19.22,19.59375
JVASP-121121,18.56,16.046875
JVASP-9813,44.35,44.03125
JVASP-18275,58.86,60.71875
JVASP-117842,4.67,1.1035156
JVASP-40228,77.96,84.6875
JVASP-67707,10.67,18.203125
JVASP-114557,-23.97,13.984375
JVASP-37180,65.36,63.125
JVASP-18562,59.22,64.6875
JVASP-67600,59.26,56.65625
JVASP-8129,20.07,20.1875
JVASP-14971,87.62,88.0
JVASP-39233,38.92,41.1875
JVASP-36166,9.7,9.984375
JVASP-103106,70.81,66.375
JVASP-115405,70.0,59.1875
JVASP-36397,7.24,7.0078125
JVASP-38585,21.28,21.0
JVASP-13279,37.93,43.5625
JVASP-73953,49.67,51.5625
JVASP-18773,86.55,89.1875
JVASP-103534,21.6,38.09375
JVASP-9665,78.25,75.6875
JVASP-40509,85.12,83.1875
JVASP-5413,15.01,13.1171875
JVASP-40880,27.52,24.71875
JVASP-109052,14.87,15.4921875
JVASP-16421,34.77,41.0
JVASP-2274,26.6,28.703125
JVASP-3192,14.61,17.09375
JVASP-18104,31.7,34.53125
JVASP-25133,16.06,20.453125
JVASP-44143,52.81,59.75
JVASP-43520,12.59,17.703125
JVASP-18456,22.85,24.03125
JVASP-86709,8.67,10.8203125
JVASP-17458,0.38,7.734375
JVASP-74117,21.57,19.578125
JVASP-25331,17.58,12.2734375
JVASP-25332,19.0,19.203125
JVASP-20809,33.29,32.6875
JVASP-120151,32.8,35.46875
JVASP-9287,46.24,43.125
JVASP-91854,25.64,26.1875
JVASP-54948,28.92,29.609375
JVASP-120025,5.45,6.9023438
JVASP-8788,14.27,15.6171875
JVASP-28494,38.39,31.828125
JVASP-75025,55.85,50.125
JVASP-93749,51.69,50.84375
JVASP-66740,43.59,39.1875
JVASP-12576,9.88,12.203125
JVASP-16431,41.88,43.28125
JVASP-28682,1.22,7.7929688
JVASP-35941,13.97,15.90625
JVASP-57073,93.94,98.375
JVASP-12934,28.83,32.125
JVASP-50373,68.92,64.625
JVASP-36160,29.84,28.015625
JVASP-118930,27.71,22.09375
JVASP-120332,10.95,15.3515625
JVASP-9521,32.41,33.46875
JVASP-71914,46.7,31.53125
JVASP-114563,9.83,12.921875
JVASP-30550,29.97,32.21875
JVASP-100252,30.87,37.09375
JVASP-15930,104.85,111.625
JVASP-3468,16.77,15.6171875
JVASP-117747,3.78,-4.5742188
JVASP-41245,40.6,35.78125
JVASP-35377,84.61,85.9375
JVASP-98977,19.28,18.09375
JVASP-25843,23.04,19.96875
JVASP-68361,-3.92,-5.4492188
JVASP-36871,3.56,1.0429688
JVASP-90830,55.85,55.96875
JVASP-118022,-0.39,2.0605469
JVASP-120985,6.81,9.1328125
JVASP-33808,5.89,7.8867188
JVASP-116992,74.45,76.25
JVASP-2991,38.73,38.46875
JVASP-38826,26.54,26.21875
JVASP-20084,151.34,170.0
JVASP-74700,16.21,12.5703125
JVASP-11361,30.48,32.8125
JVASP-50744,22.4,22.453125
JVASP-115420,-2.76,-4.28125
JVASP-1423,14.67,15.171875
JVASP-18077,110.11,100.625
JVASP-92598,94.6,92.125
JVASP-92723,162.87,168.5
JVASP-22660,17.65,17.546875
JVASP-116001,11.87,11.859375
JVASP-4053,22.67,20.109375
JVASP-51716,8.92,8.046875
JVASP-111690,0.0,17.109375
JVASP-102516,18.29,22.265625
JVASP-123005,37.08,34.6875
JVASP-21478,37.59,39.28125
JVASP-16926,47.3,51.15625
JVASP-15771,67.84,76.75
JVASP-4334,21.77,24.109375
JVASP-20211,101.68,110.25
JVASP-16647,97.29,101.5
JVASP-56447,55.0,54.0
JVASP-11811,20.98,25.046875
JVASP-93368,150.26,157.5
JVASP-93745,93.05,106.8125
JVASP-17775,27.45,34.34375
JVASP-18419,8.4,16.171875
JVASP-17432,19.68,21.46875
JVASP-91722,19.79,18.796875
JVASP-11995,-6.24,-2.2871094
JVASP-117562,-7.63,6.1367188
JVASP-21679,34.78,34.71875
JVASP-67625,23.77,23.328125
JVASP-35500,17.21,24.34375
JVASP-54622,41.82,72.5
JVASP-16573,10.54,13.671875
JVASP-52134,19.53,25.828125
JVASP-110608,42.04,40.09375
JVASP-21527,10.34,9.796875
JVASP-56344,100.08,97.25
JVASP-14649,19.78,32.25
JVASP-39237,56.14,56.625
JVASP-41989,98.22,100.8125
JVASP-99732,13.1,14.390625
JVASP-19106,16.96,17.59375
JVASP-18037,18.73,20.828125
JVASP-19879,204.25,212.0
JVASP-103370,64.93,73.8125
JVASP-86339,29.01,30.234375
JVASP-58423,12.87,18.46875
JVASP-116175,35.19,36.4375
JVASP-12646,36.1,41.03125
JVASP-10482,30.95,36.34375
JVASP-29655,14.69,14.8203125
JVASP-29135,21.13,24.34375
JVASP-16618,47.68,50.9375
JVASP-118852,7.05,9.4609375
JVASP-88654,9.47,8.4921875
JVASP-10232,9.41,10.375
JVASP-94844,62.65,69.8125
JVASP-110230,-18.24,12.2890625
JVASP-29426,20.73,22.4375
JVASP-37052,-2.9,0.38232422
JVASP-29963,7.8,4.140625
JVASP-3201,23.23,30.8125
JVASP-8271,20.15,29.171875
JVASP-41874,34.56,34.0
JVASP-105848,20.01,23.0625
JVASP-1189,19.76,24.1875
JVASP-17986,20.56,19.6875
JVASP-20414,138.74,147.375
JVASP-36210,37.1,37.46875
JVASP-116187,-6.84,-13.9921875
JVASP-111516,5.26,5.4023438
JVASP-104560,2.78,5.9414062
JVASP-25096,16.16,18.78125
JVASP-15681,26.15,27.5625
JVASP-61682,69.72,77.6875
JVASP-64630,1.02,0.8261719
JVASP-19855,34.62,37.5
JVASP-72084,26.56,35.1875
JVASP-50442,14.7,18.9375
JVASP-75626,1.79,1.4365234
JVASP-65684,4.27,4.0234375
JVASP-114099,3.55,4.9140625
JVASP-28437,21.39,30.953125
JVASP-39510,-9.56,-11.1953125
JVASP-37796,46.92,46.71875
JVASP-1729,28.21,31.1875
JVASP-10264,87.92,91.6875
JVASP-75024,41.02,43.5625
JVASP-25127,6.38,4.7578125
JVASP-99734,6.86,10.7109375
JVASP-20836,42.19,57.5
JVASP-28435,23.21,23.34375
JVASP-63918,-13.18,-11.359375
JVASP-66344,1.98,-0.4416504
JVASP-67034,93.39,95.25
JVASP-110394,15.44,18.984375
JVASP-68812,0.5,12.390625
JVASP-17856,55.8,53.25
JVASP-38302,8.4,7.8476562
JVASP-24390,35.73,45.5625
JVASP-18427,21.42,27.890625
JVASP-961,11.62,10.3203125
JVASP-35502,59.3,66.75
JVASP-15486,53.08,63.4375
JVASP-30548,64.04,75.5625
JVASP-12562,31.69,33.4375
JVASP-65094,0.0,2.0625
JVASP-10190,28.35,28.09375
JVASP-19667,51.05,58.4375
JVASP-5851,6.63,29.53125
JVASP-68817,17.14,24.09375
JVASP-12122,27.65,35.34375
JVASP-30507,21.61,28.390625
JVASP-54702,20.89,22.96875
JVASP-64738,0.96,1.9980469
JVASP-10087,5.3,3.3808594
JVASP-20418,30.16,33.0625
JVASP-9308,92.14,99.0625
JVASP-75639,1.28,1.8779297
JVASP-40868,11.26,9.265625
JVASP-8538,39.91,40.40625
JVASP-38899,82.32,89.625
JVASP-73473,48.86,52.75
JVASP-37378,54.28,54.5
JVASP-28371,26.53,29.84375
JVASP-86108,8.58,12.046875
JVASP-1291,98.94,87.375
JVASP-4346,6.09,4.7734375
JVASP-9240,52.9,57.28125
JVASP-30494,5.21,8.875
JVASP-74470,41.31,52.28125
JVASP-18467,9.96,12.5
JVASP-10785,18.49,20.828125
JVASP-102174,46.38,54.15625
JVASP-8630,43.97,49.4375
JVASP-26420,44.26,52.0
JVASP-7970,39.83,41.96875
JVASP-9462,48.02,45.71875
JVASP-69259,8.9,12.4296875
JVASP-15966,-19.1,-17.046875
JVASP-101143,30.07,32.0
JVASP-36255,28.54,26.390625
JVASP-23231,89.44,92.0
JVASP-40840,64.96,65.9375
JVASP-102718,51.22,55.0625
JVASP-65279,36.03,35.6875
JVASP-16540,37.56,42.21875
JVASP-93377,384.11,445.0
JVASP-28668,50.17,41.3125
JVASP-116301,3.3,5.5976562
JVASP-70631,21.15,26.421875
JVASP-106250,90.88,68.875
JVASP-99503,27.24,27.4375
JVASP-19933,36.15,37.21875
JVASP-71062,-0.07,22.296875
JVASP-75668,-0.36,-0.94189453
JVASP-103289,20.74,21.359375
JVASP-81499,4.49,6.5859375
JVASP-106046,36.6,38.71875
JVASP-8750,44.26,45.875
JVASP-102461,13.97,15.6640625
JVASP-22677,58.84,66.8125
JVASP-16033,31.18,33.84375
JVASP-4002,16.98,18.625
JVASP-38205,4.04,9.1640625
JVASP-17869,30.56,31.28125
JVASP-10716,26.64,25.859375
JVASP-12904,3.98,9.125
JVASP-38216,2.92,5.3046875
JVASP-117471,143.17,146.0
JVASP-11349,31.79,40.09375
JVASP-16480,50.42,51.5
JVASP-2053,51.43,62.8125
JVASP-118431,-4.58,-2.7324219
JVASP-104589,3.3,9.1953125
JVASP-115529,6.13,9.4453125
JVASP-106316,20.04,11.3203125
JVASP-18609,32.01,36.0625
JVASP-20534,22.64,22.65625
JVASP-109951,46.3,51.46875
JVASP-15923,119.17,136.75
JVASP-107548,21.49,24.984375
JVASP-70845,63.8,65.0625
JVASP-114980,-16.99,-2.4375
JVASP-114776,1.57,-2.1894531
JVASP-40343,48.66,48.375
JVASP-30119,52.83,51.59375
JVASP-69189,9.48,9.9375
JVASP-10589,12.81,11.1484375
JVASP-114180,0.3,4.6015625
JVASP-11162,24.02,25.984375
JVASP-93902,35.78,31.96875
JVASP-93342,140.55,140.375
JVASP-12167,28.13,34.5625
JVASP-9725,76.97,72.0625
JVASP-29801,56.07,53.90625
JVASP-41263,89.38,72.4375
JVASP-20473,44.95,48.46875
JVASP-7130,10.02,8.5
JVASP-85850,36.96,36.03125
JVASP-14714,51.11,42.25
JVASP-120177,-21.0,-13.1328125
JVASP-54773,63.23,59.875
JVASP-21712,48.44,50.09375
JVASP-17867,8.2,9.6171875
JVASP-11798,52.01,45.90625
JVASP-66939,4.15,5.3515625
JVASP-14895,51.88,54.75
JVASP-117531,13.53,15.140625
JVASP-36598,61.86,57.53125
JVASP-39214,9.42,8.3828125
JVASP-55197,-19.7,-17.53125
JVASP-18287,9.56,19.890625
JVASP-1705,23.69,17.71875
JVASP-118055,7.47,17.125
JVASP-36659,20.71,18.15625
JVASP-40799,15.48,20.3125
JVASP-16720,27.22,33.71875
JVASP-85597,12.2,13.0625
JVASP-87105,11.6,13.1484375
JVASP-18048,20.68,30.0625
JVASP-100496,20.32,21.46875
JVASP-105886,0.0,6.7851562
JVASP-115100,5.83,9.7890625
JVASP-75725,-0.56,-0.5341797
JVASP-65315,43.36,50.90625
JVASP-121242,31.63,32.15625
JVASP-8514,10.68,9.296875
JVASP-38883,90.26,81.25
JVASP-14159,95.23,93.4375
JVASP-117750,0.36,3.1054688
JVASP-50804,13.98,18.84375
JVASP-31900,5.91,9.5625
JVASP-26078,27.15,29.109375
JVASP-69713,66.57,76.375
JVASP-19611,25.13,27.265625
JVASP-59140,86.97,76.125
JVASP-85662,0.49,3.9472656
JVASP-71746,10.51,11.96875
JVASP-18506,38.81,40.375
JVASP-2436,19.42,17.828125
JVASP-116236,9.88,9.296875
JVASP-9173,121.94,118.4375
JVASP-25391,2.53,4.453125
JVASP-16869,8.66,22.875
JVASP-34647,134.61,138.875
JVASP-16899,-3.38,-2.59375
JVASP-102575,16.64,19.6875
JVASP-8702,35.36,35.09375
JVASP-41308,21.28,20.375
JVASP-35082,24.45,27.046875
JVASP-66056,-10.34,-9.4140625
JVASP-100319,0.33,11.453125
JVASP-15938,78.0,71.5625
JVASP-34069,33.67,39.28125
JVASP-38087,5.54,10.0234375
JVASP-119930,4.15,4.671875
JVASP-114615,-3.53,-2.3261719
JVASP-51020,22.75,26.90625
JVASP-35514,35.99,28.9375
JVASP-57147,33.66,32.6875
JVASP-55105,23.66,25.59375
JVASP-114781,10.01,10.9140625
JVASP-30486,18.15,19.90625
JVASP-14955,96.68,98.875
JVASP-90845,24.89,28.140625
JVASP-9398,54.64,48.4375
JVASP-37034,3.54,5.1289062
JVASP-79239,172.62,178.25
JVASP-118360,-2.43,-3.2207031
JVASP-117500,17.23,13.53125
JVASP-71106,29.95,30.484375
JVASP-36217,36.84,46.46875
JVASP-14832,4.22,8.1484375
JVASP-58383,86.68,74.875
JVASP-62771,9.94,9.078125
JVASP-94937,65.47,77.375
JVASP-101011,5.44,2.2519531
JVASP-40547,75.58,74.1875
JVASP-14191,38.6,45.8125
JVASP-14108,10.34,9.8359375
JVASP-70816,0.0,1.3027344
JVASP-50029,24.21,17.828125
JVASP-118318,95.95,89.0625
JVASP-114361,115.6,101.75
JVASP-8198,13.99,10.984375
JVASP-30493,34.33,36.75
JVASP-106625,28.1,26.6875
JVASP-68763,27.81,22.140625
JVASP-114640,26.09,27.515625
JVASP-35509,83.25,80.5
JVASP-2724,29.87,27.890625
JVASP-69371,13.68,13.640625
JVASP-8021,78.61,72.25
JVASP-94836,65.79,74.0
JVASP-54439,175.43,151.0
JVASP-11773,142.37,128.0
JVASP-12896,12.02,13.2578125
JVASP-18022,38.92,40.59375
JVASP-25649,33.27,32.1875
JVASP-5386,13.42,12.9375
JVASP-69329,15.42,11.8671875
JVASP-7862,75.72,74.0625
JVASP-53402,9.15,8.9375
JVASP-20594,59.78,55.8125
JVASP-59283,91.24,90.25
JVASP-10251,13.14,14.1171875
JVASP-15418,39.6,43.84375
JVASP-16641,73.09,64.875
JVASP-72160,13.85,13.9921875
JVASP-36985,41.3,36.53125
JVASP-95247,26.19,25.359375
JVASP-12910,22.74,18.96875
JVASP-107098,62.5,62.71875
JVASP-8173,18.67,14.5
JVASP-26825,86.92,80.5625
JVASP-65076,17.65,12.4765625
JVASP-110559,27.87,31.09375
JVASP-9483,35.62,32.5625
JVASP-29339,18.74,17.734375
JVASP-103286,15.8,16.8125
JVASP-64289,-2.06,-0.9111328
JVASP-9160,44.28,47.625
JVASP-12165,27.03,27.8125
JVASP-290,26.46,25.84375
JVASP-111808,33.86,28.171875
JVASP-86539,14.45,16.453125
JVASP-37904,79.5,77.6875
JVASP-40639,101.9,102.625
JVASP-19590,240.29,253.625
JVASP-100449,89.35,85.6875
JVASP-30422,40.28,40.59375
JVASP-16596,95.3,85.375
JVASP-12651,20.0,27.203125
JVASP-28459,0.14,1.6660156
JVASP-25250,1.1,2.5351562
JVASP-15965,29.61,52.65625
JVASP-120108,14.95,15.3671875
JVASP-21206,-2.74,-2.3574219
JVASP-913,6.5,4.8710938
JVASP-2994,28.07,25.390625
JVASP-21783,38.42,43.0625
JVASP-39279,56.98,62.28125
JVASP-87880,40.76,44.3125
JVASP-106231,10.61,8.359375
JVASP-107544,15.63,15.1328125
JVASP-28469,32.85,25.296875
JVASP-7664,16.32,20.171875
JVASP-10725,18.11,19.390625
JVASP-100164,28.0,26.515625
JVASP-15707,92.59,80.375
JVASP-105410,56.54,60.46875
JVASP-86711,6.87,6.6445312
JVASP-1248,42.22,33.9375
JVASP-11170,9.99,10.0703125
JVASP-11980,0.0,-0.25927734
JVASP-18772,0.0,-1.6240234
JVASP-51343,5.98,5.8007812
JVASP-17520,32.32,23.984375
JVASP-18014,33.33,40.46875
JVASP-20531,37.22,36.90625
JVASP-18692,43.66,45.53125
JVASP-12601,21.31,20.09375
JVASP-115476,22.77,9.9765625
JVASP-116398,25.09,24.984375
JVASP-114085,2.21,1.9121094
JVASP-14508,46.94,48.78125
JVASP-18806,26.74,25.046875
JVASP-35962,103.31,105.8125
JVASP-10193,9.78,8.609375
JVASP-36949,9.09,7.9648438
JVASP-36445,55.46,42.875
JVASP-70027,49.85,51.375
JVASP-54621,-13.52,-15.625
JVASP-107701,16.26,15.3125
JVASP-8562,14.59,15.25
JVASP-18361,35.68,36.3125
JVASP-11965,80.28,79.1875
JVASP-71080,45.76,49.875
JVASP-15342,13.31,12.484375
JVASP-120032,6.4,5.8945312
JVASP-37977,16.2,13.6953125
JVASP-29863,19.91,18.46875
JVASP-118054,-24.42,-16.015625
JVASP-36405,151.07,130.75
JVASP-16004,-14.46,-16.28125
JVASP-44054,66.45,74.9375
JVASP-116225,62.09,56.4375
JVASP-62644,58.91,44.8125
JVASP-110410,52.32,39.53125
JVASP-1555,88.76,92.4375
JVASP-8269,52.2,44.6875
JVASP-5668,12.97,13.0703125
JVASP-40896,26.1,26.875
JVASP-66730,11.28,12.421875
JVASP-65594,34.63,28.59375
JVASP-19882,43.64,36.78125
JVASP-35422,64.64,62.28125
JVASP-14202,42.5,43.65625
JVASP-95643,32.5,31.5625
JVASP-41471,34.42,35.8125
JVASP-90623,27.32,25.265625
JVASP-18916,180.36,173.75
JVASP-24949,35.34,27.78125
JVASP-37175,16.72,14.3125
JVASP-1474,34.84,33.875
JVASP-72013,43.51,37.0
JVASP-8737,64.75,48.875
JVASP-118080,4.03,3.0019531
JVASP-41404,119.56,114.1875
JVASP-85521,63.81,58.9375
JVASP-25411,268.86,235.625
JVASP-37733,6.0,8.5859375
JVASP-65694,10.98,10.109375
JVASP-69062,11.43,13.2109375
JVASP-56734,42.34,43.25
JVASP-65437,25.35,27.1875
JVASP-22578,26.99,29.671875
JVASP-12779,41.51,38.6875
JVASP-38070,22.84,22.9375
JVASP-37091,93.19,89.0
JVASP-67863,26.4,19.34375
JVASP-20413,59.28,63.8125
JVASP-9783,68.85,71.125
JVASP-9765,36.88,30.875
JVASP-1453,98.51,83.875
JVASP-17350,55.04,62.09375
JVASP-8525,33.78,30.328125
JVASP-120972,12.39,13.359375
JVASP-118756,10.19,7.1679688
JVASP-65052,-4.8,-4.984375
JVASP-117955,35.35,36.03125
JVASP-46706,13.59,11.4765625
JVASP-54641,-21.26,-12.953125
JVASP-9622,46.13,54.125
JVASP-1231,74.39,69.125
JVASP-4654,82.29,75.9375
JVASP-117580,-3.59,5.6953125
JVASP-36382,21.62,20.390625
JVASP-38530,2.34,0.2758789
JVASP-14269,39.92,35.09375
JVASP-35686,0.39,-4.3945312
JVASP-39069,30.5,29.171875
JVASP-91678,10.49,9.9296875
JVASP-75723,17.86,16.453125
JVASP-9988,83.38,86.8125
JVASP-7795,27.21,26.65625
JVASP-19803,28.62,22.25
JVASP-14494,36.9,34.78125
JVASP-116208,11.77,9.9140625
JVASP-65415,23.56,25.15625
JVASP-49861,71.2,73.8125
JVASP-11752,20.89,21.25
JVASP-14407,20.98,22.171875
JVASP-120250,21.77,21.140625
JVASP-16380,62.22,60.40625
JVASP-120285,34.3,35.375
JVASP-28538,26.27,28.78125
JVASP-19880,75.74,79.75
JVASP-114101,-20.66,-13.71875
JVASP-15779,-4.58,-5.3476562
JVASP-116379,35.67,33.4375
JVASP-30605,13.63,13.0703125
JVASP-66233,-6.04,-1.9042969
JVASP-16042,40.46,39.78125
JVASP-32828,4.78,3.890625
JVASP-1498,61.23,59.4375
JVASP-106123,51.43,44.5625
JVASP-4798,87.09,89.375
JVASP-115312,7.32,4.2773438
JVASP-21473,101.45,87.8125
JVASP-39412,40.94,37.53125
JVASP-90497,65.95,56.09375
JVASP-65714,5.07,2.7832031
JVASP-21532,49.84,42.5
JVASP-18076,34.85,30.78125
JVASP-7759,68.7,66.0625
JVASP-14819,42.45,39.03125
JVASP-3912,15.8,11.7421875
JVASP-28637,2.91,28.5625
JVASP-8637,72.06,64.125
JVASP-53051,58.97,47.40625
JVASP-12069,31.75,29.390625
JVASP-67772,84.46,77.75
JVASP-1312,164.9,151.125
JVASP-45995,50.11,46.0625
JVASP-25076,29.28,30.0625
JVASP-118765,4.64,3.4179688
JVASP-65504,19.65,12.515625
JVASP-78706,14.23,19.59375
JVASP-90607,22.11,22.4375
JVASP-9166,171.59,172.75
JVASP-110338,32.72,26.34375
JVASP-29211,22.24,13.8203125
JVASP-102943,41.28,38.5
JVASP-44636,74.99,67.125
JVASP-29887,20.01,14.34375
JVASP-51009,7.21,7.8945312
JVASP-68122,3.92,2.3886719
JVASP-118874,8.2,8.484375
JVASP-36919,42.12,36.59375
JVASP-91378,77.13,78.75
JVASP-115481,20.12,16.609375
JVASP-74689,91.57,77.1875
JVASP-90135,124.11,120.125
JVASP-69262,4.14,4.703125
JVASP-10550,8.49,8.5390625
JVASP-36774,27.83,23.078125
JVASP-14602,-4.48,-7.7304688
JVASP-12727,12.37,11.1640625
JVASP-41707,29.26,25.640625
JVASP-15892,66.96,67.75
JVASP-39162,34.76,44.40625
JVASP-115791,-1.51,-1.2167969
JVASP-101035,-18.09,-14.25
JVASP-18526,17.87,17.484375
JVASP-100467,24.36,23.0
JVASP-16393,48.91,49.34375
JVASP-11397,33.93,29.578125
JVASP-67277,40.33,38.03125
JVASP-36407,61.34,65.3125
JVASP-8766,62.3,54.71875
JVASP-41977,135.76,134.125
JVASP-65044,27.15,18.6875
JVASP-4240,25.27,22.796875
JVASP-120281,1.07,11.9609375
JVASP-36501,10.74,13.6328125
JVASP-2038,13.18,17.828125
JVASP-25059,59.61,46.78125
JVASP-116916,35.17,33.5
JVASP-107262,27.88,27.265625
JVASP-43007,58.71,57.34375
JVASP-36248,83.96,86.0625
JVASP-10752,2.18,21.796875
JVASP-1603,8.64,12.4140625
JVASP-18268,38.66,40.0625
JVASP-106483,38.32,39.8125
JVASP-92591,66.27,71.375
JVASP-38114,21.2,28.40625
JVASP-99689,26.0,28.03125
JVASP-67689,8.84,7.2851562
JVASP-90601,20.11,25.625
JVASP-70868,35.02,29.53125
JVASP-11609,1.7,7.7617188
JVASP-29639,9.25,10.9375
JVASP-100159,100.88,91.75
JVASP-50104,44.32,45.6875
JVASP-1531,31.29,43.59375
JVASP-75678,2.0,-0.07086182
JVASP-14689,17.74,21.46875
JVASP-25232,7.05,7.8164062
JVASP-29571,15.68,19.703125
JVASP-79203,66.4,74.3125
JVASP-10572,17.32,18.296875
JVASP-16313,54.51,50.34375
JVASP-87125,22.13,27.796875
JVASP-34655,25.16,29.96875
JVASP-117655,27.61,31.203125
JVASP-20538,241.43,245.125
JVASP-103210,20.9,26.90625
JVASP-102127,28.27,27.53125
JVASP-15410,77.04,60.65625
JVASP-114394,11.67,11.328125
JVASP-15654,52.72,52.09375
JVASP-50881,36.38,36.53125
JVASP-26744,11.07,12.5859375
JVASP-50812,6.19,7.6835938
JVASP-70707,122.11,107.25
JVASP-29039,4.92,1.2744141
JVASP-27401,0.72,10.0234375
JVASP-75037,87.65,91.8125
JVASP-20497,13.17,16.640625
JVASP-74384,-15.28,-10.9453125
JVASP-26764,19.71,23.890625
JVASP-60,29.85,29.203125
JVASP-79088,23.92,29.109375
JVASP-22382,86.15,80.6875
JVASP-114005,-15.17,-15.3203125
JVASP-102717,13.77,14.90625
JVASP-38221,1.84,1.6933594
JVASP-51392,23.31,10.7265625
JVASP-65717,6.99,7.390625
JVASP-12818,13.71,16.625
JVASP-35491,9.31,16.84375
JVASP-75822,0.32,-1.0488281
JVASP-102107,29.04,28.53125
JVASP-94874,53.52,55.9375
JVASP-40481,22.71,22.015625
JVASP-113657,5.71,9.4921875
JVASP-8203,44.89,37.0
JVASP-4537,21.54,22.046875
JVASP-64910,37.21,38.21875
JVASP-18015,29.96,31.78125
JVASP-58243,48.2,50.6875
JVASP-1303,27.1,26.28125
JVASP-37786,1.46,3.9238281
JVASP-50991,25.61,29.125
JVASP-117847,4.44,4.2109375
JVASP-1264,16.06,21.296875
JVASP-100487,16.04,16.0625
JVASP-10141,12.36,17.390625
JVASP-69503,101.13,95.8125
JVASP-36796,24.91,27.5625
JVASP-19929,29.14,27.890625
JVASP-17893,13.9,12.90625
JVASP-90277,83.46,73.875
JVASP-38247,3.4,2.9277344
JVASP-69124,9.51,11.1015625
JVASP-19804,166.27,142.875
JVASP-116360,4.05,5.890625
JVASP-18047,21.9,25.21875
JVASP-36075,8.06,11.5546875
JVASP-85174,81.39,82.625
JVASP-117470,54.27,68.1875
JVASP-14998,41.26,47.25
JVASP-110481,6.54,10.6484375
JVASP-120322,14.1,17.65625
JVASP-11725,54.45,53.125
JVASP-15653,35.89,38.34375
JVASP-78529,19.66,21.109375
JVASP-34046,30.75,28.5625
JVASP-17853,142.14,162.25
JVASP-1690,34.17,33.90625
JVASP-78707,8.73,8.921875
JVASP-18058,46.11,46.625
JVASP-74445,64.13,50.6875
JVASP-24661,5.82,4.8046875
JVASP-23867,16.72,23.734375
JVASP-117731,7.37,4.0351562
JVASP-15257,66.55,59.5
JVASP-11662,23.55,22.6875
JVASP-17716,37.58,42.65625
JVASP-15671,80.07,83.5
JVASP-62975,177.67,184.75
JVASP-68498,35.95,37.5625
JVASP-120973,19.49,15.34375
JVASP-29288,1.54,5.234375
JVASP-70888,21.81,20.46875
JVASP-115336,40.95,29.546875
JVASP-35384,17.56,22.40625
JVASP-2065,8.75,7.6289062
JVASP-7651,11.01,13.1796875
JVASP-30177,12.7,18.5
JVASP-7785,8.72,14.9609375
JVASP-37047,28.66,40.25
JVASP-119926,-2.34,-0.17126465
JVASP-10715,33.32,37.8125
JVASP-64955,-24.16,-16.890625
JVASP-25606,25.38,28.78125
JVASP-69724,112.69,92.6875
JVASP-43584,39.89,36.625
JVASP-37105,22.72,21.34375
JVASP-69326,12.78,15.25
JVASP-93457,137.99,130.75
JVASP-37918,11.21,13.4140625
JVASP-602,28.71,27.375
JVASP-17405,43.7,40.375
JVASP-38400,23.74,23.859375
JVASP-32416,7.81,9.09375
JVASP-17886,11.96,10.859375
JVASP-37483,4.36,9.078125
JVASP-70738,0.0,-1.5087891
JVASP-48645,14.11,17.390625
JVASP-38028,45.23,40.71875
JVASP-15635,104.25,98.0
JVASP-20398,36.41,39.125
JVASP-114036,14.95,8.9375
JVASP-117939,1.49,-0.77441406
JVASP-8395,60.91,54.5
JVASP-118212,42.07,39.59375
JVASP-38185,3.02,1.2109375
JVASP-39042,48.82,43.5625
JVASP-18392,-12.68,-14.8359375
JVASP-68869,47.99,49.0625
JVASP-39824,57.81,54.3125
JVASP-9696,92.43,91.0
JVASP-64465,2.16,-0.87158203
JVASP-8682,51.22,50.78125
JVASP-8317,33.67,16.390625
JVASP-19936,128.25,121.3125
JVASP-114957,3.35,3.34375
JVASP-115223,-4.97,1.8720703
JVASP-38214,6.46,6.78125
JVASP-30292,10.51,13.4453125
JVASP-3126,27.06,26.828125
JVASP-102481,-18.09,-11.453125
JVASP-16365,39.6,40.84375
JVASP-36837,37.86,40.4375
JVASP-8591,11.74,11.1953125
JVASP-4409,21.18,20.671875
JVASP-118535,102.11,108.25
JVASP-20416,36.04,31.359375
JVASP-92669,37.96,38.0625
JVASP-18400,18.45,6.9257812
JVASP-49833,8.71,4.015625
JVASP-17502,42.12,42.65625
JVASP-115465,13.39,16.765625
JVASP-93666,129.77,113.3125
JVASP-35505,72.28,73.6875
JVASP-35198,41.13,40.28125
JVASP-115417,6.95,9.2265625
JVASP-25871,10.74,8.515625
JVASP-49946,25.39,27.53125
JVASP-28514,22.33,24.03125
JVASP-116247,13.69,17.078125
JVASP-17949,17.22,15.40625
JVASP-10025,44.04,53.65625
JVASP-17463,44.87,43.25
JVASP-8067,529.3,542.5
JVASP-21935,45.53,44.96875
JVASP-28380,44.09,48.96875
JVASP-20482,78.06,90.625
JVASP-79248,43.29,44.15625
JVASP-74841,-8.32,-6.3867188
JVASP-65360,22.48,20.21875
JVASP-67651,41.06,40.5
JVASP-15734,95.61,99.625
JVASP-1387,34.1,32.5
JVASP-52473,76.35,69.5625
JVASP-114532,-19.17,-17.078125
JVASP-91382,50.44,50.90625
JVASP-8344,25.75,26.65625
JVASP-12768,25.72,30.6875
JVASP-12138,15.47,14.6640625
JVASP-30498,23.73,21.84375
JVASP-20890,18.01,13.5703125
JVASP-14625,114.36,128.75
JVASP-1118,32.61,24.546875
JVASP-9089,35.01,36.28125
JVASP-29025,23.11,16.375
JVASP-115047,27.84,25.46875
JVASP-65584,5.61,4.1328125
JVASP-75504,2.01,-0.04901123
JVASP-35695,16.39,14.421875
JVASP-42142,31.32,29.40625
JVASP-94889,58.61,64.875
JVASP-14940,57.67,57.0
JVASP-1124,4.74,3.0019531
JVASP-37102,19.14,18.40625
JVASP-36254,26.86,22.03125
JVASP-17793,53.48,44.90625
JVASP-56804,16.25,13.6796875
JVASP-29661,9.13,7.0546875
JVASP-68772,42.55,36.40625
JVASP-62827,10.57,8.6328125
JVASP-110532,50.14,45.59375
JVASP-66371,-8.68,-9.3515625
JVASP-86114,49.09,48.25
JVASP-9535,15.92,15.8046875
JVASP-38333,24.96,23.875
JVASP-85410,140.51,132.125
JVASP-35794,24.18,25.515625
JVASP-13048,9.95,7.421875
JVASP-25074,16.32,14.5859375
JVASP-19968,30.67,24.671875
JVASP-65003,30.35,32.5625
JVASP-64873,-3.0,-2.7363281
JVASP-14716,28.3,30.15625
JVASP-118089,22.56,18.046875
JVASP-118006,21.65,22.015625
JVASP-603,12.85,14.4765625
JVASP-15284,101.95,93.5
JVASP-37962,36.42,39.96875
JVASP-70069,87.57,72.25
JVASP-110377,12.54,12.3203125
JVASP-16066,85.44,91.25
JVASP-10191,49.13,56.875
JVASP-15781,14.7,17.015625
JVASP-7711,29.36,24.984375
JVASP-35515,34.11,32.625
JVASP-25060,14.75,11.2734375
JVASP-14883,11.08,12.296875
JVASP-116499,73.29,67.75
JVASP-9742,77.87,75.6875
JVASP-68853,33.36,33.53125
JVASP-2673,18.07,17.734375
JVASP-15441,28.73,33.0
JVASP-18864,35.44,32.78125
JVASP-11049,17.55,13.6640625
JVASP-56680,43.06,42.8125
JVASP-52662,23.47,23.28125
JVASP-10934,136.64,125.0
JVASP-25301,34.94,32.3125
JVASP-74802,-16.49,-7.109375
JVASP-15378,66.07,66.125
JVASP-37963,2.48,6.8085938
JVASP-28422,44.44,47.125
JVASP-35937,31.63,32.0
JVASP-68575,14.67,16.90625
JVASP-107901,11.46,11.703125
JVASP-17980,27.8,23.53125
JVASP-93228,33.63,35.21875
JVASP-67952,0.0,6.3828125
JVASP-91278,31.76,34.6875
JVASP-9714,65.97,60.5625
JVASP-85542,24.08,23.515625
JVASP-36344,37.6,34.5625
JVASP-8243,44.41,45.84375
JVASP-71217,62.94,71.0
JVASP-20267,11.48,11.546875
JVASP-19094,12.69,12.0
JVASP-37224,27.24,39.40625
JVASP-17428,38.78,35.5625
JVASP-102203,12.34,12.2109375
JVASP-30265,27.89,34.46875
JVASP-116149,18.09,14.484375
JVASP-80498,22.92,23.921875
JVASP-34422,18.44,15.84375
JVASP-105849,18.42,10.359375
JVASP-18625,52.13,65.8125
JVASP-16489,115.09,130.875
JVASP-118562,5.71,5.0976562
JVASP-3906,10.51,11.265625
JVASP-36433,51.96,57.125
JVASP-11183,85.25,86.5
JVASP-53299,45.74,42.90625
JVASP-34659,20.81,17.640625
JVASP-114916,15.96,15.40625
JVASP-2649,26.07,25.4375
JVASP-14810,31.97,28.921875
JVASP-15415,76.6,69.8125
JVASP-51554,10.62,7.4921875
JVASP-120301,-4.52,-4.3085938
JVASP-11989,0.21,23.625
JVASP-17515,81.4,87.875
JVASP-59147,38.93,39.21875
JVASP-8665,7.76,8.5
JVASP-115749,75.63,63.71875
JVASP-35108,158.64,150.75
JVASP-17390,67.1,68.1875
JVASP-9577,24.27,20.453125
JVASP-14619,25.42,31.109375
JVASP-91518,21.88,18.984375
JVASP-25213,2.51,4.7148438
JVASP-111927,38.9,36.9375
JVASP-14963,67.8,66.375
JVASP-43161,51.79,60.0625
JVASP-36392,10.82,9.8828125
JVASP-92707,23.04,22.578125
JVASP-38501,25.34,24.515625
JVASP-86038,66.63,73.0625
JVASP-109930,10.79,24.984375
JVASP-118695,-5.27,-0.69873047
JVASP-109348,9.61,17.328125
JVASP-7669,37.44,38.53125
JVASP-10961,19.43,17.375
JVASP-16560,35.3,31.390625
JVASP-24915,21.91,16.875
JVASP-30172,20.29,16.390625
JVASP-18351,39.06,39.78125
JVASP-29752,13.7,9.65625
JVASP-74591,7.32,9.734375
JVASP-12150,61.37,65.0625
JVASP-70170,59.13,51.1875
JVASP-10179,85.97,87.8125
JVASP-78473,57.29,60.125
JVASP-67103,94.29,89.125
JVASP-17989,27.28,40.75
JVASP-36123,18.76,19.234375
JVASP-117918,104.73,118.375
JVASP-122928,-12.3,-12.90625
JVASP-1254,40.17,38.1875
JVASP-12536,10.51,8.6484375
JVASP-111409,3.66,49.8125
JVASP-68967,11.61,9.515625
JVASP-4531,9.37,8.9921875
JVASP-29800,34.79,33.125
JVASP-29511,10.5,9.7578125
JVASP-8163,42.13,46.25
JVASP-114179,36.24,34.125
JVASP-8463,40.78,43.40625
JVASP-71601,87.32,95.75
JVASP-8297,35.38,32.875
JVASP-7766,67.28,71.8125
JVASP-40035,37.58,32.8125
JVASP-92604,81.85,84.5625
JVASP-36463,21.9,21.078125
JVASP-72771,49.33,49.1875
JVASP-92593,67.9,64.9375
JVASP-67770,0.0,0.68359375
JVASP-71775,60.59,61.90625
JVASP-119941,71.72,75.4375
JVASP-25596,28.36,23.71875
JVASP-109039,14.66,9.546875
JVASP-3027,86.89,88.125
JVASP-101212,27.4,28.09375
JVASP-15831,14.36,13.4765625
JVASP-74881,-6.37,-3.6640625
JVASP-16908,21.97,33.3125
JVASP-117559,3.77,6.6601562
JVASP-28383,209.45,190.5
JVASP-9410,62.08,65.625
JVASP-16459,104.2,106.8125
JVASP-16010,10.13,10.8515625
JVASP-22697,79.5,71.4375
JVASP-46406,36.07,27.40625
JVASP-86450,32.3,41.90625
JVASP-117658,-14.51,-4.875
JVASP-69411,82.91,78.625
JVASP-75792,-20.12,-11.0078125
JVASP-39199,4.14,3.9296875
JVASP-14286,80.99,86.4375
JVASP-40082,0.4,20.609375
JVASP-9921,1.89,6.6523438
JVASP-13095,62.3,63.875
JVASP-70734,75.37,78.0
JVASP-116273,3.71,3.6289062
JVASP-18999,37.06,38.6875
JVASP-37004,21.24,18.609375
JVASP-78841,8.03,7.9335938
JVASP-54745,26.17,27.15625
JVASP-20996,41.15,38.75
JVASP-9800,22.67,25.734375
JVASP-8118,190.24,191.25
JVASP-11164,29.94,28.75
JVASP-114035,1.98,5.7890625
JVASP-4183,10.49,11.5234375
JVASP-75683,36.76,37.40625
JVASP-117525,4.23,4.7421875
JVASP-15011,113.16,95.8125
JVASP-9437,101.49,97.0625
JVASP-16924,67.18,57.5625
JVASP-87928,61.33,54.09375
JVASP-19951,20.11,14.7109375
JVASP-25577,22.19,22.296875
JVASP-15001,33.03,35.75
JVASP-99471,1.61,4.8398438
JVASP-71040,55.26,49.15625
JVASP-28493,-11.24,43.46875
JVASP-104835,38.83,36.21875
JVASP-1405,80.06,83.375
JVASP-91975,24.8,18.15625
JVASP-38462,17.48,21.015625
JVASP-90515,12.05,11.7421875
JVASP-93329,99.92,89.25
JVASP-38803,36.96,38.71875
JVASP-118265,43.08,42.5625
JVASP-36373,28.32,34.875
JVASP-18679,20.36,18.65625
JVASP-15611,103.61,99.8125
JVASP-8708,40.36,37.375
JVASP-100312,90.84,87.5
JVASP-91749,23.12,19.296875
JVASP-60667,12.28,9.6171875
JVASP-21258,66.66,58.71875
JVASP-46195,46.69,35.0
JVASP-74945,-0.21,1.5693359
JVASP-102128,6.51,5.21875
JVASP-2175,18.89,15.4296875
JVASP-117651,63.85,59.90625
JVASP-8529,56.85,56.0625
JVASP-110238,12.68,12.859375
JVASP-76200,9.1,9.3203125
JVASP-28957,5.44,5.125
JVASP-3879,10.5,11.859375
JVASP-86560,7.39,10.5703125
JVASP-15068,17.44,15.4765625
JVASP-36514,20.56,21.171875
JVASP-12555,14.32,11.453125
JVASP-4216,28.19,29.171875
JVASP-69277,-0.46,-1.8867188
JVASP-14797,74.74,76.625
JVASP-37053,3.26,7.1796875
JVASP-28471,0.14,0.27368164
JVASP-35225,117.86,121.125
JVASP-19895,83.84,87.9375
JVASP-2607,24.3,27.03125
JVASP-14848,30.04,27.375
JVASP-15712,28.35,26.6875
JVASP-16851,34.5,35.75
JVASP-16884,94.38,90.1875
JVASP-9923,39.58,33.65625
JVASP-64940,38.06,36.25
JVASP-18074,33.16,31.9375
JVASP-71136,0.0,-8.75
JVASP-23967,13.25,11.4375
JVASP-91216,83.09,72.5
JVASP-15937,32.36,29.109375
JVASP-161,6.38,7.1835938
JVASP-56880,77.4,69.75
JVASP-12889,22.79,17.34375
JVASP-17749,76.21,74.875
JVASP-85723,29.42,31.984375
JVASP-17159,62.66,55.09375
JVASP-86765,13.79,13.2578125
JVASP-120925,20.73,14.2734375
JVASP-18938,30.12,37.125
JVASP-48166,23.4,25.078125
JVASP-28585,29.97,32.3125
JVASP-49782,65.01,66.1875
JVASP-33813,5.07,4.7070312
JVASP-16266,50.42,51.84375
JVASP-12529,12.55,12.9453125
JVASP-17744,62.01,55.875
JVASP-35735,71.08,61.65625
JVASP-91524,22.41,22.515625
JVASP-7905,53.7,53.9375
JVASP-35180,39.76,40.4375
JVASP-16080,127.46,131.625
JVASP-68834,15.71,14.5546875
JVASP-38310,33.26,30.140625
JVASP-2017,94.66,72.3125
JVASP-52189,90.85,76.125
JVASP-17954,28.63,25.921875
JVASP-7665,22.78,21.734375
JVASP-66329,-12.64,-8.0546875
JVASP-1945,7.74,8.8125
JVASP-18678,58.13,63.03125
JVASP-11486,59.47,54.03125
JVASP-10165,39.95,47.28125
JVASP-1804,28.41,24.75
JVASP-23351,43.63,35.6875
JVASP-18428,28.49,31.015625
JVASP-33799,6.44,6.9960938
JVASP-18091,20.74,21.234375
JVASP-67998,79.69,80.625
JVASP-24306,24.41,24.1875
JVASP-17528,17.86,20.71875
JVASP-118936,6.37,9.5625
JVASP-12825,27.77,22.328125
JVASP-18300,78.6,72.5
JVASP-595,29.3,27.109375
JVASP-3978,69.35,59.8125
JVASP-23865,28.43,26.859375
JVASP-17769,59.15,52.9375
JVASP-12887,-1.91,7.0703125
JVASP-17934,24.74,19.0
JVASP-106224,11.2,9.5078125
JVASP-16162,50.75,49.34375
JVASP-110397,44.46,37.25
JVASP-37554,30.6,28.34375
JVASP-118900,29.45,35.6875
JVASP-20882,51.12,42.5625
JVASP-16499,41.82,39.03125
JVASP-21858,22.88,21.3125
JVASP-68676,12.49,22.3125
JVASP-5161,13.63,15.0
JVASP-19860,75.12,67.25
JVASP-128,38.37,35.5
JVASP-69058,5.37,3.6972656
JVASP-52510,64.18,69.125
JVASP-41868,50.66,49.28125
JVASP-115523,-6.71,-14.75
JVASP-70473,25.38,26.75
JVASP-54469,43.47,39.875
JVASP-68586,29.61,26.65625
JVASP-13883,41.83,40.65625
JVASP-91519,36.51,34.71875
JVASP-64883,44.36,49.53125
JVASP-102920,3.78,6.734375
JVASP-120083,9.9,12.359375
JVASP-28455,20.53,20.953125
JVASP-16735,76.16,73.1875
JVASP-114623,-9.33,-3.4453125
JVASP-17381,64.45,57.90625
JVASP-87130,38.86,43.96875
JVASP-15568,81.19,73.5625
JVASP-5404,9.41,12.4140625
JVASP-74507,33.32,28.125
JVASP-114351,11.82,9.40625
JVASP-105634,1.62,5.0195312
JVASP-69135,24.81,20.28125
JVASP-110516,21.76,27.96875
JVASP-119975,21.1,20.859375
JVASP-27004,4.25,11.1171875
JVASP-110446,31.69,34.6875
JVASP-9151,27.75,25.71875
JVASP-10874,33.79,34.65625
JVASP-28985,0.63,-0.00592041
JVASP-110386,11.34,13.1640625
JVASP-74646,16.69,15.734375
JVASP-91924,24.38,27.234375
JVASP-56871,16.23,14.9296875
JVASP-20336,30.79,29.0625
JVASP-24633,23.83,27.609375
JVASP-86485,14.49,14.203125
JVASP-25091,4.25,10.7421875
JVASP-28476,0.1,8.375
JVASP-114247,15.4,13.21875
JVASP-116148,-4.91,-5.8164062
JVASP-52281,108.77,102.3125
JVASP-9147,105.89,98.4375
JVASP-15468,59.29,55.59375
JVASP-14878,146.82,158.25
JVASP-116495,47.11,43.09375
JVASP-14314,39.04,39.40625
JVASP-78319,25.93,25.59375
JVASP-103062,86.69,77.5625
JVASP-898,7.11,8.1640625
JVASP-17530,6.21,8.515625
JVASP-11792,37.09,38.78125
JVASP-56312,32.99,30.4375
JVASP-90675,66.4,58.96875
JVASP-11787,59.83,56.03125
JVASP-118541,28.4,27.765625
JVASP-62553,59.36,55.9375
JVASP-11596,41.6,38.9375
JVASP-11014,36.86,29.828125
JVASP-70208,70.15,69.25
JVASP-22894,46.17,39.03125
JVASP-92537,48.35,45.46875
JVASP-15599,94.15,88.0625
JVASP-119918,0.46,3.8554688
JVASP-10249,29.48,28.28125
JVASP-67545,105.64,107.75
JVASP-92554,4.31,9.140625
JVASP-66967,2.02,-7.3554688
JVASP-115971,-21.87,-4.703125
JVASP-114353,0.92,1.2314453
JVASP-2952,33.98,34.21875
JVASP-67624,98.59,86.4375
JVASP-110999,30.99,31.984375
JVASP-9172,9.27,10.78125
JVASP-10327,45.55,46.25
JVASP-86148,79.2,77.5
JVASP-85698,64.51,59.71875
JVASP-22537,5.68,6.1796875
JVASP-8693,45.41,48.9375
JVASP-69446,72.13,66.1875
JVASP-1195,41.36,39.75
JVASP-24596,10.86,13.8828125
JVASP-110216,39.43,35.5625
JVASP-11495,27.42,29.15625
JVASP-31154,5.69,6.5546875
JVASP-21502,28.44,24.921875
JVASP-3981,9.61,8.1171875
JVASP-117646,-3.48,-1.6337891
JVASP-25162,146.52,148.5
JVASP-66847,57.94,50.96875
JVASP-93792,100.46,105.75
JVASP-28377,35.15,34.59375
JVASP-100835,38.89,43.4375
JVASP-69226,0.04,9.3515625
JVASP-7968,26.75,28.84375
JVASP-1257,88.36,88.5
JVASP-99731,11.4,11.796875
JVASP-90812,55.4,44.59375
JVASP-93815,119.23,105.0
JVASP-114382,-2.75,-2.8710938
JVASP-44723,76.94,71.25
JVASP-41506,59.17,58.8125
JVASP-17224,41.4,39.0
JVASP-8584,12.68,11.734375
JVASP-38840,54.06,46.9375
JVASP-16835,61.33,67.0625
JVASP-11125,11.13,12.265625
JVASP-86373,119.31,106.125
JVASP-41105,68.2,60.28125
JVASP-69057,4.75,6.5625
JVASP-8255,20.45,23.734375
JVASP-8182,47.06,50.03125
JVASP-51170,-5.02,-8.8125
JVASP-34203,23.88,19.828125
JVASP-74447,7.64,7.7851562
JVASP-99256,72.11,64.875
JVASP-104927,21.57,19.34375
JVASP-26338,45.16,46.03125
JVASP-9250,61.7,62.6875
JVASP-114553,5.61,8.96875
JVASP-99841,-1.91,-2.5371094
JVASP-90784,42.37,28.875
JVASP-18211,107.24,98.5
JVASP-20391,55.88,36.15625
JVASP-10128,15.79,13.484375
JVASP-3318,27.45,24.125
JVASP-65500,23.17,21.125
JVASP-9121,12.31,8.890625
JVASP-117753,65.25,68.4375
JVASP-17657,17.82,25.515625
JVASP-118092,-8.21,-12.6484375
JVASP-37301,72.76,73.125
JVASP-14953,66.95,67.125
JVASP-9880,15.67,12.3046875
JVASP-86687,37.71,36.40625
JVASP-115744,30.16,28.703125
JVASP-93884,27.57,19.546875
JVASP-85463,0.0,0.6870117
JVASP-19084,45.56,44.75
JVASP-103814,26.51,17.671875
JVASP-29213,203.13,224.5
JVASP-67320,49.23,44.875
JVASP-4400,6.53,6.8554688
JVASP-115579,5.18,6.8398438
JVASP-109824,38.35,39.875
JVASP-36755,30.38,30.609375
JVASP-7794,128.3,113.3125
JVASP-78685,46.88,43.21875
JVASP-117097,11.88,7.0507812
JVASP-69066,8.19,9.203125
JVASP-107019,33.38,35.96875
JVASP-37664,21.66,23.296875
JVASP-63844,209.14,188.125
JVASP-34227,14.79,15.6953125
JVASP-3183,36.39,36.21875
JVASP-43602,11.02,21.828125
JVASP-14894,69.15,70.5
JVASP-21091,124.23,138.625
JVASP-68642,1.74,-3.59375
JVASP-2235,17.27,11.9296875
JVASP-49936,68.22,56.40625
JVASP-26728,15.09,20.46875
JVASP-35693,57.61,52.25
JVASP-30186,34.99,35.09375
JVASP-8696,16.18,17.375
JVASP-120075,27.33,32.40625
JVASP-34725,22.37,22.859375
JVASP-121307,19.67,12.84375
JVASP-10017,22.12,27.046875
JVASP-20565,148.28,122.375
JVASP-119936,25.37,27.890625
JVASP-15070,5.48,5.0976562
JVASP-85573,40.1,39.40625
JVASP-16849,28.22,29.53125
JVASP-2301,57.86,53.65625
JVASP-120123,24.81,27.15625
JVASP-16086,48.62,41.28125
JVASP-35981,-18.9,18.75
JVASP-65251,17.9,12.0
JVASP-8168,20.05,19.59375
JVASP-17440,-6.14,-2.6269531
JVASP-109371,32.88,35.03125
JVASP-102867,8.6,7.9492188
JVASP-9730,122.4,116.125
JVASP-56367,7.02,0.75927734
JVASP-78644,52.38,45.5
JVASP-17785,63.68,55.125
JVASP-50093,32.69,39.0
JVASP-14547,19.76,18.53125
JVASP-15743,36.53,36.5
JVASP-99535,8.2,1.5791016
JVASP-40658,21.13,21.46875
JVASP-9569,42.15,39.21875
JVASP-102064,7.3,15.3125
JVASP-117720,-6.65,2.2265625
JVASP-17471,33.51,31.359375
JVASP-20204,55.31,51.28125
JVASP-17631,46.85,44.0
JVASP-36328,14.2,13.3984375
JVASP-22709,27.83,27.90625
JVASP-12755,6.47,6.8320312
JVASP-99641,3.53,3.5507812
JVASP-107261,93.16,92.5625
JVASP-23794,120.17,126.375
JVASP-115413,8.83,5.4726562
JVASP-29789,24.79,26.015625
JVASP-17832,46.77,46.3125
JVASP-38244,2.36,3.7578125
JVASP-113737,6.01,4.2773438
JVASP-10146,80.47,68.1875
JVASP-1300,56.16,51.25
JVASP-106309,5.34,6.4960938
JVASP-25341,28.03,28.953125
JVASP-15808,18.27,18.421875
JVASP-14217,9.07,8.71875
JVASP-45,29.15,28.25
JVASP-69260,19.16,18.921875
JVASP-11545,65.15,59.25
JVASP-45992,51.56,46.0
JVASP-35156,14.7,12.3671875
JVASP-109102,42.83,40.8125
JVASP-24261,11.67,9.046875
JVASP-70488,3.67,5.1640625
JVASP-21026,92.89,89.875
JVASP-51068,98.52,95.5
JVASP-25095,0.93,-1.2871094
JVASP-65240,58.27,52.8125
JVASP-38564,24.38,21.75
JVASP-13835,66.89,67.3125
JVASP-40632,75.68,79.875
JVASP-115509,30.13,35.78125
JVASP-16633,64.95,63.875
JVASP-87170,44.03,37.625
JVASP-100134,26.78,20.890625
JVASP-2032,19.29,21.8125
JVASP-11818,105.06,113.875
JVASP-36972,2.95,0.08300781
JVASP-15093,61.93,60.4375
JVASP-94868,46.91,42.125
JVASP-10096,17.76,18.109375
JVASP-14540,33.42,30.1875
JVASP-22721,9.13,8.8046875
JVASP-11184,15.3,15.078125
JVASP-68786,0.0,2.6132812
JVASP-74293,0.44,1.3710938
JVASP-118806,16.69,12.0859375
JVASP-97030,36.81,34.53125
JVASP-57361,32.74,37.3125
JVASP-14067,27.77,28.640625
JVASP-35830,-12.09,-11.703125
JVASP-41730,16.18,13.4453125
JVASP-74402,55.09,55.28125
JVASP-3525,9.99,9.8515625
JVASP-87927,71.4,61.125
JVASP-1495,25.0,23.859375
JVASP-25277,-3.39,-1.3193359
JVASP-93250,66.76,65.75
JVASP-59051,7.75,7.6679688
JVASP-115506,-5.64,-4.0703125
JVASP-86784,14.85,12.984375
JVASP-9107,77.08,78.875
JVASP-54707,33.87,32.96875
JVASP-1044,143.46,145.375
JVASP-75507,0.32,-0.9458008
JVASP-90143,25.51,23.359375
JVASP-1318,27.78,24.890625
JVASP-116345,73.86,77.3125
JVASP-12135,15.26,13.7421875
JVASP-35105,37.26,41.75
JVASP-116278,14.25,12.2734375
JVASP-70825,0.0,-1.9863281
JVASP-65178,2.94,0.5253906
JVASP-9384,67.99,66.75
JVASP-104976,48.83,46.5625
JVASP-17659,26.95,22.0
JVASP-9349,39.73,34.65625
JVASP-42958,58.33,60.875
JVASP-116433,38.02,42.03125
JVASP-14605,19.33,16.875
JVASP-38182,6.67,7.296875
JVASP-5662,7.06,8.1171875
JVASP-16514,-22.47,36.4375
JVASP-16838,32.06,26.9375
JVASP-71224,27.66,22.90625
JVASP-10462,108.1,103.5625
JVASP-17610,20.11,25.078125
JVASP-34292,26.61,22.75
JVASP-11721,94.5,102.0625
JVASP-36809,19.3,17.34375
JVASP-115213,57.71,51.46875
JVASP-25664,28.77,29.90625
JVASP-15718,81.48,80.5
JVASP-100576,15.74,19.796875
JVASP-40028,46.14,42.4375
JVASP-34439,28.74,28.8125
JVASP-111283,6.37,8.390625
JVASP-50129,18.36,21.375
JVASP-16134,11.67,13.109375
JVASP-100356,22.59,22.921875
JVASP-74806,19.31,24.390625
JVASP-1142,86.98,83.1875
JVASP-35520,79.79,81.875
JVASP-40510,38.72,39.59375
JVASP-15588,48.23,53.65625
JVASP-11421,15.99,15.4453125
JVASP-85372,68.09,63.3125
JVASP-9434,32.86,31.90625
JVASP-115468,6.64,6.15625
JVASP-21017,25.23,26.03125
JVASP-93924,23.84,24.671875
JVASP-93254,28.72,27.34375
JVASP-48,220.03,209.75
JVASP-101431,40.12,41.0625
JVASP-9126,86.2,86.25
JVASP-99892,19.13,34.0
JVASP-12962,41.55,36.4375
JVASP-79797,43.4,39.0625
JVASP-120277,57.37,56.1875
JVASP-87331,88.83,102.4375
JVASP-9737,65.39,72.5
JVASP-108715,88.33,89.5625
JVASP-74812,17.15,21.859375
JVASP-541,26.98,22.765625
JVASP-110117,71.91,73.625
JVASP-87076,26.12,28.828125
JVASP-16273,34.96,36.21875
JVASP-38806,100.72,105.1875
JVASP-8063,23.55,20.234375
JVASP-2748,30.67,32.25
JVASP-2616,64.65,57.59375
JVASP-114513,-9.44,-11.0546875
JVASP-18042,16.62,18.03125
JVASP-49962,59.73,61.875
JVASP-8826,53.55,47.25
JVASP-9212,58.83,57.5625
JVASP-24447,7.07,10.3515625
JVASP-29969,29.46,31.53125
JVASP-120284,49.75,45.78125
JVASP-1261,17.2,13.6796875
JVASP-16449,37.68,33.59375
JVASP-7868,47.81,45.6875
JVASP-4059,35.03,29.78125
JVASP-69158,6.86,6.1445312
JVASP-36465,52.22,53.65625
JVASP-115683,5.11,7.390625
JVASP-68290,78.52,83.0625
JVASP-114808,2.89,2.9296875
JVASP-116238,7.73,4.7851562
JVASP-29089,3.11,3.8242188
JVASP-8741,22.88,14.8125
JVASP-85600,58.69,51.28125
JVASP-10064,120.55,133.625
JVASP-67559,15.62,-2.9121094
JVASP-70154,50.25,46.90625
JVASP-29446,0.3,8.6484375
JVASP-9811,33.9,31.859375
JVASP-12759,8.41,5.96875
JVASP-2166,7.36,6.578125
JVASP-39117,47.4,40.96875
JVASP-14808,-2.4,-5.0234375
JVASP-3969,15.58,13.96875
JVASP-17955,31.68,38.8125
JVASP-25264,1.35,1.2265625
JVASP-15066,68.7,66.8125
JVASP-35645,39.55,38.4375
JVASP-103115,9.14,10.8125
JVASP-18190,16.46,33.90625
JVASP-16468,20.31,20.46875
JVASP-40079,18.98,22.546875
JVASP-12118,18.45,9.15625
JVASP-112335,12.14,13.6015625
JVASP-5560,12.86,9.09375
JVASP-36467,32.0,31.34375
JVASP-41867,45.74,44.46875
JVASP-100234,22.94,26.421875
JVASP-9090,212.18,202.5
JVASP-39109,53.7,47.9375
JVASP-20533,22.67,24.0
JVASP-91584,167.37,138.125
JVASP-69332,9.36,5.8945312
JVASP-41459,29.54,24.5
JVASP-67619,73.65,66.4375
JVASP-118303,17.83,14.734375
JVASP-8290,50.92,52.375
JVASP-12732,22.08,21.703125
JVASP-68256,43.76,38.8125
JVASP-25416,250.74,240.625
JVASP-117083,77.71,65.625
JVASP-58394,58.74,52.65625
JVASP-74073,41.43,37.21875
JVASP-9134,148.18,134.25
JVASP-17309,97.7,96.5
JVASP-601,24.61,23.421875
JVASP-8188,140.54,159.375
JVASP-15617,43.71,44.4375
JVASP-37282,20.56,18.421875
JVASP-17733,42.4,38.6875
JVASP-15854,115.16,121.0625
JVASP-54783,-2.6,-1.3007812
JVASP-2520,29.51,29.015625
JVASP-36615,121.86,110.5
JVASP-17385,45.7,43.65625
JVASP-16604,-4.74,-4.3554688
JVASP-45924,82.86,71.3125
JVASP-68452,20.29,16.71875
JVASP-9546,31.86,33.5625
JVASP-29915,16.62,16.4375
JVASP-74174,37.79,31.515625
JVASP-119953,7.92,7.3671875
JVASP-1363,142.66,137.875
JVASP-114934,8.37,5.4882812
JVASP-19787,35.84,23.28125
JVASP-100266,42.62,33.25
JVASP-2592,9.04,4.125
JVASP-8370,37.16,36.28125
JVASP-99100,31.99,31.0
JVASP-47125,54.77,49.03125
JVASP-3135,62.5,54.375
JVASP-39460,-1.12,-2.3203125
JVASP-118301,24.76,12.8046875
JVASP-22748,34.61,30.828125
JVASP-25900,26.49,27.046875
JVASP-115773,132.42,144.125
JVASP-35756,-1.76,-2.0117188
JVASP-99493,17.79,9.15625
JVASP-90065,24.85,27.609375
JVASP-96514,6.29,5.2695312
JVASP-35370,112.28,125.125
JVASP-17700,58.16,62.0625
JVASP-119927,0.5,-0.76464844
JVASP-41131,39.0,37.5625
JVASP-106938,15.43,18.296875
JVASP-1279,151.36,147.75
JVASP-85112,2.75,4.265625
JVASP-22653,39.2,38.6875
JVASP-14824,9.76,8.0234375
JVASP-85352,15.6,15.59375
JVASP-48577,9.93,11.3046875
JVASP-7784,33.17,28.828125
JVASP-74467,33.08,30.53125
JVASP-99917,56.69,57.5
JVASP-116449,60.64,52.6875
JVASP-17810,35.76,26.21875
JVASP-18707,62.2,50.25
JVASP-18766,72.08,76.75
JVASP-10591,32.97,28.515625
JVASP-2733,33.05,21.328125
JVASP-8153,116.73,107.375
JVASP-38893,42.8,43.78125
JVASP-15656,32.61,26.484375
JVASP-16353,18.6,22.671875
JVASP-65182,21.54,16.5625
JVASP-74367,54.98,52.40625
JVASP-17420,56.48,49.96875
JVASP-97034,14.13,27.75
JVASP-96148,-8.61,-13.765625
JVASP-90791,44.56,46.125
JVASP-100631,59.28,56.875
JVASP-121292,8.31,5.7929688
JVASP-21113,87.58,76.5
JVASP-106315,35.25,35.90625
JVASP-67839,17.19,7.1445312
JVASP-15417,56.15,59.46875
JVASP-85785,6.35,7.9414062
JVASP-11370,51.49,48.4375
JVASP-18192,-15.32,-13.4921875
JVASP-25175,25.69,23.421875
JVASP-35057,20.65,13.1640625
JVASP-67908,51.57,54.65625
JVASP-105875,27.31,27.578125
JVASP-30365,24.65,16.078125
JVASP-31903,4.71,3.4980469
JVASP-118311,-2.75,-3.3203125
JVASP-22907,30.09,26.21875
JVASP-95484,0.0,6.0351562
JVASP-85788,23.17,20.203125
JVASP-28414,19.48,20.1875
JVASP-14913,46.48,46.59375
JVASP-56743,76.46,62.875
JVASP-117527,7.34,6.234375
JVASP-15176,93.48,88.0625
JVASP-68998,13.09,10.4453125
JVASP-10121,51.13,50.4375
JVASP-14165,12.13,10.9921875
JVASP-120361,-0.87,5.8476562
JVASP-115341,91.66,96.625
JVASP-91819,7.77,0.7421875
JVASP-115589,5.73,5.8398438
JVASP-42764,38.99,36.0625
JVASP-20154,34.91,33.6875
JVASP-44224,11.61,6.7109375
JVASP-17182,-3.26,-1.9472656
JVASP-17698,86.0,76.5
JVASP-100424,23.19,17.40625
JVASP-18693,31.06,28.5625
JVASP-117882,23.21,26.765625
JVASP-99849,19.16,14.6640625
JVASP-16841,43.91,43.5
JVASP-115704,10.06,10.609375
JVASP-42657,141.71,136.0
JVASP-8126,16.33,17.34375
JVASP-8167,91.67,84.8125
JVASP-25655,6.56,6.6171875
JVASP-16521,50.2,41.03125
JVASP-93351,52.45,45.9375
JVASP-20544,117.54,113.125
JVASP-22958,32.97,28.3125
JVASP-115912,0.44,-3.6914062
JVASP-3603,41.03,35.03125
JVASP-16257,46.26,40.46875
JVASP-18216,65.72,56.96875
JVASP-9419,17.51,19.65625
JVASP-22523,5.4,5.1171875
JVASP-9740,80.99,85.625
JVASP-17585,63.73,65.5
JVASP-52179,8.66,12.9375
JVASP-15824,45.67,42.625
JVASP-1513,72.68,59.46875
JVASP-115101,9.03,9.1328125
JVASP-8486,88.01,90.375
JVASP-10073,75.54,69.25
JVASP-7821,175.71,158.0
JVASP-61768,23.52,22.234375
JVASP-12543,10.49,12.8828125
JVASP-39765,29.32,27.625
JVASP-5701,14.82,11.34375
JVASP-23764,20.19,19.671875
JVASP-18127,133.52,125.4375
JVASP-71099,10.98,16.625
JVASP-28669,30.74,30.046875
JVASP-69582,12.55,13.890625
JVASP-8316,52.44,53.25
JVASP-54821,5.63,5.234375
JVASP-13272,55.34,52.5625
JVASP-75790,24.88,21.609375
JVASP-94281,9.12,7.8046875
JVASP-49940,64.02,63.3125
JVASP-14506,56.76,56.375
JVASP-12277,37.75,36.90625
JVASP-94854,78.21,75.0
JVASP-65407,17.82,17.546875
JVASP-20619,39.42,41.84375
JVASP-116526,11.54,20.5
JVASP-117763,13.51,15.4140625
JVASP-100332,51.41,44.4375
JVASP-52574,33.71,34.6875
JVASP-39077,28.1,26.34375
JVASP-25223,2.56,2.1289062
JVASP-89981,45.87,49.4375
JVASP-23369,5.4,3.4746094
JVASP-8588,13.74,14.5078125
JVASP-115044,-2.44,-0.45483398
JVASP-71996,51.72,56.875
JVASP-16142,44.27,44.5625
JVASP-56810,40.66,38.5
JVASP-36959,8.03,9.4140625
JVASP-12571,14.42,13.2109375
JVASP-1477,17.75,20.546875
JVASP-93682,21.63,19.84375
JVASP-75854,1.99,5.6015625
JVASP-21041,31.05,32.0625
JVASP-15729,162.84,179.125
JVASP-79491,14.13,17.921875
JVASP-51374,23.91,27.78125
JVASP-33803,4.03,5.5429688
JVASP-74755,6.77,6.9648438
JVASP-17807,24.98,21.125
JVASP-85705,68.12,75.25
JVASP-41877,74.52,71.75
JVASP-75658,2.84,-0.04345703
JVASP-18237,42.79,42.1875
JVASP-14545,51.82,48.75
JVASP-21199,36.78,30.734375
JVASP-9717,17.7,17.109375
JVASP-109058,28.05,29.890625
JVASP-18462,31.59,34.1875
JVASP-59285,67.65,65.6875
JVASP-34962,6.77,9.6484375
JVASP-14863,79.1,89.75
JVASP-93245,21.6,21.390625
JVASP-43832,22.74,26.578125
JVASP-54794,35.04,36.46875
JVASP-11816,20.84,21.09375
JVASP-17278,78.59,89.125
JVASP-117575,1.15,5.6289062
JVASP-110577,38.0,41.25
JVASP-66216,-17.82,-18.171875
JVASP-15799,18.88,19.140625
JVASP-122922,-10.56,-13.6796875
JVASP-93361,29.95,34.90625
JVASP-75826,2.0,4.0273438
JVASP-110231,70.71,61.875
JVASP-1567,61.0,61.8125
JVASP-100180,28.58,28.03125
JVASP-14309,26.59,28.6875
JVASP-308,75.16,78.0625
JVASP-14804,14.1,17.796875
JVASP-11964,77.51,78.3125
JVASP-35061,82.08,68.0
JVASP-77158,32.59,31.171875
JVASP-85355,73.36,67.9375
JVASP-107233,5.13,4.6210938
JVASP-16458,50.44,59.15625
JVASP-87066,23.6,23.859375
JVASP-20148,51.13,55.15625
JVASP-41866,39.02,36.53125
JVASP-28726,1.14,0.7426758
JVASP-18016,90.02,100.5625
JVASP-68215,80.69,78.8125
JVASP-69240,23.53,24.140625
JVASP-15275,16.79,19.71875
JVASP-65409,29.37,29.09375
JVASP-70992,0.0,0.70654297
JVASP-115267,67.8,71.5625
JVASP-18509,17.21,20.0625
JVASP-44678,65.15,55.4375
JVASP-20520,48.06,44.40625
JVASP-118392,-18.29,19.265625
JVASP-116458,22.22,20.03125
JVASP-69231,13.55,17.15625
JVASP-17318,65.2,63.6875
JVASP-89050,0.96,23.859375
JVASP-70071,25.7,31.40625
JVASP-12929,1.19,4.8632812
JVASP-45986,36.07,36.875
JVASP-20513,25.16,34.0
JVASP-11963,101.68,96.3125
JVASP-18105,43.75,43.3125
JVASP-64993,-7.14,-3.4921875
JVASP-118862,1.38,2.9472656
JVASP-18204,16.28,18.578125
JVASP-36126,30.87,32.9375
JVASP-99009,57.58,57.28125
JVASP-114501,155.46,127.9375
JVASP-15856,41.16,38.0625
JVASP-8399,11.53,11.21875
JVASP-19844,66.8,60.15625
JVASP-19715,43.68,40.9375
JVASP-117607,13.32,11.453125
JVASP-115301,32.29,27.859375
JVASP-95009,24.39,23.59375
JVASP-106389,7.37,9.328125
JVASP-65289,8.64,6.7148438
JVASP-14994,29.74,30.046875
JVASP-110606,21.42,22.9375
JVASP-99686,12.22,11.2421875
JVASP-20625,30.98,36.125
JVASP-39732,47.07,50.46875
JVASP-117485,163.73,111.0
JVASP-71679,61.57,58.65625
JVASP-118132,-15.5,-13.671875
JVASP-53295,-7.64,-2.1582031
JVASP-14541,18.22,16.53125
JVASP-74880,30.25,26.625
JVASP-35662,57.34,46.3125
JVASP-9381,62.02,68.125
JVASP-117576,4.47,4.4609375
JVASP-16678,44.33,36.28125
JVASP-8457,79.81,71.75
JVASP-19840,33.44,29.765625
JVASP-596,30.95,27.8125
JVASP-44787,32.87,32.21875
JVASP-25205,5.1,10.1796875
JVASP-66789,21.63,17.328125
JVASP-40002,67.38,69.3125
JVASP-16435,17.58,20.546875
JVASP-3090,51.19,48.6875
JVASP-74264,35.86,34.21875
JVASP-90721,78.83,74.5
JVASP-21013,10.03,11.7421875
JVASP-36637,78.7,76.875
JVASP-50380,82.01,72.375
JVASP-38187,3.55,2.7890625
JVASP-114039,9.02,5.3203125
JVASP-15387,44.16,38.375
JVASP-110393,33.63,43.21875
JVASP-65608,21.85,23.0
JVASP-36976,7.31,6.5078125
JVASP-85405,27.29,28.59375
JVASP-12435,55.57,52.59375
JVASP-36480,23.46,30.296875
JVASP-15269,93.5,85.1875
JVASP-16359,41.3,41.6875
JVASP-33226,11.01,8.75
JVASP-105906,0.85,25.390625
JVASP-118563,55.14,39.375
JVASP-117754,57.7,57.96875
JVASP-18656,36.99,30.015625
JVASP-14783,46.71,40.96875
JVASP-101389,15.94,20.96875
JVASP-30630,62.66,61.875
JVASP-117741,-19.11,-18.328125
JVASP-8789,120.7,133.375
JVASP-118682,3.49,-3.1269531
JVASP-114713,3.79,-2.4628906
JVASP-93897,79.87,82.0625
JVASP-64961,17.52,13.9375
JVASP-14632,74.79,73.8125
JVASP-93256,7.28,7.4765625
JVASP-14721,31.72,27.234375
JVASP-67068,29.38,27.875
JVASP-35151,48.03,51.3125
JVASP-10745,25.15,22.25
JVASP-16372,58.12,53.09375
JVASP-7851,86.04,82.6875
JVASP-23344,56.51,46.28125
JVASP-120382,9.51,-4.671875
JVASP-103127,24.35,24.40625
JVASP-99903,40.14,28.421875
JVASP-71743,19.67,18.578125
JVASP-50919,67.01,59.65625
JVASP-5839,20.91,17.9375
JVASP-19597,120.54,129.375
JVASP-99966,128.15,113.0625
JVASP-118904,29.81,26.359375
JVASP-14876,73.53,69.8125
JVASP-37916,52.88,50.96875
JVASP-71291,27.5,25.71875
JVASP-35685,1.44,2.1289062
JVASP-19928,40.3,39.1875
JVASP-15528,36.3,39.90625
JVASP-9758,97.0,90.9375
JVASP-38306,4.5,1.0263672
JVASP-120192,5.13,1.4287109
JVASP-64315,-2.46,-2.5957031
JVASP-24934,48.91,40.15625
JVASP-64983,54.16,57.28125
JVASP-19886,28.57,25.671875
JVASP-92568,19.69,18.265625
JVASP-14710,44.06,35.1875
JVASP-13292,-3.42,14.90625
JVASP-10500,224.22,231.5
JVASP-38255,3.1,5.0
JVASP-75566,2.01,5.390625
JVASP-85471,6.65,7.796875
JVASP-74363,-0.07,-1.828125
JVASP-118914,5.19,1.5117188
JVASP-18255,16.93,19.25
JVASP-2080,62.7,56.46875
JVASP-37951,7.72,9.1171875
JVASP-67973,44.57,40.46875
JVASP-75684,16.2,12.125
JVASP-55641,19.74,14.6796875
JVASP-86137,15.81,17.765625
JVASP-51708,41.24,36.71875
JVASP-22593,12.5,10.25
JVASP-49934,49.28,50.90625
JVASP-12505,21.98,15.2890625
JVASP-15274,100.69,95.5625
JVASP-35817,91.5,85.75
JVASP-17997,27.1,22.40625
JVASP-64144,0.48,2.6953125
JVASP-571,47.93,43.6875
JVASP-17968,12.17,8.8984375
JVASP-92525,25.33,22.015625
JVASP-17540,50.3,47.8125
JVASP-42017,30.44,26.75
JVASP-4657,24.77,25.90625
JVASP-40322,41.12,38.84375
JVASP-1225,35.57,31.046875
JVASP-15536,42.42,40.96875
JVASP-90648,164.03,173.0
JVASP-10971,69.11,70.0
JVASP-70164,65.52,63.84375
JVASP-99604,2.41,2.3144531
JVASP-65153,43.23,45.25
JVASP-18174,31.35,40.53125
JVASP-89222,103.31,114.625
JVASP-20165,1.74,-3.2148438
JVASP-87975,9.38,12.515625
JVASP-115818,-3.35,-1.2773438
JVASP-20532,83.54,88.9375
JVASP-115253,-3.49,-3.2753906
JVASP-109061,48.29,52.4375
JVASP-36650,201.75,201.75
JVASP-5758,10.66,14.4375
JVASP-101289,121.25,149.875
JVASP-92261,31.85,26.375
JVASP-122991,37.88,38.0
JVASP-75750,0.06,4.6289062
JVASP-16228,224.96,239.0
JVASP-15294,60.09,63.8125
JVASP-15901,65.85,93.5
JVASP-114825,49.65,58.625
JVASP-110876,1.13,4.3320312
JVASP-19699,20.04,27.890625
JVASP-86750,79.21,86.625
JVASP-8366,17.54,14.75
JVASP-7638,27.07,19.359375
JVASP-37209,144.26,158.125
JVASP-85041,7.73,7.2695312
JVASP-12325,53.71,52.28125
JVASP-64127,-9.06,-3.6972656
JVASP-39408,36.72,40.3125
JVASP-13350,27.76,21.296875
JVASP-8377,30.42,50.0
JVASP-68920,14.83,20.671875
JVASP-7661,26.97,32.15625
JVASP-37938,8.87,8.8984375
JVASP-8077,122.81,119.5
JVASP-8559,10.88,6.78125
JVASP-116708,35.89,33.25
JVASP-26746,7.74,9.1875
JVASP-28777,0.8,9.7890625
JVASP-99596,111.43,122.5
JVASP-75491,10.86,11.6640625
JVASP-93364,31.02,38.4375
JVASP-57164,21.45,19.40625
JVASP-43920,50.26,55.4375
JVASP-10581,49.54,53.0625
JVASP-10055,78.66,82.6875
JVASP-75740,0.32,-0.66845703
JVASP-117629,10.83,14.484375
JVASP-71847,31.01,35.59375
JVASP-37117,21.54,20.53125
JVASP-25204,5.31,3.0117188
JVASP-67292,65.74,66.6875
JVASP-65720,17.77,18.078125
JVASP-15812,30.39,28.890625
JVASP-13427,31.99,36.1875
JVASP-62724,9.63,9.4296875
JVASP-101643,30.83,30.578125
JVASP-40773,43.12,39.21875
JVASP-101704,2.85,16.1875
JVASP-7703,0.32,3.2675781
JVASP-20582,24.14,31.328125
JVASP-13299,38.19,36.53125
JVASP-114022,2.3,3.90625
JVASP-14603,31.52,34.125
JVASP-51022,17.15,17.765625
JVASP-19386,78.63,76.9375
JVASP-7856,49.36,62.34375
JVASP-38728,44.5,62.28125
JVASP-70954,78.65,84.1875
JVASP-71358,3.97,5.7578125
JVASP-41125,45.64,49.46875
JVASP-16351,48.34,48.28125
JVASP-66433,-16.08,-17.59375
JVASP-14316,16.68,20.625
JVASP-114937,13.2,12.328125
JVASP-101929,40.93,43.46875
JVASP-118319,10.23,9.703125
JVASP-2901,10.11,7.9921875
JVASP-91597,8.65,9.28125
JVASP-35732,-0.58,5.2070312
JVASP-110411,29.04,30.671875
JVASP-38876,34.3,36.65625
JVASP-22608,30.41,36.40625
JVASP-86827,10.65,13.953125
JVASP-18111,23.42,22.15625
JVASP-16274,76.21,84.125
JVASP-92654,55.71,53.46875
JVASP-70511,0.0,2.3378906
JVASP-107998,-2.65,19.421875
JVASP-102146,29.97,34.6875
JVASP-93271,91.23,101.9375
JVASP-94359,42.17,50.71875
JVASP-8754,12.45,13.5546875
JVASP-38465,15.84,20.5625
JVASP-65129,0.57,0.45898438
JVASP-67617,40.78,37.09375
JVASP-12594,33.58,33.28125
JVASP-36342,-24.02,-16.359375
JVASP-103445,13.51,16.671875
JVASP-9322,34.16,33.625
JVASP-93232,64.94,89.0
JVASP-29482,23.19,27.5625
JVASP-99644,33.67,34.625
JVASP-57251,17.85,22.328125
JVASP-2178,16.79,16.640625
JVASP-15061,33.72,36.25
JVASP-20370,60.38,67.625
JVASP-75708,3.84,3.4628906
JVASP-20642,58.17,61.40625
JVASP-43871,44.83,52.0
JVASP-35668,35.39,40.8125
JVASP-103400,0.0,6.6757812
JVASP-67621,47.06,51.0625
JVASP-86850,-12.54,4.0
JVASP-115461,7.27,4.4765625
JVASP-121235,26.92,29.953125
JVASP-40944,29.08,29.546875
JVASP-65577,11.2,13.4375
JVASP-17347,29.41,63.21875
JVASP-18261,16.04,22.359375
JVASP-25090,-14.58,5.0039062
JVASP-106877,34.92,33.71875
JVASP-15254,23.48,25.765625
JVASP-115647,12.15,13.6171875
JVASP-71151,0.0,0.93359375
JVASP-9998,31.07,34.4375
JVASP-9580,28.7,26.546875
JVASP-118571,7.07,6.9140625
JVASP-85745,35.27,41.5625
JVASP-40478,24.65,23.015625
JVASP-19612,29.82,21.34375
JVASP-4552,18.14,22.5625
JVASP-68241,10.88,2.6992188
JVASP-118464,4.77,7.53125
JVASP-35784,84.8,85.9375
JVASP-71448,92.98,98.25
JVASP-9602,43.99,47.03125
JVASP-3486,14.6,12.59375
JVASP-18537,18.81,17.03125
JVASP-8283,26.63,23.015625
JVASP-37636,51.2,58.96875
JVASP-106126,78.77,92.8125
JVASP-101063,40.56,39.6875
JVASP-10537,10.59,9.890625
JVASP-64843,0.88,0.22314453
JVASP-15915,39.1,31.796875
JVASP-37095,16.02,16.640625
JVASP-69126,8.32,19.4375
JVASP-79568,116.34,93.0625
JVASP-48137,27.61,30.125
JVASP-9625,16.07,23.640625
JVASP-17294,106.89,105.9375
JVASP-28816,34.06,36.03125
JVASP-8113,7.64,4.59375
JVASP-74064,83.53,74.125
JVASP-8382,40.69,39.96875
JVASP-13022,11.83,11.21875
JVASP-40007,37.76,40.09375
JVASP-67629,5.51,1.84375
JVASP-68283,29.8,30.078125
JVASP-92567,89.82,75.6875
JVASP-8013,69.42,73.125
JVASP-28761,46.88,42.875
JVASP-117846,10.28,9.5078125
JVASP-39343,38.94,38.59375
JVASP-90749,4.8,6.5703125
JVASP-52863,18.4,17.859375
JVASP-46518,23.08,24.15625
JVASP-14922,103.39,112.3125
JVASP-93780,8.17,14.265625
JVASP-16871,67.85,67.4375
JVASP-19780,178.61,176.875
JVASP-11440,35.33,41.0
JVASP-103358,18.25,19.09375
JVASP-30638,59.31,55.78125
JVASP-15467,68.49,71.0625
JVASP-15473,69.19,68.8125
JVASP-36336,59.76,57.34375
JVASP-78585,69.94,71.25
JVASP-101367,17.36,25.578125
JVASP-8809,16.07,18.765625
JVASP-114653,12.6,7.2851562
JVASP-9721,79.85,77.0
JVASP-18493,31.72,30.734375
JVASP-1981,31.3,23.859375
JVASP-63285,13.64,12.234375
JVASP-118103,8.7,5.9882812
JVASP-100609,9.02,12.453125
JVASP-36626,93.74,94.6875
JVASP-68354,43.21,40.0625
JVASP-2463,20.34,20.84375
JVASP-86163,13.73,14.625
JVASP-20284,29.97,27.109375
JVASP-67010,14.98,5.9335938
JVASP-15245,39.0,36.375
JVASP-10177,27.31,26.546875
JVASP-89267,57.03,60.53125
JVASP-18123,7.99,53.8125
JVASP-20610,39.26,38.59375
JVASP-9951,55.7,53.96875
JVASP-75483,11.58,21.84375
JVASP-9824,-4.88,1.7324219
JVASP-93486,47.77,23.109375
JVASP-117542,7.58,10.125
JVASP-65152,25.83,26.40625
JVASP-122959,69.42,58.03125
JVASP-43531,34.73,33.59375
JVASP-7657,9.12,10.328125
JVASP-15887,132.45,148.875
JVASP-75827,0.32,-4.7382812
JVASP-7733,38.06,45.59375
JVASP-106946,13.47,23.921875
JVASP-57097,-18.66,7.6054688
JVASP-22444,87.75,81.875
JVASP-14872,118.17,109.1875
JVASP-37097,6.34,8.78125
JVASP-9794,21.83,22.140625
JVASP-121095,50.2,48.90625
JVASP-38675,29.67,26.5
JVASP-1309,36.96,36.96875
JVASP-116178,10.45,6.6914062
JVASP-21492,67.66,66.0625
JVASP-115089,32.01,34.4375
JVASP-17773,25.0,25.171875
JVASP-120254,12.87,7.6484375
JVASP-107331,6.05,7.8398438
JVASP-1327,50.02,46.90625
JVASP-11978,111.44,109.5625
JVASP-41382,75.12,70.5
JVASP-106193,4.83,3.2832031
JVASP-118368,-2.53,-2.3144531
JVASP-71803,51.76,50.90625
JVASP-4198,11.89,16.796875
JVASP-78509,60.63,62.8125
JVASP-8522,13.32,12.859375
JVASP-78628,7.59,5.3164062
JVASP-14556,51.38,63.5
JVASP-49753,44.99,47.84375
JVASP-16663,25.35,22.96875
JVASP-99874,73.18,72.75
JVASP-70968,0.0,4.1210938
JVASP-9884,37.41,36.6875
JVASP-43301,61.95,61.78125
JVASP-15069,29.02,26.84375
JVASP-22618,32.68,30.34375
JVASP-25515,11.19,8.3203125
JVASP-30383,24.87,24.03125
JVASP-8641,22.66,24.984375
JVASP-100395,35.07,29.4375
JVASP-57518,32.53,32.375
JVASP-70890,0.0,1.3232422
JVASP-18197,26.61,26.703125
JVASP-57335,20.94,22.875
JVASP-78373,21.22,21.578125
JVASP-35893,96.15,97.875
JVASP-18897,-6.52,-6.8398438
JVASP-30266,44.49,42.65625
JVASP-17455,65.88,63.125
JVASP-25290,122.97,112.6875
JVASP-8083,77.54,88.9375
JVASP-14676,88.94,106.75
JVASP-8029,114.14,112.5625
JVASP-17796,49.38,47.0625
JVASP-14905,21.33,18.390625
JVASP-71150,33.51,25.71875
JVASP-7823,45.8,42.4375
JVASP-103349,11.8,9.5625
JVASP-78424,14.92,9.0234375
JVASP-87207,34.14,34.1875
JVASP-90803,21.53,19.90625
JVASP-114795,8.24,8.546875
JVASP-118534,48.94,24.21875
JVASP-71547,-16.15,-11.640625
JVASP-16483,36.98,34.625
JVASP-3078,29.97,30.453125
JVASP-106324,56.69,59.15625
JVASP-952,249.28,257.0
JVASP-74186,75.99,77.625
JVASP-21529,84.43,86.5625
JVASP-118015,26.44,23.171875
JVASP-28876,3.26,3.4023438
JVASP-71094,0.0,-5.4257812
JVASP-79142,74.21,81.125
JVASP-594,41.09,35.9375
JVASP-13322,36.74,33.15625
JVASP-116381,13.87,10.296875
JVASP-64418,-3.4,-1.3916016
JVASP-92163,-1.99,7.859375
JVASP-20593,69.7,51.8125
JVASP-16627,66.58,62.9375
JVASP-14503,19.67,7.3632812
JVASP-58368,134.14,140.125
JVASP-114724,92.88,85.8125
JVASP-16334,28.84,29.09375
JVASP-115176,5.32,2.5996094
JVASP-5215,16.33,16.65625
JVASP-18771,23.32,11.21875
JVASP-115908,7.13,6.8671875
JVASP-18304,142.02,132.125
JVASP-111827,14.64,16.859375
JVASP-74190,38.96,32.25
JVASP-91798,71.72,69.8125
JVASP-36806,16.6,11.1484375
JVASP-118032,13.55,11.4375
JVASP-7864,90.08,100.5625
JVASP-21665,51.22,54.65625
JVASP-39915,24.76,22.28125
JVASP-30455,67.44,60.46875
JVASP-121279,2.29,-0.13867188
JVASP-41478,67.32,70.0625
JVASP-118129,9.27,9.4921875
JVASP-14805,54.72,52.75
JVASP-14507,29.74,24.578125
JVASP-37405,33.08,31.34375
JVASP-115488,-5.03,-2.8652344
JVASP-41881,16.42,12.4765625
JVASP-35078,19.47,8.78125
JVASP-42859,99.6,101.375
JVASP-26822,33.88,30.109375
JVASP-8807,36.47,33.71875
JVASP-18208,29.84,28.84375
JVASP-8003,17.82,15.0546875
JVASP-69735,68.53,71.3125
JVASP-18715,77.38,78.25
JVASP-15524,46.62,49.9375
JVASP-15361,56.49,49.9375
JVASP-75596,-23.1,-7.7773438
JVASP-118546,7.09,15.3125
JVASP-117729,7.43,7.4960938
JVASP-36385,25.74,24.765625
JVASP-15097,82.63,88.125
JVASP-41856,34.88,35.125
JVASP-8539,24.72,17.171875
JVASP-2928,15.0,17.78125
JVASP-54820,32.61,27.265625
JVASP-8369,29.87,27.671875
JVASP-10357,17.27,8.2421875
JVASP-14960,62.64,61.6875
JVASP-75449,-5.0,-8.734375
JVASP-67682,19.12,17.53125
JVASP-7933,86.23,90.1875
JVASP-99497,41.53,43.125
JVASP-31146,10.77,8.734375
JVASP-40246,56.45,55.125
JVASP-118044,17.47,11.0859375
JVASP-25645,55.7,59.09375
JVASP-74044,71.46,71.375
JVASP-8001,37.45,36.53125
JVASP-74290,44.86,45.3125
JVASP-37055,20.32,25.515625
JVASP-22711,20.1,18.34375
JVASP-57860,20.67,17.3125
JVASP-115350,-5.48,-3.0117188
JVASP-50070,55.55,48.09375
JVASP-9209,66.91,60.8125
JVASP-52200,11.73,8.3671875
JVASP-11190,67.33,67.375
JVASP-39185,71.21,71.625
JVASP-120918,20.93,14.8671875
JVASP-22519,39.25,38.90625
JVASP-14529,29.33,29.109375
JVASP-9620,77.83,83.3125
JVASP-99411,5.05,32.25
JVASP-68818,17.42,13.8359375
JVASP-34384,64.78,58.71875
JVASP-111636,12.99,16.984375
JVASP-71143,26.7,36.4375
JVASP-23,13.76,20.8125
JVASP-21436,10.55,13.375
JVASP-85834,28.77,27.078125
JVASP-85899,54.71,50.15625
JVASP-88787,22.56,18.25
JVASP-8060,44.47,36.71875
JVASP-8281,15.78,11.453125
JVASP-74816,65.01,57.25
JVASP-69665,46.78,47.21875
JVASP-43407,54.02,51.5
JVASP-13401,3.95,5.5234375
JVASP-10945,34.82,28.234375
JVASP-18687,64.26,62.71875
JVASP-82,31.87,25.21875
JVASP-8235,98.51,100.5625
JVASP-50204,18.91,19.0
JVASP-17630,46.85,54.0
JVASP-116445,11.2,15.203125
JVASP-59141,87.35,88.5625
JVASP-2601,52.91,63.0
JVASP-100235,28.16,30.875
JVASP-77079,101.4,100.625
JVASP-65222,29.44,28.171875
JVASP-110438,28.04,29.96875
JVASP-8174,23.21,24.65625
JVASP-35209,34.96,39.375
JVASP-30471,12.11,14.3828125
JVASP-113692,121.1,133.375
JVASP-10019,16.82,16.578125
JVASP-1807,30.56,29.53125
JVASP-15660,55.97,49.75
JVASP-74287,7.56,7.7265625
JVASP-18578,25.53,28.515625
JVASP-12592,43.46,37.71875
JVASP-57679,22.46,22.125
JVASP-85155,29.74,26.640625
JVASP-86682,50.01,58.59375
JVASP-111847,64.39,77.8125
JVASP-94898,76.41,83.5625
JVASP-186,28.19,28.21875
JVASP-119982,11.75,13.2734375
JVASP-35089,45.55,42.90625
JVASP-8097,54.93,59.0
JVASP-102909,0.59,-0.35888672
JVASP-7878,25.19,25.328125
JVASP-15355,46.72,40.1875
JVASP-66225,1.44,5.4492188
JVASP-92618,39.74,40.0
JVASP-99374,10.91,19.78125
JVASP-36413,16.47,17.078125
JVASP-36461,29.08,29.359375
JVASP-64636,-3.56,-4.5664062
JVASP-114128,11.95,10.3046875
JVASP-35541,8.52,10.578125
JVASP-1384,12.58,15.328125
JVASP-69083,13.73,12.0390625
JVASP-16783,127.46,124.875
JVASP-39672,90.8,93.3125
JVASP-8122,-11.04,-3.265625
JVASP-101122,97.93,111.5625
JVASP-10975,31.71,35.09375
JVASP-90668,30.31,34.90625
JVASP-52432,12.53,13.7578125
JVASP-87104,16.6,18.421875
JVASP-104732,98.55,99.1875
JVASP-44353,43.89,43.34375
JVASP-46516,54.34,54.46875
JVASP-99741,5.51,0.81591797
JVASP-64564,28.71,3.5234375
JVASP-17643,50.55,51.96875
JVASP-15083,42.01,45.0
JVASP-118679,-12.05,-1.3183594
JVASP-12617,13.17,25.953125
JVASP-16743,86.33,86.5625
JVASP-114370,-3.73,-2.4550781
JVASP-66509,-8.88,-7.234375
JVASP-117100,18.77,13.3984375
JVASP-24293,41.92,39.375
JVASP-120369,37.57,43.4375
JVASP-86639,41.67,34.46875
JVASP-9702,10.11,9.8046875
JVASP-86451,0.44,40.625
JVASP-30504,33.91,31.875
JVASP-8828,23.9,21.671875
JVASP-25884,46.95,50.46875
JVASP-117977,-14.07,2.859375
JVASP-16611,4.92,5.34375
JVASP-15362,65.45,73.0
JVASP-1951,14.32,16.8125
JVASP-44226,18.83,22.671875
JVASP-28724,4.46,23.703125
JVASP-25064,-2.78,-0.37817383
JVASP-71990,87.25,91.9375
JVASP-3306,90.33,103.3125
JVASP-4861,42.26,37.59375
JVASP-81671,15.67,20.359375
JVASP-117812,6.74,8.7890625
JVASP-67011,6.52,8.75
JVASP-38423,20.96,26.03125
JVASP-23186,41.51,47.4375
JVASP-69000,30.67,29.171875
JVASP-92737,2.16,1.3740234
JVASP-11781,60.75,63.03125
JVASP-1867,45.09,44.78125
JVASP-3729,18.48,19.265625
JVASP-53439,28.79,30.390625
JVASP-120349,0.79,1.5957031
JVASP-18778,27.72,40.53125
JVASP-91346,0.0,8.5703125
JVASP-20272,241.43,245.125
JVASP-72866,55.72,60.15625
JVASP-25296,1.34,1.2773438
JVASP-11690,49.61,47.03125
JVASP-12061,17.28,16.0625
JVASP-74048,42.81,34.96875
JVASP-2268,61.12,57.84375
JVASP-28928,2.1,-1.4052734
JVASP-66393,-7.06,-5.328125
JVASP-861,123.92,126.625
JVASP-17961,56.35,60.5
JVASP-25356,6.27,8.1796875
JVASP-18790,36.56,30.484375
JVASP-78738,65.52,71.8125
JVASP-91856,42.26,41.125
JVASP-41894,38.78,42.15625
JVASP-33935,33.2,33.40625
JVASP-86701,40.37,45.375
JVASP-7804,17.83,20.828125
JVASP-10856,26.15,27.0
JVASP-8367,49.76,50.21875
JVASP-33602,14.63,13.84375
JVASP-36526,46.16,47.40625
JVASP-37345,18.15,23.953125
JVASP-15691,20.44,23.734375
JVASP-79188,23.45,22.3125
JVASP-117597,8.83,9.671875
JVASP-30064,9.85,12.671875
JVASP-1855,57.66,45.03125
JVASP-14543,112.95,118.875
JVASP-118595,-7.56,48.0625
JVASP-41202,90.62,91.75
JVASP-8762,10.92,12.0390625
JVASP-92682,52.46,54.8125
JVASP-63865,6.64,7.8398438
JVASP-20537,41.09,44.375
JVASP-114025,12.99,9.671875
JVASP-116069,63.11,70.375
JVASP-18242,24.12,21.25
JVASP-3630,5.7,2.3476562
JVASP-52905,10.41,12.9140625
JVASP-36829,24.96,27.390625
JVASP-14725,114.07,124.75
JVASP-49812,20.6,28.046875
JVASP-16217,105.78,100.9375
JVASP-22726,20.18,17.15625
JVASP-11001,51.95,51.5625
JVASP-17747,18.62,19.8125
JVASP-117876,8.96,5.5429688
JVASP-2457,27.22,28.953125
JVASP-65692,10.7,10.84375
JVASP-36449,16.58,14.40625
JVASP-15609,52.67,54.40625
JVASP-4678,65.85,59.8125
JVASP-67730,39.63,50.6875
JVASP-65404,13.86,15.65625
JVASP-8185,41.11,39.625
JVASP-1783,34.39,35.96875
JVASP-38584,46.65,46.59375
JVASP-14897,2.6,6.1210938
JVASP-40809,60.34,55.5
JVASP-102903,6.28,8.6015625
JVASP-9594,78.66,83.0625
JVASP-15806,19.58,23.4375
JVASP-105625,6.02,9.734375
JVASP-118512,10.41,6.203125
JVASP-99060,17.88,19.3125
JVASP-16586,35.22,64.1875
JVASP-100042,14.98,17.71875
JVASP-57084,26.06,26.78125
JVASP-115376,-9.56,-6.4296875
JVASP-15832,10.2,13.0078125
JVASP-15285,57.84,54.0
JVASP-55099,50.83,52.3125
JVASP-25048,42.99,39.6875
JVASP-37151,35.94,39.78125
JVASP-8580,9.7,11.7890625
JVASP-18764,61.2,65.875
JVASP-87005,52.05,55.75
JVASP-11793,16.61,27.84375
JVASP-106339,12.65,9.28125
JVASP-22542,11.37,19.3125
JVASP-10056,54.85,70.5625
JVASP-63514,44.77,46.03125
JVASP-16027,17.17,21.671875
JVASP-103403,25.19,28.5625
JVASP-40203,28.14,34.96875
JVASP-19733,40.16,43.0625
JVASP-20498,45.38,40.15625
JVASP-114805,25.25,28.59375
JVASP-71688,42.53,48.09375
JVASP-71681,4.39,1.5605469
JVASP-35934,35.41,40.3125
JVASP-5191,12.28,16.578125
JVASP-9573,38.53,37.8125
JVASP-9244,42.17,46.90625
JVASP-120394,-4.69,-12.0
JVASP-105627,8.32,10.65625
JVASP-37879,27.33,32.75
JVASP-16248,47.47,50.375
JVASP-41165,25.28,31.96875
JVASP-120247,10.67,14.6796875
JVASP-99668,-7.05,-13.2890625
JVASP-66836,7.7,11.1171875
JVASP-101409,5.53,8.8984375
JVASP-17730,47.69,46.25
JVASP-2484,15.32,21.703125
JVASP-29880,175.98,193.0
JVASP-65630,0.0,6.8632812
JVASP-75856,2.94,6.0976562
JVASP-106562,57.72,54.96875
JVASP-816,16.76,9.1875
JVASP-87061,56.87,59.53125
JVASP-17881,96.89,111.5
JVASP-70876,13.83,17.859375
JVASP-14738,94.44,95.0
JVASP-74356,0.0,-0.06842041
JVASP-117873,-5.81,1.1103516
JVASP-41913,21.11,18.875
JVASP-29781,95.35,95.0625
JVASP-23864,24.26,25.21875
JVASP-9789,29.6,31.453125
JVASP-69499,110.09,110.3125
JVASP-25219,4.12,0.86376953
JVASP-3060,10.26,7.5742188
JVASP-49953,98.79,96.75
JVASP-12010,52.42,54.96875
JVASP-68011,0.0,7.1953125
JVASP-35506,27.85,28.84375
JVASP-74662,8.26,8.3515625
JVASP-75590,-22.1,-18.453125
JVASP-65159,38.94,39.65625
JVASP-4358,21.28,22.28125
JVASP-12048,6.03,8.6171875
JVASP-9225,95.66,87.3125
JVASP-101034,60.64,51.6875
JVASP-68164,2.95,14.65625
JVASP-36515,21.28,23.71875
JVASP-12131,33.92,32.4375
JVASP-71745,84.1,79.125
JVASP-57068,20.53,24.34375
JVASP-23890,23.43,28.265625
JVASP-3951,9.2,9.21875
JVASP-21249,71.88,70.9375
JVASP-38092,8.28,10.7109375
JVASP-67833,39.6,47.21875
JVASP-85672,3.48,4.5429688
JVASP-46902,81.29,76.5625
JVASP-11146,42.95,43.125
JVASP-57571,16.17,18.390625
JVASP-18011,59.83,63.125
JVASP-25319,37.7,41.5625
JVASP-65738,7.9,9.796875
JVASP-74312,60.61,62.375
JVASP-16373,70.12,62.875
JVASP-101714,31.42,31.484375
JVASP-118795,-1.07,4.2773438
JVASP-8092,40.96,43.90625
JVASP-40592,14.32,10.6953125
JVASP-102325,-3.64,-7.3203125
JVASP-51330,31.38,33.03125
JVASP-33330,8.04,10.1640625
JVASP-8095,34.55,35.96875
JVASP-50051,68.25,76.3125
JVASP-86563,35.33,38.8125
JVASP-17715,-9.3,-0.8017578
JVASP-1933,12.04,14.0859375
JVASP-22547,15.27,13.0078125
JVASP-65157,64.4,61.15625
JVASP-29993,9.21,8.8203125
JVASP-119920,0.59,1.9130859
JVASP-43513,31.41,32.0
JVASP-87097,8.37,9.5703125
JVASP-41153,49.3,52.25
JVASP-116129,18.97,17.03125
JVASP-85699,32.51,30.421875
JVASP-17599,40.69,39.0625
JVASP-64241,1.04,1.4091797
JVASP-10154,11.64,12.4140625
JVASP-37046,18.34,22.640625
JVASP-69296,15.4,17.625
JVASP-11807,29.83,33.46875
JVASP-38360,41.18,35.0625
JVASP-29372,23.27,21.90625
JVASP-31693,39.48,36.84375
JVASP-25802,36.74,38.1875
JVASP-65615,9.26,12.453125
JVASP-99760,36.18,32.75
JVASP-60671,20.35,18.875
JVASP-85340,21.63,22.453125
JVASP-86887,38.34,35.59375
JVASP-14862,23.54,23.0
JVASP-118066,0.49,2.9179688
JVASP-74418,79.43,71.8125
JVASP-117774,6.89,10.265625
JVASP-9563,23.73,30.78125
JVASP-9735,43.32,42.59375
JVASP-19876,28.75,29.578125
JVASP-102644,31.39,34.0625
JVASP-17482,40.44,41.90625
JVASP-57883,59.29,51.1875
JVASP-100667,21.09,22.875
JVASP-47678,53.02,51.53125
JVASP-118359,20.63,20.28125
JVASP-120193,7.9,10.0859375
JVASP-118070,6.36,8.8515625
JVASP-20399,67.0,57.875
JVASP-16504,28.95,32.09375
JVASP-10262,157.5,132.375
JVASP-105929,27.66,29.234375
JVASP-67766,10.97,7.9335938
JVASP-9974,85.08,93.25
JVASP-28925,25.35,24.59375
JVASP-56828,14.57,16.453125
JVASP-67712,-11.3,1.140625
JVASP-16443,30.25,36.65625
JVASP-34249,137.66,123.9375
JVASP-16725,46.76,48.9375
JVASP-38230,2.14,1.9296875
JVASP-16488,133.13,111.0
JVASP-115387,10.75,15.6640625
JVASP-74420,52.22,52.34375
JVASP-1023,21.11,18.234375
JVASP-118812,5.68,3.171875
JVASP-115352,9.3,8.09375
JVASP-68337,-2.57,3.6230469
JVASP-109639,49.66,47.21875
JVASP-4074,6.82,5.8515625
JVASP-8318,38.81,37.3125
JVASP-9231,85.34,72.4375
JVASP-117863,2.78,5.546875
JVASP-10223,147.3,139.625
JVASP-117569,3.51,4.6953125
JVASP-12916,12.02,13.453125
JVASP-75536,5.8,4.1210938
JVASP-38928,45.45,45.84375
JVASP-118375,7.61,8.0703125
JVASP-36228,2.62,5.9921875
JVASP-14943,34.28,31.546875
JVASP-30387,40.52,38.84375
JVASP-57322,35.82,33.875
JVASP-90042,0.84,1.78125
JVASP-20258,69.66,66.8125
JVASP-22644,190.65,172.375
JVASP-7974,14.54,15.375
JVASP-51684,10.54,13.875
JVASP-18700,23.84,24.21875
JVASP-7769,72.34,71.75
JVASP-60672,22.8,21.734375
JVASP-86427,36.34,32.625
JVASP-36599,57.44,60.96875
JVASP-68391,2.16,5.7851562
JVASP-42891,47.3,46.8125
JVASP-43955,0.07,5.4375
JVASP-68126,-10.83,6.890625
JVASP-68583,8.75,11.5546875
JVASP-106323,35.28,35.78125
JVASP-16754,21.77,18.671875
JVASP-10016,179.68,152.0
JVASP-114396,1.5,-0.22277832
JVASP-18070,29.48,24.484375
JVASP-4095,9.4,9.625
JVASP-25130,65.0,76.0625
JVASP-117618,2.07,3.4648438
JVASP-30449,75.39,68.625
JVASP-1615,20.23,21.53125
JVASP-43021,57.93,46.5
JVASP-18860,32.48,32.1875
JVASP-41603,107.24,98.9375
JVASP-109989,24.82,25.328125
JVASP-17197,52.77,48.46875
JVASP-108959,84.13,80.0625
JVASP-23863,15.91,18.609375
JVASP-20539,54.99,52.6875
JVASP-109532,46.89,51.03125
JVASP-36311,98.24,86.8125
JVASP-116354,0.47,3.2558594
JVASP-12119,10.63,9.4375
JVASP-103329,4.58,7.1796875
JVASP-36776,53.45,50.5625
JVASP-37134,21.88,21.484375
JVASP-16119,73.11,76.6875
JVASP-40207,32.6,28.6875
JVASP-15112,17.5,19.71875
JVASP-28784,27.59,31.984375
JVASP-36479,18.7,17.390625
JVASP-115919,3.01,6.1523438
JVASP-53552,12.32,15.6015625
JVASP-13312,118.77,93.3125
JVASP-115896,28.3,26.8125
JVASP-20236,80.16,71.5
JVASP-17792,31.64,33.84375
JVASP-40500,62.14,57.28125
JVASP-36243,-1.98,-1.7685547
JVASP-87063,56.79,56.4375
JVASP-114340,21.16,23.46875
JVASP-120153,28.0,27.640625
JVASP-69101,10.15,11.0625
JVASP-19594,156.14,170.25
JVASP-7799,38.96,40.375
JVASP-64069,-0.36,4.2109375
JVASP-117589,-0.99,16.359375
JVASP-71828,13.09,18.3125
JVASP-62513,7.29,8.3671875
JVASP-16643,42.85,49.4375
JVASP-11504,29.48,42.8125
JVASP-54453,16.59,22.953125
JVASP-35188,36.22,55.25
JVASP-24927,46.42,47.84375
JVASP-85508,22.74,23.65625
JVASP-8757,5.87,6.7226562
JVASP-116320,7.98,7.0546875
JVASP-35847,94.64,109.0625
JVASP-10481,16.41,13.984375
JVASP-120195,6.21,7.2460938
JVASP-8025,17.02,30.96875
JVASP-22676,5.99,5.6132812
JVASP-15733,144.52,140.625
JVASP-572,41.81,45.78125
JVASP-18884,9.51,11.125
JVASP-65337,26.65,32.09375
JVASP-107050,32.65,43.4375
JVASP-119964,17.62,13.265625
JVASP-86519,40.56,40.0625
JVASP-118117,9.49,12.5546875
JVASP-25242,4.69,6.640625
JVASP-34134,34.1,34.84375
JVASP-16063,23.08,32.90625
JVASP-15985,5.91,9.921875
JVASP-71186,0.0,13.3828125
JVASP-34961,15.01,15.3984375
JVASP-2211,22.25,25.65625
JVASP-106089,103.55,116.9375
JVASP-75013,16.36,15.3984375
JVASP-12448,18.94,21.65625
JVASP-9744,12.31,15.484375
JVASP-7741,42.47,47.9375
JVASP-95026,41.37,46.65625
JVASP-38353,41.52,47.15625
JVASP-19074,48.37,60.5
JVASP-17616,50.42,61.6875
JVASP-65750,0.02,8.0859375
JVASP-66757,59.61,65.875
JVASP-120078,1.53,10.7109375
JVASP-115057,35.76,41.125
JVASP-30103,13.88,20.046875
JVASP-120893,-1.59,-2.6992188
JVASP-70297,21.12,24.390625
JVASP-51430,52.75,66.25
JVASP-74488,45.84,52.4375
JVASP-14614,32.76,31.015625
JVASP-35444,70.8,85.375
JVASP-15569,63.81,66.3125
JVASP-69330,31.53,23.828125
JVASP-64284,1.96,2.1132812
JVASP-12056,13.39,10.9765625
JVASP-115147,13.87,17.25
JVASP-21005,62.17,62.46875
JVASP-57374,16.59,17.53125
JVASP-67593,-9.91,1.1787109
JVASP-115283,-8.09,-14.2734375
JVASP-17329,181.33,174.0
JVASP-17589,54.59,64.875
JVASP-119990,15.63,18.3125
JVASP-14397,42.36,55.65625
JVASP-28783,21.42,21.015625
JVASP-9599,3.35,7.4414062
JVASP-68976,21.66,24.265625
JVASP-9282,37.03,40.21875
JVASP-106988,-14.22,2.2714844
JVASP-4696,33.75,34.28125
JVASP-36733,5.77,8.6484375
JVASP-109010,-22.37,9.3828125
JVASP-92252,63.59,81.3125
JVASP-12640,16.65,22.0625
JVASP-74622,51.04,55.40625
JVASP-99822,31.9,39.0625
JVASP-43427,12.55,14.78125
JVASP-12778,7.43,10.859375
JVASP-18587,36.72,40.75
JVASP-106351,21.81,27.28125
JVASP-71021,42.77,49.0625
JVASP-55606,20.65,23.484375
JVASP-91778,13.83,17.125
JVASP-102574,18.29,24.578125
JVASP-16427,37.1,38.34375
JVASP-35224,101.42,102.1875
JVASP-18055,30.36,32.375
JVASP-13985,34.77,37.71875
JVASP-16363,50.78,65.125
JVASP-46238,44.95,47.15625
JVASP-121221,1.57,-2.3183594
JVASP-116459,11.1,12.671875
JVASP-18476,-15.13,3.4023438
JVASP-68626,11.36,14.7734375
JVASP-86109,33.25,31.171875
JVASP-15016,33.03,40.0
JVASP-110348,14.9,18.328125
JVASP-37070,31.23,34.34375
JVASP-118740,58.42,57.28125
JVASP-15484,81.12,79.875
JVASP-72790,51.02,58.34375
JVASP-99419,14.14,20.515625
JVASP-116242,10.43,18.171875
JVASP-117590,-1.39,4.2148438
JVASP-93262,108.72,108.4375
JVASP-9426,90.46,98.375
JVASP-8462,29.06,33.46875
JVASP-75637,10.98,20.4375
JVASP-28644,27.43,25.015625
JVASP-7917,54.75,57.09375
JVASP-74737,2.24,4.6914062
JVASP-118837,9.4,17.703125
JVASP-106696,34.66,38.09375
JVASP-8264,26.31,46.75
JVASP-9558,21.54,26.03125
JVASP-12780,20.18,24.1875
JVASP-80499,31.72,36.71875
JVASP-115573,3.44,4.7539062
JVASP-29574,6.73,7.0859375
JVASP-122998,20.86,30.484375
JVASP-40829,9.33,8.4375
JVASP-16853,86.18,102.0625
JVASP-14969,48.53,34.625
JVASP-18779,34.8,35.53125
JVASP-14492,150.56,158.25
JVASP-57456,53.98,48.21875
JVASP-52944,67.14,67.9375
JVASP-10926,40.79,33.46875
JVASP-808,26.74,23.0625
JVASP-34657,16.02,16.3125
JVASP-67877,57.2,60.0625
JVASP-26473,50.03,52.8125
JVASP-114375,68.99,56.375
JVASP-28820,4.01,5.1210938
JVASP-30990,8.53,6.3046875
JVASP-37999,8.96,8.34375
JVASP-93276,80.7,73.875
JVASP-87082,0.0,-5.8085938
JVASP-115230,47.03,37.0
JVASP-8581,27.74,23.09375
JVASP-36785,27.02,28.421875
JVASP-114926,9.44,6.2070312
JVASP-25417,2.87,1.75
JVASP-57704,47.45,35.71875
JVASP-103541,0.12,10.2890625
JVASP-37603,58.88,50.9375
JVASP-19914,135.66,121.0
JVASP-118500,38.15,40.03125
JVASP-106601,2.42,5.7265625
JVASP-16852,50.1,47.1875
JVASP-7066,24.04,24.53125
JVASP-65493,27.39,21.21875
JVASP-105802,9.02,4.546875
JVASP-110958,50.01,44.8125
JVASP-35883,60.23,51.40625
JVASP-8773,17.43,12.5859375
JVASP-39853,55.44,55.1875
JVASP-12412,76.82,74.0625
JVASP-91637,6.34,4.1523438
JVASP-75840,1.78,-0.9536133
JVASP-56798,2.48,-4.2929688
JVASP-114823,-2.03,-3.171875
JVASP-3000,26.56,21.75
JVASP-110431,-11.43,-7.4140625
JVASP-20557,38.77,33.375
JVASP-27519,104.11,104.375
JVASP-15015,58.05,49.71875
JVASP-121280,1.94,4.1367188
JVASP-20948,14.9,11.734375
JVASP-35986,61.7,53.46875
JVASP-40825,51.12,44.46875
JVASP-87038,32.91,31.0
JVASP-12518,12.21,7.3242188
JVASP-88048,50.03,56.53125
JVASP-14572,101.65,83.5625
JVASP-81987,21.6,13.9921875
JVASP-28402,20.63,21.796875
JVASP-103229,7.11,6.5195312
JVASP-71249,0.0,-3.3242188
JVASP-12914,69.06,62.3125
JVASP-39019,123.06,120.0625
JVASP-108163,88.24,100.5
JVASP-78630,68.18,62.15625
JVASP-78672,42.56,13.6953125
JVASP-94317,157.09,136.0
JVASP-67815,27.64,21.515625
JVASP-24653,9.68,7.328125
JVASP-57128,34.97,28.78125
JVASP-48611,36.42,30.0
JVASP-15903,20.3,15.5859375
JVASP-18320,38.72,33.65625
JVASP-13916,17.64,17.09375
JVASP-37158,38.14,40.21875
JVASP-8392,69.13,54.71875
JVASP-16930,29.91,24.625
JVASP-22579,44.82,34.5625
JVASP-28449,15.13,14.4453125
JVASP-8373,71.18,59.9375
JVASP-14920,21.43,21.359375
JVASP-13942,22.71,19.328125
JVASP-69323,9.26,9.546875
JVASP-7668,31.39,31.1875
JVASP-5065,15.65,24.28125
JVASP-1576,49.31,44.875
JVASP-115532,1.73,4.921875
JVASP-115559,8.77,7.1328125
JVASP-7656,22.07,14.0703125
JVASP-14595,62.69,50.03125
JVASP-47706,34.97,27.703125
JVASP-63006,148.48,136.25
JVASP-14570,14.42,13.15625
JVASP-20400,57.43,48.3125
JVASP-116244,26.22,21.390625
JVASP-118522,-5.33,-6.2460938
JVASP-8657,91.74,88.25
JVASP-51714,30.11,24.359375
JVASP-91799,22.16,19.84375
JVASP-21600,97.26,83.1875
JVASP-15365,36.59,34.1875
JVASP-70828,77.35,73.3125
JVASP-9538,25.65,29.890625
JVASP-114892,-4.21,-5.0429688
JVASP-176,7.7,7.296875
JVASP-71596,92.76,89.75
JVASP-69641,13.48,14.1484375
JVASP-68038,26.47,9.796875
JVASP-4774,40.87,44.0
JVASP-20219,78.03,75.8125
JVASP-25100,44.13,36.3125
JVASP-8611,96.42,107.5
JVASP-18541,101.47,74.3125
JVASP-20078,53.92,53.0
JVASP-22526,26.34,20.859375
JVASP-102227,25.11,23.515625
JVASP-35220,10.69,11.46875
JVASP-74222,8.6,3.4765625
JVASP-29393,73.82,79.5625
JVASP-115656,1.46,-0.74316406
JVASP-110562,15.81,9.7265625
JVASP-12063,11.15,9.078125
JVASP-16321,88.04,89.4375
JVASP-20426,45.3,45.65625
JVASP-17591,18.0,10.203125
JVASP-25255,64.29,50.375
JVASP-85373,33.18,26.78125
JVASP-60798,231.87,187.625
JVASP-36551,149.01,144.75
JVASP-115789,38.92,38.1875
JVASP-35191,89.36,82.5625
JVASP-114882,42.65,28.328125
JVASP-71641,10.23,8.15625
JVASP-38396,26.43,19.15625
JVASP-18619,74.29,60.875
JVASP-2172,158.51,150.125
JVASP-37156,28.7,25.609375
JVASP-122990,21.26,23.484375
JVASP-8628,43.78,44.15625
JVASP-71757,35.38,34.15625
JVASP-22630,9.19,8.9609375
JVASP-8781,13.57,9.90625
JVASP-10942,51.13,44.9375
JVASP-67917,48.5,37.84375
JVASP-10255,64.59,56.15625
JVASP-71998,68.85,66.5
JVASP-100368,15.96,15.921875
JVASP-10140,55.8,40.09375
JVASP-16600,75.62,73.4375
JVASP-51882,236.97,224.75
JVASP-7998,69.27,56.875
JVASP-9403,16.63,12.28125
JVASP-8324,21.1,24.953125
JVASP-66724,84.54,76.6875
JVASP-120326,95.21,82.5
JVASP-121152,6.56,13.5078125
JVASP-18690,50.41,41.09375
JVASP-16730,9.06,8.5859375
JVASP-40895,22.84,22.625
JVASP-8381,37.89,34.1875
JVASP-118228,9.0,7.84375
JVASP-103056,52.06,41.71875
JVASP-67420,13.95,10.1484375
JVASP-70859,33.91,35.4375
JVASP-120214,3.25,7.6601562
JVASP-36169,152.86,125.0625
JVASP-101405,21.84,19.265625
JVASP-51025,26.85,18.8125
JVASP-17317,60.01,52.84375
JVASP-14802,22.53,16.890625
JVASP-10063,141.35,124.5
JVASP-107394,94.94,90.4375
JVASP-52138,-7.88,-4.6835938
JVASP-120224,14.1,0.08795166
JVASP-75736,-19.38,-9.4296875
JVASP-101027,2.18,3.3964844
JVASP-92557,27.45,36.65625
JVASP-16346,27.03,24.296875
JVASP-41928,43.38,43.03125
JVASP-8181,18.58,15.3828125
JVASP-115856,4.3,3.8007812
JVASP-18529,9.58,8.015625
JVASP-107913,26.13,24.46875
JVASP-117886,11.16,2.8691406
JVASP-11340,33.9,24.265625
JVASP-99916,64.69,62.1875
JVASP-15980,41.98,41.6875
JVASP-65520,15.31,8.5078125
JVASP-86307,1.92,2.7148438
JVASP-52219,62.59,60.21875
JVASP-20395,95.29,86.3125
JVASP-3432,22.61,20.015625
JVASP-78946,23.45,19.65625
JVASP-17996,45.0,36.09375
JVASP-8791,134.3,127.375
JVASP-69674,104.6,98.5
JVASP-7858,4.81,9.234375
JVASP-1876,32.49,29.03125
JVASP-71031,8.68,13.28125
JVASP-16727,18.52,15.765625
JVASP-52573,21.85,19.921875
JVASP-35236,-1.96,0.9716797
JVASP-1504,114.2,105.6875
JVASP-14771,4.0,0.91015625
JVASP-4828,100.71,80.875
JVASP-51034,26.69,32.46875
JVASP-54807,12.54,11.84375
JVASP-64334,-18.92,-6.9140625
JVASP-15220,15.54,9.8828125
JVASP-35194,101.9,95.4375
JVASP-101418,87.5,75.6875
JVASP-7817,76.86,79.875
JVASP-68926,97.35,78.4375
JVASP-65601,27.79,27.421875
JVASP-40024,-16.76,-8.203125
JVASP-50723,29.56,23.359375
JVASP-106024,42.19,39.40625
JVASP-92520,13.82,13.59375
JVASP-18413,53.82,46.59375
JVASP-116362,32.52,31.390625
JVASP-37327,31.91,30.359375
JVASP-74612,47.16,39.71875
JVASP-20536,45.94,43.40625
JVASP-51369,70.17,56.625
JVASP-36270,69.62,65.125
JVASP-20390,191.39,160.0
JVASP-20545,18.4,12.3203125
JVASP-32744,12.97,8.5703125
JVASP-23502,115.45,103.9375
JVASP-106257,8.14,8.8125
JVASP-17416,50.86,51.09375
JVASP-14255,17.17,12.2578125
JVASP-69130,11.09,14.953125
JVASP-35667,43.92,42.6875
JVASP-118531,116.65,110.0
JVASP-57488,28.79,24.65625
JVASP-26103,76.26,76.1875
JVASP-93344,41.04,38.03125
JVASP-16164,41.81,32.40625
JVASP-93786,42.76,38.15625
JVASP-115615,14.49,12.625
JVASP-106072,27.31,23.71875
JVASP-103355,37.19,33.59375
JVASP-75562,4.94,1.6318359
JVASP-46510,37.72,37.46875
JVASP-16021,36.74,32.3125
JVASP-29077,5.26,0.60498047
JVASP-100442,130.8,120.5
JVASP-67585,52.78,42.96875
JVASP-75805,16.06,23.53125
JVASP-116336,67.81,57.9375
JVASP-18688,69.82,61.78125
JVASP-21161,18.04,18.40625
JVASP-119994,25.53,19.1875
JVASP-70740,15.23,9.828125
JVASP-36198,75.98,87.1875
JVASP-18536,20.0,10.1171875
JVASP-91925,27.26,25.078125
JVASP-7744,26.79,37.8125
JVASP-72026,51.27,53.84375
JVASP-114548,4.79,5.9921875
JVASP-9124,77.69,76.5625
JVASP-48545,64.75,69.75
JVASP-20578,23.04,25.3125
JVASP-54701,15.89,21.875
JVASP-115225,27.63,31.9375
JVASP-116124,19.59,31.9375
JVASP-104909,91.59,80.3125
JVASP-40016,31.28,34.875
JVASP-116251,-1.11,-0.671875
JVASP-86180,21.91,29.390625
JVASP-15764,16.86,15.6953125
JVASP-9991,8.49,14.859375
JVASP-36340,-1.74,-3.2597656
JVASP-116589,98.93,105.5
JVASP-46152,102.33,97.375
JVASP-7787,21.61,23.9375
JVASP-8295,25.27,30.21875
JVASP-67476,1.77,7.328125
JVASP-117690,-12.77,1.6113281
JVASP-114690,-6.45,-5.1132812
JVASP-21602,110.35,115.5625
JVASP-91215,81.76,83.0
JVASP-86248,-12.54,5.953125
JVASP-36140,38.1,40.96875
JVASP-5200,9.18,11.796875
JVASP-14967,191.33,178.75
JVASP-118020,-2.59,2.2949219
JVASP-170,17.04,16.765625
JVASP-15333,44.62,44.15625
JVASP-118302,4.6,9.015625
JVASP-54762,16.84,20.171875
JVASP-12164,6.79,8.828125
JVASP-3516,12.79,14.0390625
JVASP-3009,36.56,35.375
JVASP-113973,-9.87,-3.8476562
JVASP-70913,27.37,24.21875
JVASP-49776,31.61,33.9375
JVASP-9444,26.97,27.71875
JVASP-36274,10.82,15.2265625
JVASP-68236,52.31,49.03125
JVASP-36299,126.66,115.5
JVASP-86869,24.24,29.53125
JVASP-18187,48.86,52.78125
JVASP-36204,165.43,160.25
JVASP-121220,-20.18,-18.03125
JVASP-96736,63.28,58.875
JVASP-40872,17.12,15.0625
JVASP-57512,27.34,28.8125
JVASP-10212,32.77,34.71875
JVASP-90286,0.03,36.71875
JVASP-115548,5.63,5.4257812
JVASP-106060,21.65,32.71875
JVASP-12553,13.6,18.828125
JVASP-110378,8.9,7.3007812
JVASP-66300,-6.2,1.1328125
JVASP-8347,26.4,28.09375
JVASP-118503,9.15,12.4921875
JVASP-75774,5.12,3.7714844
JVASP-29621,7.5,9.7265625
JVASP-106037,7.13,10.03125
JVASP-41454,36.4,36.1875
JVASP-105964,100.78,105.5
JVASP-12342,15.32,15.0703125
JVASP-36854,47.7,51.25
JVASP-29180,20.47,16.03125
JVASP-22619,56.37,64.625
JVASP-117963,3.86,2.4648438
JVASP-20314,32.74,37.21875
JVASP-103265,31.22,30.984375
JVASP-7723,7.61,15.6171875
JVASP-11006,45.89,49.75
JVASP-14696,8.74,6.8632812
JVASP-8144,1.08,5.328125
JVASP-47054,78.98,73.375
JVASP-36320,42.18,38.53125
JVASP-39250,-14.76,-13.1328125
JVASP-93356,86.0,89.1875
JVASP-34480,19.7,28.125
JVASP-67700,67.96,79.9375
JVASP-35724,45.55,43.28125
JVASP-28885,1.15,2.4882812
JVASP-38881,94.6,107.0625
JVASP-118657,7.35,9.265625
JVASP-15315,35.87,39.4375
JVASP-19852,122.9,124.1875
JVASP-39202,43.54,43.625
JVASP-100585,8.22,7.5742188
JVASP-39313,22.6,24.234375
JVASP-118743,-21.91,-16.90625
JVASP-64208,2.52,4.25
JVASP-38115,25.66,26.6875
JVASP-14626,23.49,26.921875
JVASP-18943,12.46,22.328125
JVASP-25385,18.65,19.234375
JVASP-8620,52.78,60.09375
JVASP-118243,8.33,12.015625
JVASP-12461,8.03,7.3984375
JVASP-89056,89.74,86.6875
JVASP-116804,15.15,22.96875
JVASP-44231,18.59,28.5625
JVASP-20073,221.18,190.125
JVASP-100619,25.74,23.546875
JVASP-114405,50.78,40.75
JVASP-64680,-8.5,-10.9609375
JVASP-39735,75.58,73.8125
JVASP-54718,25.25,33.5
JVASP-36296,5.72,6.4765625
JVASP-30547,23.16,26.859375
JVASP-112944,57.02,59.96875
JVASP-20406,87.1,80.75
JVASP-78651,15.62,21.84375
JVASP-114953,5.56,6.34375
JVASP-86506,134.18,146.375
JVASP-37767,60.27,66.625
JVASP-36674,64.44,73.1875
JVASP-74718,82.05,75.8125
JVASP-75547,3.94,3.2539062
JVASP-37179,30.58,28.59375
JVASP-30513,40.76,36.0625
JVASP-30113,30.01,51.46875
JVASP-11570,38.62,42.71875
JVASP-115157,0.97,3.9355469
JVASP-71896,71.13,71.75
JVASP-111058,5.35,26.09375
JVASP-9476,52.54,66.625
JVASP-114794,-2.07,-3.0195312
JVASP-118791,-20.13,-17.703125
JVASP-14965,28.35,30.34375
JVASP-113981,6.83,-4.3359375
JVASP-18924,88.18,81.625
JVASP-17861,35.09,36.0625
JVASP-41493,68.32,72.5
JVASP-8375,47.71,59.0
JVASP-21251,49.61,59.15625
JVASP-99384,16.63,20.4375
JVASP-114579,-5.89,8.0703125
JVASP-118357,-1.37,6.8828125
JVASP-35977,83.0,88.3125
JVASP-3252,59.85,63.84375
JVASP-43029,82.63,90.9375
JVASP-117461,8.45,10.6640625
JVASP-56721,30.18,31.625
JVASP-35456,32.35,32.53125
JVASP-30139,15.92,21.59375
JVASP-15770,61.87,76.8125
JVASP-117728,10.8,16.34375
JVASP-75499,2.0,2.5917969
JVASP-118515,7.43,10.2734375
JVASP-94798,4.6,8.796875
JVASP-117631,3.55,9.703125
JVASP-22434,63.95,67.5
JVASP-11775,16.38,19.375
JVASP-17978,41.64,49.9375
JVASP-115013,22.71,36.4375
JVASP-16694,64.23,67.0
JVASP-8298,46.03,58.96875
JVASP-68285,50.49,49.65625
JVASP-99531,107.26,109.4375
JVASP-91535,9.44,10.6640625
JVASP-67276,80.51,79.3125
JVASP-36468,19.98,25.171875
JVASP-4376,28.89,32.46875
JVASP-65700,6.14,8.15625
JVASP-38678,41.17,43.21875
JVASP-14849,102.58,104.1875
JVASP-17929,44.35,48.1875
JVASP-8583,10.84,12.3203125
JVASP-20293,-4.64,-6.296875
JVASP-74365,-9.7,-10.1953125
JVASP-12097,18.03,21.578125
JVASP-7720,27.72,33.03125
JVASP-116355,2.13,3.59375
JVASP-17613,67.72,61.15625
JVASP-75655,29.38,30.46875
JVASP-74601,129.32,119.5
JVASP-117920,62.21,79.125
JVASP-17742,42.23,42.3125
JVASP-117494,0.47,10.328125
JVASP-71935,57.96,60.15625
JVASP-44642,61.49,71.0625
JVASP-38036,29.94,34.375
JVASP-96044,45.06,43.46875
JVASP-100154,40.2,45.4375
JVASP-116190,23.46,33.375
JVASP-108615,-2.83,-5.2382812
JVASP-22637,17.59,22.484375
JVASP-106887,44.35,54.4375
JVASP-18373,-6.56,-6.6210938
JVASP-14846,9.04,11.390625
JVASP-9266,76.22,68.5625
JVASP-18217,0.45,8.3828125
JVASP-8810,60.69,70.6875
JVASP-14799,21.18,21.71875
JVASP-114198,21.71,28.875
JVASP-14562,33.76,43.46875
JVASP-92544,66.18,97.0
JVASP-74964,91.07,105.5625
JVASP-117839,11.17,14.2734375
JVASP-25131,18.6,21.859375
JVASP-36759,23.23,26.53125
JVASP-12808,71.42,69.3125
JVASP-4930,22.97,24.40625
JVASP-25362,61.37,62.3125
JVASP-78428,23.48,44.28125
JVASP-14891,139.47,133.375
JVASP-64303,73.94,81.375
JVASP-39112,42.38,45.9375
JVASP-10970,7.84,11.7734375
JVASP-12774,4.86,7.2226562
JVASP-29886,6.54,11.171875
JVASP-15018,33.87,43.46875
JVASP-67213,66.23,90.75
JVASP-118251,25.46,30.171875
JVASP-71709,86.95,98.1875
JVASP-64565,-21.1,-3.9648438
JVASP-118260,-4.04,0.38330078
JVASP-67727,-22.26,-19.421875
JVASP-89184,16.8,18.453125
JVASP-11197,13.69,17.84375
JVASP-91452,9.5,11.8125
JVASP-18193,66.4,75.5
JVASP-18082,18.48,27.1875
JVASP-74322,39.35,44.25
JVASP-17265,26.78,31.390625
JVASP-8307,1.8,3.921875
JVASP-75859,1.78,3.9667969
JVASP-99772,27.91,31.484375
JVASP-15169,14.76,10.0390625
JVASP-40063,51.92,53.78125
JVASP-28573,0.29,3.3886719
JVASP-9795,66.41,76.9375
JVASP-10213,43.53,52.4375
JVASP-14497,60.52,57.34375
JVASP-106104,65.72,77.5625
JVASP-30551,16.41,21.828125
JVASP-111111,22.25,29.015625
JVASP-9662,37.64,40.90625
JVASP-91546,29.16,33.9375
JVASP-37449,32.26,37.375
JVASP-65795,6.03,9.4921875
JVASP-92743,24.21,28.78125
JVASP-79056,64.5,82.5625
JVASP-67555,72.79,80.8125
JVASP-21683,60.16,65.4375
JVASP-39685,21.64,25.875
JVASP-39680,27.22,30.3125
JVASP-40602,101.4,109.25
JVASP-40058,29.2,31.90625
JVASP-1079,44.08,49.34375
JVASP-22584,80.61,93.1875
JVASP-11723,33.65,35.65625
JVASP-9958,107.32,136.375
JVASP-118449,41.64,41.125
JVASP-74399,-20.96,-16.90625
JVASP-18808,62.85,67.8125
JVASP-22534,9.49,12.4453125
JVASP-51723,46.76,47.9375
JVASP-122920,59.48,63.84375
JVASP-30490,20.13,18.4375
JVASP-78579,26.17,26.609375
JVASP-100044,22.58,26.109375
JVASP-74001,48.93,56.71875
JVASP-110002,1.81,6.8242188
JVASP-114952,0.85,3.6933594
JVASP-1186,26.0,31.40625
JVASP-102180,94.42,88.4375
JVASP-55158,25.82,29.953125
JVASP-100072,82.87,81.625
JVASP-57600,25.74,23.4375
JVASP-21197,12.9,17.203125
JVASP-108678,15.45,19.78125
JVASP-17753,55.01,57.875
JVASP-17745,18.6,23.828125
JVASP-113655,8.78,10.25
JVASP-56242,9.18,11.84375
JVASP-74985,18.68,21.609375
JVASP-12938,15.19,14.2890625
JVASP-50540,4.23,3.4003906
JVASP-34247,10.22,10.984375
JVASP-17815,0.0,7.9023438
JVASP-37164,25.59,24.21875
JVASP-16562,-0.96,8.328125
JVASP-86548,14.76,21.21875
JVASP-25057,-16.66,-9.2578125
JVASP-9741,76.17,66.875
JVASP-66754,32.22,37.34375
JVASP-36412,13.6,15.0859375
JVASP-43552,54.01,52.53125
JVASP-17931,27.64,26.890625
JVASP-117843,31.91,30.265625
JVASP-102715,12.63,14.8515625
JVASP-9388,70.1,68.9375
JVASP-44767,63.61,62.84375
JVASP-70783,32.59,37.84375
JVASP-74197,8.72,7.3164062
JVASP-14411,6.38,8.3359375
JVASP-106749,23.07,30.953125
JVASP-14322,6.1,4.4453125
JVASP-117723,13.67,17.78125
JVASP-19846,75.46,69.375
JVASP-75753,0.32,4.3398438
JVASP-25325,-4.58,0.99658203
JVASP-88284,57.71,64.125
JVASP-70971,0.0,11.921875
JVASP-74632,-11.1,-15.1484375
JVASP-37651,37.4,38.125
JVASP-48075,27.08,26.09375
JVASP-120203,20.11,17.046875
JVASP-12486,10.47,12.921875
JVASP-15589,65.09,78.0625
JVASP-52384,111.53,127.9375
JVASP-11766,1.2,28.234375
JVASP-50661,14.43,16.75
JVASP-80112,106.84,101.0
JVASP-28981,3.98,11.375
JVASP-54379,16.98,18.796875
JVASP-70446,21.53,20.921875
JVASP-120015,2.07,5.9179688
JVASP-16642,30.45,35.40625
JVASP-100855,-5.26,7.5546875
JVASP-117952,106.03,118.4375
JVASP-2430,32.55,33.15625
JVASP-22368,95.96,95.375
JVASP-16005,151.81,160.125
JVASP-18219,47.5,55.28125
JVASP-17678,46.97,50.0
JVASP-100509,27.38,36.53125
JVASP-114057,16.53,14.9609375
JVASP-74540,30.67,25.671875
JVASP-10570,13.41,10.7421875
JVASP-11273,-14.91,-5.0039062
JVASP-51026,16.61,16.65625
JVASP-15852,37.25,33.1875
JVASP-100603,25.38,25.59375
JVASP-15919,71.06,68.875
JVASP-75825,-19.3,-15.875
JVASP-118127,18.26,24.59375
JVASP-103598,19.85,19.9375
JVASP-75561,2.0,12.203125
JVASP-51153,33.82,33.34375
JVASP-116121,-3.67,-1.5615234
JVASP-92775,101.65,130.0
JVASP-3369,7.73,12.9609375
JVASP-15026,42.58,45.03125
JVASP-75010,-5.02,4.3007812
JVASP-70778,45.4,50.65625
JVASP-38650,22.5,22.515625
JVASP-36230,33.08,38.25
JVASP-70777,0.0,6.1953125
JVASP-8266,74.81,70.3125
JVASP-11434,129.22,140.125
JVASP-13970,28.71,42.96875
JVASP-20244,34.82,33.90625
JVASP-10033,22.29,17.59375
JVASP-14544,56.24,54.875
JVASP-74960,16.26,18.03125
JVASP-79972,59.82,74.8125
JVASP-8796,34.07,40.125
JVASP-37329,108.29,124.125
JVASP-10317,43.59,43.03125
JVASP-20891,10.33,12.875
JVASP-4840,38.75,46.8125
JVASP-117635,12.42,9.78125
JVASP-1426,43.82,45.28125
JVASP-67393,42.15,42.59375
JVASP-69473,1.69,3.2324219
JVASP-1543,55.14,60.5
JVASP-17160,36.44,35.8125
JVASP-71553,62.57,69.625
JVASP-4543,11.97,11.703125
JVASP-71277,10.65,10.65625
JVASP-20467,22.6,20.515625
JVASP-118694,-18.48,-11.25
JVASP-34291,65.62,79.6875
JVASP-15167,62.09,55.5
JVASP-38321,27.25,30.765625
JVASP-85149,64.23,63.9375
JVASP-116346,92.96,82.625
JVASP-30715,37.07,38.625
JVASP-30725,28.08,37.15625
JVASP-36339,2.92,6.3828125
JVASP-110340,33.32,31.28125
JVASP-95427,19.58,13.4453125
JVASP-10031,24.35,26.46875
JVASP-21969,15.83,16.140625
JVASP-68134,65.73,57.78125
JVASP-17653,31.22,32.625
JVASP-53148,136.32,130.0
JVASP-15291,16.98,16.5625
JVASP-71730,22.34,18.203125
JVASP-8771,14.27,16.828125
JVASP-36805,24.6,21.96875
JVASP-118617,8.96,8.421875
JVASP-16553,19.22,20.71875
JVASP-14274,21.57,25.640625
JVASP-115384,7.77,3.6503906
JVASP-8817,28.02,17.578125
JVASP-114471,-10.22,0.89404297
JVASP-75739,1.99,2.8652344
JVASP-118945,1.29,4.9414062
JVASP-85534,10.7,9.3125
JVASP-22657,22.4,22.15625
JVASP-19875,119.88,131.625
JVASP-34322,68.73,65.375
JVASP-68712,17.53,17.09375
JVASP-114148,7.21,-2.6894531
JVASP-10474,72.72,83.6875
JVASP-14937,48.98,38.9375
JVASP-35731,141.36,149.875
JVASP-117965,29.38,31.6875
JVASP-37041,40.8,39.0
JVASP-91810,7.14,8.8984375
JVASP-20651,41.6,38.5
JVASP-9135,61.91,53.1875
JVASP-30591,53.56,54.6875
JVASP-10253,8.83,3.4355469
JVASP-15250,36.94,50.28125
JVASP-115780,31.77,31.609375
JVASP-28506,0.14,3.2871094
JVASP-19940,22.79,22.984375
JVASP-92722,91.46,92.5
JVASP-7869,66.45,68.0625
JVASP-71675,38.89,43.0625
JVASP-85696,12.1,12.84375
JVASP-79628,7.74,19.734375
JVASP-17307,40.23,37.75
JVASP-8151,39.45,36.71875
JVASP-35832,30.34,29.953125
JVASP-8794,24.4,22.5
JVASP-120010,-0.33,-1.2021484
JVASP-20518,99.79,89.6875
JVASP-17392,49.76,40.65625
JVASP-13971,44.43,41.125
JVASP-9525,62.26,55.96875
JVASP-122940,36.44,34.375
JVASP-38295,6.21,3.2578125
JVASP-41282,76.55,72.1875
JVASP-118049,-4.56,-2.8925781
JVASP-94925,42.83,39.75
JVASP-71028,43.52,39.9375
JVASP-115277,34.95,21.140625
JVASP-65512,35.86,30.890625
JVASP-15300,68.78,63.3125
JVASP-68951,11.53,13.140625
JVASP-8040,26.61,27.09375
JVASP-44710,84.85,82.625
JVASP-19810,61.4,55.0625
JVASP-8197,83.81,83.6875
JVASP-68275,56.44,67.25
JVASP-17394,-2.38,2.5332031
JVASP-36660,34.43,38.71875
JVASP-14933,59.97,54.5
JVASP-103217,30.88,27.421875
JVASP-26389,15.65,17.0
JVASP-9999,62.82,51.90625
JVASP-17987,38.15,37.3125
JVASP-71747,12.83,21.125
JVASP-29226,10.26,12.4375
JVASP-4255,6.07,7.1328125
JVASP-67390,27.03,24.96875
JVASP-109056,11.51,11.4609375
JVASP-41896,51.68,46.0
JVASP-62041,11.24,10.453125
JVASP-121053,-16.04,-12.6015625
JVASP-39442,21.67,21.9375
JVASP-4180,6.03,6.1679688
JVASP-25169,-3.09,-3.2207031
JVASP-48666,14.41,12.0546875
JVASP-36769,19.16,18.015625
JVASP-9496,48.49,46.71875
JVASP-67684,6.23,6.1601562
JVASP-15210,41.66,37.03125
JVASP-115558,4.69,5.78125
JVASP-85711,80.04,78.5625
JVASP-38203,3.31,3.3808594
JVASP-90521,37.67,31.421875
JVASP-17447,28.45,27.859375
JVASP-21788,23.02,23.421875
JVASP-19657,209.18,189.125
JVASP-56824,103.01,93.375
JVASP-116120,10.25,4.53125
JVASP-109687,116.87,100.1875
JVASP-78563,24.89,23.421875
JVASP-50160,13.21,18.4375
JVASP-39858,37.64,37.0625
JVASP-114514,-1.11,-1.9990234
JVASP-41962,67.78,62.25
JVASP-65646,16.06,18.15625
JVASP-109378,37.95,32.5625
JVASP-37028,74.12,74.75
JVASP-50189,62.08,51.25
JVASP-36410,124.43,119.125
JVASP-120245,52.34,45.59375
JVASP-116484,15.67,19.3125
JVASP-112295,38.41,43.8125
JVASP-66227,5.94,11.5859375
JVASP-68454,14.57,11.359375
JVASP-116640,36.54,37.0
JVASP-64704,11.28,9.59375
JVASP-30116,39.8,36.5
JVASP-8616,30.13,31.6875
JVASP-16617,78.38,73.125
JVASP-118234,14.46,19.71875
JVASP-10701,3.09,9.3359375
JVASP-74231,7.3,15.265625
JVASP-78364,44.4,47.09375
JVASP-16575,10.54,10.9296875
JVASP-75795,0.28,-1.7607422
JVASP-39971,40.62,37.46875
JVASP-37471,17.55,20.171875
JVASP-116085,-15.75,-18.53125
JVASP-51417,38.62,44.25
JVASP-100292,39.11,38.40625
JVASP-89307,42.81,42.15625
JVASP-8596,55.88,55.28125
JVASP-91802,13.13,7.875
JVASP-93378,13.11,8.3046875
JVASP-3927,40.18,43.875
JVASP-67635,13.89,6.4570312
JVASP-69180,-2.39,-3.8769531
JVASP-1480,71.68,70.625
JVASP-71974,12.21,13.578125
JVASP-266,32.04,36.03125
JVASP-17876,71.91,68.9375
JVASP-21545,19.7,24.0625
JVASP-90807,16.2,17.734375
JVASP-25412,1.04,0.92041016
JVASP-85272,386.34,359.25
JVASP-1696,25.32,27.96875
JVASP-17638,18.44,18.84375
JVASP-16737,13.95,12.1328125
JVASP-91344,13.07,12.46875
JVASP-51048,25.24,20.796875
JVASP-116094,9.31,10.1484375
JVASP-68614,30.55,27.0625
JVASP-40664,34.95,41.625
JVASP-32106,8.81,6.9570312
JVASP-1510,18.91,17.03125
JVASP-57560,10.43,11.40625
JVASP-16748,20.8,20.875
JVASP-9885,41.77,43.46875
JVASP-28758,31.1,26.5625
JVASP-65776,3.49,8.0390625
JVASP-49842,50.43,56.125
JVASP-70752,0.0,6.6914062
JVASP-64767,-7.12,-8.3828125
JVASP-29060,31.11,31.9375
JVASP-9593,19.14,21.1875
JVASP-30559,58.65,60.3125
JVASP-34484,48.77,35.34375
JVASP-7747,16.99,19.5625
JVASP-67811,47.95,50.53125
JVASP-115185,40.84,44.03125
JVASP-28974,5.31,5.2382812
JVASP-65260,46.72,47.90625
JVASP-18302,42.22,50.9375
JVASP-10720,54.47,61.28125
JVASP-802,50.93,53.125
JVASP-39018,38.17,47.625
JVASP-118423,4.99,7.4414062
JVASP-94837,51.25,58.15625
JVASP-37543,7.54,4.84375
JVASP-111660,37.25,45.59375
JVASP-97853,18.7,32.6875
JVASP-100571,21.74,22.0625
JVASP-30601,31.39,29.546875
JVASP-67757,0.0,-6.0976562
JVASP-50214,44.86,54.875
JVASP-7695,32.39,34.0625
JVASP-14811,18.75,21.75
JVASP-111969,43.85,37.15625
JVASP-37040,43.47,44.3125
JVASP-16125,65.45,60.5
JVASP-50921,17.2,1.0654297
JVASP-7807,150.72,174.125
JVASP-40291,32.2,30.046875
JVASP-96779,51.23,53.4375
JVASP-68449,14.11,13.515625
JVASP-67768,16.12,13.4453125
JVASP-21841,105.12,125.375
JVASP-35162,56.55,62.46875
JVASP-17993,4.44,3.8417969
JVASP-34040,39.27,35.84375
JVASP-14692,79.19,78.5
JVASP-36314,31.68,26.203125
JVASP-38848,23.08,24.1875
JVASP-122892,56.2,57.53125
JVASP-15237,53.58,50.3125
JVASP-28818,0.71,2.3066406
JVASP-100080,38.0,38.25
JVASP-34769,14.15,10.859375
JVASP-3534,34.09,36.125
JVASP-39816,27.36,30.28125
JVASP-85687,23.21,17.203125
JVASP-54225,23.14,28.90625
JVASP-69482,-8.35,-11.0078125
JVASP-51043,130.38,133.0
JVASP-14997,68.21,84.1875
JVASP-70791,7.38,7.28125
JVASP-19728,55.62,65.875
JVASP-78752,-3.7,-6.953125
JVASP-1762,18.43,19.390625
JVASP-25825,52.11,58.3125
JVASP-43810,16.45,17.921875
JVASP-36842,17.33,20.28125
JVASP-10479,8.57,5.28125
JVASP-17506,14.86,15.4375
JVASP-120822,6.55,10.6015625
JVASP-108890,7.75,6.9804688
JVASP-14628,146.52,160.25
JVASP-15613,78.09,70.6875
JVASP-36222,124.3,148.625
JVASP-14332,94.18,81.625
JVASP-16695,64.34,67.8125
JVASP-37118,24.57,20.71875
JVASP-71305,33.01,31.421875
JVASP-37073,32.39,30.5
JVASP-71879,81.23,91.6875
JVASP-106382,79.01,76.6875
JVASP-67898,26.42,26.171875
JVASP-25632,12.87,14.1640625
JVASP-20097,23.73,27.96875
JVASP-18664,49.89,52.15625
JVASP-18399,38.36,42.6875
JVASP-116245,12.91,7.8632812
JVASP-86547,6.26,5.2578125
JVASP-118271,31.77,40.53125
JVASP-92631,-1.47,-5.53125
JVASP-93767,23.71,16.4375
JVASP-67131,111.46,108.25
JVASP-66758,0.0,1.2236328
JVASP-105699,7.13,8.0234375
JVASP-35062,52.15,66.8125
JVASP-56749,63.32,68.6875
JVASP-79086,59.14,67.5625
JVASP-114064,0.31,-5.5859375
JVASP-20522,46.46,42.9375
JVASP-121148,8.44,11.8203125
JVASP-28913,5.13,1.8496094
JVASP-30228,49.65,60.5625
JVASP-118879,4.54,4.796875
JVASP-99940,55.21,67.125
JVASP-65769,17.74,21.5
JVASP-15290,25.2,27.25
JVASP-104573,23.95,30.828125
JVASP-12600,16.99,18.765625
JVASP-117787,10.83,11.5
JVASP-15185,61.83,57.46875
JVASP-65597,-10.13,-8.2890625
JVASP-100057,28.55,28.53125
JVASP-15520,19.7,14.8984375
JVASP-116205,5.38,3.0664062
JVASP-99752,6.03,9.65625
JVASP-20072,8.2,16.15625
JVASP-37875,95.14,102.3125
JVASP-92535,45.04,43.46875
JVASP-116749,22.99,27.0625
JVASP-122970,31.98,30.21875
JVASP-99683,-2.72,-0.5942383
JVASP-116051,96.49,109.9375
JVASP-48586,28.12,37.9375
JVASP-36752,40.8,47.125
JVASP-91760,18.21,17.03125
JVASP-10556,101.04,101.625
JVASP-47273,13.9,24.109375
JVASP-16649,38.63,37.96875
JVASP-117799,7.45,6.7539062
JVASP-14629,9.06,7.8242188
JVASP-91711,31.97,28.09375
JVASP-37163,29.85,31.3125
JVASP-29129,5.47,13.75
JVASP-2077,30.41,26.859375
JVASP-21497,61.99,71.3125
JVASP-16242,49.15,48.5
JVASP-10118,21.59,23.0
JVASP-116319,-18.27,-16.609375
JVASP-37239,3.55,2.6210938
JVASP-56962,87.34,94.8125
JVASP-120217,6.87,8.75
JVASP-3696,40.66,39.96875
JVASP-17297,68.39,65.125
JVASP-35670,43.29,47.09375
JVASP-9482,57.28,63.6875
JVASP-38738,23.61,27.0625
JVASP-7935,54.86,53.15625
JVASP-93446,23.53,23.015625
JVASP-117974,8.21,11.0703125
JVASP-54869,41.79,37.5
JVASP-35503,52.58,59.09375
JVASP-101626,1.67,2.1152344
JVASP-100335,98.3,105.625
JVASP-108780,30.21,32.75
JVASP-37833,43.01,44.875
JVASP-25844,29.43,29.015625
JVASP-65648,-22.32,-17.71875
JVASP-39280,31.09,45.0
JVASP-101789,29.01,26.703125
JVASP-62630,58.91,65.75
JVASP-9732,29.21,32.875
JVASP-20105,41.34,42.3125
JVASP-25363,216.91,229.0
JVASP-13354,25.71,20.65625
JVASP-118179,-14.42,25.890625
JVASP-42076,41.28,50.15625
JVASP-115655,15.7,5.2929688
JVASP-58988,10.91,11.7578125
JVASP-40797,46.8,47.21875
JVASP-16093,52.92,53.8125
JVASP-103142,52.29,58.5
JVASP-114538,-16.86,-11.0859375
JVASP-41036,25.74,22.859375
JVASP-7900,-6.03,-8.265625
JVASP-42088,61.3,67.3125
JVASP-30583,67.33,51.0
JVASP-15693,-1.29,-2.5195312
JVASP-41337,119.26,126.9375
JVASP-115427,4.1,4.96875
JVASP-22607,4.32,4.9804688
JVASP-13845,13.69,15.65625
JVASP-40233,13.0,15.7265625
JVASP-36164,35.98,24.609375
JVASP-74678,12.5,13.59375
JVASP-67397,5.36,7.640625
JVASP-18549,56.09,54.875
JVASP-65614,7.58,5.1328125
JVASP-600,42.76,45.8125
JVASP-79580,11.26,12.671875
JVASP-65271,50.95,55.65625
JVASP-14837,27.66,26.21875
JVASP-75711,11.62,12.390625
JVASP-119947,-11.87,-14.453125
JVASP-149,47.12,53.46875
JVASP-4316,172.55,173.875
JVASP-9455,54.36,53.21875
JVASP-11555,61.37,57.09375
JVASP-54950,100.24,112.125
JVASP-34184,80.06,82.0625
JVASP-71159,39.8,42.8125
JVASP-16268,64.32,64.625
JVASP-118652,11.58,12.796875
JVASP-12890,13.87,15.6796875
JVASP-9539,23.77,32.28125
JVASP-18921,64.78,70.25
JVASP-10948,67.01,71.5625
JVASP-39536,24.44,25.875
JVASP-116146,0.01,2.4375
JVASP-9628,51.93,52.34375
JVASP-29560,41.12,37.1875
JVASP-92744,13.92,9.796875
JVASP-18114,39.76,38.9375
JVASP-11492,39.87,34.375
JVASP-18196,87.68,89.25
JVASP-121147,-4.51,-4.3828125
JVASP-8364,38.27,37.03125
JVASP-9439,46.47,44.375
JVASP-121223,27.85,36.90625
JVASP-1237,96.91,111.25
JVASP-37035,10.02,3.5566406
JVASP-9986,82.0,80.4375
JVASP-18163,17.22,19.734375
JVASP-37511,14.06,13.03125
JVASP-116031,3.92,5.9648438
JVASP-86094,-15.57,5.0820312
JVASP-74478,86.59,73.375
JVASP-120191,13.37,17.78125
JVASP-91573,56.39,68.0625
JVASP-116993,17.36,17.421875
JVASP-118314,7.29,-2.9707031
JVASP-114883,7.05,1.8398438
JVASP-38639,63.3,63.3125
JVASP-91586,47.13,54.5625
JVASP-121253,13.03,18.984375
JVASP-65685,10.7,11.1640625
JVASP-18468,8.66,8.8671875
JVASP-20623,31.53,35.15625
JVASP-115166,6.99,11.7109375
JVASP-25272,-2.37,-1.8740234
JVASP-48629,53.27,65.3125
JVASP-41419,39.68,41.46875
JVASP-19757,35.12,39.78125
JVASP-28995,3.09,4.7304688
JVASP-65571,11.72,13.8671875
JVASP-68338,9.1,15.5859375
JVASP-120109,-9.68,-12.453125
JVASP-74055,108.79,118.4375
JVASP-90270,48.87,58.75
JVASP-118114,21.17,18.828125
JVASP-15008,49.94,53.8125
JVASP-29804,2.32,10.0078125
JVASP-51100,-6.34,-5.78125
JVASP-12586,8.36,11.265625
JVASP-116261,19.83,26.8125
JVASP-3723,17.39,29.625
JVASP-16328,51.25,52.6875
JVASP-2820,19.92,26.03125
JVASP-41696,68.14,80.6875
JVASP-2802,9.26,6.578125
JVASP-26752,36.94,39.0
JVASP-4149,10.67,14.1171875
JVASP-21560,29.67,34.0
JVASP-71659,18.49,26.640625
JVASP-116209,-0.59,2.7929688
JVASP-15081,40.95,46.9375
JVASP-30191,10.85,16.015625
JVASP-116837,60.11,69.6875
JVASP-92566,58.37,63.875
JVASP-7691,39.62,47.15625
JVASP-20479,15.87,21.703125
JVASP-106624,10.13,11.4296875
JVASP-18770,88.92,90.6875
JVASP-65074,121.24,148.75
JVASP-116368,-15.25,-6.0351562
JVASP-9709,10.79,13.4296875
JVASP-68963,8.51,13.09375
JVASP-68177,32.95,41.15625
JVASP-103137,32.99,43.21875
JVASP-37303,8.71,6.2773438
JVASP-14667,97.4,126.0
JVASP-68525,32.83,41.28125
JVASP-19931,41.57,48.75
JVASP-8384,40.31,47.4375
JVASP-117498,3.43,9.5234375
JVASP-100066,28.18,35.21875
JVASP-120872,24.57,30.140625
JVASP-54664,6.78,5.2890625
JVASP-68522,10.53,10.3984375
JVASP-2559,25.2,31.3125
JVASP-17819,61.67,61.5
JVASP-15724,46.35,63.40625
JVASP-31174,10.04,15.6640625
JVASP-11237,38.92,47.84375
JVASP-14748,33.06,40.1875
JVASP-12648,75.22,94.5
JVASP-118704,1.79,10.1015625
JVASP-99744,17.78,21.6875
JVASP-38856,67.04,76.375
JVASP-120862,19.27,25.328125
JVASP-86504,145.83,171.25
JVASP-35038,31.99,28.9375
JVASP-62921,11.63,14.46875
JVASP-37144,21.56,40.96875
JVASP-12752,4.52,9.8984375
JVASP-94930,25.87,28.953125
JVASP-8110,80.5,92.25
JVASP-8219,27.93,32.8125
JVASP-52187,19.44,36.9375
JVASP-58424,22.0,26.46875
JVASP-69349,14.53,16.578125
JVASP-36502,18.58,22.703125
JVASP-70789,0.0,-2.7441406
JVASP-66797,34.05,38.40625
JVASP-78875,2.76,6.7890625
JVASP-29599,14.8,18.34375
JVASP-64890,40.4,43.5625
JVASP-105727,85.69,85.25
JVASP-41909,40.94,38.59375
JVASP-71009,37.47,51.1875
JVASP-35779,5.78,14.0625
JVASP-18113,22.28,28.515625
JVASP-116257,47.59,76.0625
JVASP-64987,2.22,4.4140625
JVASP-86453,34.78,45.6875
JVASP-38085,22.52,25.375
JVASP-17694,17.6,16.703125
JVASP-10074,53.01,55.90625
JVASP-21143,41.93,50.90625
JVASP-15624,80.19,88.0625
JVASP-8808,28.19,31.28125
JVASP-116609,60.75,76.875
JVASP-106354,37.1,42.625
JVASP-91523,11.52,13.0390625
JVASP-22634,92.73,103.875
JVASP-14705,115.66,133.125
JVASP-12002,25.67,32.09375
JVASP-17167,44.38,37.25
JVASP-19790,21.75,16.859375
JVASP-108095,2.81,19.15625
JVASP-90679,118.8,161.75
JVASP-115648,15.53,15.328125
JVASP-2631,63.48,71.9375
JVASP-28838,1.01,1.3222656
JVASP-30,107.88,140.375
JVASP-34182,28.26,39.6875
JVASP-114112,5.25,6.9414062
JVASP-25126,3.56,8.71875
JVASP-14899,89.53,91.3125
JVASP-39426,7.51,7.9609375
JVASP-35479,15.73,17.171875
JVASP-2029,7.59,9.4453125
JVASP-8218,30.93,36.125
JVASP-115209,13.61,13.6328125
JVASP-102947,9.84,9.8671875
JVASP-30635,1.09,35.84375
JVASP-577,32.0,32.78125
JVASP-8601,21.04,13.3046875
JVASP-70484,59.0,52.84375
JVASP-24259,33.57,31.96875
JVASP-75601,1.8,-0.8623047
JVASP-115398,19.92,18.703125
JVASP-70620,87.42,73.75
JVASP-9291,49.31,44.625
JVASP-25110,18.93,16.46875
JVASP-30271,54.21,38.1875
JVASP-37096,186.27,197.5
JVASP-20583,59.72,54.1875
JVASP-69916,25.78,28.6875
JVASP-38834,88.04,72.875
JVASP-106611,35.5,29.578125
JVASP-72097,24.27,16.515625
JVASP-10706,8.43,7.1757812
JVASP-12614,43.95,36.15625
JVASP-74681,56.18,58.375
JVASP-17889,45.93,43.21875
JVASP-2763,35.59,30.0625
JVASP-31723,39.49,42.125
JVASP-91716,49.79,48.4375
JVASP-18212,61.38,64.8125
JVASP-68406,-0.62,-3.2519531
JVASP-118627,37.95,36.71875
JVASP-93395,86.77,80.5
JVASP-102093,8.8,6.7109375
JVASP-86527,10.62,7.8320312
JVASP-10204,39.98,37.5
JVASP-13321,42.98,38.21875
JVASP-71251,25.1,29.671875
JVASP-25270,24.43,8.3359375
JVASP-37086,24.88,21.390625
JVASP-85447,27.71,23.328125
JVASP-118393,43.47,42.9375
JVASP-79112,0.63,1.0126953
JVASP-52904,66.81,56.21875
JVASP-100046,75.97,64.4375
JVASP-14266,21.13,22.828125
JVASP-36229,-22.3,-10.71875
JVASP-53085,5.07,3.1875
JVASP-39095,28.22,25.609375
JVASP-57242,38.37,38.875
JVASP-25415,46.75,62.0625
JVASP-110330,43.46,44.0625
JVASP-9092,42.94,48.96875
JVASP-8189,138.52,146.375
JVASP-18515,78.17,76.8125
JVASP-18056,57.07,63.1875
JVASP-30647,42.43,36.78125
JVASP-118281,-1.16,0.9682617
JVASP-35708,33.46,41.34375
JVASP-8398,9.3,16.21875
JVASP-16245,51.2,48.71875
JVASP-15720,120.46,122.1875
JVASP-90816,27.13,25.421875
JVASP-65130,63.45,56.34375
JVASP-57367,26.8,21.984375
JVASP-75026,-11.86,-12.09375
JVASP-10248,26.08,21.828125
JVASP-36621,58.06,60.53125
JVASP-15134,97.91,87.0625
JVASP-17821,21.28,14.5234375
JVASP-12745,22.59,22.171875
JVASP-9132,80.76,75.5625
JVASP-16915,14.95,16.09375
JVASP-16664,29.35,25.0
JVASP-18138,96.01,90.375
JVASP-35747,23.35,19.0625
JVASP-71951,3.79,5.0351562
JVASP-90831,23.69,24.296875
JVASP-67925,24.84,17.625
JVASP-91804,7.44,10.140625
JVASP-121189,4.01,6.0351562
JVASP-47902,27.53,24.6875
JVASP-10552,41.86,38.78125
JVASP-12059,43.8,33.75
JVASP-9402,89.13,80.625
JVASP-15426,57.67,63.3125
JVASP-29864,39.12,32.875
JVASP-599,16.01,14.703125
JVASP-68051,38.93,29.40625
JVASP-66471,-0.5,0.17077637
JVASP-19777,100.28,93.375
JVASP-69373,20.86,19.796875
JVASP-93956,134.7,120.75
JVASP-1399,19.64,13.4453125
JVASP-39248,13.34,15.1015625
JVASP-13817,12.35,14.0703125
JVASP-43386,78.49,82.3125
JVASP-36505,14.98,10.5078125
JVASP-93491,55.62,59.40625
JVASP-17663,26.96,23.15625
JVASP-68857,28.93,31.703125
JVASP-16170,49.95,43.34375
JVASP-37331,69.76,87.375
JVASP-67853,58.75,47.09375
JVASP-36647,50.97,50.40625
JVASP-117463,9.41,9.5234375
JVASP-67789,7.09,4.0664062
JVASP-120190,5.21,1.6132812
JVASP-9378,24.26,22.21875
JVASP-29285,2.61,4.3515625
JVASP-75764,19.86,15.53125
JVASP-5293,18.25,23.09375
JVASP-8158,197.62,164.75
JVASP-71015,0.0,-0.0017051697
JVASP-53082,9.93,8.21875
JVASP-20087,69.64,57.78125
JVASP-15819,74.71,62.78125
JVASP-103218,31.08,18.359375
JVASP-25392,2.32,0.032592773
JVASP-37793,28.9,30.6875
JVASP-113976,249.13,290.75
JVASP-35532,79.49,77.25
JVASP-7808,25.91,19.875
JVASP-39451,225.08,176.875
JVASP-65687,-4.72,-12.0546875
JVASP-67749,18.15,8.7109375
JVASP-16614,78.23,74.0625
JVASP-17910,22.92,22.0625
JVASP-37304,41.59,41.53125
JVASP-17258,20.7,10.2890625
JVASP-18725,54.55,48.15625
JVASP-48085,28.73,26.09375
JVASP-4340,20.04,14.6796875
JVASP-75851,13.36,14.8203125
JVASP-68986,-3.92,-4.8085938
JVASP-9228,75.75,69.5625
JVASP-14518,108.58,100.1875
JVASP-2667,21.82,24.328125
JVASP-114492,119.87,128.0
JVASP-114728,43.67,44.4375
JVASP-16318,63.56,54.1875
JVASP-37476,34.8,33.09375
JVASP-74541,19.03,21.578125
JVASP-31842,-17.27,2.6582031
JVASP-40383,35.98,31.46875
JVASP-39044,26.32,28.140625
JVASP-17193,-21.39,-9.09375
JVASP-12409,39.83,38.5
JVASP-5125,26.73,27.65625
JVASP-33829,5.15,4.2617188
JVASP-11474,37.65,38.03125
JVASP-11649,55.85,56.09375
JVASP-19836,165.61,146.625
JVASP-37155,20.31,21.625
JVASP-99721,16.6,14.1328125
JVASP-71860,0.87,0.95947266
JVASP-15884,122.02,121.0625
JVASP-14598,24.9,24.265625
JVASP-38208,9.52,2.5488281
JVASP-12639,77.08,69.5
JVASP-99951,37.27,33.03125
JVASP-35953,64.17,55.0
JVASP-28397,5.44,5.2265625
JVASP-118124,9.81,4.2226562
JVASP-121188,16.57,15.1328125
JVASP-80040,76.9,65.0
JVASP-10775,35.81,38.125
JVASP-116142,-2.11,-2.5019531
JVASP-9976,43.73,41.34375
JVASP-8,25.32,31.109375
JVASP-40856,41.3,41.59375
JVASP-13040,12.6,9.84375
JVASP-86754,5.98,4.4257812
JVASP-90229,-0.19,-1.671875
JVASP-70212,0.0,-0.66259766
JVASP-20068,175.95,183.125
JVASP-28520,47.61,42.71875
JVASP-71347,12.43,12.0078125
JVASP-37111,30.87,29.84375
JVASP-4319,54.69,52.90625
JVASP-115085,92.5,84.0625
JVASP-65669,34.76,29.515625
JVASP-15602,41.13,36.6875
JVASP-11738,64.97,62.09375
JVASP-110624,90.54,69.0625
JVASP-4370,21.75,18.859375
JVASP-34236,92.55,76.75
JVASP-21084,81.37,80.1875
JVASP-106076,103.25,97.9375
JVASP-86934,55.33,59.34375
JVASP-25070,67.66,61.625
JVASP-8394,42.4,39.40625
JVASP-17233,45.44,29.453125
JVASP-65764,0.0,0.09777832
JVASP-25321,87.55,89.125
JVASP-10227,11.32,9.1484375
JVASP-65250,44.95,51.84375
JVASP-1975,24.33,18.46875
JVASP-4423,24.41,24.34375
JVASP-117766,-15.96,-9.5
JVASP-9233,23.92,18.09375
JVASP-15888,10.26,13.3515625
JVASP-2997,27.83,27.0625
JVASP-31719,39.53,37.34375
JVASP-102108,19.86,16.625
JVASP-91513,143.62,135.875
JVASP-40939,32.12,28.859375
JVASP-85922,12.49,12.0390625
JVASP-58434,124.23,94.8125
JVASP-17457,30.75,35.375
JVASP-19831,39.3,36.03125
JVASP-31179,6.09,9.109375
JVASP-14729,10.64,7.2460938
JVASP-42465,118.3,120.0625
JVASP-24935,38.33,35.21875
JVASP-17216,15.42,11.328125
JVASP-117808,24.78,26.53125
JVASP-67538,42.98,47.4375
JVASP-15299,42.91,42.9375
JVASP-66389,-7.58,-7.5
JVASP-25189,6.22,9.140625
JVASP-7835,47.56,49.90625
JVASP-3870,10.32,6.671875
JVASP-115849,9.11,25.625
JVASP-19909,22.92,25.671875
JVASP-120865,9.07,5.125
JVASP-36488,16.86,15.03125
JVASP-8586,15.04,13.2421875
JVASP-3144,64.84,54.0625
JVASP-30328,24.29,29.28125
JVASP-7746,38.69,36.90625
JVASP-64712,0.5,1.2890625
JVASP-68044,50.13,48.03125
JVASP-118463,3.05,3.5039062
JVASP-20387,47.3,40.4375
JVASP-35354,40.23,37.21875
JVASP-94367,6.45,4.4453125
JVASP-92676,18.37,14.3359375
JVASP-118008,29.13,28.203125
JVASP-39420,10.89,17.671875
JVASP-114645,-0.51,3.9453125
JVASP-40234,99.44,104.25
JVASP-10151,0.92,3.1484375
JVASP-10738,32.9,35.5625
JVASP-40123,96.46,109.375
JVASP-16391,28.12,28.21875
JVASP-2337,39.96,31.96875
JVASP-69129,34.52,30.359375
JVASP-94845,23.85,24.765625
JVASP-68941,44.41,43.03125
JVASP-109531,149.08,143.5
JVASP-86963,23.11,26.09375
JVASP-44575,81.35,66.25
JVASP-91755,16.68,14.9296875
JVASP-15697,36.53,35.65625
JVASP-42301,0.27,3.9863281
JVASP-59633,7.47,20.5625
JVASP-105831,19.93,21.8125
JVASP-67666,27.23,25.4375
JVASP-28504,18.13,8.9375
JVASP-1270,9.86,9.9765625
JVASP-21543,77.79,78.3125
JVASP-20511,65.37,64.9375
JVASP-35656,104.12,117.5
JVASP-12520,17.08,18.953125
JVASP-37958,93.61,103.4375
JVASP-2322,23.57,24.59375
JVASP-93707,56.28,56.6875
JVASP-296,21.25,23.984375
JVASP-8556,21.78,16.46875
JVASP-29031,4.46,3.5371094
JVASP-41488,40.2,42.53125
JVASP-22679,7.74,5.9453125
JVASP-9978,12.36,11.4765625
JVASP-71273,7.98,13.0859375
JVASP-16102,0.0,35.6875
JVASP-4615,16.75,16.953125
JVASP-70961,38.55,37.5625
JVASP-94954,21.73,26.84375
JVASP-106962,2.3,5.8125
JVASP-18213,12.71,9.1328125
JVASP-113786,36.64,35.84375
JVASP-18299,-8.66,-10.25
JVASP-12104,39.41,34.4375
JVASP-22690,21.96,20.0625
JVASP-9495,13.47,36.8125
JVASP-114604,5.58,3.6875
JVASP-30259,33.05,37.1875
JVASP-114158,26.29,26.03125
JVASP-19942,120.49,121.8125
JVASP-7752,70.17,76.75
JVASP-8656,12.21,12.1640625
JVASP-15375,44.15,48.4375
JVASP-22621,10.2,14.796875
JVASP-17423,53.62,50.53125
JVASP-86404,45.5,61.15625
JVASP-35125,69.25,82.125
JVASP-78544,1.62,2.5507812
JVASP-19877,29.44,33.75
JVASP-87128,4.76,18.171875
JVASP-15423,15.83,16.21875
JVASP-8472,4.12,9.7421875
JVASP-118460,73.35,81.4375
JVASP-28650,4.48,14.0390625
JVASP-8058,39.29,41.59375
JVASP-20233,29.73,32.0
JVASP-120311,21.51,22.953125
JVASP-79429,53.54,60.15625
JVASP-7822,34.27,32.1875
JVASP-65030,89.27,85.1875
JVASP-85775,15.55,21.234375
JVASP-16758,39.14,41.53125
JVASP-28647,4.71,15.5
JVASP-70903,0.0,2.4082031
JVASP-64889,23.97,24.921875
JVASP-20404,69.7,79.8125
JVASP-74877,75.76,84.75
JVASP-65660,2.68,-1.3193359
JVASP-70649,42.35,49.21875
JVASP-115379,8.51,11.0078125
JVASP-118555,-9.29,-5.9023438
JVASP-113781,59.15,54.4375
JVASP-58405,63.28,75.375
JVASP-85817,48.04,48.5625
JVASP-16543,33.42,40.0625
JVASP-37478,18.88,18.6875
JVASP-74667,13.04,14.59375
JVASP-16544,35.14,36.21875
JVASP-54997,63.64,60.25
JVASP-71360,85.05,81.6875
JVASP-115700,3.35,4.09375
JVASP-40334,45.42,49.90625
JVASP-35027,12.92,14.4375
JVASP-29023,1.9,13.4296875
JVASP-21271,39.15,33.28125
JVASP-74464,4.31,6.1210938
JVASP-71046,96.57,102.75
JVASP-71941,28.8,41.9375
JVASP-115270,11.35,13.0
JVASP-28570,5.44,22.265625
JVASP-19710,120.04,138.875
JVASP-29575,25.56,31.546875
JVASP-67762,24.88,11.484375
JVASP-35459,31.17,32.1875
JVASP-34634,59.89,68.125
JVASP-56582,23.32,21.15625
JVASP-2760,31.61,27.90625
JVASP-68481,91.79,97.5625
JVASP-29138,4.18,7.7773438
JVASP-73922,144.27,149.25
JVASP-48807,32.05,30.234375
JVASP-11753,27.97,27.84375
JVASP-107740,23.82,25.09375
JVASP-51309,-11.34,-11.9375
JVASP-30196,69.51,72.0
JVASP-2142,127.19,137.875
JVASP-115902,5.31,5.296875
JVASP-118591,11.29,11.890625
JVASP-25224,9.38,49.21875
JVASP-35185,7.6,8.71875
JVASP-8803,8.18,13.359375
JVASP-10332,31.81,38.6875
JVASP-41455,37.62,38.0
JVASP-15829,54.1,51.53125
JVASP-92617,108.62,105.9375
JVASP-107167,8.31,13.8359375
JVASP-50067,49.35,50.3125
JVASP-15028,70.42,70.25
JVASP-29042,5.51,8.296875
JVASP-70801,0.0,4.0664062
JVASP-19731,90.26,96.375
JVASP-120138,24.99,26.359375
JVASP-7730,19.01,19.828125
JVASP-7728,21.96,19.0
JVASP-5410,20.71,17.765625
JVASP-2220,58.62,53.1875
JVASP-15385,65.11,70.6875
JVASP-107982,-7.73,-8.5390625
JVASP-9122,8.81,11.0390625
JVASP-100153,9.83,10.8984375
JVASP-118703,-8.82,-7.4101562
JVASP-35402,48.31,51.3125
JVASP-105191,14.5,18.359375
JVASP-17838,0.3,-0.18029785
JVASP-92561,61.37,61.46875
JVASP-38300,22.94,23.8125
JVASP-110745,10.39,14.8828125
JVASP-103375,20.22,37.5625
JVASP-29799,34.75,36.28125
JVASP-54742,49.07,49.625
JVASP-19635,20.54,20.546875
JVASP-12939,12.27,14.0234375
JVASP-18584,30.2,29.703125
JVASP-85336,19.55,23.96875
JVASP-15183,90.25,97.5
JVASP-29028,18.29,1.5400391
JVASP-114028,0.27,5.3984375
JVASP-113643,16.45,15.2578125
JVASP-14754,19.98,24.484375
JVASP-54274,-1.7,-6.296875
JVASP-7826,34.43,30.671875
JVASP-108663,3.94,9.890625
JVASP-20249,99.79,96.1875
JVASP-19709,60.65,62.90625
JVASP-21896,94.82,99.375
JVASP-8540,9.5,11.6484375
JVASP-103335,47.32,48.34375
JVASP-28453,24.46,26.703125
JVASP-71029,30.82,38.96875
JVASP-101160,19.28,18.875
JVASP-13849,39.09,46.59375
JVASP-28839,1.27,-1.1455078
JVASP-15658,52.48,55.1875
JVASP-39454,62.23,67.1875
JVASP-36178,22.74,32.25
JVASP-39746,52.6,60.28125
JVASP-121337,27.79,30.59375
JVASP-114767,-0.27,1.0605469
JVASP-64969,41.27,50.21875
JVASP-101623,6.6,6.265625
JVASP-14567,30.2,33.25
JVASP-115367,-9.83,5.2539062
JVASP-120169,37.77,32.46875
JVASP-51101,21.32,28.140625
JVASP-103312,17.29,15.859375
JVASP-39346,5.46,12.6640625
JVASP-9193,26.68,49.78125
JVASP-19752,73.78,83.125
JVASP-120970,16.36,18.265625
JVASP-68212,65.96,58.25
JVASP-118722,60.62,83.5
JVASP-21479,19.97,23.578125
JVASP-74434,16.26,31.171875
JVASP-57046,36.92,29.734375
JVASP-96,28.86,30.90625
JVASP-85955,8.81,10.1015625
JVASP-113542,23.45,24.53125
JVASP-69235,-6.22,-12.6328125
JVASP-32398,5.95,4.8828125
JVASP-68881,17.14,17.65625
JVASP-7806,7.35,5.6796875
JVASP-8180,132.8,136.75
JVASP-14651,67.73,73.375
JVASP-70951,0.0,3.3300781
JVASP-51210,-2.52,-2.2089844
JVASP-117893,31.15,30.15625
JVASP-192,40.61,42.84375
JVASP-35064,9.95,9.3046875
JVASP-106277,26.0,23.765625
JVASP-11048,37.67,35.59375
JVASP-118810,-1.31,0.45117188
JVASP-22377,52.48,50.03125
JVASP-37544,9.18,11.3671875
JVASP-36765,23.26,29.84375
JVASP-65586,7.17,8.46875
JVASP-69228,10.98,16.28125
JVASP-105867,27.2,35.0
JVASP-115933,18.3,17.0
JVASP-118258,22.45,23.28125
JVASP-22736,22.52,23.59375
JVASP-9796,84.95,97.4375
JVASP-8107,115.44,115.75
JVASP-8191,2.81,9.5859375
JVASP-52214,2.18,5.0507812
JVASP-93736,44.38,44.53125
JVASP-29045,5.47,6.9648438
JVASP-16868,39.16,43.625
JVASP-38795,28.54,31.5625
JVASP-52263,35.82,37.375
JVASP-87117,55.62,57.0625
JVASP-112574,90.91,104.0625
JVASP-122955,20.7,19.765625
JVASP-16168,172.31,153.5
JVASP-42052,104.14,118.3125
JVASP-85669,6.48,7.8671875
JVASP-11488,27.31,27.734375
JVASP-28374,185.38,184.25
JVASP-39030,15.62,17.234375
JVASP-65480,31.02,35.15625
JVASP-3855,16.68,18.734375
JVASP-18308,38.54,39.40625
JVASP-86811,26.35,25.0
JVASP-18251,26.47,29.578125
JVASP-2751,42.73,44.375
JVASP-15951,113.24,113.8125
JVASP-88052,14.79,19.96875
JVASP-18513,20.69,32.03125
JVASP-100486,27.96,35.3125
JVASP-39646,34.18,33.96875
JVASP-118494,100.72,104.3125
JVASP-16903,56.11,56.5625
JVASP-36668,63.68,66.0625
JVASP-54911,34.44,35.46875
JVASP-40250,88.66,87.0625
JVASP-12770,69.68,72.4375
JVASP-2544,57.16,62.65625
JVASP-121298,17.32,18.859375
JVASP-2688,59.59,57.40625
JVASP-15576,93.26,103.4375
JVASP-65238,13.8,19.5
JVASP-15065,30.11,30.171875
JVASP-56740,24.66,29.421875
JVASP-114123,5.5,9.40625
JVASP-52267,25.71,24.0625
JVASP-115681,-2.83,9.921875
JVASP-92705,48.87,48.125
JVASP-64083,4.48,4.1171875
JVASP-96563,9.09,34.25
JVASP-15003,88.14,74.625
JVASP-9920,40.11,44.09375
JVASP-25374,1.35,0.3930664
JVASP-85971,17.13,16.484375
JVASP-65725,4.73,10.1015625
JVASP-94831,125.76,142.5
JVASP-115828,5.19,12.640625
JVASP-64391,0.24,0.2722168
JVASP-119980,-18.91,-15.078125
JVASP-20986,9.19,51.21875
JVASP-22027,44.77,43.375
JVASP-67673,43.86,46.65625
JVASP-114161,8.38,5.84375
JVASP-19808,26.2,26.21875
JVASP-16914,15.27,13.671875
JVASP-51035,26.5,25.28125
JVASP-79259,42.51,45.0625
JVASP-64346,11.16,10.0078125
JVASP-116202,-3.16,-2.1308594
JVASP-55104,36.16,39.375
JVASP-11604,44.81,48.59375
JVASP-59640,66.07,70.6875
JVASP-99931,0.36,2.4296875
JVASP-9127,23.61,24.46875
JVASP-21551,19.25,22.328125
JVASP-72017,75.65,73.0
JVASP-31181,38.61,65.0
JVASP-1005,22.89,21.109375
JVASP-118737,37.13,26.359375
JVASP-24592,11.82,11.890625
JVASP-75836,44.54,43.9375
JVASP-8557,9.13,10.4765625
JVASP-68746,20.32,21.671875
JVASP-21003,19.08,23.921875
JVASP-21797,18.93,28.90625
JVASP-71078,69.66,66.375
JVASP-52253,25.44,42.15625
JVASP-42137,34.98,44.34375
JVASP-101712,12.83,13.390625
JVASP-26762,25.41,29.609375
JVASP-106346,52.73,48.75
JVASP-86152,5.97,5.9570312
JVASP-30594,12.77,17.96875
JVASP-53421,11.18,11.453125
JVASP-12913,9.31,7.8359375
JVASP-7887,35.41,44.9375
JVASP-36154,23.37,24.109375
JVASP-22672,10.54,10.984375
JVASP-49227,66.3,71.9375
JVASP-18581,37.91,37.25
JVASP-35414,49.17,42.40625
JVASP-4816,31.21,33.125
JVASP-75519,1.64,1.3427734
JVASP-94278,20.13,20.921875
JVASP-50692,12.43,16.46875
JVASP-118061,9.14,5.8085938
JVASP-38394,5.33,7.4921875
JVASP-41056,34.66,52.84375
JVASP-54723,30.15,30.390625
JVASP-91750,14.38,18.75
JVASP-23513,84.19,86.5
JVASP-35347,55.58,54.3125
JVASP-41684,16.7,17.703125
JVASP-19783,35.35,46.3125
JVASP-9864,30.22,34.125
JVASP-37759,17.4,14.4375
JVASP-41629,40.66,48.34375
JVASP-9472,64.13,55.75
JVASP-36202,188.78,207.125
JVASP-17976,48.24,48.8125
JVASP-65661,-0.43,-6.4960938
JVASP-85305,15.78,22.4375
JVASP-85904,121.15,121.3125
JVASP-36811,24.57,28.5625
JVASP-14258,16.91,25.09375
JVASP-11959,78.42,81.0
JVASP-3660,9.84,10.5234375
JVASP-115287,18.52,11.03125
JVASP-85685,42.93,49.375
JVASP-17178,34.18,28.390625
JVASP-91552,14.81,14.9765625
JVASP-119977,22.64,24.046875
JVASP-14679,98.38,142.125
JVASP-7896,48.74,51.59375
JVASP-8698,13.51,16.5
JVASP-49913,64.37,59.1875
JVASP-8576,10.61,8.765625
JVASP-99801,1.38,3.7675781
JVASP-92659,77.85,76.625
JVASP-12028,9.05,11.5
JVASP-105722,8.07,7.6914062
JVASP-15905,1.78,-0.6201172
JVASP-16589,58.98,60.46875
JVASP-100233,22.94,24.84375
JVASP-17691,16.58,17.421875
JVASP-8589,45.78,42.84375
JVASP-114746,-23.0,-16.21875
JVASP-18829,55.39,56.78125
JVASP-40842,13.36,20.265625
JVASP-120905,10.59,14.3671875
JVASP-25626,106.26,109.5625
JVASP-14639,110.54,105.625
JVASP-15034,72.01,71.0
JVASP-106007,37.9,47.15625
JVASP-93928,102.81,108.1875
JVASP-95153,8.58,20.375
JVASP-8454,16.79,19.953125
JVASP-37335,23.92,23.75
JVASP-38211,4.08,-0.8330078
JVASP-91368,82.49,87.6875
JVASP-15376,76.09,71.875
JVASP-15156,89.1,86.625
JVASP-29070,5.28,7.078125
JVASP-116256,22.91,27.203125
JVASP-71089,54.75,60.84375
JVASP-85478,28.99,25.25
JVASP-69501,15.35,21.796875
JVASP-28370,14.84,15.59375
JVASP-110137,12.96,15.4296875
JVASP-40030,92.46,97.1875
JVASP-114040,27.32,32.34375
JVASP-9268,35.42,37.25
JVASP-70850,0.0,1.4658203
JVASP-1450,27.27,28.375
JVASP-68250,-8.03,-5.3671875
JVASP-29488,11.99,12.4140625
JVASP-18065,20.17,23.1875
JVASP-21981,13.07,16.96875
JVASP-8041,13.89,15.875
JVASP-2433,47.22,46.96875
JVASP-37178,36.27,47.0625
JVASP-36958,3.6,0.06329346
JVASP-67899,13.48,24.1875
JVASP-13762,36.63,39.0
JVASP-29532,9.25,6.8398438
JVASP-65395,15.07,16.734375
JVASP-67721,-1.05,6.9492188
JVASP-43647,24.48,30.265625
JVASP-20978,80.13,84.375
JVASP-115302,-16.52,11.703125
JVASP-36519,93.47,101.0625
JVASP-120370,67.79,69.8125
JVASP-28962,0.79,-1.7314453
JVASP-17353,60.8,67.6875
JVASP-7960,19.82,25.734375
JVASP-99043,0.0,8.8671875
JVASP-114357,14.47,8.640625
JVASP-41862,58.08,79.5625
JVASP-72165,-7.39,-11.6796875
JVASP-87181,16.66,16.765625
JVASP-15228,47.38,49.125
JVASP-106349,18.07,21.53125
JVASP-89319,6.53,7.65625
JVASP-25087,4.74,2.7832031
JVASP-8598,24.18,24.46875
JVASP-61273,32.82,34.0625
JVASP-15644,72.18,77.0
JVASP-29398,29.77,31.859375
JVASP-15407,40.44,42.28125
JVASP-106111,32.5,38.28125
JVASP-50903,37.39,35.3125
JVASP-100364,125.39,130.875
JVASP-14732,35.06,36.90625
JVASP-22731,38.2,38.65625
JVASP-105311,20.86,21.0625
JVASP-5284,27.43,25.125
JVASP-57144,23.03,18.78125
JVASP-115119,32.03,34.75
JVASP-11692,28.85,28.96875
JVASP-13290,50.46,52.4375
JVASP-15894,17.42,21.5
JVASP-92748,33.02,33.84375
JVASP-58322,20.61,13.2578125
JVASP-80497,41.38,47.90625
JVASP-39436,22.21,22.734375
JVASP-9415,30.63,27.703125
JVASP-11784,51.39,55.6875
JVASP-7696,20.89,20.5625
JVASP-65248,55.01,64.75
JVASP-30614,17.09,24.015625
JVASP-65705,0.0,-4.8320312
JVASP-20605,30.78,29.453125
JVASP-14392,43.15,41.5625
JVASP-18103,25.86,27.765625
JVASP-36269,14.78,13.2421875
JVASP-71516,15.67,14.0859375
JVASP-26336,10.03,13.1171875
JVASP-72027,83.35,77.6875
JVASP-94965,102.62,105.5
JVASP-1813,32.92,33.71875
JVASP-25104,8.12,8.8984375
JVASP-18907,-21.62,-16.5
JVASP-101758,29.32,30.484375
JVASP-10724,19.01,19.953125
JVASP-115034,4.97,6.6992188
JVASP-38743,29.05,21.15625
JVASP-114453,-0.69,-3.0664062
JVASP-91772,14.52,14.09375
JVASP-22654,11.31,9.1328125
JVASP-40360,25.77,28.328125
JVASP-64453,-3.3,-1.0146484
JVASP-18089,28.29,33.15625
JVASP-90492,79.22,89.4375
JVASP-36780,42.76,35.1875
JVASP-72022,22.73,30.734375
JVASP-37362,44.73,52.28125
JVASP-106314,30.4,27.28125
JVASP-20596,21.4,23.578125
JVASP-62678,55.39,71.0625
JVASP-28461,28.7,13.0390625
JVASP-57544,40.83,49.875
JVASP-93954,137.33,125.0
JVASP-8169,114.16,103.6875
JVASP-109363,23.08,21.921875
JVASP-110472,18.62,21.203125
JVASP-50006,67.16,62.71875
JVASP-14904,44.06,48.40625
JVASP-66568,-20.08,-18.203125
JVASP-12605,63.94,68.5
JVASP-100065,0.35,8.609375
JVASP-31176,18.01,18.390625
JVASP-28929,2.77,4.90625
JVASP-37207,146.58,147.625
JVASP-18579,33.61,30.875
JVASP-107696,78.15,88.1875
JVASP-40310,23.12,23.921875
JVASP-59612,86.43,122.75
JVASP-16591,75.64,62.5
JVASP-17419,7.48,14.421875
JVASP-36602,79.22,88.3125
JVASP-9751,65.51,69.8125
JVASP-31882,5.93,7.6835938
JVASP-9537,25.3,28.640625
JVASP-29122,2.21,0.79248047
JVASP-18446,62.87,74.3125
JVASP-8238,2.81,3.7070312
JVASP-32786,6.25,5.6914062
JVASP-71909,27.27,17.734375
JVASP-68061,47.57,51.6875
JVASP-24765,11.91,12.546875
JVASP-114587,-1.27,6.3789062
JVASP-9775,47.77,51.09375
JVASP-56453,15.09,14.109375
JVASP-110200,41.95,34.96875
JVASP-117698,21.15,17.8125
JVASP-13069,16.54,15.234375
JVASP-3654,10.82,13.265625
JVASP-93306,24.8,29.0625
JVASP-38200,22.16,24.84375
JVASP-67930,-7.1,-6.4960938
JVASP-93376,45.79,46.96875
JVASP-8004,34.17,32.90625
JVASP-43805,48.89,41.03125
JVASP-15217,51.01,52.21875
JVASP-9257,28.63,35.3125
JVASP-92635,41.93,44.75
JVASP-105862,103.3,103.8125
JVASP-38194,3.26,4.4882812
JVASP-11535,0.0,-3.8613281
JVASP-37022,14.49,18.96875
JVASP-20613,53.51,43.9375
JVASP-35387,78.86,96.1875
JVASP-18760,68.46,65.75
JVASP-9099,84.38,95.4375
JVASP-65426,19.23,16.71875
JVASP-86661,20.27,14.9765625
JVASP-35286,96.62,87.5625
JVASP-51703,9.37,7.96875
JVASP-35963,32.32,30.359375
JVASP-17953,48.7,50.875
JVASP-18615,17.22,14.3125
JVASP-40205,16.9,16.015625
JVASP-99965,32.33,33.5625
JVASP-28519,-4.95,31.796875
JVASP-51229,10.72,11.765625
JVASP-41171,75.62,72.125
JVASP-29727,27.05,23.921875
JVASP-17187,58.47,65.75
JVASP-14500,219.41,217.5
JVASP-12329,20.12,22.453125
JVASP-115508,172.22,182.375
JVASP-20530,69.66,64.9375
JVASP-9487,58.28,62.96875
JVASP-118516,20.41,19.140625
JVASP-108969,-5.77,-6.265625
JVASP-90575,39.83,33.9375
JVASP-67819,-11.57,-5.875
JVASP-3339,14.44,14.046875
JVASP-29646,9.44,11.4375
JVASP-29071,4.74,4.4375
JVASP-65695,14.69,12.609375
JVASP-93337,38.71,31.015625
JVASP-15879,33.41,29.609375
JVASP-120029,4.62,7.1835938
JVASP-117742,-23.59,-4.5078125
JVASP-117788,15.48,9.671875
JVASP-8019,13.74,24.875
JVASP-7987,17.95,12.296875
JVASP-17414,35.24,35.90625
JVASP-11189,62.84,69.1875
JVASP-116958,28.28,29.0
JVASP-117038,52.85,48.625
JVASP-35216,28.25,26.234375
JVASP-91779,32.83,35.28125
JVASP-10175,64.29,74.875
JVASP-20636,97.37,98.6875
JVASP-4708,-13.5,-15.625
JVASP-71229,28.71,24.9375
JVASP-5008,41.41,43.65625
JVASP-40779,29.74,28.828125
JVASP-114821,20.78,16.84375
JVASP-11548,61.34,55.625
JVASP-35664,61.79,64.875
JVASP-95240,8.91,7.59375
JVASP-70807,30.32,31.609375
JVASP-1360,76.02,71.375
JVASP-115874,9.64,12.78125
JVASP-28583,3.62,15.4765625
JVASP-25109,-4.91,-6.203125
JVASP-25135,-1.78,0.59033203
JVASP-58403,26.08,25.5625
JVASP-16918,11.13,11.859375
JVASP-19800,81.82,76.625
JVASP-116119,-5.71,-5.0859375
JVASP-91250,46.12,40.46875
JVASP-79498,47.6,47.96875
JVASP-52114,83.91,79.0625
JVASP-14978,60.26,58.53125
JVASP-17284,21.64,22.40625
JVASP-37384,30.9,28.96875
JVASP-14504,90.32,97.4375
JVASP-42140,15.3,20.078125
JVASP-66821,54.02,50.90625
JVASP-5083,12.93,18.640625
JVASP-69208,9.05,8.8203125
JVASP-102094,10.66,15.0234375
JVASP-14589,135.7,107.0
JVASP-10094,41.66,45.0
JVASP-94337,38.83,37.0625
JVASP-38791,38.28,37.5625
JVASP-67720,13.67,16.359375
JVASP-42808,39.86,50.96875
JVASP-12898,31.29,31.375
JVASP-10696,46.69,45.5
JVASP-78725,65.66,68.5
JVASP-64981,18.4,19.890625
JVASP-94834,32.77,37.6875
JVASP-29467,17.39,15.4296875
JVASP-38157,11.05,10.0546875
JVASP-50312,53.21,50.03125
JVASP-1339,6.84,2.546875
JVASP-36689,61.37,67.8125
JVASP-119981,-20.01,-15.484375
JVASP-12152,40.73,44.09375
JVASP-81193,10.16,11.3828125
JVASP-51710,54.3,49.34375
JVASP-70225,124.86,125.625
JVASP-106327,100.95,86.0
JVASP-15033,12.98,14.671875
JVASP-50751,31.73,37.40625
JVASP-14171,14.49,12.75
JVASP-17466,61.79,63.96875
JVASP-7837,62.35,63.46875
JVASP-4385,24.99,22.828125
JVASP-17615,52.33,49.90625
JVASP-46831,23.99,17.96875
JVASP-21247,90.32,84.4375
JVASP-92560,67.89,69.8125
JVASP-46090,66.59,65.5
JVASP-103016,17.12,16.859375
JVASP-28779,21.84,21.421875
JVASP-91475,8.86,9.4375
JVASP-18851,41.83,40.875
JVASP-51254,-8.0,-4.6015625
JVASP-67883,15.78,8.5703125
JVASP-69201,10.3,13.6953125
JVASP-18102,32.08,31.078125
JVASP-118934,23.87,19.109375
JVASP-28579,3.78,8.4765625
JVASP-118416,-4.72,-3.75
JVASP-21713,48.67,44.0
JVASP-71999,64.46,60.0
JVASP-10108,71.51,65.8125
JVASP-51680,21.53,18.859375
JVASP-891,-2.74,-1.3984375
JVASP-37013,6.39,9.21875
JVASP-4591,8.59,7.7851562
JVASP-116199,21.56,19.203125
JVASP-28418,34.83,30.046875
JVASP-118003,15.65,16.390625
JVASP-18115,29.69,29.0625
JVASP-20096,253.79,265.75
JVASP-67295,0.0,36.09375
JVASP-118749,-6.45,11.015625
JVASP-14670,60.1,57.65625
JVASP-106363,25.27,24.890625
JVASP-106299,36.14,42.15625
JVASP-2526,16.18,17.671875
JVASP-15592,83.18,77.25
JVASP-1465,31.17,35.53125
JVASP-120306,10.25,11.6640625
JVASP-7994,14.85,17.625
JVASP-15127,50.94,55.5625
JVASP-115310,22.76,28.390625
JVASP-1654,27.16,32.25
JVASP-100256,29.21,32.28125
JVASP-29539,6.55,7.8046875
JVASP-100188,31.06,33.625
JVASP-38820,107.6,110.25
JVASP-79796,78.21,73.3125
JVASP-14206,13.83,13.0703125
JVASP-68706,10.09,9.78125
JVASP-20069,71.51,69.1875
JVASP-35288,54.92,48.34375
JVASP-10246,22.17,17.90625
JVASP-15125,16.05,14.375
JVASP-90027,5.69,6.5117188
JVASP-40231,44.22,45.53125
JVASP-585,27.69,33.34375
JVASP-74570,14.46,14.4765625
JVASP-79204,390.53,340.25
JVASP-56995,-17.62,-16.71875
JVASP-36188,33.48,36.9375
JVASP-91929,55.05,56.25
JVASP-103408,52.51,55.90625
JVASP-4639,28.27,33.0625
JVASP-18003,12.6,13.5078125
JVASP-20845,-13.5,-6.1875
JVASP-12792,9.57,11.9296875
JVASP-7873,22.19,23.71875
JVASP-100316,51.45,48.125
JVASP-109226,18.44,35.40625
JVASP-7701,32.46,34.3125
JVASP-117601,-0.57,0.5654297
JVASP-46527,57.59,79.3125
JVASP-57502,42.45,45.53125
JVASP-17537,19.48,15.6953125
JVASP-11719,2.8,7.1171875
JVASP-105422,41.42,34.1875
JVASP-17491,17.38,18.046875
JVASP-36721,21.38,23.390625
JVASP-103348,42.37,40.4375
JVASP-38647,58.26,61.65625
JVASP-29365,70.69,65.25
JVASP-114778,4.32,5.0
JVASP-93289,50.58,55.96875
JVASP-17346,0.33,5.765625
JVASP-18557,38.41,39.0
JVASP-67368,143.47,140.25
JVASP-65789,9.73,12.2734375
JVASP-62131,42.79,41.28125
JVASP-9642,40.55,51.125
JVASP-34293,35.31,37.8125
JVASP-115619,36.99,26.125
JVASP-41631,78.22,79.6875
JVASP-87091,21.77,24.71875
JVASP-16406,56.62,49.8125
JVASP-114656,-3.49,-0.9916992
JVASP-101726,31.55,33.21875
JVASP-116674,25.61,32.59375
JVASP-25082,20.46,7.3945312
JVASP-114756,-21.57,10.671875
JVASP-9684,65.54,74.4375
JVASP-35808,53.19,65.1875
JVASP-18207,-0.58,8.125
JVASP-33896,9.77,-0.80322266
JVASP-66708,0.0,-1.2207031
JVASP-16222,53.86,58.4375
JVASP-35260,11.79,11.546875
JVASP-118608,12.07,11.8671875
JVASP-110752,81.15,77.3125
JVASP-85707,59.55,61.0
JVASP-14587,20.72,20.0625
JVASP-67849,76.71,81.25
JVASP-54722,61.44,58.46875
JVASP-66362,-9.3,-15.453125
JVASP-85498,16.69,22.046875
JVASP-71343,0.0,-0.08465576
JVASP-68448,-2.42,-1.2412109
JVASP-106560,64.89,69.0625
JVASP-37815,4.35,6.4101562
JVASP-109960,23.91,23.796875
JVASP-9272,26.33,27.28125
JVASP-95416,5.83,8.15625
JVASP-36951,108.72,97.25
JVASP-40441,29.64,30.34375
JVASP-43367,107.53,130.75
JVASP-7786,32.25,33.84375
JVASP-8508,-2.94,-4.5234375
JVASP-25394,2.6,1.3115234
JVASP-91623,475.47,466.5
JVASP-12190,24.53,30.890625
JVASP-78503,44.14,36.53125
JVASP-67705,22.3,18.875
JVASP-28686,23.2,10.1640625
JVASP-69096,19.39,20.375
JVASP-16671,12.37,12.6171875
JVASP-14057,42.6,41.1875
JVASP-102067,22.19,13.5859375
JVASP-21259,41.79,49.71875
JVASP-115103,4.47,6.7578125
JVASP-94793,8.28,5.1914062
JVASP-68475,17.89,17.78125
JVASP-52249,70.77,66.3125
JVASP-18878,89.24,100.875
JVASP-37198,29.88,32.28125
JVASP-105706,0.0,2.4941406
JVASP-120360,1.9,-0.7285156
JVASP-115897,0.72,4.234375
JVASP-4858,14.51,17.078125
JVASP-115866,3.01,3.3183594
JVASP-8566,12.46,9.0
JVASP-22497,46.95,56.375
JVASP-20134,58.33,53.0625
JVASP-16610,20.86,22.1875
JVASP-25790,20.97,24.46875
JVASP-41439,44.36,47.84375
JVASP-35990,36.61,36.3125
JVASP-90103,19.03,20.53125
JVASP-66264,-2.9,-0.51171875
JVASP-16109,41.57,45.96875
JVASP-15598,26.3,29.203125
JVASP-100427,27.19,27.046875
JVASP-101060,34.64,35.28125
JVASP-16605,97.9,102.75
JVASP-67561,42.97,38.375
JVASP-36966,7.73,12.7734375
JVASP-109499,22.26,21.421875
JVASP-94914,38.83,39.34375
JVASP-29189,3.98,9.4765625
JVASP-67632,32.57,26.71875
JVASP-102248,26.06,24.75
JVASP-74651,45.86,48.53125
JVASP-54983,12.7,4.5976562
JVASP-29780,10.65,12.1484375
JVASP-47738,23.62,26.46875
JVASP-9858,31.55,34.15625
JVASP-10098,34.0,37.84375
JVASP-19827,20.98,18.921875
JVASP-71740,57.94,62.65625
JVASP-66197,-9.54,-5.4023438
JVASP-122931,14.64,30.828125
JVASP-74010,41.85,43.4375
JVASP-29750,6.87,8.953125
JVASP-41041,132.72,124.8125
JVASP-275,79.17,79.8125
JVASP-43211,73.07,63.53125
JVASP-1273,12.46,16.1875
JVASP-25773,12.06,9.46875
JVASP-29824,50.69,48.59375
JVASP-4540,29.32,23.171875
JVASP-26398,30.23,34.15625
JVASP-55010,63.03,59.59375
JVASP-36831,25.21,26.65625
JVASP-47315,21.79,24.5625
JVASP-47815,35.02,42.25
JVASP-19771,42.66,39.6875
JVASP-28545,47.84,40.21875
JVASP-12128,36.43,34.46875
JVASP-38175,13.25,10.1015625
JVASP-69843,79.96,75.5
JVASP-13365,27.14,26.40625
JVASP-13373,35.57,32.25
JVASP-86612,18.05,15.796875
JVASP-27814,7.63,7.8476562
JVASP-74995,46.08,40.625
JVASP-15947,36.8,40.875
JVASP-85799,5.57,7.0078125
JVASP-10079,70.89,64.1875
JVASP-8458,43.42,35.53125
JVASP-3990,18.39,19.015625
JVASP-114785,3.56,-2.9589844
JVASP-71060,0.0,6.2148438
JVASP-115107,10.67,4.4335938
JVASP-116035,26.63,25.421875
JVASP-10089,68.17,66.1875
JVASP-100596,12.46,11.5546875
JVASP-11206,9.39,10.3515625
JVASP-41490,36.12,30.0625
JVASP-103094,44.58,40.5
JVASP-34455,43.92,41.0
JVASP-75647,0.32,0.36108398
JVASP-70105,77.53,75.875
JVASP-36784,31.69,30.8125
JVASP-39038,24.55,26.0
JVASP-11497,29.65,24.890625
JVASP-4744,26.21,24.5
JVASP-69163,13.63,14.9921875
JVASP-68046,15.31,14.28125
JVASP-121251,36.34,33.84375
JVASP-38534,47.58,46.375
JVASP-8736,69.56,71.75
JVASP-36398,29.07,22.15625
JVASP-3057,10.75,14.140625
JVASP-111796,107.47,112.0
JVASP-36429,-11.0,-6.7382812
JVASP-16305,6.38,10.7890625
JVASP-65036,4.82,1.3427734
JVASP-113989,11.5,7.65625
JVASP-25625,16.21,15.984375
JVASP-118729,16.33,17.765625
JVASP-21617,51.06,53.4375
JVASP-15330,78.01,82.375
JVASP-12022,56.25,54.3125
JVASP-25051,-3.42,1.2167969
JVASP-11171,9.2,9.453125
JVASP-1645,48.31,46.40625
JVASP-38197,29.66,26.6875
JVASP-1972,33.77,28.484375
JVASP-90062,94.43,94.875
JVASP-69053,7.44,9.421875
JVASP-12540,6.95,9.7265625
JVASP-66686,1.6,0.56884766
JVASP-38189,3.54,0.066467285
JVASP-35163,72.89,65.625
JVASP-20508,7.24,26.0625
JVASP-67139,56.08,55.28125
JVASP-105613,0.0,8.828125
JVASP-8109,13.99,14.4609375
JVASP-22612,25.23,18.03125
JVASP-117572,7.54,7.7578125
JVASP-8267,61.35,57.5625
JVASP-13861,88.41,74.1875
JVASP-100457,27.76,30.140625
JVASP-4210,11.07,13.5078125
JVASP-1519,38.44,39.71875
JVASP-3288,17.05,17.671875
JVASP-65569,13.3,14.6953125
JVASP-48406,43.03,40.03125
JVASP-36613,103.32,112.8125
JVASP-43698,19.79,26.953125
JVASP-3615,38.05,43.59375
JVASP-85754,4.67,6.2617188
JVASP-110261,129.84,147.125
JVASP-41898,35.68,36.09375
JVASP-93251,47.92,45.53125
JVASP-2074,10.06,11.21875
JVASP-28580,45.73,46.78125
JVASP-115370,-3.25,-0.7392578
JVASP-73967,106.17,101.1875
JVASP-9534,38.69,34.65625
JVASP-64895,80.9,89.125
JVASP-17285,17.63,17.140625
JVASP-14888,35.16,37.0
JVASP-93708,43.18,37.96875
JVASP-17282,105.25,108.0
JVASP-41088,80.06,74.5625
JVASP-56205,43.97,43.875
JVASP-104608,-2.86,5.421875
JVASP-67646,6.67,9.3984375
JVASP-50053,44.71,41.9375
JVASP-19983,84.99,94.6875
JVASP-118718,2.59,3.3476562
JVASP-19902,31.78,35.0
JVASP-9417,1.94,-2.0273438
JVASP-10702,69.88,76.6875
JVASP-15716,37.7,37.875
JVASP-67860,7.13,2.6992188
JVASP-11276,43.05,39.71875
JVASP-61785,29.52,32.0625
JVASP-7670,25.82,22.28125
JVASP-35774,49.72,51.9375
JVASP-100251,75.45,71.125
JVASP-18150,60.57,67.3125
JVASP-120216,-10.82,-4.3632812
JVASP-29375,23.47,21.765625
JVASP-111638,28.92,31.9375
JVASP-20624,62.5,66.0625
JVASP-11616,38.15,36.21875
JVASP-14792,74.83,85.5625
JVASP-106981,13.7,24.125
JVASP-71620,22.33,22.0
JVASP-11981,16.32,19.515625
JVASP-8629,50.51,46.09375
JVASP-50884,53.77,44.46875
JVASP-92254,23.2,22.359375
JVASP-9263,45.33,46.6875
JVASP-16288,4.18,9.40625
JVASP-13358,38.22,32.21875
JVASP-14312,37.78,51.03125
JVASP-117824,8.0,9.4609375
JVASP-67446,10.75,7.0976562
JVASP-885,29.01,25.453125
JVASP-38043,78.51,75.3125
JVASP-17268,21.73,25.15625
JVASP-63377,170.05,192.875
JVASP-69283,6.83,3.8222656
JVASP-15219,23.52,28.640625
JVASP-21214,0.63,0.31347656
JVASP-118730,-4.17,-4.09375
JVASP-41319,66.48,62.78125
JVASP-4173,4.77,7.6875
JVASP-14987,59.7,66.9375
JVASP-20309,21.62,19.234375
JVASP-70753,31.51,32.09375
JVASP-66694,95.29,87.5
JVASP-3021,23.53,27.9375
JVASP-15982,25.29,26.5
JVASP-37639,28.86,29.59375
JVASP-18424,32.63,39.78125
JVASP-121034,-10.03,-10.953125
JVASP-29860,39.41,41.875
JVASP-16419,41.99,47.46875
JVASP-36852,32.66,36.90625
JVASP-34374,76.03,72.25
JVASP-100375,41.67,41.78125
JVASP-7982,54.68,53.5625
JVASP-15,51.05,46.375
JVASP-102172,46.79,42.0625
JVASP-37779,30.06,30.84375
JVASP-19588,26.84,27.78125
JVASP-85040,12.22,10.65625
JVASP-51408,22.96,39.375
JVASP-29835,38.41,39.0625
JVASP-36173,143.68,147.25
JVASP-100308,89.74,94.8125
JVASP-9428,33.98,30.21875
JVASP-984,155.22,155.375
JVASP-15939,5.49,2.8066406
JVASP-20217,90.62,94.875
JVASP-20640,116.42,107.375
JVASP-71819,12.25,16.25
JVASP-122911,20.22,16.40625
JVASP-29788,55.02,59.28125
JVASP-15634,31.06,38.21875
JVASP-37761,24.15,23.640625
JVASP-79608,4.83,3.3457031
JVASP-14745,-2.88,3.7597656
JVASP-35973,46.6,49.15625
JVASP-105726,15.28,15.0234375
JVASP-114812,7.88,10.734375
JVASP-71444,39.44,46.75
JVASP-10209,13.65,11.4140625
JVASP-103314,0.0,20.78125
JVASP-100167,0.15,5.6914062
JVASP-18846,39.1,37.90625
JVASP-18407,77.38,84.875
JVASP-7751,68.34,71.0625
JVASP-4237,6.87,6.5703125
JVASP-20315,54.04,52.4375
JVASP-74185,42.74,47.4375
JVASP-14850,24.5,25.0625
JVASP-12197,61.05,59.71875
JVASP-117670,32.25,23.5
JVASP-41576,0.0,0.7680664
JVASP-40482,28.05,24.453125
JVASP-13026,11.55,11.2109375
JVASP-37057,19.64,24.21875
JVASP-7882,12.7,18.078125
JVASP-15358,41.54,45.09375
JVASP-17851,28.1,30.203125
JVASP-116254,-1.79,4.234375
JVASP-51016,20.98,25.484375
JVASP-12687,57.51,65.0625
JVASP-117905,19.63,18.328125
JVASP-37754,15.7,16.390625
JVASP-1840,28.34,32.75
JVASP-73288,40.7,38.75
JVASP-20487,93.18,97.5
JVASP-8211,16.43,18.0625
JVASP-16323,20.44,23.796875
JVASP-21918,67.83,69.75
JVASP-104667,26.33,28.5
JVASP-7717,16.52,18.25
JVASP-114384,19.32,14.40625
JVASP-19961,34.84,31.84375
JVASP-36380,66.12,50.59375
JVASP-11597,50.46,52.09375
JVASP-116294,-8.0,-2.6015625
JVASP-57093,60.23,59.5
JVASP-14616,6.5,7.0898438
JVASP-118547,-1.31,2.8789062
JVASP-105916,19.34,20.578125
JVASP-1198,23.3,17.015625
JVASP-64995,22.46,24.296875
JVASP-28452,31.87,30.59375
JVASP-8240,62.44,64.5625
JVASP-40032,115.4,111.0625
JVASP-12103,7.62,3.7285156
JVASP-66274,-1.44,-3.1015625
JVASP-47455,111.02,92.8125
JVASP-12773,7.22,3.7753906
JVASP-110342,12.84,13.0703125
JVASP-18850,39.22,36.0625
JVASP-46269,59.51,52.875
JVASP-20535,59.6,49.875
JVASP-75570,9.36,1.5966797
JVASP-100500,17.73,15.828125
JVASP-35442,99.62,101.375
JVASP-65381,16.14,13.3984375
JVASP-118390,42.47,31.0625
JVASP-20548,33.4,33.3125
JVASP-93373,284.43,193.125
JVASP-118014,7.97,6.0351562
JVASP-118484,26.56,15.75
JVASP-15132,39.82,30.765625
JVASP-18674,7.49,6.7890625
JVASP-39263,33.48,28.109375
JVASP-14847,65.34,60.34375
JVASP-8673,40.2,32.875
JVASP-25022,44.93,35.03125
JVASP-36124,23.59,20.265625
JVASP-122903,74.48,64.1875
JVASP-29171,2.64,-0.34326172
JVASP-56842,58.88,53.28125
JVASP-111760,41.74,41.75
JVASP-17803,63.41,54.78125
JVASP-78338,123.92,100.75
JVASP-116882,28.36,20.25
JVASP-71023,26.47,22.578125
JVASP-10666,115.19,89.125
JVASP-74416,-20.94,-9.9921875
JVASP-118575,4.11,-0.2154541
JVASP-102790,13.83,9.9375
JVASP-46898,18.1,16.125
JVASP-116246,19.81,14.6328125
JVASP-115123,28.03,20.671875
JVASP-9895,71.89,66.0
JVASP-16339,18.32,12.9140625
JVASP-56222,160.57,128.875
JVASP-11735,67.73,61.96875
JVASP-3966,15.78,8.7890625
JVASP-34268,19.48,22.578125
JVASP-28966,1.54,1.5996094
JVASP-15911,35.62,28.6875
JVASP-91944,11.9,10.4296875
JVASP-69044,-23.6,-12.421875
JVASP-8775,101.04,81.875
JVASP-86635,28.8,24.25
JVASP-68490,11.77,10.765625
JVASP-14882,28.32,24.421875
JVASP-68282,38.77,27.796875
JVASP-36587,90.86,83.25
JVASP-75509,0.32,1.8017578
JVASP-18698,78.39,63.4375
JVASP-12977,10.91,10.046875
JVASP-71001,0.0,-8.2734375
JVASP-106796,29.6,25.203125
JVASP-37920,23.46,21.984375
JVASP-15987,93.86,88.0625
JVASP-25073,-5.66,-5.0585938
JVASP-86704,21.69,19.140625
JVASP-57695,390.52,295.5
JVASP-16118,49.35,50.53125
JVASP-123006,20.4,20.859375
JVASP-9227,89.71,64.0
JVASP-68271,27.34,19.671875
JVASP-30515,22.22,18.53125
JVASP-25121,29.97,26.46875
JVASP-12058,36.27,26.59375
JVASP-115541,6.88,3.6523438
JVASP-21009,120.32,105.0
JVASP-21928,22.06,16.03125
JVASP-38238,3.55,1.1289062
JVASP-1085,31.58,23.796875
JVASP-114670,46.86,30.734375
JVASP-8636,72.06,61.21875
JVASP-70143,54.18,47.3125
JVASP-25280,522.99,384.75
JVASP-39740,65.22,61.59375
JVASP-17168,90.08,81.4375
JVASP-10184,34.1,28.859375
JVASP-69374,10.2,6.4179688
JVASP-29391,22.95,13.8203125
JVASP-22514,45.6,31.578125
JVASP-29413,16.75,9.84375
JVASP-41948,45.36,33.125
JVASP-9745,124.57,98.875
JVASP-37946,47.17,47.53125
JVASP-18178,22.86,15.59375
JVASP-36157,13.69,12.171875
JVASP-106494,15.26,25.140625
JVASP-8811,36.73,31.125
JVASP-90562,0.0,2.5117188
JVASP-14761,15.1,13.390625
JVASP-15722,87.58,75.125
JVASP-20524,71.05,61.625
JVASP-3714,26.39,20.59375
JVASP-93747,27.45,23.515625
JVASP-15570,75.1,56.46875
JVASP-119959,14.69,4.109375
JVASP-15815,36.38,32.5625
JVASP-110427,34.3,29.84375
JVASP-35201,20.79,13.3046875
JVASP-71206,126.85,109.25
JVASP-12903,6.2,7.1914062
JVASP-15699,68.34,60.90625
JVASP-92609,32.48,26.875
JVASP-2652,16.22,14.8515625
JVASP-92774,74.12,71.9375
JVASP-17403,36.9,30.359375
JVASP-92178,38.94,26.671875
JVASP-69962,54.99,43.8125
JVASP-12403,31.34,25.671875
JVASP-117639,8.01,3.9296875
JVASP-2226,56.49,48.03125
JVASP-4367,32.39,26.5625
JVASP-85668,21.24,15.6796875
JVASP-44760,118.65,96.0625
JVASP-40359,39.88,32.34375
JVASP-9081,60.14,44.1875
JVASP-70920,128.64,100.75
JVASP-28999,5.89,5.3671875
JVASP-35054,81.15,78.0625
JVASP-71451,36.1,30.109375
JVASP-69663,22.31,12.5546875
JVASP-35501,36.63,34.15625
JVASP-92606,78.78,79.9375
JVASP-29784,22.45,19.0625
JVASP-117945,92.69,80.9375
JVASP-20574,47.3,47.53125
JVASP-1672,32.67,30.765625
JVASP-30569,66.43,57.8125
JVASP-57227,26.91,41.4375
JVASP-35413,13.33,8.484375
JVASP-92717,60.81,63.6875
JVASP-102233,29.57,29.125
JVASP-20587,36.41,34.65625
JVASP-102495,80.61,70.375
JVASP-65472,15.58,19.84375
JVASP-118938,-6.52,-11.1796875
JVASP-14685,107.36,116.375
JVASP-74419,-19.89,-13.7734375
JVASP-44431,15.11,31.8125
JVASP-15583,27.3,28.96875
JVASP-18903,21.88,22.375
JVASP-37042,36.94,33.65625
JVASP-15451,52.6,47.875
JVASP-71908,24.34,26.640625
JVASP-57040,45.02,46.03125
JVASP-74205,20.29,21.5625
JVASP-24614,9.44,10.015625
JVASP-52768,30.61,27.4375
JVASP-28529,44.8,51.03125
JVASP-9722,16.34,17.09375
JVASP-13361,36.99,33.75
JVASP-67812,3.9,7.46875
JVASP-17795,27.59,25.65625
JVASP-36824,32.04,33.21875
JVASP-37941,50.53,52.59375
JVASP-14973,14.02,16.890625
JVASP-246,25.88,29.796875
JVASP-93483,84.88,82.5625
JVASP-69295,0.0,-0.31567383
JVASP-110345,16.46,12.40625
JVASP-20964,61.97,53.40625
JVASP-16542,60.06,61.28125
JVASP-51568,57.3,43.53125
JVASP-22008,66.7,64.6875
JVASP-15488,76.81,67.3125
JVASP-93445,38.75,25.78125
JVASP-41798,43.14,37.6875
JVASP-25602,36.51,38.34375
JVASP-68012,-14.02,-12.0546875
JVASP-48017,90.45,87.0
JVASP-51017,14.87,16.75
JVASP-37347,8.43,16.15625
JVASP-104932,15.66,17.25
JVASP-110618,54.2,54.25
JVASP-86424,107.07,120.0
JVASP-52299,81.34,75.0
JVASP-117868,9.25,10.4921875
JVASP-26400,35.82,34.15625
JVASP-9198,45.85,42.3125
JVASP-16900,22.25,20.84375
JVASP-41272,38.86,36.34375
JVASP-118011,24.47,22.640625
JVASP-15031,43.7,45.5
JVASP-106189,16.72,24.875
JVASP-30590,57.85,52.78125
JVASP-22567,99.26,88.4375
JVASP-114738,-5.64,-5.4257812
JVASP-34308,51.29,42.96875
JVASP-66232,6.24,4.859375
JVASP-120953,-2.93,1.4765625
JVASP-120399,6.05,7.3242188
JVASP-15758,22.11,19.828125
JVASP-111129,-14.52,2.8164062
JVASP-66912,11.32,4.546875
JVASP-14398,48.19,49.25
JVASP-7783,88.76,99.125
JVASP-39429,19.62,19.0
JVASP-37227,28.54,30.984375
JVASP-2661,24.27,24.296875
JVASP-53012,132.06,133.0
JVASP-22646,10.93,6.8945312
JVASP-103485,103.61,75.75
JVASP-2865,44.36,41.65625
JVASP-116380,10.84,9.3359375
JVASP-16923,-3.79,4.1210938
JVASP-75589,26.74,24.84375
JVASP-86319,36.69,33.53125
JVASP-115804,6.43,1.9023438
JVASP-104940,88.07,73.75
JVASP-23506,136.88,133.375
JVASP-118110,36.05,34.34375
JVASP-3450,59.47,70.125
JVASP-42025,22.46,19.640625
JVASP-18085,64.91,58.875
JVASP-50628,35.26,38.25
JVASP-8432,13.33,10.8984375
JVASP-86297,7.75,7.5351562
JVASP-41388,59.67,68.125
JVASP-25,20.97,16.0
JVASP-39235,42.24,44.25
JVASP-41120,73.22,72.625
JVASP-14558,24.95,27.90625
JVASP-71778,89.63,103.9375
JVASP-38551,27.05,26.84375
JVASP-36055,10.08,13.375
JVASP-29983,47.86,48.0
JVASP-100617,37.89,36.625
JVASP-20468,25.09,23.078125
JVASP-109796,30.07,33.40625
JVASP-16802,12.36,23.765625
JVASP-12694,49.84,50.125
JVASP-114139,9.97,7.0898438
JVASP-18039,54.98,50.3125
JVASP-40869,16.92,11.21875
JVASP-66968,93.08,84.125
JVASP-57746,38.63,37.65625
JVASP-34311,7.28,4.3125
JVASP-64603,1.46,4.8203125
JVASP-7757,12.51,14.703125
JVASP-47333,39.89,39.34375
JVASP-110765,7.23,6.875
JVASP-65639,0.38,5.8164062
JVASP-32171,7.95,4.34375
JVASP-12037,20.46,19.515625
JVASP-38905,21.86,20.625
JVASP-10142,13.55,12.171875
JVASP-18315,12.01,14.1875
JVASP-116369,3.48,3.4101562
JVASP-68108,7.49,13.4921875
JVASP-121149,2.45,-1.2646484
JVASP-116126,15.69,12.015625
JVASP-106141,83.4,87.5
JVASP-19739,44.17,51.09375
JVASP-99373,5.18,6.1054688
JVASP-34229,10.99,15.4296875
JVASP-64679,1.42,2.7441406
JVASP-67851,0.0,7.7070312
JVASP-15230,16.64,16.390625
JVASP-35793,103.82,96.8125
JVASP-111347,42.94,43.1875
JVASP-54866,13.68,13.4453125
JVASP-78638,45.08,40.96875
JVASP-22683,24.59,24.890625
JVASP-25306,522.66,476.75
JVASP-20098,134.28,125.9375
JVASP-109326,4.51,4.8398438
JVASP-8391,61.71,69.3125
JVASP-37338,85.44,80.4375
JVASP-69173,2.14,4.75
JVASP-115515,0.29,-3.6660156
JVASP-57290,34.26,32.96875
JVASP-120897,4.09,15.2890625
JVASP-8733,16.41,19.046875
JVASP-38930,81.14,78.3125
JVASP-86907,0.0,10.1953125
JVASP-37388,48.34,55.6875
JVASP-67803,35.45,34.9375
JVASP-9252,25.67,25.328125
JVASP-99736,5.43,7.734375
JVASP-51127,-20.06,-17.4375
JVASP-74763,0.76,-3.2910156
JVASP-91938,19.71,20.34375
JVASP-28908,1.89,-1.1591797
JVASP-1402,28.44,26.515625
JVASP-14658,43.96,36.0
JVASP-19900,88.7,78.25
JVASP-28423,16.99,29.1875
JVASP-23355,55.61,55.3125
JVASP-20572,31.14,35.8125
JVASP-67834,0.46,0.39941406
JVASP-17884,41.26,43.71875
JVASP-109090,20.68,23.125
JVASP-15203,14.16,13.6171875
JVASP-57095,24.2,19.84375
JVASP-99160,4.39,5.1210938
JVASP-11528,44.67,52.84375
JVASP-19364,59.17,66.0625
JVASP-38330,43.86,42.03125
JVASP-13318,32.37,32.78125
JVASP-23813,82.88,83.4375
JVASP-117624,6.33,12.8359375
JVASP-68237,37.38,38.4375
JVASP-7793,44.16,42.96875
JVASP-57604,47.84,50.46875
JVASP-91765,8.01,37.9375
JVASP-8470,14.18,19.71875
JVASP-8619,100.7,104.1875
JVASP-67311,66.61,69.5625
JVASP-74515,7.61,26.640625
JVASP-80738,93.04,62.59375
JVASP-20331,25.02,22.859375
JVASP-61629,73.35,68.5625
JVASP-66,37.27,37.3125
JVASP-67313,9.51,6.3789062
JVASP-82129,30.37,26.828125
JVASP-32241,9.08,8.1328125
JVASP-14200,41.41,42.96875
JVASP-74808,4.2,4.6445312
JVASP-350,89.39,90.375
JVASP-79211,28.41,30.28125
JVASP-1858,97.58,82.8125
JVASP-16536,74.29,75.5625
JVASP-75839,-24.54,-7.0664062
JVASP-106236,86.19,98.9375
JVASP-30619,112.04,127.4375
JVASP-65760,9.06,10.296875
JVASP-33004,5.2,2.8476562
JVASP-103427,0.47,10.4140625
JVASP-16475,31.5,36.03125
JVASP-57155,32.93,38.5
JVASP-329,9.71,13.953125
JVASP-2916,9.9,17.9375
JVASP-70079,-0.07,-3.7011719
JVASP-25334,42.47,46.59375
JVASP-86101,50.97,45.03125
JVASP-10791,34.13,31.890625
JVASP-114631,-2.43,2.046875
JVASP-13062,7.91,4.90625
JVASP-99489,-9.52,-1.4667969
JVASP-14574,46.92,45.15625
JVASP-48933,21.43,19.421875
JVASP-26395,32.53,35.21875
JVASP-93461,25.49,24.046875
JVASP-105817,29.62,33.71875
JVASP-37162,-9.54,-11.5390625
JVASP-9609,37.7,39.5625
JVASP-4705,-3.67,-1.8144531
JVASP-581,32.35,33.875
JVASP-49957,54.37,53.40625
JVASP-57054,35.13,35.375
JVASP-41833,42.54,46.0
JVASP-120716,19.91,22.984375
JVASP-1798,15.04,11.0546875
JVASP-12641,22.77,20.453125
JVASP-5176,10.32,8.359375
JVASP-28660,0.6,7.34375
JVASP-79532,7.93,10.8359375
JVASP-18475,19.31,20.484375
JVASP-113442,7.13,-0.5395508
JVASP-68431,31.31,32.46875
JVASP-41194,20.28,20.671875
JVASP-11958,72.0,73.125
JVASP-16834,110.68,96.8125
JVASP-54772,119.54,118.5625
JVASP-65230,-2.08,1.9521484
JVASP-35164,90.63,77.9375
JVASP-7643,18.53,17.03125
JVASP-101442,14.96,17.1875
JVASP-17779,23.25,21.09375
JVASP-25348,139.98,148.625
JVASP-68072,40.44,38.84375
JVASP-16913,24.17,15.8984375
JVASP-18342,34.82,35.71875
JVASP-38155,4.97,6.796875
JVASP-90836,63.19,61.53125
JVASP-14075,1.05,7.8359375
JVASP-103295,33.09,36.84375
JVASP-7834,-20.33,13.265625
JVASP-111943,37.52,31.734375
JVASP-10976,33.18,26.515625
JVASP-18803,82.84,84.5
JVASP-9763,69.76,56.09375
JVASP-7833,-6.9,4.5390625
JVASP-16123,27.82,25.515625
JVASP-118655,-1.37,12.59375
JVASP-18312,6.77,4.1054688
JVASP-120989,12.55,8.1953125
JVASP-102106,9.88,8.265625
JVASP-42075,21.86,23.109375
JVASP-20484,59.5,55.6875
JVASP-91610,49.9,37.375
JVASP-21583,88.01,77.3125
JVASP-120179,-11.37,-9.8203125
JVASP-37166,63.08,66.125
JVASP-19676,204.34,168.875
JVASP-11136,14.76,13.984375
JVASP-16312,67.54,72.125
JVASP-64559,-9.92,1.1015625
JVASP-25601,19.16,15.6875
JVASP-9401,34.19,34.3125
JVASP-51407,9.71,5.4179688
JVASP-38237,3.46,2.7265625
JVASP-85709,19.39,19.640625
JVASP-57747,33.67,30.296875
JVASP-87013,38.5,37.25
JVASP-20949,44.75,42.3125
JVASP-36110,4.2,10.6015625
JVASP-15307,34.22,27.265625
JVASP-110443,10.53,28.046875
JVASP-21570,48.51,49.34375
JVASP-72024,46.33,46.90625
JVASP-11323,60.54,56.125
JVASP-66845,49.56,17.765625
JVASP-120300,3.55,4.9921875
JVASP-20592,51.12,42.90625
JVASP-100655,36.04,34.3125
JVASP-67984,15.0,17.0625
JVASP-12649,70.7,65.1875
JVASP-111954,54.05,41.46875
JVASP-5275,12.96,12.578125
JVASP-22775,67.38,66.3125
JVASP-105971,54.6,47.53125
JVASP-10102,70.69,68.625
JVASP-39433,33.48,31.96875
JVASP-19698,39.56,36.84375
JVASP-40499,26.14,23.53125
JVASP-204,18.65,19.390625
JVASP-118544,2.39,6.3046875
JVASP-16498,37.86,41.71875
JVASP-11946,71.22,52.96875
JVASP-28886,4.62,3.9335938
JVASP-25410,17.22,9.453125
JVASP-39266,3.8,4.9609375
JVASP-118915,68.84,66.375
JVASP-9728,68.15,65.1875
JVASP-12708,32.73,32.625
JVASP-10197,89.1,69.9375
JVASP-37075,22.53,20.84375
JVASP-101590,28.72,29.5625
JVASP-14927,46.56,44.375
JVASP-16683,38.86,33.125
JVASP-115740,256.59,254.125
JVASP-12459,12.67,9.6171875
JVASP-43637,31.51,35.21875
JVASP-100633,24.14,23.671875
JVASP-74210,13.44,12.2890625
JVASP-63878,55.4,31.59375
JVASP-15449,40.22,36.59375
JVASP-50835,31.91,25.4375
JVASP-16136,54.43,54.28125
JVASP-79261,71.05,68.5625
JVASP-16230,136.43,112.5
JVASP-25263,-14.44,-7.4570312
JVASP-106204,7.4,9.6640625
JVASP-7756,90.22,81.25
JVASP-79227,75.88,81.1875
JVASP-26365,34.91,31.171875
JVASP-85784,17.36,15.5390625
JVASP-28513,41.41,33.25
JVASP-106373,13.27,11.5234375
JVASP-65698,13.43,11.984375
JVASP-51436,26.85,25.90625
JVASP-51007,14.87,11.9375
JVASP-14262,48.27,35.15625
JVASP-66322,-5.48,-0.85595703
JVASP-61729,32.74,29.546875
JVASP-12490,-8.53,1.6816406
JVASP-114311,64.39,71.125
JVASP-5194,10.14,12.0703125
JVASP-25880,41.99,38.5
JVASP-18380,42.22,30.875
JVASP-62415,14.06,9.6171875
JVASP-115314,43.9,40.0
JVASP-111831,55.05,51.34375
JVASP-71947,70.31,59.59375
JVASP-18763,4.84,-8.3984375
JVASP-102572,-17.11,-7.4375
JVASP-116328,76.98,71.8125
JVASP-118641,4.63,3.1660156
JVASP-67362,61.69,54.5625
JVASP-28705,1.22,3.5722656
JVASP-18815,-16.62,-15.8359375
JVASP-101556,22.36,23.65625
JVASP-93685,354.46,346.0
JVASP-106616,18.94,14.625
JVASP-63287,13.77,14.078125
JVASP-74660,23.17,23.328125
JVASP-25658,86.98,88.25
JVASP-18205,30.17,27.234375
JVASP-10941,59.82,45.90625
JVASP-37104,19.24,14.5546875
JVASP-114994,-1.33,-3.828125
JVASP-105628,0.59,2.4492188
JVASP-11997,19.99,20.671875
JVASP-100529,47.38,44.5
JVASP-16785,136.33,152.25
JVASP-54581,32.98,31.953125
JVASP-65192,63.06,55.78125
JVASP-9164,62.23,57.03125
JVASP-110451,10.64,5.2070312
JVASP-90617,119.48,132.125
JVASP-118083,3.55,1.1396484
JVASP-9792,77.63,62.875
JVASP-7634,16.43,20.203125
JVASP-2400,6.52,-0.6201172
JVASP-29371,14.46,15.3828125
JVASP-9677,54.18,52.25
JVASP-55218,162.34,125.625
JVASP-14648,53.94,55.875
JVASP-29859,56.84,60.78125
JVASP-50889,54.49,55.28125
JVASP-18507,35.45,32.9375
JVASP-37187,142.24,143.875
JVASP-2091,41.45,37.34375
JVASP-17220,15.95,24.5625
JVASP-18919,93.08,87.5625
JVASP-118892,17.52,20.296875
JVASP-11037,-4.68,3.2089844
JVASP-15046,73.42,70.75
JVASP-16486,94.31,87.0625
JVASP-5743,23.52,24.375
JVASP-122,20.75,23.046875
JVASP-115583,22.45,22.46875
JVASP-13898,31.37,28.421875
JVASP-65211,-23.06,-12.09375
JVASP-10995,46.54,44.84375
JVASP-68523,-18.67,-4.9492188
JVASP-115049,17.9,23.796875
JVASP-117889,38.2,37.46875
JVASP-93668,22.04,9.421875
JVASP-65701,34.91,18.65625
JVASP-25335,9.79,17.8125
JVASP-36259,-12.68,-8.34375
JVASP-26380,47.69,49.53125
JVASP-59753,64.43,60.4375
JVASP-23439,44.66,40.625
JVASP-5362,6.52,9.875
JVASP-115921,3.39,5.7695312
JVASP-28815,6.23,10.40625
JVASP-16648,25.87,24.359375
JVASP-10731,65.2,69.0625
JVASP-28527,21.51,18.671875
JVASP-15713,62.05,63.0625
JVASP-8090,35.79,38.09375
JVASP-3852,24.41,27.328125
JVASP-120856,8.73,5.53125
JVASP-93450,16.92,20.015625
JVASP-29281,4.54,4.609375
JVASP-118063,5.42,6.4023438
JVASP-15679,67.52,71.8125
JVASP-25186,76.68,81.5625
JVASP-12572,7.11,9.4453125
JVASP-5329,12.26,15.4375
JVASP-28896,5.17,8.4140625
JVASP-110380,7.4,7.5507812
JVASP-110235,28.39,24.890625
JVASP-9253,14.71,19.375
JVASP-117501,6.75,7.7460938
JVASP-41411,24.66,25.28125
JVASP-106120,76.94,69.8125
JVASP-25399,4.56,7.7578125
JVASP-17620,30.71,29.21875
JVASP-120163,-3.53,-1.0673828
JVASP-29787,32.33,32.03125
JVASP-10773,18.63,17.5
JVASP-25099,-8.66,12.578125
JVASP-103366,40.18,40.75
JVASP-10010,40.69,41.34375
JVASP-12195,49.07,55.21875
JVASP-15258,90.66,100.125
JVASP-10147,21.07,26.40625
JVASP-9564,31.47,42.1875
JVASP-8639,99.15,102.5
JVASP-106305,75.25,60.125
JVASP-14535,47.58,53.65625
JVASP-116666,98.95,99.25
JVASP-28698,28.66,12.328125
JVASP-113630,20.23,20.109375
JVASP-17684,116.34,114.25
JVASP-121010,-20.56,-13.8828125
JVASP-88799,35.15,35.25
JVASP-15561,94.93,96.3125
JVASP-40420,114.74,99.5625
JVASP-19406,59.75,58.46875
JVASP-34240,44.31,41.40625
JVASP-85923,21.29,24.625
JVASP-70035,31.67,41.09375
JVASP-17162,19.01,19.65625
JVASP-12383,14.13,8.28125
JVASP-53430,116.39,121.0
JVASP-104725,5.73,4.7773438
JVASP-11445,38.95,37.5
JVASP-573,24.55,24.65625
JVASP-15379,36.53,34.3125
JVASP-12144,23.54,24.0
JVASP-117879,5.51,6.7265625
JVASP-99756,15.5,16.265625
JVASP-2829,44.27,49.0625
JVASP-51010,26.45,30.375
JVASP-22529,32.22,32.125
JVASP-115903,5.06,5.9179688
JVASP-28473,0.27,20.640625
JVASP-113658,18.39,10.109375
JVASP-18543,64.8,58.875
JVASP-65804,12.74,13.2265625
JVASP-110095,33.11,32.3125
JVASP-14938,18.71,18.015625
JVASP-7674,144.14,136.75
JVASP-1792,52.95,50.78125
JVASP-38178,8.76,5.9648438
JVASP-19872,101.06,99.0
JVASP-106119,44.5,45.03125
JVASP-65306,6.6,3.0136719
JVASP-113677,32.25,38.78125
JVASP-91274,25.25,26.859375
JVASP-25089,3.71,7.0039062
JVASP-20128,5.4,4.5976562
JVASP-36830,26.46,20.890625
JVASP-74359,17.99,12.65625
JVASP-15670,2.38,-1.6982422
JVASP-35663,76.54,69.125
JVASP-63394,172.49,171.0
JVASP-121229,0.79,4.9960938
JVASP-46786,24.81,30.53125
JVASP-10230,10.93,15.2421875
JVASP-51183,17.66,20.234375
JVASP-120837,18.44,17.125
JVASP-106734,8.81,9.734375
JVASP-40945,12.94,12.5078125
JVASP-3150,45.76,42.5625
JVASP-56850,33.6,34.3125
JVASP-78680,40.18,36.09375
JVASP-12900,5.73,6.6796875
JVASP-102689,41.43,44.21875
JVASP-38235,2.86,5.4453125
JVASP-117804,1.33,12.3515625
JVASP-118847,5.02,7.8359375
JVASP-8503,22.8,23.1875
JVASP-108094,15.89,15.65625
JVASP-18723,19.5,19.984375
JVASP-43519,120.69,115.875
JVASP-87116,50.19,52.71875
JVASP-38502,10.78,10.875
JVASP-20247,31.32,30.28125
JVASP-81708,36.49,37.0
JVASP-35743,37.53,45.75
JVASP-103195,8.62,9.8125
JVASP-74244,0.0,-0.17822266
JVASP-36495,19.8,20.59375
JVASP-65746,24.13,22.375
JVASP-117751,9.13,13.7734375
JVASP-20093,88.1,74.3125
JVASP-121071,15.55,20.421875
JVASP-30231,55.93,57.96875
JVASP-15393,26.04,30.03125
JVASP-155,36.36,32.15625
JVASP-38887,50.2,51.21875
JVASP-21032,32.32,39.09375
JVASP-18305,11.7,15.71875
JVASP-101164,41.6,39.40625
JVASP-25164,9.06,10.3828125
JVASP-18005,20.88,22.890625
JVASP-118109,16.41,11.46875
JVASP-20075,179.6,178.25
JVASP-48321,35.95,39.0
JVASP-25396,16.72,16.453125
JVASP-18737,21.25,23.953125
JVASP-39635,88.44,80.9375
JVASP-18708,36.02,35.40625
JVASP-39483,51.32,45.34375
JVASP-41690,87.88,81.625
JVASP-114037,-8.31,-12.953125
JVASP-54307,91.63,73.3125
JVASP-44357,89.27,95.375
JVASP-29647,25.9,27.09375
JVASP-102129,0.0,4.53125
JVASP-48609,12.49,17.53125
JVASP-69220,8.84,8.90625
JVASP-74151,56.05,50.9375
JVASP-14774,56.16,60.84375
JVASP-15480,52.16,56.625
JVASP-37223,43.44,48.71875
JVASP-8648,60.99,62.90625
JVASP-117791,8.95,10.2265625
JVASP-94361,5.4,11.453125
JVASP-16728,82.27,72.4375
JVASP-18481,21.73,22.609375
JVASP-117726,0.46,4.1796875
JVASP-66172,1.8,-0.090270996
JVASP-64709,-0.9,-1.2353516
JVASP-18101,24.29,24.109375
JVASP-117803,-18.09,-11.765625
JVASP-8332,39.87,41.0625
JVASP-120103,2.57,8.8828125
JVASP-22236,58.89,49.53125
JVASP-100389,13.21,11.125
JVASP-9125,20.33,17.0
JVASP-29385,38.87,45.8125
JVASP-36170,35.32,59.28125
JVASP-67660,0.39,2.9765625
JVASP-64622,2.48,4.6875
JVASP-2217,17.69,18.703125
JVASP-8249,49.4,38.34375
JVASP-99393,2.18,13.4296875
JVASP-37039,26.6,22.84375
JVASP-21194,7.48,7.4414062
JVASP-17413,55.89,54.78125
JVASP-68185,65.41,70.0625
JVASP-40781,-15.7,-13.34375
JVASP-78377,44.98,41.09375
JVASP-19706,71.69,72.5
JVASP-14116,58.16,51.625
JVASP-16738,109.54,106.375
JVASP-20410,77.32,87.875
JVASP-54981,33.36,35.46875
JVASP-18604,33.28,34.625
JVASP-15742,-4.42,2.0683594
JVASP-10256,14.76,13.828125
JVASP-120961,6.71,10.8671875
JVASP-114632,13.37,11.7578125
JVASP-106482,80.53,81.3125
JVASP-85369,30.59,31.34375
JVASP-114619,12.45,6.3789062
JVASP-8652,7.03,9.703125
JVASP-100621,11.42,16.28125
JVASP-8792,23.41,23.671875
JVASP-92711,43.5,44.5
JVASP-75847,1.98,9.8984375
JVASP-14731,46.3,49.71875
JVASP-16221,41.24,43.8125
JVASP-3897,14.59,12.71875
JVASP-12302,42.96,40.5
JVASP-12444,91.37,90.8125
JVASP-36853,37.53,34.34375
JVASP-12178,7.69,9.703125
JVASP-103461,24.53,23.765625
JVASP-7777,55.74,54.28125
JVASP-121230,8.3,12.171875
JVASP-68381,56.89,49.28125
JVASP-25124,11.77,12.0390625
JVASP-18045,22.38,34.03125
JVASP-40224,65.6,61.71875
JVASP-99391,-18.45,1.0605469
JVASP-9931,49.38,58.40625
JVASP-20647,31.78,32.1875
JVASP-68961,15.85,16.015625
JVASP-112145,27.91,33.03125
JVASP-26370,41.64,46.78125
JVASP-9178,101.26,110.5
JVASP-20424,52.56,56.21875
JVASP-67314,44.24,48.1875
JVASP-50986,22.34,24.671875
JVASP-15256,71.62,66.0625
JVASP-13868,23.19,21.671875
JVASP-75765,-11.32,1.9326172
JVASP-72025,101.43,80.875
JVASP-20186,65.77,61.125
JVASP-14896,42.44,40.5
JVASP-42321,30.84,30.484375
JVASP-2460,60.03,65.8125
JVASP-106194,7.69,9.4765625
JVASP-41008,30.8,27.03125
JVASP-14739,70.97,80.8125
JVASP-50976,66.45,64.8125
JVASP-41256,20.12,42.3125
JVASP-1750,43.78,45.75
JVASP-28826,22.78,17.125
JVASP-45905,22.59,33.40625
JVASP-15021,34.8,23.84375
JVASP-21274,66.57,69.3125
JVASP-72021,45.22,46.0625
JVASP-69669,30.39,26.109375
JVASP-101458,41.97,42.09375
JVASP-16559,30.54,28.71875
JVASP-66363,-3.92,-3.2675781
JVASP-35124,49.74,45.8125
JVASP-103451,19.48,13.359375
JVASP-807,4.67,4.1523438
JVASP-1594,70.41,65.125
JVASP-65592,34.65,32.40625
JVASP-63743,176.03,171.25
JVASP-3861,42.55,38.625
JVASP-114754,5.15,0.93847656
JVASP-38583,21.03,17.328125
JVASP-122994,125.4,121.0
JVASP-120097,21.97,21.03125
JVASP-73875,58.52,51.71875
JVASP-71704,-3.85,-0.9794922
JVASP-1447,35.65,31.53125
JVASP-67773,8.57,5.21875
JVASP-105707,-3.82,5.1601562
JVASP-85135,32.52,34.28125
JVASP-9088,23.95,29.421875
JVASP-111093,20.91,25.828125
JVASP-32145,70.83,79.0625
JVASP-15100,71.06,75.125
JVASP-16019,62.59,65.5625
JVASP-38259,2.46,4.359375
JVASP-8133,92.8,101.75
JVASP-10,33.05,28.09375
JVASP-93264,15.7,10.65625
JVASP-99468,53.67,62.65625
JVASP-9739,86.14,80.0625
JVASP-118257,10.94,9.265625
JVASP-105701,47.41,46.03125
JVASP-13307,38.8,37.09375
JVASP-18001,24.62,21.4375
JVASP-12766,20.08,20.390625
JVASP-99949,28.89,30.28125
JVASP-40582,35.02,30.953125
JVASP-34259,47.75,42.1875
JVASP-11283,54.25,56.84375
JVASP-3633,21.65,22.296875
JVASP-92227,34.52,34.3125
JVASP-40008,31.02,26.28125
JVASP-74089,0.0,-0.9248047
JVASP-102098,104.99,103.0
JVASP-117689,-2.32,0.75878906
JVASP-114417,-1.87,-6.078125
JVASP-63235,55.35,63.1875
JVASP-90148,57.93,61.53125
JVASP-116268,26.72,19.875
JVASP-26329,41.05,40.125
JVASP-11523,39.52,35.15625
JVASP-15215,15.06,16.796875
JVASP-62388,41.44,40.59375
JVASP-9769,51.15,46.375
JVASP-118082,-8.21,-3.4042969
JVASP-20880,31.71,31.515625
JVASP-9338,34.45,35.59375
JVASP-118414,8.51,7.1875
JVASP-22545,34.31,31.5
JVASP-20403,51.0,48.71875
JVASP-74129,2.17,-2.6484375
JVASP-121174,-2.83,-3.3476562
JVASP-5353,11.13,11.5234375
JVASP-75023,18.63,12.875
JVASP-85301,7.01,6.3046875
JVASP-99582,24.2,16.5
JVASP-105832,28.17,25.15625
JVASP-20297,67.43,64.25
JVASP-54995,80.43,82.125
JVASP-9750,76.15,73.0
JVASP-85502,21.69,18.03125
JVASP-14343,8.26,6.9296875
JVASP-15425,103.87,122.1875
JVASP-60687,16.36,15.421875
JVASP-118611,-7.27,-3.90625
JVASP-31202,12.64,10.8203125
JVASP-115925,4.05,11.09375
JVASP-58373,15.43,18.40625
JVASP-12111,20.31,17.171875
JVASP-36876,25.92,24.75
JVASP-15967,44.4,41.75
JVASP-8087,23.57,18.765625
JVASP-18646,15.0,15.203125
JVASP-1999,10.98,10.4765625
JVASP-11820,42.52,38.75
JVASP-102966,12.83,7.0625
JVASP-67848,52.75,50.46875
JVASP-1909,25.68,23.515625
JVASP-117947,114.13,128.625
JVASP-19972,53.0,53.6875
JVASP-86420,73.74,76.0625
JVASP-36203,-3.2,-0.6772461
JVASP-12183,11.75,13.90625
JVASP-115479,50.01,49.8125
JVASP-50995,23.63,17.875
JVASP-120962,27.06,21.65625
JVASP-38823,82.76,80.0
JVASP-11588,35.28,41.03125
JVASP-29141,34.22,25.890625
JVASP-14344,62.87,68.6875
JVASP-68446,63.61,56.59375
JVASP-2097,55.86,60.1875
JVASP-85815,55.55,55.125
JVASP-120318,-0.69,-1.6748047
JVASP-28551,37.41,31.59375
JVASP-16592,51.5,52.4375
JVASP-93215,86.9,81.5
JVASP-21717,17.42,15.828125
JVASP-66135,-7.02,-8.3359375
JVASP-10930,66.89,70.5
JVASP-4498,25.09,22.8125
JVASP-14911,20.19,20.953125
JVASP-15630,42.3,39.03125
JVASP-25235,3.57,-0.5991211
JVASP-115587,98.6,104.5
JVASP-75704,1.98,-0.9091797
JVASP-118741,73.11,63.40625
JVASP-22557,86.74,83.5
JVASP-69764,32.69,26.765625
JVASP-18243,59.96,57.5625
JVASP-11052,21.03,19.703125
JVASP-118732,-0.67,-0.71240234
JVASP-20480,78.03,65.0625
JVASP-86062,20.29,23.71875
JVASP-71373,44.89,41.3125
JVASP-114956,1.66,0.35351562
JVASP-35933,30.63,28.875
JVASP-1735,173.33,154.75
JVASP-4648,30.59,29.796875
JVASP-8769,3.79,6.4179688
JVASP-4231,24.19,17.546875
JVASP-110530,49.92,48.90625
JVASP-8204,82.83,77.125
JVASP-117961,3.65,0.9135742
JVASP-3069,37.57,32.96875
JVASP-22445,5.26,9.7578125
JVASP-57279,6.35,8.3359375
JVASP-41945,35.36,34.5
JVASP-10192,18.31,16.03125
JVASP-44469,12.61,11.109375
JVASP-74182,63.24,61.59375
JVASP-39675,127.34,126.25
JVASP-118654,11.97,10.4453125
JVASP-78517,95.01,88.0625
JVASP-71700,48.4,52.09375
JVASP-22666,6.66,2.9609375
JVASP-72730,-7.48,-2.6972656
JVASP-2898,8.89,6.125
JVASP-100022,21.15,9.8984375
JVASP-22582,33.05,30.640625
JVASP-11470,18.53,22.25
JVASP-36493,19.98,12.6875
JVASP-106064,59.36,52.40625
JVASP-3543,19.19,16.4375
JVASP-15124,24.1,61.53125
JVASP-1546,58.17,49.625
JVASP-40484,81.99,67.6875
JVASP-34179,60.46,55.21875
JVASP-52303,18.59,17.328125
JVASP-9485,49.14,46.78125
JVASP-101466,90.45,86.25
JVASP-35713,131.32,125.25
JVASP-34389,36.83,31.359375
JVASP-18837,39.46,32.59375
JVASP-40785,2.56,-3.3203125
JVASP-116474,53.72,49.21875
JVASP-37289,20.64,21.578125
JVASP-7814,157.01,124.0625
JVASP-1849,28.78,24.140625
JVASP-71915,71.07,65.625
JVASP-117890,-1.02,-1.8837891
JVASP-102483,12.75,8.78125
JVASP-114262,-4.66,-4.1835938
JVASP-2379,54.12,45.4375
JVASP-12851,19.72,18.75
JVASP-37346,91.46,89.25
JVASP-18622,0.32,0.51123047
JVASP-8680,29.62,29.734375
JVASP-107660,-2.28,3.5800781
JVASP-7685,27.39,26.53125
JVASP-70964,63.45,67.4375
JVASP-11053,85.99,70.875
JVASP-52256,40.55,36.40625
JVASP-24305,13.57,7.4609375
JVASP-9883,14.69,14.5546875
JVASP-18136,42.22,40.3125
JVASP-9582,137.89,133.875
JVASP-1342,115.14,99.25
JVASP-114050,3.23,3.0253906
JVASP-13782,16.72,12.796875
JVASP-65043,6.28,6.2070312
JVASP-35726,52.49,46.03125
JVASP-51222,-0.84,-5.2265625
JVASP-103426,110.37,102.4375
JVASP-22662,14.93,10.96875
JVASP-102804,24.42,24.046875
JVASP-114964,-12.15,6.0117188
JVASP-74376,102.61,80.75
JVASP-20435,53.12,45.46875
JVASP-7666,28.36,26.6875
JVASP-93889,39.75,31.453125
JVASP-19694,74.76,85.625
JVASP-113650,11.43,11.59375
JVASP-101611,73.58,67.0
JVASP-100056,26.02,29.578125
JVASP-12057,21.02,21.828125
JVASP-34250,9.37,8.0390625
JVASP-16634,43.19,37.59375
JVASP-116403,63.88,56.625
JVASP-71223,0.0,5.1640625
JVASP-42876,49.78,37.96875
JVASP-85744,32.82,33.78125
JVASP-9104,10.23,8.0234375
JVASP-15495,45.77,50.34375
JVASP-120818,13.53,6.953125
JVASP-7681,102.17,100.4375
JVASP-35385,30.82,24.5625
JVASP-231,38.59,31.53125
JVASP-74137,48.74,38.34375
JVASP-118134,7.13,3.8066406
JVASP-17310,136.94,128.375
JVASP-41001,23.1,24.609375
JVASP-35181,122.34,111.0625
JVASP-3096,12.41,8.1875
JVASP-36846,14.15,14.703125
JVASP-17774,25.0,23.0
JVASP-62906,175.71,156.375
JVASP-16213,77.3,64.3125
JVASP-65647,14.65,13.6953125
JVASP-92167,105.89,94.4375
JVASP-4609,17.51,18.296875
JVASP-111253,-13.15,-1.4121094
JVASP-44631,84.03,63.90625
JVASP-38816,36.54,33.6875
JVASP-110801,6.66,5.6171875
JVASP-1076,45.6,44.84375
JVASP-3195,49.45,44.15625
JVASP-16897,175.39,134.75
JVASP-8717,27.76,24.046875
JVASP-118564,4.71,3.9257812
JVASP-61797,7.23,7.5703125
JVASP-52776,14.81,12.9296875
JVASP-65708,12.38,15.390625
JVASP-3015,44.77,48.46875
JVASP-51455,98.7,108.75
JVASP-16002,73.1,86.0
JVASP-14703,106.12,127.1875
JVASP-29018,33.8,42.0
JVASP-99757,27.94,27.15625
JVASP-25180,10.64,13.078125
JVASP-94839,60.37,68.1875
JVASP-99758,14.03,19.15625
JVASP-37077,43.99,67.8125
JVASP-117772,-10.27,7.0976562
JVASP-356,20.51,25.59375
JVASP-26387,44.81,52.25
JVASP-18883,70.44,75.3125
JVASP-100511,59.54,64.5625
JVASP-69100,4.45,7.7578125
JVASP-63107,23.09,27.25
JVASP-11398,100.41,105.25
JVASP-9391,24.69,31.921875
JVASP-78874,64.89,69.875
JVASP-79009,67.38,69.1875
JVASP-12907,17.4,18.359375
JVASP-102451,14.92,24.21875
JVASP-64367,3.0,9.5078125
JVASP-25395,2.85,2.8769531
JVASP-17924,51.27,60.6875
JVASP-115501,-13.39,-7.1875
JVASP-90487,78.7,93.5
JVASP-57079,30.54,34.40625
JVASP-118841,-5.04,-3.2753906
JVASP-52489,4.86,13.4140625
JVASP-118419,0.89,9.0390625
JVASP-72570,0.23,15.328125
JVASP-66335,-10.64,-1.1191406
JVASP-28694,19.95,21.75
JVASP-40193,25.67,29.640625
JVASP-10131,14.31,18.359375
JVASP-66661,-7.1,4.0664062
JVASP-14657,23.35,30.0
JVASP-79549,14.09,20.46875
JVASP-114017,-1.39,7.4296875
JVASP-57086,9.47,15.4765625
JVASP-71225,61.99,76.3125
JVASP-70398,1.74,11.9609375
JVASP-68997,13.84,23.09375
JVASP-66848,8.33,20.515625
JVASP-22714,63.17,75.3125
JVASP-39820,23.4,27.921875
JVASP-11602,103.76,109.5
JVASP-37609,13.67,15.4140625
JVASP-12698,43.71,44.1875
JVASP-2580,17.68,22.71875
JVASP-26416,44.81,53.65625
JVASP-67831,24.63,23.3125
JVASP-16587,12.8,18.75
JVASP-109088,8.07,10.4609375
JVASP-57521,42.14,46.78125
JVASP-37256,39.01,40.46875
JVASP-74882,8.69,9.2734375
JVASP-122999,21.44,29.53125
JVASP-19818,57.86,70.3125
JVASP-22216,-0.22,16.921875
JVASP-101463,27.39,29.484375
JVASP-35940,-5.69,-0.5307617
JVASP-18152,20.02,27.203125
JVASP-22583,10.99,15.6328125
JVASP-32768,8.64,15.1875
JVASP-48915,14.1,32.0625
JVASP-118222,25.37,30.078125
JVASP-114449,-15.53,0.042419434
JVASP-19372,87.81,109.4375
JVASP-79219,35.65,43.96875
JVASP-25108,11.57,14.4375
JVASP-21196,6.5,14.6484375
JVASP-16909,21.97,33.96875
JVASP-164,5.61,9.5390625
JVASP-65741,23.53,28.171875
JVASP-27343,55.3,56.4375
JVASP-117680,-13.03,-1.2558594
JVASP-19394,64.9,66.875
JVASP-9715,45.2,45.84375
JVASP-8561,4.41,11.3203125
JVASP-19598,31.79,32.21875
JVASP-7654,35.47,35.125
JVASP-85961,7.57,10.1640625
JVASP-101005,-2.12,11.3125
JVASP-117571,-5.24,0.90527344
JVASP-14596,46.22,47.0
JVASP-179,9.67,15.1875
JVASP-20547,65.92,79.6875
JVASP-115536,9.57,11.8359375
JVASP-37157,26.95,32.78125
JVASP-57806,10.06,16.421875
JVASP-117713,-1.1,2.9316406
JVASP-17411,24.71,29.265625
JVASP-70877,0.0,6.0664062
JVASP-71568,18.57,24.671875
JVASP-18939,19.18,24.453125
JVASP-92217,25.88,25.546875
JVASP-9624,51.19,60.75
JVASP-42103,19.8,17.1875
JVASP-5338,22.3,21.546875
JVASP-38968,113.08,109.625
JVASP-12933,24.75,30.6875
JVASP-114762,15.41,12.84375
JVASP-62464,73.41,79.625
JVASP-62656,11.64,13.9921875
JVASP-118294,40.01,45.3125
JVASP-30162,24.65,27.234375
JVASP-103113,64.33,82.5
JVASP-59647,37.88,46.09375
JVASP-59671,41.29,52.84375
JVASP-22617,31.19,35.65625
JVASP-37114,19.51,28.65625
JVASP-41004,38.06,45.125
JVASP-106243,39.22,39.71875
JVASP-20106,61.84,64.375
JVASP-66210,6.06,3.8886719
JVASP-75812,1.79,5.0546875
JVASP-116222,41.23,49.46875
JVASP-12788,21.64,19.1875
JVASP-25210,21.11,19.09375
JVASP-13955,22.09,19.4375
JVASP-11178,28.52,32.15625
JVASP-29830,30.97,37.4375
JVASP-9136,95.57,111.0625
JVASP-119908,10.35,20.484375
JVASP-66536,4.9,11.921875
JVASP-22215,26.47,38.4375
JVASP-93807,104.94,110.25
JVASP-115996,13.66,15.4609375
JVASP-50811,62.95,71.1875
JVASP-35696,-0.1,10.8828125
JVASP-109776,26.14,24.90625
JVASP-107437,19.97,23.671875
JVASP-28870,47.9,32.375
JVASP-25122,5.93,7.1835938
JVASP-99648,40.43,41.75
JVASP-99912,51.55,50.46875
JVASP-29728,10.05,8.515625
JVASP-18239,0.34,-4.1601562
JVASP-105670,9.24,9.2890625
JVASP-35342,69.21,69.9375
JVASP-86922,0.0,5.6757812
JVASP-10188,30.06,30.328125
JVASP-15953,23.06,20.234375
JVASP-100657,48.88,49.34375
JVASP-114531,5.32,6.6328125
JVASP-57819,23.39,23.890625
JVASP-36700,41.35,37.96875
JVASP-18209,62.8,52.3125
JVASP-15762,4.5,2.3007812
JVASP-3237,30.7,28.390625
JVASP-116269,4.37,3.0351562
JVASP-118565,14.03,15.328125
JVASP-54553,71.22,71.375
JVASP-39687,29.14,29.46875
JVASP-17812,121.67,127.3125
JVASP-19104,47.01,51.09375
JVASP-14265,103.47,83.6875
JVASP-114960,4.91,0.1973877
JVASP-34652,31.64,34.71875
JVASP-110293,-10.52,-12.5703125
JVASP-1103,31.56,29.3125
JVASP-40580,27.36,29.0625
JVASP-17435,28.92,30.1875
JVASP-76260,6.44,9.21875
JVASP-18391,60.26,56.71875
JVASP-9592,24.8,24.890625
JVASP-25638,38.77,34.59375
JVASP-10132,24.47,25.75
JVASP-117784,2.47,3.7597656
JVASP-26409,44.27,47.375
JVASP-34174,83.91,90.5
JVASP-17443,53.22,58.875
JVASP-50028,51.95,42.28125
JVASP-14351,6.71,7.453125
JVASP-101216,-12.18,4.9453125
JVASP-29390,61.82,60.03125
JVASP-67515,38.9,35.96875
JVASP-18009,63.43,67.1875
JVASP-118485,74.06,59.4375
JVASP-102873,-10.58,4.234375
JVASP-36792,41.47,37.5
JVASP-66550,3.54,2.796875
JVASP-34156,60.81,55.46875
JVASP-88017,41.89,42.9375
JVASP-106383,26.8,24.09375
JVASP-114775,6.43,9.015625
JVASP-113581,20.11,22.9375
JVASP-1786,38.57,39.46875
JVASP-78565,-8.02,-6.296875
JVASP-56189,104.38,96.875
JVASP-87096,9.48,11.25
JVASP-18024,44.51,45.59375
JVASP-71008,67.74,57.75
JVASP-17943,68.09,69.25
JVASP-18405,56.06,47.03125
JVASP-118488,51.33,50.5
JVASP-57308,4.8,11.2890625
JVASP-14642,100.48,89.8125
JVASP-115560,5.24,12.4375
JVASP-114350,48.31,44.8125
JVASP-51154,-3.84,-8.0234375
JVASP-16561,35.3,23.546875
JVASP-14814,15.08,12.4453125
JVASP-90728,31.7,35.53125
JVASP-20614,45.3,41.9375
JVASP-16550,10.05,12.4765625
JVASP-39121,45.82,45.3125
JVASP-22625,12.02,14.0546875
JVASP-16777,32.73,31.1875
JVASP-105840,26.2,25.234375
JVASP-118568,1.5,3.3242188
JVASP-68887,13.63,9.25
JVASP-93355,20.04,24.265625
JVASP-51203,1.93,6.4296875
JVASP-54,47.65,50.1875
JVASP-79761,3.68,0.8354492
JVASP-8605,93.12,89.625
JVASP-68071,50.49,49.0625
JVASP-57061,53.08,51.375
JVASP-51152,5.94,6.3007812
JVASP-15777,94.42,88.75
JVASP-79210,41.86,37.4375
JVASP-16224,72.2,74.75
JVASP-92691,-8.95,1.5849609
JVASP-35655,69.74,63.15625
JVASP-36513,14.22,13.6875
JVASP-86522,21.35,22.828125
JVASP-65788,3.64,8.6953125
JVASP-12570,34.16,34.59375
JVASP-92219,42.99,44.09375
JVASP-17497,18.96,22.765625
JVASP-85435,15.95,17.359375
JVASP-71372,57.75,63.875
JVASP-37924,3.12,6.3007812
JVASP-12143,19.54,21.453125
JVASP-30589,63.06,56.9375
JVASP-19690,12.98,12.03125
JVASP-30289,-1.6,28.28125
JVASP-13867,21.08,21.890625
JVASP-104584,3.28,2.2675781
JVASP-117089,51.01,44.6875
JVASP-92223,29.76,27.734375
JVASP-12737,0.0,22.96875
JVASP-100068,29.46,30.5625
JVASP-92684,7.68,3.6269531
JVASP-29793,40.64,51.625
JVASP-38942,21.88,27.390625
JVASP-106668,128.7,117.9375
JVASP-14769,80.58,85.8125
JVASP-35892,69.63,55.28125
JVASP-19772,67.27,67.5625
JVASP-18955,95.45,85.875
JVASP-29296,56.5,57.6875
JVASP-102714,27.26,32.65625
JVASP-74513,61.92,64.5625
JVASP-67977,16.17,25.046875
JVASP-79875,21.64,19.171875
JVASP-22717,44.23,44.5625
JVASP-15211,70.66,82.875
JVASP-16539,-1.78,1.5263672
JVASP-15052,17.36,17.71875
JVASP-8250,24.27,28.59375
JVASP-114098,6.58,18.828125
JVASP-12978,31.01,29.859375
JVASP-36249,62.11,72.375
JVASP-35416,44.63,43.75
JVASP-11575,63.3,77.1875
JVASP-20065,91.37,95.3125
JVASP-105703,-6.38,-5.546875
JVASP-8602,20.66,22.640625
JVASP-4564,23.79,17.046875
JVASP-3324,40.32,40.03125
JVASP-69346,0.0,1.3105469
JVASP-17880,27.04,22.46875
JVASP-85691,23.87,27.203125
JVASP-71761,39.47,40.34375
JVASP-37398,49.63,49.40625
JVASP-125,44.27,48.9375
JVASP-37129,22.91,22.609375
JVASP-16103,83.71,81.5
JVASP-115470,40.33,42.53125
JVASP-2445,9.76,8.234375
JVASP-8199,19.99,22.03125
JVASP-118550,5.34,3.8085938
JVASP-115810,11.16,13.171875
JVASP-34358,37.1,39.65625
JVASP-110460,25.84,24.5625
JVASP-25367,9.32,6.7304688
JVASP-115551,-14.99,-10.09375
JVASP-29602,13.61,14.2421875
JVASP-114103,11.75,8.6171875
JVASP-47509,23.25,27.03125
JVASP-50077,29.63,31.203125
JVASP-37069,57.82,65.625
JVASP-19086,17.09,17.109375
JVASP-36149,136.49,119.125
JVASP-25298,-2.4,0.49682617
JVASP-18236,42.79,56.0
JVASP-74557,55.77,56.6875
JVASP-102802,69.06,60.09375
JVASP-62279,7.19,5.3125
JVASP-20281,33.4,33.71875
JVASP-120339,13.98,20.546875
JVASP-12738,57.83,67.125
JVASP-69315,3.97,8.046875
JVASP-16723,216.5,222.625
JVASP-30665,45.24,53.5
JVASP-86419,9.4,14.0625
JVASP-75766,0.32,4.2773438
JVASP-17516,39.17,45.5625
JVASP-3930,8.84,9.9375
JVASP-68105,38.57,41.75
JVASP-78784,-16.16,-12.0390625
JVASP-36372,36.12,32.53125
JVASP-18112,38.38,38.09375
JVASP-48128,11.29,12.71875
JVASP-40839,-12.02,-14.921875
JVASP-105949,31.14,33.09375
JVASP-100590,18.84,18.453125
JVASP-91575,5.11,4.3828125
JVASP-48578,87.68,94.0
JVASP-4337,68.45,70.8125
JVASP-50984,20.79,23.34375
JVASP-17314,84.01,85.8125
JVASP-15199,-6.83,38.46875
JVASP-12746,7.01,6.3984375
JVASP-855,8.11,6.8242188
JVASP-8134,69.92,85.625
JVASP-117981,-0.75,-1.6425781
JVASP-20612,52.56,58.75
JVASP-9365,0.12,14.984375
JVASP-5779,33.33,32.21875
JVASP-71048,0.0,4.203125
JVASP-25237,1.58,13.4296875
JVASP-71785,32.7,28.359375
JVASP-21530,54.03,56.0
JVASP-34235,49.49,50.34375
JVASP-68472,9.25,5.7382812
JVASP-54668,12.29,14.828125
JVASP-12083,9.8,13.21875
JVASP-15129,41.13,39.46875
JVASP-65777,15.28,17.4375
JVASP-15357,69.74,76.4375
JVASP-23330,160.94,152.75
JVASP-19916,17.58,17.828125
JVASP-90130,111.35,114.3125
JVASP-38272,11.66,14.015625
JVASP-120956,5.41,11.765625
JVASP-107723,75.3,70.0625
JVASP-16034,12.68,14.6484375
JVASP-18650,16.24,18.015625
JVASP-87220,7.93,7.9453125
JVASP-54719,8.9,11.2109375
JVASP-40833,-15.12,-17.453125
JVASP-10688,14.75,16.859375
JVASP-43580,38.87,48.03125
JVASP-117968,7.02,11.3125
JVASP-28970,3.08,4.1914062
JVASP-9994,89.54,87.5625
JVASP-38251,5.35,5.0390625
JVASP-118391,21.65,21.625
JVASP-111256,28.66,28.578125
JVASP-14383,44.99,43.5625
JVASP-36510,21.2,25.8125
JVASP-16755,41.28,43.875
JVASP-65528,34.9,36.5625
JVASP-111271,35.78,32.46875
JVASP-114089,5.44,9.390625
JVASP-9517,50.54,59.53125
JVASP-18862,33.47,31.546875
JVASP-11992,33.48,22.515625
JVASP-3822,46.03,45.6875
JVASP-114169,9.85,11.7890625
JVASP-90731,13.28,12.0
JVASP-10018,13.45,10.1875
JVASP-14203,13.29,15.03125
JVASP-68636,14.36,10.796875
JVASP-71464,28.19,34.09375
JVASP-67148,25.35,26.125
JVASP-115274,-1.98,-3.7050781
JVASP-9719,39.56,35.1875
JVASP-107044,90.39,84.3125
JVASP-37124,19.8,25.234375
JVASP-7636,36.82,39.625
JVASP-109166,28.37,31.09375
JVASP-43636,36.43,42.59375
JVASP-67935,19.09,19.484375
JVASP-115708,-22.42,16.515625
JVASP-18271,37.34,43.34375
JVASP-34226,10.01,13.890625
JVASP-8136,37.41,47.625
JVASP-7727,33.4,41.9375
JVASP-120206,5.55,4.0742188
JVASP-17808,0.0,20.71875
JVASP-118269,-1.03,-1.6083984
JVASP-36857,37.76,38.40625
JVASP-68782,-6.79,-8.7421875
JVASP-55732,28.44,27.625
JVASP-30118,51.16,56.09375
JVASP-16555,34.36,36.46875
JVASP-335,21.71,22.8125
JVASP-38033,24.79,27.1875
JVASP-67307,34.51,30.875
JVASP-4026,12.25,12.234375
JVASP-106629,30.03,31.546875
JVASP-8520,20.19,25.5
JVASP-4152,58.9,63.53125
JVASP-36156,29.31,30.75
JVASP-8633,46.89,59.8125
JVASP-16485,64.96,56.84375
JVASP-16715,48.62,48.375
JVASP-110382,9.92,10.09375
JVASP-25185,6.84,12.1875
JVASP-64566,-1.32,-1.2617188
JVASP-34674,46.13,42.40625
JVASP-18741,42.08,42.25
JVASP-3834,9.48,8.828125
JVASP-70662,-13.48,-11.4375
JVASP-18375,54.89,52.40625
JVASP-13351,41.81,43.125
JVASP-7939,23.61,28.71875
JVASP-101574,16.93,16.40625
JVASP-90882,47.05,49.9375
JVASP-22661,5.75,7.1210938
JVASP-38679,37.72,38.53125
JVASP-117688,-23.43,-1.3808594
JVASP-17303,21.71,27.765625
JVASP-8148,11.49,14.96875
JVASP-69363,-2.22,-3.75
JVASP-114322,4.25,1.4443359
JVASP-121255,0.63,-1.3261719
JVASP-18118,42.06,48.34375
JVASP-114824,-21.06,-12.828125
JVASP-102973,11.45,2.6875
JVASP-39168,30.3,34.875
JVASP-105945,5.23,3.4238281
JVASP-71922,55.8,58.78125
JVASP-41853,82.8,93.0625
JVASP-65709,34.81,31.3125
JVASP-25046,7.35,5.9921875
JVASP-7803,16.07,15.078125
JVASP-16055,23.03,32.4375
JVASP-120213,-7.45,7.2421875
JVASP-10036,126.31,125.6875
JVASP-17724,20.72,32.90625
JVASP-9380,15.49,18.15625
JVASP-118803,8.46,6.6796875
JVASP-65313,53.24,60.09375
JVASP-10250,7.49,10.9140625
JVASP-10662,19.05,21.375
JVASP-14765,49.6,46.28125
JVASP-22624,20.44,20.078125
JVASP-37440,36.9,35.5625
JVASP-91977,37.26,31.328125
JVASP-16410,17.21,22.828125
JVASP-8089,14.54,19.1875
JVASP-30472,28.99,29.203125
JVASP-111789,1.51,10.8515625
JVASP-40513,113.56,113.9375
JVASP-95169,13.96,12.6328125
JVASP-810,17.69,17.65625
JVASP-67549,0.0,3.2324219
JVASP-114630,15.6,12.1875
JVASP-36884,27.03,35.28125
JVASP-12525,6.24,9.0703125
JVASP-36723,2.49,13.9765625
JVASP-37277,33.96,39.09375
JVASP-48167,91.76,96.9375
JVASP-16708,93.47,94.875
JVASP-93307,51.55,54.6875
JVASP-36273,83.47,99.875
JVASP-39754,64.36,66.0625
JVASP-115561,-10.73,-15.1640625
JVASP-8024,29.26,29.6875
JVASP-20591,24.99,22.796875
JVASP-94789,-7.96,-2.3847656
JVASP-14727,94.66,88.375
JVASP-8703,424.49,404.25
JVASP-25322,4.5,12.2734375
JVASP-65087,0.0,12.4375
JVASP-15990,5.88,5.7226562
JVASP-71145,0.0,2.4550781
JVASP-12984,11.06,9.28125
JVASP-65585,34.97,29.703125
JVASP-8594,10.04,13.1484375
JVASP-93951,131.93,135.75
JVASP-47709,25.12,25.140625
JVASP-16773,3.7,9.3203125
JVASP-18702,87.42,101.3125
JVASP-91478,23.07,26.765625
JVASP-86521,12.49,10.078125
JVASP-93825,61.69,65.5
JVASP-25390,1.29,2.0683594
JVASP-323,34.62,37.5
JVASP-17983,14.26,17.71875
JVASP-9759,55.27,69.5625
JVASP-36814,65.61,64.625
JVASP-91450,11.21,15.671875
JVASP-2277,21.74,24.09375
JVASP-117493,27.6,36.3125
JVASP-4501,2.99,3.9414062
JVASP-17687,24.32,26.375
JVASP-10029,9.73,6.2578125
JVASP-21209,143.46,127.1875
JVASP-8157,56.82,59.96875
JVASP-36147,60.68,63.9375
JVASP-99802,4.61,5.1445312
JVASP-8265,62.53,67.875
JVASP-16320,139.33,139.875
JVASP-20170,142.67,134.5
JVASP-102282,11.07,14.140625
JVASP-3876,9.48,9.9921875
JVASP-20213,44.95,43.625
JVASP-33824,5.24,6.296875
JVASP-36143,80.02,59.09375
JVASP-7773,107.99,111.75
JVASP-4403,87.62,82.9375
JVASP-15844,82.28,75.0
JVASP-67905,66.67,68.125
JVASP-9680,68.54,57.53125
JVASP-91266,31.98,23.78125
JVASP-36756,37.49,36.46875
JVASP-28407,22.91,17.03125
JVASP-95638,45.08,41.90625
JVASP-21262,74.0,65.9375
JVASP-14706,15.24,11.015625
JVASP-120944,-7.37,-7.5742188
JVASP-29516,25.53,19.84375
JVASP-66605,-3.14,-8.6484375
JVASP-20598,85.02,62.9375
JVASP-36455,22.1,19.078125
JVASP-42890,29.42,25.03125
JVASP-3312,22.09,18.703125
JVASP-86173,-4.04,-4.9960938
JVASP-42120,24.4,23.59375
JVASP-34336,21.07,20.25
JVASP-105828,23.02,18.90625
JVASP-30562,15.29,48.28125
JVASP-16864,32.47,33.28125
JVASP-120060,-10.51,11.5
JVASP-1207,22.54,17.796875
JVASP-29627,9.25,8.5546875
JVASP-34340,51.49,41.09375
JVASP-92166,131.42,117.1875
JVASP-22967,54.03,45.21875
JVASP-1375,41.35,35.8125
JVASP-14722,71.46,63.78125
JVASP-105993,35.25,29.0625
JVASP-16870,67.69,62.4375
JVASP-8093,57.68,58.75
JVASP-20590,163.46,164.75
JVASP-38503,19.33,23.125
JVASP-25317,18.75,19.96875
JVASP-29465,20.66,17.09375
JVASP-114665,-3.07,-6.8125
JVASP-15988,73.31,72.25
JVASP-54761,23.7,24.265625
JVASP-69883,61.98,47.59375
JVASP-121269,-2.13,-0.39013672
JVASP-14399,83.51,71.8125
JVASP-19649,53.48,46.0
JVASP-101023,26.92,25.375
JVASP-15429,95.21,98.8125
JVASP-71054,116.38,105.5625
JVASP-39323,6.36,10.4609375
JVASP-79902,39.06,37.4375
JVASP-69929,74.74,78.3125
JVASP-54370,4.77,8.0390625
JVASP-1939,11.11,10.65625
JVASP-17644,73.01,70.25
JVASP-94378,19.43,29.90625
JVASP-8128,22.58,17.8125
JVASP-15171,42.92,41.8125
JVASP-43034,77.77,64.9375
JVASP-17564,56.83,47.0625
JVASP-25072,12.81,18.0625
JVASP-103256,20.15,15.8359375
JVASP-2502,28.87,24.28125
JVASP-41498,41.84,38.40625
JVASP-19702,13.02,15.9921875
JVASP-31163,29.26,27.171875
JVASP-16653,19.72,19.734375
JVASP-8804,1.73,1.3486328
JVASP-19838,58.76,57.1875
JVASP-71653,36.89,40.375
JVASP-42122,67.11,55.0625
JVASP-120368,21.53,14.4765625
JVASP-119937,-1.15,0.8911133
JVASP-74581,1.2,-4.0273438
JVASP-94857,12.09,9.1796875
JVASP-110540,114.73,98.5625
JVASP-35956,22.91,24.546875
JVASP-119979,-0.73,1.7314453
JVASP-4304,8.37,3.5292969
JVASP-18611,33.18,28.46875
JVASP-15432,83.21,76.9375
JVASP-10573,56.03,52.9375
JVASP-8451,47.5,48.125
JVASP-14666,92.28,70.6875
JVASP-95278,30.21,31.90625
JVASP-29325,14.51,16.765625
JVASP-19944,78.18,74.8125
JVASP-118753,9.64,11.3671875
JVASP-105981,31.75,31.59375
JVASP-74069,16.41,16.3125
JVASP-49763,41.39,35.65625
JVASP-34492,21.07,18.484375
JVASP-55019,6.8,2.8046875
JVASP-69967,86.25,73.75
JVASP-117506,15.95,9.46875
JVASP-16229,39.79,37.09375
JVASP-100518,19.63,21.015625
JVASP-118540,24.24,20.4375
JVASP-15133,96.99,80.5625
JVASP-85684,12.15,11.8984375
JVASP-15347,58.51,56.75
JVASP-67270,70.77,62.21875
JVASP-3735,23.89,20.203125
JVASP-17872,69.88,75.0625
JVASP-33819,5.89,3.8242188
JVASP-1297,15.76,18.59375
JVASP-14684,3.16,3.1894531
JVASP-14661,30.72,32.78125
JVASP-40508,9.57,5.8710938
JVASP-85438,6.05,5.8398438
JVASP-8570,17.63,19.046875
JVASP-74164,74.06,59.375
JVASP-86948,8.61,11.828125
JVASP-11280,36.95,29.265625
JVASP-9902,48.84,40.875
JVASP-9155,169.78,150.75
JVASP-19824,60.02,54.6875
JVASP-105986,78.62,73.6875
JVASP-19613,85.94,81.25
JVASP-4675,159.34,129.125
JVASP-58905,10.05,9.703125
JVASP-19832,48.97,44.8125
JVASP-36033,45.88,42.25
JVASP-20110,90.06,99.0
JVASP-8053,124.68,137.625
JVASP-16477,15.86,14.625
JVASP-14942,53.1,54.5625
JVASP-115328,5.31,11.6796875
JVASP-67686,0.0,11.9765625
JVASP-9574,21.71,22.15625
JVASP-8545,-6.78,-10.890625
JVASP-39508,9.66,7.4335938
JVASP-35894,92.76,112.0625
JVASP-43807,24.97,28.515625
JVASP-17859,-8.74,5.6601562
JVASP-67456,54.9,59.4375
JVASP-68260,74.81,79.0625
JVASP-38215,6.49,4.4179688
JVASP-38174,2.21,5.3554688
JVASP-48311,15.72,16.71875
JVASP-39768,52.5,52.125
JVASP-61311,76.65,78.625
JVASP-9086,22.25,21.359375
JVASP-10925,27.58,24.609375
JVASP-17820,82.13,78.6875
JVASP-19681,113.63,129.5
JVASP-14196,21.13,21.75
JVASP-70258,71.82,69.9375
JVASP-9404,32.2,31.65625
JVASP-54737,49.19,45.71875
JVASP-17650,21.04,18.296875
JVASP-15704,50.79,53.96875
JVASP-101470,13.72,15.640625
JVASP-50953,6.21,2.4609375
JVASP-66437,-2.8,-5.46875
JVASP-9359,14.67,13.28125
JVASP-120389,31.19,34.0625
JVASP-28951,25.85,20.5625
JVASP-14902,27.22,26.765625
JVASP-26,30.49,33.59375
JVASP-28475,0.0,8.4296875
JVASP-103684,47.37,52.28125
JVASP-18381,43.78,38.0
JVASP-10254,60.57,66.375
JVASP-4023,17.25,13.2578125
JVASP-16056,71.17,73.1875
JVASP-105887,37.53,31.125
JVASP-40827,22.94,25.75
JVASP-28851,5.47,13.8125
JVASP-118844,44.45,50.40625
JVASP-24626,12.17,8.78125
JVASP-70332,-22.12,-14.171875
JVASP-38369,56.37,62.03125
JVASP-115525,9.85,6.7578125
JVASP-15206,86.53,88.8125
JVASP-65137,27.46,20.21875
JVASP-41467,49.26,42.65625
JVASP-70115,58.36,58.53125
JVASP-119933,1.14,-5.6953125
JVASP-68292,34.39,35.71875
JVASP-54735,25.05,22.546875
JVASP-120185,-0.92,-0.5522461
JVASP-11744,49.01,52.15625
JVASP-13836,22.12,23.703125
JVASP-56047,12.71,7.5507812
JVASP-9679,74.92,78.0
JVASP-15321,45.44,41.78125
JVASP-67611,-14.28,-15.078125
JVASP-117852,-0.21,0.16320801
JVASP-29283,58.76,58.0625
JVASP-106033,23.02,32.4375
JVASP-49990,42.94,34.84375
JVASP-11321,14.39,13.2734375
JVASP-99103,18.13,22.671875
JVASP-117775,11.54,8.1953125
JVASP-18991,29.96,30.375
JVASP-12976,12.3,10.7578125
JVASP-8066,22.56,29.171875
JVASP-14807,52.04,54.59375
JVASP-108866,51.32,47.8125
JVASP-110341,9.44,6.9960938
JVASP-10321,35.06,32.71875
JVASP-118636,14.43,15.8046875
JVASP-92581,58.52,66.4375
JVASP-10740,32.57,30.828125
JVASP-36224,-17.62,-15.78125
JVASP-106313,33.27,30.328125
JVASP-8154,9.79,6.28125
JVASP-118728,17.71,14.5
JVASP-35834,45.55,47.96875
JVASP-38460,-17.68,14.0703125
JVASP-115567,4.39,0.13500977
JVASP-104761,151.35,168.5
JVASP-7687,23.36,25.046875
JVASP-120099,2.95,1.5058594
JVASP-92215,43.01,37.625
JVASP-110512,8.22,8.78125
JVASP-7863,33.06,33.96875
JVASP-105883,40.02,47.25
JVASP-101075,25.6,25.90625
JVASP-113693,139.3,144.875
JVASP-18199,50.07,40.59375
JVASP-67791,46.5,60.0
JVASP-22458,8.29,7.859375
JVASP-15563,92.2,91.625
JVASP-36980,10.4,11.0078125
JVASP-16430,41.47,43.5
JVASP-11194,12.6,11.9453125
JVASP-22689,22.8,23.875
JVASP-71476,63.35,75.4375
JVASP-114806,6.09,5.5039062
JVASP-15017,36.78,37.3125
JVASP-67962,43.27,44.34375
JVASP-62006,85.25,80.8125
JVASP-17293,19.8,19.390625
JVASP-314,60.35,78.4375
JVASP-7907,65.73,71.0625
JVASP-99580,29.39,28.59375
JVASP-11671,11.25,20.21875
JVASP-105685,10.88,7.7929688
JVASP-65190,13.95,17.015625
JVASP-15295,44.15,44.84375
JVASP-118912,27.09,26.765625
JVASP-16293,29.28,24.84375
JVASP-102083,25.52,24.8125
JVASP-36168,-16.82,-17.859375
JVASP-9448,30.9,29.875
JVASP-52326,32.39,26.984375
JVASP-70510,24.22,26.5
JVASP-39828,81.9,85.875
JVASP-15752,5.53,2.5039062
JVASP-102875,9.4,8.96875
JVASP-2316,52.54,57.09375
JVASP-22546,89.82,86.125
JVASP-38207,2.69,5.1953125
JVASP-52342,6.42,21.734375
JVASP-86795,35.27,31.640625
JVASP-35365,88.19,78.3125
JVASP-40282,11.62,8.984375
JVASP-67381,107.79,100.0625
JVASP-1192,15.5,16.46875
JVASP-23328,65.16,58.625
JVASP-15978,26.39,24.765625
JVASP-105921,67.09,56.21875
JVASP-18503,70.07,57.09375
JVASP-113511,98.55,80.9375
JVASP-16581,97.69,90.6875
JVASP-67910,8.43,10.8828125
JVASP-47722,63.59,64.875
JVASP-105984,44.08,51.21875
JVASP-54667,12.29,14.4140625
JVASP-15913,29.86,31.5
JVASP-65109,9.75,6.2578125
JVASP-22543,17.87,12.921875
JVASP-40783,23.46,16.5
JVASP-28502,38.19,34.0
JVASP-78705,1.04,1.2197266
JVASP-35728,47.31,41.15625
JVASP-16418,35.66,35.09375
JVASP-91813,64.92,53.6875
JVASP-40277,22.4,19.71875
JVASP-120303,87.05,85.5
JVASP-18246,30.16,24.984375
JVASP-67251,15.73,3.0
JVASP-34772,19.22,15.953125
JVASP-102805,171.61,164.25
JVASP-74072,27.28,26.109375
JVASP-28847,4.51,2.1855469
JVASP-92755,91.78,94.6875
JVASP-93823,52.61,51.0
JVASP-118599,78.92,69.5625
JVASP-19705,94.64,93.1875
JVASP-93779,52.63,50.53125
JVASP-35152,143.02,116.75
JVASP-12891,13.87,5.59375
JVASP-117980,10.09,11.1796875
JVASP-114608,12.03,8.078125
JVASP-15412,32.9,25.046875
JVASP-22945,37.51,37.40625
JVASP-15216,79.37,71.5
JVASP-8760,10.09,6.2109375
JVASP-71399,11.79,11.265625
JVASP-53032,134.53,141.75
JVASP-18826,74.96,49.65625
JVASP-50993,25.47,22.0625
JVASP-71831,60.84,34.46875
JVASP-11749,56.89,39.5
JVASP-118513,-21.81,-12.8203125
JVASP-74693,8.89,13.9921875
JVASP-8289,28.77,30.28125
JVASP-11076,83.7,80.5
JVASP-37547,33.41,29.734375
JVASP-116078,9.11,2.890625
JVASP-5302,55.17,56.4375
JVASP-10718,11.16,10.78125
JVASP-22518,8.89,5.5703125
JVASP-121163,8.97,11.5390625
JVASP-38088,20.88,19.09375
JVASP-85718,11.87,9.078125
JVASP-41642,61.1,57.21875
JVASP-8334,50.56,58.5625
JVASP-15615,67.02,72.625
JVASP-21887,180.89,186.875
JVASP-25212,7.14,3.4492188
JVASP-116961,11.7,12.7578125
JVASP-15898,204.17,205.125
JVASP-67665,-1.21,-3.8476562
JVASP-19845,46.16,47.875
JVASP-115435,4.79,6.3828125
JVASP-38932,55.32,43.5625
JVASP-111378,4.03,10.78125
JVASP-36112,29.17,30.96875
JVASP-116358,24.15,17.65625
JVASP-64994,59.48,53.96875
JVASP-38335,16.46,15.1796875
JVASP-91476,14.45,12.640625
JVASP-11672,52.25,55.15625
JVASP-118287,55.27,56.4375
JVASP-101885,24.76,23.53125
JVASP-42024,28.87,32.1875
JVASP-54433,12.18,12.265625
JVASP-61798,21.69,8.28125
JVASP-33797,3.23,4.2695312
JVASP-106961,12.86,9.53125
JVASP-9177,52.61,41.125
JVASP-8320,46.47,40.8125
JVASP-66546,-24.96,-11.515625
JVASP-98965,25.61,24.21875
JVASP-20556,71.82,62.1875
JVASP-35453,118.7,124.0
JVASP-29526,0.0,19.1875
JVASP-14829,123.92,140.0
JVASP-22517,25.58,23.21875
JVASP-13967,20.44,14.609375
JVASP-66182,-5.86,-5.1992188
JVASP-9806,42.98,39.625
JVASP-29192,3.65,10.0546875
JVASP-67852,22.88,22.21875
JVASP-110334,21.02,14.9375
JVASP-30566,45.07,49.0625
JVASP-9116,0.35,6.03125
JVASP-71977,28.35,20.78125
JVASP-68214,35.92,38.21875
JVASP-29414,41.05,42.59375
JVASP-37513,24.04,22.171875
JVASP-71992,43.54,46.5
JVASP-40549,48.9,41.0
JVASP-115466,7.19,8.3671875
JVASP-18784,50.91,51.5
JVASP-93336,99.07,88.0625
JVASP-19107,32.12,32.40625
JVASP-16580,91.02,82.0625
JVASP-93287,18.37,14.0859375
JVASP-42256,40.99,41.65625
JVASP-103715,23.16,19.5625
JVASP-34251,104.34,98.6875
JVASP-11813,38.87,41.40625
JVASP-69568,58.13,59.0625
JVASP-121226,0.11,-0.46289062
JVASP-1903,58.8,63.71875
JVASP-8026,72.94,60.5625
JVASP-11949,42.96,43.90625
JVASP-20310,74.63,68.8125
JVASP-23757,104.46,116.8125
JVASP-117802,14.86,11.6484375
JVASP-8590,9.42,10.453125
JVASP-120149,28.45,26.609375
JVASP-52116,79.88,85.875
JVASP-37611,25.19,20.8125
JVASP-35721,2.2,8.6640625
JVASP-33344,3.22,3.421875
JVASP-69521,88.65,89.375
JVASP-123000,39.94,37.96875
JVASP-8285,31.42,30.578125
JVASP-17473,91.48,89.375
JVASP-65679,11.5,12.1640625
JVASP-8445,27.51,28.46875
JVASP-16714,27.35,24.65625
JVASP-116229,-0.59,16.71875
JVASP-15208,81.68,80.4375
JVASP-74144,55.01,48.09375
JVASP-78562,20.14,18.90625
JVASP-21780,69.51,65.1875
JVASP-12074,39.97,30.828125
JVASP-8124,27.61,28.4375
JVASP-18528,9.56,9.484375
JVASP-117983,20.59,20.0
JVASP-41262,123.74,109.6875
JVASP-18635,40.36,35.65625
JVASP-120280,18.03,13.484375
JVASP-28797,36.59,34.34375
JVASP-108892,7.87,7.65625
JVASP-71809,70.77,79.125
JVASP-5458,17.96,21.4375
JVASP-28387,32.75,32.21875
JVASP-114385,-0.45,5.8007812
JVASP-18250,50.89,49.96875
JVASP-69205,31.55,34.625
JVASP-52496,21.2,17.953125
JVASP-121061,29.32,41.09375
JVASP-100399,15.23,13.890625
JVASP-51906,9.1,14.4609375
JVASP-67583,12.43,8.53125
JVASP-85671,31.07,31.984375
JVASP-67864,13.69,10.859375
JVASP-100560,0.14,40.34375
JVASP-65090,0.76,1.1445312
JVASP-11292,62.08,60.03125
JVASP-2694,48.15,44.46875
JVASP-56468,18.36,15.7109375
JVASP-114634,1.86,1.8320312
JVASP-5596,8.01,9.484375
JVASP-15322,87.1,87.875
JVASP-103406,38.57,38.4375
JVASP-20962,134.22,126.6875
JVASP-12316,1.37,-2.5996094
JVASP-62848,35.47,42.6875
JVASP-17407,48.81,39.46875
JVASP-100536,14.37,91.5625
JVASP-16584,89.12,105.375
JVASP-35120,60.44,56.0625
JVASP-17928,44.35,51.09375
JVASP-64406,-9.28,0.09637451
JVASP-120295,15.13,18.59375
JVASP-106686,16.56,17.5
JVASP-39972,55.68,63.15625
JVASP-64715,-0.86,2.0546875
JVASP-36183,24.45,21.734375
JVASP-100445,40.78,40.625
JVASP-64225,1.44,2.2636719
JVASP-16111,40.76,43.34375
JVASP-18634,40.4,36.96875
JVASP-15792,34.55,35.0625
JVASP-15346,53.25,50.90625
JVASP-118334,31.7,41.125
JVASP-18260,57.63,50.8125
JVASP-90814,20.91,19.390625
JVASP-237,57.85,55.875
JVASP-120352,-15.94,-14.1640625
JVASP-46777,39.45,39.875
JVASP-7667,40.44,36.78125
JVASP-21564,90.72,78.9375
JVASP-116352,17.17,19.734375
JVASP-53075,34.37,31.71875
JVASP-25324,15.08,14.2109375
JVASP-28355,11.01,10.1640625
JVASP-90193,53.89,57.4375
JVASP-37662,25.16,25.390625
JVASP-8071,29.73,31.890625
JVASP-64914,-4.36,-5.0898438
JVASP-36996,22.47,22.203125
JVASP-12368,20.52,25.03125
JVASP-36424,41.06,39.75
JVASP-20955,106.21,113.875
JVASP-8430,-6.7,-12.1328125
JVASP-71004,22.39,16.28125
JVASP-949,8.05,11.765625
JVASP-110500,9.93,10.765625
JVASP-40240,33.56,35.28125
JVASP-70806,0.07,21.84375
JVASP-7644,26.54,25.8125
JVASP-10792,35.65,33.875
JVASP-29057,5.25,8.0546875
JVASP-21844,76.93,84.0
JVASP-17529,47.53,45.4375
JVASP-2679,21.65,23.421875
JVASP-8505,66.06,69.625
JVASP-8595,8.02,11.546875
JVASP-44354,41.75,46.3125
JVASP-2044,22.32,20.03125
JVASP-9411,76.75,80.0
JVASP-99804,-0.81,7.25
JVASP-74754,26.27,31.6875
JVASP-100244,34.7,4.6953125
JVASP-42464,102.75,119.25
JVASP-78795,17.85,32.875
JVASP-114439,5.52,5.453125
JVASP-64664,0.36,1.1738281
JVASP-25615,69.07,66.75
JVASP-30457,-3.29,33.84375
JVASP-26324,47.36,47.6875
JVASP-40584,36.88,30.03125
JVASP-1588,29.12,29.0
JVASP-68987,0.0,6.0195312
JVASP-85217,13.73,15.078125
JVASP-8548,41.2,36.59375
JVASP-118308,31.41,46.625
JVASP-27170,12.39,9.5546875
JVASP-9729,55.48,51.90625
JVASP-50193,48.38,40.4375
JVASP-114432,29.39,27.84375
JVASP-14396,10.52,7.5
JVASP-74316,11.55,7.2890625
JVASP-92695,49.13,47.53125
JVASP-60808,224.53,216.75
JVASP-37071,33.92,31.421875
JVASP-68474,66.18,57.03125
JVASP-11311,42.22,41.28125
JVASP-51434,41.43,32.5625
JVASP-15359,39.56,34.5625
JVASP-14549,16.44,15.3125
JVASP-74056,0.0,56.0
JVASP-94294,62.88,63.71875
JVASP-20081,61.52,49.15625
JVASP-15696,40.69,36.21875
JVASP-120232,10.74,3.2148438
JVASP-12133,31.76,28.921875
JVASP-117789,5.05,6.6679688
JVASP-40020,8.86,8.953125
JVASP-73869,0.0,16.015625
JVASP-17772,67.95,67.9375
JVASP-16718,84.25,83.875
JVASP-105192,13.72,22.015625
JVASP-99870,41.39,40.59375
JVASP-103404,0.0,13.515625
JVASP-68552,1.64,0.98876953
JVASP-75555,2.01,-0.11077881
JVASP-16450,38.24,39.25
JVASP-10848,42.55,38.53125
JVASP-8125,21.89,21.953125
JVASP-9108,95.72,94.875
JVASP-86757,8.99,7.2304688
JVASP-41065,52.34,50.875
JVASP-118587,30.42,27.96875
JVASP-21495,56.39,56.15625
JVASP-71033,-12.57,-15.3671875
JVASP-9223,24.46,21.75
JVASP-14004,33.79,30.578125
JVASP-107017,23.34,23.796875
JVASP-64718,0.26,-0.28759766
JVASP-12919,25.39,23.109375
JVASP-11274,13.6,21.234375
JVASP-102213,43.76,45.375
JVASP-71781,4.41,5.9921875
JVASP-120826,-1.07,-8.59375
JVASP-16860,22.46,24.140625
JVASP-17840,55.95,53.53125
JVASP-12126,31.89,29.546875
JVASP-9181,8.87,5.1367188
JVASP-106149,11.06,11.546875
JVASP-41,44.05,46.84375
JVASP-51400,15.57,12.0625
JVASP-37016,-16.26,3.96875
JVASP-78684,8.98,4.0351562
JVASP-118010,16.5,12.5625
JVASP-114813,2.76,3.8105469
JVASP-100026,72.8,80.25
JVASP-67116,36.2,39.5625
JVASP-1050,24.88,21.84375
JVASP-26316,38.94,46.375
JVASP-57579,16.62,27.125
JVASP-16065,27.99,25.34375
JVASP-35129,39.62,34.46875
JVASP-35029,39.88,41.71875
JVASP-3459,16.15,10.453125
JVASP-71585,9.86,6.75
JVASP-11017,54.62,59.5
JVASP-15601,58.32,56.78125
JVASP-9766,55.91,50.6875
JVASP-21060,41.23,37.9375
JVASP-54740,27.9,24.90625
JVASP-100261,27.88,26.390625
JVASP-8683,49.81,47.53125
JVASP-110458,23.32,22.3125
JVASP-16907,211.34,206.125
JVASP-93274,43.32,41.84375
JVASP-12703,88.83,80.125
JVASP-50613,8.66,9.6171875
JVASP-17818,22.1,22.078125
JVASP-64689,2.42,2.0761719
JVASP-7683,64.43,65.4375
JVASP-8551,52.36,47.84375
JVASP-9447,12.45,12.2578125
JVASP-102933,96.16,97.1875
JVASP-69715,11.48,21.921875
JVASP-25320,-15.52,-14.0
JVASP-90779,36.01,26.25
JVASP-57264,27.09,24.671875
JVASP-12501,19.93,19.265625
JVASP-18595,39.38,40.03125
JVASP-12483,14.28,9.5546875
JVASP-12935,14.91,16.546875
JVASP-35176,109.12,111.5
JVASP-28956,2.23,-0.6035156
JVASP-9131,23.96,20.15625
JVASP-100999,26.31,25.53125
JVASP-15902,0.0,-2.2617188
JVASP-21825,67.13,76.4375
JVASP-106058,14.21,11.359375
JVASP-37062,17.54,25.640625
JVASP-66121,-0.84,-0.8574219
JVASP-100195,3.75,4.8984375
JVASP-79391,52.72,50.53125
JVASP-89906,33.55,28.3125
JVASP-22636,8.93,7.9648438
JVASP-28367,20.01,16.609375
JVASP-38239,1.42,0.55029297
JVASP-109562,15.61,15.9609375
JVASP-62778,177.71,174.875
JVASP-15969,153.38,135.875
JVASP-26392,43.59,41.53125
JVASP-102990,45.45,47.125
JVASP-28512,17.99,9.65625
JVASP-100396,19.91,23.515625
JVASP-122954,22.12,19.796875
JVASP-12739,46.51,40.21875
JVASP-118539,43.79,40.5
JVASP-3231,31.03,28.5
JVASP-37044,23.84,31.3125
JVASP-29613,11.1,8.7578125
JVASP-18443,79.39,85.0
JVASP-116601,51.7,47.90625
JVASP-68029,43.96,43.625
JVASP-41602,30.97,41.90625
JVASP-29643,15.05,15.6640625
JVASP-90347,24.04,28.96875
JVASP-65801,13.79,16.234375
JVASP-109982,21.47,22.453125
JVASP-87313,14.17,17.984375
JVASP-12334,22.9,19.625
JVASP-8047,26.79,32.1875
JVASP-68065,0.0,-0.5361328
JVASP-120089,0.85,2.7792969
JVASP-41886,48.42,48.125
JVASP-10693,31.4,30.953125
JVASP-11287,11.19,9.140625
JVASP-69308,14.51,13.265625
JVASP-20372,23.64,26.15625
JVASP-36503,14.88,15.3515625
JVASP-71959,26.29,24.6875
JVASP-14664,192.57,173.625
JVASP-16256,25.13,37.65625
JVASP-19797,60.5,59.21875
JVASP-29443,32.93,32.5625
JVASP-116253,23.61,19.9375
JVASP-86695,9.13,6.6210938
JVASP-68210,72.36,72.5625
JVASP-15309,103.69,110.3125
JVASP-8279,73.31,80.5
JVASP-28572,21.66,13.484375
JVASP-75760,1.79,1.3623047
JVASP-65419,21.24,26.265625
JVASP-40283,19.86,17.578125
JVASP-39947,90.18,97.4375
JVASP-68411,20.83,19.859375
JVASP-86435,71.04,73.1875
JVASP-18133,115.18,105.125
JVASP-99576,-9.17,4.1367188
JVASP-110381,5.72,5.7539062
JVASP-5710,11.93,9.609375
JVASP-29744,37.29,40.3125
JVASP-70376,80.13,60.71875
JVASP-42084,65.76,58.40625
JVASP-68273,51.66,73.75
JVASP-99027,7.85,8.7734375
JVASP-35223,26.86,24.359375
JVASP-75870,0.32,2.4492188
JVASP-8359,54.31,61.75
JVASP-70459,57.51,67.25
JVASP-30163,25.96,29.015625
JVASP-78513,54.03,51.03125
JVASP-8671,14.67,14.015625
JVASP-51167,11.46,8.609375
JVASP-91776,1.93,4.6484375
JVASP-114881,30.44,26.90625
JVASP-21879,24.71,26.609375
JVASP-17595,11.2,16.046875
JVASP-28353,27.11,28.90625
JVASP-7918,37.17,40.625
JVASP-121075,52.3,70.8125
JVASP-101411,24.66,24.078125
JVASP-93832,12.09,18.078125
JVASP-8471,61.21,65.375
JVASP-100275,-8.61,15.3125
JVASP-15851,100.09,96.5625
JVASP-107342,59.55,60.125
JVASP-9527,18.99,16.40625
JVASP-18170,30.98,28.421875
JVASP-36396,20.56,24.171875
JVASP-115742,-4.47,-4.640625
JVASP-103736,45.8,52.0625
JVASP-17718,-6.89,-8.546875
JVASP-20224,93.18,80.125
JVASP-8587,20.33,17.265625
JVASP-91809,22.03,23.921875
JVASP-3621,28.7,30.125
JVASP-36487,19.98,19.109375
JVASP-95049,41.46,52.875
JVASP-7899,151.44,153.125
JVASP-66606,-5.02,-4.9140625
JVASP-65454,20.86,21.140625
JVASP-90125,84.38,83.5625
JVASP-99643,53.86,59.65625
JVASP-18130,26.37,31.671875
JVASP-88076,36.16,35.09375
JVASP-102066,9.92,11.09375
JVASP-41903,53.7,51.9375
JVASP-93419,52.09,50.84375
JVASP-55132,103.6,108.25
JVASP-17624,62.27,58.34375
JVASP-10703,11.5,14.234375
JVASP-28676,30.66,29.8125
JVASP-14522,7.68,12.828125
JVASP-14699,22.15,21.625
JVASP-75600,26.2,29.390625
JVASP-17542,19.05,19.875
JVASP-14640,38.56,39.53125
JVASP-99938,17.06,16.78125
JVASP-113566,50.13,53.65625
JVASP-9874,45.7,49.25
JVASP-118237,3.81,8.3359375
JVASP-28366,18.43,17.515625
JVASP-19794,56.77,52.40625
JVASP-38220,23.32,26.140625
JVASP-9995,38.87,42.0
JVASP-64970,75.92,59.625
JVASP-17831,45.66,48.5625
JVASP-35776,27.02,35.90625
JVASP-35988,13.28,8.765625
JVASP-106479,11.85,8.1953125
JVASP-115131,0.86,2.2558594
JVASP-91448,41.33,37.40625
JVASP-2889,15.61,13.7421875
JVASP-8575,126.0,136.125
JVASP-8365,61.36,60.46875
JVASP-19930,50.24,46.53125
JVASP-69918,57.01,52.625
JVASP-115317,42.65,34.4375
JVASP-2856,14.79,16.0625
JVASP-3957,7.58,10.8125
JVASP-37000,12.33,14.8125
JVASP-54695,116.84,110.9375
JVASP-981,170.74,146.5
JVASP-15625,20.04,21.296875
JVASP-29761,8.74,14.9140625
JVASP-24465,25.5,29.0
JVASP-105684,8.02,5.140625
JVASP-66751,33.03,30.03125
JVASP-59620,39.75,46.8125
JVASP-17263,30.64,28.53125
JVASP-114609,3.55,7.8046875
JVASP-16657,48.03,57.5
JVASP-8209,46.86,44.25
JVASP-8678,33.1,36.25
JVASP-67312,16.99,17.6875
JVASP-26796,28.68,32.09375
JVASP-15912,73.4,65.4375
JVASP-35769,22.62,22.0
JVASP-75494,-13.3,-13.234375
JVASP-70772,89.37,89.0
JVASP-19708,65.08,53.75
JVASP-117778,1.11,4.1523438
JVASP-54443,27.11,24.546875
JVASP-35205,79.63,79.3125
JVASP-102178,7.87,3.90625
JVASP-79639,45.65,44.28125
JVASP-99008,29.84,27.6875
JVASP-53100,29.13,26.34375
JVASP-54765,57.81,60.65625
JVASP-105952,76.39,64.25
JVASP-118023,8.19,8.53125
JVASP-36163,23.5,22.359375
JVASP-41385,95.26,94.9375
JVASP-64300,-5.14,-3.8808594
JVASP-8335,18.07,18.03125
JVASP-28983,2.67,6.3984375
JVASP-10169,36.69,29.265625
JVASP-94420,139.3,99.875
JVASP-18153,50.08,49.3125
JVASP-66099,-19.58,-20.5
JVASP-14915,17.58,15.328125
JVASP-35725,48.26,49.46875
JVASP-14519,50.83,45.375
JVASP-69036,6.6,11.859375
JVASP-118277,5.45,1.5029297
JVASP-106304,0.0,3.5136719
JVASP-9232,78.54,71.5625
JVASP-20505,80.16,75.8125
JVASP-14996,70.24,61.0
JVASP-41744,17.02,21.390625
JVASP-56747,19.35,24.046875
JVASP-36214,100.25,113.9375
JVASP-74092,64.34,55.65625
JVASP-14936,34.04,34.65625
JVASP-118581,3.83,7.2617188
JVASP-91736,1.14,4.9570312
JVASP-18131,29.36,25.796875
JVASP-19749,0.64,8.484375
JVASP-54680,19.17,17.21875
JVASP-90847,32.97,33.09375
JVASP-17977,87.78,77.4375
JVASP-8780,20.33,17.21875
JVASP-20485,24.91,24.015625
JVASP-50378,8.66,5.4453125
JVASP-36027,274.96,228.125
JVASP-72005,110.19,107.1875
JVASP-107186,32.73,33.125
JVASP-52774,22.94,21.5
JVASP-18940,32.47,33.09375
JVASP-12590,30.05,30.40625
JVASP-12566,11.2,8.9609375
JVASP-69355,19.96,20.5625
JVASP-75006,2.87,1.0058594
JVASP-35275,53.46,50.8125
JVASP-42894,53.3,51.3125
JVASP-4222,21.76,22.46875
JVASP-90889,15.89,17.484375
JVASP-895,11.71,5.7070312
JVASP-21829,36.98,38.46875
JVASP-50034,38.28,38.15625
JVASP-20264,22.64,26.765625
JVASP-117745,15.63,10.84375
JVASP-38627,34.24,27.34375
JVASP-25134,17.04,14.875
JVASP-54708,16.03,19.109375
JVASP-119966,7.87,6.2148438
JVASP-32309,6.77,3.4902344
JVASP-39547,86.71,71.375
JVASP-22601,9.46,5.140625
JVASP-101768,48.41,32.1875
JVASP-10137,35.11,30.140625
JVASP-8291,61.53,57.84375
JVASP-29194,19.11,11.5625
JVASP-116391,-5.2,-3.125
JVASP-68317,69.38,64.375
JVASP-54760,17.65,17.359375
JVASP-9100,13.77,12.078125
JVASP-3996,8.24,6.6640625
JVASP-5656,5.86,0.51708984
JVASP-71957,97.96,87.8125
JVASP-109338,7.64,6.1640625
JVASP-41290,94.44,75.5625
JVASP-16367,33.29,35.78125
JVASP-11046,50.4,41.625
JVASP-16283,19.59,23.859375
JVASP-17393,100.13,92.3125
JVASP-79527,21.53,17.4375
JVASP-37010,111.46,102.125
JVASP-35749,88.26,83.625
JVASP-36926,8.54,4.296875
JVASP-96885,69.54,61.65625
JVASP-837,14.35,21.4375
JVASP-7958,36.9,40.71875
JVASP-10205,32.75,35.5
JVASP-99671,72.75,68.375
JVASP-20472,101.68,95.5
JVASP-28460,29.11,23.90625
JVASP-9613,20.93,22.046875
JVASP-108052,34.9,33.125
JVASP-118949,19.35,20.0625
JVASP-12049,25.46,26.921875
JVASP-114020,6.45,8.3359375
JVASP-36936,18.75,20.28125
JVASP-105969,56.7,52.03125
JVASP-61119,48.75,44.125
JVASP-99885,26.15,29.125
JVASP-39066,49.44,46.25
JVASP-17431,20.79,21.53125
JVASP-90860,2.94,-2.2832031
JVASP-91370,44.59,43.78125
JVASP-22148,107.83,98.875
JVASP-65620,9.32,9.328125
JVASP-1723,27.46,25.53125
JVASP-115032,6.53,5.4492188
JVASP-54751,20.74,23.3125
JVASP-10793,164.52,145.0
JVASP-103322,30.97,34.3125
JVASP-118107,20.23,12.1484375
JVASP-11153,30.04,28.9375
JVASP-35005,113.23,84.4375
JVASP-8578,11.7,12.7734375
JVASP-17302,32.42,33.625
JVASP-61096,79.17,89.375
JVASP-38821,72.04,69.875
JVASP-29829,44.91,44.03125
JVASP-120315,-5.93,-7.3085938
JVASP-50117,20.71,19.796875
JVASP-922,90.16,94.8125
JVASP-16423,-6.04,-0.80908203
JVASP-106042,27.31,20.796875
JVASP-1720,27.12,28.359375
JVASP-20202,7.86,10.234375
JVASP-29151,1.13,1.0966797
JVASP-22734,118.48,142.125
JVASP-14669,42.6,40.71875
JVASP-16071,43.51,41.15625
JVASP-75893,11.76,21.609375
JVASP-117962,22.93,28.171875
JVASP-116030,14.41,16.171875
JVASP-36581,31.63,33.125
JVASP-107055,44.89,40.6875
JVASP-117455,1.35,5.9882812
JVASP-13030,8.57,4.84375
JVASP-20445,32.84,36.8125
JVASP-18794,17.74,18.578125
JVASP-4687,40.08,40.34375
JVASP-67758,0.0,-2.8339844
JVASP-67892,55.5,50.625
JVASP-74549,18.49,12.6875
JVASP-94994,24.33,26.28125
JVASP-14764,47.19,50.875
JVASP-87074,9.62,8.21875
JVASP-29119,2.83,1.1699219
JVASP-14093,20.88,20.03125
JVASP-20529,89.99,85.375
JVASP-12193,13.71,15.5078125
JVASP-118492,5.99,11.0703125
JVASP-42128,52.72,49.96875
JVASP-2026,9.28,12.640625
JVASP-17384,41.18,39.8125
JVASP-16875,45.28,45.53125
JVASP-20141,47.84,48.4375
JVASP-106047,6.61,6.2539062
JVASP-8511,148.92,159.625
JVASP-86422,80.76,75.75
JVASP-38193,2.05,4.8984375
JVASP-116574,48.67,45.53125
JVASP-28750,4.14,16.21875
JVASP-4891,8.67,8.2265625
JVASP-37361,20.41,19.921875
JVASP-70965,0.0,-1.6582031
JVASP-41590,85.26,78.625
JVASP-16279,8.78,8.4609375
JVASP-15238,59.43,68.875
JVASP-14844,18.1,18.390625
JVASP-29483,40.48,43.15625
JVASP-65755,13.2,13.9609375
JVASP-10144,62.39,52.21875
JVASP-2160,112.49,128.0
JVASP-25382,2.66,2.1914062
JVASP-92533,39.3,34.84375
JVASP-10085,22.38,22.5
JVASP-35070,46.95,49.71875
JVASP-8034,13.99,13.296875
JVASP-1732,69.12,65.5625
JVASP-16332,28.06,27.125
JVASP-114664,7.6,7.3125
JVASP-78464,71.1,64.375
JVASP-90719,14.66,19.640625
JVASP-40683,13.39,13.578125
JVASP-87037,34.36,28.96875
JVASP-15397,8.12,9.96875
JVASP-14724,54.18,44.875
JVASP-11475,19.89,20.1875
JVASP-49820,113.93,128.125
JVASP-10998,87.32,75.5625
JVASP-15388,70.37,72.4375
JVASP-66326,-8.04,-14.90625
JVASP-115826,8.6,18.25
JVASP-8464,21.38,22.703125
JVASP-9443,23.28,23.765625
JVASP-10149,13.67,17.359375
JVASP-74920,97.78,92.3125
JVASP-20495,43.55,47.0625
JVASP-117964,18.51,18.203125
JVASP-14261,38.02,40.6875
JVASP-56304,9.75,14.171875
JVASP-115552,3.72,2.9296875
JVASP-116116,-1.82,-1.7958984
JVASP-1669,32.21,27.359375
JVASP-68251,31.05,30.421875
JVASP-69475,35.93,41.1875
JVASP-20094,131.1,112.0
JVASP-69,31.6,30.1875
JVASP-70922,33.21,32.375
JVASP-40413,92.58,91.375
JVASP-94792,72.01,72.1875
JVASP-25327,19.64,23.4375
JVASP-9615,85.64,82.875
JVASP-115246,6.94,5.640625
JVASP-28909,26.17,20.171875
JVASP-25581,61.39,56.9375
JVASP-5236,4.56,3.3808594
JVASP-48312,24.69,23.828125
JVASP-117900,7.17,7.8554688
JVASP-28846,4.12,7.6328125
JVASP-85697,35.34,36.03125
JVASP-16451,22.96,19.953125
JVASP-40551,21.5,23.203125
JVASP-67796,9.92,5.6054688
JVASP-42911,47.57,45.6875
JVASP-43077,58.28,70.0
JVASP-49974,42.57,41.46875
JVASP-51673,27.69,27.375
JVASP-18416,90.1,87.75
JVASP-92599,31.5,39.46875
JVASP-116081,-4.49,-5.2148438
JVASP-115777,42.3,32.34375
JVASP-1738,6.66,5.6054688
JVASP-110586,50.35,45.28125
JVASP-7659,5.64,12.9765625
JVASP-16376,46.34,41.53125
JVASP-8303,61.03,60.21875
JVASP-13304,22.49,23.5
JVASP-91708,90.18,95.1875
JVASP-92555,55.01,57.1875
JVASP-85959,31.01,28.359375
JVASP-20095,68.14,63.09375
JVASP-117492,23.42,28.828125
JVASP-41170,36.86,35.1875
JVASP-36991,8.87,7.3398438
JVASP-68058,61.97,65.375
JVASP-118664,7.55,7.4570312
JVASP-114556,11.73,13.0
JVASP-66885,56.93,60.5625
JVASP-69275,19.03,17.984375
JVASP-15073,60.16,66.8125
JVASP-91261,43.84,46.125
JVASP-2035,10.38,9.3359375
JVASP-14107,11.77,12.0859375
JVASP-7996,15.46,11.0
JVASP-99579,45.65,45.65625
JVASP-36499,11.72,10.1875
JVASP-33859,1.71,0.93603516
JVASP-19112,99.94,97.4375
JVASP-8009,14.54,13.15625
JVASP-100670,52.49,48.53125
JVASP-67894,59.5,55.5
JVASP-16069,37.53,38.875
JVASP-108673,39.26,38.25
JVASP-25662,55.07,52.59375
JVASP-20389,34.76,31.1875
JVASP-115869,-15.97,1.0429688
JVASP-67144,34.54,34.78125
JVASP-30668,45.58,48.875
JVASP-36728,29.46,29.1875
JVASP-14555,25.78,27.375
JVASP-123002,71.48,51.71875
JVASP-43652,32.65,25.265625
JVASP-18414,7.29,-3.4765625
JVASP-24326,9.32,9.6640625
JVASP-12848,43.59,39.8125
JVASP-30256,22.1,24.640625
JVASP-14623,30.32,29.625
JVASP-65770,17.22,20.09375
JVASP-10852,45.02,39.96875
JVASP-100764,2.61,2.5839844
JVASP-25273,8.4,1.0400391
JVASP-19778,57.88,56.625
JVASP-109319,11.75,12.0234375
JVASP-10746,62.12,62.53125
JVASP-20320,200.71,193.5
JVASP-16812,22.05,20.828125
JVASP-15336,32.1,29.078125
JVASP-49856,25.16,22.015625
JVASP-18033,50.42,55.53125
JVASP-15078,58.43,53.28125
JVASP-102946,5.18,3.2402344
JVASP-2697,42.13,40.15625
JVASP-15221,47.92,43.0
JVASP-111486,0.0,21.515625
JVASP-54910,12.06,14.2265625
JVASP-16020,63.11,57.1875
JVASP-37194,64.84,62.78125
JVASP-30264,15.89,15.6875
JVASP-74585,50.19,46.5625
JVASP-19361,70.91,78.75
JVASP-50001,56.09,55.9375
JVASP-35141,80.82,70.4375
JVASP-11161,23.4,23.578125
JVASP-19720,243.25,204.0
JVASP-26635,10.66,10.1796875
JVASP-117667,0.27,-2.9882812
JVASP-7949,66.6,65.0625
JVASP-2658,23.57,23.03125
JVASP-51926,31.34,34.15625
JVASP-18214,26.73,23.34375
JVASP-40574,27.88,29.984375
JVASP-30258,17.43,15.4609375
JVASP-113720,71.36,85.375
JVASP-14662,35.68,35.46875
JVASP-1990,13.41,16.296875
JVASP-58414,84.61,76.9375
JVASP-17991,52.22,57.5
JVASP-7755,77.59,83.75
JVASP-56868,4.84,6.1914062
JVASP-20658,49.78,43.6875
JVASP-114978,-4.01,-5.9375
JVASP-16771,97.56,96.875
JVASP-16631,19.71,10.8671875
JVASP-368,28.19,28.28125
JVASP-15793,39.77,35.0625
JVASP-4038,12.91,13.84375
JVASP-42124,8.98,11.4375
JVASP-28393,10.7,11.9921875
JVASP-115184,84.85,83.5625
JVASP-10107,9.87,10.796875
JVASP-37137,23.67,23.328125
JVASP-116111,-12.56,-15.515625
JVASP-18881,53.16,53.53125
JVASP-15586,37.31,38.4375
JVASP-114679,-21.53,-9.40625
JVASP-74318,43.5,37.4375
JVASP-11289,103.4,100.5625
JVASP-70318,84.83,86.6875
JVASP-35150,238.5,240.375
JVASP-2376,55.96,53.65625
JVASP-33840,7.68,7.8632812
JVASP-71844,23.85,19.453125
JVASP-16143,43.43,45.375
JVASP-110390,26.65,26.578125
JVASP-59088,9.17,6.6640625
JVASP-11286,16.97,15.8359375
JVASP-78506,7.9,9.7109375
JVASP-30446,73.4,74.3125
JVASP-50026,89.57,84.6875
JVASP-17301,22.33,24.4375
JVASP-37520,43.35,40.75
JVASP-94884,28.99,25.03125
JVASP-115586,98.58,101.0
JVASP-75887,0.0,-4.796875
JVASP-3789,35.85,37.71875
JVASP-14717,26.52,29.3125
JVASP-75696,1.96,-3.6503906
JVASP-15895,69.5,68.625
JVASP-113437,4.84,1.6787109
JVASP-111259,24.75,41.875
JVASP-1960,43.53,51.28125
JVASP-5107,26.15,25.046875
JVASP-119942,16.78,20.96875
JVASP-85269,8.04,8.140625
JVASP-12908,192.13,154.625
JVASP-39427,54.74,51.625
JVASP-74209,40.14,40.03125
JVASP-108770,22.85,23.75
JVASP-90333,0.15,-1.6298828
JVASP-21476,48.99,47.90625
JVASP-70833,0.0,-4.46875
JVASP-71171,0.0,-5.5429688
JVASP-10050,56.08,65.4375
JVASP-35739,44.93,43.625
JVASP-25776,42.99,47.15625
JVASP-20407,37.2,31.65625
JVASP-103552,-0.4,21.71875
JVASP-35819,73.64,71.625
JVASP-65519,35.09,18.046875
JVASP-18386,57.42,49.84375
JVASP-12552,10.75,8.5234375
JVASP-23550,32.78,33.90625
JVASP-36265,40.78,42.1875
JVASP-106031,111.09,115.1875
JVASP-90893,13.58,10.1328125
JVASP-36585,153.98,139.5
JVASP-12736,15.12,18.390625
JVASP-29568,205.79,234.75
JVASP-8689,47.11,48.09375
JVASP-8254,53.59,49.6875
JVASP-29170,30.24,16.875
JVASP-19802,54.05,57.125
JVASP-14052,17.68,12.4296875
JVASP-100544,67.58,82.75
JVASP-35219,32.68,24.8125
JVASP-20376,93.73,95.6875
JVASP-2475,18.17,14.4921875
JVASP-18461,34.73,32.28125
JVASP-100369,16.49,15.2109375
JVASP-7816,26.27,26.921875
JVASP-120181,8.81,11.109375
JVASP-16712,33.73,41.625
JVASP-38831,26.44,23.40625
JVASP-120178,27.77,24.203125
JVASP-10358,42.41,42.65625
JVASP-74684,0.0,0.2298584
JVASP-10813,4.54,7.1523438
JVASP-41857,49.14,41.53125
JVASP-86187,13.91,14.6171875
JVASP-120013,64.01,66.25
JVASP-54689,11.07,11.375
JVASP-41397,48.7,50.09375
JVASP-12507,9.6,6.328125
JVASP-25624,47.99,45.0
JVASP-15246,39.34,41.90625
JVASP-12829,55.3,50.59375
JVASP-12870,121.57,133.5
JVASP-17835,111.88,96.6875
JVASP-14611,50.17,39.4375
JVASP-9650,73.45,82.5625
JVASP-28767,37.61,36.53125
JVASP-114153,12.81,8.3046875
JVASP-116093,6.6,5.1757812
JVASP-12475,22.01,20.953125
JVASP-40971,32.36,28.28125
JVASP-12508,38.46,37.28125
JVASP-68405,14.16,13.9453125
JVASP-25823,6.21,6.328125
JVASP-8609,36.97,34.375
JVASP-36289,42.04,32.25
JVASP-30438,22.57,17.921875
JVASP-15058,38.74,36.59375
JVASP-37192,13.4,18.171875
JVASP-115388,-11.99,5.1757812
JVASP-9964,72.93,86.75
JVASP-47996,10.17,8.8359375
JVASP-14961,22.01,29.109375
JVASP-95376,35.82,27.6875
JVASP-106280,60.28,66.625
JVASP-115434,8.99,5.9960938
JVASP-20985,79.5,91.25
JVASP-18877,38.49,31.0
JVASP-20237,58.58,63.96875
JVASP-20423,50.34,48.5
JVASP-10675,2.56,4.5820312
JVASP-67800,29.16,21.15625
JVASP-67428,24.96,21.703125
JVASP-36528,59.87,62.75
JVASP-66852,13.14,5.9804688
JVASP-7672,85.92,93.5
JVASP-114368,0.16,-0.007858276
JVASP-7649,15.73,3.6972656
JVASP-11187,16.17,16.765625
JVASP-50915,35.48,36.625
JVASP-22652,44.88,42.28125
JVASP-103091,3.12,5.4648438
JVASP-18868,58.9,52.90625
JVASP-116054,94.24,95.5
JVASP-8056,16.05,15.7265625
JVASP-36258,13.14,22.15625
JVASP-120912,3.6,3.1152344
JVASP-107508,24.04,16.890625
JVASP-25786,42.85,40.78125
JVASP-106486,62.69,63.15625
JVASP-74280,-21.84,-17.6875
JVASP-7845,21.95,13.125
JVASP-115053,11.35,5.125
JVASP-87072,7.43,11.390625
JVASP-36840,14.42,17.265625
JVASP-28638,20.53,13.375
JVASP-26763,80.62,75.5
JVASP-32220,8.34,10.3046875
JVASP-103139,0.11,1.8154297
JVASP-35775,45.67,38.5625
JVASP-36009,-9.6,-8.28125
JVASP-51470,84.46,102.0
JVASP-79594,28.65,26.578125
JVASP-117681,8.89,8.546875
JVASP-15163,38.52,40.0
JVASP-35715,59.12,57.0625
JVASP-94344,87.1,94.875
JVASP-85326,24.34,23.59375
JVASP-29022,2.37,1.0019531
JVASP-74065,29.51,28.71875
JVASP-21994,15.64,17.390625
JVASP-4062,31.44,26.203125
JVASP-14789,35.1,31.953125
JVASP-117730,-15.16,-17.78125
JVASP-9996,55.77,59.46875
JVASP-67943,0.0,18.265625
JVASP-15711,35.43,28.0625
JVASP-93360,66.8,58.4375
JVASP-8608,13.97,14.2265625
JVASP-74348,14.4,17.390625
JVASP-9565,30.73,24.375
JVASP-36850,32.72,32.84375
JVASP-92686,53.25,54.34375
JVASP-120035,-6.24,-1.5429688
JVASP-118660,2.49,1.2099609
JVASP-56819,17.73,20.640625
JVASP-28576,-10.65,-1.9453125
JVASP-74856,13.9,12.484375
JVASP-120085,-9.48,-3.6796875
JVASP-115027,2.03,0.42236328
JVASP-7722,81.81,74.625
JVASP-25211,27.34,30.28125
JVASP-17878,51.63,45.3125
JVASP-107981,5.61,5.8125
JVASP-18426,16.72,17.609375
JVASP-2790,63.01,59.71875
JVASP-68754,25.67,25.484375
JVASP-30317,20.89,16.765625
JVASP-31190,15.22,14.4375
JVASP-20265,59.6,57.15625
JVASP-9778,85.48,82.375
JVASP-99108,18.14,19.953125
JVASP-118887,-15.78,-11.0234375
JVASP-15036,31.22,25.78125
JVASP-15332,34.56,31.6875
JVASP-115195,11.65,11.8828125
JVASP-74704,9.04,6.6796875
JVASP-69328,34.09,31.125
JVASP-15962,91.79,90.3125
JVASP-37353,9.41,8.15625
JVASP-38198,1.58,2.4042969
JVASP-71827,39.11,40.25
JVASP-18505,29.56,27.578125
JVASP-67798,53.76,45.625
JVASP-70935,34.86,34.96875
JVASP-54926,54.36,55.15625
JVASP-2367,41.37,35.9375
JVASP-74487,59.51,55.0
JVASP-114761,-17.45,-11.3359375
JVASP-51552,8.89,9.234375
JVASP-85343,30.13,26.078125
JVASP-65148,146.77,118.1875
JVASP-15170,90.92,87.0625
JVASP-15666,90.63,86.0625
JVASP-102580,2.65,4.3398438
JVASP-30076,13.75,16.546875
JVASP-118450,46.44,44.75
JVASP-29109,16.81,11.9609375
JVASP-7780,243.68,231.625
JVASP-107471,33.15,29.90625
JVASP-90621,125.54,120.375
JVASP-11991,36.66,24.90625
JVASP-14756,44.0,39.3125
JVASP-92620,93.55,84.875
JVASP-36109,59.14,52.125
JVASP-105683,11.5,9.4140625
JVASP-18166,51.12,43.5
JVASP-14831,61.37,58.8125
JVASP-37533,27.4,28.0
JVASP-16220,72.18,68.3125
JVASP-40624,58.25,44.90625
JVASP-118699,-4.41,-2.4394531
JVASP-23972,4.44,3.5839844
JVASP-99616,95.56,79.3125
JVASP-39935,26.14,23.65625
JVASP-118576,9.54,6.5976562
JVASP-25300,-5.59,30.203125
JVASP-1345,31.58,24.765625
JVASP-30588,56.53,50.8125
JVASP-118902,3.73,5.9023438
JVASP-25154,23.5,21.125
JVASP-3999,14.93,18.296875
JVASP-29420,17.99,17.46875
JVASP-70998,13.16,13.25
JVASP-85599,47.51,43.0625
JVASP-85122,30.37,26.8125
JVASP-58400,6.96,7.46875
JVASP-93328,34.62,43.3125
JVASP-9433,102.42,98.0
JVASP-36167,0.66,-2.7324219
JVASP-110336,19.02,18.984375
JVASP-40599,33.82,35.0625
JVASP-91993,50.34,50.5
JVASP-71983,61.61,46.84375
JVASP-67543,30.85,30.34375
JVASP-115177,21.49,16.15625
JVASP-118051,5.93,8.5625
JVASP-36654,153.1,139.25
JVASP-29154,3.25,3.6132812
JVASP-69931,6.76,2.8046875
JVASP-54864,38.58,35.4375
JVASP-4089,18.55,17.875
JVASP-120180,11.28,6.6835938
JVASP-39259,1.4,0.7294922
JVASP-9835,66.26,64.0
JVASP-35674,59.72,51.125
JVASP-39,125.06,132.5
JVASP-30372,54.83,41.28125
JVASP-116920,23.38,16.078125
JVASP-19711,122.58,111.6875
JVASP-39455,133.56,128.75
JVASP-50893,77.12,72.125
JVASP-99995,51.1,44.40625
JVASP-65355,10.55,9.515625
JVASP-117715,-0.51,-1.4716797
JVASP-86110,6.64,9.390625
JVASP-52370,12.38,13.46875
JVASP-17627,22.71,25.0625
JVASP-102054,4.84,3.4707031
JVASP-69340,9.99,5.7539062
JVASP-14094,235.68,210.625
JVASP-86200,40.9,40.125
JVASP-9449,92.74,73.5
JVASP-14063,16.24,12.7109375
JVASP-15096,85.74,84.3125
JVASP-68296,10.7,9.2578125
JVASP-65547,14.68,15.703125
JVASP-14523,47.16,41.9375
JVASP-121289,13.55,11.4375
JVASP-13896,9.19,7.4726562
JVASP-3498,16.81,15.15625
JVASP-18501,20.91,23.453125
JVASP-12906,10.22,9.125
JVASP-49935,31.96,33.6875
JVASP-64830,-4.3,-4.2421875
JVASP-9141,396.4,348.75
JVASP-111115,10.69,27.75
JVASP-16304,-13.5,-17.734375
JVASP-37381,37.9,38.21875
JVASP-94825,20.76,20.28125
JVASP-67601,3.72,-1.7773438
JVASP-36268,18.34,30.0625
JVASP-94279,73.4,83.875
JVASP-10919,21.97,20.265625
JVASP-54770,60.85,62.5
JVASP-12781,71.78,68.25
JVASP-117756,23.6,19.140625
JVASP-90435,49.83,53.5625
JVASP-8439,33.86,47.875
JVASP-73998,0.0,-0.25170898
JVASP-15408,66.68,68.25
JVASP-100198,44.52,50.78125
JVASP-25371,2.88,6.4726562
JVASP-118292,17.46,22.78125
JVASP-40771,45.0,56.875
JVASP-9425,107.16,116.5
JVASP-8363,11.6,8.65625
JVASP-9179,16.0,18.390625
JVASP-24272,65.29,70.5625
JVASP-8143,16.83,13.1875
JVASP-78463,13.94,12.65625
JVASP-40516,118.08,142.875
JVASP-25159,17.06,14.7578125
JVASP-92234,29.55,35.8125
JVASP-73970,0.0,-0.7861328
JVASP-110725,8.6,9.0078125
JVASP-31920,3.87,5.9804688
JVASP-90628,6.64,11.1875
JVASP-115178,-13.63,-1.4824219
JVASP-1222,100.34,109.25
JVASP-11471,36.86,38.125
JVASP-39267,45.94,45.09375
JVASP-17551,48.78,59.78125
JVASP-36982,7.61,12.4921875
JVASP-12442,38.14,40.3125
JVASP-29593,18.97,16.375
JVASP-91697,28.27,28.390625
JVASP-92664,41.31,45.65625
JVASP-16891,40.11,42.1875
JVASP-31795,27.12,27.53125
JVASP-10185,13.44,16.625
JVASP-46693,27.53,24.921875
JVASP-52271,-3.39,11.0546875
JVASP-67988,-0.24,0.042907715
JVASP-114650,8.27,4.9335938
JVASP-28364,0.0,11.109375
JVASP-74988,20.57,22.640625
JVASP-8612,72.55,86.5625
JVASP-35968,50.06,52.5
JVASP-22707,51.77,57.5
JVASP-111045,8.72,6.5976562
JVASP-64931,29.37,32.125
JVASP-7811,62.03,78.5
JVASP-15165,68.66,65.8125
JVASP-30332,61.46,63.34375
JVASP-18006,-8.72,-9.5859375
JVASP-28376,42.21,46.4375
JVASP-7740,146.2,156.625
JVASP-17666,26.0,23.734375
JVASP-36962,12.39,15.703125
JVASP-15710,21.13,23.78125
JVASP-15728,32.63,30.90625
JVASP-28523,20.51,18.9375
JVASP-41354,40.96,45.375
JVASP-67576,9.37,16.78125
JVASP-111023,7.51,12.0546875
JVASP-9461,40.21,32.34375
JVASP-17534,56.49,64.25
JVASP-85940,14.51,12.2890625
JVASP-35002,21.66,21.53125
JVASP-4924,33.27,37.90625
JVASP-31902,6.81,6.2773438
JVASP-57785,38.67,43.625
JVASP-69081,4.13,7.3359375
JVASP-50108,18.86,14.1171875
JVASP-75867,30.82,34.9375
JVASP-54956,11.26,12.7578125
JVASP-57237,61.26,68.3125
JVASP-104770,-5.63,4.9257812
JVASP-5218,5.29,5.984375
JVASP-118263,-10.91,-7.46875
JVASP-114421,2.11,5.53125
JVASP-104646,40.06,50.3125
JVASP-4510,17.87,17.1875
JVASP-67909,63.53,67.75
JVASP-51409,33.64,40.6875
JVASP-68572,9.52,13.5703125
JVASP-54700,29.13,30.578125
JVASP-115460,21.19,25.203125
JVASP-67155,71.64,86.25
JVASP-100510,49.28,49.59375
JVASP-12101,50.42,50.0625
JVASP-101121,47.94,48.375
JVASP-102530,22.5,23.25
JVASP-66257,-3.46,-6.9648438
JVASP-19103,56.34,60.78125
JVASP-18421,0.37,8.8828125
JVASP-67857,20.09,14.421875
JVASP-18823,47.91,49.90625
JVASP-14645,73.16,91.1875
JVASP-51695,16.72,18.578125
JVASP-9423,23.34,25.828125
JVASP-8184,51.79,55.21875
JVASP-593,39.66,47.71875
JVASP-24999,35.95,38.15625
JVASP-36113,41.82,48.34375
JVASP-39022,-12.24,-6.453125
JVASP-85928,10.62,11.40625
JVASP-37305,22.7,25.0
JVASP-17618,39.16,50.375
JVASP-9169,26.91,31.375
JVASP-3084,6.94,9.40625
JVASP-118558,-14.41,-11.28125
JVASP-40644,37.04,40.65625
JVASP-114476,2.37,0.58935547
JVASP-20440,41.73,46.6875
JVASP-61470,75.75,86.4375
JVASP-37484,11.86,12.75
JVASP-10004,51.22,56.625
JVASP-91855,29.33,33.59375
JVASP-91528,38.35,43.125
JVASP-299,18.87,21.84375
JVASP-2967,64.63,75.0
JVASP-12741,20.89,19.609375
JVASP-23696,60.26,79.125
JVASP-73920,44.25,44.84375
JVASP-15369,33.1,38.375
JVASP-36847,21.69,24.53125
JVASP-14631,50.23,60.40625
JVASP-85208,0.0,10.9375
JVASP-25413,-2.92,-0.012908936
JVASP-49866,137.68,113.25
JVASP-22446,12.79,13.0078125
JVASP-120264,-24.35,-12.8125
JVASP-8537,94.4,102.3125
JVASP-8261,33.59,31.453125
JVASP-25173,-1.7,-1.4130859
JVASP-88683,11.93,11.2421875
JVASP-71924,-11.95,-10.3125
JVASP-105853,7.63,3.8964844
JVASP-25633,19.1,20.53125
JVASP-8044,55.86,57.59375
JVASP-38882,19.32,26.125
JVASP-92534,31.37,28.328125
JVASP-12136,31.77,29.625
JVASP-8554,22.27,20.578125
JVASP-8555,16.24,14.875
JVASP-16803,41.0,39.90625
JVASP-90840,98.49,102.3125
JVASP-74304,9.53,12.9140625
JVASP-36899,9.17,5.7578125
JVASP-15394,54.77,51.375
JVASP-93347,47.04,32.28125
JVASP-66750,61.15,55.6875
JVASP-114184,0.29,2.6542969
JVASP-28948,4.95,7.0429688
JVASP-115608,3.73,10.5546875
JVASP-17685,21.68,29.46875
JVASP-28503,25.97,32.28125
JVASP-64917,79.3,86.5625
JVASP-65568,34.53,27.109375
JVASP-116451,-1.02,-2.0449219
JVASP-25876,31.8,32.75
JVASP-8727,8.98,72.9375
JVASP-14929,54.38,56.09375
JVASP-17479,39.77,51.3125
JVASP-71800,23.99,20.625
JVASP-65221,-22.98,-18.328125
JVASP-100428,28.19,30.5
JVASP-25075,14.72,18.171875
JVASP-28866,20.06,7.1367188
JVASP-10551,9.27,9.25
JVASP-65465,0.0,1.7373047
JVASP-3693,61.12,52.125
JVASP-46539,52.14,51.34375
JVASP-65573,0.0,0.23962402
JVASP-36580,55.84,56.96875
JVASP-30475,23.71,24.15625
JVASP-20131,109.97,100.5625
JVASP-9386,94.19,93.625
JVASP-90729,61.22,59.03125
JVASP-20507,80.23,99.0
JVASP-14636,-1.7,-0.6972656
JVASP-103419,88.03,89.875
JVASP-15085,51.25,45.90625
JVASP-3123,38.07,36.625
JVASP-64393,-13.5,-12.328125
JVASP-115477,44.98,42.4375
JVASP-37050,27.12,33.3125
JVASP-14677,25.69,25.15625
JVASP-93874,9.39,7.84375
JVASP-21618,57.56,60.8125
JVASP-12533,10.7,9.5390625
JVASP-91723,6.05,8.671875
JVASP-68569,14.52,23.109375
JVASP-21494,4.64,10.734375
JVASP-71632,25.03,32.375
JVASP-16342,25.23,29.390625
JVASP-20062,68.34,72.5
JVASP-91852,127.8,141.0
JVASP-66170,-0.7,1.2402344
JVASP-9445,57.11,56.3125
JVASP-50678,40.33,36.875
JVASP-85781,6.54,6.546875
JVASP-39203,35.06,34.21875
JVASP-104590,24.31,22.59375
JVASP-8207,0.0,5.9257812
JVASP-8784,17.32,15.6484375
JVASP-21537,0.0,7.6015625
JVASP-32735,6.11,7.671875
JVASP-118338,117.87,115.6875
JVASP-20071,172.79,163.625
JVASP-8624,70.99,84.5625
JVASP-120395,32.08,28.171875
JVASP-10594,38.94,40.1875
JVASP-67570,30.31,31.09375
JVASP-106847,121.15,113.4375
JVASP-18010,33.04,35.0
JVASP-34239,35.92,39.90625
JVASP-12809,7.69,22.46875
JVASP-70947,17.41,14.3125
JVASP-17926,15.66,21.21875
JVASP-70867,0.0,9.046875
JVASP-9427,109.77,114.0
JVASP-75687,0.14,3.4824219
JVASP-110073,64.06,66.9375
JVASP-50190,46.6,48.4375
JVASP-16337,-16.76,-13.4921875
JVASP-118851,-23.26,21.140625
JVASP-7719,66.53,60.21875
JVASP-9918,7.11,17.015625
JVASP-104870,0.02,16.1875
JVASP-34483,25.31,27.84375
JVASP-75523,14.62,15.9375
JVASP-17494,25.12,24.5
JVASP-11436,107.86,105.6875
JVASP-65744,16.59,18.296875
JVASP-16052,53.07,51.75
JVASP-14758,34.21,34.65625
JVASP-2727,25.17,26.015625
JVASP-33885,22.98,25.984375
JVASP-15050,69.65,67.0625
JVASP-66732,67.23,62.4375
JVASP-118815,-3.24,4.3632812
JVASP-58413,75.6,65.5
JVASP-7679,15.23,13.765625
JVASP-67597,-3.51,3.046875
JVASP-91859,87.23,70.9375
JVASP-50080,52.38,49.78125
JVASP-53602,28.42,24.296875
JVASP-16885,30.48,54.4375
JVASP-68043,36.5,39.90625
JVASP-36839,44.28,43.0
JVASP-93769,75.61,68.6875
JVASP-16350,26.3,23.09375
JVASP-117818,-14.39,13.2578125
JVASP-5806,12.35,15.1171875
JVASP-28392,162.88,149.5
JVASP-105114,67.72,87.75
JVASP-18546,87.88,73.4375
JVASP-31941,6.93,4.1601562
JVASP-3864,10.02,6.3710938
JVASP-8150,47.71,29.0625
JVASP-8649,108.05,92.1875
JVASP-38245,0.88,2.1132812
JVASP-11299,31.59,25.234375
JVASP-56816,16.25,13.5703125
JVASP-21248,12.04,8.6171875
JVASP-37730,20.48,14.9609375
JVASP-17971,48.87,35.625
JVASP-67591,14.01,12.1015625
JVASP-118038,17.88,6.5078125
JVASP-92649,60.56,53.25
JVASP-100620,19.64,17.859375
JVASP-8327,42.97,35.03125
JVASP-4279,4.49,5.8203125
JVASP-40014,106.06,93.375
JVASP-121130,19.56,17.515625
JVASP-34204,93.76,100.25
JVASP-12705,24.92,28.65625
JVASP-7652,32.06,25.59375
JVASP-17754,35.55,30.640625
JVASP-18847,41.98,38.375
JVASP-39261,5.64,5.6679688
JVASP-67870,63.41,29.765625
JVASP-8663,26.68,21.21875
JVASP-17185,68.87,57.78125
JVASP-3510,6.98,5.9726562
JVASP-49194,85.49,74.125
JVASP-98359,-20.53,19.578125
JVASP-30545,7.33,5.9804688
JVASP-52136,58.9,60.46875
JVASP-52108,80.56,63.875
JVASP-20434,100.16,81.6875
JVASP-65732,34.44,22.171875
JVASP-20301,40.12,32.25
JVASP-16660,77.65,62.1875
JVASP-101417,15.44,14.5234375
JVASP-15177,50.39,39.90625
JVASP-100859,76.83,65.3125
JVASP-93722,11.52,3.2519531
JVASP-78382,8.65,8.0703125
JVASP-92688,12.43,10.109375
JVASP-69199,31.74,29.25
JVASP-13982,4.13,5.7226562
JVASP-116265,14.46,11.46875
JVASP-115351,28.95,22.078125
JVASP-13309,43.15,37.09375
JVASP-70264,19.35,9.7421875
JVASP-38001,24.54,22.234375
JVASP-18473,15.01,17.484375
JVASP-13981,2.84,3.5039062
JVASP-16412,139.33,125.875
JVASP-51102,23.38,14.3046875
JVASP-22450,35.86,32.375
JVASP-78351,58.69,40.28125
JVASP-9234,44.41,31.953125
JVASP-4020,20.35,20.8125
JVASP-3477,52.84,43.75
JVASP-93236,38.62,32.40625
JVASP-80740,44.1,26.84375
JVASP-25350,48.62,38.3125
JVASP-119956,115.36,103.3125
JVASP-8349,39.35,31.765625
JVASP-120170,-23.63,-1.3710938
JVASP-4249,6.53,4.546875
JVASP-5155,42.75,35.625
JVASP-41278,100.04,66.5625
JVASP-39772,92.28,85.0
JVASP-18582,30.36,29.34375
JVASP-1056,38.51,30.125
JVASP-115191,-5.56,-5.1328125
JVASP-120201,8.85,-2.2890625
JVASP-8131,79.19,70.8125
JVASP-1708,24.25,22.28125
JVASP-38614,8.02,-0.27246094
JVASP-118088,8.53,2.7167969
JVASP-8658,43.23,36.78125
JVASP-18591,22.06,25.8125
JVASP-20897,55.78,40.03125
JVASP-15628,77.21,69.3125
JVASP-117927,-23.73,-10.1953125
JVASP-110459,22.84,21.03125
JVASP-39945,109.5,95.375
JVASP-18383,34.52,30.65625
JVASP-98484,72.62,65.9375
JVASP-16267,76.24,64.625
JVASP-36423,132.36,131.25
JVASP-15952,29.84,25.125
JVASP-86170,11.61,8.390625
JVASP-36795,29.89,25.4375
JVASP-71123,58.71,55.53125
JVASP-114694,48.25,55.5625
JVASP-65510,37.19,29.15625
JVASP-108076,20.26,17.34375
JVASP-15701,75.1,72.8125
JVASP-61278,6.66,4.421875
JVASP-52578,89.16,84.375
JVASP-114321,1.36,2.3339844
JVASP-29805,25.08,19.765625
JVASP-17383,54.19,45.25
JVASP-10472,119.71,111.8125
JVASP-37942,39.97,29.8125
JVASP-15650,71.85,59.0625
JVASP-37027,106.58,93.75
JVASP-1171,18.92,15.46875
JVASP-63127,261.25,262.0
JVASP-18748,99.62,84.0
JVASP-19957,-5.3,-9.5
JVASP-37858,107.96,101.9375
JVASP-37932,15.12,13.75
JVASP-11163,28.66,21.125
JVASP-39852,68.52,48.4375
JVASP-12729,107.87,100.25
JVASP-39111,33.04,31.921875
JVASP-110485,29.15,15.53125
JVASP-20448,58.15,57.59375
JVASP-102082,15.86,13.1953125
JVASP-11802,51.23,41.53125
JVASP-105498,75.74,67.1875
JVASP-111325,155.84,111.6875
JVASP-79051,42.82,26.515625
JVASP-2050,66.21,55.65625
JVASP-75457,-2.54,-2.9121094
JVASP-19747,20.96,19.15625
JVASP-27815,8.51,5.2421875
