ID,train_true,train_pred
4kx8,7.13,6.78125
3p2e,6.22,5.7070312
2c92,5.68,4.9375
4ks1,8.82,9.71875
2o8h,7.6,7.9101562
1zoe,7.4,7.3125
3l4y,7.0,6.84375
3uyr,6.9,6.5
3oil,5.68,6.0859375
1o86,9.57,10.1328125
188l,3.33,3.0976562
4zo5,9.82,10.0078125
4qxq,5.7,5.1640625
3u7n,7.95,7.4726562
3i73,5.49,5.6875
3r4p,7.96,7.5195312
1jak,5.57,5.7460938
4qj0,7.32,7.21875
3tb6,5.08,4.875
1rjk,10.0,10.203125
1b2h,4.54,4.1210938
4aje,3.68,3.7402344
3lp7,5.44,5.4765625
3h5b,10.0,10.09375
1zge,7.3,7.1054688
4m8e,7.89,7.8789062
4ww6,10.21,9.4765625
3i25,8.51,8.078125
2i4v,11.2,10.7109375
4dff,7.46,7.7226562
4av5,7.21,7.03125
4kmz,8.57,8.578125
4u6w,4.21,3.7675781
4v24,8.37,8.578125
3owj,6.07,6.0078125
1m0n,2.22,2.3710938
2oxd,6.82,6.5898438
4i74,6.72,7.015625
3gvu,8.0,7.375
4n7u,6.29,6.34375
2vwc,6.62,6.2226562
4exs,4.41,4.3632812
2vwn,8.0,7.859375
4lrr,5.22,5.0039062
4zek,5.66,5.5859375
3mtw,7.04,7.0351562
1b40,7.28,6.859375
2pqz,5.67,5.3007812
3fuc,9.72,9.6484375
3f18,7.4,7.2265625
3s0e,6.55,6.2773438
2nnd,6.06,5.578125
2j2u,7.33,7.1992188
3d6p,3.75,3.4980469
4gql,9.59,9.3828125
1utn,3.49,3.2929688
3p17,4.48,4.5351562
3tu7,8.09,7.515625
1w5v,8.15,7.3476562
2afw,4.77,4.546875
3be9,7.62,7.765625
2v2v,4.07,3.5546875
3bex,5.57,5.65625
8a3h,4.06,4.4726562
1ft7,5.18,5.1835938
5c2a,8.32,8.078125
4z83,7.4,7.1484375
4owv,4.35,4.6328125
1tpw,3.3,3.4628906
4ad2,6.2,5.7773438
2rkg,8.09,7.53125
2nsj,4.79,4.921875
1i9m,8.48,9.125
4llj,3.42,3.0566406
3lbz,3.86,3.8730469
4m14,6.7,6.4726562
3kdm,7.0,6.8398438
3ddg,6.0,5.8320312
3s71,8.64,8.4453125
1lke,7.52,7.1796875
4rqv,5.05,4.4609375
2vzr,4.28,3.9980469
3ibl,7.84,7.5078125
3exe,6.96,7.1914062
3hl8,4.49,4.5664062
3i5z,8.7,8.34375
4x8v,6.89,6.25
4jne,5.86,5.5820312
1pb8,5.15,5.484375
2qhy,7.48,7.5898438
4qyy,7.3,7.2890625
1c5o,3.49,2.9492188
3p8n,9.28,9.1640625
2nn7,6.52,5.9453125
4tln,3.72,3.7832031
3wtn,7.04,7.4765625
1ppk,7.66,7.4492188
1nu3,4.0,4.0585938
1n4h,6.55,6.859375
1b57,8.0,8.0625
4egk,7.72,7.1289062
4hpi,4.85,5.2734375
1wdn,6.3,6.65625
3mna,7.39,6.3046875
3aqt,6.72,7.375
3ffp,7.14,7.4414062
4k3h,6.85,6.4960938
3pe1,9.65,9.3203125
4muv,5.76,5.1289062
3r6u,4.52,4.546875
2qhd,5.38,4.9257812
4pyx,6.14,6.7226562
3t08,3.04,2.6914062
3sxf,8.6,7.8398438
4pp5,7.74,7.21875
1mu8,9.0,9.109375
3iae,3.89,3.8417969
1dhi,7.26,7.8554688
4je8,5.21,5.0664062
3w9k,6.32,6.2773438
1ro7,3.18,2.890625
4ll3,11.57,11.359375
4q1y,10.35,9.875
3cl0,7.07,6.7734375
2wnj,6.48,6.1992188
4ahs,2.19,2.2167969
1yfz,4.35,4.2578125
2p3b,8.48,9.015625
2pvk,8.3,8.484375
4ai5,2.92,2.9707031
2wej,6.08,6.2421875
2qta,5.76,6.3554688
2fzg,3.38,3.5195312
1lrh,6.82,6.6601562
4iie,2.34,2.6660156
1q8w,5.24,4.9492188
4cwq,7.06,7.6757812
3hv8,6.98,7.0625
2y7x,8.89,8.8671875
2xhm,6.8,6.7734375
1d6w,5.96,6.15625
3cm2,6.47,6.3554688
4m8x,10.2,10.1328125
1v2o,4.73,4.5507812
3eeb,5.89,5.8164062
4c1t,7.15,7.015625
4xe1,7.11,7.03125
2zmm,7.6,7.8046875
4auj,7.74,7.7617188
4lkk,5.92,5.4257812
3zll,6.4,6.3554688
1ua4,4.22,3.9433594
3pfp,6.44,6.1289062
4da5,6.44,5.8945312
1ql7,5.0,4.8164062
1lcp,6.64,6.5
3ibi,8.59,8.7265625
2bys,9.52,9.390625
1ajn,2.63,2.6328125
2jh6,7.77,7.4960938
3vh9,6.24,6.4140625
4w9f,5.49,5.2617188
1uml,7.52,7.5390625
3pgu,6.7,6.953125
3qkd,8.38,9.3359375
2zdl,6.4,6.21875
4dhl,4.48,4.1367188
4cg9,6.21,6.3359375
2ypp,4.41,4.8554688
1f4g,6.48,6.4375
3q6z,3.72,3.8554688
1fm9,9.0,9.75
3r5t,8.58,8.8125
1mrn,4.52,4.6835938
4kif,4.84,5.2265625
4cp5,3.34,3.4101562
1pb9,3.62,3.5351562
3tz0,5.04,5.1953125
1i9p,8.41,8.609375
966c,7.64,6.9960938
4bt4,3.34,2.9609375
2ot1,4.0,3.6015625
2rd6,8.3,8.59375
5e1s,7.92,8.0859375
1v2w,4.01,3.8398438
3iue,5.82,5.7382812
3u93,6.31,5.9453125
3jzj,3.61,3.984375
1br6,3.22,3.3515625
3hb4,9.05,8.8046875
3u81,4.44,4.6015625
4j45,5.77,5.8242188
2cht,5.52,6.1367188
1ec0,8.49,7.9335938
1adl,5.36,5.875
3ebo,4.72,4.3046875
4i8x,2.64,2.8574219
3ama,6.53,6.5390625
4b32,3.34,3.4140625
1lf2,7.52,7.78125
3dp4,7.37,7.2617188
2yel,7.28,7.359375
3vha,7.4,7.2304688
3wq5,3.85,3.7597656
1nfy,8.89,9.390625
4qer,7.54,7.6992188
3ov1,5.2,5.9609375
3ao5,2.23,2.7207031
4q1w,11.7,11.8203125
4xya,5.86,5.9140625
2f7p,6.6,6.3242188
1cny,7.85,7.5429688
3ivx,5.74,5.5
1fkb,9.7,9.0703125
2clh,4.06,4.0703125
2avm,5.7,5.359375
3o9a,10.7,11.8984375
4hu1,7.54,7.2773438
2q8m,4.03,3.9863281
4m0e,6.22,6.6171875
3ip6,6.6,6.9960938
4q08,6.3,6.265625
1oif,7.72,7.2773438
2cbj,8.27,8.5859375
1c84,5.0,5.1015625
4hy1,8.7,8.6953125
1c83,4.85,4.8867188
2zdk,6.37,6.0507812
3m89,6.16,6.421875
1ai4,2.5,2.1875
1yds,5.92,5.4179688
3lxe,6.6,7.0039062
1fq5,8.4,8.578125
1bn4,9.31,8.921875
4ezz,5.19,5.2890625
1erb,8.1,8.6328125
2cf9,7.82,7.9765625
2boh,8.52,8.3984375
3s9t,6.82,6.5898438
4kz4,4.15,4.3085938
3ng4,5.43,5.8398438
4ufj,4.28,4.6796875
2j7g,7.0,6.8671875
1hih,8.05,7.3125
4q99,6.28,6.2070312
2y7i,5.54,6.0273438
1mrw,9.7,9.9140625
3gc4,7.6,7.5625
1r1h,8.92,8.0625
2rkf,9.08,8.78125
4nvp,7.57,6.7460938
1x8r,6.12,6.2773438
1b58,6.59,6.453125
3hzv,6.52,5.875
2i4w,11.59,11.6953125
4aji,3.55,3.5019531
5fl6,7.36,6.7421875
4mnp,7.34,6.7890625
1ew9,3.22,2.9960938
4g0q,2.52,3.1210938
1zea,5.22,5.6953125
2fx6,3.7,3.6660156
185l,3.54,3.7929688
1hyo,4.07,4.0625
1vyg,8.0,7.9492188
3c2o,3.35,3.7421875
3dx3,6.52,6.5625
1c87,4.2,3.90625
1fo0,5.59,5.9492188
3bkk,6.08,6.1601562
3nsn,7.19,7.0546875
3ocz,7.46,7.9101562
4qf8,7.51,7.8085938
1gj8,6.96,7.0039062
2ans,5.92,5.59375
2yfx,8.09,8.703125
3bvb,5.49,5.4882812
3fvk,8.82,9.34375
2gh9,6.0,6.140625
3bl0,6.92,6.7304688
1k1l,6.9,6.7148438
4clj,9.15,9.71875
3t01,4.48,4.3046875
1bn1,9.34,9.421875
1fki,7.0,7.1835938
3nzk,9.27,9.640625
4b73,7.21,7.3085938
3cf8,4.9,4.8007812
4ggz,10.18,10.484375
1sh9,6.03,6.4960938
3su5,5.58,5.5585938
1m2x,4.15,4.359375
3d78,7.64,7.5429688
1bnv,8.77,8.6015625
3djq,2.98,2.9277344
3eb1,4.79,5.0390625
1gcz,5.13,5.0742188
2gl0,4.82,5.0664062
3qfz,3.24,3.21875
1hi5,4.04,4.2539062
1t7j,8.7,8.25
3iog,5.52,5.0546875
4ye3,8.37,8.4765625
1v16,3.87,3.7578125
1rnt,5.19,4.9609375
1jlr,3.33,3.3339844
2q8z,5.68,5.84375
4ufk,3.89,4.1992188
4c2v,9.0,8.9921875
3ug2,8.25,8.0546875
2nn1,5.82,5.6367188
4ht2,6.54,6.5273438
4knm,8.0,7.8867188
1nfw,8.96,8.953125
3c52,7.3,7.046875
1g30,6.85,7.0976562
2xy9,9.19,9.6796875
3rlb,9.92,9.5078125
4dbm,7.62,7.9492188
1fkn,8.8,9.078125
4cwt,6.75,7.0039062
1c5s,6.0,5.4023438
4bf1,8.62,7.8867188
2hu6,3.81,4.1367188
2jdk,6.54,6.9570312
1o3i,7.3,7.3046875
3rwp,9.22,8.953125
4qfo,4.27,4.0390625
4ax9,9.57,9.7265625
3mfw,3.52,3.734375
4yo8,10.52,10.78125
2zkj,5.48,6.015625
3bwj,6.5,6.1210938
1e2k,4.94,5.0234375
4xu0,9.11,8.78125
1siv,8.08,8.46875
2clk,3.79,3.7910156
1x39,9.22,9.2890625
3fx6,6.8,6.9101562
1jao,5.92,5.9257812
5cqu,6.54,6.59375
3n9r,7.15,7.1523438
3fzn,4.01,3.5019531
2pbw,8.25,8.7734375
1cnx,7.37,7.7148438
3c2u,2.9,3.5410156
2ha3,3.03,3.3984375
4qpl,7.41,7.2070312
2d1o,7.7,7.6054688
1izi,6.59,6.4960938
4k5p,3.46,3.4277344
1v2s,4.17,4.7617188
1p57,4.4,4.0
2psu,7.62,7.890625
1pa9,4.6,4.8671875
1g7g,6.6,6.6875
2qmg,9.15,9.0234375
1g2l,7.24,7.3320312
4zbi,6.51,5.9453125
1j14,4.49,4.734375
3qdd,8.77,9.15625
3f19,7.19,7.9257812
1tlp,7.55,8.0390625
3d7b,3.69,3.7128906
1w5y,8.48,8.140625
4xmb,7.36,7.1835938
4ocq,4.61,4.640625
4r76,7.85,7.7578125
1mai,6.68,6.3359375
1qk3,5.15,5.3671875
4jfk,6.44,5.9804688
1d4j,8.36,8.1328125
1cnw,7.72,8.015625
4lkq,3.35,3.109375
1bdq,6.34,6.0507812
3ttn,7.84,8.1796875
4b3c,2.68,2.6464844
1mes,7.7,7.4921875
2ax9,9.52,9.21875
2pyi,3.75,3.7109375
2y8c,6.4,6.0234375
4qiz,8.15,7.4960938
4z1k,8.33,8.5625
1g2o,10.55,10.546875
1hpv,9.22,9.0234375
1oxr,5.19,4.9414062
3v4t,4.11,3.1347656
2x0y,4.6,4.25
4ceb,2.97,2.8476562
3r1v,6.92,6.7148438
2ves,7.7,7.0
4e1k,6.3,6.4023438
3su0,6.79,7.0507812
4hdb,8.05,8.2265625
4e3g,4.97,5.1601562
4azc,5.86,6.265625
2yek,7.21,7.2890625
2bfr,5.25,4.9375
3neo,5.92,5.3125
1jyq,8.7,8.890625
2qhz,7.28,6.96875
2p09,6.35,6.0546875
2fgu,9.18,8.640625
1elb,7.15,7.5742188
1sdu,10.07,10.03125
4des,5.85,5.515625
4rwj,8.7,8.5234375
2z94,5.85,5.3398438
2b1i,6.82,6.828125
2wuf,4.29,4.1015625
4mhy,6.47,6.0390625
1zpa,8.4,8.3359375
2vh0,8.51,8.1015625
2weo,6.93,5.8476562
3uod,7.31,6.8320312
1rpj,6.48,6.2773438
1i9l,8.48,8.4296875
4nbl,6.33,6.1914062
2ogy,4.48,3.9765625
4ish,8.72,8.4453125
4i71,7.74,7.3789062
3pcf,6.05,5.6835938
2hb3,11.35,11.828125
5er2,6.57,6.8710938
2gsu,3.59,3.7851562
4wk1,5.89,5.8085938
2wb5,9.13,8.234375
3b7u,7.74,7.125
4p5d,5.82,5.59375
1q65,5.46,5.6796875
2wec,3.96,3.859375
3nhi,8.43,8.53125
4iuo,3.64,3.875
3jzh,3.4,3.7128906
3evd,6.91,7.046875
3re4,7.4,6.8945312
4jx9,8.62,7.6601562
4qpd,7.82,7.921875
1h2k,2.92,2.5878906
4m2r,8.49,8.796875
1qhc,7.57,6.9726562
1kmy,5.1,5.03125
1msn,9.09,9.171875
4ieh,7.85,8.1640625
3ryz,8.62,7.6132812
3sfg,6.06,5.9726562
3l4u,7.52,8.0859375
1msm,10.48,10.6015625
2w8y,9.09,9.5546875
3ryy,7.42,7.3203125
4djx,7.23,6.953125
3zdv,5.48,5.0078125
1lhu,8.83,8.8671875
3ohi,4.85,4.8242188
4ynb,10.37,11.3203125
3lpi,8.52,8.234375
3a5y,7.96,7.375
1rp7,8.52,8.3828125
3ery,5.66,5.9023438
1bv9,9.96,9.453125
3qx9,4.05,4.3203125
1d09,7.57,7.46875
3gxy,5.59,5.3671875
1oba,2.44,2.6621094
4hfp,7.38,7.6679688
2vpo,5.42,5.015625
4c9x,7.32,7.6796875
1b5j,7.43,7.859375
4m0r,5.21,4.9921875
4ndu,2.74,2.7832031
1hwr,8.33,7.8046875
4b6p,7.13,6.625
3p8z,6.09,5.3789062
2g71,7.46,7.3632812
3qox,6.57,6.03125
4x8o,6.6,6.65625
3mhw,2.3,1.9941406
1enu,5.08,5.0390625
3rlp,7.08,7.8828125
3f37,2.62,3.0410156
4u54,2.06,2.3398438
3gk1,4.1,3.9199219
3m1k,5.39,5.421875
2wc4,5.29,5.3007812
2q7y,4.3,4.3789062
4qp2,3.03,2.7246094
3buf,3.1,2.9511719
3qto,4.13,4.0820312
2p7g,6.53,5.9882812
1bzj,4.66,4.7226562
4e67,6.48,6.6796875
4alx,7.28,6.9765625
1bwa,8.6,7.8320312
3mjl,2.44,2.5859375
4q7s,4.42,4.25
4pf5,5.48,5.625
1njc,5.55,5.3242188
3qaa,11.54,10.703125
1hxw,10.82,11.5625
3suu,8.52,7.5117188
3zze,8.89,8.2734375
1d4i,8.85,8.578125
3qgw,5.89,5.6953125
1str,4.77,4.765625
4nbk,3.87,3.5976562
2x8z,7.96,7.5039062
4qfl,5.11,4.578125
1q1g,8.57,8.78125
2cgf,6.41,5.9140625
4zae,8.44,7.9257812
4io2,6.7,7.0820312
4q9o,5.77,5.796875
1f4e,2.96,2.6464844
3uw5,7.85,7.5429688
4h75,6.6,6.390625
4o3f,5.56,5.1015625
4kyh,5.92,5.4609375
3dx4,7.12,6.59375
1lpz,7.6,7.8242188
3u15,7.11,6.796875
4mr6,6.6,6.3945312
1dl7,6.49,6.2890625
4ezr,5.2,4.53125
2r23,3.72,3.5039062
3t0x,8.0,7.921875
4euo,5.05,4.78125
4eoh,4.3,4.3085938
3arr,5.4,5.484375
4g8y,4.59,4.484375
4uyf,7.6,7.828125
1o2h,7.17,6.4140625
4idn,5.24,5.140625
2p7z,6.58,5.6210938
3e85,5.38,5.3007812
4r3w,3.0,2.9511719
1pvn,9.82,8.5078125
4erf,9.4,9.328125
1f8c,7.4,7.0078125
1o38,6.82,6.8945312
5e2r,7.06,7.0625
4cwn,5.59,5.3046875
2cgr,7.28,7.5390625
4q3t,6.48,6.3789062
2xxr,6.55,5.9609375
3dp9,9.68,9.3515625
3lzu,10.06,9.828125
3tvc,7.74,7.5585938
1m7i,5.4,4.9375
2vwo,7.51,6.7695312
1o2z,6.11,5.9101562
2vmd,3.02,3.2832031
4zvi,6.33,5.2304688
1drv,6.54,6.4414062
1jcx,5.15,4.6953125
1nje,3.8,3.6738281
2uxi,7.3,7.0273438
2i3h,7.4,7.125
4dsu,2.82,2.1992188
1nfx,8.52,7.4140625
2yi0,8.12,7.3398438
3rlq,7.4,6.609375
3d2e,6.42,6.0507812
3lc3,5.23,5.3789062
4bup,4.95,5.1210938
3p3g,9.74,9.203125
1pyn,5.49,5.3828125
1mfa,5.04,5.1445312
4dy6,4.4,3.9511719
2ce9,6.03,5.8632812
3i4b,8.15,7.4023438
1ols,5.82,5.4140625
1o5g,4.96,4.3085938
2ihq,8.49,7.5859375
1igb,6.4,5.9765625
4leq,6.54,6.4335938
3g2h,3.82,3.3808594
1odj,4.1,4.1054688
4der,6.31,6.390625
3n3g,7.24,7.2421875
3hkt,5.39,5.828125
4rlt,4.96,4.8164062
1g4o,8.25,8.171875
1txr,7.74,7.2382812
3m5e,7.37,7.1367188
4c6u,4.59,3.7382812
4isi,8.14,7.296875
4mc1,7.85,8.0390625
3kjd,8.54,8.5546875
2qfu,4.18,3.1621094
3kku,5.7,5.1953125
2ez7,4.36,4.234375
3rux,9.28,8.59375
3b24,4.38,4.2617188
1hvj,11.4,11.4453125
1i9n,8.66,8.2734375
2ate,7.07,6.6289062
3pcn,3.66,3.3339844
4c1u,7.09,6.4609375
4y2q,2.92,2.5273438
2xyf,8.44,7.7578125
1kzk,10.39,11.1328125
3dnd,4.8,4.0898438
2e27,9.35,9.2265625
4deu,5.64,5.4023438
3el9,8.4,8.140625
1c5n,4.7,4.3320312
2jdh,6.51,5.875
1ezq,9.05,8.4453125
2c3l,5.07,4.3515625
1i37,9.57,8.828125
4lxd,7.23,6.9960938
4dzy,5.62,5.5273438
1fh7,5.24,4.7382812
4o0a,6.72,6.0703125
1r0p,8.0,8.1640625
1o2r,5.21,4.8359375
3s8n,6.21,5.8710938
4ha5,7.24,6.9804688
4pzv,5.7,5.46875
3vje,8.01,7.9648438
1igj,10.0,9.34375
4r73,7.64,6.8515625
1w4q,5.26,4.6992188
1k6c,7.48,7.1171875
4d4d,5.96,5.15625
4igt,7.89,6.75
2x2r,7.12,7.2851562
3c4h,5.7,5.2109375
4z93,7.35,6.6367188
3nht,7.01,6.3203125
3iw6,5.48,5.234375
4fm8,5.97,5.7539062
4aci,2.22,2.2050781
4mr3,5.94,5.3632812
3ipu,7.32,6.6484375
3ewc,7.7,7.3710938
4u69,4.26,4.203125
2h5a,5.1,4.6796875
4p3h,6.0,4.9570312
2idw,8.89,9.171875
4ap7,7.96,8.078125
4i7j,3.32,3.3339844
4x5y,8.03,8.5546875
3dyo,2.3,2.2480469
1wvj,6.73,7.34375
2v3d,3.94,4.1054688
2hzl,6.57,6.3164062
2qrl,4.0,4.6171875
4omc,10.78,10.578125
2cli,4.3,4.6835938
2zfp,5.17,5.75
3zps,8.3,8.1875
1lol,6.39,6.1796875
3obx,3.89,4.40625
1n1m,5.7,6.0507812
1nfu,7.74,8.2421875
2ojj,8.7,8.9140625
3fwv,5.64,6.46875
4gzt,7.77,7.9726562
2j4g,6.6,6.71875
2qx0,6.11,6.6171875
3t0b,4.3,4.421875
4yzu,5.05,5.3671875
4cpw,7.5,7.890625
2zc9,6.74,7.7109375
4pum,6.73,7.2617188
4wa9,8.42,8.75
3mv0,3.85,4.5234375
4f39,5.7,6.3203125
4loy,8.09,8.0546875
3ekt,10.59,10.734375
3r4m,5.92,6.2578125
4zji,6.47,7.1914062
1x8t,7.8,7.2695312
4og4,6.02,6.2109375
1n5r,5.66,5.7539062
3k99,7.22,7.25
2r58,2.0,2.4101562
3cj2,4.85,5.3320312
4qtl,6.92,7.1054688
4kz3,2.77,3.4628906
4b0b,3.33,3.1171875
1g32,6.11,7.0078125
4m7j,6.11,6.2070312
4wr7,11.7,10.2890625
4o2p,6.7,6.6054688
3elc,2.69,2.7128906
1a4r,6.66,7.2695312
2zdn,6.25,6.15625
3shc,5.72,6.5664062
1k27,9.0,9.1171875
3mi2,7.77,7.5195312
2e1w,7.96,8.3671875
1uz8,4.96,4.890625
3rz0,7.55,7.2617188
4ygf,7.68,8.1875
2b07,6.43,6.5039062
2fw6,2.92,2.890625
4gzx,3.19,3.4921875
3ao1,2.26,2.1953125
4aj4,3.89,4.3398438
3b5j,5.68,5.9257812
4up5,2.6,3.1640625
2wyj,9.0,8.7109375
4uac,6.54,6.6523438
1v0l,7.55,6.859375
1w9u,6.09,6.203125
1oz0,7.7,7.71875
1upf,4.6,5.1171875
4kz7,2.49,2.8046875
2i4u,11.57,12.8046875
1bv7,10.3,10.484375
4uof,4.84,4.7148438
1km3,4.91,4.6875
1i9o,8.42,8.0625
3sap,7.59,7.4804688
4eb8,9.82,9.359375
3kdc,9.28,9.03125
2w5g,6.07,6.4296875
1hvl,9.95,10.9140625
4r4o,5.82,6.1015625
1ie9,10.19,10.6796875
4kxn,6.1,6.6445312
4q19,8.05,8.453125
1v2j,3.25,3.4179688
1uz1,6.89,6.5507812
4xu1,9.49,9.921875
4qjw,7.8,7.6835938
2o4s,10.51,9.875
4z0q,8.17,8.65625
3b3w,4.19,4.4960938
1y3v,5.64,6.2460938
3zm9,7.42,8.3203125
1nli,3.59,3.9667969
2ydt,5.52,6.109375
4mmm,3.82,4.515625
1tx7,4.6,4.6835938
1n3z,4.2,4.765625
3m8t,4.0,4.3125
3pb9,6.58,6.6953125
4b6r,5.85,6.6992188
4m8y,9.96,10.75
4b2l,3.24,3.6113281
4cpr,7.46,7.9960938
2uy5,5.49,5.7578125
4loi,6.77,7.015625
1bnt,9.8,10.09375
2jiw,4.59,4.890625
4aia,3.66,4.1054688
3ove,6.57,6.90625
1tni,4.0,4.4335938
4dkp,5.72,6.2460938
2qtn,3.42,3.6992188
3t85,7.95,7.9453125
2xda,6.22,6.03125
3tao,5.14,5.5195312
4xip,6.63,7.3789062
3ta1,3.25,3.2929688
2ya7,3.14,3.3339844
1dfo,6.7,7.2773438
1y0l,9.0,9.40625
3miy,7.68,8.15625
4ua8,6.26,6.5273438
3k8o,11.07,10.78125
1m0q,3.89,3.9628906
1rmz,8.0,8.234375
1e2l,4.29,4.59375
4q0k,4.87,5.078125
2wvz,4.02,4.2460938
1l8g,6.22,6.578125
2qi6,10.57,9.90625
1lag,6.3,6.9804688
4bi6,3.95,4.3320312
3mhl,7.25,8.1640625
2hnc,7.22,7.3945312
3guz,4.38,4.4375
4ase,11.0,11.0390625
2ews,6.62,6.7382812
1oar,7.4,7.4960938
2xde,5.47,5.59375
3bu1,8.15,8.09375
4h85,5.15,5.3046875
3r7o,8.36,8.3125
4ddy,5.62,6.0898438
2am4,3.72,4.1328125
5dq8,4.14,4.8046875
2r59,8.19,8.390625
2wzs,3.85,4.4804688
1lbf,7.85,8.453125
4kwf,4.82,4.984375
1b3h,6.21,5.7695312
4ijh,4.33,4.234375
4n6z,7.8,8.21875
2tmn,5.89,6.3632812
2qd7,9.1,8.9609375
1szd,4.54,5.1875
4ca8,6.68,7.25
2e2p,4.74,4.9648438
2r1y,4.51,4.0898438
4fs4,6.57,6.9335938
2zft,6.52,6.5742188
3tay,3.38,3.953125
4pin,5.4,5.1523438
2yln,7.68,7.1992188
3bqc,5.73,5.7578125
4duh,5.18,5.6015625
3iof,5.22,5.4101562
1o5c,5.22,5.3671875
1ro6,6.46,6.3554688
2yaz,5.14,5.9335938
2gz2,5.22,5.7851562
3i7e,10.85,11.5390625
3i4y,7.05,7.3476562
2fzc,2.7,2.8320312
1pph,5.92,6.1132812
1utm,3.01,2.8710938
4ymx,7.1,7.7382812
4ly1,7.26,6.8476562
2ca8,4.66,5.1796875
4djw,6.28,6.2070312
4nwc,5.76,6.1914062
3ljg,7.73,8.0703125
1g7v,6.4,6.7578125
4mc9,9.44,9.171875
4avj,7.44,8.25
4dst,2.96,2.8984375
4x48,6.77,6.734375
2r5p,8.48,8.84375
2pqc,5.74,6.3046875
2cen,8.3,8.28125
4c1y,3.6,3.4433594
1e6s,3.22,3.15625
1uwu,5.98,5.609375
3rv8,4.92,5.5546875
4ymh,6.46,6.3789062
4w9k,6.54,6.6679688
4cj4,3.36,3.4921875
2yxj,9.3,9.3671875
1qin,8.0,8.421875
5caq,8.57,9.140625
4yik,6.89,7.6640625
3s2v,6.8,7.1523438
2i4z,5.7,6.0507812
2w26,9.4,10.0546875
5btx,3.55,3.8769531
3ip5,6.22,6.1171875
4ly9,8.15,7.6835938
3kr4,7.6,7.9648438
1xk9,6.85,7.34375
5dqe,3.63,3.4941406
2psv,7.24,8.203125
1mu6,8.38,8.328125
4ge1,6.43,7.2539062
3e6y,5.6,6.0390625
4qfn,4.12,4.3359375
4i7k,3.04,2.8105469
4nl1,3.89,3.6757812
1zfq,7.52,8.25
3k4q,5.34,5.25
4uye,8.02,8.0703125
3m8u,4.89,5.5507812
3uil,6.0,6.1210938
3s77,7.21,8.03125
4z6i,6.31,6.7460938
3igp,7.02,7.5820312
4jsa,4.96,5.7070312
3jdw,3.6,3.7226562
4ih6,4.74,4.8046875
2w08,3.42,3.2207031
2d1n,8.15,8.9375
1afk,6.62,7.0546875
1qyg,6.85,7.15625
1lgw,4.0,3.7597656
4bc5,4.6,4.5703125
2vvp,3.4,3.5273438
1dud,4.82,5.2460938
3juq,4.91,5.2421875
3huc,5.99,6.265625
4pg9,7.8,7.65625
1jgl,8.7,9.21875
2eg8,4.5,4.40625
3sio,8.0,8.0859375
3s78,6.47,6.9609375
4rhx,5.8,6.1367188
3g08,8.16,8.4765625
2oax,8.65,9.40625
4csd,5.91,5.7070312
1jfh,2.05,2.2851562
2jgs,6.62,7.3554688
3b7j,5.17,5.4257812
4mc2,8.19,8.5234375
4el5,5.37,5.6640625
3pce,2.0,2.8085938
1ppl,8.55,8.046875
3d8y,3.4,3.4316406
4x11,2.22,1.9140625
3cd0,7.57,7.765625
1li2,4.04,4.2539062
3lq2,5.22,5.875
4rj8,7.77,8.234375
4i5c,8.82,8.5546875
1xr9,7.15,7.7226562
3f68,5.06,5.328125
3obq,3.54,3.4648438
1b8n,10.52,10.6484375
4b8y,8.05,8.875
2jdu,6.72,6.609375
3fk1,2.62,3.0371094
1xow,9.28,9.78125
4o0y,7.22,6.9101562
4luz,4.7,4.890625
4ncn,5.67,6.1953125
4g8v,5.8,5.265625
2wyg,8.7,8.75
4a6l,8.0,7.9335938
3oaf,8.8,8.6484375
3rtf,7.35,7.8398438
2vyt,2.74,2.453125
3n35,3.37,3.1914062
4cpt,7.7,7.7617188
1w13,8.7,8.953125
1a9q,6.17,5.9726562
2qu6,8.52,8.6328125
3f3u,4.74,4.640625
1gnn,5.68,5.453125
3dd8,7.85,8.2109375
4ido,4.93,5.171875
1kpm,5.8,5.46875
4q7w,2.64,2.4375
4ysl,5.8,6.015625
2avs,7.57,7.1367188
1fao,7.37,7.1953125
4jwk,8.32,8.1171875
1bwb,8.42,8.203125
4km2,5.84,6.2773438
5efc,4.85,4.6328125
2qbu,6.19,6.5507812
4q87,4.85,4.7265625
4riv,7.0,7.6835938
3ru1,4.85,5.3320312
1i7z,6.4,6.515625
4hp0,6.12,6.2148438
4cjq,3.59,3.2246094
4ra1,5.94,5.4453125
4loo,8.15,7.578125
3g19,6.67,6.2304688
4tpw,4.69,4.8359375
5cs3,2.15,2.3925781
4kzb,2.89,3.1328125
3q6w,7.57,7.5195312
1ejn,5.62,5.3125
3vhk,4.6,4.4179688
4de5,3.15,3.3476562
4hla,10.8,11.1796875
1e1x,5.89,5.4414062
2xbx,7.82,7.6757812
4dsy,4.43,3.9042969
4x5z,7.63,7.3320312
3nes,5.62,5.7109375
3td4,5.66,6.171875
1qbo,7.74,7.2460938
4nja,6.22,6.4179688
3drg,7.0,6.8984375
5dgw,11.05,12.203125
3q2j,4.18,3.9863281
4pow,6.3,6.3359375
3znr,7.44,7.3007812
4hj2,2.53,2.9609375
5e2p,8.8,9.109375
1f5l,5.28,5.4453125
2bal,6.31,5.9765625
3st5,11.3,10.9765625
3su2,7.35,7.7382812
1r1j,8.64,8.7109375
3zpu,8.38,7.9453125
3pn1,6.96,6.6289062
3wvm,5.71,5.8515625
1tom,8.3,8.3359375
4b7p,9.46,9.796875
4gu9,4.37,4.1992188
5d1r,4.84,4.9335938
4n6g,5.47,5.359375
4p6c,4.0,3.921875
4er2,9.3,9.171875
3p9l,5.3,4.7539062
1hvr,9.51,9.6640625
3hzm,5.52,5.453125
2dw7,4.7,4.4335938
3a9i,4.15,3.9472656
3hk1,6.17,6.6210938
4lch,10.62,11.1640625
4bf6,8.35,8.3359375
1lyx,4.54,4.5625
3hig,7.89,7.96875
3wq6,4.59,5.1523438
4g8m,7.89,8.3125
3t83,6.98,7.2539062
3hmp,5.49,5.3359375
3kv2,7.32,7.5625
1fhd,6.82,6.9296875
4pyy,7.23,7.125
3n0n,7.3,6.7304688
3fqe,8.3,8.328125
3zv7,5.92,6.1757812
3ie3,6.68,6.4101562
2i2b,2.44,2.3457031
1j16,3.84,3.8886719
3e12,5.99,5.5742188
1afl,6.28,6.4257812
1kv5,4.22,4.0195312
3gvb,2.59,2.3535156
4gqr,3.96,3.6328125
3ppr,2.82,2.7050781
3zbx,8.22,8.140625
4fys,4.82,4.9570312
3hkw,8.64,8.1640625
4j7d,4.7,4.7773438
4hbm,7.92,7.3242188
1nw7,5.09,5.1289062
1zsf,9.92,10.28125
3jrs,4.28,4.5351562
2w8w,2.12,1.5683594
4cws,7.92,7.9921875
4daf,7.12,7.4804688
3ms9,5.22,5.1289062
4gki,4.46,4.84375
3p3t,7.24,6.953125
2wly,6.6,6.71875
3rz7,8.96,9.2734375
3eft,7.92,7.7539062
1k6v,6.92,7.3671875
4bps,2.99,2.9257812
1v2l,4.29,4.21875
2jg0,7.82,7.84375
3pck,6.7,6.9296875
2boj,5.77,5.8164062
3n9s,5.26,5.1953125
4np2,2.26,2.0585938
3ekp,8.89,9.1171875
1nt1,8.89,8.6875
2wyf,4.43,4.71875
4f9u,6.03,6.3828125
1zog,7.15,7.109375
1hlk,5.0,5.25
4q8y,2.64,2.4042969
4mdn,6.22,6.0195312
186l,4.85,5.0078125
1uvt,7.64,7.7890625
2pvu,6.31,6.625
2g9q,6.4,6.4140625
1nny,7.66,7.4804688
3czv,7.8,7.9296875
1q72,6.85,6.7539062
2z1w,4.08,3.8378906
4f0c,6.27,5.9414062
3nik,3.45,3.5253906
3ny3,4.71,5.0742188
3pe2,9.76,10.9453125
4i9h,7.17,6.8398438
3po1,4.02,4.7265625
1d4y,11.1,12.03125
4fm7,7.24,7.5546875
3f70,4.85,4.7578125
3d1y,8.22,7.9335938
3kmx,4.82,5.296875
2pyy,4.6,4.9570312
1lbk,3.18,3.7148438
3pn4,6.85,7.34375
3nyx,7.49,7.7109375
3m3o,3.6,3.7519531
1oe8,5.52,5.2695312
4abd,4.4,3.8652344
2qtt,4.32,4.6015625
3gkz,8.0,7.8632812
2qwd,4.85,4.3984375
4p6w,9.15,8.921875
2ya8,5.75,5.3242188
3pb7,5.74,6.234375
3k8c,2.92,3.4589844
3tif,5.38,4.9492188
4fsl,7.7,8.3046875
1x38,8.77,7.984375
2w7y,6.08,6.0859375
4ek9,4.42,4.5
3o9d,10.72,10.9921875
3cz1,7.26,7.3320312
3okv,6.23,5.4179688
4wrb,6.19,6.3242188
4rqk,5.82,5.5
3qxt,5.22,4.9960938
2xib,7.26,7.140625
1avn,3.9,3.6425781
1apv,9.0,9.5625
2f6t,4.62,4.6835938
4bak,8.91,9.515625
2ccc,7.76,8.109375
2vvc,8.52,8.3828125
4lm0,3.25,3.296875
2exm,4.11,4.6054688
2ewb,6.1,6.3203125
2std,9.85,9.53125
3mhi,6.7,7.4179688
3v3l,6.43,6.5234375
3rf4,6.25,6.5703125
4ih3,4.82,5.015625
5cbr,5.74,5.9765625
4qf7,8.6,8.21875
4azi,7.45,7.2070312
3bzf,4.52,4.3554688
3f5l,3.72,4.2421875
2y5f,8.7,9.1328125
1k1o,6.17,6.1679688
2aqu,9.32,10.3515625
2uwp,6.81,7.234375
3ta0,3.47,3.3535156
3k02,5.0,5.7734375
2vsl,8.4,8.0703125
4jfm,5.48,5.4296875
2rcn,6.0,5.78125
6upj,6.32,6.7734375
4c5d,5.4,6.171875
3hzk,6.7,7.1445312
1zp8,8.77,8.6796875
3hku,8.3,8.0234375
3cyw,7.77,8.2734375
1qk4,4.21,4.46875
4cpz,7.68,7.6796875
4umc,3.44,3.921875
4trc,4.52,4.4804688
4lov,7.77,8.0234375
4b5w,3.33,3.5585938
3iod,4.1,4.234375
1amw,4.54,4.7734375
1tok,2.47,2.4296875
1om1,6.77,6.7148438
1b8o,10.64,9.953125
3ibu,9.15,10.3125
4o04,6.16,6.0390625
4b74,7.66,7.7226562
3tf6,6.4,6.1132812
1kjr,6.06,6.28125
4fev,5.42,5.8125
4emf,7.08,7.5546875
4i72,9.05,8.8828125
1iiq,7.48,7.8632812
4qll,3.38,3.4570312
1d3p,7.39,7.9960938
4u5o,2.42,2.40625
4g0p,3.01,3.2382812
2w47,4.98,4.8398438
4yes,8.02,8.125
2yix,8.48,8.7578125
4rdn,5.92,5.2851562
4fp1,4.57,4.3203125
2h15,5.67,5.0078125
3tfu,3.28,2.765625
2j7f,6.35,6.1992188
3zhx,6.68,6.484375
1fpc,7.0,6.6289062
4k4j,6.12,5.2851562
1gj7,7.89,7.96875
1thz,5.15,5.4101562
4r4c,5.54,5.9296875
4q4q,5.79,5.640625
1hp5,6.55,6.5429688
3t0d,2.37,2.3183594
4b7j,7.95,9.0
4j44,5.73,5.6171875
3bfu,6.27,6.1757812
1hdq,5.82,5.640625
1b5h,6.01,6.25
4qgi,3.9,4.6796875
3ddf,4.66,4.8515625
3qqa,5.82,5.6445312
4oct,5.05,4.9453125
4dko,6.52,6.7539062
2ha2,4.66,4.3007812
2vnt,8.0,8.0078125
1o3p,6.66,6.5625
3n4b,7.02,7.2695312
4j74,4.59,3.84375
3l4w,6.0,5.5546875
4jyt,7.4,7.1992188
1ctt,4.52,4.3554688
4u1b,5.31,5.078125
2on6,6.76,7.109375
1oau,7.7,6.7929688
4h81,5.12,4.828125
456c,9.77,9.5
4agc,10.7,10.4921875
3ivc,4.12,4.6914062
4l6t,7.49,6.9726562
3bva,6.52,6.796875
1swg,7.36,7.1835938
2q6f,5.44,5.3398438
3muz,3.46,3.2929688
1v0k,5.1,5.2265625
3f7h,7.09,6.9960938
4ovg,3.69,3.2109375
4djo,11.52,12.5859375
1zhy,6.52,6.6992188
2haw,4.92,4.5859375
2gvj,9.52,9.7578125
2p3i,3.48,3.2128906
4gii,8.74,8.2890625
1xap,8.7,8.796875
1f8d,3.4,2.984375
1ndw,5.23,5.2617188
1hnn,6.24,5.625
1cps,6.66,6.7578125
1cgl,6.87,6.515625
4lj8,5.82,5.2734375
2pnc,3.33,2.8574219
3sax,6.57,6.1835938
1ql9,5.35,5.234375
4oak,4.22,4.078125
2buv,4.0,3.7753906
4ibf,4.43,4.046875
1zvx,9.22,9.2734375
4h3f,9.0,8.96875
3zi0,7.4,6.6796875
1amk,4.3,4.3046875
1mmr,5.4,5.5078125
1n51,4.85,4.6210938
3ozg,9.19,9.8671875
3k5i,4.7,3.859375
2gj5,8.32,8.6328125
4q90,2.15,1.8125
2qbw,7.25,7.9296875
1hms,6.37,6.1640625
2xb7,9.19,8.5234375
1df8,9.7,8.9296875
2a4m,4.52,4.390625
5fl4,7.0,6.7773438
1w3k,4.3,4.2265625
4n07,6.46,6.9804688
4xir,6.94,6.9960938
4ucc,4.32,4.546875
1g85,5.48,5.4765625
1lpk,7.55,7.2460938
1f4f,4.62,4.8828125
1jn4,4.95,5.1328125
3gus,6.05,5.7734375
3mi3,5.45,5.4335938
4ghi,7.09,7.2734375
1m1b,4.66,4.8984375
4u70,5.02,4.8164062
4i7m,4.14,3.796875
3ff3,3.57,3.2773438
2zjw,7.7,7.5859375
1if8,9.64,9.8671875
2r9x,4.85,5.1015625
1f3e,6.7,7.21875
3exh,4.88,5.5039062
4nku,4.67,4.8242188
3vd4,4.82,5.0273438
3el1,9.64,9.234375
4ck3,3.57,3.6386719
1alw,6.52,6.6015625
3r0y,4.84,4.6679688
1atl,6.28,6.3203125
2fmb,8.7,8.765625
2ra6,4.52,4.2382812
2pwr,6.59,6.5078125
3gjw,8.3,8.3671875
2pyn,7.57,7.6757812
3su3,9.13,8.46875
4n9a,4.19,3.9160156
1yp9,5.11,4.9375
2uy0,6.92,7.0703125
4v27,6.66,5.546875
2ptz,7.82,7.640625
4y8x,8.43,7.8828125
5boj,7.0,6.3359375
2qi4,10.44,10.2578125
3b66,8.6,9.0
1ecv,4.85,4.9101562
3mho,6.49,6.4960938
1p19,4.11,3.765625
4e9u,5.82,5.375
1y20,5.32,5.0429688
2qfo,4.7,4.9023438
4abe,3.4,3.8964844
4dmw,4.94,4.9023438
3d50,4.77,5.0390625
2p3c,7.62,7.296875
1dgm,5.05,5.2734375
4afg,8.3,8.5
1tng,2.93,3.0820312
4cg8,6.96,7.0976562
1xh9,7.77,7.78125
4fl1,3.28,3.6054688
1gnm,6.25,6.1796875
4oc5,7.07,7.6445312
1qft,8.77,9.109375
3moh,2.84,3.5625
1k1j,7.55,7.609375
4n6h,9.28,9.8046875
2vwl,7.02,6.9335938
4a6s,5.2,5.1523438
3pwk,3.35,3.2402344
4ayq,7.33,7.4570312
3dk1,9.74,9.46875
1k1m,7.4,7.3671875
3ccw,7.87,8.3828125
2jjb,7.92,7.046875
2pu2,4.43,4.796875
4jh0,9.03,8.6875
4pft,8.64,8.390625
2v25,5.72,5.7460938
4nyf,7.31,6.9101562
4lvt,10.36,10.4375
4m8h,7.6,7.6367188
3ckb,2.98,3.3613281
3d1z,8.8,8.7578125
2euk,6.6,6.65625
3vw2,4.75,5.0429688
1pzo,3.32,3.2382812
1qb9,7.44,7.7890625
1b0h,6.7,6.9414062
3d8z,3.37,3.40625
3tfp,6.47,6.265625
3gy7,4.52,4.6367188
3qw5,6.45,6.5625
3s0b,6.49,6.6679688
1ez9,5.1,5.4023438
1ciz,7.44,7.9414062
4f5y,5.43,5.0664062
3kek,8.36,9.2578125
3lzz,3.84,3.6601562
4xiq,7.07,6.6523438
1tys,5.49,5.5390625
3el5,7.72,7.9179688
2a5s,6.7,6.8085938
1c70,10.3,10.5234375
4r59,7.96,8.2109375
4l19,6.1,6.3476562
4rd0,6.62,6.9921875
1gi1,5.47,5.4257812
1w3j,6.32,5.6914062
4heg,8.92,8.453125
3s8x,7.3,7.5429688
3hu3,6.89,6.984375
4q4p,6.39,6.578125
1c5y,4.2,4.5
3f80,4.22,4.2695312
3bgc,5.02,5.1445312
3c2r,3.11,3.4746094
2qpu,3.6,3.53125
3f7g,7.37,7.4453125
4jss,3.3,3.0019531
3zk6,6.34,6.3164062
2vmf,5.85,5.7304688
3iub,4.54,4.1640625
5std,10.49,11.3125
3rdo,9.85,9.890625
1rnm,3.07,3.0585938
3g34,2.96,2.7597656
2q89,6.3,5.859375
4q7v,3.59,3.359375
3kqr,4.43,4.28125
3iob,3.42,3.3476562
4b9z,4.09,4.203125
4ahu,2.27,2.4648438
3cct,7.56,7.9960938
1d2e,6.0,6.3710938
3ikg,7.24,7.203125
1p1o,5.76,6.3828125
2qi1,7.3,8.0390625
1ivp,7.52,7.3671875
2vo5,4.89,4.8632812
3gtc,2.35,2.0878906
3c84,7.85,7.7382812
1g35,8.14,7.9765625
1w0z,7.68,7.296875
4cc5,4.42,5.2695312
1yet,5.92,6.375
1sgu,5.37,5.28125
1kdk,9.05,9.203125
1oth,7.0,7.0664062
2yz3,6.66,6.59375
3iw5,6.08,6.3789062
2cle,3.55,3.8808594
3sur,4.15,4.7265625
4j46,5.28,5.0039062
2qwc,3.55,3.609375
3o5n,4.76,4.6367188
3g0e,7.7,7.84375
3v3q,6.6,6.4882812
3zqe,4.23,4.09375
4cd0,9.7,10.4375
3t70,6.3,6.1171875
3k37,8.92,8.7578125
1pot,5.49,6.1484375
4gah,6.1,5.6601562
3wjw,3.87,4.5273438
4rr6,6.0,5.8984375
2j7b,6.62,7.15625
3q1x,5.33,5.6210938
4q09,8.17,8.2109375
1fiv,6.59,7.359375
1hos,8.55,8.7109375
2jew,6.69,6.9257812
2aoc,4.89,5.6367188
4bco,6.88,7.0625
2oc2,8.52,8.484375
2wk6,3.32,3.7324219
1nhz,6.08,6.0507812
3wz6,5.96,5.9726562
2aog,6.28,5.859375
1b55,7.4,7.4335938
2zx8,9.64,8.703125
2a5c,4.62,4.9492188
2rkd,2.72,3.0136719
3v7x,8.57,9.234375
3u7m,7.45,7.7421875
4xu2,9.23,8.828125
4oeu,7.66,7.6679688
1mjj,8.74,8.2734375
1qbu,10.24,9.7890625
1uz4,3.4,3.3476562
4iif,5.18,5.7070312
1zs0,6.15,5.890625
4sga,7.3,6.7539062
3nee,5.34,5.234375
2q63,7.18,7.09375
3tk2,4.62,4.59375
2qci,8.34,7.8398438
1zc9,3.22,3.3847656
3hl7,7.64,7.6757812
4tt2,4.66,4.3828125
1i80,6.41,6.3554688
4llk,3.0,2.625
4ufi,6.2,5.5703125
3s5y,7.41,7.6992188
2gzl,4.82,4.734375
1t31,8.64,7.9140625
4asj,7.55,7.7109375
1toj,3.39,3.3242188
2ojg,5.64,5.921875
4bks,3.82,3.4570312
3uxl,5.57,5.2890625
4rlu,4.82,5.0820312
1ws1,9.55,9.7265625
4qfp,4.23,4.953125
3cd7,7.84,7.375
1f0t,6.0,5.7304688
2j34,7.82,8.2421875
4j47,4.92,4.5117188
3dgo,6.74,6.3867188
4og3,6.55,6.3710938
4lj5,6.29,5.6171875
2o4n,7.82,7.34375
1h4w,4.66,5.0625
4p6x,7.04,6.4179688
4ynl,4.62,4.46875
2i4d,11.68,11.5234375
4xu3,9.5,8.6796875
2f7o,7.44,6.9335938
4fnn,7.57,7.875
3gsm,6.48,6.15625
3qbc,4.97,4.7382812
4djq,10.32,10.2421875
4rpn,6.96,7.1054688
1v2n,5.9,5.59375
1hvk,10.96,10.859375
1fzm,7.7,7.703125
3hek,8.27,8.3046875
1c5p,4.68,4.0898438
4unp,3.23,3.03125
4yml,8.35,8.2578125
3aau,5.05,4.4414062
1ebz,9.4,9.25
3l4z,6.72,6.2539062
3ikd,6.75,6.59375
2jkp,4.23,3.9902344
1dif,10.66,9.9609375
1k1n,6.82,6.5117188
2qwf,5.67,4.5078125
1a28,8.29,7.8554688
4hdp,7.51,7.2734375
4ffs,10.44,9.921875
2xeg,10.7,11.6484375
1y3x,5.14,5.1914062
4d8z,6.29,6.078125
2o4l,9.22,7.78125
2x09,3.76,3.2207031
3sk2,3.61,3.4257812
4psb,4.64,4.5820312
3kyq,4.22,4.3632812
1a8i,5.52,5.125
3po6,7.06,6.7109375
4uma,5.41,5.3671875
4np9,5.03,4.484375
3x00,9.08,8.5546875
4cd5,6.71,6.1171875
5ceq,7.38,6.703125
4i54,6.96,6.4140625
3k00,5.77,5.5507812
6cpa,11.52,12.15625
4non,5.24,4.1953125
1qkb,7.35,7.1679688
1iih,2.89,2.8867188
2obf,8.85,8.09375
1f57,5.64,5.7421875
1jys,3.52,3.0488281
3zyu,7.0,6.9570312
3n8k,4.05,4.078125
3ubd,5.54,5.2539062
4hwp,7.76,7.59375
4mn3,5.75,5.9179688
3mz6,7.2,6.9609375
5cbs,5.41,4.9921875
1h2t,7.89,8.1484375
3bxh,4.03,4.1367188
4del,7.68,7.1484375
3a2o,9.08,8.6484375
3ps1,10.17,10.109375
1bju,4.8,4.59375
4w52,3.76,3.3691406
4rd3,6.47,7.1679688
2j77,4.89,4.5273438
3bgs,9.42,9.3671875
3zj6,6.66,5.7734375
4u6z,5.41,5.515625
4k0y,7.82,7.6015625
3t2q,3.66,3.9765625
5am7,7.19,7.2148438
4m2u,8.04,7.4101562
4cwp,6.77,6.28125
3sjf,7.64,7.953125
2hmv,7.7,7.4570312
1gaf,8.0,7.7226562
4er1,6.62,6.7226562
2r3t,5.85,5.296875
4zwz,8.7,8.6484375
4xar,6.97,6.234375
4cjr,3.1,2.6699219
4b5d,7.89,7.6523438
4oiv,5.08,4.6523438
4ymg,4.68,4.5820312
4kb9,11.0,10.9375
4gqp,9.6,8.7265625
2xye,8.34,7.7265625
3cdb,7.02,6.5976562
3nu3,9.82,9.953125
4fxq,5.77,5.5664062
4gr3,7.81,7.2148438
1gvx,7.22,7.8476562
3f78,3.1,2.9746094
3r4n,6.89,6.9765625
2pvl,7.62,7.1601562
4yc9,8.89,8.8125
4ejl,5.14,4.78125
1s89,5.24,4.9453125
1xws,8.0,7.4492188
1ele,6.85,6.421875
3eqr,8.7,8.6640625
4zwx,8.7,7.25
2aac,2.22,2.7050781
4km0,6.04,5.6835938
3p3r,7.25,6.9453125
1hn4,3.82,3.8964844
4h3g,8.22,7.5195312
3ekv,9.41,9.8125
2xdx,6.46,5.5351562
4qiy,7.3,7.15625
3m35,7.22,8.0234375
1sqo,7.46,7.5351562
3zln,8.47,7.9726562
4k7i,2.82,3.0546875
2qzr,7.26,6.9726562
4ury,2.22,2.4765625
3v2q,6.29,6.4257812
3tt4,8.28,8.34375
1vfn,5.6,4.8203125
2qwb,2.74,2.03125
4re2,4.98,4.453125
3ffg,9.08,8.453125
4mss,6.4,6.5351562
4ngp,7.96,7.8203125
2vk6,5.3,4.8164062
1l83,3.4,3.4882812
3c8a,6.18,5.9921875
2hjb,4.39,4.1601562
3veh,4.96,4.75
2vjx,4.96,5.1289062
2f80,8.18,7.9882812
4f3k,10.16,9.015625
1ork,8.81,9.171875
2f35,5.4,5.0703125
4ouj,2.86,2.7890625
3t82,7.0,6.8554688
4o6w,8.52,8.0625
1od8,5.1,5.4609375
2olb,5.54,5.46875
4wkn,9.72,8.53125
2o4k,10.46,10.6640625
3p58,7.6,7.078125
4qem,7.8,6.9960938
1g3d,5.55,4.9453125
3v78,5.54,6.0273438
1w3l,6.28,5.0742188
4flp,6.72,6.609375
4qev,7.66,7.8554688
4zeb,6.52,6.28125
3ies,9.92,8.8984375
4tkb,5.59,5.3710938
4ij1,5.4,4.7460938
5e8f,8.64,8.3828125
2hkf,6.38,5.9804688
2zdm,6.41,5.78125
4nue,6.82,6.1289062
4zei,5.88,5.8632812
2r0h,3.51,3.3808594
3p3s,7.59,7.4492188
2bvd,6.0,4.5742188
3fuz,6.54,6.7695312
2p3a,7.96,7.5039062
4gzw,4.52,4.2851562
1b05,7.12,7.0976562
4acc,7.7,7.5234375
4ipi,5.32,5.1132812
3f8f,6.63,6.359375
1f4x,5.59,4.7460938
4uin,7.62,7.9960938
4nh8,8.52,8.5390625
3ppm,9.54,9.2109375
3ekr,7.52,7.6367188
2bpv,7.67,7.6679688
1m2q,6.1,6.2734375
4ahr,2.19,1.9111328
3fat,7.64,7.2382812
4x8u,2.46,2.4160156
3f8c,7.68,7.1523438
2yme,7.66,7.78125
3u3u,6.88,6.3671875
3ljo,6.62,6.3515625
3dcc,8.96,8.3359375
3ujc,4.59,4.5585938
2qrq,5.1,4.7539062
4b6o,7.0,6.9023438
2gyi,7.0,6.4960938
2qdt,5.19,5.25
2rin,4.0,4.0625
3o84,7.24,6.4414062
5efa,4.83,5.4414062
1nja,6.31,5.734375
2cc7,8.01,6.75
1egh,5.7,5.5390625
4kxb,4.12,3.296875
4zzx,6.9,6.8046875
3vhc,8.89,8.0703125
1bq4,5.22,5.3164062
1mfd,5.31,5.421875
2q54,9.01,9.1015625
5cap,7.28,6.4921875
4nnr,7.26,6.6875
3gss,5.82,5.3476562
1qbn,5.85,4.7851562
4z2b,7.76,6.9804688
3ibn,7.61,7.5742188
1izh,7.7,7.3242188
1sbg,7.74,7.9140625
3vhd,9.28,8.7265625
1gar,10.0,9.8515625
2glp,5.01,5.0039062
4ehz,8.0,7.5429688
4r4t,6.26,6.1835938
1f8b,5.4,4.9804688
3c8b,6.1,6.0351562
1sw2,7.22,7.0742188
4q7p,4.32,3.9765625
3nu4,8.82,8.3671875
1o2q,7.68,7.2304688
1o0f,5.3,5.4179688
2qi0,7.38,7.0351562
1owe,6.2,6.28125
3l0v,7.64,7.625
1yej,7.46,8.0078125
3d1x,8.66,8.2109375
1toi,4.05,3.6015625
1u0g,6.15,6.2890625
3h78,4.24,3.9257812
3e5u,5.85,5.6171875
184l,4.72,5.1210938
2zfs,6.54,6.5
1w4p,4.74,4.921875
3ldq,5.36,5.8046875
2v58,9.09,8.984375
2e94,8.0,7.5859375
4gg7,8.2,7.6875
4i7p,3.5,3.6308594
4y0a,2.31,2.3359375
1gi7,4.51,3.8984375
4l2l,5.7,6.046875
2bo4,4.61,4.3632812
4qf9,4.43,4.8242188
3ok9,11.23,10.8828125
4msa,3.3,3.1386719
1mmq,7.52,7.734375
2v54,4.6,4.5546875
3fed,7.46,7.2578125
4qij,5.54,5.5429688
2jds,8.2,7.1835938
5fl5,8.19,7.6171875
3uw4,7.77,7.4179688
2cbz,3.93,3.4765625
2rcb,6.79,6.53125
3ucj,6.0,6.2148438
1hbv,6.37,6.2734375
1qji,4.85,4.53125
1bzy,8.34,7.7578125
3ozr,5.15,4.8320312
1ex8,6.33,6.59375
4e70,5.28,5.3125
2oxn,7.44,7.1054688
1k9s,6.52,6.53125
1qbs,9.47,8.46875
2hw2,2.97,2.5878906
3rsr,4.36,4.4375
3b26,6.64,6.1484375
3tzm,7.77,7.7890625
1ado,6.0,6.4570312
2zn7,7.89,7.3125
4jpx,5.15,4.484375
1zoh,7.0,6.578125
3t3c,10.23,8.984375
3mof,3.07,3.1425781
4ipj,4.87,4.953125
3hvh,8.52,8.3828125
4arw,7.13,7.4726562
4e4n,9.05,8.9921875
3uxk,4.93,4.9179688
1oss,4.79,4.5585938
1nl9,5.96,5.4882812
2hxm,5.22,5.2109375
3mf5,5.36,5.5820312
3gi5,11.22,10.7890625
2oxy,6.52,5.6757812
2y81,8.7,8.671875
3hub,8.09,7.3632812
3qlm,6.37,6.5234375
1s5z,3.21,3.2773438
1rpf,3.99,3.8671875
2usn,6.51,6.390625
3d9z,8.7,8.359375
3d91,9.15,9.375
4gfo,6.62,5.9101562
1xgi,4.85,4.46875
3t3u,8.6,8.3828125
4eo6,8.7,8.7578125
2i4x,11.72,10.4921875
1ch8,7.0,6.9609375
1kuk,3.91,3.7421875
1elr,4.96,4.8242188
4yhq,8.77,8.6015625
3ml2,8.05,8.3359375
4bj8,8.29,7.7890625
3jy0,8.3,8.734375
4qew,7.07,6.84375
3bl1,5.6,5.1835938
4epy,3.47,3.1601562
3ewj,6.84,6.7851562
3a1d,4.12,3.7089844
4m12,6.05,5.875
2gv7,7.85,8.2109375
3wz7,5.74,5.2695312
1kv1,5.94,6.0078125
4pb2,4.8,4.5585938
2h4n,8.7,8.3046875
1pbq,6.27,6.0039062
4h42,3.47,3.1992188
1mrs,3.96,3.4648438
2xmy,9.96,9.46875
4pv5,6.54,6.0390625
2ayr,9.29,8.953125
3fh7,7.6,7.3945312
3fee,6.64,6.1835938
1zfk,7.92,8.140625
1gu1,4.52,4.2148438
3sw8,4.5,4.296875
1ugx,5.91,6.0742188
4g90,4.51,4.1679688
3fvn,6.77,6.5546875
4omj,5.26,5.0546875
1ct8,6.52,6.8164062
2whp,4.0,3.8691406
1pr5,3.92,3.4824219
1j4r,7.72,7.9140625
2sim,3.42,3.0097656
4ca6,6.74,6.5546875
2j27,3.52,3.8691406
4gqq,2.89,2.7792969
1d4k,9.22,9.296875
3bf1,2.52,2.8222656
3imc,2.96,3.0078125
1o33,5.74,5.6992188
3ujd,4.69,4.6484375
4o09,7.7,7.6171875
3mmf,7.43,8.0625
2bz6,7.09,7.7734375
2wky,8.59,7.6210938
4q83,4.19,4.0351562
4i8n,4.46,4.6992188
4ual,8.4,8.1171875
2i80,5.4,5.1640625
1g1d,9.44,8.9609375
3iph,7.6,7.9492188
3o9e,11.3,11.234375
2v2h,3.77,3.6582031
1fv0,5.93,6.5898438
4kqp,6.05,6.5390625
4mmp,7.71,8.2890625
1hmr,6.55,6.7929688
4bam,8.94,8.875
4ibj,4.33,4.5078125
2bak,7.43,7.6367188
3b2q,4.55,4.9140625
3s75,6.82,7.4257812
3wtl,7.04,7.125
1cbx,6.35,6.1054688
3aas,4.51,4.53125
4ibe,4.15,4.1679688
2nt7,6.52,6.734375
4gu6,7.36,7.5351562
3f3t,4.59,4.5546875
2x95,4.95,5.3320312
4yth,8.7,9.0546875
1uj5,3.05,3.0
3vfb,9.04,10.1640625
3o75,6.68,6.7539062
2yi7,8.32,7.9179688
3g35,4.68,4.796875
2xm1,5.07,4.703125
1q54,5.85,6.1679688
2r0z,5.47,6.0742188
4gzp,7.84,7.9296875
2isw,7.43,7.8203125
3kiv,4.7,4.734375
2izl,6.0,6.1679688
1uwf,6.82,6.6328125
4w9d,4.99,4.7617188
4azb,7.24,7.3085938
3d8w,8.15,8.6640625
1ii5,6.62,6.734375
4kn1,6.84,6.9375
4a95,5.76,6.0
2evl,6.7,6.9726562
2pv1,7.14,7.21875
3nex,6.0,6.4609375
2pou,7.42,7.4570312
4bcn,7.92,8.3203125
4j48,5.62,6.4570312
4elh,8.09,8.6171875
3rv4,2.3,2.1035156
3g32,3.71,3.5078125
4zba,5.51,5.5898438
3vw1,4.67,4.8476562
3nu5,8.35,8.640625
4q3u,6.44,7.0117188
1k4g,5.85,6.1054688
1z6s,4.34,4.5585938
2j79,5.96,6.0703125
4ufh,6.42,6.0507812
4q9y,5.68,5.8554688
1wur,6.66,7.3476562
2amt,4.44,4.3515625
3dhv,2.96,3.0488281
4oma,4.17,4.6796875
2fgv,6.12,6.8710938
1ndy,6.17,6.7929688
3b7r,7.7,7.5078125
2pov,7.12,7.453125
4ruz,7.64,7.6328125
3roc,8.19,8.25
3u6i,9.0,8.78125
2uy4,4.68,4.765625
4a4q,9.4,10.03125
3c88,6.8,6.3359375
1gyy,3.64,3.7050781
3kdb,9.85,9.4296875
4mjp,3.88,3.9492188
1h46,3.57,3.3144531
4m3p,5.4,5.4335938
3vfa,9.19,9.1171875
4phu,7.92,8.3046875
4ljh,4.71,4.671875
4d1j,6.31,6.4960938
2fxu,8.15,8.5234375
2xjx,9.15,10.078125
1n8v,6.03,6.0742188
1l6m,8.1,7.9882812
1kug,3.8,3.8886719
3gy2,5.74,6.0703125
4cps,8.27,7.90625
4u6c,5.0,5.125
5afv,5.59,5.7148438
4kp5,6.08,5.8046875
1c88,5.29,5.4453125
1ajx,7.91,8.171875
1bxr,3.4,3.6933594
3b4p,5.4,5.1796875
4poj,8.1,7.921875
4crb,7.57,8.078125
1tsy,4.96,4.7421875
2o4j,10.1,10.3125
1o30,6.77,6.8085938
2jke,4.23,4.3710938
2ygf,5.09,4.8867188
2r2w,4.47,4.7773438
3bxe,5.48,5.6875
2wc3,6.08,6.0703125
1fkw,5.05,5.1132812
3ap4,3.92,4.3515625
1yda,6.55,6.8242188
1n4k,10.05,10.015625
3hky,7.1,7.7539062
4kyk,4.74,5.1367188
1bcd,8.7,10.0546875
1ype,8.1,7.9140625
1xjd,9.48,8.1015625
1tmn,7.3,7.4414062
3mzc,6.65,6.4726562
1o2n,6.09,5.9140625
2pgz,5.74,5.0585938
2wzm,5.22,4.71875
4nze,6.8,6.09375
4ara,6.05,5.7851562
4ufm,3.72,3.1640625
1g4j,8.7,8.1328125
3u7l,7.28,6.5585938
4r74,8.1,8.484375
1aaq,8.4,8.15625
5amg,8.22,8.4453125
1kel,7.28,7.2460938
1qbt,10.62,9.6796875
4ql1,7.03,6.625
4etz,6.3,6.2695312
1bxq,7.38,6.953125
1fcy,8.52,7.9101562
4fz3,3.73,3.8886719
1y3n,5.55,5.1210938
3kgq,2.3,2.1464844
4btk,6.62,6.1875
1bgq,8.57,8.140625
3n2p,7.82,6.890625
2vpe,4.94,4.4179688
4g5f,3.05,2.5683594
2v95,8.3,8.140625
4wn5,7.41,6.7734375
3c8e,4.15,4.2578125
4fht,6.17,5.4179688
4dkq,6.6,6.4492188
1n0s,7.45,7.3359375
4x5q,9.0,8.40625
4b5t,3.33,3.1035156
3djk,10.59,11.0
3fql,7.15,6.453125
4i8z,11.05,10.640625
4tqn,6.11,5.9375
2hzy,7.39,7.1601562
4jal,4.6,4.0585938
4lm4,3.04,3.046875
2iw4,9.3,8.1484375
3c79,7.2,6.5703125
4ksy,8.42,8.1875
2qd6,8.68,8.40625
3lxk,9.8,9.5078125
4kp8,5.48,5.0742188
4qgd,7.43,6.4140625
1pxp,6.66,6.8515625
1laf,7.85,6.765625
1duv,11.8,11.6328125
3f8e,7.23,6.2851562
4qxr,6.0,5.8476562
4hf4,8.62,7.6835938
3wgg,4.4,3.8925781
1ssq,6.0,6.296875
4or6,5.31,5.1640625
1rtf,3.04,3.0429688
1fzq,7.62,6.703125
4llp,4.8,4.2773438
3v5p,8.96,8.7421875
3old,5.9,5.6679688
2bt9,6.19,5.5273438
3lcu,3.52,3.3984375
4dds,5.01,5.328125
4v01,8.11,7.5039062
2x4z,8.57,8.4296875
4tkh,5.74,5.125
4jkw,4.16,3.8632812
3oyw,4.11,4.2460938
1sw1,7.3,6.5820312
1c3e,6.59,6.7890625
4iid,5.62,5.2539062
3t5u,7.59,6.6367188
4cwr,8.3,7.765625
1kav,5.82,5.8867188
3l59,3.7,3.6425781
4u5n,2.48,2.3984375
5cc2,4.1,3.8828125
1bnn,10.0,9.5234375
2wjg,7.1,6.3085938
3fhb,5.7,5.2890625
3ckz,8.72,8.3125
3qxv,8.4,8.6640625
3d0b,6.54,6.3945312
1fd0,8.4,7.5585938
3vf5,9.34,8.765625
4ad3,4.62,4.9960938
1ctu,11.92,11.484375
1gai,8.0,7.7773438
4zec,5.82,6.0390625
4h3j,7.05,7.046875
4pge,7.77,7.1289062
4kax,4.77,4.5625
3b67,8.85,8.8359375
3l7a,4.33,4.078125
2vpn,6.72,6.078125
1nki,6.7,6.7148438
2xjg,7.82,7.75
2wl0,7.8,7.5546875
4n8q,3.42,3.359375
2e92,6.89,6.703125
2r2m,7.33,7.15625
3iww,7.96,7.875
3nox,8.66,7.6875
2hf8,5.47,5.34375
3d7z,7.92,7.6601562
3nyd,3.48,3.2753906
4oc2,8.28,8.3203125
3wto,6.92,6.5195312
1xbo,6.04,5.515625
3f16,8.23,7.8476562
2fqx,7.15,6.9765625
2xj2,7.18,6.5703125
3tfn,6.57,6.1289062
2v59,7.74,6.8398438
4f7v,5.38,5.2109375
1ugp,2.89,2.8828125
2xog,3.43,3.2207031
3f15,8.1,8.3359375
3rdq,9.31,8.796875
4x24,9.78,9.1796875
3sug,6.21,5.9453125
2j7d,7.13,6.7890625
4bcs,6.99,6.6328125
1x8j,6.96,6.5664062
4a6c,7.92,7.3320312
4abb,4.51,5.1054688
3s73,8.7,8.0703125
3myq,7.52,7.8828125
2wkz,8.77,8.7109375
4xy8,6.4,6.84375
1wht,3.7,3.9609375
3hfb,7.52,6.9453125
3hll,8.24,8.578125
3nim,4.75,4.8515625
3sue,9.08,8.6015625
3sv2,4.19,4.1171875
1jsv,5.7,5.7382812
1c3x,3.68,3.9433594
1gi4,7.19,7.1484375
3u6h,9.0,8.296875
3qfy,6.12,5.984375
4ban,8.61,9.0859375
4zj6,8.52,8.515625
4tkj,6.04,6.2421875
3bgq,7.96,8.0234375
2p16,10.1,9.8203125
4nxu,5.54,5.2617188
3p5l,7.39,7.0742188
4lar,4.68,4.9570312
4o0x,7.17,7.578125
4mc6,9.59,9.75
1xh4,7.47,7.296875
1uv6,5.12,5.09375
1ecq,3.0,2.7421875
1f0r,7.66,7.6367188
3dbu,8.06,7.9335938
3fjg,3.73,3.4589844
2gkl,5.35,5.09375
4xaq,7.14,7.0429688
2fqy,6.57,6.859375
1usk,6.4,6.53125
1g45,8.64,9.09375
3qyy,5.08,4.9257812
3n2u,7.84,8.171875
4lzr,4.7,4.6796875
1f73,2.39,2.6230469
1v1j,4.82,4.9648438
1g2k,7.96,7.6523438
2fqo,6.43,6.3085938
4u73,5.18,4.6171875
4u4x,5.01,5.1210938
2qi7,10.21,10.9453125
2pqb,7.2,6.59375
1ec3,9.04,8.6796875
3dln,6.6,6.9492188
3f5j,4.28,4.3085938
4u71,5.22,5.21875
2qrk,4.26,3.8828125
5c3p,4.46,4.3945312
1s63,9.05,9.3125
2w67,4.96,4.9765625
3t6b,6.36,6.4179688
1flr,10.0,9.21875
1bjv,5.54,5.4296875
1q7a,7.19,7.1289062
4nuc,6.04,6.1328125
4mrg,2.96,3.1152344
3lpk,9.1,9.3046875
4p5z,7.41,7.6484375
2xn5,6.69,6.5195312
3a6t,7.28,7.1015625
4p58,4.6,4.4023438
2vuk,3.9,3.65625
1fcz,9.22,9.359375
1ucn,5.22,5.3046875
5egm,8.62,8.7578125
4q1x,11.15,11.6796875
3r24,5.25,5.3046875
4f6u,6.15,5.6875
3l6h,5.4,5.015625
1gjd,5.22,5.8359375
5c8n,7.55,7.4179688
3g1v,3.19,3.5742188
5c1m,10.8,10.734375
1e5j,4.0,3.6777344
3c56,7.89,6.6875
3o8p,6.46,5.9492188
2xg9,4.15,4.578125
2pfy,6.52,6.75
4hdf,8.49,8.71875
2vh6,9.7,9.265625
4i7l,3.99,3.6542969
1y1z,3.08,3.046875
4lps,5.74,5.2148438
2qrm,4.03,4.5351562
4qsv,2.0,2.0
5cp9,3.51,2.9179688
4ovh,4.85,4.9296875
1t4v,7.68,7.2578125
3rbu,9.43,9.0703125
3zsy,3.23,3.1269531
4s1g,9.22,9.09375
3ldp,5.62,5.7226562
1koj,6.7,6.6640625
4ty6,7.52,6.9726562
4x6n,8.82,8.5078125
4jz1,6.7,6.9609375
3nuo,9.8,9.765625
3lgs,4.61,4.7070312
1pro,11.3,11.078125
4kfq,8.23,7.828125
3q44,6.31,6.3554688
2eum,6.7,6.5546875
4do5,5.83,5.5429688
4k9y,6.95,6.3398438
1c1v,7.64,7.6289062
3rm4,5.77,5.6757812
4o3c,2.59,3.1816406
3rdv,4.91,4.9179688
4r5b,6.73,7.03125
2v2c,3.41,3.9921875
4hw3,6.49,6.2734375
4ks4,7.14,6.9960938
2x96,4.03,4.3945312
1efy,8.22,8.1015625
2pwc,6.57,6.4492188
1v2t,4.71,4.7578125
1fkh,8.15,7.8789062
4jn2,11.68,12.046875
3njq,4.89,4.8789062
4lxz,6.74,6.3085938
1sb1,6.89,6.3632812
1qka,5.92,6.359375
3a1s,4.83,4.7109375
4qy3,6.82,6.4726562
3g5k,9.52,10.3359375
4css,8.46,8.828125
3zq9,6.02,6.484375
1w11,8.22,8.71875
3d7k,4.6,4.7226562
4bxk,7.95,7.9179688
2x7t,6.63,7.9101562
1a94,7.85,7.65625
4l4z,5.68,6.0546875
2h4k,5.49,5.3085938
1o2o,6.36,6.4414062
3qx5,4.2,4.1484375
5upj,7.12,7.1289062
4fut,6.51,6.8632812
2bqv,8.05,7.96875
3aho,7.05,6.6640625
1o5e,5.74,5.90625
3hl5,4.47,4.5273438
3hkq,5.34,5.671875
1b4z,5.23,5.3046875
4ymq,5.8,5.78125
4je7,6.4,6.6132812
1det,4.3,4.4960938
3jzg,4.4,4.6210938
1w5x,8.4,8.4140625
3sr4,6.54,6.7851562
1dzk,6.1,6.0429688
1j37,8.96,8.859375
4ts1,4.94,4.6679688
4uoh,4.77,4.6601562
1zdp,5.74,5.8554688
3tmk,6.87,8.15625
3u7s,8.43,9.5859375
1ndz,8.11,7.6796875
4n3l,7.0,6.8984375
2x91,6.74,6.6015625
3d83,8.36,8.84375
2h21,6.54,6.8242188
4g8n,7.2,7.1875
4b76,4.54,4.4648438
3arw,6.15,6.3085938
4dkr,6.52,6.3945312
1xkk,8.52,9.0546875
4iva,7.16,7.6328125
4d3h,6.43,6.625
1o7o,4.49,4.9765625
4cu8,4.47,4.2773438
3rz5,7.89,8.0546875
4aqh,6.54,6.7617188
4q4r,6.43,6.640625
4bb9,6.0,7.1953125
4n9c,3.9,4.2226562
1nh0,9.74,9.515625
3p8o,8.72,8.8359375
3pwm,9.1,9.1328125
2wed,6.1,6.7929688
2yk1,8.13,8.3046875
3w37,5.18,5.2890625
3m67,6.74,6.8125
4rd6,6.28,6.125
3lzs,10.96,11.8828125
3fj7,3.71,3.5449219
3lvw,2.67,2.7675781
1ohr,8.7,8.921875
4io7,3.68,3.6152344
3ioc,3.68,3.703125
3m3e,4.43,4.4726562
2vw2,3.3,3.4550781
3ime,3.0,2.625
3da9,5.51,5.8632812
1g54,8.82,9.3359375
1v1m,3.94,3.78125
3mhc,7.96,8.1875
3g2l,3.87,4.3398438
1d7j,3.3,3.6171875
1d9i,9.11,8.8671875
1xff,4.82,4.8515625
2tpi,4.31,4.5820312
3r6c,4.72,4.71875
3t84,6.97,7.4257812
5cas,8.85,8.6171875
4avs,3.49,3.4257812
1pme,9.4,9.046875
1bty,4.74,4.5664062
2g94,9.52,10.046875
4ibd,3.67,3.5859375
1ftm,7.61,7.8789062
4q93,4.65,4.9101562
2x6x,3.68,3.6542969
3slz,6.99,7.2578125
2r38,7.44,7.4570312
4cd1,4.89,4.984375
2qv7,3.66,3.9121094
1ttm,7.35,6.6445312
1aj7,3.87,4.0742188
2ov4,4.74,4.6289062
3sus,4.15,4.3710938
4cs9,2.1,2.6757812
1c5q,6.36,6.34375
1epo,7.96,7.7226562
1b4h,5.46,5.3945312
3vx3,7.82,7.78125
3obu,4.3,4.1484375
2rio,4.69,4.8984375
4q4o,7.46,8.09375
4rux,7.92,7.2148438
1lkk,6.85,7.4023438
3tkw,5.27,5.3554688
1utj,3.84,4.0898438
1eld,6.7,6.3398438
2uwl,8.4,8.5078125
3zxz,8.4,8.125
1dar,4.96,5.0429688
3k97,8.0,8.1328125
1jmg,6.07,6.09375
4yc0,4.13,4.0078125
3s8l,5.64,5.5078125
4ozj,5.4,5.4335938
4ajl,3.8,3.4003906
1drj,7.4,8.1484375
3hvk,8.52,7.96875
3rt4,8.8,9.2421875
1g7q,6.06,6.203125
5bs4,11.0,11.015625
2wf5,6.0,5.4960938
4mre,2.19,2.0
3hcm,3.3,3.2753906
4br3,5.72,5.6601562
2xm2,4.62,4.171875
2r2b,4.2,3.8125
4b6s,6.01,5.7539062
1srg,5.3,5.2539062
3efs,5.34,4.7578125
3mhm,7.0,7.2226562
4el0,4.49,4.1328125
3w9r,6.18,6.2226562
1o3d,7.13,7.4414062
3l3n,8.18,7.3125
2bmk,5.62,5.4921875
3g2i,4.86,5.03125
2fqt,6.14,6.1953125
2qrg,5.18,5.3359375
2aj8,6.2,6.0039062
1qb1,6.77,6.3828125
3gba,9.07,9.1875
1gfy,5.08,5.140625
4o61,4.3,3.8632812
3fl5,7.28,7.2929688
3cke,6.1,6.0195312
3t1l,3.26,3.0644531
2qpq,6.37,6.4335938
1w9v,6.34,6.53125
1j17,5.22,5.1875
3dne,5.22,5.265625
4lm1,3.23,3.4257812
1qf0,7.38,7.3867188
1jvu,5.15,5.2148438
3si4,3.88,3.7167969
2d0k,5.02,5.1796875
2z4o,9.57,10.3046875
1yvm,6.4,6.3085938
2f34,6.89,7.1601562
2hoc,9.52,8.9453125
3l1n,5.63,5.3789062
3gs6,6.59,6.34375
4nra,4.19,3.8828125
2xbw,8.0,8.0
1ur9,5.77,5.5898438
4oag,6.3,5.6132812
3k1j,6.4,6.5234375
2p4s,9.51,8.7890625
2hhn,7.49,7.4960938
3gdt,7.19,6.2304688
1m2p,6.11,6.2148438
2f9k,7.07,7.3359375
3i6o,10.35,9.9453125
3suw,4.7,4.4765625
4k7n,3.48,3.5195312
1kzn,8.92,8.8515625
2r75,6.15,6.6210938
2xjj,6.51,6.234375
4h7q,5.06,5.0429688
4ymb,6.21,5.84375
3pd9,6.22,6.3125
4o2c,8.0,7.84375
4y79,7.96,8.359375
2e2r,8.26,8.515625
1hxb,9.92,9.09375
2xht,5.96,6.1640625
3fas,6.77,6.625
3wmc,6.51,6.4726562
1bhx,6.84,6.3007812
3pju,4.88,5.0664062
2ctc,3.89,3.9121094
1usi,6.74,6.9882812
2qi5,10.85,10.125
4aq6,4.8,4.9257812
2vnp,9.92,9.3828125
4poh,8.0,8.1875
3p9m,5.0,4.9257812
1h1d,8.22,7.84375
5ahw,5.17,5.15625
2ydw,7.34,7.296875
4axd,4.43,3.8671875
2cer,9.22,9.265625
1k1y,3.22,2.9824219
4cl6,5.39,5.5195312
3ttp,9.12,9.5390625
4rfd,8.05,8.2578125
3lp4,4.88,4.7226562
2vmc,2.94,3.0351562
1mfi,5.59,6.015625
5e2o,8.7,7.71875
5er1,6.02,5.6679688
4hzm,4.63,4.28125
4k7o,4.3,4.6015625
4ad6,4.78,4.5429688
3ts4,8.72,8.46875
1b7h,8.02,7.6484375
4ayp,6.12,6.1992188
1m5w,4.27,4.5234375
4ykk,2.77,2.6757812
3sym,4.57,4.9492188
1o35,5.0,5.3515625
1y3p,4.82,4.9921875
2ha5,4.34,3.8457031
4bqg,6.22,6.2109375
2e91,6.59,6.390625
2xef,9.84,10.0703125
4gq4,7.66,7.6523438
2b9a,8.05,8.0234375
2zym,6.14,6.421875
1w7g,5.1,5.2578125
1ppm,5.8,5.6953125
3hp9,4.59,4.3945312
4en4,5.52,5.6992188
1sqt,6.2,5.90625
1o0m,5.15,5.171875
2vl4,6.01,5.4101562
3mdz,9.1,7.8867188
1pgp,5.7,6.0664062
1g7f,5.47,5.546875
1c86,4.7,4.7226562
1b6k,8.74,9.1796875
1v48,7.8,7.4335938
1yc4,6.55,6.7382812
2p7a,6.1,5.9648438
3hww,7.12,7.1289062
1gja,5.42,5.4023438
3g0i,3.6,3.5332031
4az5,5.99,5.4765625
3sut,7.85,8.21875
1rd4,7.74,7.9296875
2y5g,6.84,6.765625
3s0d,7.05,6.9804688
2qd8,9.07,9.078125
1h5v,3.93,4.15625
3u92,7.48,7.6601562
4ykj,4.43,3.421875
4b35,2.89,3.2460938
4b1j,7.3,6.609375
1sdv,8.74,9.140625
2qg0,5.72,5.6835938
1m48,5.09,4.90625
4z1e,8.24,8.1953125
3ebi,7.1,6.2929688
3o4k,7.62,7.0664062
4dv8,9.24,8.8515625
3lpl,5.62,5.375
1a99,5.7,5.9101562
3a1c,4.0,3.9785156
2y9g,3.77,3.328125
3vvy,4.84,5.3164062
1zgi,5.34,5.1796875
3aaq,3.3,3.0253906
1b3l,5.89,5.6796875
1h1s,8.22,8.2578125
2a14,5.7,5.40625
1hi3,4.19,4.4179688
2w9h,6.37,6.4335938
4g0z,2.21,2.5332031
2jdp,6.6,6.3164062
4cst,8.89,9.0625
2wzf,7.0,6.78125
3ifl,8.08,7.9804688
3v2p,6.36,6.5546875
1nwl,2.39,2.9335938
2avo,8.85,8.7890625
1g3e,5.38,5.390625
4g95,7.61,7.9609375
4mo8,8.0,8.1484375
4e7r,7.7,7.8671875
3f34,3.16,3.4199219
3b3s,2.55,2.7753906
1g74,6.52,6.4570312
2f2h,5.7,6.1015625
1pxo,8.7,9.0078125
1hps,9.22,9.4140625
2g70,7.77,7.5234375
2i3i,7.3,6.859375
2vhj,3.9,3.9023438
1gj6,7.0,7.125
2vb8,4.6,4.6835938
3nq3,3.78,3.625
1gwv,2.57,2.6738281
1qan,4.48,5.0664062
4io6,4.82,4.9765625
3ckp,6.35,6.2460938
4fxp,4.09,4.3046875
2vxn,5.0,4.7695312
4iwz,7.29,6.7226562
4kwo,6.45,6.3242188
3n7h,4.5,4.8320312
2g72,6.5,6.2070312
4tmk,7.7,7.71875
1f74,3.05,2.5898438
1i1e,5.03,4.9765625
1d3d,9.09,9.203125
1my4,6.98,6.5976562
3n3j,8.48,8.3828125
3zns,7.41,7.7226562
4rsk,4.32,4.3789062
2pvm,6.44,6.4804688
2v8w,6.82,6.4570312
3ai8,3.81,3.4101562
1g48,8.41,8.265625
3f48,6.29,6.265625
3iss,6.05,6.3632812
2v57,7.1,6.9296875
4ngm,10.35,9.578125
3hmo,7.52,7.8359375
2b7d,8.7,8.8125
1dy4,4.36,4.2851562
3gpo,5.3,5.4882812
5c5t,3.13,3.2226562
3gt9,3.96,4.15625
5aoj,4.68,5.1484375
2q7q,5.3,4.7617188
1lzq,8.39,8.8515625
3ekx,9.41,9.4296875
1nz7,7.12,7.0976562
4i3z,4.29,4.1875
4wup,9.82,10.0
1stc,8.1,8.25
2j75,6.65,6.7851562
5e13,4.24,3.9960938
2uwo,8.7,7.8242188
2pvh,6.59,6.2773438
3t8v,6.59,6.4609375
3uu1,5.2,6.40625
4crf,9.3,8.9296875
2jh5,6.44,6.328125
1ghz,4.8,4.8867188
1ghv,4.35,3.8320312
3lbj,4.96,5.09375
4riu,7.3,7.5820312
2fu8,4.7,4.7890625
1sr7,10.1,10.453125
3t60,6.7,6.4023438
4fzj,3.15,3.4414062
1wcq,6.26,6.4570312
2ovv,7.92,8.0
1s39,7.7,7.8046875
2zgx,6.74,7.1367188
4ko8,7.15,7.3320312
1j36,7.74,7.171875
3kmy,4.49,4.5664062
1fkg,8.0,8.3515625
3th9,7.7,7.84375
1pz5,5.4,5.6679688
4o0b,8.3,8.4140625
4xtv,9.27,8.78125
4lhv,10.0,9.7734375
1qy1,6.52,6.578125
3gm0,7.77,7.0664062
2hmu,7.7,6.8828125
3uug,4.51,3.9023438
1rbp,6.72,6.4492188
2oi0,7.55,6.9375
3cow,6.9,7.3203125
4ou3,4.41,4.1796875
2r3w,6.89,6.7617188
2ypi,4.82,4.890625
1b3f,6.89,6.90625
4dq2,7.52,7.6210938
3gi4,10.8,10.5078125
2csn,4.41,3.9863281
1aid,4.82,5.3398438
2ypo,4.68,4.515625
4cd4,6.58,6.5820312
2vj8,8.7,8.4375
1rr6,10.25,9.2109375
2avq,4.39,4.6992188
3c89,6.07,5.8125
1ndv,5.92,5.5234375
1bm7,7.52,7.6171875
3ryx,8.14,8.09375
1lan,7.22,7.4960938
1hee,5.34,5.1210938
3zyf,4.85,4.6757812
1b3g,6.7,6.5390625
1bn3,9.89,10.515625
3sbi,7.92,7.5273438
4zl4,7.86,7.8632812
3f5k,4.62,5.1132812
1pfu,2.72,2.8222656
2bes,4.24,4.2304688
1m0b,8.82,8.875
4m13,6.7,6.6953125
4zb8,6.03,6.2382812
2i3v,6.55,6.8203125
1bnu,9.7,9.28125
3ozj,5.11,5.5976562
1hsl,7.19,7.1289062
4cu7,7.59,7.1640625
1h0a,5.44,4.7148438
1pdz,3.7,3.8125
1j01,6.47,6.0859375
4zb6,6.28,6.2890625
1ta6,9.13,9.390625
1yqj,8.14,8.7265625
3u5l,6.19,6.1796875
3hkn,5.35,5.6835938
5azf,4.44,4.4960938
3vf7,9.1,9.640625
3ryv,7.07,6.8867188
1mtr,8.4,8.9140625
1ypj,7.02,6.4414062
1np0,3.57,3.7539062
4qrh,5.15,4.5898438
4wkp,9.55,9.453125
3cd5,7.9,8.1875
1v7a,8.01,7.875
5am6,6.73,6.8789062
3ipq,7.57,6.7695312
4bs0,5.7,6.0898438
4b3d,2.68,3.0078125
1fjs,9.96,9.8671875
4lm3,2.92,3.2285156
2p95,9.37,9.0546875
3hs4,8.0,7.484375
4jzi,7.4,7.5351562
4rww,5.85,6.0429688
2yhw,5.6,5.5742188
4umb,4.0,4.1054688
3juk,4.89,5.0742188
2vot,7.14,7.984375
2qft,5.26,5.4648438
4b7r,9.64,9.625
3g2j,4.75,5.0117188
4q6e,6.18,5.5820312
3m40,6.77,7.296875
3v7t,7.21,6.9960938
3g2y,2.0,2.1894531
4jv6,6.66,7.6757812
3i9g,8.96,9.6875
1no6,4.41,4.3671875
4q81,3.02,2.5195312
4cmo,9.07,8.71875
2zx6,10.6,10.7421875
1a4w,5.92,6.2890625
3agl,7.8,7.7226562
4y5d,5.92,5.5976562
4zbf,7.13,7.0507812
2fpz,3.96,3.8105469
4ew2,6.68,6.84375
1mq5,9.0,8.453125
3wzn,7.0,6.8476562
4ovf,4.13,4.2734375
2vk2,6.89,7.0820312
2fzk,3.6,3.3359375
3bgb,6.05,5.90625
3upv,5.3,5.7851562
1c1r,7.63,7.59375
2v2q,4.15,3.9707031
1yq7,7.09,6.9335938
2vvv,8.22,8.1015625
3alt,2.92,2.8964844
1kyv,5.92,5.8867188
4keq,3.82,4.09375
4mjo,6.22,6.484375
3b50,7.55,7.7460938
3moe,4.3,4.3242188
2v77,5.06,4.8046875
1k21,8.38,8.234375
4q4s,6.95,6.9023438
2nsl,4.68,4.5859375
1li6,3.8,3.5820312
2qwe,7.48,7.7734375
3kdd,8.46,9.1796875
4kiu,3.85,4.0390625
2ccb,7.45,7.4453125
3d4y,5.7,5.8242188
1xt8,6.85,7.59375
4bcp,6.25,6.4101562
2xxt,8.05,7.921875
3drf,7.0,6.7421875
2x7u,5.27,5.5703125
1fzk,8.4,8.0
2i19,7.8,6.8085938
2f81,10.52,10.921875
3zi8,5.66,5.2421875
1i5r,8.52,8.171875
1lee,7.74,7.40625
2x97,5.66,6.4179688
2doo,7.17,7.6210938
3gcu,6.78,6.859375
3f6e,2.38,1.7607422
3djo,4.39,4.0195312
3hf8,6.51,6.515625
3lmk,5.94,5.7773438
3pcg,2.3,2.3222656
3m3z,5.73,5.734375
4xty,9.21,8.9140625
2xpk,11.3,11.90625
4tim,2.16,2.3339844
2wm0,4.52,4.8398438
4ibi,4.14,3.4433594
3rm9,4.77,4.5078125
5bwc,7.21,7.53125
1o1s,7.31,6.875
1s19,9.51,9.75
4ca7,7.36,7.0195312
3jyr,5.54,5.8789062
1ajp,2.23,2.6328125
3cs7,10.68,10.859375
3rt8,6.35,6.4648438
1ogd,3.03,3.453125
2yfa,5.07,4.7304688
1bai,7.7,7.3476562
2e5y,5.85,6.2734375
3ed0,6.35,5.9140625
1b5i,7.05,7.3359375
2gst,6.07,6.0546875
3gqz,2.17,2.7792969
2vt3,4.15,4.0625
3v2n,6.1,6.1054688
3own,7.47,7.7070312
2q2a,7.41,7.8515625
1tq4,6.19,6.9609375
4gih,8.32,8.21875
1k4h,5.11,5.4179688
1ogx,6.09,6.1640625
3ga5,5.49,5.4257812
3ttm,8.52,8.9765625
2ewa,7.94,8.046875
4att,6.98,6.8828125
2o4r,9.4,9.2109375
3f33,3.34,3.2578125
1b9j,5.96,5.7226562
1nhu,5.66,6.046875
4u8w,11.24,11.140625
2q5k,11.3,11.0078125
1d4l,8.77,8.8984375
4rlw,4.87,5.03125
4w9p,7.8,8.078125
3u7k,7.07,7.0429688
5dit,6.15,6.2070312
2azr,3.64,3.4375
2j4i,9.0,8.6796875
2zq2,6.56,6.5507812
2pu1,5.85,6.5351562
4ayu,4.73,4.2070312
1sln,6.64,6.7460938
1qbq,8.3,8.5234375
1a9m,6.92,6.9375
4pox,5.43,5.578125
3nu9,9.05,8.3671875
2jf4,8.15,8.234375
3bxf,5.54,5.59375
3ljz,8.14,8.203125
4j22,7.74,7.9414062
2q8h,3.0,2.9570312
4jv8,5.85,5.8125
4asd,9.28,9.140625
3ip8,2.28,2.15625
3cj5,6.34,6.421875
4in9,4.97,5.0664062
4rrf,3.62,3.578125
2wgj,8.7,8.859375
2bet,2.77,2.6894531
1nvr,8.11,8.2890625
4aoi,8.4,8.640625
2vrj,6.3,5.8554688
1jqy,4.92,4.90625
4io3,6.06,6.7265625
1hsh,9.42,9.140625
5bv3,7.17,6.9453125
1d4p,6.3,6.46875
2p4j,8.96,9.09375
3tcg,5.87,5.3945312
3s9e,5.13,5.28125
2nta,4.8,4.84375
1kui,3.77,3.9746094
1ebw,9.05,8.421875
5cep,6.84,6.9414062
3rz1,8.74,8.734375
3nkk,4.7,5.1015625
2py4,6.7,6.2929688
4gbd,11.32,11.9375
3h30,4.53,4.4882812
3afk,3.6,3.4316406
1h6h,5.3,5.6132812
4zzy,5.6,5.4335938
2g5u,8.49,8.4296875
3rf5,5.63,5.5742188
4qjo,7.4,7.578125
1c5t,4.1,4.484375
3si3,4.16,4.0390625
4ca5,9.39,9.5390625
3bft,6.49,7.1367188
2fle,7.85,7.5039062
4buq,8.14,7.8867188
3suf,7.56,7.3867188
1t5f,4.22,4.0625
3vbd,8.07,8.4375
3b4f,8.14,7.484375
4qlk,3.24,3.4453125
1b51,7.37,7.4414062
7std,10.72,10.3203125
4lw1,3.15,3.1425781
3kmc,6.4,6.4375
4tjz,5.97,6.0898438
5aoi,3.03,3.203125
3g30,2.51,2.7441406
2j7e,7.32,7.3398438
3fvh,6.35,6.0976562
5cjf,9.59,8.5
2vc9,8.44,8.4609375
4elf,8.03,8.15625
4dcs,5.1,5.671875
4u0w,3.0,3.0546875
10gs,6.4,6.875
2r5a,2.6,2.7050781
1m7y,10.96,10.484375
1met,9.4,9.1015625
4o9w,7.16,6.5273438
2vc7,3.36,3.1035156
4fk6,9.7,9.4296875
2bfq,6.89,6.0546875
1k6t,7.62,8.1875
5ct2,2.92,2.546875
2aod,5.66,5.6445312
2pym,6.82,7.109375
4ab9,3.33,3.4609375
3bra,2.7,2.6621094
1d4h,10.0,10.421875
3lea,9.1,9.046875
3g3r,6.48,8.3359375
4djr,11.52,11.421875
4czs,5.0,4.7304688
1o3l,6.54,6.859375
4na9,7.39,7.2109375
1o3j,6.77,6.796875
1lkl,5.81,5.4921875
1ec2,10.0,10.4375
3qfd,4.17,4.5351562
1wn6,4.68,4.4375
4zyf,8.64,9.1875
3p4v,5.1,5.0507812
4x50,7.75,7.9492188
3l4x,6.89,7.3320312
4rrg,2.81,3.0742188
1y6q,11.7,11.734375
2zxg,8.82,8.6875
1c1u,8.25,7.609375
2h6t,7.22,6.6132812
4io4,4.61,5.0390625
4xmr,4.07,4.7421875
1ws4,3.0,3.3964844
1tuf,4.05,3.7285156
2pmk,5.92,6.1445312
1wm1,6.3,6.3242188
3m6r,7.49,7.3398438
1njs,7.82,7.8320312
4i9u,3.86,4.03125
1pkx,6.92,7.140625
2ybu,6.38,6.6367188
2a5b,3.93,4.453125
2xd9,6.46,5.6601562
3qtv,4.65,4.6171875
3m3c,4.06,3.7949219
1lvu,5.32,5.1484375
4djy,8.27,8.140625
3cr5,4.19,4.1953125
1gno,7.7,8.2265625
4z0k,6.34,6.3632812
2ces,7.25,7.4921875
4xxh,5.0,5.2460938
4iue,6.55,6.6445312
2pwd,4.4,4.7265625
4q6d,7.36,7.125
3acl,6.22,6.1875
3brn,8.7,8.3203125
3b7i,5.82,5.9335938
2rke,4.08,4.09375
1drk,6.82,7.296875
3l7d,2.18,2.046875
2erz,5.66,5.7773438
3cfn,5.0,4.7539062
4o05,7.43,7.0898438
1utl,2.47,2.7832031
2wlz,4.6,4.703125
3el4,7.17,7.2265625
1xka,6.88,7.0429688
3uj9,4.63,4.40625
3rz8,8.17,9.015625
3djx,2.81,2.6992188
5aol,2.32,2.6875
1mrx,7.26,6.5820312
3f17,8.63,8.046875
2zz1,4.54,4.7304688
3ppq,4.55,4.6132812
2qw1,3.9,3.8613281
1ela,6.36,6.8671875
2y82,8.4,8.2890625
2fxv,5.35,5.8007812
6std,8.64,9.0
2dri,6.89,6.1445312
4k3n,7.96,7.6328125
4emr,7.49,7.2851562
2hs1,8.48,7.65625
3s3v,6.23,6.1679688
3cyz,7.22,7.1171875
4lm2,3.03,3.1425781
4k0o,3.0,3.2578125
5a2i,5.06,5.5117188
1ai7,4.09,4.9296875
4jym,5.04,5.4101562
2iuz,5.55,5.3984375
3dc3,8.31,7.8671875
3i60,8.7,9.1796875
1li3,4.25,4.6445312
4hym,8.22,8.234375
4omk,4.4,4.7578125
1e1v,4.92,5.3828125
3m37,9.04,9.328125
4qnb,6.59,6.71875
4itp,7.27,7.4453125
3ggu,9.77,9.3984375
3v51,8.55,8.40625
2xc0,6.72,6.9765625
1v2u,3.37,3.6582031
4ryd,11.26,10.8515625
3gst,6.72,6.78125
3axz,3.43,3.4863281
2za5,8.43,8.125
4wko,9.47,8.953125
3pgl,5.3,5.40625
2oi2,6.3,6.203125
1z1h,8.4,8.2109375
4dju,5.44,5.1289062
4nkt,5.97,6.5
3o9p,6.52,6.515625
1w5w,8.8,8.6484375
4pmm,7.57,7.71875
2ya6,5.7,5.6757812
1bnw,9.08,10.5
4m0f,8.77,9.1171875
1o2w,5.85,6.0195312
1lst,7.85,8.25
3s54,9.64,10.0859375
1azm,6.1,5.8515625
2y7p,5.47,6.2148438
3uxd,4.41,4.40625
3s6t,7.35,7.40625
4z84,5.82,5.6679688
2xj1,7.55,6.828125
3bpc,4.8,4.4179688
2oym,5.0,4.734375
3nxq,8.15,8.1640625
2i0a,11.4,10.4453125
1sld,6.57,6.296875
2uz9,5.71,5.0117188
2pk5,10.7,10.1171875
1u1w,5.85,5.4101562
3ebh,6.32,6.5507812
2za0,6.64,6.8242188
3k8q,11.28,11.03125
1g46,8.8,8.546875
4k55,5.51,5.53125
3ujb,5.1,4.609375
3ebl,6.3,5.75
3hvj,8.7,8.3671875
4b3b,3.6,3.1660156
1nq7,6.8,6.8125
4gj3,8.85,8.5078125
2bvr,3.7,4.046875
1phw,3.3,2.7597656
1e3g,9.0,8.0078125
1fh8,6.89,6.7460938
3qps,5.6,5.1289062
1g36,7.17,6.5976562
3m3x,6.82,6.3515625
5dgu,11.35,11.390625
3nw3,6.49,5.9492188
4x5p,8.21,7.8945312
1f5k,3.74,3.7734375
4fcq,7.0,6.8085938
4x6m,8.24,8.0859375
4jyc,6.7,6.7617188
3odu,8.14,7.5742188
2g8r,3.99,3.1992188
1moq,3.46,3.0683594
4oc0,6.5,6.7148438
4fai,6.99,6.2734375
2v88,4.09,3.6640625
1jq8,6.0,5.8085938
1sv3,4.35,4.2070312
3nuj,9.39,9.3359375
2xej,8.87,8.4765625
1nvs,7.82,7.4765625
2b4l,4.77,4.859375
3gy3,5.63,5.5390625
4x6i,8.0,7.796875
3s45,8.49,7.9453125
4oc1,6.6,6.8984375
5acy,8.19,8.25
4qjx,7.28,7.2070312
2cbu,5.68,4.8984375
1vyf,8.05,8.484375
4o2b,5.74,5.1171875
1lnm,8.7,8.0546875
3fjz,4.05,3.4550781
2h4g,6.52,6.4921875
1m4h,9.52,9.171875
3acx,5.7,5.4335938
1bxo,10.0,10.0546875
4yrd,4.57,4.3515625
1ocq,5.19,5.015625
3n1c,5.22,5.1015625
1nw4,9.07,9.140625
3a1e,2.66,2.265625
3fv3,9.52,9.671875
3f1a,7.21,6.7304688
4aq4,6.17,5.7539062
3d0e,8.4,8.375
4qge,9.3,9.1015625
4cp7,8.11,7.9453125
3sha,5.59,5.6523438
4r75,7.24,7.4335938
1t32,7.42,7.1445312
2c80,5.33,4.9570312
4gj2,8.6,8.484375
4cjp,3.32,2.8515625
1a4k,8.0,7.3007812
4hwo,8.54,8.4453125
4urz,2.52,2.3476562
4ruy,7.89,7.9492188
1ydd,7.07,7.4179688
2afx,5.15,4.765625
1usn,7.74,8.1015625
1gjc,6.35,6.2460938
1fch,7.15,6.6875
1ajq,4.31,3.9492188
3p7i,7.7,7.3125
1uj6,3.05,2.8476562
3wha,9.32,8.359375
3m96,7.22,7.4140625
4z6h,6.21,6.1523438
3su1,6.68,6.6445312
3k4d,5.11,5.2734375
3g1d,3.48,3.3027344
4kao,6.11,5.8867188
4db7,6.56,6.0078125
4zow,4.12,4.03125
3oy0,8.0,8.2109375
3eko,6.7,6.6015625
1f0u,7.16,6.9023438
1cet,2.89,2.5898438
4djp,10.55,10.0703125
2cej,8.62,8.578125
4m6u,2.74,2.2421875
3l3m,8.22,8.109375
2rk8,3.64,3.5117188
4rvr,6.87,6.3007812
1hii,7.28,7.15625
4l50,6.06,5.859375
2h3e,5.7,4.9414062
4j93,4.7,4.3984375
3hit,8.19,7.9335938
3arx,5.33,5.4570312
2pk6,10.89,9.7734375
4cwo,5.21,4.7460938
3o5x,5.28,5.1171875
1jaq,4.48,3.8632812
3f6g,4.72,5.2617188
1e4h,8.41,8.4296875
1hvi,10.92,11.03125
3bxg,4.96,4.1289062
3vjc,7.72,7.6601562
3djp,4.2,3.9433594
3gta,4.28,3.9453125
4cga,6.4,5.8984375
3l7c,2.44,2.8378906
4gny,4.22,3.9824219
1add,6.74,6.5078125
4std,10.33,10.5625
1jev,6.89,6.765625
3ppp,5.22,5.3476562
1xug,7.05,6.8515625
2xpc,3.9,3.7011719
3zt3,2.86,2.7207031
2pcp,8.7,8.4609375
1m7d,6.23,6.8789062
4b34,3.14,3.3359375
1vzq,7.44,7.5625
1fzo,7.89,8.1015625
3q7q,5.65,6.2578125
4b33,3.37,3.2519531
3zcl,8.0,7.78125
3kgt,5.51,5.7460938
3u90,4.62,4.6601562
1xh5,5.47,5.3984375
1jet,7.25,7.625
3su4,6.26,6.625
2aoe,7.62,7.859375
2byr,8.55,8.7578125
3b92,8.0,8.84375
3hvi,8.3,8.78125
2uxz,8.48,8.453125
7upj,8.49,7.9921875
1m0o,2.31,2.2558594
4efs,8.6,9.046875
3t09,3.8,3.2578125
1o5a,6.42,6.7539062
3mam,4.12,4.984375
4crl,9.71,9.96875
2nmx,5.57,5.6796875
4l51,3.0,3.453125
4qjm,8.17,9.6796875
4gue,5.24,5.5273438
4kow,4.31,4.1132812
4qxo,5.51,5.6601562
4nj9,6.97,6.8710938
3ao2,3.77,3.1386719
4l9i,4.89,4.796875
4m2v,7.44,7.9921875
4bzs,7.12,6.5507812
1b46,5.28,4.7382812
3zc5,7.13,7.1367188
1o36,5.96,5.984375
2hnx,7.08,7.8242188
2arm,7.68,8.546875
4bny,7.1,6.9882812
1ppi,5.01,5.4609375
2vvu,8.1,8.4765625
3iqu,4.77,4.6523438
3gi6,11.22,10.9765625
2uyn,2.7,3.4980469
3eax,4.92,4.6523438
1loq,3.7,4.0351562
4lk7,5.04,4.7382812
2qtg,5.08,5.1953125
4a7i,8.7,9.3671875
4o97,8.52,8.375
3ctt,6.35,6.7265625
4zme,4.3,4.2578125
4ytc,7.89,7.8476562
4mo4,4.22,4.46875
3dri,4.42,4.453125
4fl2,3.66,3.7304688
1ew8,2.26,1.8388672
4u43,4.32,4.25
2gv6,7.34,7.8984375
2d3u,6.92,6.8945312
4abf,4.62,4.7578125
3gbe,5.0,5.796875
2qnn,7.15,7.234375
2xbp,5.02,4.84375
2gss,4.94,5.1835938
4pfu,6.17,6.6328125
4c52,5.68,6.0195312
4qhc,6.7,7.0664062
1o2j,6.92,7.1171875
4hws,9.1,9.703125
4pee,8.32,8.703125
2qry,8.64,8.6015625
1njd,5.57,5.8125
1c5x,6.68,6.8671875
3gcp,7.82,7.9101562
4baq,9.01,9.3515625
3mfv,2.52,2.5058594
3hx3,8.0,7.7382812
4ei4,8.74,9.3359375
3npc,8.34,8.953125
2baj,8.4,8.09375
3str,8.4,8.09375
3usx,5.02,5.53125
1ghw,4.2,4.0859375
4cwf,4.49,4.4179688
3ni5,7.55,7.4257812
2zq0,6.82,7.234375
1gz4,3.7,4.328125
1qaw,5.12,5.2382812
4do4,7.29,7.3671875
3lk8,7.71,7.4296875
4a4w,7.72,7.7929688
4zhl,6.47,6.3320312
4w9j,6.23,6.546875
4xt2,7.15,7.1523438
2uyq,5.68,5.765625
2xxx,6.41,6.2304688
1b6h,7.82,7.765625
3d6o,4.11,4.0820312
4f6w,7.52,8.015625
2vba,4.6,4.5898438
4r5t,6.1,6.3125
4or4,4.57,4.3867188
3ioe,3.27,3.3066406
4oks,4.48,4.1367188
2eg7,5.89,6.0742188
4few,5.21,5.1328125
2v3u,3.0,3.0371094
4xas,6.59,7.0273438
4ibb,3.57,3.15625
1wuq,8.27,8.1484375
4a4v,6.54,6.4023438
3djv,4.55,4.9492188
2xn3,5.92,6.234375
4nxv,5.42,5.6171875
2yb0,3.85,4.171875
3ehx,7.6,8.0546875
1c5c,6.96,7.453125
4ej8,5.39,5.5039062
4rra,4.87,4.6328125
3i51,7.7,8.09375
4u5s,2.41,2.9960938
1onz,5.1,5.4882812
3lir,6.92,6.734375
4elg,8.16,9.3125
1fh9,6.43,7.5351562
3zsq,4.96,5.6289062
3mxe,10.01,10.6015625
1o5r,8.12,8.109375
2qg2,5.4,5.1992188
4g4p,6.89,6.8945312
4fcf,8.62,8.6796875
3pb8,5.24,5.46875
2drc,9.89,9.8515625
1i9q,8.41,9.0546875
4ibk,4.3,4.6835938
1ai5,3.72,3.953125
2wos,3.9,4.2773438
4oc3,8.28,8.984375
2i6b,7.17,7.7226562
3lcv,4.74,4.6914062
4gr8,7.83,7.7695312
1bhf,4.38,4.4492188
3h1x,5.89,6.3671875
2wr8,5.44,6.1875
3s76,5.05,4.984375
4qdk,5.85,6.5703125
1a1e,6.0,6.09375
4qb3,5.47,5.75
2c94,6.82,6.8632812
2fqw,6.68,7.4960938
2reg,5.64,6.3085938
1qxl,7.96,8.1171875
4tte,3.69,3.7324219
3upk,4.3,5.203125
4b5s,3.49,3.7089844
4de0,5.89,6.2929688
2r43,6.0,5.9726562
1qy2,5.74,6.1640625
2d3z,6.64,6.7734375
4r0a,4.26,4.4648438
4zzz,7.06,7.2617188
2xc4,8.05,8.3046875
3pwd,6.66,7.140625
3dxh,3.19,3.5175781
4cfl,5.88,6.2539062
4jpy,4.43,4.859375
3adv,3.03,3.3691406
3kgu,5.92,5.859375
3ijh,4.0,4.3164062
4qsu,2.0,2.3691406
3fvl,6.07,7.4375
3ovn,2.55,2.2304688
4b9k,6.17,6.015625
4bt5,2.76,3.0605469
4bi7,4.58,4.96875
4isu,3.68,3.6582031
1dmp,9.55,9.84375
3buh,3.66,3.6699219
2f94,6.71,7.0351562
4zx0,8.0,7.2890625
2i4j,6.16,6.296875
3oy8,3.66,3.5664062
3ml5,8.52,9.296875
4x5r,7.85,7.8007812
2bvs,4.1,4.0820312
2qrh,4.71,4.3632812
2oiq,5.0,5.0078125
1xhy,6.18,6.2890625
2rfh,6.82,7.3867188
4ibc,2.98,2.828125
1b38,6.6,7.0546875
4w97,7.1,7.296875
1z4o,4.52,4.46875
2p53,7.46,7.3164062
2mas,7.52,7.75
3oyq,7.99,9.4765625
4bcm,6.91,6.921875
1atr,6.96,7.3320312
1k6p,7.36,7.703125
1b6l,8.3,8.4921875
1ony,6.77,8.046875
1xq0,6.34,6.171875
2xab,9.27,10.2578125
2q64,8.52,9.109375
3l3l,7.48,7.6484375
1hk4,5.31,5.4492188
2xyd,6.82,7.0351562
2zpk,7.76,7.6210938
2pql,7.28,7.6914062
2zxd,5.22,5.3476562
3f7i,7.34,7.3085938
4rfc,8.24,8.8125
4cr5,4.15,4.7734375
4kwg,6.0,6.1132812
1jmf,5.77,5.96875
2rkm,3.9,4.2539062
4yha,6.65,7.0273438
3bkl,6.17,5.5078125
5byi,7.51,8.390625
2yay,6.1,6.0078125
2il2,7.1,7.6953125
2p2a,6.12,6.9257812
3umq,4.62,4.7109375
1n3i,8.89,9.40625
3nu6,9.3,10.2734375
3n7o,7.14,7.7460938
2hah,8.0,8.96875
3vtr,5.57,5.4492188
4jc1,4.3,4.3085938
1hpx,11.26,11.234375
2qi3,10.2,11.21875
2nmz,8.37,8.7578125
3sbh,7.28,7.6679688
3ozp,6.62,7.0546875
2epn,7.22,7.4257812
3l4v,6.72,6.9726562
3h89,7.64,7.984375
2vqt,6.0,6.125
1ajv,7.72,7.796875
3g2k,4.79,5.109375
3b25,6.07,6.421875
3qqa,5.82,5.6015625
4lm2,3.03,2.8730469
1mjj,8.74,9.203125
1y3v,5.64,5.5546875
2xog,3.43,3.3925781
1zge,7.3,7.3945312
4u70,5.02,4.5898438
1njd,5.57,5.703125
4f9u,6.03,5.5585938
2fqo,6.43,5.9296875
3gus,6.05,6.2695312
3fv3,9.52,9.78125
3moe,4.3,4.1914062
3kr4,7.6,7.4609375
2obf,8.85,8.53125
5am7,7.19,7.5039062
3sbi,7.92,7.5585938
3zdv,5.48,5.8164062
1gno,7.7,7.546875
2j7g,7.0,6.5078125
3g2i,4.86,4.78125
2i4w,11.59,11.6640625
2std,9.85,9.6953125
1jet,7.25,6.5195312
5cc2,4.1,4.3398438
2xjx,9.15,9.3671875
1zoh,7.0,7.3046875
1s5z,3.21,2.9960938
3ip6,6.6,6.3085938
1zsf,9.92,9.515625
3zyu,7.0,6.9296875
2r5p,8.48,8.4765625
4ase,11.0,11.25
2bet,2.77,2.8574219
3el9,8.4,8.65625
4s1g,9.22,8.40625
2y7i,5.54,5.53125
3v2n,6.1,6.2617188
5c8n,7.55,7.5585938
3f48,6.29,5.8632812
3hb4,9.05,9.875
3m8t,4.0,3.7324219
3o8p,6.46,6.1953125
1kav,5.82,5.7695312
4q7p,4.32,3.8710938
1no6,4.41,4.7382812
4a4w,7.72,7.6171875
2qbw,7.25,7.1679688
3i51,7.7,7.5898438
4loi,6.77,6.7890625
4ynb,10.37,10.2109375
2q54,9.01,8.765625
1c83,4.85,5.1484375
2nn1,5.82,5.4414062
4bzs,7.12,7.25
3hvh,8.52,8.265625
2x4z,8.57,8.7734375
3hit,8.19,8.8203125
4oc5,7.07,7.1835938
4kwf,4.82,4.9453125
2a5c,4.62,4.8867188
1jmg,6.07,5.9960938
1nu3,4.0,3.4980469
2rkf,9.08,8.6015625
2aqu,9.32,9.8359375
5dgw,11.05,10.3125
2q64,8.52,8.3828125
2yi0,8.12,8.2890625
2v2h,3.77,3.6835938
1b8n,10.52,9.8515625
3b4p,5.4,5.6015625
1f4g,6.48,6.515625
1d4h,10.0,9.9609375
4m0r,5.21,5.3085938
3fjg,3.73,3.875
4mnp,7.34,7.3359375
1o2z,6.11,6.3359375
3d8z,3.37,3.5332031
3n2u,7.84,7.9726562
3hvi,8.3,8.2109375
1sdv,8.74,8.7265625
4aje,3.68,3.9023438
4rdn,5.92,6.7617188
4fai,6.99,6.8085938
3eko,6.7,6.3984375
4qxq,5.7,5.3320312
1ezq,9.05,9.1640625
1v48,7.8,7.7929688
2ot1,4.0,3.7460938
4zx0,8.0,7.2148438
4u5n,2.48,2.2285156
4azc,5.86,6.578125
2hnc,7.22,6.9960938
4gzp,7.84,7.2148438
4og4,6.02,6.0390625
2xpc,3.9,3.9804688
2ha3,3.03,3.09375
1k1l,6.9,7.3476562
1hvh,7.96,7.9804688
1sh9,6.03,5.9023438
3ctt,6.35,5.9726562
1xh9,7.77,7.9140625
3s73,8.7,9.828125
4kow,4.31,4.1679688
4mrg,2.96,3.1171875
1q65,5.46,5.515625
4dy6,4.4,4.7382812
3mfv,2.52,2.4414062
3jrs,4.28,4.1914062
3c2o,3.35,3.2832031
2r58,2.0,1.4824219
1o2j,6.92,6.8125
2ole,7.25,6.6171875
1qxl,7.96,7.9921875
2ov4,4.74,4.8007812
4z1e,8.24,7.984375
2jh6,7.77,7.7070312
2ewa,7.94,7.9492188
4q09,8.17,8.0625
3s5y,7.41,7.3085938
1m0q,3.89,3.2890625
7upj,8.49,8.6328125
4owv,4.35,4.5664062
2qry,8.64,8.359375
3el4,7.17,7.1601562
2clh,4.06,4.1953125
4afg,8.3,7.7539062
3ddg,6.0,6.1367188
4ipi,5.32,5.1953125
2qwe,7.48,7.3984375
3gy3,5.63,5.5625
4qfn,4.12,4.5820312
4rrf,3.62,3.6914062
2reg,5.64,5.6210938
1m7i,5.4,5.8554688
1li3,4.25,4.7460938
3fqe,8.3,8.7265625
4djr,11.52,11.6875
2pfy,6.52,5.5429688
3d50,4.77,4.8164062
4jsa,4.96,4.5273438
3ggu,9.77,9.9609375
3obu,4.3,4.28125
4f6w,7.52,7.0
1e6s,3.22,4.0429688
3ikg,7.24,7.4882812
4jx9,8.62,8.8515625
3iw6,5.48,5.5
4g4p,6.89,6.2148438
3zt3,2.86,3.1347656
2zz1,4.54,4.7539062
4omc,10.78,10.1484375
4or6,5.31,5.6796875
1hvk,10.96,10.0390625
4djw,6.28,6.7109375
1z6s,4.34,4.2421875
2ypo,4.68,4.40625
1ols,5.82,5.25
4oeu,7.66,8.078125
3tcg,5.87,6.0703125
3usx,5.02,5.515625
1fh9,6.43,6.2773438
4x8v,6.89,6.9179688
3lk8,7.71,7.7890625
3p9l,5.3,5.4570312
2tmn,5.89,5.765625
3acl,6.22,6.484375
3td4,5.66,4.703125
2zx8,9.64,10.7421875
2qpq,6.37,6.3125
2b9a,8.05,8.234375
1oau,7.7,7.5976562
1lf2,7.52,7.9453125
2xy9,9.19,9.3359375
4c5d,5.4,5.59375
4q46,3.77,4.5898438
2c80,5.33,6.0898438
2j34,7.82,7.609375
2isw,7.43,6.8867188
2r3w,6.89,6.8046875
3b3w,4.19,4.7695312
4r75,7.24,7.1171875
2wjg,7.1,6.9609375
2j77,4.89,5.6015625
3kmx,4.82,4.9804688
4qsu,2.0,1.6328125
3ta1,3.25,3.7949219
4q90,2.15,2.2070312
3iqu,4.77,5.1523438
1f57,5.64,5.7851562
4ksy,8.42,9.515625
3s9t,6.82,6.0390625
2xhm,6.8,7.6289062
3nee,5.34,5.5859375
2wr8,5.44,5.6367188
1jn4,4.95,4.9921875
1m7y,10.96,10.953125
3qps,5.6,6.3203125
4zek,5.66,6.421875
1j17,5.22,5.8359375
2hzy,7.39,7.296875
3zcl,8.0,8.5703125
3jzg,4.4,4.34375
3ff3,3.57,3.5976562
1yda,6.55,6.8085938
2cli,4.3,4.3398438
1bnn,10.0,9.859375
3bfu,6.27,6.6484375
4r74,8.1,7.8632812
4zl4,7.86,8.3125
1zfk,7.92,8.359375
3d1x,8.66,8.8828125
2rin,4.0,4.7539062
2hmv,7.7,8.0078125
1d4k,9.22,9.4140625
2x2r,7.12,7.2929688
3ryv,7.07,7.1992188
3uw4,7.77,8.078125
4pmm,7.57,7.2617188
2x97,5.66,5.9179688
4bt5,2.76,2.8222656
1g7q,6.06,6.65625
1cnx,7.37,8.1640625
3ckp,6.35,7.2460938
1g1d,9.44,9.75
4deu,5.64,5.5117188
3zk6,6.34,7.3554688
4mn3,5.75,6.5742188
4e7r,7.7,8.1171875
2q89,6.3,6.8007812
2uxi,7.3,8.2578125
2zq0,6.82,7.3867188
4q87,4.85,4.953125
3a1e,2.66,2.7128906
4aoi,8.4,7.8828125
1d2e,6.0,6.0585938
2pqb,7.2,7.34375
3f6e,2.38,2.8203125
2pvl,7.62,7.9609375
1q8w,5.24,5.5507812
1d3p,7.39,7.4804688
1o2o,6.36,6.8632812
3ffp,7.14,6.9375
3t84,6.97,6.640625
4few,5.21,5.46875
1u1w,5.85,5.8632812
3gi4,10.8,11.1015625
4r73,7.64,8.25
2wm0,4.52,5.1484375
1ai4,2.5,2.7089844
3lxk,9.8,9.765625
2izl,6.0,6.4023438
3vfb,9.04,9.6328125
3djq,2.98,3.3007812
2i3v,6.55,5.9257812
2yz3,6.66,6.5976562
4jfk,6.44,6.4414062
1g30,6.85,6.6992188
3npc,8.34,8.921875
1apv,9.0,9.0390625
2q2a,7.41,7.7773438
4i7k,3.04,3.4609375
2wc3,6.08,6.6328125
2p3b,8.48,8.421875
2x6x,3.68,3.8808594
4kx8,7.13,7.421875
1phw,3.3,3.7363281
2pk6,10.89,11.234375
4xu0,9.11,9.953125
3nsn,7.19,7.5859375
2avm,5.7,5.703125
2x7u,5.27,5.71875
1g48,8.41,8.890625
2vpo,5.42,5.9609375
1gnm,6.25,6.2578125
1vzq,7.44,7.78125
4h75,6.6,6.8945312
1q72,6.85,6.9101562
3s45,8.49,8.4765625
1b55,7.4,6.8125
4djq,10.32,10.5625
3f70,4.85,4.7890625
2i4v,11.2,11.34375
1u0g,6.15,6.078125
3tk2,4.62,5.2421875
3o9d,10.72,11.328125
4ij1,5.4,5.578125
3m3e,4.43,4.703125
2uyn,2.7,2.7792969
4erf,9.4,10.0
4iif,5.18,5.953125
1jsv,5.7,6.2148438
1kv1,5.94,6.078125
2baj,8.4,8.953125
1olu,4.41,4.7539062
5c1m,10.8,10.3125
4aqh,6.54,7.2070312
4mjp,3.88,4.28125
4ykk,2.77,2.5742188
1gaf,8.0,9.046875
4ew2,6.68,7.2773438
3mz6,7.2,7.0429688
4lxz,6.74,6.8125
3ed0,6.35,6.7265625
2jds,8.2,8.3359375
3ov1,5.2,5.9023438
4iie,2.34,2.5234375
1fh7,5.24,5.9375
4mo4,4.22,4.9453125
4u5o,2.42,2.8886719
4e9u,5.82,6.4023438
2vc9,8.44,8.6640625
1k6t,7.62,8.5234375
2vnt,8.0,7.9726562
4ty6,7.52,7.09375
1kuk,3.91,4.1757812
1c5n,4.7,5.2890625
3tz0,5.04,6.3007812
2uwo,8.7,9.5859375
2qg0,5.72,5.9804688
4f7v,5.38,5.5195312
4azi,7.45,7.7109375
4qge,9.3,9.203125
3hkn,5.35,6.1601562
4f0c,6.27,6.359375
1mrw,9.7,10.1796875
1ctu,11.92,12.8671875
1k6c,7.48,8.640625
3gsm,6.48,6.4414062
3f34,3.16,3.2402344
3qx9,4.05,4.0546875
4fxp,4.09,4.7851562
4rwj,8.7,9.171875
4jc1,4.3,4.203125
3q6w,7.57,8.328125
4b6o,7.0,7.2929688
4bcp,6.25,6.609375
4wa9,8.42,8.8046875
3ta0,3.47,4.0390625
4zba,5.51,6.0273438
1a9q,6.17,6.3554688
1np0,3.57,3.4804688
4aia,3.66,4.1054688
4g8m,7.89,7.4453125
4rd6,6.28,6.515625
2f34,6.89,7.1679688
1f4e,2.96,3.5292969
4b32,3.34,3.4570312
3si3,4.16,4.5820312
1tok,2.47,2.7792969
2fgv,6.12,6.6445312
2vxn,5.0,5.0625
3qox,6.57,6.7851562
5fl6,7.36,7.9765625
1d4l,8.77,9.2578125
3mi2,7.77,7.7539062
3m3x,6.82,7.7617188
2o4s,10.51,9.90625
4bc5,4.6,4.7148438
4fs4,6.57,6.6054688
4b35,2.89,3.1738281
1gi7,4.51,4.3632812
4tkh,5.74,5.796875
4cga,6.4,6.4101562
2bes,4.24,4.6171875
1uv6,5.12,5.4804688
1pzo,3.32,3.5078125
5cjf,9.59,10.2734375
4epy,3.47,4.1835938
2bal,6.31,7.0898438
3bl1,5.6,6.6640625
1cny,7.85,7.8476562
1xff,4.82,4.859375
3g35,4.68,5.046875
4q1w,11.7,12.234375
4qll,3.38,3.6152344
4ido,4.93,5.34375
2pwr,6.59,6.7148438
4hdp,7.51,7.1484375
3zm9,7.42,8.109375
1t7j,8.7,8.2578125
3t82,7.0,7.5234375
3p8n,9.28,8.828125
2gsu,3.59,3.8300781
2d3u,6.92,7.0625
1utj,3.84,3.3613281
1yvm,6.4,6.4335938
2r2w,4.47,4.0273438
1hps,9.22,9.1328125
4qf7,8.6,8.1484375
3dx3,6.52,5.8515625
4q6d,7.36,7.6367188
3shc,5.72,4.8476562
3mhc,7.96,8.03125
1ivp,7.52,7.5546875
3b66,8.6,8.4375
3lc3,5.23,5.2578125
3ekx,9.41,9.59375
2qd8,9.07,9.28125
1lag,6.3,6.4140625
3v78,5.54,6.1289062
1fao,7.37,6.5703125
2boj,5.77,5.515625
2cbz,3.93,4.015625
3gvb,2.59,2.7148438
3agl,7.8,7.6953125
1hsh,9.42,8.9375
3bgq,7.96,7.9140625
4x8o,6.6,6.2421875
3nu3,9.82,9.8046875
3vtr,5.57,5.1132812
3ccw,7.87,8.2578125
2euk,6.6,6.1835938
3dln,6.6,6.40625
1cbx,6.35,5.53125
5fl5,8.19,7.1210938
1sr7,10.1,9.9765625
2x96,4.03,4.4804688
4q19,8.05,7.5507812
4cu8,4.47,4.921875
1kel,7.28,6.984375
4gqq,2.89,2.6601562
2cbu,5.68,5.703125
3p5l,7.39,7.6914062
4rux,7.92,8.015625
2i19,7.8,8.0078125
1hvl,9.95,9.765625
4kfq,8.23,7.921875
4ezx,5.8,5.8515625
1ex8,6.33,6.5
3bzf,4.52,3.9042969
3qfd,4.17,3.7070312
4llp,4.8,4.4453125
3hek,8.27,8.140625
4nkt,5.97,5.8632812
4cg9,6.21,5.9882812
1o36,5.96,6.2226562
1pyn,5.49,5.4453125
2oax,8.65,8.46875
3ao5,2.23,2.4394531
3bxg,4.96,4.46875
4n6z,7.8,7.7734375
4der,6.31,6.6523438
3obx,3.89,3.7441406
2qi6,10.57,10.109375
2x91,6.74,6.59375
1nz7,7.12,7.3398438
4mr3,5.94,6.328125
4xip,6.63,6.8085938
3qdd,8.77,8.6015625
4cst,8.89,8.921875
2hhn,7.49,7.3164062
1br6,3.22,2.9003906
2ayr,9.29,9.3203125
4u8w,11.24,11.5390625
4asj,7.55,8.1640625
1g85,5.48,5.4921875
2pvh,6.59,6.3515625
4l50,6.06,5.7148438
3u93,6.31,6.203125
3ebl,6.3,6.0234375
2qtg,5.08,4.6445312
2ce9,6.03,5.5898438
1p1o,5.76,5.234375
2f2h,5.7,5.3671875
3s75,6.82,5.8320312
4omj,5.26,5.09375
1g3d,5.55,5.7421875
3uod,7.31,7.2851562
1fcy,8.52,8.8671875
3r4p,7.96,8.171875
1ela,6.36,6.59375
4dmw,4.94,5.0820312
3rtf,7.35,6.8632812
4o9w,7.16,7.0976562
1fkh,8.15,7.9765625
4bps,2.99,3.1347656
4y0a,2.31,2.4238281
3o75,6.68,6.09375
2h6t,7.22,7.4609375
4hy1,8.7,8.65625
3juk,4.89,4.453125
1v16,3.87,3.6074219
5bry,11.82,11.1484375
5e1s,7.92,8.09375
3neo,5.92,5.734375
1xbo,6.04,5.6054688
2xd9,6.46,6.515625
1h4w,4.66,4.375
1egh,5.7,5.4414062
3ml5,8.52,7.984375
2xef,9.84,9.1484375
2w26,9.4,9.4375
4z1k,8.33,8.6015625
1mrx,7.26,7.21875
4lps,5.74,5.875
2qi5,10.85,10.15625
2avq,4.39,4.5234375
3t1l,3.26,3.2519531
4hzm,4.63,4.9882812
4ra1,5.94,5.6523438
3q6z,3.72,3.4472656
1ft7,5.18,4.7929688
5cap,7.28,6.9765625
2ez7,4.36,4.5351562
2fxv,5.35,5.0625
4pox,5.43,5.359375
3ipq,7.57,7.1679688
4czs,5.0,4.8242188
4w97,7.1,6.9257812
3bl0,6.92,6.5
3i25,8.51,7.6328125
4qdk,5.85,5.8398438
1r1h,8.92,7.8476562
2jdh,6.51,6.9414062
3cyw,7.77,6.9179688
4umc,3.44,3.8085938
4tt2,4.66,4.7148438
1f73,2.39,2.71875
2i2b,2.44,2.7519531
4g0q,2.52,3.1074219
4j7d,4.7,4.84375
2arm,7.68,7.3007812
2oiq,5.0,5.2265625
3mhi,6.7,6.4101562
1sqo,7.46,8.4375
1bju,4.8,4.1914062
3m40,6.77,6.7734375
4djx,7.23,7.4453125
1b40,7.28,7.5976562
3d83,8.36,8.28125
4ibk,4.3,4.71875
2zxd,5.22,5.3476562
4ek9,4.42,4.6289062
2qrq,5.1,5.1289062
1e4h,8.41,8.703125
4rd0,6.62,7.1757812
1c84,5.0,4.65625
3b92,8.0,7.8789062
3k97,8.0,7.9609375
1wur,6.66,6.4804688
3a1c,4.0,3.9785156
4lm3,2.92,3.1523438
3l3m,8.22,7.9921875
4pyy,7.23,7.2617188
4nja,6.22,6.71875
4ko8,7.15,7.6132812
4kp8,5.48,5.28125
2tpi,4.31,4.3476562
3ttn,7.84,7.765625
4mmm,3.82,4.015625
1c5t,4.1,4.5039062
4ndu,2.74,3.1308594
4ygf,7.68,8.3359375
3pe1,9.65,10.1640625
4z6i,6.31,7.0585938
2w8j,2.96,3.0351562
4phu,7.92,7.8710938
3r7o,8.36,8.640625
4rpn,6.96,7.078125
1g3e,5.38,5.5742188
1qbu,10.24,11.453125
3rv8,4.92,4.4453125
3upv,5.3,5.171875
1atr,6.96,7.1835938
4ap7,7.96,8.2109375
1jcx,5.15,4.8320312
3u7k,7.07,7.6953125
2p7a,6.1,6.109375
2xye,8.34,8.2578125
4o04,6.16,6.0039062
2cht,5.52,5.1054688
2jh5,6.44,6.484375
3bu1,8.15,6.9726562
1m2p,6.11,5.8203125
4o97,8.52,9.0703125
1pot,5.49,6.015625
2a14,5.7,6.2773438
3ie3,6.68,7.3789062
3i6o,10.35,10.125
3hf8,6.51,6.6757812
5btx,3.55,3.4882812
2pcp,8.7,8.8515625
3ljz,8.14,9.125
1li6,3.8,3.6992188
4heg,8.92,8.453125
4arw,7.13,7.5078125
2xb7,9.19,9.15625
2bfr,5.25,4.4296875
4elg,8.16,8.1640625
1ie9,10.19,10.2109375
2cgr,7.28,8.2265625
2on6,6.76,6.8007812
4y8x,8.43,8.75
3p9m,5.0,5.1679688
3c89,6.07,6.3632812
3bvb,5.49,5.7460938
3cd7,7.84,7.9960938
1ew9,3.22,3.5234375
3hl7,7.64,7.6367188
3k00,5.77,6.1367188
1df8,9.7,9.5078125
3su5,5.58,5.3632812
4g8y,4.59,4.84375
2zfp,5.17,5.0351562
3u8j,8.51,9.0078125
2x09,3.76,3.7246094
3mzc,6.65,6.9296875
2vrj,6.3,6.03125
3nht,7.01,7.3789062
2qbu,6.19,6.25
4gbd,11.32,11.6015625
2bqv,8.05,8.1875
4jzi,7.4,7.3554688
2i4x,11.72,13.109375
4tqn,6.11,6.65625
4ih6,4.74,4.5859375
4lar,4.68,4.390625
3uyr,6.9,6.78125
2h5a,5.1,4.9921875
1x8j,6.96,7.015625
4de0,5.89,5.6132812
4u54,2.06,2.2070312
3o5n,4.76,5.0898438
3ckb,2.98,3.2714844
2fqw,6.68,6.6992188
1o3i,7.3,7.2265625
4b5t,3.33,2.890625
2haw,4.92,5.3984375
1ajp,2.23,2.4042969
3hky,7.1,7.3398438
1nt1,8.89,9.328125
1hii,7.28,7.390625
1k1o,6.17,6.2578125
3w37,5.18,4.6914062
4lkq,3.35,3.0546875
2qwf,5.67,5.9609375
4ghi,7.09,7.8085938
3iph,7.6,7.0820312
5dqe,3.63,3.9667969
4j44,5.73,5.609375
4pv5,6.54,6.4101562
1cps,6.66,6.5898438
456c,9.77,9.6953125
3mhl,7.25,6.5585938
2f80,8.18,8.1171875
4gzx,3.19,3.40625
4xar,6.97,6.921875
3f1a,7.21,6.9726562
1qy1,6.52,6.4453125
3cj5,6.34,5.8515625
3nik,3.45,3.4707031
3tfn,6.57,6.6875
2fpz,3.96,3.6835938
4lj8,5.82,5.2070312
1bnu,9.7,9.234375
4etz,6.3,6.234375
3arw,6.15,6.3125
3si4,3.88,3.9960938
3p7i,7.7,7.2695312
2wb5,9.13,9.46875
3acx,5.7,6.078125
1k1j,7.55,7.953125
1bty,4.74,4.765625
1ajq,4.31,3.7675781
3sax,6.57,6.6875
2wgj,8.7,7.9453125
3g30,2.51,2.5527344
2fx6,3.7,3.5449219
3gy2,5.74,5.9453125
2b4l,4.77,4.4453125
1zs0,6.15,6.4375
1fq5,8.4,8.546875
2xeg,10.7,10.828125
3ng4,5.43,5.421875
1szd,4.54,4.515625
3ozr,5.15,4.84375
4ca5,9.39,9.5703125
2nta,4.8,4.578125
2oi0,7.55,7.328125
3arr,5.4,5.90625
2dri,6.89,6.5859375
1xh4,7.47,7.3203125
3ozp,6.62,6.1054688
1ndy,6.17,6.3476562
1k21,8.38,7.5546875
3i9g,8.96,8.3359375
1fzo,7.89,7.9375
4gki,4.46,4.640625
4z6h,6.21,6.546875
4kyk,4.74,4.71875
2gh9,6.0,6.0429688
3s77,7.21,7.484375
1b5j,7.43,7.3554688
4io7,3.68,3.9570312
2cbj,8.27,8.3359375
4ca6,6.74,6.5742188
1qkb,7.35,7.1757812
1thz,5.15,5.0039062
4o0a,6.72,6.6367188
1g7f,5.47,5.5625
3h5b,10.0,10.109375
2bvr,3.7,3.6894531
1d4y,11.1,9.96875
4zbi,6.51,6.4101562
3aas,4.51,4.4023438
1b46,5.28,5.3945312
2v59,7.74,7.828125
2o4r,9.4,8.65625
3ebi,7.1,7.3007812
4wko,9.47,9.2890625
2qtn,3.42,3.6953125
3sjf,7.64,7.3476562
2xc0,6.72,6.1484375
2p2a,6.12,6.1210938
3ujc,4.59,4.9492188
3m1k,5.39,4.8242188
4ks1,8.82,9.75
4io4,4.61,4.375
1jmf,5.77,5.8359375
3v4t,4.11,4.8203125
4c1y,3.6,3.640625
3ga5,5.49,5.0546875
4jkw,4.16,4.46875
4ad6,4.78,4.5703125
1tsy,4.96,5.0351562
1epo,7.96,7.1679688
3u7l,7.28,7.2890625
4cc5,4.42,4.4570312
4hfp,7.38,6.9570312
4cd1,4.89,4.8515625
4ts1,4.94,5.125
2pgz,5.74,5.65625
3rv4,2.3,2.4726562
5efc,4.85,5.3164062
3gdt,7.19,8.0390625
2g9q,6.4,6.9882812
4x11,2.22,2.7636719
1qy2,5.74,5.3398438
4ibf,4.43,4.7148438
1b51,7.37,7.1367188
3ekr,7.52,7.6445312
2aoc,4.89,4.921875
1ndz,8.11,7.265625
4iuo,3.64,3.6777344
1nfy,8.89,8.8203125
1uml,7.52,7.203125
2qw1,3.9,4.0742188
4q93,4.65,4.9882812
1r0p,8.0,8.0078125
1ecq,3.0,3.0351562
3d2e,6.42,6.6953125
1ype,8.1,7.3359375
4yik,6.89,6.96875
2j4i,9.0,9.1796875
1drj,7.4,6.5898438
4rj8,7.77,7.9101562
4nuc,6.04,5.8242188
3g0e,7.7,7.4570312
4att,6.98,6.9296875
3da9,5.51,5.9257812
1oar,7.4,7.78125
1zc9,3.22,2.6269531
4cwn,5.59,5.6992188
3ms9,5.22,4.5664062
3cow,6.9,6.4765625
1rjk,10.0,9.96875
1g46,8.8,7.515625
5c5t,3.13,2.6796875
4mhy,6.47,6.0
4b74,7.66,7.546875
1ypj,7.02,6.8046875
1gar,10.0,10.0859375
1bgq,8.57,8.921875
4hwp,7.76,8.265625
2qhd,5.38,5.2890625
1ghy,8.1,8.1640625
3ao2,3.77,3.828125
188l,3.33,3.4082031
3mv0,3.85,3.6171875
3nyd,3.48,3.5292969
2rcb,6.79,7.9414062
3n4b,7.02,6.9960938
4non,5.24,5.4570312
4av5,7.21,7.4648438
3k4q,5.34,5.5390625
4hla,10.8,10.7734375
1b6l,8.3,8.828125
4fl1,3.28,4.0742188
3iof,5.22,4.6875
2zft,6.52,6.4492188
1wuq,8.27,8.609375
3lzz,3.84,3.875
4x6i,8.0,7.3789062
4nbk,3.87,3.7011719
2e27,9.35,9.953125
3zxz,8.4,8.3125
2qi7,10.21,10.203125
1j37,8.96,8.796875
3f3u,4.74,4.3867188
3m6r,7.49,7.7734375
3k4d,5.11,5.1953125
2qft,5.26,5.1953125
2xbp,5.02,5.5195312
1if8,9.64,8.9921875
3v51,8.55,8.21875
1b2h,4.54,4.8046875
3muz,3.46,3.2050781
1h2k,2.92,3.4765625
1e1v,4.92,5.1328125
3ny3,4.71,4.9804688
5boj,7.0,6.9179688
3nzk,9.27,8.6796875
4g8v,5.8,5.5234375
1hi5,4.04,4.2578125
1o2n,6.09,6.2851562
2gl0,4.82,4.0820312
1bhx,6.84,6.6015625
1oba,2.44,2.9042969
5am6,6.73,6.875
1h46,3.57,3.8183594
2g72,6.5,6.7304688
1gcz,5.13,5.109375
2p09,6.35,6.109375
2eum,6.7,6.7929688
2a5s,6.7,6.4960938
2yfa,5.07,5.0820312
1toj,3.39,3.6445312
4hym,8.22,7.9375
4qy3,6.82,6.9570312
3ocz,7.46,7.59375
2bfq,6.89,6.3398438
3iog,5.52,5.9882812
3ujd,4.69,5.03125
3nhi,8.43,8.4296875
3ldq,5.36,5.21875
4e3g,4.97,5.0507812
1mes,7.7,7.9414062
2jkp,4.23,4.125
2vvv,8.22,7.8242188
4ynl,4.62,4.0625
3vvy,4.84,5.109375
4hws,9.1,9.2265625
1mrn,4.52,4.8320312
3l7c,2.44,2.4628906
4rww,5.85,6.0507812
4mss,6.4,6.59375
2zkj,5.48,5.6757812
4rra,4.87,4.9179688
1ctt,4.52,4.65625
1j36,7.74,7.484375
5azf,4.44,4.8125
1bv9,9.96,10.2109375
3ip8,2.28,2.5800781
3kmc,6.4,7.0351562
2avo,8.85,7.984375
4b9z,4.09,4.3867188
1zea,5.22,5.4375
3hub,8.09,8.03125
3vjc,7.72,8.0859375
3g2y,2.0,2.0371094
1bn4,9.31,9.734375
4ezz,5.19,5.5585938
2p53,7.46,8.1015625
3a1d,4.12,4.2851562
3uil,6.0,5.8085938
1hk4,5.31,5.3710938
4isi,8.14,7.640625
1l6m,8.1,8.09375
3lvw,2.67,2.1933594
3ru1,4.85,4.6757812
1tq4,6.19,6.421875
1fkg,8.0,7.9257812
2oi2,6.3,6.125
2d1n,8.15,8.1953125
3st5,11.3,11.5859375
5std,10.49,10.328125
4cg8,6.96,6.4375
2j7d,7.13,7.4101562
1sqt,6.2,6.4296875
4cjq,3.59,3.5683594
1o3d,7.13,6.7773438
3bkk,6.08,6.375
3iae,3.89,3.4863281
3kyq,4.22,4.7539062
4j48,5.62,5.5898438
2wed,6.1,6.1289062
3pgu,6.7,6.7929688
4bs0,5.7,4.859375
1kzn,8.92,9.296875
1qb1,6.77,6.8242188
2byr,8.55,8.703125
3igp,7.02,7.1679688
3t70,6.3,6.1328125
1b3f,6.89,6.78125
3c2u,2.9,3.25
4e1k,6.3,6.6054688
3k8o,11.07,10.9453125
1mu6,8.38,7.8945312
1mmq,7.52,8.0234375
4del,7.68,7.5039062
4crf,9.3,9.6484375
4r76,7.85,7.5117188
1bxo,10.0,9.75
2xj2,7.18,7.3242188
5afv,5.59,5.46875
3gtc,2.35,2.4804688
2idw,8.89,8.6015625
1w5v,8.15,8.140625
4el0,4.49,4.4492188
3d7k,4.6,4.6835938
3lcu,3.52,3.5625
1dfo,6.7,6.3398438
1y3n,5.55,5.8125
2fw6,2.92,2.8085938
4oc3,8.28,7.7773438
2vw1,3.52,3.7734375
5e13,4.24,4.359375
4q4o,7.46,7.1953125
3a1s,4.83,4.828125
2xn3,5.92,5.8515625
4o3c,2.59,2.5859375
1a1e,6.0,6.078125
2uwd,8.35,8.0078125
3kjd,8.54,8.6171875
1c3e,6.59,6.828125
2h3e,5.7,5.8320312
3b5j,5.68,5.3789062
3evd,6.91,7.8203125
2e5y,5.85,4.96875
2gz2,5.22,5.1328125
1pxo,8.7,8.78125
1o1s,7.31,7.7617188
3nxq,8.15,8.140625
4oma,4.17,4.2460938
4ymq,5.8,5.5859375
1syh,6.41,6.484375
4ab9,3.33,3.6757812
2vqt,6.0,6.5585938
4nvp,7.57,7.484375
2j7b,6.62,7.0898438
4i9u,3.86,3.8671875
4b2l,3.24,3.2929688
3fvl,6.07,6.1484375
2erz,5.66,6.0
1fcz,9.22,8.578125
3qto,4.13,4.296875
1vyg,8.0,8.125
2vvu,8.1,7.6289062
1ebw,9.05,8.5625
4ahu,2.27,2.3984375
3lzs,10.96,9.9296875
1elb,7.15,6.875
3ibi,8.59,8.2109375
3jzh,3.4,3.4765625
1c5q,6.36,6.4609375
1k6v,6.92,7.4726562
2qx0,6.11,5.9453125
6std,8.64,8.8984375
2p16,10.1,9.7578125
4dko,6.52,6.2265625
4xtv,9.27,9.4140625
2glp,5.01,4.8242188
1lhu,8.83,8.4140625
4d3h,6.43,6.7265625
184l,4.72,4.625
4uof,4.84,5.1757812
4nj9,6.97,7.0585938
3dcc,8.96,8.84375
4v01,8.11,8.359375
1b5h,6.01,6.0742188
4m2u,8.04,7.6796875
3djp,4.2,4.2148438
1usn,7.74,8.109375
3ikd,6.75,7.1015625
1ws4,3.0,2.9042969
3ery,5.66,5.4726562
2ygf,5.09,5.0585938
1tni,4.0,4.0195312
1ele,6.85,6.8320312
1ndv,5.92,5.8789062
1kdk,9.05,8.890625
3l6h,5.4,5.3398438
4l4z,5.68,5.3164062
4qfl,5.11,5.2265625
4uoh,4.77,4.7460938
4qjx,7.28,7.5585938
4c1u,7.09,7.3789062
2hf8,5.47,5.8203125
3qw5,6.45,6.5703125
4cp5,3.34,3.5820312
1cnw,7.72,7.296875
1xh5,5.47,5.5390625
3g2k,4.79,4.9921875
3hcm,3.3,3.6796875
2w5g,6.07,5.6992188
3nu4,8.82,8.5078125
2y7p,5.47,5.8398438
1dmp,9.55,9.6015625
3fh7,7.6,7.5117188
3iob,3.42,3.4335938
3kgu,5.92,5.9726562
4ck3,3.57,3.1992188
2ca8,4.66,4.640625
2qi3,10.2,9.6875
6upj,6.32,6.5117188
4b3d,2.68,2.7363281
2wyj,9.0,8.4765625
2a8g,3.69,3.9238281
1sw2,7.22,7.3828125
1hxb,9.92,10.390625
2ya7,3.14,3.0058594
1afk,6.62,6.28125
3rbu,9.43,8.6875
3b50,7.55,7.234375
1gi4,7.19,7.1328125
3fed,7.46,7.4335938
3zln,8.47,9.515625
3l0v,7.64,7.5507812
5aol,2.32,2.5625
4fys,4.82,5.0390625
2x0y,4.6,4.796875
4lhv,10.0,10.296875
1gi1,5.47,5.5273438
4bqg,6.22,6.1523438
2pql,7.28,6.8398438
4gue,5.24,4.984375
1oe8,5.52,5.0742188
4oak,4.22,4.1132812
2p3i,3.48,3.390625
4io2,6.7,6.53125
1gvx,7.22,7.4023438
3kdm,7.0,7.0546875
4gj2,8.6,8.71875
8a3h,4.06,4.3085938
2hu6,3.81,3.8945312
1v2o,4.73,4.328125
4wup,9.82,8.8046875
4lj5,6.29,5.53125
3rz5,7.89,7.0390625
3gpo,5.3,4.828125
1sv3,4.35,4.484375
1o33,5.74,5.4492188
3moh,2.84,2.7910156
2r0h,3.51,3.4960938
3nim,4.75,4.4257812
1x8r,6.12,5.8867188
4u0w,3.0,3.4179688
1qin,8.0,7.7773438
2qg2,5.4,5.6835938
2zxg,8.82,8.8984375
3iss,6.05,5.609375
4j45,5.77,5.3828125
4v24,8.37,8.234375
3p3t,7.24,7.15625
3fvn,6.77,7.1171875
1fzk,8.4,7.9335938
3nuo,9.8,10.34375
2w67,4.96,5.40625
4z93,7.35,7.4179688
3hvj,8.7,8.625
1qka,5.92,5.265625
1v2j,3.25,3.0273438
4zzy,5.6,5.953125
4b73,7.21,7.2890625
3f5k,4.62,4.6054688
4r4t,6.26,5.71875
1dar,4.96,4.5976562
2qi1,7.3,7.2851562
1m0o,2.31,2.4824219
2f94,6.71,6.6835938
4trc,4.52,4.4375
1oif,7.72,7.0898438
3c84,7.85,7.9648438
4k4j,6.12,6.0195312
1j14,4.49,4.5273438
1z1h,8.4,8.21875
2i4d,11.68,11.2421875
4jv6,6.66,6.140625
4x8u,2.46,2.1328125
3ok9,11.23,10.5703125
1nq7,6.8,6.5117188
2a5b,3.93,3.7988281
4daf,7.12,6.7226562
4ua8,6.26,6.6679688
2nnd,6.06,5.984375
3zbx,8.22,8.6171875
3hmo,7.52,7.5546875
4u6w,4.21,4.5351562
2fzg,3.38,4.125
2qfo,4.7,4.5
4hw3,6.49,6.8320312
3elc,2.69,2.7421875
1ugx,5.91,5.8632812
3pn1,6.96,7.2226562
4qrh,5.15,5.5898438
4tkb,5.59,5.2109375
4rlw,4.87,5.046875
3re4,7.4,7.2890625
3lxe,6.6,6.1132812
4q1y,10.35,10.3671875
4pum,6.73,6.8867188
3c8a,6.18,6.0898438
4ibd,3.67,3.8476562
4fm7,7.24,6.1992188
4gny,4.22,4.1914062
3rux,9.28,9.5
3dd8,7.85,7.359375
2wnj,6.48,6.421875
4m2v,7.44,7.4453125
3f80,4.22,4.5273438
1enu,5.08,4.5976562
2v54,4.6,5.1601562
3i73,5.49,5.6210938
2oxn,7.44,7.6328125
2z4o,9.57,8.9140625
3l3l,7.48,7.6328125
2p4j,8.96,8.4921875
5e2p,8.8,8.828125
3drg,7.0,6.2734375
4i71,7.74,7.7460938
1sgu,5.37,5.5234375
1iiq,7.48,7.5820312
966c,7.64,7.3515625
1hmr,6.55,6.328125
3pwd,6.66,6.9726562
2vnp,9.92,9.4140625
1gja,5.42,5.2734375
3b7i,5.82,5.4570312
3m8u,4.89,5.1601562
3ibn,7.61,6.9492188
2vzr,4.28,4.2539062
1k6p,7.36,7.6171875
1kv5,4.22,4.3242188
3fql,7.15,7.0625
4i54,6.96,6.7460938
3mdz,9.1,8.671875
10gs,6.4,6.2265625
4q8y,2.64,2.5351562
1j4r,7.72,7.7304688
3drf,7.0,7.4414062
3ozj,5.11,4.9648438
3qtv,4.65,4.4414062
3zi0,7.4,7.2929688
2i0a,11.4,11.09375
2cer,9.22,9.7890625
2cc7,8.01,8.0625
1k1n,6.82,6.7695312
1bm7,7.52,8.1171875
2yi7,8.32,8.1328125
1w5w,8.8,8.625
4v27,6.66,6.0507812
4x5z,7.63,7.5820312
3oyw,4.11,3.9726562
3rlp,7.08,6.6601562
2xxt,8.05,7.65625
4z0q,8.17,7.9179688
3g1d,3.48,3.1738281
4gg7,8.2,7.7617188
3pcn,3.66,4.0273438
4u6z,5.41,4.828125
3x00,9.08,9.0234375
3sk2,3.61,3.984375
3k8c,2.92,2.7558594
2g71,7.46,7.4257812
1rpf,3.99,3.7402344
4dhl,4.48,4.546875
4tjz,5.97,5.9648438
5upj,7.12,7.1523438
3cm2,6.47,6.3164062
1ssq,6.0,5.3710938
4or4,4.57,4.75
3d8w,8.15,8.3828125
2vt3,4.15,4.4492188
3tzm,7.77,7.7265625
4f3k,10.16,9.7890625
2qfu,4.18,4.8515625
2fle,7.85,7.2148438
4aj4,3.89,3.921875
4q3t,6.48,6.6367188
4i9h,7.17,7.90625
4bny,7.1,6.3671875
4x5q,9.0,9.0234375
4crl,9.71,9.78125
1t5f,4.22,4.0234375
4o09,7.7,7.6757812
2yln,7.68,7.34375
2xm2,4.62,4.9414062
3str,8.4,8.640625
4std,10.33,10.8125
5cqu,6.54,6.4296875
1uw6,7.34,7.1953125
4zwx,8.7,8.5703125
4poh,8.0,8.109375
3a9i,4.15,4.2070312
3l1n,5.63,5.1523438
4lko,8.22,8.125
3gk1,4.1,4.0703125
4q83,4.19,4.390625
1g7g,6.6,6.9023438
4qer,7.54,7.2695312
4k7i,2.82,2.5820312
4ddy,5.62,5.2695312
2rkm,3.9,4.4414062
1hlk,5.0,4.8828125
3kgt,5.51,5.7070312
2ccc,7.76,8.125
4u6c,5.0,5.640625
4c52,5.68,5.7890625
1t31,8.64,8.6171875
3c52,7.3,7.0117188
2wvz,4.02,3.6503906
1uz4,3.4,3.0019531
2qci,8.34,8.984375
3f3t,4.59,4.484375
3q7q,5.65,5.0429688
4xas,6.59,6.8554688
1wcq,6.26,5.7773438
3sym,4.57,5.3007812
4jwk,8.32,7.6523438
4rn4,6.94,6.8710938
2xm1,5.07,5.2617188
4hp0,6.12,5.6367188
3sur,4.15,3.9589844
1hvi,10.92,9.9296875
3gta,4.28,4.3085938
1qhc,7.57,7.7773438
4cd4,6.58,6.3085938
3mhm,7.0,7.28125
1k4g,5.85,5.7851562
1gyy,3.64,3.8554688
4w9d,4.99,5.1289062
3n8k,4.05,4.3007812
1i9n,8.66,8.1640625
1q1g,8.57,9.1640625
5cp9,3.51,3.3398438
3wz7,5.74,5.6601562
3oy0,8.0,7.8632812
3o56,9.1,8.359375
3h1x,5.89,6.5195312
4fcq,7.0,6.9414062
3ibu,9.15,8.859375
4yc0,4.13,4.3515625
4b0b,3.33,3.6914062
2za5,8.43,8.9765625
5ceq,7.38,7.5117188
3nex,6.0,6.1914062
4exs,4.41,4.9023438
2v88,4.09,4.1484375
1srg,5.3,5.5
3zc5,7.13,7.1914062
3l4v,6.72,6.6757812
2gv6,7.34,7.03125
1v1j,4.82,4.9296875
3fas,6.77,6.3515625
3dk1,9.74,8.8984375
6cpa,11.52,11.46875
3nyx,7.49,7.6992188
4abf,4.62,4.9921875
1hee,5.34,5.375
4ax9,9.57,9.1875
1eld,6.7,6.6523438
3ug2,8.25,8.3984375
2hnx,7.08,7.0234375
4g95,7.61,7.1210938
3adv,3.03,3.5371094
4zj6,8.52,7.9570312
3oil,5.68,6.015625
3ies,9.92,10.015625
3iue,5.82,5.8085938
4w52,3.76,3.4980469
1w3k,4.3,3.8378906
2ya6,5.7,5.8671875
4bb9,6.0,5.4296875
1qft,8.77,8.8203125
3ip5,6.22,5.8046875
1qbv,5.39,5.7695312
3i4b,8.15,7.0585938
3juq,4.91,4.9960938
3cd0,7.57,7.3945312
3owj,6.07,5.8085938
2vot,7.14,6.8984375
5e2r,7.06,7.2304688
3suf,7.56,7.3789062
4bj8,8.29,8.828125
2ovv,7.92,8.1640625
2ojg,5.64,5.5859375
1gj7,7.89,8.046875
4e67,6.48,6.1171875
3f78,3.1,3.4257812
1nhu,5.66,5.8828125
2vhj,3.9,3.7265625
2xxx,6.41,6.4140625
2o8h,7.6,7.6132812
2xdx,6.46,6.5039062
3f18,7.4,6.9960938
4urz,2.52,2.9472656
1bwb,8.42,8.4921875
3dne,5.22,4.5507812
3hk1,6.17,6.390625
3zqe,4.23,3.7949219
1a4k,8.0,8.3359375
1h0a,5.44,5.2226562
2b1i,6.82,7.2265625
4yrd,4.57,5.2226562
2amt,4.44,4.0664062
1m48,5.09,5.015625
1n51,4.85,4.5859375
4egk,7.72,7.3867188
2pyn,7.57,7.546875
2pnc,3.33,3.8066406
2j7f,6.35,6.3945312
4xty,9.21,9.484375
3h89,7.64,7.8203125
4a4q,9.4,9.515625
4itp,7.27,7.1171875
3czv,7.8,8.15625
1odj,4.1,4.2734375
1ql9,5.35,5.5546875
3g32,3.71,3.8007812
1b4z,5.23,5.328125
1ec3,9.04,9.2890625
2jiw,4.59,5.15625
3dx4,7.12,7.7773438
3ddf,4.66,4.7695312
2avs,7.57,7.0
2j7e,7.32,6.8203125
2wec,3.96,4.1679688
3gvu,8.0,7.7695312
4ly9,8.15,8.1484375
1zp8,8.77,9.1484375
2v3d,3.94,4.5585938
3s6t,7.35,7.609375
4l51,3.0,3.015625
2c94,6.82,6.7578125
1sln,6.64,7.1054688
3f8c,7.68,7.1914062
3v2p,6.36,5.9296875
1iih,2.89,3.4492188
3ifl,8.08,7.8789062
1kjr,6.06,5.8007812
3t2q,3.66,3.8535156
1m0n,2.22,2.5351562
5cbr,5.74,5.8320312
1t32,7.42,8.1953125
1ucn,5.22,4.8398438
1ork,8.81,8.6640625
5cep,6.84,6.328125
3b4f,8.14,8.9765625
1fjs,9.96,10.15625
2jf4,8.15,8.546875
4nze,6.8,6.4960938
4lrr,5.22,5.2304688
3c88,6.8,6.9140625
2evl,6.7,7.3984375
4xu3,9.5,9.546875
3uug,4.51,4.7851562
3zll,6.4,6.5351562
2v2q,4.15,4.1796875
3f6g,4.72,3.9628906
3nw3,6.49,6.2304688
1e5j,4.0,4.0976562
1ohr,8.7,8.65625
1sw1,7.3,6.78125
3wq6,4.59,4.890625
3ujb,5.1,4.8046875
1v2w,4.01,4.0
1vyf,8.05,7.7773438
1jao,5.92,6.0273438
1lbf,7.85,7.453125
4jv8,5.85,5.75
4gfo,6.62,6.5546875
1uj5,3.05,2.3984375
5er1,6.02,5.78125
2p7z,6.58,6.0234375
2afw,4.77,4.734375
3nu5,8.35,8.6171875
4jyc,6.7,6.6445312
1x38,8.77,9.1328125
2pqz,5.67,5.9804688
4psb,4.64,5.1171875
4dzy,5.62,5.90625
4jne,5.86,6.796875
4p5d,5.82,5.515625
2epn,7.22,7.0429688
1k27,9.0,9.2890625
4lov,7.77,7.7382812
3t60,6.7,6.9101562
2wuf,4.29,4.2890625
3c39,3.96,3.828125
3arx,5.33,5.4375
4avs,3.49,3.7871094
3myq,7.52,7.7382812
1n8v,6.03,6.0859375
3u7s,8.43,7.8398438
1zog,7.15,7.078125
4ca7,7.36,8.1875
2g70,7.77,7.7109375
1jfh,2.05,1.8320312
1x39,9.22,8.59375
4a6s,5.2,4.96875
1n46,10.52,10.375
1kmy,5.1,5.3359375
4wkn,9.72,9.9453125
3nes,5.62,5.7382812
4emf,7.08,6.5507812
1nl9,5.96,5.9335938
4p6c,4.0,3.890625
4b3c,2.68,2.5058594
3d78,7.64,7.2070312
3s56,9.62,9.1015625
2vwn,8.0,8.0
1duv,11.8,11.078125
1nfw,8.96,8.6875
1xt8,6.85,6.6835938
2vk2,6.89,6.5625
2ha2,4.66,4.515625
1wdn,6.3,4.9335938
2bvs,4.1,3.8515625
3o99,10.82,9.484375
2hkf,6.38,6.0742188
3aaq,3.3,3.2226562
1f5l,5.28,4.3007812
1w9u,6.09,5.2773438
2qi0,7.38,6.6992188
1hbv,6.37,5.890625
1xow,9.28,9.0859375
3cf8,4.9,4.7773438
5e2o,8.7,8.265625
4nnr,7.26,6.7578125
4hbm,7.92,7.34375
3cj2,4.85,4.90625
1b6h,7.82,7.4257812
5a2i,5.06,5.3828125
5c2a,8.32,8.3828125
1msm,10.48,10.6875
3wtl,7.04,6.4179688
1h5v,3.93,3.4003906
1ado,6.0,5.78125
3ime,3.0,2.5722656
1nje,3.8,3.8964844
3djk,10.59,10.9453125
3f19,7.19,6.7773438
1dud,4.82,4.8710938
2zjw,7.7,8.078125
3cyz,7.22,6.5429688
4j74,4.59,4.6992188
4gql,9.59,8.4765625
3ml2,8.05,7.7148438
2yel,7.28,6.2460938
1ai5,3.72,3.8652344
3rm9,4.77,4.9257812
1tom,8.3,7.8710938
1fm9,9.0,8.34375
2j27,3.52,3.6210938
4j22,7.74,7.4140625
1hvr,9.51,8.625
2eg7,5.89,5.7421875
2pbw,8.25,8.140625
2v8w,6.82,6.8085938
4qiy,7.3,6.5351562
4x50,7.75,7.1953125
1efy,8.22,7.9726562
3eqr,8.7,8.140625
3r1v,6.92,6.5351562
3alt,2.92,3.0039062
4unp,3.23,3.1347656
1m5w,4.27,4.4140625
3nox,8.66,8.4453125
1hdq,5.82,6.1757812
3u5l,6.19,5.7109375
1pz5,5.4,4.7421875
1d4j,8.36,8.0078125
1pro,11.3,11.1171875
1fki,7.0,6.3398438
2pvu,6.31,5.5976562
4h81,5.12,5.0703125
3hzv,6.52,6.0703125
1ii5,6.62,6.453125
1bn3,9.89,9.140625
4cu7,7.59,7.46875
5d1r,4.84,4.7109375
1ec2,10.0,10.015625
4hj2,2.53,2.3046875
4qyy,7.3,6.9765625
3s0e,6.55,6.2851562
4gah,6.1,5.7304688
2ojj,8.7,7.9140625
1hvj,11.4,11.375
4u71,5.22,5.2734375
2bys,9.52,9.625
1k1y,3.22,3.0566406
3upk,4.3,4.5
3uxk,4.93,5.1992188
2r0z,5.47,4.96875
4iue,6.55,6.0039062
4a4v,6.54,5.8984375
4riu,7.3,6.5507812
4zae,8.44,8.03125
4a6l,8.0,8.1015625
1i5r,8.52,7.4492188
4e70,5.28,5.1054688
3t0x,8.0,7.484375
4er2,9.3,9.0234375
4fnn,7.57,7.6914062
1f0u,7.16,7.1679688
1g36,7.17,6.8203125
1jys,3.52,3.2597656
1elr,4.96,5.1953125
4des,5.85,5.8242188
1hyo,4.07,3.5253906
1xka,6.88,6.7890625
2clk,3.79,3.8515625
2gj5,8.32,7.453125
4pfu,6.17,5.3789062
1lkk,6.85,6.8164062
4hu1,7.54,6.8789062
4q7w,2.64,2.4863281
2fqy,6.57,6.1835938
4baq,9.01,8.8984375
3n3j,8.48,8.4921875
1add,6.74,6.2539062
4b5d,7.89,6.7851562
3bpc,4.8,4.9570312
2uwl,8.4,7.515625
4g5f,3.05,2.2890625
3wmc,6.51,6.5976562
4w9j,6.23,5.9765625
1nfu,7.74,7.1796875
3ai8,3.81,3.0214844
3rdv,4.91,5.0859375
2ctc,3.89,3.3046875
4cs9,2.1,2.1738281
1erb,8.1,7.5
3rwp,9.22,9.296875
4j7e,4.85,4.5429688
4kyh,5.92,6.15625
1bv7,10.3,10.421875
3gjw,8.3,8.4609375
2dw7,4.7,5.0429688
1hpx,11.26,11.2578125
2yfx,8.09,8.2109375
4w9f,5.49,5.5664062
4djo,11.52,10.046875
3iod,4.1,3.7597656
4pzv,5.7,5.140625
4lm4,3.04,3.25
2e2r,8.26,7.8476562
4pb2,4.8,4.5664062
2y81,8.7,9.1875
3g08,8.16,7.8085938
4q4p,6.39,5.7578125
2xda,6.22,6.046875
2pym,6.82,6.8085938
1owe,6.2,5.7304688
1rnt,5.19,5.3515625
3gy7,4.52,4.4335938
4cps,8.27,8.375
3ldp,5.62,5.5664062
1wn6,4.68,4.8007812
3cs7,10.68,9.8828125
3bgb,6.05,6.3203125
4yc9,8.89,8.7734375
4l9i,4.89,4.8125
3bva,6.52,6.4570312
4oag,6.3,6.5703125
3s8x,7.3,6.4414062
3ohi,4.85,4.9140625
3d51,4.15,3.6230469
1azm,6.1,6.5234375
1b05,7.12,7.046875
1v1m,3.94,4.0546875
2boh,8.52,8.1015625
3l7d,2.18,2.0625
3vje,8.01,7.9648438
3hx3,8.0,7.8476562
2z1w,4.08,3.6054688
1lpz,7.6,7.1875
4zme,4.3,3.9472656
4g8n,7.2,6.7617188
4oc0,6.5,6.4101562
4n9a,4.19,4.421875
2zq2,6.56,6.3984375
3kdd,8.46,8.15625
4qsv,2.0,2.7871094
4ufm,3.72,3.921875
1o0m,5.15,4.6640625
3mjl,2.44,2.375
4xxh,5.0,5.15625
1f5k,3.74,3.5097656
4dff,7.46,7.859375
1pph,5.92,5.421875
4rd3,6.47,5.6015625
4rqv,5.05,5.1210938
2hoc,9.52,10.09375
2d1o,7.7,8.5078125
1z4o,4.52,4.9414062
4uyf,7.6,7.453125
2qnn,7.15,7.0039062
3rz1,8.74,7.796875
1pxp,6.66,5.9960938
2yek,7.21,7.1328125
1hp5,6.55,6.6953125
1nki,6.7,6.71875
1nw4,9.07,8.6484375
3tt4,8.28,7.8359375
3t08,3.04,2.7753906
1d7j,3.3,3.3300781
3s9e,5.13,4.4570312
4rfd,8.05,8.375
3ekt,10.59,10.6875
2exm,4.11,4.0390625
2gvj,9.52,9.9765625
4ljh,4.71,4.8945312
2vjx,4.96,4.7929688
4lxd,7.23,7.2109375
3sw8,4.5,4.1601562
2rkg,8.09,7.8164062
2ate,7.07,7.546875
1c70,10.3,10.65625
4hwo,8.54,7.9179688
2ewb,6.1,6.3398438
2fu8,4.7,4.4101562
4uin,7.62,7.6875
4dbm,7.62,7.5039062
1hih,8.05,7.3632812
3kqr,4.43,4.34375
2usn,6.51,6.421875
3wvm,5.71,5.9492188
3gxy,5.59,5.7265625
1fzq,7.62,6.765625
4n3l,7.0,6.8125
4bf1,8.62,8.2890625
2e91,6.59,6.7851562
3ppm,9.54,8.7578125
4bcn,7.92,8.0
2bvd,6.0,5.5429688
4o0y,7.22,7.2773438
3hu3,6.89,6.9609375
4q6e,6.18,6.375
1lbk,3.18,2.9277344
2h4k,5.49,5.5351562
1rmz,8.0,7.7773438
2xab,9.27,9.296875
3dgo,6.74,6.2890625
4i72,9.05,9.1484375
2qwd,4.85,5.1210938
4xmr,4.07,4.1015625
2qwc,3.55,3.5742188
3s8n,6.21,6.1953125
4ayq,7.33,7.3085938
2ybu,6.38,6.4960938
2nmz,8.37,8.390625
1oz0,7.7,7.4921875
2jjb,7.92,7.3945312
1onz,5.1,4.9179688
3ao1,2.26,2.3457031
1xug,7.05,7.0
3ryx,8.14,7.9375
4kwo,6.45,6.4414062
1uz8,4.96,4.9101562
4i7j,3.32,3.4257812
3f5l,3.72,4.2109375
4xt2,7.15,7.125
4j93,4.7,4.8398438
1qbo,7.74,7.8476562
1k4h,5.11,5.2851562
1drv,6.54,6.484375
3vf7,9.1,9.078125
4umb,4.0,4.3984375
4b6p,7.13,6.8125
1c5c,6.96,7.2539062
4ovf,4.13,4.0664062
2nmx,5.57,6.0273438
1i7z,6.4,6.40625
4r0a,4.26,4.8710938
1b9j,5.96,6.328125
1rp7,8.52,9.2265625
3cfn,5.0,5.5078125
1xk9,6.85,7.1015625
3njq,4.89,5.2148438
4kzb,2.89,3.3378906
4yha,6.65,7.3710938
2wej,6.08,6.7382812
3s76,5.05,5.609375
2iw4,9.3,9.4609375
3t09,3.8,4.1523438
2vpe,4.94,5.0390625
3dbu,8.06,8.3125
1ttm,7.35,7.2773438
3d7z,7.92,7.2148438
2y8c,6.4,6.3515625
1y3p,4.82,5.0664062
4u4x,5.01,5.4570312
3pgl,5.3,5.84375
3u92,7.48,7.6132812
4a7i,8.7,9.3359375
4sga,7.3,7.6796875
1qbt,10.62,10.1640625
3wq5,3.85,4.1289062
2q8z,5.68,6.3789062
3rt4,8.8,9.15625
2qhy,7.48,6.9414062
4mc1,7.85,8.8984375
2jgs,6.62,6.6484375
4alx,7.28,7.6953125
1sb1,6.89,7.8203125
1fh8,6.89,7.3203125
4tpw,4.69,5.25
4h85,5.15,5.7148438
1lkl,5.81,6.609375
3v2q,6.29,6.484375
2e92,6.89,7.2265625
4clj,9.15,8.515625
3d8y,3.4,3.4648438
2qd7,9.1,9.7890625
4cjr,3.1,3.7050781
4n8q,3.42,3.5078125
3nu6,9.3,8.828125
4gr8,7.83,7.953125
4aq6,4.8,5.0117188
4qgd,7.43,8.0859375
1qb9,7.44,7.0429688
3e12,5.99,5.4453125
1j01,6.47,6.9179688
1ro7,3.18,3.6660156
3jy0,8.3,7.9804688
4wk1,5.89,5.3554688
3bxe,5.48,5.859375
4p6x,7.04,7.2382812
4aji,3.55,3.7910156
1bq4,5.22,5.3554688
3s78,6.47,6.921875
3bqc,5.73,5.7304688
1h6h,5.3,5.7070312
4fm8,5.97,6.3476562
3o84,7.24,7.3984375
3suw,4.7,4.9882812
4djp,10.55,10.296875
1aid,4.82,5.265625
4ahr,2.19,2.6777344
2w8w,2.12,2.3085938
3pn4,6.85,7.6054688
2e2p,4.74,5.1640625
4omk,4.4,5.3046875
3mhw,2.3,2.8886719
2xyt,6.29,6.3242188
1m4h,9.52,9.21875
3zpu,8.38,8.171875
2pwd,4.4,4.078125
1jvu,5.15,5.125
3f7g,7.37,7.34375
4bi6,3.95,4.1835938
3sbh,7.28,7.9140625
2hzl,6.57,7.2304688
4u69,4.26,4.828125
3lmk,5.94,5.828125
3be9,7.62,7.828125
1yqj,8.14,8.234375
1yp9,5.11,5.0507812
3gcp,7.82,7.8828125
1gjd,5.22,5.6445312
3jdw,3.6,3.7558594
2ces,7.25,8.015625
3zj6,6.66,7.3632812
3roc,8.19,8.109375
1xgi,4.85,4.7890625
3gt9,3.96,4.8632812
3gx0,3.48,3.4550781
2gss,4.94,5.5703125
2zn7,7.89,8.4921875
1uvt,7.64,7.3710938
3kgq,2.3,2.9648438
4k5p,3.46,3.7832031
3sus,4.15,4.4882812
3ps1,10.17,10.7421875
2yb0,3.85,3.3085938
3m89,6.16,6.7890625
2pyy,4.6,5.3984375
2wqp,5.51,6.1523438
5fl4,7.0,7.8398438
4q81,3.02,4.0703125
3hll,8.24,8.6171875
1x8t,7.8,8.1171875
1fd0,8.4,8.5
3oy8,3.66,3.7734375
1k9s,6.52,6.9375
2vpn,6.72,6.9804688
3p8o,8.72,8.7109375
1ch8,7.0,6.6289062
1y6q,11.7,12.671875
2nsj,4.79,5.2734375
3mfw,3.52,3.4277344
4wr7,11.7,12.265625
4n6g,5.47,6.4101562
2wk6,3.32,3.0292969
3th9,7.7,7.4570312
4qj0,7.32,7.8984375
4fl2,3.66,4.0234375
1kpm,5.8,5.3828125
3pce,2.0,1.6796875
4cp7,8.11,8.734375
4ucc,4.32,4.421875
2i4z,5.7,5.578125
4i8n,4.46,4.859375
4tkj,6.04,6.2226562
3kv2,7.32,7.2148438
1ghv,4.35,4.7304688
3t5u,7.59,7.3945312
1i9m,8.48,8.2734375
1f4x,5.59,5.5703125
2qu6,8.52,8.625
1qbn,5.85,6.0507812
4ge1,6.43,6.6328125
5e8f,8.64,8.484375
4o2p,6.7,7.1328125
3ijh,4.0,3.9433594
4qij,5.54,5.4921875
5aoj,4.68,4.9921875
2p7g,6.53,6.625
2p4s,9.51,10.40625
4qfo,4.27,4.0585938
2q6f,5.44,5.7109375
1toi,4.05,4.015625
3kiv,4.7,5.3945312
1xhy,6.18,5.9726562
2i6b,7.17,7.4101562
3afk,3.6,3.6777344
1v2t,4.71,4.609375
4ual,8.4,8.7578125
3fuc,9.72,9.7890625
1ew8,2.26,2.4140625
2wf5,6.0,6.1601562
3qx8,2.86,2.6035156
1dl7,6.49,7.2148438
3d0b,6.54,6.546875
2qtt,4.32,4.7695312
4loo,8.15,8.3046875
4xy8,6.4,6.8203125
1zgi,5.34,5.8828125
2f81,10.52,10.59375
3aho,7.05,8.28125
4pow,6.3,6.4296875
1e2k,4.94,5.421875
4uye,8.02,6.8945312
4nxu,5.54,6.6015625
2r38,7.44,7.65625
3rlb,9.92,10.15625
1lnm,8.7,9.1015625
2rkd,2.72,2.953125
4fev,5.42,5.46875
4gu6,7.36,7.4921875
1s63,9.05,9.3359375
3su2,7.35,6.6289062
4h3g,8.22,9.3671875
2ya8,5.75,5.6171875
4i7p,3.5,3.1582031
2rio,4.69,5.0664062
1i9p,8.41,8.6015625
2pyi,3.75,3.9707031
3n7o,7.14,7.578125
1qk4,4.21,4.515625
4j46,5.28,5.1835938
3guz,4.38,4.6171875
2h15,5.67,5.5078125
1ua4,4.22,4.1054688
3g3r,6.48,6.9726562
4tim,2.16,2.6367188
1rd4,7.74,7.921875
1g2o,10.55,10.7265625
1lzq,8.39,7.9335938
1ta6,9.13,9.28125
1n1m,5.7,5.1328125
1tpw,3.3,3.5449219
3v3l,6.43,6.9570312
4mdn,6.22,6.4023438
3hp9,4.59,4.3828125
1izh,7.7,7.3632812
4xaq,7.14,7.0976562
4elf,8.03,8.171875
1bhf,4.38,5.1523438
3tif,5.38,5.5820312
1y3x,5.14,5.578125
2o4l,9.22,9.515625
4o0x,7.17,7.4804688
3b25,6.07,6.1210938
3s0d,7.05,6.890625
2r1y,4.51,4.3046875
1jlr,3.33,3.9140625
4rsk,4.32,3.890625
2aoe,7.62,7.2773438
4j47,4.92,5.203125
4qev,7.66,8.296875
4b7j,7.95,8.4375
3zze,8.89,8.7890625
3fuz,6.54,6.640625
3o9p,6.52,6.3242188
4g90,4.51,5.109375
1p57,4.4,4.9609375
3jyr,5.54,6.0234375
2wos,3.9,4.1523438
1w11,8.22,8.5234375
4dcs,5.1,4.7304688
4css,8.46,8.125
3bf1,2.52,2.6621094
1adl,5.36,5.421875
3t01,4.48,4.875
3sue,9.08,8.8828125
4n9c,3.9,3.8300781
2wzs,3.85,3.9238281
3t0b,4.3,4.609375
3bxh,4.03,4.0976562
1v2n,5.9,6.1914062
1fo0,5.59,6.0898438
1fhd,6.82,7.5976562
2vvc,8.52,8.890625
4nyf,7.31,7.2890625
3ama,6.53,6.5859375
3vbd,8.07,7.8984375
2cle,3.55,3.4199219
3huc,5.99,5.9257812
1w13,8.7,8.6875
4f5y,5.43,5.4257812
3gi6,11.22,10.1015625
2oc2,8.52,8.2578125
2qi4,10.44,9.9140625
3lq2,5.22,5.078125
2xyd,6.82,7.0039062
3p58,7.6,8.0859375
3wha,9.32,9.453125
1y1z,3.08,2.4863281
3vha,7.4,7.3671875
3veh,4.96,4.7304688
1yq7,7.09,7.015625
3eax,4.92,4.5039062
4jal,4.6,4.0507812
4io6,4.82,4.671875
1bxq,7.38,7.1835938
1ppm,5.8,5.5585938
5egm,8.62,8.46875
4ish,8.72,8.796875
4ouj,2.86,2.8691406
1ppk,7.66,7.4609375
1c86,4.7,4.5117188
3rdo,9.85,8.8984375
4r4o,5.82,5.4453125
4ufj,4.28,3.5097656
4abb,4.51,4.5703125
5er2,6.57,6.5546875
2z94,5.85,5.3242188
2f9k,7.07,6.75
2qrk,4.26,4.078125
3ttp,9.12,9.359375
2i80,5.4,5.3046875
2d3z,6.64,5.7617188
3wz6,5.96,5.4609375
3odu,8.14,8.1640625
3hl5,4.47,3.890625
1a28,8.29,7.9765625
1pvn,9.82,8.7578125
3tvc,7.74,7.4375
4agc,10.7,10.5078125
1ebz,9.4,9.0859375
2psv,7.24,6.9921875
3sha,5.59,4.9375
2xde,5.47,5.0039062
3vfa,9.19,9.40625
4p5z,7.41,7.6757812
1w3j,6.32,6.3203125
1oth,7.0,6.8476562
3hmp,5.49,4.8203125
4x5p,8.21,8.5234375
4k7o,4.3,3.6640625
3ibl,7.84,7.5507812
3u3u,6.88,6.4570312
3tay,3.38,3.0214844
1f0r,7.66,7.4375
3el5,7.72,7.3789062
1xjd,9.48,9.1328125
1o35,5.0,5.265625
4d4d,5.96,5.34375
4zb6,6.28,5.6757812
4btk,6.62,6.484375
3wqm,6.25,6.0351562
4mhz,6.87,6.1992188
3rt8,6.35,5.8671875
1km3,4.91,4.3789062
4fht,6.17,5.8632812
1kui,3.77,3.3066406
2fmb,8.7,8.15625
4q9y,5.68,5.6445312
4kiu,3.85,3.2050781
2y5g,6.84,6.1132812
4gzt,7.77,7.6523438
2oxy,6.52,6.5585938
2w9h,6.37,6.0585938
1gai,8.0,7.5
3hig,7.89,7.7460938
2vo5,4.89,4.7929688
3su4,6.26,5.5664062
3a5y,7.96,8.2265625
4bcm,6.91,6.5898438
2vwc,6.62,5.9296875
3slz,6.99,6.1835938
3d1z,8.8,8.2578125
4ibi,4.14,3.8085938
3e5u,5.85,5.4023438
3ppr,2.82,2.2382812
3p3g,9.74,9.296875
4loy,8.09,7.71875
2pu2,4.43,3.8359375
2bpv,7.67,7.4960938
3s3v,6.23,5.6210938
4k9y,6.95,6.2734375
2wzf,7.0,6.4375
3a6t,7.28,7.0234375
3c8b,6.1,5.1289062
1w3l,6.28,5.5429688
1bn1,9.34,8.5078125
2gzl,4.82,4.1210938
2qd6,8.68,8.671875
3s8l,5.64,4.8125
1njs,7.82,7.2382812
2pv1,7.14,6.765625
3sio,8.0,7.3789062
3tkw,5.27,4.6640625
3axz,3.43,2.8027344
3n9s,5.26,4.5585938
4rlt,4.96,4.5117188
1ugp,2.89,2.4394531
1gwv,2.57,1.8837891
4kwg,6.0,5.2148438
3zv7,5.92,5.4414062
1rbp,6.72,6.7851562
4db7,6.56,6.0234375
3su1,6.68,6.3632812
1utn,3.49,2.8925781
3cl0,7.07,7.2890625
3ewj,6.84,6.484375
1o3l,6.54,5.8515625
1stc,8.1,8.1875
2qta,5.76,5.78125
1fkf,9.4,9.484375
2jdu,6.72,6.6445312
2i4j,6.16,5.1992188
4kao,6.11,5.6953125
3eeb,5.89,5.2539062
3kmy,4.49,4.2109375
4o2b,5.74,5.4648438
4q0k,4.87,4.375
1pb8,5.15,4.3632812
2q7q,5.3,5.296875
4kxb,4.12,3.7832031
4n07,6.46,5.90625
3d0e,8.4,7.9179688
1gj6,7.0,7.1992188
4m0e,6.22,5.9296875
3m5e,7.37,6.7851562
3gc4,7.6,6.5742188
1cgl,6.87,6.6015625
3p8z,6.09,5.90625
3djo,4.39,3.859375
2xib,7.26,6.4375
1yds,5.92,5.71875
1b6k,8.74,8.8125
1bai,7.7,7.2539062
3wto,6.92,6.8085938
1n4h,6.55,5.8554688
1wvj,6.73,6.171875
3lgs,4.61,4.4609375
3exh,4.88,4.875
3f33,3.34,2.7949219
3r4m,5.92,5.5976562
4ww6,10.21,10.1015625
4qew,7.07,6.8789062
2vwo,7.51,7.1992188
1w0z,7.68,7.4101562
3ozg,9.19,9.0078125
4kz3,2.77,2.6171875
4cwr,8.3,8.2578125
4ymg,4.68,4.3984375
4cmo,9.07,8.8671875
4ahs,2.19,1.9580078
1d4i,8.85,8.2578125
3fj7,3.71,3.6503906
2vj8,8.7,8.6328125
1xkk,8.52,7.5546875
4det,5.68,5.5390625
1qbs,9.47,9.4296875
1igb,6.4,6.3203125
4cjp,3.32,3.5429688
2rk8,3.64,3.8867188
4kqp,6.05,5.8710938
4mc9,9.44,9.9296875
4do5,5.83,4.9765625
1dif,10.66,10.25
4aci,2.22,1.890625
4x6m,8.24,8.0234375
4nxv,5.42,5.8515625
2ihq,8.49,8.4453125
3fvk,8.82,7.6601562
4ipj,4.87,4.7890625
3gkz,8.0,7.3984375
2q8m,4.03,3.7109375
1loq,3.7,3.296875
5byi,7.51,7.3515625
2vsl,8.4,7.8203125
1ocq,5.19,4.1757812
2pwc,6.57,6.9453125
4ngm,10.35,10.9375
4c6u,4.59,4.5351562
2gkl,5.35,5.140625
2f7o,7.44,7.3046875
4fsl,7.7,7.4726562
3l4u,7.52,7.0742188
3gst,6.72,6.03125
3ljg,7.73,7.7382812
3cd5,7.9,7.5
4kax,4.77,4.7851562
3qfy,6.12,6.0976562
4r4c,5.54,5.4414062
1nw7,5.09,4.75
1lvu,5.32,5.4296875
4o61,4.3,3.3808594
2vk6,5.3,5.1015625
4nue,6.82,6.5625
2hs1,8.48,8.953125
3umq,4.62,4.2695312
1fzm,7.7,7.484375
2r75,6.15,5.1171875
2wzm,5.22,4.8085938
4wn5,7.41,7.6484375
2ptz,7.82,7.1875
4p58,4.6,4.2382812
3n9r,7.15,6.9492188
4cpt,7.7,7.0976562
1ejn,5.62,5.6445312
3tfp,6.47,5.890625
3tfu,3.28,3.4882812
4jn2,11.68,11.390625
4qpl,7.41,7.359375
3fat,7.64,7.453125
1sdu,10.07,10.1015625
3t85,7.95,7.8515625
4k0y,7.82,7.5117188
3fl5,7.28,6.8242188
2ypi,4.82,4.1796875
4f1l,5.12,5.2421875
3wgg,4.4,4.65625
1flr,10.0,10.234375
4u1b,5.31,5.4414062
4o3f,5.56,5.015625
1e2l,4.29,4.2734375
4dsu,2.82,2.7402344
2r2b,4.2,3.5683594
3oaf,8.8,8.5078125
4z0k,6.34,6.3320312
4zei,5.88,5.5195312
4hdf,8.49,8.3359375
4zow,4.12,4.3398438
2rd6,8.3,8.7421875
4iid,5.62,5.0117188
3aqt,6.72,6.2539062
4q99,6.28,6.7382812
1g74,6.52,6.8242188
3m35,7.22,7.2929688
2uxz,8.48,8.6953125
4zb8,6.03,5.3359375
2vh0,8.51,8.265625
1b3l,5.89,5.8359375
3c79,7.2,7.2304688
3t6b,6.36,6.171875
1bdq,6.34,5.8828125
1jaq,4.48,4.1953125
4y5d,5.92,5.6953125
5dq8,4.14,4.0507812
4azb,7.24,6.9609375
3gss,5.82,5.6015625
3b7u,7.74,7.7421875
3kek,8.36,8.125
4ngp,7.96,6.8320312
4kz4,4.15,3.9804688
5ct2,2.92,2.6757812
3q44,6.31,6.1328125
2pou,7.42,7.6054688
1gjc,6.35,5.9257812
3f7i,7.34,7.3359375
2aj8,6.2,6.0976562
3lbz,3.86,3.7070312
1yej,7.46,7.7265625
1ajv,7.72,8.203125
3old,5.9,6.0820312
1gj8,6.96,6.9648438
4x6n,8.82,9.1484375
5amg,8.22,8.7578125
3eft,7.92,8.078125
1o5r,8.12,8.2890625
4q1x,11.15,12.1328125
4abe,3.4,3.4316406
4xu1,9.49,9.0859375
3m37,9.04,9.3984375
4ijh,4.33,4.2109375
2uyq,5.68,5.703125
4cwf,4.49,4.7695312
1h1d,8.22,8.515625
3exe,6.96,7.1054688
1b8o,10.64,10.2734375
5aoi,3.03,3.59375
2jg0,7.82,7.8242188
4yo8,10.52,11.0546875
1o2w,5.85,5.6796875
4mo8,8.0,7.7617188
3p3s,7.59,7.1132812
3e85,5.38,5.1445312
4qp2,3.03,2.4589844
4wrb,6.19,6.1445312
1li2,4.04,3.5566406
3zsq,4.96,4.8671875
4g0z,2.21,2.0117188
1g32,6.11,5.984375
4pnu,4.89,4.8242188
4ht2,6.54,6.6796875
4dsy,4.43,4.5898438
2w7y,6.08,6.2539062
1gnn,5.68,5.8007812
4b8y,8.05,8.25
4d1j,6.31,6.2539062
2qrh,4.71,4.6992188
3bxf,5.54,5.34375
1nfx,8.52,8.4140625
2qwb,2.74,2.5605469
4mc2,8.19,8.6875
4nh8,8.52,8.7109375
1o2h,7.17,7.3671875
4knm,8.0,8.421875
4b34,3.14,2.6699219
3d1y,8.22,9.265625
4zeb,6.52,6.4960938
4y2q,2.92,2.8222656
3i5z,8.7,9.140625
3hv8,6.98,7.453125
2v3u,3.0,3.6738281
2h4g,6.52,6.2148438
3k5i,4.7,4.4179688
4zyf,8.64,8.0625
4do4,7.29,7.8398438
4c1t,7.15,7.5507812
3ttm,8.52,8.3046875
4k7n,3.48,3.1074219
4poj,8.1,8.328125
1i9q,8.41,7.7382812
1hpv,9.22,9.015625
2qzr,7.26,7.1992188
3bra,2.7,2.4492188
4cd5,6.71,6.8359375
1v0l,7.55,7.453125
3efs,5.34,5.6796875
3okv,6.23,6.0
4z84,5.82,5.9453125
1zhy,6.52,5.7578125
1hxw,10.82,10.5859375
4rvr,6.87,7.0078125
4ibe,4.15,3.8066406
2csn,4.41,4.5078125
4buq,8.14,8.3046875
3obq,3.54,3.9160156
4ql1,7.03,6.9179688
1koj,6.7,6.625
1lke,7.52,7.6601562
1g7v,6.4,5.8046875
3bgs,9.42,9.4296875
3pwm,9.1,8.3359375
3p17,4.48,4.5039062
3v7x,8.57,8.6953125
3v7t,7.21,7.25
4jpx,5.15,5.609375
1b57,8.0,7.7304688
4r59,7.96,8.5625
1s89,5.24,5.0742188
3fee,6.64,7.1835938
3b7r,7.7,7.7226562
4qfp,4.23,4.453125
1fv0,5.93,5.46875
2ax9,9.52,10.3046875
3m3o,3.6,3.4804688
1yc4,6.55,6.6054688
3h78,4.24,3.8144531
4k0o,3.0,3.25
4er1,6.62,6.2851562
2fgu,9.18,9.3203125
1zdp,5.74,5.5585938
4nbl,6.33,6.2617188
4nwc,5.76,5.03125
1c1v,7.64,7.3515625
4crb,7.57,6.890625
3cr5,4.19,4.0859375
3mof,3.07,3.1074219
2ans,5.92,5.9648438
4ymb,6.21,6.4023438
2jew,6.69,6.6484375
2qm9,7.77,8.109375
3t0d,2.37,2.5136719
4xiq,7.07,7.1679688
3n7h,4.5,4.7734375
4q4s,6.95,6.7617188
1jak,5.57,5.7304688
2xc4,8.05,8.0234375
4xmb,7.36,7.53125
2yaz,5.14,5.0273438
3cke,6.1,5.8710938
4kb9,11.0,11.125
4f6u,6.15,5.609375
3f8e,7.23,7.1992188
2vyt,2.74,2.1894531
4ad2,6.2,5.7421875
1om1,6.77,6.9453125
4yth,8.7,8.5703125
2gyi,7.0,6.9101562
2ogy,4.48,4.3476562
4kxn,6.1,6.0234375
2c3l,5.07,5.6171875
4yzu,5.05,4.90625
2azr,3.64,3.7519531
4m7j,6.11,5.3125
2zdn,6.25,6.609375
1lgw,4.0,3.5585938
4ovh,4.85,4.625
1upf,4.6,4.6640625
2vmc,2.94,2.9121094
2v25,5.72,5.2070312
3g2h,3.82,3.7773438
2p95,9.37,9.4609375
4ryd,11.26,10.3046875
3lir,6.92,6.96875
4ibc,2.98,3.2050781
4igt,7.89,7.671875
1o2r,5.21,5.2460938
2b07,6.43,6.6445312
2i3i,7.3,7.1875
2pk5,10.7,11.1171875
3fx6,6.8,7.1367188
3brn,8.7,8.59375
4lm1,3.23,3.0625
2ypp,4.41,4.4140625
3u90,4.62,4.8515625
1h2t,7.89,8.390625
1txr,7.74,7.6601562
3s2v,6.8,6.7890625
4ca8,6.68,6.8828125
3d91,9.15,9.0703125
4r5t,6.1,5.9375
3vhd,9.28,9.3125
4fp1,4.57,4.1796875
2zym,6.14,5.9335938
4qxr,6.0,5.9335938
2vw2,3.3,3.3222656
2buv,4.0,3.6933594
1bzj,4.66,4.2226562
1uz1,6.89,6.84375
1c1r,7.63,8.015625
4ncn,5.67,5.7421875
4m3p,5.4,5.0078125
1q54,5.85,5.9921875
3qxt,5.22,4.7265625
4ufh,6.42,7.171875
4je7,6.4,6.1132812
4jpy,4.43,4.4492188
2xj1,7.55,7.3007812
1laf,7.85,7.7578125
4cwp,6.77,6.46875
1o2q,7.68,7.2304688
2v57,7.1,6.7109375
1fiv,6.59,6.265625
4cpz,7.68,7.6328125
1amk,4.3,4.0039062
4b6s,6.01,5.6601562
1njc,5.55,5.53125
4zzx,6.9,6.90625
4mc6,9.59,9.609375
3qfz,3.24,3.0234375
2pvk,8.3,8.25
3vhk,4.6,4.2734375
3nkk,4.7,4.9804688
1qk3,5.15,4.4101562
1f3e,6.7,6.7773438
1w9v,6.34,5.890625
3b2q,4.55,4.3554688
1mu8,9.0,8.7890625
1uho,9.22,9.1953125
3s0b,6.49,6.4023438
4iwz,7.29,7.0195312
3mam,4.12,3.5644531
3sut,7.85,8.0546875
3sr4,6.54,6.1914062
2vuk,3.9,3.6894531
1n4k,10.05,10.0234375
1g54,8.82,8.859375
3r6c,4.72,4.3203125
3lp7,5.44,5.5039062
3qyy,5.08,5.21875
4w9p,7.8,7.7617188
1c5s,6.0,5.4765625
2y7x,8.89,8.875
4qlk,3.24,2.7382812
4jyt,7.4,7.203125
1pfu,2.72,2.1191406
1c3x,3.68,3.6269531
2zdm,6.41,6.171875
1bwa,8.6,8.4296875
4mjo,6.22,5.6835938
1m0b,8.82,8.28125
2zdl,6.4,6.53125
1str,4.77,3.9472656
1hos,8.55,8.5
4tmk,7.7,7.2617188
2r2m,7.33,6.7265625
1mtr,8.4,8.015625
4efs,8.6,8.359375
4ou3,4.41,4.640625
4qpd,7.82,7.9492188
1c5y,4.2,3.8808594
4zvi,6.33,6.2695312
1uj6,3.05,2.5410156
1sld,6.57,7.03125
2ews,6.62,6.6796875
1mh5,9.21,9.0546875
1c5x,6.68,6.5742188
3fhb,5.7,5.2578125
3p4v,5.1,4.6835938
4r5b,6.73,6.1523438
3i7e,10.85,11.8125
4x48,6.77,6.8632812
1nwl,2.39,2.3964844
3ucj,6.0,6.3085938
4qb3,5.47,5.0195312
3sfg,6.06,5.7929688
2zx6,10.6,10.8046875
2nsl,4.68,4.8554688
3ap4,3.92,4.3164062
3c2r,3.11,3.4902344
2afx,5.15,5.046875
1avn,3.9,3.4179688
2j2u,7.33,6.734375
2zfs,6.54,6.5
4ffs,10.44,10.28125
3tf6,6.4,6.0078125
3ivx,5.74,6.046875
3ryy,7.42,7.53125
2qrl,4.0,3.7949219
4ieh,7.85,7.65625
2qdt,5.19,5.4648438
1w4p,4.74,4.71875
1s19,9.51,9.375
1nhz,6.08,6.140625
3lzu,10.06,9.765625
1pbq,6.27,6.4960938
1o5c,5.22,5.4453125
1ydd,7.07,7.359375
2r9x,4.85,4.8828125
3djx,2.81,3.1484375
2pu1,5.85,5.7851562
2xej,8.87,8.015625
3vhc,8.89,9.7890625
2y82,8.4,8.9609375
2za0,6.64,6.46875
4ytc,7.89,7.5625
4ykj,4.43,4.8789062
3gbe,5.0,4.875
3u15,7.11,7.6484375
1b7h,8.02,7.71875
5cbs,5.41,5.3515625
2fxu,8.15,7.7851562
3rlq,7.4,7.5273438
1yet,5.92,5.8242188
3f17,8.63,8.4921875
3pb9,6.58,6.5429688
1ajn,2.63,2.6914062
1e1x,5.89,6.3046875
1rpj,6.48,6.2460938
2h4n,8.7,8.65625
2o4k,10.46,9.171875
3h30,4.53,4.890625
4x24,9.78,9.859375
4q3u,6.44,6.4960938
1lcp,6.64,6.7226562
4b6r,5.85,5.9921875
4i5c,8.82,8.3671875
4qxo,5.51,5.140625
3lbj,4.96,5.109375
3dxh,3.19,3.0859375
5bs4,11.0,9.7578125
2vba,4.6,4.5390625
3wtn,7.04,7.453125
3p3r,7.25,7.1835938
1my4,6.98,6.3320312
1nli,3.59,4.28125
4zec,5.82,5.4375
4jz1,6.7,6.8945312
4zzz,7.06,6.7734375
3n1c,5.22,5.5742188
1nvs,7.82,8.1953125
2am4,3.72,3.8144531
5bv3,7.17,6.9960938
4muv,5.76,5.9648438
3zns,7.41,7.6289062
1qf0,7.38,7.40625
3m67,6.74,6.765625
4y79,7.96,7.6757812
4in9,4.97,4.8203125
1f8d,3.4,3.8242188
3b3s,2.55,2.9824219
1w5x,8.4,8.328125
2cf9,7.82,8.2578125
4o6w,8.52,8.3203125
3pcf,6.05,5.78125
3k8q,11.28,11.1015625
4c9x,7.32,8.1796875
1oss,4.79,4.9726562
2e94,8.0,7.7773438
2xg9,4.15,4.5273438
4idn,5.24,5.453125
4llk,3.0,3.4238281
3hfb,7.52,8.125
1hn4,3.82,4.1132812
1zvx,9.22,9.4609375
2rke,4.08,4.0507812
2whp,4.0,4.0625
4qjw,7.8,7.765625
4b9k,6.17,5.6835938
3uw5,7.85,8.28125
1bxr,3.4,3.2597656
4m8x,10.2,10.0
3sm2,9.7,9.8984375
2mas,7.52,7.3671875
1y0l,9.0,8.5078125
2r43,6.0,6.9257812
3o9a,10.7,11.0234375
4m14,6.7,7.0585938
4qjo,7.4,7.6796875
3g19,6.67,6.5742188
1l83,3.4,3.6445312
3g34,2.96,3.15625
2i3h,7.4,7.2382812
1r4w,4.05,4.71875
3k99,7.22,6.8085938
1c88,5.29,5.0664062
2hb3,11.35,10.9765625
1zfq,7.52,7.3945312
3gqz,2.17,2.3847656
4q7s,4.42,4.4179688
1rtf,3.04,3.3691406
4hdb,8.05,8.3046875
4h3j,7.05,6.625
3sap,7.59,7.5234375
2qv7,3.66,3.2363281
4z2b,7.76,8.0078125
1s39,7.7,7.4140625
1d9i,9.11,9.328125
3uxd,4.41,4.7226562
3hs4,8.0,6.734375
3pck,6.7,6.546875
2weo,6.93,6.9570312
1wht,3.7,3.9316406
1bzy,8.34,8.1015625
1bnv,8.77,8.5703125
3mtw,7.04,7.2773438
3ove,6.57,6.4882812
3l59,3.7,3.6640625
4duh,5.18,4.9921875
4bxk,7.95,8.03125
2zwz,7.79,6.53125
1utl,2.47,2.7792969
2y9g,3.77,3.7441406
2xht,5.96,6.171875
2yay,6.1,5.2578125
4nra,4.19,3.921875
1atl,6.28,6.0
3qxv,8.4,8.59375
4zji,6.47,6.0234375
4o2c,8.0,7.6679688
4ufi,6.2,6.109375
5dgu,11.35,11.3125
3ebo,4.72,4.6601562
3d6o,4.11,4.0742188
3m3z,5.73,5.3789062
4ayu,4.73,4.7421875
1b5i,7.05,7.3867188
3f37,2.62,2.6210938
2f7p,6.6,6.6679688
3lcv,4.74,4.2890625
1tys,5.49,5.6953125
1mai,6.68,7.4804688
3d6p,3.75,3.9746094
4cfl,5.88,5.546875
4ocq,4.61,4.7226562
4pft,8.64,9.203125
2q8h,3.0,2.6210938
3iub,4.54,4.3242188
1qan,4.48,4.4921875
1a99,5.7,6.3632812
3p2e,6.22,5.8867188
2r23,3.72,3.5917969
2o4n,7.82,8.546875
4kmz,8.57,8.9921875
4r3w,3.0,2.7421875
3mf5,5.36,5.2226562
4q08,6.3,6.2421875
1mfi,5.59,5.296875
1d4p,6.3,6.5742188
1zpa,8.4,8.046875
3rdq,9.31,8.4765625
3ipu,7.32,7.078125
4i8x,2.64,2.5410156
4a6c,7.92,7.6171875
2aog,6.28,6.5820312
4ymx,7.1,7.09375
3dc3,8.31,8.6953125
4acc,7.7,7.7382812
3r0y,4.84,4.7851562
3hkt,5.39,4.90625
1o38,6.82,6.5429688
1r1j,8.64,8.703125
3r5t,8.58,8.921875
3su0,6.79,6.7070312
4o0b,8.3,7.84375
3ts4,8.72,8.21875
2ydw,7.34,7.0546875
1c87,4.2,4.328125
4uac,6.54,6.109375
1hms,6.37,6.453125
3vw1,4.67,4.71875
1t4v,7.68,7.6015625
3miy,7.68,7.8164062
4qf8,7.51,7.6171875
1jgl,8.7,8.5546875
3pb7,5.74,5.7304688
3cct,7.56,7.4179688
3bgc,5.02,5.0234375
4gih,8.32,8.6015625
4axd,4.43,3.7460938
4rrg,2.81,2.6464844
4oct,5.05,5.6601562
2r5a,2.6,2.3886719
1xq0,6.34,6.3867188
5acy,8.19,8.796875
4ej8,5.39,5.3554688
4tln,3.72,3.7363281
4ruy,7.89,7.6484375
1jqy,4.92,5.4335938
4ufk,3.89,3.6367188
2v95,8.3,8.09375
1bnt,9.8,11.5703125
1v2u,3.37,3.4941406
1ony,6.77,6.828125
3eb1,4.79,4.7148438
2e9u,8.1,8.015625
1a4r,6.66,6.40625
1kzk,10.39,10.8046875
2g94,9.52,9.1015625
3b7j,5.17,5.3242188
1e3g,9.0,8.875
2b7d,8.7,8.5703125
1ndw,5.23,5.4335938
2o4j,10.1,9.6015625
4w9k,6.54,6.515625
1xap,8.7,8.671875
3f5j,4.28,4.2460938
3g1v,3.19,3.0136719
4fxq,5.77,5.4765625
4dkq,6.6,7.0
2bmk,5.62,5.2851562
3dyo,2.3,1.9238281
3t8v,6.59,6.9296875
3gi5,11.22,12.6953125
3pe2,9.76,8.9609375
1xr9,7.15,7.0742188
4m12,6.05,5.9609375
1ghw,4.2,4.4726562
1pme,9.4,9.4375
2vvp,3.4,3.0820312
3b67,8.85,8.90625
2hmu,7.7,7.59375
4fk6,9.7,9.3828125
3nu9,9.05,9.7734375
2e1w,7.96,8.109375
1dy4,4.36,4.9726562
1b38,6.6,6.5351562
2xjj,6.51,6.6484375
4dq2,7.52,7.515625
4m8e,7.89,8.7578125
1gu1,4.52,4.1054688
2a4m,4.52,4.453125
3rf4,6.25,6.0703125
3rf5,5.63,5.4296875
4b1j,7.3,7.40625
1a9m,6.92,6.7929688
4ye3,8.37,8.484375
4re2,4.98,5.1679688
4i3z,4.29,3.3203125
2q5k,11.3,11.3515625
1swg,7.36,7.2460938
2xbx,7.82,8.1796875
4riv,7.0,6.2851562
3ewc,7.7,7.9023438
1b0h,6.7,6.96875
4m0f,8.77,8.5703125
3buh,3.66,3.7246094
3gs6,6.59,6.5664062
4na9,7.39,7.03125
1ai7,4.09,4.1367188
3kdc,9.28,9.015625
4pp5,7.74,8.015625
2yix,8.48,8.1796875
1b3g,6.7,6.890625
5dit,6.15,6.046875
3e6y,5.6,5.703125
2y5f,8.7,9.2265625
4bam,8.94,8.4921875
2xjg,7.82,7.4804688
1wm1,6.3,6.5234375
4emr,7.49,7.828125
3sv2,4.19,4.2890625
4pg9,7.8,8.1484375
4dv8,9.24,9.375
2j4g,6.6,6.3828125
1mmr,5.4,5.4375
1m7d,6.23,6.5078125
4m13,6.7,6.578125
2zmm,7.6,7.4882812
1afl,6.28,6.3515625
3l7a,4.33,4.0820312
4qtl,6.92,6.6796875
2v77,5.06,4.609375
1aaq,8.4,8.96875
4nl1,3.89,4.0859375
2hah,8.0,7.8203125
1lyx,4.54,4.1367188
1o5e,5.74,5.3945312
1k1m,7.4,7.1796875
4lzr,4.7,4.5117188
1dhi,7.26,6.671875
3pd9,6.22,6.4257812
3r24,5.25,5.0546875
4el5,5.37,5.2929688
1jev,6.89,6.9296875
1c5o,3.49,3.3222656
1o0f,5.3,5.2890625
1aj7,3.87,2.9101562
4abd,4.4,4.4023438
3u7m,7.45,7.6757812
3s54,9.64,9.6875
1met,9.4,10.15625
2bt9,6.19,6.8554688
4llj,3.42,3.4296875
2x7t,6.63,6.3476562
4p3h,6.0,6.0976562
1alw,6.52,6.4101562
2py4,6.7,5.5898438
3mho,6.49,6.1054688
1tmn,7.3,7.9570312
1ql7,5.0,4.9375
3f15,8.1,7.8125
4pyx,6.14,4.8398438
2sim,3.42,2.9316406
3cdb,7.02,6.890625
3t3u,8.6,7.7070312
1dgm,5.05,4.8632812
3l4y,7.0,7.4492188
1qyg,6.85,6.96875
3buf,3.1,2.7734375
1l8g,6.22,5.84375
4xe1,7.11,7.6757812
185l,3.54,2.6738281
4zx1,6.14,6.15625
4io3,6.06,5.9140625
3uz5,7.22,7.3359375
4qnb,6.59,6.5195312
4aq4,6.17,6.0742188
3g5k,9.52,9.9375
1n3i,8.89,8.2109375
3b26,6.64,6.5820312
4lm0,3.25,3.4375
2v58,9.09,9.390625
3b3x,3.6,3.3203125
2w8y,9.09,9.8046875
1b58,6.59,7.0898438
4msa,3.3,3.0234375
1oxr,5.19,5.0625
1i37,9.57,10.015625
4bco,6.88,6.7539062
2qhz,7.28,6.6992188
3k02,5.0,4.1132812
4ysl,5.8,5.8203125
4zhl,6.47,6.296875
2ydt,5.52,5.6484375
4oiv,5.08,4.7382812
1g2k,7.96,7.921875
2wyg,8.7,8.4765625
2nt7,6.52,6.0351562
2fqt,6.14,5.9296875
4da5,6.44,6.28125
3t83,6.98,6.7695312
2doo,7.17,7.4023438
4kn1,6.84,6.7734375
3a2o,9.08,9.3671875
2uz9,5.71,5.1835938
3b24,4.38,3.7617188
1o3j,6.77,6.6875
1o5g,4.96,5.0546875
4ggz,10.18,9.953125
2zgx,6.74,6.0976562
2fzc,2.7,2.40625
2wkz,8.77,8.8125
4mmp,7.71,7.9648438
1p19,4.11,4.0703125
4bcs,6.99,6.53125
4cd0,9.7,10.5625
4eo6,8.7,7.6757812
1ec0,8.49,8.75
4ban,8.61,9.3984375
4xya,5.86,5.5585938
3bkl,6.17,5.6054688
1nny,7.66,7.2734375
3dp4,7.37,7.2734375
3n0n,7.3,6.9140625
2q88,5.8,5.7382812
4ibb,3.57,3.2246094
4o05,7.43,7.421875
1o7o,4.49,4.265625
3ioc,3.68,3.7792969
4dkr,6.52,5.5820312
4gqp,9.6,9.2890625
4leq,6.54,6.4570312
4ks4,7.14,7.09375
4rfc,8.24,8.890625
4b76,4.54,4.2734375
3ppq,4.55,4.8632812
4oks,4.48,4.65625
1lrh,6.82,6.8476562
3dhv,2.96,2.6582031
1lst,7.85,7.4101562
4fcf,8.62,9.0078125
1n5r,5.66,5.59375
1c1u,8.25,8.3125
1i1e,5.03,4.75
2q63,7.18,7.4414062
1gyx,2.48,1.9755859
4g0p,3.01,2.5976562
2g5u,8.49,8.390625
1hsl,7.19,8.0546875
1ez9,5.1,5.3984375
3s71,8.64,8.296875
3rm4,5.77,5.9140625
1yfz,4.35,3.96875
1ciz,7.44,7.2929688
1dzk,6.1,6.2382812
3mxe,10.01,10.2421875
4xir,6.94,7.4960938
2g8r,3.99,4.6289062
4bks,3.82,3.8867188
3gcu,6.78,6.75
4pf5,5.48,5.0234375
4e4n,9.05,8.8125
4up5,2.6,2.8222656
2h21,6.54,6.3671875
4ly1,7.26,7.3085938
4gj3,8.85,9.046875
1pgp,5.7,5.8984375
3zhx,6.68,6.5859375
4luz,4.7,4.6914062
1vfn,5.6,5.6132812
4tte,3.69,4.15625
2pvm,6.44,6.421875
3iww,7.96,8.1796875
1kyv,5.92,5.6875
2wc4,5.29,5.3125
1utm,3.01,3.0683594
4i8z,11.05,11.078125
4cj4,3.36,3.5351562
3nuj,9.39,8.6015625
1i9l,8.48,8.7421875
3uxl,5.57,5.25
4ll3,11.57,11.4375
1f8b,5.4,5.3632812
4ehz,8.0,7.6640625
4ajl,3.8,4.1367188
1ajx,7.91,8.359375
4eoh,4.3,4.1015625
4qgi,3.9,4.0429688
4b7p,9.46,9.5390625
2p3c,7.62,7.7851562
2psu,7.62,7.7070312
1pb9,3.62,3.7480469
1ogd,3.03,3.15625
2vh6,9.7,9.9140625
4np9,5.03,4.7851562
3iw5,6.08,6.078125
4euo,5.05,5.0625
1n3z,4.2,4.015625
2fzk,3.6,3.5273438
1usk,6.4,6.3007812
3u7n,7.95,7.8046875
4km2,5.84,5.734375
2pmk,5.92,6.1523438
3l4x,6.89,6.7382812
4h42,3.47,3.6601562
4en4,5.52,5.1210938
3ivc,4.12,4.1523438
4flp,6.72,6.8164062
2x95,4.95,4.5234375
4dst,2.96,3.6074219
4lk7,5.04,4.7578125
4avj,7.44,6.6132812
4ymh,6.46,6.2773438
4ha5,7.24,7.2109375
2yme,7.66,7.953125
2wky,8.59,8.9921875
4ezr,5.2,5.4257812
4jfm,5.48,5.1835938
2jdk,6.54,6.296875
1hi3,4.19,4.0742188
1ecv,4.85,4.4570312
3ppp,5.22,4.765625
2yhw,5.6,5.6992188
3tmk,6.87,6.0234375
5ahw,5.17,5.2265625
4m2r,8.49,8.4453125
4qiz,8.15,8.9453125
3vh9,6.24,6.265625
4u43,4.32,4.5742188
2vb8,4.6,4.7695312
3u6h,9.0,8.8515625
1lol,6.39,6.3515625
2rfh,6.82,6.53125
1ur9,5.77,6.1132812
3c4h,5.7,5.1835938
3egt,8.9,8.6171875
4l2l,5.7,6.1796875
2x8z,7.96,8.2421875
4cwq,7.06,7.1328125
2bak,7.43,8.0390625
2r59,8.19,7.890625
1w5y,8.48,8.5390625
3lp4,4.88,5.03125
4gr3,7.81,7.5234375
1g2l,7.24,7.5507812
4p6w,9.15,9.6875
2eg8,4.5,4.3359375
1a4w,5.92,5.890625
2zdk,6.37,6.0507812
2drc,9.89,10.125
3vd4,4.82,4.359375
5bwc,7.21,6.3320312
3i60,8.7,8.2109375
3d9z,8.7,7.6523438
1drk,6.82,6.7929688
3f8f,6.63,6.90625
2qpu,3.6,4.3007812
3el1,9.64,9.90625
1v2s,4.17,4.1289062
3djv,4.55,4.765625
3nq3,3.78,3.609375
3ubd,5.54,5.0703125
4gq4,7.66,7.3320312
2qrg,5.18,4.8085938
1ws1,9.55,9.625
4ayp,6.12,6.171875
2v2c,3.41,3.3476562
2w08,3.42,3.4707031
4b7r,9.64,9.6640625
4fz3,3.73,4.3320312
4q4r,6.43,6.4648438
1ppl,8.55,7.9335938
1v7a,8.01,8.3984375
1jyq,8.7,8.328125
2vmd,3.02,3.6015625
1pr5,3.92,4.140625
2wl0,7.8,7.0429688
1f4f,4.62,4.859375
3rz7,8.96,8.9765625
3c8e,4.15,4.0117188
4ceb,2.97,3.2949219
3qgw,5.89,6.171875
2yxj,9.3,9.515625
3r4n,6.89,7.3710938
3lpl,5.62,4.90625
1gz4,3.7,3.8359375
1ro6,6.46,6.28125
2f6t,4.62,4.4453125
1msn,9.09,9.4609375
1h1s,8.22,8.375
1ftm,7.61,7.9804688
1m2x,4.15,4.28125
4h3f,9.0,9.1640625
1bcd,8.7,8.15625
3v5p,8.96,8.8515625
4x5y,8.03,8.53125
4u5s,2.41,2.5683594
2wyf,4.43,4.515625
1kug,3.8,3.7226562
4ury,2.22,2.1425781
2hw2,2.97,2.5839844
4lch,10.62,10.203125
3ni5,7.55,7.3710938
3own,7.47,7.3632812
3n35,3.37,3.5078125
3qbc,4.97,4.671875
3bex,5.57,6.2109375
2v2v,4.07,4.2382812
2uwp,6.81,6.9453125
2aac,2.22,2.1523438
4x5r,7.85,7.7539062
4bup,4.95,5.109375
3o4k,7.62,7.9140625
2xmy,9.96,10.2578125
1rr6,10.25,10.2109375
2vc7,3.36,3.1601562
1sbg,7.74,7.421875
3l4z,6.72,6.8046875
3hl8,4.49,4.671875
4q7v,3.59,3.7050781
4rr6,6.0,6.2070312
1tuf,4.05,4.3828125
2fqx,7.15,7.6757812
4bi7,4.58,4.4492188
3ffg,9.08,9.1640625
1cet,2.89,2.8417969
3ckz,8.72,8.1875
3f7h,7.09,7.0859375
1v0k,5.1,5.25
4auj,7.74,7.328125
2hjb,4.39,4.171875
2wlz,4.6,4.7890625
3g2j,4.75,4.4023438
3lea,9.1,9.0234375
3fvh,6.35,6.7617188
4qf9,4.43,4.4921875
3tb6,5.08,5.203125
1siv,8.08,8.09375
1a69,5.3,5.2421875
3l3n,8.18,7.7265625
3fwv,5.64,5.59375
3hww,7.12,7.0039062
2il2,7.1,7.4414062
1mrs,3.96,4.0429688
2qmg,9.15,9.9453125
1i80,6.41,6.2070312
2xxr,6.55,6.2304688
3ebh,6.32,6.2226562
3zyf,4.85,4.6523438
1nja,6.31,6.2734375
4n7u,6.29,5.9804688
4z83,7.4,7.3320312
4zbf,7.13,7.09375
4fut,6.51,6.3710938
4ara,6.05,6.5273438
2xyf,8.44,8.65625
1tng,2.93,3.0175781
4az5,5.99,6.1054688
4bf6,8.35,9.5390625
3jzj,3.61,3.7695312
3w9r,6.18,6.140625
2ccb,7.45,7.7382812
4b3b,3.6,3.578125
4cpw,7.5,7.546875
3fzn,4.01,4.0625
1d09,7.57,7.1015625
3c56,7.89,7.6015625
1qbq,8.3,8.484375
1f74,3.05,3.0527344
3k1j,6.4,5.734375
1fch,7.15,7.625
1amw,4.54,4.8398438
3ljo,6.62,6.4726562
4k3h,6.85,6.9453125
3m3c,4.06,3.96875
4qjm,8.17,7.6328125
2zpk,7.76,7.546875
3dp9,9.68,9.1171875
3o9e,11.3,10.75
4pge,7.77,7.7460938
3lpk,9.1,9.3046875
3po6,7.06,6.7226562
4br3,5.72,6.0390625
4i7l,3.99,4.5625
3rz8,8.17,8.796875
3gm0,7.77,8.0
1w7g,5.1,4.9804688
3lpi,8.52,7.5976562
4yes,8.02,9.1796875
3d7b,3.69,3.8671875
1f0t,6.0,6.203125
1zoe,7.4,7.03125
4ai5,2.92,3.2675781
3tu7,8.09,8.6953125
3r6u,4.52,4.625
4gii,8.74,8.734375
4ozj,5.4,5.6484375
4hpi,4.85,4.8945312
4np2,2.26,2.7949219
2ves,7.7,7.8554688
3ekp,8.89,9.0234375
3ryz,8.62,8.8203125
4pin,5.4,5.6210938
3zps,8.3,8.4765625
4gzw,4.52,4.4804688
3kdb,9.85,10.890625
2cgf,6.41,6.3554688
2pov,7.12,6.7539062
2d0k,5.02,5.0898438
3qlm,6.37,6.1953125
1fzj,8.1,8.421875
3hkq,5.34,5.4375
1usi,6.74,6.859375
1a8i,5.52,5.46875
1g35,8.14,8.4453125
1b4h,5.46,6.1679688
4b33,3.37,3.8496094
3qkd,8.38,8.4296875
3tao,5.14,5.0859375
4xu2,9.23,9.0078125
1g4o,8.25,8.859375
3zq9,6.02,6.453125
3gba,9.07,9.2890625
4lw1,3.15,2.8828125
1bjv,5.54,5.515625
3wzn,7.0,6.5585938
1a94,7.85,7.921875
3bft,6.49,6.7148438
2cej,8.62,7.5507812
1igj,10.0,10.1015625
2q7y,4.3,4.5078125
3fjz,4.05,3.90625
4bt4,3.34,3.5371094
3po1,4.02,4.0273438
3hkw,8.64,8.7734375
3zsy,3.23,3.5429688
4elh,8.09,8.34375
4q4q,5.79,6.1171875
1pa9,4.6,4.5742188
4lvt,10.36,9.9296875
186l,4.85,4.734375
3zi8,5.66,6.1210938
4uma,5.41,5.7109375
2nn7,6.52,6.8398438
3rz0,7.55,7.6367188
1v2l,4.29,3.9785156
4cwt,6.75,6.4453125
5efa,4.83,3.953125
1d3d,9.09,9.4765625
3pb8,5.24,5.15625
3d4y,5.7,5.8515625
3hku,8.3,8.2109375
3dnd,4.8,4.7226562
4jh0,9.03,8.828125
4i7m,4.14,3.9121094
5cs3,2.15,2.0371094
1bnw,9.08,9.4609375
1qji,4.85,4.7304688
1o30,6.77,7.3476562
1w4q,5.26,5.0429688
2r3t,5.85,6.3164062
1fpc,7.0,7.2929688
2jke,4.23,4.2539062
2gv7,7.85,8.34375
3f16,8.23,8.40625
2hxm,5.22,5.2460938
1ogx,6.09,6.1992188
4fzj,3.15,3.1601562
3hvk,8.52,8.4921875
2olb,5.54,6.109375
1c5p,4.68,4.953125
4oc2,8.28,8.4765625
4isu,3.68,3.8828125
2rcn,6.0,6.0078125
3u6i,9.0,9.0234375
3v3q,6.6,6.8828125
3o5x,5.28,5.234375
4kp5,6.08,6.1171875
4eb8,9.82,9.3125
5caq,8.57,9.4609375
2j75,6.65,7.1757812
5c3p,4.46,4.3515625
4l6t,7.49,6.5585938
2zc9,6.74,6.6523438
3ekv,9.41,9.75
4csd,5.91,6.546875
3ioe,3.27,3.6777344
4mre,2.19,2.1972656
1n0s,7.45,7.8632812
3imc,2.96,2.8867188
2yk1,8.13,8.234375
4f39,5.7,5.7617188
3hzm,5.52,5.2109375
2jdp,6.6,6.203125
2uy4,4.68,4.7851562
1uwf,6.82,7.6992188
4qem,7.8,7.8398438
4k55,5.51,5.7890625
4lkk,5.92,6.5
4cws,7.92,7.6875
2oym,5.0,4.875
5cas,8.85,9.1484375
2cen,8.3,9.078125
1od8,5.1,4.7460938
3mi3,5.45,5.4765625
2gst,6.07,5.5117188
1lee,7.74,7.5703125
4iva,7.16,7.3007812
4dkp,5.72,5.3789062
1moq,3.46,3.3554688
1fkb,9.7,9.6953125
3g2l,3.87,3.6484375
2iuz,5.55,5.4453125
4hf4,8.62,8.265625
3suu,8.52,9.359375
3qx5,4.2,4.59375
1q7a,7.19,7.3320312
3dri,4.42,4.21875
4dds,5.01,4.9414062
3vf5,9.34,10.3828125
4b5s,3.49,3.6425781
2qrm,4.03,4.3007812
4yhq,8.77,8.2109375
4og3,6.55,6.9453125
2y80,8.05,7.53125
3k37,8.92,9.5703125
3n3g,7.24,6.6953125
1lan,7.22,6.5585938
3t3c,10.23,10.9296875
1izi,6.59,6.9179688
3f68,5.06,5.3398438
1i9o,8.42,8.3125
3pwk,3.35,3.40625
3kku,5.7,5.1328125
1b3h,6.21,6.8085938
4asd,9.28,8.8515625
1jq8,6.0,6.0195312
1ypg,8.0,7.8203125
3u81,4.44,4.140625
3vw2,4.75,4.8828125
3uu1,5.2,5.6132812
3q1x,5.33,5.578125
1nvr,8.11,7.9570312
1pdz,3.7,3.71875
4rhx,5.8,5.609375
4k3n,7.96,8.5546875
3ovn,2.55,2.2304688
2f35,5.4,5.1875
1tx7,4.6,4.5351562
3mna,7.39,7.59375
4wkp,9.55,9.484375
4ad3,4.62,4.0507812
1nh0,9.74,9.8828125
4ejl,5.14,4.9726562
4djy,8.27,7.5898438
4n6h,9.28,9.2109375
4rqk,5.82,6.0390625
4cl6,5.39,4.9882812
3qaa,11.54,12.71875
2bz6,7.09,6.6835938
2ra6,4.52,4.7460938
1gfy,5.08,5.0039062
1lpk,7.55,7.7578125
3pcg,2.3,2.1875
2uy0,6.92,7.3945312
1mfd,5.31,4.9296875
3rsr,4.36,3.6972656
4m8h,7.6,7.40625
4km0,6.04,5.65625
4ovg,3.69,3.6992188
1d6w,5.96,6.3984375
4zo5,9.82,9.609375
4de5,3.15,2.6757812
4c2v,9.0,8.9375
3mmf,7.43,6.8789062
2p3a,7.96,7.4296875
2w47,4.98,5.2265625
3m96,7.22,6.75
2vmf,5.85,5.9726562
2vl4,6.01,5.953125
3g0i,3.6,3.3496094
2aod,5.66,5.9375
3fk1,2.62,2.3203125
3i4y,7.05,7.2226562
4dju,5.44,5.6367188
3aau,5.05,4.3945312
4ibj,4.33,4.1992188
4qhc,6.7,6.7070312
4u73,5.18,5.0390625
1ghz,4.8,4.7226562
1mq5,9.0,9.078125
3pfp,6.44,5.9804688
1mfa,5.04,4.4453125
1qaw,5.12,4.609375
1hwr,8.33,8.6015625
2vwl,7.02,6.734375
3n2p,7.82,8.09375
3uj9,4.63,4.9726562
1ppi,5.01,4.8242188
1fkn,8.8,9.421875
1pkx,6.92,6.609375
4rlu,4.82,4.4179688
4h7q,5.06,4.3867188
1xws,8.0,8.0703125
4yml,8.35,7.6484375
4pee,8.32,8.3671875
1hnn,6.24,6.5664062
1m2q,6.1,6.1484375
1px4,3.23,3.0292969
4cr5,4.15,3.484375
4i74,6.72,6.6757812
4m8y,9.96,10.671875
3ehx,7.6,7.2695312
3q2j,4.18,4.140625
1y20,5.32,4.5429688
1uwu,5.98,5.8242188
3oyq,7.99,8.015625
4bak,8.91,8.8359375
1fkw,5.05,5.125
4q9o,5.77,5.546875
2uy5,5.49,5.5585938
4oc1,6.6,6.484375
3znr,7.44,7.640625
3bwj,6.5,6.5273438
3l4w,6.0,5.5898438
4zwz,8.7,8.875
4cwo,5.21,5.0117188
3ug2,8.25,7.7851562
1xws,8.0,8.0546875
4cpt,7.7,8.015625
4fl2,3.66,3.4335938
3uug,4.51,4.8320312
2drc,9.89,9.9609375
3jyr,5.54,6.0703125
3cct,7.56,7.3671875
3huc,5.99,6.125
3d8y,3.4,3.578125
4k3h,6.85,7.4101562
4re2,4.98,4.8085938
4j93,4.7,5.0273438
3kdb,9.85,10.0859375
4asj,7.55,7.7460938
4iid,5.62,5.9804688
4yha,6.65,6.9882812
2z94,5.85,5.6992188
3s8l,5.64,6.0039062
2q89,6.3,6.7109375
2c3l,5.07,4.9414062
2bys,9.52,9.765625
4hj2,2.53,3.0214844
4tte,3.69,3.4101562
1odj,4.1,4.4023438
3f1a,7.21,7.4765625
1r1j,8.64,8.65625
3jzh,3.4,3.4941406
3n4b,7.02,7.7070312
3hzm,5.52,5.8984375
2zfs,6.54,6.7539062
3djv,4.55,4.9453125
2vwn,8.0,8.3359375
4rd0,6.62,6.6132812
1kug,3.8,3.6992188
2whp,4.0,3.6347656
1no6,4.41,4.46875
4fys,4.82,4.65625
3ljg,7.73,8.015625
3o56,9.1,8.7421875
4ts1,4.94,5.2890625
4p5z,7.41,7.3515625
1bai,7.7,7.1992188
3vhk,4.6,5.46875
4fp1,4.57,3.9414062
3po1,4.02,4.1328125
4a4v,6.54,6.6171875
1mfd,5.31,5.3476562
1mh5,9.21,8.6875
4qfl,5.11,5.3789062
1qbo,7.74,7.7148438
2j77,4.89,5.2851562
3u92,7.48,7.6523438
3t5u,7.59,7.5039062
1cbx,6.35,6.3125
3dgo,6.74,7.328125
4db7,6.56,7.0976562
2w8y,9.09,8.3671875
2vpn,6.72,6.8359375
4aqh,6.54,7.1640625
1oss,4.79,4.6210938
3zsq,4.96,5.140625
2pwd,4.4,5.0625
3t1l,3.26,3.2753906
3n3g,7.24,7.6914062
3d6o,4.11,4.46875
5c3p,4.46,4.5585938
1tom,8.3,8.4453125
2reg,5.64,5.9414062
3ebh,6.32,6.3398438
1a99,5.7,5.890625
1a4k,8.0,7.9765625
3k99,7.22,6.9960938
2gvj,9.52,9.5
1dif,10.66,10.28125
2ya7,3.14,3.5175781
3dxh,3.19,3.3339844
1g45,8.64,9.0390625
1v16,3.87,3.7128906
3owj,6.07,5.9960938
1ypj,7.02,6.6328125
2pym,6.82,6.8125
3qxt,5.22,5.6914062
2d1n,8.15,8.140625
1qk3,5.15,4.9648438
4r5b,6.73,8.2109375
2f7p,6.6,6.8320312
4non,5.24,5.7851562
1lol,6.39,6.9257812
3g1d,3.48,3.2070312
1om1,6.77,7.234375
1n4k,10.05,10.203125
2zfp,5.17,5.2265625
4o2p,6.7,6.6679688
1c5x,6.68,6.2148438
3tk2,4.62,4.609375
3d8w,8.15,8.4609375
1lag,6.3,6.0625
2qi6,10.57,10.8046875
4yik,6.89,7.21875
3i60,8.7,9.40625
3bgs,9.42,9.390625
4dhl,4.48,4.2109375
4oks,4.48,4.3789062
4uoh,4.77,4.9023438
4hwo,8.54,9.078125
2xda,6.22,6.28125
1tlp,7.55,7.4609375
3lir,6.92,7.2460938
1s19,9.51,9.9375
4io3,6.06,6.3671875
1tx7,4.6,4.6796875
1hii,7.28,7.5585938
1l6m,8.1,8.2265625
3b4f,8.14,8.328125
4k0y,7.82,8.46875
2zxd,5.22,5.828125
2wgj,8.7,8.328125
4nkt,5.97,6.1484375
2cgr,7.28,7.359375
4rrg,2.81,2.8691406
1f8d,3.4,3.5644531
1g2o,10.55,11.296875
1o7o,4.49,4.5820312
2gkl,5.35,5.5585938
3ps1,10.17,10.3046875
2glp,5.01,5.2460938
1g7v,6.4,6.1953125
4a95,5.76,5.7539062
4qfo,4.27,4.453125
4gr8,7.83,7.546875
1hwr,8.33,8.484375
4q4q,5.79,5.6132812
4mc6,9.59,8.296875
2qry,8.64,8.4296875
4ury,2.22,1.6240234
3l3n,8.18,7.71875
3upv,5.3,5.1445312
1uv6,5.12,4.953125
3djo,4.39,4.375
2xpc,3.9,3.5722656
1n0s,7.45,7.4257812
2euk,6.6,6.2226562
1nvs,7.82,8.1171875
3s0d,7.05,7.1796875
4rwj,8.7,8.7734375
1msn,9.09,9.046875
3r4p,7.96,7.484375
3b4p,5.4,5.3320312
3fuc,9.72,9.1875
1k6t,7.62,7.4023438
3zcl,8.0,8.1875
3nu5,8.35,8.1953125
3neo,5.92,5.9101562
3ikd,6.75,6.1484375
2z1w,4.08,4.4765625
2vjx,4.96,4.8164062
4cp7,8.11,8.5234375
4afg,8.3,8.453125
4cga,6.4,6.1953125
1laf,7.85,7.6953125
1bnu,9.7,9.5
4ly1,7.26,6.8671875
2yhw,5.6,5.5585938
3pwd,6.66,6.1757812
3a5y,7.96,7.5507812
3qgw,5.89,5.5820312
3u6h,9.0,8.8046875
3pgu,6.7,6.328125
3hmo,7.52,7.2460938
4z1k,8.33,8.2890625
3ap4,3.92,4.0273438
4c6u,4.59,4.1445312
3f17,8.63,7.8867188
4yzu,5.05,4.8085938
4ibb,3.57,3.4453125
4egk,7.72,7.28125
1aid,4.82,4.4726562
3d4y,5.7,5.5546875
1oba,2.44,2.140625
4rr6,6.0,5.640625
1fzm,7.7,7.8359375
1ajp,2.23,2.4882812
4ufh,6.42,6.0585938
3kqr,4.43,3.9394531
3gvu,8.0,7.8554688
3u5l,6.19,5.8046875
1n51,4.85,4.4140625
3pn4,6.85,6.6953125
2jgs,6.62,6.6445312
1yej,7.46,7.171875
4clj,9.15,8.96875
4u4x,5.01,5.2304688
1sw1,7.3,6.7617188
1zp8,8.77,8.671875
1ppi,5.01,5.28125
1jmg,6.07,6.3554688
3x00,9.08,8.125
4hf4,8.62,8.3828125
5byi,7.51,6.7265625
1g46,8.8,7.8710938
4djw,6.28,5.8398438
1bjv,5.54,5.0
1mfi,5.59,5.3359375
4b76,4.54,4.09375
4ad6,4.78,4.3515625
2hkf,6.38,6.3632812
4b7j,7.95,7.4960938
4ibi,4.14,3.9667969
1t4v,7.68,7.5703125
2erz,5.66,5.3984375
2zjw,7.7,7.2382812
4zwx,8.7,8.8046875
2zn7,7.89,7.4921875
2cer,9.22,8.6015625
2izl,6.0,5.6210938
3l4z,6.72,6.890625
4fs4,6.57,6.1640625
2qfo,4.7,4.7109375
1hpv,9.22,9.0
1qan,4.48,4.3710938
3mof,3.07,2.5429688
4bf6,8.35,8.1484375
4cst,8.89,8.9765625
2xpk,11.3,10.9375
2pvm,6.44,6.09375
3jzg,4.4,4.2539062
1qbu,10.24,10.125
1b57,8.0,8.2734375
2y7p,5.47,5.140625
3fj7,3.71,4.0195312
3mi2,7.77,7.453125
5am7,7.19,6.7773438
1v0k,5.1,4.53125
1b3g,6.7,6.9648438
2rkg,8.09,8.0859375
3ivx,5.74,5.6484375
1upf,4.6,4.71875
1enu,5.08,4.859375
1bv9,9.96,9.953125
3tmk,6.87,7.1210938
1ppk,7.66,7.8007812
2zkj,5.48,5.4140625
4u69,4.26,4.1835938
1qbn,5.85,5.609375
1msm,10.48,11.1953125
1lst,7.85,8.4140625
4avj,7.44,6.7773438
1ajn,2.63,1.9814453
1bn1,9.34,8.8125
2xbw,8.0,8.140625
2y80,8.05,7.9765625
4u1b,5.31,5.125
5dq8,4.14,3.9414062
3ebo,4.72,4.6289062
2o8h,7.6,7.1640625
3vw2,4.75,4.6289062
4aje,3.68,3.8554688
4b5d,7.89,7.8476562
2w08,3.42,3.6113281
3ryv,7.07,7.1015625
1m2x,4.15,4.1015625
3dk1,9.74,8.9375
4na9,7.39,7.1601562
2xmy,9.96,10.5078125
3m89,6.16,6.2929688
3m96,7.22,6.5585938
3wmc,6.51,6.4804688
4ocq,4.61,3.6953125
2yfx,8.09,7.46875
2q8h,3.0,2.96875
3b67,8.85,9.2734375
4dff,7.46,7.375
4dbm,7.62,6.6914062
3sv2,4.19,4.125
3ibl,7.84,7.9882812
5caq,8.57,8.390625
1g1d,9.44,8.9296875
2pvk,8.3,7.7460938
4jh0,9.03,8.75
1lbk,3.18,3.2421875
4lk7,5.04,5.0820312
3ccw,7.87,7.6210938
1zsf,9.92,9.5546875
1m2p,6.11,6.0234375
2wjg,7.1,7.0273438
2w9h,6.37,5.7109375
1o2h,7.17,7.1953125
3lcv,4.74,4.8789062
1yds,5.92,5.9492188
1ork,8.81,8.4921875
4zb8,6.03,6.421875
4zbi,6.51,6.2539062
1g3d,5.55,4.9492188
4iuo,3.64,3.015625
4kax,4.77,4.6132812
2f2h,5.7,5.4648438
3arr,5.4,5.2773438
1g36,7.17,6.3164062
1ua4,4.22,4.1015625
2bfr,5.25,5.6953125
4jc1,4.3,3.953125
4ca6,6.74,6.4921875
3f37,2.62,2.8085938
2p2a,6.12,5.8125
3ivc,4.12,3.7441406
2zc9,6.74,6.1328125
1h2k,2.92,2.6875
4b7p,9.46,9.65625
3r4n,6.89,6.7890625
1fkb,9.7,9.5546875
2epn,7.22,7.0429688
4emr,7.49,6.8789062
3fas,6.77,6.625
2g70,7.77,8.0859375
4cmo,9.07,8.6328125
4er2,9.3,9.4296875
2qrg,5.18,4.7929688
3lp7,5.44,5.09375
3l3l,7.48,6.6835938
1gno,7.7,7.9492188
1amk,4.3,4.0039062
3cd7,7.84,7.4335938
2bet,2.77,2.9238281
3pe2,9.76,9.1796875
4f1l,5.12,4.5820312
4z6i,6.31,6.0273438
4cwo,5.21,5.28125
4hwp,7.76,7.2070312
1xk9,6.85,6.1835938
3vje,8.01,8.28125
4h3f,9.0,8.2578125
4tkb,5.59,5.3789062
4y8x,8.43,7.703125
2yk1,8.13,8.3828125
3efs,5.34,5.1835938
2bmk,5.62,5.1054688
3cow,6.9,6.71875
2aod,5.66,5.7773438
3aaq,3.3,2.9765625
1xgi,4.85,4.484375
4q9o,5.77,5.90625
3w9k,6.32,6.2929688
4ehz,8.0,7.65625
2uy5,5.49,5.484375
2jh5,6.44,6.2539062
3brn,8.7,8.4296875
2ypi,4.82,4.8164062
1hmr,6.55,6.7734375
3iw5,6.08,5.6640625
3c8b,6.1,6.3789062
1f8b,5.4,5.3632812
4j74,4.59,4.46875
3aqt,6.72,7.171875
3n9r,7.15,6.4609375
3upk,4.3,3.8984375
6upj,6.32,5.828125
2jew,6.69,5.8320312
3e6y,5.6,5.5
3adv,3.03,2.9550781
4ca8,6.68,6.625
3sr4,6.54,6.4765625
2pov,7.12,6.765625
1fhd,6.82,6.0859375
3cz1,7.26,6.9570312
4oc5,7.07,6.828125
4gr3,7.81,7.0
4uin,7.62,6.8789062
4hy1,8.7,8.09375
1rmz,8.0,7.6367188
4r3w,3.0,3.140625
2xxr,6.55,6.2460938
3fvh,6.35,6.671875
3k4q,5.34,5.0351562
3l4w,6.0,6.296875
2vc7,3.36,2.8984375
3st5,11.3,10.8125
2o4j,10.1,10.1875
4ibe,4.15,4.2460938
3kgu,5.92,5.328125
3iqu,4.77,4.734375
1pr5,3.92,3.8632812
2e2r,8.26,7.6015625
4yc9,8.89,8.8125
4dzy,5.62,5.8398438
1nh0,9.74,9.3125
4o97,8.52,8.5546875
1v2l,4.29,4.8125
1zfq,7.52,7.3984375
2c80,5.33,5.5585938
1ndy,6.17,6.3203125
3suf,7.56,8.234375
1atl,6.28,6.78125
5cp9,3.51,3.8769531
2oax,8.65,8.921875
1ghy,8.1,8.53125
2aoc,4.89,5.0859375
4kyk,4.74,5.1289062
2pqb,7.2,7.4648438
4q83,4.19,4.3164062
1cnw,7.72,7.203125
2x7t,6.63,6.9570312
4bny,7.1,7.4726562
4avs,3.49,3.7109375
4n6g,5.47,5.5429688
3hb4,9.05,9.75
4omk,4.4,4.6914062
2vo5,4.89,5.8046875
3ggu,9.77,8.8046875
4in9,4.97,4.8515625
3moh,2.84,2.6503906
3f7g,7.37,6.9960938
2bvs,4.1,4.2226562
3c88,6.8,7.3828125
4u54,2.06,2.0625
4aj4,3.89,4.0390625
3iww,7.96,8.2265625
2vyt,2.74,2.9902344
4cwn,5.59,5.8632812
3sbh,7.28,7.7929688
1fd0,8.4,8.6328125
1ypg,8.0,8.5859375
4gqp,9.6,10.1953125
1bm7,7.52,7.9609375
1cnx,7.37,6.9882812
4gbd,11.32,10.8984375
2w8w,2.12,2.5292969
1o2o,6.36,6.8476562
4rd6,6.28,6.0351562
2vwo,7.51,7.9296875
2x91,6.74,6.9414062
4i71,7.74,8.7734375
1h46,3.57,3.8359375
1pot,5.49,6.1796875
2clk,3.79,3.5332031
3o75,6.68,7.4492188
1b4z,5.23,6.5
3okv,6.23,6.9257812
3m3z,5.73,5.6484375
5e2o,8.7,8.875
3q7q,5.65,6.3085938
1e2k,4.94,4.7265625
3iob,3.42,3.609375
1hvl,9.95,10.1953125
4fai,6.99,7.7578125
3imc,2.96,3.5175781
3b25,6.07,6.5429688
3fed,7.46,7.8203125
3guz,4.38,4.1328125
4ra1,5.94,6.3515625
4ngm,10.35,10.5390625
2gst,6.07,7.0078125
3hf8,6.51,6.4960938
1d09,7.57,7.765625
3r1v,6.92,7.6796875
1s5z,3.21,3.4472656
1lkl,5.81,5.7851562
4cc5,4.42,4.703125
4b3d,2.68,2.7304688
2ov4,4.74,4.9960938
4kz4,4.15,4.578125
1toi,4.05,4.2382812
2ra6,4.52,5.1171875
1zc9,3.22,3.4882812
4q90,2.15,2.5917969
4o04,6.16,6.2773438
3ibi,8.59,8.40625
4km2,5.84,6.3945312
1d4h,10.0,10.71875
2e27,9.35,10.0546875
1j14,4.49,4.8046875
3nsn,7.19,7.0585938
5std,10.49,10.8671875
1jys,3.52,3.7949219
1w11,8.22,8.4609375
2vzr,4.28,4.5664062
3ubd,5.54,5.8007812
3wqm,6.25,6.2421875
3fat,7.64,8.3359375
2avm,5.7,5.6992188
2a4m,4.52,4.6835938
3ujc,4.59,4.8671875
1ez9,5.1,4.84375
4dkp,5.72,6.5859375
1gjc,6.35,6.4804688
2f34,6.89,6.828125
2wr8,5.44,5.765625
3su0,6.79,7.4296875
5d1r,4.84,5.6054688
2cli,4.3,4.3359375
1o0m,5.15,5.859375
1l83,3.4,3.8144531
4bc5,4.6,4.6445312
4oiv,5.08,5.7890625
1ro7,3.18,3.2324219
5efc,4.85,5.3867188
4ovg,3.69,4.1210938
1i9q,8.41,7.7421875
4few,5.21,5.4257812
2pqz,5.67,6.5898438
4etz,6.3,6.546875
3tfp,6.47,7.21875
4lxd,7.23,7.46875
4b6s,6.01,6.2304688
4kxn,6.1,6.7265625
4duh,5.18,5.1953125
1swg,7.36,7.1914062
1f5k,3.74,4.2617188
2uxi,7.3,6.5898438
4r5t,6.1,6.2226562
1dhi,7.26,7.4492188
4ksy,8.42,8.7265625
1wdn,6.3,7.1835938
3k02,5.0,4.6289062
4el5,5.37,5.5976562
3iph,7.6,7.1054688
4a6l,8.0,7.625
3fvn,6.77,7.1445312
3v3l,6.43,6.2148438
5er2,6.57,6.265625
3ppr,2.82,2.6972656
1rtf,3.04,3.3085938
4ufi,6.2,6.1171875
2ews,6.62,6.4453125
1tq4,6.19,6.0625
2qrh,4.71,4.9765625
1j4r,7.72,8.59375
2xy9,9.19,9.90625
1oz0,7.7,7.2578125
4u6w,4.21,3.9902344
4a7i,8.7,9.4140625
3g2y,2.0,2.1191406
4hym,8.22,8.0625
3kgt,5.51,5.484375
3sk2,3.61,4.0
3m67,6.74,6.8164062
5cs3,2.15,2.4707031
1bwa,8.6,8.9375
1hvj,11.4,11.3203125
2xxx,6.41,6.3828125
4q09,8.17,9.6640625
4deu,5.64,5.9375
2h4n,8.7,9.4453125
1txr,7.74,7.09375
4cwr,8.3,8.6953125
2qrq,5.1,5.296875
4ieh,7.85,7.5898438
1hlk,5.0,5.0859375
1sgu,5.37,5.5585938
1hvh,7.96,8.421875
4cwt,6.75,6.6992188
4qiz,8.15,8.2265625
4jn2,11.68,11.234375
4x11,2.22,2.4628906
1w5v,8.15,8.828125
3m3x,6.82,6.5390625
1dl7,6.49,6.0742188
4tmk,7.7,8.34375
3dyo,2.3,2.5546875
1oe8,5.52,5.875
1hms,6.37,5.6210938
4j22,7.74,8.140625
1utl,2.47,2.2324219
4owv,4.35,4.7539062
1my4,6.98,7.2617188
2x8z,7.96,7.8710938
1apv,9.0,9.7890625
2wzs,3.85,3.765625
4mc2,8.19,8.2109375
1uz1,6.89,7.6679688
4b5s,3.49,3.6386719
3zc5,7.13,7.546875
3q6z,3.72,3.4980469
1v2s,4.17,3.7871094
1rd4,7.74,7.859375
2yay,6.1,6.5976562
3b7r,7.7,8.203125
3b7i,5.82,6.078125
3c39,3.96,4.1835938
4z0k,6.34,6.4179688
2d3u,6.92,7.1484375
4ghi,7.09,6.96875
1m0o,2.31,2.5546875
1ur9,5.77,5.890625
3uyr,6.9,7.2304688
1g4j,8.7,9.3125
3l3m,8.22,8.3046875
3ppq,4.55,3.8417969
5e13,4.24,4.4492188
3rlp,7.08,6.9335938
3t85,7.95,7.5625
4x5y,8.03,8.21875
1hdq,5.82,6.2304688
3nkk,4.7,5.1132812
1cny,7.85,7.0234375
4o0y,7.22,6.8320312
4rqv,5.05,5.1523438
2q64,8.52,8.7265625
3o9d,10.72,11.3046875
2hzl,6.57,6.4648438
1ai5,3.72,4.1171875
2r2b,4.2,4.328125
2bfq,6.89,7.1640625
2wnj,6.48,6.1523438
1sbg,7.74,7.53125
4b6o,7.0,6.5976562
4d1j,6.31,6.2382812
2fqy,6.57,6.4726562
2wlz,4.6,4.9570312
1sv3,4.35,4.4335938
1zoh,7.0,7.2578125
4q7v,3.59,3.7011719
1q72,6.85,6.8007812
2e5y,5.85,5.703125
2fxu,8.15,7.9179688
4x5p,8.21,8.2109375
4pf5,5.48,4.9726562
4zhl,6.47,7.1132812
3g19,6.67,6.65625
2gzl,4.82,4.3203125
4rqk,5.82,6.0117188
2p53,7.46,7.4179688
2qtn,3.42,3.4433594
3m8t,4.0,4.0820312
2bo4,4.61,4.3515625
3wzn,7.0,7.1289062
4oc3,8.28,8.890625
2wm0,4.52,4.1210938
4o0x,7.17,7.6367188
4z0q,8.17,8.1796875
3mxe,10.01,10.3359375
4bam,8.94,9.1484375
1hn4,3.82,4.4179688
3djk,10.59,11.5859375
1ony,6.77,5.7265625
2y82,8.4,7.9882812
2i4x,11.72,12.3984375
4kwo,6.45,6.3671875
4j47,4.92,5.078125
2psu,7.62,7.5546875
1t7j,8.7,8.8671875
3acx,5.7,6.0625
3ddf,4.66,4.6796875
4je8,5.21,5.4492188
3dnd,4.8,5.0273438
1rnt,5.19,5.34375
2fxv,5.35,5.6757812
2xn5,6.69,6.78125
2g71,7.46,7.0703125
4pft,8.64,8.65625
4w9k,6.54,6.4257812
2pou,7.42,7.046875
4zwz,8.7,7.2578125
1v2j,3.25,3.2871094
3a9i,4.15,4.3125
2j34,7.82,7.25
2jjb,7.92,7.4257812
4cjp,3.32,3.6835938
4ll3,11.57,11.71875
4dcs,5.1,4.8945312
3mdz,9.1,9.359375
4hpi,4.85,5.7382812
2f6t,4.62,4.8476562
3zln,8.47,8.5078125
1mmq,7.52,7.7109375
2b1i,6.82,7.2578125
4djr,11.52,12.359375
2v88,4.09,4.671875
1ydd,7.07,7.09375
4iwz,7.29,7.8515625
1bxr,3.4,3.0585938
3qfy,6.12,5.8085938
1ft7,5.18,4.765625
2qbw,7.25,7.6328125
3si3,4.16,4.46875
4qf7,8.6,9.2109375
1f4f,4.62,4.8164062
1jaq,4.48,4.3789062
3bkl,6.17,6.0859375
3l7c,2.44,2.5722656
1f57,5.64,5.5429688
3old,5.9,5.3085938
3obx,3.89,4.0
5e8f,8.64,8.9921875
3o8p,6.46,6.5585938
4bxk,7.95,7.6796875
3hu3,6.89,7.2929688
4ax9,9.57,9.5390625
4fl1,3.28,4.1679688
1sld,6.57,6.7226562
1qhc,7.57,8.1796875
1mrw,9.7,9.5
4nze,6.8,6.828125
3g34,2.96,2.8515625
4b3c,2.68,2.4882812
2jdk,6.54,6.5
2xj2,7.18,7.1210938
4j45,5.77,6.5039062
1mjj,8.74,9.4921875
4flp,6.72,7.3203125
1c5n,4.7,5.1992188
4kb9,11.0,11.109375
2hmu,7.7,7.9765625
1b58,6.59,6.6328125
1tpw,3.3,3.2753906
2v2c,3.41,3.2011719
4buq,8.14,8.375
3lzs,10.96,10.5625
4rdn,5.92,5.953125
2vvu,8.1,8.2109375
1g2k,7.96,8.296875
4kn1,6.84,6.828125
3pb7,5.74,6.0234375
4c1u,7.09,6.7578125
4r4c,5.54,5.9960938
4e4n,9.05,9.015625
4bps,2.99,2.9375
2zwz,7.79,8.8046875
2hhn,7.49,7.890625
4kow,4.31,4.8007812
1k1o,6.17,6.015625
4r75,7.24,7.5664062
2ojg,5.64,5.765625
1n3z,4.2,4.3398438
2z4o,9.57,8.484375
1jlr,3.33,3.4785156
4euo,5.05,4.9140625
2ayr,9.29,9.0625
3nik,3.45,3.8320312
1zgi,5.34,5.3085938
3vbd,8.07,8.0390625
3p3s,7.59,7.28125
3kiv,4.7,4.3867188
3ml2,8.05,8.3671875
6cpa,11.52,11.578125
2v2q,4.15,4.3476562
1nfy,8.89,8.0546875
3zps,8.3,8.46875
4hfp,7.38,7.8085938
3t83,6.98,7.0351562
3eft,7.92,7.7070312
3vvy,4.84,5.078125
3lq2,5.22,5.0898438
1bnt,9.8,9.8046875
4itp,7.27,6.734375
1lke,7.52,6.8828125
4eo6,8.7,8.7421875
2hw2,2.97,3.1523438
1bq4,5.22,5.6875
3i5z,8.7,8.609375
2olb,5.54,5.8710938
3aas,4.51,4.7734375
4el0,4.49,4.5507812
4lps,5.74,5.796875
2qmg,9.15,9.4296875
2bvd,6.0,6.171875
3u81,4.44,4.6640625
1xh9,7.77,7.953125
3hvi,8.3,8.546875
3uxl,5.57,5.9296875
2v77,5.06,4.859375
1v48,7.8,8.3984375
2zmm,7.6,7.5117188
4pum,6.73,7.203125
3tvc,7.74,7.8164062
3ip8,2.28,1.6650391
4i7p,3.5,4.0234375
1m0n,2.22,2.140625
1yet,5.92,6.140625
3bxh,4.03,4.4101562
1str,4.77,4.8359375
4bcm,6.91,7.3046875
2qi3,10.2,9.671875
2pqc,5.74,6.421875
1koj,6.7,7.4414062
4k7n,3.48,3.3574219
3gta,4.28,4.34375
4io6,4.82,4.765625
2zdk,6.37,6.3945312
1j17,5.22,4.8945312
2xog,3.43,3.6621094
4b73,7.21,8.2109375
4ido,4.93,5.3359375
3w37,5.18,4.9765625
4qnb,6.59,6.6992188
4q87,4.85,5.1328125
3b7j,5.17,5.0820312
3d6p,3.75,3.8066406
3ckz,8.72,8.6484375
3juq,4.91,5.1640625
4att,6.98,7.0078125
2rkf,9.08,9.09375
4w9j,6.23,6.6757812
3ff3,3.57,3.5234375
1rp7,8.52,9.0390625
3qbc,4.97,4.96875
2qg2,5.4,5.1835938
1oth,7.0,7.3164062
1rbp,6.72,7.2734375
4elf,8.03,8.265625
2qwc,3.55,3.2949219
3s56,9.62,9.8671875
2vk6,5.3,5.3671875
3t2q,3.66,3.6699219
4kp5,6.08,6.2226562
3hl7,7.64,7.7460938
4rlw,4.87,4.8710938
4ynl,4.62,4.3828125
3uz5,7.22,7.734375
2p7a,6.1,6.3398438
2vw2,3.3,3.2792969
4bi6,3.95,4.2382812
3sm2,9.7,9.5234375
3t0x,8.0,8.234375
3nyx,7.49,7.4414062
3fuz,6.54,6.5273438
1ciz,7.44,6.828125
4en4,5.52,6.0507812
2rkm,3.9,3.4667969
4e70,5.28,5.4375
4fht,6.17,6.453125
1c87,4.2,4.0117188
3mhl,7.25,7.4492188
1usk,6.4,6.9492188
3tb6,5.08,5.3828125
3mf5,5.36,5.4609375
3cl0,7.07,8.03125
3uw4,7.77,7.8515625
1siv,8.08,8.1484375
4h3g,8.22,8.4453125
2zym,6.14,5.9804688
4u5s,2.41,2.2148438
2o4n,7.82,8.109375
4aq6,4.8,4.5390625
4o2b,5.74,6.0507812
4zx0,8.0,8.15625
1v1j,4.82,4.5585938
4r4t,6.26,6.703125
1k9s,6.52,6.9726562
3n2p,7.82,8.046875
4ytc,7.89,8.0625
1pgp,5.7,5.703125
3s6t,7.35,7.4101562
1nhz,6.08,5.8164062
4g8n,7.2,7.0546875
1lkk,6.85,6.2265625
3f5l,3.72,3.6484375
1d4k,9.22,9.6015625
1gyy,3.64,3.6582031
2ole,7.25,6.9335938
2p16,10.1,10.3671875
2x96,4.03,3.5234375
2jdp,6.6,6.7617188
1wht,3.7,3.7304688
2ha3,3.03,3.4941406
3o4k,7.62,7.765625
4zl4,7.86,7.9921875
3kmc,6.4,6.4882812
2hnx,7.08,7.3164062
3su4,6.26,6.4609375
3rf4,6.25,6.4375
3gba,9.07,8.7265625
3dd8,7.85,7.4492188
1g35,8.14,8.5625
1ec3,9.04,9.640625
2gj5,8.32,8.3046875
1k1n,6.82,7.546875
3c52,7.3,7.8515625
2x97,5.66,5.9921875
2qu6,8.52,8.6796875
4nnr,7.26,7.4140625
4dy6,4.4,4.2617188
1lbf,7.85,8.3515625
1b3l,5.89,6.703125
4q99,6.28,5.609375
4m2u,8.04,7.8359375
3sax,6.57,6.5859375
4v24,8.37,8.4921875
2zdm,6.41,6.71875
3cfn,5.0,4.8945312
2fqw,6.68,6.9960938
2uyq,5.68,5.2773438
1nja,6.31,7.5273438
2y9g,3.77,3.9492188
3d7k,4.6,5.0976562
1c5o,3.49,3.2910156
4jpy,4.43,3.640625
2r23,3.72,3.4609375
3pck,6.7,6.6445312
3l4v,6.72,6.6875
4rvr,6.87,6.9101562
3b7u,7.74,7.7421875
2hjb,4.39,4.7773438
3su1,6.68,7.8320312
2aj8,6.2,5.9570312
1vfn,5.6,6.0585938
2p4s,9.51,8.9921875
1usi,6.74,6.21875
5ct2,2.92,2.78125
4q6e,6.18,5.9492188
1sln,6.64,6.6796875
1nq7,6.8,7.109375
4z2b,7.76,8.21875
2i4u,11.57,10.78125
3k97,8.0,8.5234375
3ryz,8.62,8.953125
4qij,5.54,5.3867188
1nu3,4.0,4.2148438
4gq4,7.66,7.9179688
3zxz,8.4,8.5078125
2vxn,5.0,5.1757812
4jyc,6.7,6.7617188
3s2v,6.8,6.3984375
2yix,8.48,8.90625
2vwc,6.62,6.4140625
1bcd,8.7,8.828125
3arx,5.33,5.375
4eoh,4.3,4.40625
4nja,6.22,6.0078125
2amt,4.44,4.4335938
3uw5,7.85,7.875
4f0c,6.27,6.1015625
4p58,4.6,4.3789062
1uwu,5.98,6.3398438
4wup,9.82,10.703125
2ovv,7.92,7.9921875
1yvm,6.4,5.984375
3ed0,6.35,5.828125
3ckp,6.35,6.46875
3si4,3.88,3.828125
3kdm,7.0,6.9492188
4ek9,4.42,4.5898438
2eg7,5.89,5.9296875
2x09,3.76,4.0078125
1o5a,6.42,6.0195312
3h30,4.53,4.390625
3znr,7.44,7.25
2a14,5.7,5.5664062
4lch,10.62,11.0390625
4p5d,5.82,5.6757812
3b24,4.38,4.6601562
2zq2,6.56,6.2460938
2nt7,6.52,5.9296875
1kel,7.28,7.4570312
2ypp,4.41,4.2304688
2psv,7.24,7.03125
4u70,5.02,5.0859375
2il2,7.1,6.7890625
1nw4,9.07,8.671875
3cd0,7.57,7.1210938
2a5b,3.93,3.4375
3ie3,6.68,7.2070312
1m2q,6.1,6.0742188
2cf9,7.82,7.4257812
1ai7,4.09,4.265625
4pb2,4.8,4.703125
3bl0,6.92,6.9960938
4msa,3.3,3.3691406
2uwl,8.4,8.0703125
2ha2,4.66,3.7050781
2v54,4.6,4.4335938
4ibf,4.43,4.2695312
3l1n,5.63,5.234375
3fvk,8.82,9.1953125
4bzs,7.12,6.9023438
4ks1,8.82,8.1953125
3u7s,8.43,9.328125
3vfa,9.19,9.421875
4ban,8.61,8.3203125
4fcf,8.62,7.765625
4cfl,5.88,5.6679688
3s3v,6.23,5.9921875
4k55,5.51,5.015625
5cbr,5.74,5.6796875
3ddg,6.0,6.4296875
1b9j,5.96,5.8320312
3nu4,8.82,8.953125
4g95,7.61,7.7734375
4m14,6.7,6.7421875
5ceq,7.38,7.2734375
4zae,8.44,7.9609375
1bzy,8.34,8.859375
4pmm,7.57,7.859375
4gzt,7.77,8.2578125
1d7j,3.3,3.5820312
4pp5,7.74,7.5429688
1alw,6.52,6.3515625
4m0r,5.21,5.2773438
4riu,7.3,7.4804688
4dmw,4.94,4.6015625
2w67,4.96,5.2226562
1u0g,6.15,6.3125
4g90,4.51,4.65625
1v0l,7.55,8.109375
1nli,3.59,3.4980469
2fpz,3.96,4.1445312
2h5a,5.1,5.328125
2xc0,6.72,6.484375
4z84,5.82,5.5117188
1dud,4.82,4.5664062
3n0n,7.3,6.6601562
2h15,5.67,5.4179688
3u90,4.62,4.4570312
4o61,4.3,4.8320312
4qtl,6.92,6.9609375
2bz6,7.09,6.6796875
3rwp,9.22,9.265625
3po6,7.06,7.8359375
3s0e,6.55,6.3476562
3u3u,6.88,7.3046875
3f78,3.1,2.9257812
2vpo,5.42,4.9882812
4q6d,7.36,6.84375
4jz1,6.7,6.671875
2r3w,6.89,7.125
1c5p,4.68,4.9375
4zyf,8.64,8.3359375
4h7q,5.06,5.09375
5am6,6.73,6.4101562
1o5e,5.74,5.890625
3r6c,4.72,4.703125
2cbu,5.68,6.3476562
2wyg,8.7,8.640625
3r24,5.25,5.5742188
4loi,6.77,6.28125
1hvi,10.92,11.7109375
4pzv,5.7,6.0585938
1jfh,2.05,2.5
5er1,6.02,6.0859375
3o9a,10.7,10.671875
3ewc,7.7,7.3242188
1a28,8.29,8.6640625
4jkw,4.16,4.3242188
2afx,5.15,5.2265625
3ttn,7.84,8.09375
2q8m,4.03,3.9433594
2ya8,5.75,5.8203125
4cs9,2.1,1.9775391
4djp,10.55,10.140625
4cu8,4.47,4.5625
2boj,5.77,5.5234375
3b66,8.6,9.03125
2nmx,5.57,5.5820312
3vh9,6.24,6.3125
3rm9,4.77,3.8515625
4q4p,6.39,6.7226562
3oy0,8.0,8.0390625
1x8r,6.12,6.1328125
4e67,6.48,6.4023438
3ryx,8.14,8.40625
2bak,7.43,7.9023438
4ezx,5.8,5.5976562
4std,10.33,11.265625
1k6p,7.36,6.9570312
3q6w,7.57,7.9765625
3dri,4.42,4.5859375
4djx,7.23,7.7578125
2hb3,11.35,10.921875
3oy8,3.66,3.6992188
2qtt,4.32,4.203125
3i25,8.51,8.8984375
4efs,8.6,8.8125
1d3d,9.09,9.1171875
4nbk,3.87,3.9335938
3gbe,5.0,4.7929688
3mv0,3.85,4.0507812
1dgm,5.05,5.3632812
1zhy,6.52,6.5390625
3hl8,4.49,4.71875
1z4o,4.52,4.6132812
1pkx,6.92,7.7109375
1hi3,4.19,4.375
4x8v,6.89,6.8398438
1ct8,6.52,6.5625
4io2,6.7,7.3554688
4jfm,5.48,5.3203125
4cpz,7.68,7.2851562
3u7m,7.45,7.7421875
3ime,3.0,3.0
3d1y,8.22,8.375
1f0r,7.66,7.9453125
2wzm,5.22,5.140625
2wc4,5.29,5.1796875
3dp9,9.68,10.2734375
2yi7,8.32,8.515625
1c5s,6.0,6.6445312
186l,4.85,4.53125
3a6t,7.28,6.8828125
3g32,3.71,3.9824219
2i19,7.8,7.6992188
1avn,3.9,4.046875
2rcb,6.79,6.09375
4o09,7.7,8.1875
4mn3,5.75,5.4648438
3n2u,7.84,7.6875
2g8r,3.99,4.2734375
3d51,4.15,5.1171875
1mfa,5.04,5.4921875
1gz4,3.7,3.8769531
4ko8,7.15,7.5898438
3shc,5.72,5.6601562
4dju,5.44,5.703125
1drv,6.54,6.0585938
2vwl,7.02,7.2773438
1t32,7.42,7.1835938
4tkh,5.74,5.546875
1ai4,2.5,2.6894531
1bhx,6.84,6.8320312
4ew2,6.68,6.2578125
1d3p,7.39,6.921875
3jrs,4.28,4.7890625
4idn,5.24,5.1210938
3d1x,8.66,8.96875
1r1h,8.92,8.8046875
4qpd,7.82,7.4140625
3f80,4.22,4.3945312
3mi3,5.45,5.6289062
1sqo,7.46,7.8398438
3zk6,6.34,6.1835938
1pph,5.92,6.140625
3muz,3.46,3.7226562
3sug,6.21,6.5703125
3pn1,6.96,6.8945312
3hkw,8.64,8.1328125
3e85,5.38,5.1875
2vhj,3.9,4.3554688
3g30,2.51,3.0664062
1df8,9.7,8.6484375
1lf2,7.52,6.71875
3exe,6.96,7.3515625
3gvb,2.59,2.6855469
4ajl,3.8,4.5234375
4xtv,9.27,8.8671875
3u6i,9.0,8.9375
2e1w,7.96,8.0390625
4pow,6.3,6.1679688
2b07,6.43,6.1796875
4xiq,7.07,7.0117188
1ohr,8.7,8.7421875
3b92,8.0,8.0546875
4qlk,3.24,3.5019531
3d8z,3.37,3.5917969
3nxq,8.15,7.8554688
4r74,8.1,8.2265625
3gqz,2.17,2.5019531
1o3d,7.13,7.2304688
1azm,6.1,5.8398438
1izh,7.7,8.078125
3bpc,4.8,4.7578125
1njc,5.55,5.3632812
3f8c,7.68,7.8398438
2oi0,7.55,7.5078125
3f18,7.4,6.6210938
1o5r,8.12,8.75
1lhu,8.83,8.484375
4k7o,4.3,4.1875
4w9d,4.99,4.8046875
8a3h,4.06,3.6308594
2uwp,6.81,6.8242188
1kav,5.82,5.3164062
2rcn,6.0,6.125
3p2e,6.22,6.6914062
3bfu,6.27,5.7773438
2x6x,3.68,3.9238281
2fgv,6.12,5.796875
2oiq,5.0,5.0390625
4a4w,7.72,7.375
1i5r,8.52,8.640625
4gj2,8.6,7.5820312
4gg7,8.2,8.203125
4ozj,5.4,4.7109375
4jyt,7.4,7.1210938
2zq0,6.82,6.234375
4q8y,2.64,2.5039062
1k1m,7.4,7.5859375
2xhm,6.8,6.3203125
4og3,6.55,6.1132812
1x39,9.22,9.015625
2uy0,6.92,6.8554688
3g5k,9.52,9.1875
10gs,6.4,6.2265625
3t8v,6.59,6.578125
4qf8,7.51,6.4296875
4loo,8.15,8.375
2xjx,9.15,8.5625
3c89,6.07,6.0703125
3eko,6.7,6.265625
1g30,6.85,6.4804688
4nvp,7.57,7.3007812
3hcm,3.3,2.9375
2xg9,4.15,4.1289062
1vzq,7.44,6.9804688
2fle,7.85,8.578125
3vw1,4.67,4.3710938
1b8n,10.52,10.0390625
1qbv,5.39,5.3554688
3re4,7.4,7.6601562
3uxk,4.93,5.2421875
1i80,6.41,6.6875
4epy,3.47,3.5019531
3dhv,2.96,2.7773438
2weo,6.93,6.96875
2xjj,6.51,6.03125
3nim,4.75,4.6601562
5cbs,5.41,5.1875
1u1w,5.85,5.7734375
1cps,6.66,6.640625
4fzj,3.15,3.2324219
3g1v,3.19,3.5117188
3mzc,6.65,7.375
4qer,7.54,6.3867188
3c8e,4.15,4.3515625
3b3x,3.6,3.6914062
4b6p,7.13,6.625
3rlb,9.92,10.1640625
4kz7,2.49,2.4746094
2p95,9.37,8.9453125
1duv,11.8,11.9765625
4g0z,2.21,2.6953125
3gc4,7.6,7.4726562
2v58,9.09,9.5859375
3a1s,4.83,5.1289062
4xar,6.97,7.359375
4d8z,6.29,6.1679688
2pv1,7.14,6.9101562
2rkd,2.72,2.7382812
1bhf,4.38,4.0898438
4io4,4.61,4.6992188
2vw1,3.52,3.609375
2boh,8.52,8.2421875
4ara,6.05,6.09375
3gcu,6.78,6.7929688
1stc,8.1,7.8945312
1szd,4.54,4.9414062
4lkq,3.35,3.2148438
2jdh,6.51,6.734375
5c1m,10.8,10.75
2oxn,7.44,7.0859375
1zvx,9.22,8.125
1i37,9.57,9.1875
1lpk,7.55,7.0976562
3n7h,4.5,4.1015625
3sus,4.15,4.3789062
3rf5,5.63,5.3632812
2pvu,6.31,5.6796875
2xb7,9.19,8.5
1z6s,4.34,4.3203125
2ptz,7.82,7.125
1hxw,10.82,10.5
1yfz,4.35,3.4785156
1d2e,6.0,5.53125
4qyy,7.3,6.8359375
3roc,8.19,8.0
2qwd,4.85,5.0273438
4qiy,7.3,6.6796875
1afk,6.62,6.5117188
2zx8,9.64,9.125
4bak,8.91,8.1640625
4d3h,6.43,6.109375
4v27,6.66,6.5
3u7n,7.95,7.3515625
4nku,4.67,4.7695312
3mna,7.39,7.0039062
2uwo,8.7,8.5078125
2mas,7.52,7.078125
4cg8,6.96,6.2539062
3t01,4.48,4.5625
1bgq,8.57,8.6484375
3b3s,2.55,2.1171875
1qkb,7.35,6.9179688
4luz,4.7,4.0507812
4wr7,11.7,10.4765625
2c94,6.82,6.6289062
3suu,8.52,8.1171875
2p3c,7.62,7.8671875
1o5c,5.22,5.2382812
1od8,5.1,5.4101562
4km0,6.04,5.390625
4yc0,4.13,3.7988281
2y7x,8.89,8.3828125
4or4,4.57,4.484375
1y3n,5.55,5.0390625
2avq,4.39,3.9746094
3bgc,5.02,4.8710938
2q88,5.8,5.1484375
2xbx,7.82,6.9179688
1ppl,8.55,8.171875
1ch8,7.0,6.0429688
3mhc,7.96,8.375
2py4,6.7,6.7421875
1m5w,4.27,4.2734375
2hoc,9.52,8.7890625
3vd4,4.82,4.71875
4ncn,5.67,5.375
1g2l,7.24,6.8203125
4o2c,8.0,7.71875
4a4q,9.4,8.734375
4ezr,5.2,4.953125
2xxt,8.05,8.0390625
1jn4,4.95,4.71875
3afk,3.6,3.4453125
1a94,7.85,6.9960938
4leq,6.54,6.34375
2azr,3.64,3.4414062
3k37,8.92,8.9765625
4cd0,9.7,9.109375
3lxk,9.8,9.734375
2uyn,2.7,2.796875
3hku,8.3,8.3828125
4fxp,4.09,3.5742188
1qft,8.77,7.1914062
3hv8,6.98,6.6132812
4wa9,8.42,8.078125
4g0q,2.52,1.8466797
4kwf,4.82,4.3710938
2i4w,11.59,10.375
4n9c,3.9,3.4335938
5c8n,7.55,7.46875
4fm8,5.97,6.046875
1i1e,5.03,4.484375
2v3u,3.0,3.2539062
4g8v,5.8,6.6132812
1x8j,6.96,7.09375
3d0b,6.54,5.6875
2e94,8.0,8.0703125
2isw,7.43,6.90625
2qm9,7.77,7.2226562
3acl,6.22,6.3789062
1uvt,7.64,7.2578125
2uz9,5.71,5.5429688
2xib,7.26,6.7929688
3t6b,6.36,5.6640625
5dqe,3.63,3.296875
1lpz,7.6,7.1914062
4mrg,2.96,2.8476562
3i51,7.7,7.328125
1xff,4.82,4.7226562
2zdl,6.4,5.8984375
4x5z,7.63,6.9882812
3hvk,8.52,7.9765625
2b7d,8.7,8.1953125
3l0v,7.64,7.7734375
4ly9,8.15,7.59375
2g72,6.5,6.4921875
1uj6,3.05,2.6816406
3el4,7.17,6.65625
5bs4,11.0,9.78125
4n6h,9.28,8.9609375
4i54,6.96,6.3515625
1b46,5.28,5.125
4up5,2.6,2.6738281
5afv,5.59,5.5546875
3ipu,7.32,7.8554688
1n4h,6.55,6.2304688
3iod,4.1,3.6621094
1s63,9.05,8.7265625
1wur,6.66,6.3476562
4loy,8.09,7.7382812
4ykj,4.43,4.6796875
1zog,7.15,7.0429688
2a8g,3.69,3.7792969
1li3,4.25,4.09375
3sio,8.0,7.6757812
3ipq,7.57,8.2734375
3mtw,7.04,6.5234375
1uj5,3.05,2.5019531
3arw,6.15,5.9179688
3pe1,9.65,9.9296875
5cep,6.84,7.1601562
4pv5,6.54,6.6367188
1hnn,6.24,5.875
4m8h,7.6,7.5351562
1fzo,7.89,8.3046875
3w9r,6.18,5.4570312
3p3t,7.24,6.9921875
1v2n,5.9,5.453125
1jq8,6.0,5.9140625
4hbm,7.92,7.9921875
3zze,8.89,8.3984375
1uml,7.52,7.1523438
1c3e,6.59,6.625
1elr,4.96,4.78125
3ppm,9.54,8.2421875
1fkw,5.05,5.2070312
4det,5.68,5.359375
3d9z,8.7,8.28125
3p3g,9.74,8.5859375
2gh9,6.0,5.2734375
4h42,3.47,3.1035156
4yes,8.02,7.34375
3lxe,6.6,5.6640625
4bcp,6.25,5.8046875
1zoe,7.4,7.484375
1ws4,3.0,3.2910156
3hkq,5.34,4.4296875
4ca7,7.36,6.6289062
3tcg,5.87,5.7109375
1kmy,5.1,4.7109375
1b5j,7.43,7.1015625
1efy,8.22,7.6367188
4b6r,5.85,5.3671875
2p7g,6.53,6.3242188
4csd,5.91,5.4023438
2r5p,8.48,8.65625
3e5u,5.85,5.5117188
4cu7,7.59,7.3359375
1dzk,6.1,5.5039062
3cke,6.1,5.4570312
3uod,7.31,7.9140625
3f7h,7.09,6.9257812
4wk1,5.89,6.2382812
4ufm,3.72,3.7617188
4ipi,5.32,5.8554688
3d7z,7.92,8.15625
4j7d,4.7,4.9296875
4p6w,9.15,9.46875
1bzj,4.66,5.0859375
1yqj,8.14,8.09375
4xy8,6.4,6.0625
1m48,5.09,5.2070312
3ao2,3.77,4.2539062
1a9q,6.17,5.921875
3agl,7.8,7.3203125
3zbx,8.22,8.8359375
2eg8,4.5,4.46875
4jv6,6.66,6.7929688
4hzm,4.63,4.9609375
3uxd,4.41,4.7929688
1ftm,7.61,8.421875
3buh,3.66,3.6796875
3v2n,6.1,5.8476562
3tzm,7.77,7.9296875
4djo,11.52,10.734375
2qi7,10.21,9.9375
1pb9,3.62,4.3203125
185l,3.54,3.4355469
3czv,7.8,7.7890625
2yaz,5.14,5.0429688
3uu1,5.2,4.7460938
2buv,4.0,4.1992188
1dy4,4.36,4.1757812
4rrf,3.62,3.7089844
3nu6,9.3,9.2890625
4phu,7.92,7.953125
2nnd,6.06,6.0117188
4qjo,7.4,7.2773438
3myq,7.52,7.2382812
1pro,11.3,9.7890625
1kv1,5.94,6.5351562
4xya,5.86,6.1679688
4pyx,6.14,6.0898438
4ouj,2.86,2.4804688
2qhd,5.38,5.6640625
2pk5,10.7,9.8671875
3djq,2.98,2.6210938
3zm9,7.42,7.2578125
4ase,11.0,11.3359375
2uwd,8.35,8.1640625
2ca8,4.66,4.8671875
4qgd,7.43,7.6992188
3sap,7.59,8.3125
2r2m,7.33,7.5
3gt9,3.96,4.0
2vmf,5.85,5.5976562
2exm,4.11,4.046875
4y79,7.96,8.5234375
4g0p,3.01,3.2597656
1pa9,4.6,4.7382812
4cps,8.27,7.6328125
4m2v,7.44,7.7617188
5fl6,7.36,7.6445312
3own,7.47,7.2695312
1nfx,8.52,8.5390625
1pvn,9.82,10.03125
2pbw,8.25,8.1328125
4mr6,6.6,6.5078125
1g74,6.52,6.8125
1ocq,5.19,5.3671875
2yb0,3.85,4.3398438
1dmp,9.55,9.640625
1c1v,7.64,8.203125
1ta6,9.13,8.890625
3s78,6.47,6.5117188
4xip,6.63,6.5625
2byr,8.55,8.2421875
4bt4,3.34,3.5507812
3hvj,8.7,8.78125
4p3h,6.0,6.1171875
3wgg,4.4,4.7070312
3kjd,8.54,8.265625
3ldp,5.62,6.203125
3lk8,7.71,8.390625
2p7z,6.58,6.5273438
4g4p,6.89,6.9648438
4urz,2.52,2.6289062
3s75,6.82,6.5976562
3tt4,8.28,8.3828125
3ni5,7.55,7.671875
1gj8,6.96,6.4296875
2bal,6.31,6.1875
4umb,4.0,4.0625
4ij1,5.4,5.3046875
4ai5,2.92,2.859375
2qx0,6.11,6.6445312
3bex,5.57,5.5898438
4ibj,4.33,4.7773438
3gdt,7.19,6.875
3mhw,2.3,2.3535156
4tkj,6.04,5.796875
3l4u,7.52,7.5390625
2hs1,8.48,8.609375
3iw6,5.48,6.1875
4l6t,7.49,7.5546875
4jwk,8.32,8.9140625
3ekv,9.41,8.9140625
4x6i,8.0,8.140625
4rd3,6.47,7.015625
4uma,5.41,5.9140625
1ajv,7.72,7.4453125
3nyd,3.48,3.46875
4ibc,2.98,2.8320312
4l2l,5.7,5.8007812
4dv8,9.24,8.7578125
3sbi,7.92,8.1875
4c52,5.68,5.2226562
4trc,4.52,4.5351562
4q7s,4.42,5.1484375
4qem,7.8,6.875
3wz6,5.96,6.0351562
3d50,4.77,5.171875
2yek,7.21,7.2539062
4mo8,8.0,7.890625
4o3c,2.59,2.7011719
4gzw,4.52,5.0820312
3fqe,8.3,8.4375
5acy,8.19,8.1171875
2oi2,6.3,6.40625
1nvr,8.11,8.0078125
3ttp,9.12,8.8203125
2vba,4.6,4.7734375
4bup,4.95,4.5585938
4j44,5.73,5.640625
3sjf,7.64,7.7460938
1qxl,7.96,7.578125
5ahw,5.17,5.03125
1add,6.74,6.3203125
2i3h,7.4,7.2421875
1fch,7.15,7.6679688
2xye,8.34,8.1484375
1jsv,5.7,5.640625
4hw3,6.49,6.6132812
4css,8.46,8.5078125
4gu6,7.36,7.0
1fzk,8.4,8.4453125
3g35,4.68,4.1328125
3gy3,5.63,5.5039062
1pb8,5.15,5.6289062
4ngp,7.96,7.7539062
4u6c,5.0,5.234375
3drf,7.0,7.0664062
3a1e,2.66,2.6738281
4ei4,8.74,8.0859375
2ot1,4.0,3.7617188
1fo0,5.59,5.8242188
3k5i,4.7,4.4726562
1h6h,5.3,5.6015625
3n35,3.37,3.4960938
3ozj,5.11,5.0585938
4sga,7.3,7.5859375
3gst,6.72,6.3007812
1pxo,8.7,7.609375
4mhz,6.87,6.84375
1oar,7.4,7.3203125
1ghz,4.8,4.84375
4lar,4.68,4.6953125
4q46,3.77,3.7207031
1c3x,3.68,3.6015625
4kz3,2.77,3.2792969
4xu3,9.5,9.6484375
2cgf,6.41,6.5703125
1jet,7.25,7.8984375
4m0f,8.77,8.6640625
2zpk,7.76,8.0859375
3k4d,5.11,4.984375
4ad2,6.2,6.0390625
4poj,8.1,7.9140625
2yel,7.28,7.4140625
1drj,7.4,6.8984375
4m8y,9.96,9.21875
4pox,5.43,5.1289062
3m3c,4.06,3.8632812
3wz7,5.74,5.7109375
1v1m,3.94,4.3554688
1p19,4.11,4.375
4lm2,3.03,3.4179688
3ga5,5.49,5.6992188
4lj5,6.29,6.8867188
2i4d,11.68,10.7578125
4aci,2.22,2.0839844
4rfc,8.24,7.3671875
1ex8,6.33,5.6015625
2v3d,3.94,3.7460938
3f15,8.1,7.78125
4agc,10.7,9.609375
4wkn,9.72,9.8515625
3l6h,5.4,5.2851562
4bcs,6.99,6.546875
5e2r,7.06,7.328125
1xr9,7.15,6.9648438
4nuc,6.04,5.8632812
2xyt,6.29,6.4453125
1fiv,6.59,6.3398438
5cas,8.85,8.5703125
4axd,4.43,4.25
2yi0,8.12,8.3515625
1o30,6.77,6.6015625
2jiw,4.59,4.5976562
1c83,4.85,5.3320312
4djy,8.27,7.8203125
1sdu,10.07,9.5625
4ymg,4.68,4.6992188
1egh,5.7,5.6523438
1b55,7.4,7.9492188
1a1e,6.0,6.3125
3o84,7.24,7.6601562
3tkw,5.27,4.71875
2y5g,6.84,7.15625
1ogd,3.03,3.046875
2qi5,10.85,9.9375
2r0z,5.47,5.0273438
4b0b,3.33,3.625
4isu,3.68,4.0234375
4ygf,7.68,7.828125
1jvu,5.15,4.7734375
3s54,9.64,9.9921875
4p6x,7.04,7.0195312
3ucj,6.0,6.2304688
3t3u,8.6,8.296875
4del,7.68,7.9648438
4kiu,3.85,4.234375
3b50,7.55,7.5625
1b40,7.28,7.4296875
4b1j,7.3,7.2382812
3fjg,3.73,3.8046875
2q8z,5.68,6.2109375
1b51,7.37,6.8789062
3m1k,5.39,5.1132812
2r1y,4.51,4.3945312
1fzq,7.62,7.5195312
2fw6,2.92,3.0566406
3nu3,9.82,9.96875
1amw,4.54,4.9609375
3g2h,3.82,4.2070312
3wto,6.92,6.7109375
2bes,4.24,4.5585938
2vnp,9.92,10.0078125
2q7q,5.3,5.3164062
4crb,7.57,7.3046875
4z83,7.4,7.4804688
3d1z,8.8,9.3359375
4m7j,6.11,6.6054688
2xn3,5.92,5.9375
3zsy,3.23,3.359375
4rn4,6.94,7.3476562
2ces,7.25,6.7695312
3bxf,5.54,5.9179688
4zj6,8.52,9.234375
1bxq,7.38,6.4648438
4m0e,6.22,5.75
3ozg,9.19,8.90625
3f5k,4.62,4.625
3dbu,8.06,7.390625
4muv,5.76,6.1484375
1ogx,6.09,5.8398438
1tsy,4.96,5.9609375
2wky,8.59,7.8203125
4e7r,7.7,7.84375
1ype,8.1,8.2734375
3vf7,9.1,9.46875
1o3p,6.66,6.5664062
3hs4,8.0,7.8085938
3ozr,5.15,5.7304688
1wm1,6.3,5.9921875
2yln,7.68,7.4609375
4fut,6.51,6.8710938
3fwv,5.64,5.96875
4r59,7.96,8.4140625
3be9,7.62,7.6054688
3sw8,4.5,4.5546875
2pu1,5.85,5.84375
2q63,7.18,6.8085938
4rsk,4.32,4.8007812
1f8c,7.4,6.890625
4zbf,7.13,6.8828125
3bgq,7.96,7.2773438
4zei,5.88,6.109375
2baj,8.4,7.7109375
4x8u,2.46,2.5527344
1w5w,8.8,8.3359375
1qbt,10.62,11.1015625
1owe,6.2,6.09375
1sdv,8.74,7.78125
1eld,6.7,6.5585938
3eax,4.92,5.125
4ap7,7.96,8.1171875
4gzp,7.84,7.8359375
1y3v,5.64,5.4414062
3dne,5.22,5.3828125
3lbz,3.86,3.9902344
2ves,7.7,7.3984375
3v4t,4.11,4.1992188
3fv3,9.52,9.3671875
4qj0,7.32,8.34375
3ov1,5.2,4.8867188
1fv0,5.93,6.0898438
4tt2,4.66,4.8359375
3hp9,4.59,4.8710938
7upj,8.49,7.8476562
5bwc,7.21,7.1679688
3ng4,5.43,5.2109375
1dfo,6.7,6.7695312
2hu6,3.81,3.9179688
4m8e,7.89,8.2578125
1a4w,5.92,5.75
4qew,7.07,7.4960938
2xd9,6.46,6.5078125
4lzr,4.7,5.3671875
4n8q,3.42,3.2304688
2zz1,4.54,4.4023438
4isi,8.14,8.265625
1np0,3.57,3.3867188
1ndz,8.11,8.265625
2yfa,5.07,4.7539062
2j75,6.65,7.0976562
1w5x,8.4,7.9804688
2cen,8.3,8.0234375
3k00,5.77,5.7304688
4ck3,3.57,3.6445312
4k0o,3.0,2.7207031
2qhy,7.48,7.6679688
4g8y,4.59,4.6601562
2j7b,6.62,7.1445312
1n46,10.52,11.0625
3vtr,5.57,5.421875
4elh,8.09,8.3203125
1pdz,3.7,3.8398438
2q2a,7.41,8.0078125
4yml,8.35,8.2109375
3kv2,7.32,7.2070312
4qp2,3.03,3.21875
1qy2,5.74,5.9960938
3rz1,8.74,9.7421875
3g3r,6.48,6.5820312
3r0y,4.84,5.0429688
1ndw,5.23,5.4453125
1mtr,8.4,7.65625
4djq,10.32,9.8671875
3c56,7.89,7.2539062
4q08,6.3,6.5429688
2jg0,7.82,7.8515625
2ax9,9.52,9.9765625
2wvz,4.02,3.9335938
1t5f,4.22,4.0546875
3zpu,8.38,8.140625
1k1l,6.9,7.0429688
1p57,4.4,4.4257812
3hit,8.19,7.21875
1x38,8.77,9.21875
3oyw,4.11,3.8183594
4bs0,5.7,5.2070312
2b4l,4.77,4.5507812
3alt,2.92,2.7636719
1rnm,3.07,3.2363281
4cjq,3.59,3.6992188
4ovh,4.85,5.0585938
5c2a,8.32,8.3046875
1moq,3.46,3.2558594
4q3t,6.48,6.5429688
1tys,5.49,6.1289062
4i9h,7.17,6.7578125
4fsl,7.7,8.1953125
4gki,4.46,4.3945312
1qaw,5.12,5.1171875
1o86,9.57,8.6796875
1det,4.3,4.2226562
1jyq,8.7,8.2265625
3wvm,5.71,5.8007812
4zo5,9.82,9.3828125
4mc9,9.44,8.7421875
4nwc,5.76,5.84375
3cj5,6.34,6.5625
1ugx,5.91,6.1757812
3gy2,5.74,5.4101562
4kmz,8.57,9.0078125
4lrr,5.22,5.5703125
2i6b,7.17,7.2734375
4ufj,4.28,4.6445312
4ayp,6.12,5.9414062
3pju,4.88,4.7734375
3q2j,4.18,4.2304688
3g2i,4.86,4.3164062
4ceb,2.97,3.1679688
3suw,4.7,4.875
4i74,6.72,6.7617188
2ojj,8.7,8.6875
4kx8,7.13,7.0273438
3c79,7.2,7.4140625
4xaq,7.14,7.3398438
2f81,10.52,9.90625
4qgi,3.9,4.0078125
1pzo,3.32,3.953125
4iue,6.55,6.7617188
1atr,6.96,7.1328125
2h4k,5.49,5.984375
2v8w,6.82,7.0507812
5aol,2.32,2.5820312
1d4l,8.77,8.8359375
1x8t,7.8,7.734375
1ew8,2.26,2.75
4fev,5.42,5.1328125
4r4o,5.82,6.0429688
4ih6,4.74,4.9921875
3da9,5.51,6.2929688
2vrj,6.3,6.40625
1m0b,8.82,9.2734375
2fqx,7.15,7.2226562
2eum,6.7,6.6054688
3tfn,6.57,7.2148438
1b6l,8.3,8.453125
4gzx,3.19,3.5527344
1qbq,8.3,8.6328125
1if8,9.64,10.8125
4cws,7.92,8.0078125
4l19,6.1,6.4335938
3hky,7.1,7.0078125
4omc,10.78,11.203125
4riv,7.0,7.6601562
4uof,4.84,5.1875
1fh9,6.43,6.671875
1utn,3.49,3.2734375
5dit,6.15,6.1015625
4f6w,7.52,7.3984375
4gny,4.22,4.3203125
2qta,5.76,5.09375
2zft,6.52,7.1132812
3f3u,4.74,5.140625
4abf,4.62,5.0859375
4j48,5.62,5.4140625
1izi,6.59,6.7734375
4qhc,6.7,6.546875
4fnn,7.57,7.078125
3gtc,2.35,2.6191406
1fzj,8.1,8.1171875
4o0b,8.3,8.1484375
1kuk,3.91,4.15625
3pcf,6.05,6.3671875
3qfz,3.24,2.9980469
1k1j,7.55,7.6484375
4zji,6.47,6.8476562
1k6c,7.48,7.78125
3hkt,5.39,5.640625
3pb8,5.24,5.6796875
1yq7,7.09,7.2265625
2r0h,3.51,3.2460938
4ayu,4.73,5.2460938
1a8i,5.52,5.3984375
1g7f,5.47,5.7890625
1gyx,2.48,2.4023438
4b35,2.89,3.2636719
1wvj,6.73,6.8710938
4azb,7.24,7.2773438
3nhi,8.43,8.109375
1c5t,4.1,3.9492188
4i9u,3.86,4.2421875
3rz5,7.89,7.7539062
3l4x,6.89,7.1015625
3k8c,2.92,2.9765625
2x95,4.95,5.2929688
2qfu,4.18,4.5039062
2j7d,7.13,7.4335938
4ymb,6.21,6.46875
1w13,8.7,9.421875
1cet,2.89,2.5117188
3tao,5.14,5.3320312
3fhb,5.7,6.1992188
4kif,4.84,4.3671875
1hee,5.34,6.0976562
3fh7,7.6,7.6875
3g0e,7.7,7.671875
3iog,5.52,5.7890625
4tpw,4.69,4.6210938
2fzk,3.6,3.9765625
3uj9,4.63,4.6757812
1d4p,6.3,6.6601562
1n3i,8.89,9.421875
3i4y,7.05,6.9570312
1zge,7.3,7.8046875
2dw7,4.7,5.0
3nw3,6.49,6.796875
2v2h,3.77,4.0507812
3bqc,5.73,5.8046875
4hdp,7.51,7.4375
4i8n,4.46,4.7773438
4xas,6.59,6.9804688
1c1u,8.25,8.609375
3s8n,6.21,6.8984375
2aac,2.22,2.0039062
3a1c,4.0,4.4257812
3hek,8.27,7.7421875
2wed,6.1,6.1132812
3hl5,4.47,4.5429688
2yme,7.66,7.2421875
3l7a,4.33,4.3125
4rj8,7.77,7.875
4hp0,6.12,5.6132812
2vmc,2.94,2.4199219
3sym,4.57,4.6132812
3r5t,8.58,8.9140625
1k6v,6.92,6.625
1xjd,9.48,9.4921875
3jdw,3.6,3.4335938
4q81,3.02,3.625
3b3w,4.19,4.2109375
3dp4,7.37,7.0664062
1k21,8.38,8.109375
2nn1,5.82,5.9179688
1hi5,4.04,4.1835938
2qdt,5.19,5.5820312
4m2r,8.49,8.375
4i7l,3.99,3.953125
4arw,7.13,7.7070312
3c84,7.85,8.0703125
1mq5,9.0,8.7734375
4keq,3.82,4.2070312
1hbv,6.37,5.9726562
2usn,6.51,6.3789062
2oxy,6.52,6.7734375
3n7o,7.14,7.4101562
4rww,5.85,6.2734375
4kqp,6.05,5.7929688
2pfy,6.52,6.328125
2j7e,7.32,7.2460938
2w8j,2.96,3.3945312
5aoj,4.68,4.671875
3kdd,8.46,8.40625
3egt,8.9,8.828125
4br3,5.72,5.9804688
2evl,6.7,6.6679688
4qjx,7.28,7.5742188
1o2z,6.11,6.359375
3k1j,6.4,6.5273438
1kpm,5.8,6.1445312
3lpi,8.52,8.984375
1sh9,6.03,6.0820312
3m6r,7.49,8.0703125
1b6k,8.74,8.5859375
1e5j,4.0,4.4140625
5btx,3.55,4.0117188
1b5h,6.01,6.03125
3hub,8.09,8.21875
2vj8,8.7,8.3671875
3vhd,9.28,9.6875
3dc3,8.31,8.0390625
4nxu,5.54,5.765625
1qbs,9.47,9.125
1l8g,6.22,6.2226562
1rjk,10.0,10.3984375
3bl1,5.6,6.1367188
2qpu,3.6,3.7324219
2qd7,9.1,8.8359375
4rra,4.87,5.4335938
4ejl,5.14,5.3632812
4dq2,7.52,6.859375
4nue,6.82,7.1367188
3pce,2.0,2.5195312
1w7g,5.1,5.2734375
2wyj,9.0,8.5390625
2avs,7.57,7.7421875
2vqt,6.0,6.015625
3t09,3.8,3.8867188
3p7i,7.7,7.8554688
3ibn,7.61,8.703125
4qrh,5.15,5.0546875
1xka,6.88,7.1484375
1m1b,4.66,4.9960938
3iue,5.82,6.2382812
2ewb,6.1,6.2890625
2gsu,3.59,3.6582031
2uxz,8.48,8.078125
2vc9,8.44,8.328125
3kgq,2.3,2.9980469
1gfy,5.08,5.3945312
2rio,4.69,4.9882812
2i80,5.4,6.1914062
1ie9,10.19,9.59375
2p3b,8.48,8.3515625
4zzy,5.6,6.0039062
2qi0,7.38,7.6289062
3zi0,7.4,7.3085938
1j16,3.84,3.7128906
2ewa,7.94,8.15625
2fmb,8.7,8.4140625
4i8x,2.64,2.7011719
4rux,7.92,8.890625
2fzc,2.7,3.4042969
3gx0,3.48,3.3710938
4jym,5.04,4.9648438
3bvb,5.49,5.015625
1zpa,8.4,7.828125
3ebl,6.3,6.2890625
4gah,6.1,6.5859375
2wkz,8.77,9.46875
4u8w,11.24,10.5546875
3f16,8.23,8.921875
1m7i,5.4,5.140625
4cjr,3.1,3.7285156
1zfk,7.92,8.21875
4qf9,4.43,4.6132812
3lpk,9.1,8.96875
1ppm,5.8,5.5742188
3f19,7.19,7.0351562
1g4o,8.25,8.9765625
1o2n,6.09,6.234375
1m4h,9.52,8.0234375
1lan,7.22,7.1679688
2fx6,3.7,3.9472656
1afl,6.28,6.9648438
4wkp,9.55,10.09375
2x0y,4.6,4.4882812
1ucn,5.22,5.6210938
3ovn,2.55,2.8359375
2vt3,4.15,4.0742188
4der,6.31,6.4492188
4ynb,10.37,9.9921875
2tpi,4.31,4.9453125
4q1w,11.7,12.3828125
4xxh,5.0,5.4140625
4pg9,7.8,6.9179688
4c2v,9.0,9.1796875
1drk,6.82,6.6757812
3u93,6.31,6.3828125
1k27,9.0,8.8359375
4rlt,4.96,5.3867188
4i3z,4.29,4.6132812
4wn5,7.41,7.6367188
3nuj,9.39,9.1875
2r58,2.0,2.1191406
4qfn,4.12,3.3300781
1nt1,8.89,9.4375
3rt8,6.35,5.9023438
1dar,4.96,5.109375
3gkz,8.0,7.859375
3rv4,2.3,2.9609375
3cyw,7.77,7.5507812
3v2p,6.36,6.0859375
1v2u,3.37,3.1425781
4gqr,3.96,4.4375
1xh4,7.47,7.9960938
3eb1,4.79,4.9414062
2hzy,7.39,7.5585938
3vx3,7.82,7.3359375
3str,8.4,8.296875
5dgu,11.35,12.28125
3s9t,6.82,7.2695312
4oag,6.3,6.234375
4w52,3.76,4.1640625
1f4g,6.48,6.4453125
2qrk,4.26,4.3867188
3gy7,4.52,4.6796875
1bwb,8.42,9.234375
2a5c,4.62,4.5117188
1f0t,6.0,5.6484375
2f35,5.4,5.8046875
1kyv,5.92,6.4179688
3sfg,6.06,5.859375
1xhy,6.18,6.2851562
1kui,3.77,3.3574219
3lbj,4.96,5.265625
4iie,2.34,2.3964844
4ye3,8.37,8.5546875
3pwk,3.35,3.1972656
2b9a,8.05,8.0390625
1bn3,9.89,10.2890625
2zxg,8.82,9.109375
3t0b,4.3,4.359375
2afw,4.77,5.296875
1jcx,5.15,5.0039062
2h3e,5.7,5.734375
4u5o,2.42,2.703125
2wqp,5.51,5.765625
1qji,4.85,5.4726562
4h81,5.12,5.109375
3h78,4.24,4.515625
2qd8,9.07,8.859375
1kzn,8.92,8.921875
1hk4,5.31,5.6679688
4xty,9.21,9.9453125
2ydt,5.52,5.8125
4x48,6.77,6.5234375
4do5,5.83,5.625
5bry,11.82,11.3671875
4ish,8.72,8.75
4g8m,7.89,7.625
1xow,9.28,10.0
4mre,2.19,2.1074219
3ny3,4.71,4.2851562
4llk,3.0,2.6894531
3hzk,6.7,6.3242188
4av5,7.21,7.625
3rz7,8.96,7.828125
4xmr,4.07,3.8691406
3g2k,4.79,4.6289062
2o4k,10.46,10.109375
1fh7,5.24,4.765625
2hf8,5.47,6.265625
3ujd,4.69,4.921875
4v01,8.11,8.3046875
2oym,5.0,5.09375
4lhv,10.0,9.140625
3ms9,5.22,5.2929688
2iw4,9.3,9.5390625
2ans,5.92,6.15625
3s5y,7.41,6.953125
2cc7,8.01,7.9335938
2f80,8.18,7.984375
3ao5,2.23,1.7753906
1ajx,7.91,7.6328125
1gu1,4.52,4.7695312
2pyn,7.57,8.2578125
1nfu,7.74,8.40625
3d78,7.64,7.6171875
4e1k,6.3,6.765625
1i9p,8.41,8.4296875
4tqn,6.11,6.2890625
1hps,9.22,9.3203125
3uil,6.0,5.8320312
2jds,8.2,7.9414062
4q7w,2.64,3.140625
1gj6,7.0,6.6875
3f68,5.06,5.1289062
1t31,8.64,8.1171875
3nex,6.0,6.1445312
4n6z,7.8,7.3789062
3ffp,7.14,7.2734375
2jke,4.23,4.7265625
1f0u,7.16,7.171875
4b5w,3.33,3.7421875
2bt9,6.19,5.9921875
2wzf,7.0,6.8242188
4r0a,4.26,4.4375
3sue,9.08,9.2265625
4poh,8.0,8.1640625
4y0a,2.31,2.0253906
4bcn,7.92,7.453125
4igt,7.89,8.0546875
3r6u,4.52,4.1640625
4zb6,6.28,6.3671875
3lzz,3.84,3.7011719
1lrh,6.82,6.3945312
4z1e,8.24,7.9335938
1xug,7.05,7.5742188
1sr7,10.1,9.28125
2w7y,6.08,6.4726562
3ibu,9.15,8.5625
4q9y,5.68,5.546875
4b74,7.66,8.4375
3wq5,3.85,3.96875
1kjr,6.06,6.3515625
2clh,4.06,4.4648438
4ual,8.4,7.9609375
1fcy,8.52,8.7265625
1cgl,6.87,7.2109375
1c84,5.0,5.4296875
2i0a,11.4,11.0859375
1ajq,4.31,4.2382812
2vvc,8.52,8.2578125
3ozp,6.62,6.7304688
4azi,7.45,7.875
4i72,9.05,9.4375
4xe1,7.11,7.609375
3c2o,3.35,2.9550781
1gi4,7.19,7.4140625
1c1r,7.63,7.8242188
3l4y,7.0,6.4921875
2vh6,9.7,9.28125
1zs0,6.15,5.75
1fh8,6.89,6.1171875
1toj,3.39,3.5664062
1utm,3.01,3.0390625
2h4g,6.52,6.8476562
1xh5,5.47,5.2773438
3rdv,4.91,5.171875
1i9o,8.42,8.96875
3td4,5.66,5.6328125
2j27,3.52,3.5527344
1o5g,4.96,4.8945312
3p9l,5.3,5.4140625
2aog,6.28,6.03125
3ts4,8.72,8.8125
3wq6,4.59,4.7773438
2h6t,7.22,7.4375
2p3a,7.96,8.6640625
3mhm,7.0,7.0234375
4mmp,7.71,7.875
2pmk,5.92,6.0234375
3qx5,4.2,4.9921875
1nfw,8.96,9.0390625
3umq,4.62,5.09375
3qtv,4.65,5.2734375
3v7t,7.21,6.6367188
3fql,7.15,6.8984375
2xm1,5.07,4.421875
4ljh,4.71,4.8398438
4ymq,5.8,6.015625
3zdv,5.48,5.5898438
3qqa,5.82,6.3046875
3pgl,5.3,5.5078125
1mrn,4.52,4.1367188
1tmn,7.3,7.796875
5dgw,11.05,10.640625
1yda,6.55,7.2382812
1hp5,6.55,6.5742188
3bkk,6.08,6.4375
1iih,2.89,2.7597656
3lp4,4.88,4.6289062
3p8n,9.28,9.546875
2ogy,4.48,4.7773438
3o5x,5.28,5.1953125
3gus,6.05,5.6210938
2pcp,8.7,8.46875
4dds,5.01,4.8515625
4rpn,6.96,6.8789062
3kmx,4.82,4.7265625
1lee,7.74,8.03125
3jzj,3.61,3.8203125
3qw5,6.45,6.5039062
2p09,6.35,6.1601562
1ejn,5.62,5.140625
3p4v,5.1,4.7109375
4pin,5.4,5.4609375
2e92,6.89,6.4960938
3v7x,8.57,8.2109375
1jgl,8.7,8.109375
4unp,3.23,2.9453125
1h4w,4.66,4.265625
4rlu,4.82,4.96875
2xc4,8.05,8.1640625
4baq,9.01,9.046875
3p17,4.48,4.1757812
4x5q,9.0,9.515625
4bqg,6.22,6.1757812
1fpc,7.0,7.6484375
3lc3,5.23,5.2421875
4kwg,6.0,5.4257812
3obu,4.3,4.4296875
4i7k,3.04,2.9902344
4mo4,4.22,4.15625
3gxy,5.59,5.46875
2g94,9.52,10.8828125
3su5,5.58,5.7929688
2r43,6.0,6.3984375
4b33,3.37,3.4472656
1gaf,8.0,7.8007812
4j46,5.28,5.515625
1b7h,8.02,7.6640625
3npc,8.34,8.4921875
2wl0,7.8,7.6835938
4bco,6.88,7.2929688
3pwm,9.1,9.375
4u0w,3.0,3.4882812
4wrb,6.19,5.6914062
5a2i,5.06,5.0039062
4q1y,10.35,11.09375
3wtl,7.04,6.6992188
4oeu,7.66,7.5664062
3s76,5.05,5.546875
2std,9.85,9.53125
4i7j,3.32,3.6953125
4q4s,6.95,7.2773438
1lvu,5.32,5.2851562
4w9f,5.49,5.3515625
1tok,2.47,2.0839844
4ipj,4.87,4.796875
4iva,7.16,7.6328125
4zec,5.82,5.75
1m0q,3.89,3.9433594
3dln,6.6,6.7460938
2vnt,8.0,7.3828125
1bv7,10.3,9.9765625
2oc2,8.52,8.6328125
2nmz,8.37,8.171875
2qg0,5.72,5.5390625
3su2,7.35,7.3710938
2ccc,7.76,7.234375
4yrd,4.57,4.4726562
4knm,8.0,7.9375
2ez7,4.36,4.6367188
4kzb,2.89,2.7363281
2fqo,6.43,6.140625
2qrm,4.03,4.4179688
2bpv,7.67,7.71875
1br6,3.22,3.0117188
3bft,6.49,6.21875
2j2u,7.33,7.140625
2wej,6.08,6.6015625
3d83,8.36,8.3671875
3l59,3.7,3.3945312
4lov,7.77,7.5703125
4gue,5.24,5.2226562
4ddy,5.62,5.7304688
2am4,3.72,4.2460938
4ryd,11.26,11.9375
3d91,9.15,9.875
3ckb,2.98,3.1054688
3lcu,3.52,3.3886719
1gcz,5.13,5.0234375
4xu2,9.23,10.234375
184l,4.72,4.9023438
2d1o,7.7,8.03125
2y81,8.7,8.8828125
4jpx,5.15,5.0078125
3hig,7.89,7.9570312
4pnu,4.89,4.59375
3s9e,5.13,4.9570312
2f94,6.71,7.5195312
3bf1,2.52,2.8945312
3pfp,6.44,7.0351562
3elc,2.69,2.5703125
4gqq,2.89,2.7050781
1wcq,6.26,6.3242188
2pk6,10.89,10.515625
2yz3,6.66,7.2734375
5c5t,3.13,3.2402344
4zx1,6.14,6.2734375
3rux,9.28,8.9609375
1fao,7.37,8.15625
4n3l,7.0,6.9882812
1sqt,6.2,6.0117188
4zvi,6.33,6.6796875
4b5t,3.33,3.4707031
3u15,7.11,7.46875
3djx,2.81,2.8710938
3ekt,10.59,11.8671875
2j7g,7.0,6.6445312
3tif,5.38,5.703125
3qyy,5.08,5.234375
1gvx,7.22,7.9296875
4qge,9.3,8.703125
4nyf,7.31,6.3515625
1iiq,7.48,7.5859375
4ua8,6.26,5.9023438
1jmf,5.77,6.265625
4a6s,5.2,5.8046875
3m3o,3.6,3.8515625
4abe,3.4,2.625
1d6w,5.96,6.1757812
1r0p,8.0,8.1953125
1e1x,5.89,5.8828125
3aau,5.05,5.3359375
3n3j,8.48,8.90625
4lxz,6.74,7.6171875
4e3g,4.97,5.4140625
3miy,7.68,8.25
3f33,3.34,2.6894531
3hfb,7.52,7.6835938
2i4z,5.7,5.796875
2rfh,6.82,6.9335938
4abd,4.4,4.4570312
1onz,5.1,5.1015625
1nny,7.66,7.2421875
1o35,5.0,5.1289062
2qwe,7.48,7.90625
1w9u,6.09,6.609375
1nz7,7.12,7.0859375
4cr5,4.15,4.0039062
3juk,4.89,5.0234375
2f7o,7.44,7.3164062
5amg,8.22,8.671875
4i5c,8.82,9.7109375
3f8e,7.23,7.6679688
4oak,4.22,3.9316406
5egm,8.62,8.5390625
3fee,6.64,6.484375
2r59,8.19,8.2578125
3ekr,7.52,7.828125
5e2p,8.8,8.484375
3hkn,5.35,5.703125
4q7p,4.32,4.3867188
1hsh,9.42,9.7578125
2q7y,4.3,4.2148438
2r3t,5.85,5.8671875
4zme,4.3,4.1132812
1ql7,5.0,4.9765625
4lm4,3.04,3.1855469
7std,10.72,10.7578125
4acc,7.7,7.7539062
1fq5,8.4,8.1640625
1ctt,4.52,4.3945312
4llp,4.8,5.1328125
2qi1,7.3,7.2539062
3d2e,6.42,6.4101562
3m35,7.22,7.3671875
4mdn,6.22,6.5234375
2wyf,4.43,4.5859375
3hll,8.24,7.7773438
3mam,4.12,4.1757812
4xir,6.94,7.3710938
2cle,3.55,3.9746094
3qto,4.13,4.3085938
3v2q,6.29,6.5664062
1hos,8.55,9.5078125
2pnc,3.33,3.7070312
3rdo,9.85,9.90625
4ndu,2.74,3.0410156
1k4g,5.85,5.9648438
1ghv,4.35,4.5664062
2hmv,7.7,7.9609375
2qwb,2.74,2.1972656
3m5e,7.37,8.359375
4tln,3.72,3.9921875
4gii,8.74,8.703125
3gcp,7.82,7.765625
3rv8,4.92,5.1171875
1mai,6.68,6.8398438
4lko,8.22,8.328125
4ge1,6.43,6.1835938
1c86,4.7,4.8203125
1w3k,4.3,4.3789062
3rz0,7.55,8.5390625
3qx8,2.86,3.0214844
4u6z,5.41,5.7265625
4n7u,6.29,6.9726562
456c,9.77,9.421875
3p9m,5.0,4.5273438
3p8o,8.72,8.3203125
1qb1,6.77,6.5703125
4jv8,5.85,5.9570312
5cjf,9.59,9.4609375
1igb,6.4,6.0234375
3sur,4.15,3.8417969
4bks,3.82,3.0
1yp9,5.11,5.34375
2vpe,4.94,4.7890625
1oau,7.7,7.4765625
1n5r,5.66,5.3554688
2xm2,4.62,3.7714844
3sxf,8.6,8.3046875
2ihq,8.49,7.9101562
4zeb,6.52,5.8789062
3t70,6.3,5.9570312
1o2w,5.85,6.0
4qsu,2.0,2.1972656
4rfd,8.05,8.015625
1njs,7.82,7.7226562
4b3b,3.6,3.2226562
1ec2,10.0,10.078125
4de5,3.15,2.3925781
3lea,9.1,9.21875
3gsm,6.48,6.2109375
3ekp,8.89,8.953125
1ezq,9.05,8.84375
3ohi,4.85,4.8789062
1o2r,5.21,4.5820312
1pme,9.4,9.1015625
1gwv,2.57,2.0371094
3t0d,2.37,2.4980469
2bvr,3.7,3.5019531
1e3g,9.0,8.890625
4aji,3.55,3.3652344
4nxv,5.42,5.6523438
3mho,6.49,6.09375
4x50,7.75,7.2929688
3ery,5.66,6.0039062
2aqu,9.32,8.53125
3gpo,5.3,4.6992188
2qci,8.34,8.265625
1gar,10.0,10.015625
1q54,5.85,6.2851562
2ypo,4.68,4.4257812
4aia,3.66,3.2792969
4do4,7.29,6.9804688
2j4g,6.6,6.2148438
1mu8,9.0,8.75
2i4v,11.2,10.734375
1fkh,8.15,8.40625
2o4r,9.4,9.4453125
2xj1,7.55,7.3164062
1b3h,6.21,6.3046875
3b2q,4.55,4.5859375
2wc3,6.08,6.375
3iss,6.05,5.9257812
2hnc,7.22,6.7773438
1adl,5.36,5.2226562
3q44,6.31,6.1796875
3m3e,4.43,4.5195312
3dx3,6.52,5.859375
3qps,5.6,5.2265625
4yo8,10.52,11.375
4zzz,7.06,7.140625
4gj3,8.85,8.6953125
1kzk,10.39,9.2265625
3ewj,6.84,6.7070312
1qb9,7.44,7.4179688
4oc1,6.6,5.953125
3zi8,5.66,5.2148438
3gi6,11.22,10.6953125
4o05,7.43,7.359375
1ado,6.0,6.546875
3ove,6.57,6.5820312
2cht,5.52,5.078125
4oc2,8.28,7.7304688
3s71,8.64,7.8359375
3fk1,2.62,2.3007812
3s45,8.49,9.0234375
2za5,8.43,7.796875
4m6u,2.74,2.4824219
1d4y,11.1,10.4375
1usn,7.74,7.4882812
3cf8,4.9,5.2265625
2qzr,7.26,6.6640625
4omj,5.26,5.4335938
4qev,7.66,7.3046875
3o9p,6.52,6.359375
3tz0,5.04,5.3867188
3ok9,11.23,10.78125
3s8x,7.3,6.5507812
2xyf,8.44,7.6445312
3cj2,4.85,4.9140625
3kek,8.36,8.3515625
1bnv,8.77,7.7539062
4nj9,6.97,6.6796875
1f5l,5.28,5.2421875
4lvt,10.36,10.3125
5boj,7.0,6.7890625
2v57,7.1,6.7890625
3v51,8.55,8.2421875
1nje,3.8,3.2109375
4exs,4.41,4.09375
4qpl,7.41,7.4570312
4fz3,3.73,3.3984375
1epo,7.96,7.71875
3c8a,6.18,5.9414062
966c,7.64,7.5351562
3h89,7.64,7.7226562
2jkp,4.23,3.9824219
2ctc,3.89,3.8339844
3wha,9.32,8.8359375
1ctu,11.92,10.8515625
4gih,8.32,8.3203125
4mc1,7.85,8.0078125
4q4o,7.46,7.453125
4ibd,3.67,3.5957031
4aq4,6.17,6.28125
4jne,5.86,5.2890625
4e9u,5.82,5.8320312
1y0l,9.0,8.984375
1vyf,8.05,7.3867188
4y2q,2.92,3.515625
3c4h,5.7,4.5664062
2qnn,7.15,7.203125
1d4i,8.85,9.1171875
2w47,4.98,5.3476562
2i2b,2.44,2.34375
5cc2,4.1,4.8671875
2g5u,8.49,8.6875
3l7d,2.18,1.90625
3moe,4.3,4.5117188
1jak,5.57,5.3710938
1ndv,5.92,6.0546875
1qyg,6.85,7.0703125
1uw6,7.34,7.4453125
4s1g,9.22,9.0625
1g7g,6.6,6.8085938
4cl6,5.39,5.6757812
3v78,5.54,5.6953125
3d7b,3.69,3.7558594
4hdb,8.05,7.8125
3exh,4.88,5.4296875
1ew9,3.22,3.5878906
4k7i,2.82,2.5214844
4q4r,6.43,6.0585938
3i9g,8.96,8.6875
2iuz,5.55,5.7304688
1oif,7.72,7.1328125
4pyy,7.23,6.6835938
2haw,4.92,4.4648438
3eeb,5.89,5.9804688
4cwf,4.49,4.53125
4ad3,4.62,4.7617188
3f7i,7.34,7.9609375
4ezz,5.19,5.46875
4ql1,7.03,7.3945312
3qxv,8.4,8.53125
3cyz,7.22,8.1796875
3b26,6.64,7.1796875
3mmf,7.43,6.4023438
1y3p,4.82,4.875
3zns,7.41,7.6640625
1kdk,9.05,9.171875
2gz2,5.22,5.0273438
4mss,6.4,6.5546875
4lj8,5.82,5.9648438
1g3e,5.38,5.8164062
4kxb,4.12,4.3164062
1ws1,9.55,9.1328125
2pwr,6.59,6.296875
2o4s,10.51,10.59375
3el9,8.4,8.9140625
1ols,5.82,5.5703125
3vjc,7.72,7.4101562
4tim,2.16,2.1679688
3ai8,3.81,4.0742188
3i4b,8.15,8.6953125
1lgw,4.0,3.8085938
4hla,10.8,11.1796875
1mrs,3.96,4.0742188
4o6w,8.52,8.21875
1i9m,8.48,8.1796875
5upj,7.12,7.6601562
3vf5,9.34,8.6484375
2bqv,8.05,8.515625
3ama,6.53,6.46875
3zj6,6.66,6.5546875
1hvr,9.51,9.6171875
2gv6,7.34,7.3984375
4ufk,3.89,3.9257812
2pu2,4.43,4.4296875
3cd5,7.9,7.5625
2wk6,3.32,2.8828125
4o9w,7.16,6.90625
3qx9,4.05,4.3085938
3nq3,3.78,3.7597656
1xbo,6.04,6.625
1ec0,8.49,9.90625
2r75,6.15,6.15625
3i73,5.49,5.53125
4w97,7.1,6.9453125
4xt2,7.15,7.8632812
4mnp,7.34,7.2851562
3r4m,5.92,5.9726562
5aoi,3.03,3.0332031
3hzv,6.52,7.125
4d4d,5.96,5.3359375
2vk2,6.89,6.8242188
3cs7,10.68,9.6953125
3fvl,6.07,6.59375
3kku,5.7,6.2304688
3t60,6.7,6.9179688
3t84,6.97,6.3710938
4ahs,2.19,2.0683594
3gss,5.82,5.6992188
3zv7,5.92,6.109375
3aho,7.05,6.9570312
2wb5,9.13,8.9296875
1c5q,6.36,5.75
2w26,9.4,10.1171875
3pcn,3.66,3.734375
4ks4,7.14,6.7539062
3qaa,11.54,10.4140625
3rt4,8.8,8.3515625
2v2v,4.07,4.2070312
4o0a,6.72,6.4960938
4x6n,8.82,8.671875
4cg9,6.21,7.1523438
1s89,5.24,5.3632812
2vl4,6.01,5.2304688
4p6c,4.0,4.2773438
2v95,8.3,7.9296875
3nu9,9.05,8.9375
1f3e,6.7,6.6132812
4qjm,8.17,7.96875
2rk8,3.64,3.8378906
1fkn,8.8,8.5078125
4je7,6.4,6.9140625
3djp,4.2,4.5078125
4jx9,8.62,8.8515625
4erf,9.4,9.4140625
2ybu,6.38,6.6445312
4k3n,7.96,7.7460938
3d0e,8.4,8.0625
4f6u,6.15,6.078125
3nzk,9.27,9.0234375
3vha,7.4,7.2773438
1nw7,5.09,5.2148438
3f48,6.29,5.2539062
1e6s,3.22,2.921875
2gl0,4.82,4.6757812
1q8w,5.24,5.9921875
2xht,5.96,6.3242188
1bxo,10.0,10.3671875
1c88,5.29,5.5625
1fkf,9.4,9.359375
3ioe,3.27,3.2617188
1s39,7.7,6.859375
2x7u,5.27,4.6679688
4c1t,7.15,6.7851562
2idw,8.89,9.46875
4np9,5.03,5.3046875
1z1h,8.4,8.7109375
3f5j,4.28,4.9179688
3i7e,10.85,10.171875
1e4h,8.41,8.1640625
4qxq,5.7,5.9765625
1utj,3.84,3.7441406
4iif,5.18,5.1796875
3lmk,5.94,6.125
1d4j,8.36,8.8046875
1bty,4.74,5.5898438
3rz8,8.17,8.6640625
3lzu,10.06,9.8125
2gv7,7.85,7.609375
1met,9.4,9.3125
1ecq,3.0,2.7558594
1uz4,3.4,2.9765625
1y1z,3.08,3.4628906
4ha5,7.24,7.8554688
5cqu,6.54,6.7460938
1gjd,5.22,5.5039062
4pfu,6.17,6.4335938
1bnw,9.08,9.28125
5azf,4.44,4.5039062
3iub,4.54,4.9570312
3pcg,2.3,2.6464844
2xej,8.87,10.234375
3wjw,3.87,4.390625
2nsj,4.79,4.9726562
3gi4,10.8,10.21875
2vmd,3.02,2.8515625
3drg,7.0,7.421875
4mhy,6.47,6.7148438
1g48,8.41,8.3359375
4r73,7.64,7.4765625
3g2l,3.87,4.3203125
2qpq,6.37,5.3867188
1ela,6.36,6.828125
3ikg,7.24,7.734375
3rdq,9.31,8.8671875
1jev,6.89,6.390625
3veh,4.96,5.6484375
1igj,10.0,9.5
1bju,4.8,4.6875
3s0b,6.49,6.8632812
1yc4,6.55,6.609375
4a6c,7.92,8.25
3ioc,3.68,3.5605469
3wtn,7.04,7.1328125
4wko,9.47,9.9921875
4cd4,6.58,7.140625
2j7f,6.35,6.71875
4pge,7.77,8.5390625
4asd,9.28,8.875
3mz6,7.2,7.515625
1uz8,4.96,5.1757812
3ehx,7.6,8.2109375
3ldq,5.36,5.4257812
3ip6,6.6,6.9804688
3p5l,7.39,7.9023438
3e12,5.99,5.6796875
4lm1,3.23,3.3398438
3g0i,3.6,4.0234375
4ymh,6.46,6.6132812
1pxp,6.66,6.7539062
4daf,7.12,7.0390625
3p8z,6.09,6.6015625
3f70,4.85,4.6132812
4h85,5.15,4.9726562
3lpl,5.62,5.015625
2vwm,7.03,6.7382812
4mjo,6.22,6.0195312
4ymx,7.1,6.8320312
6std,8.64,8.703125
1uwf,6.82,7.4726562
1hpx,11.26,11.4609375
4fxq,5.77,6.3085938
1g85,5.48,5.765625
4oma,4.17,4.6914062
4llj,3.42,3.9023438
3gs6,6.59,6.9296875
3o9e,11.3,11.046875
1nl9,5.96,5.7304688
3vfb,9.04,8.6484375
4j7e,4.85,4.8632812
1f4x,5.59,5.9140625
3ta0,3.47,3.8984375
3sut,7.85,8.1953125
2ha5,4.34,4.8671875
4f9u,6.03,6.7070312
3oaf,8.8,9.1328125
3f34,3.16,2.8398438
3kr4,7.6,8.0703125
4r76,7.85,8.3671875
3buf,3.1,3.1035156
2xjg,7.82,7.6171875
4b2l,3.24,3.296875
3bva,6.52,6.4765625
2yxj,9.3,9.7109375
3s73,8.7,8.234375
2e91,6.59,6.5
3mfv,2.52,2.6679688
3nox,8.66,8.59375
3usx,5.02,5.4765625
1phw,3.3,3.5761719
2aoe,7.62,7.5
4f3k,10.16,9.8125
3tfu,3.28,4.1054688
1v2w,4.01,4.2421875
4l9i,4.89,4.9140625
4uac,6.54,6.78125
2cej,8.62,9.1953125
1xq0,6.34,7.03125
2rin,4.0,4.046875
4q19,8.05,8.453125
3ao1,2.26,1.953125
3o5n,4.76,4.8359375
3a1d,4.12,3.8105469
3h1x,5.89,6.4140625
1jao,5.92,6.3867188
2r5a,2.6,2.8730469
3n8k,4.05,3.9550781
2xyd,6.82,8.109375
4jfk,6.44,6.6132812
4jal,4.6,4.6757812
3hx3,8.0,8.4296875
1n8v,6.03,6.1054688
2x2r,7.12,6.9179688
2qw1,3.9,4.1015625
1oxr,5.19,5.046875
2p3i,3.48,3.5761719
4cwp,6.77,6.9257812
4u43,4.32,4.4335938
1hxb,9.92,10.359375
1jqy,4.92,5.4609375
4qfp,4.23,4.4804688
2w5g,6.07,5.6054688
3t82,7.0,6.9804688
1b38,6.6,6.7382812
2zgx,6.74,7.03125
4u73,5.18,4.8046875
1hvk,10.96,11.8984375
3evd,6.91,7.671875
4az5,5.99,6.0039062
3qox,6.57,6.4804688
3f8f,6.63,6.875
2r9x,4.85,4.84375
1h2t,7.89,7.2148438
4i8z,11.05,11.484375
3slz,6.99,7.7265625
2hah,8.0,7.9296875
2r38,7.44,7.4726562
4lm0,3.25,3.421875
3hww,7.12,7.171875
4q93,4.65,5.0703125
2v25,5.72,6.3398438
3lvw,2.67,3.3398438
3ta1,3.25,3.9921875
3b5j,5.68,5.9140625
3eqr,8.7,8.8203125
4g5f,3.05,2.9726562
4m13,6.7,7.6601562
2rke,4.08,4.625
1px4,3.23,3.8359375
2ydw,7.34,7.640625
1a4r,6.66,6.6015625
2qv7,3.66,3.6835938
3m8u,4.89,4.953125
1ro6,6.46,6.8398438
4kyh,5.92,5.9960938
4nl1,3.89,3.4726562
5efa,4.83,4.875
3zt3,2.86,3.09375
1h1s,8.22,8.2109375
4m12,6.05,6.1640625
2v59,7.74,7.9960938
1hyo,4.07,4.21875
1ebz,9.4,9.1171875
3ljz,8.14,8.28125
3tay,3.38,3.1230469
4jzi,7.4,7.7695312
4lm3,2.92,3.1035156
4q0k,4.87,5.3085938
4b34,3.14,3.515625
3cr5,4.19,4.6289062
4zzx,6.9,6.8398438
1zea,5.22,4.96875
1qf0,7.38,7.1210938
3rbu,9.43,10.125
4c9x,7.32,7.1914062
2qft,5.26,5.34375
1gnn,5.68,6.1601562
2za0,6.64,6.9453125
1xt8,6.85,7.4609375
3rtf,7.35,7.4257812
2xeg,10.7,10.921875
1w4p,4.74,4.9257812
3q1x,5.33,5.421875
3k8q,11.28,11.515625
1pbq,6.27,6.3789062
3ocz,7.46,7.0585938
3kmy,4.49,4.046875
4dkq,6.6,6.296875
4alx,7.28,7.3085938
1w4q,5.26,5.578125
4np2,2.26,2.3164062
3oil,5.68,4.890625
2rd6,8.3,8.53125
2q54,9.01,9.2578125
4x24,9.78,10.2421875
5e1s,7.92,8.1875
1tni,4.0,4.2695312
2i4j,6.16,6.296875
4cpw,7.5,7.1601562
1fkg,8.0,8.453125
3s77,7.21,6.9765625
3t08,3.04,2.8632812
3m37,9.04,9.2265625
4ahr,2.19,2.375
1fki,7.0,7.1328125
4crf,9.3,10.109375
3ip5,6.22,6.546875
2ygf,5.09,5.1914062
1xap,8.7,9.0234375
2g9q,6.4,6.6523438
3sha,5.59,5.5507812
4z93,7.35,7.109375
1sw2,7.22,6.4648438
2dri,6.89,8.0625
4dko,6.52,6.8867188
1ql9,5.35,5.484375
2vvp,3.4,3.7226562
4nh8,8.52,7.8984375
4b7r,9.64,8.1171875
2avo,8.85,9.203125
1v2t,4.71,4.78125
4ffs,10.44,9.34375
2qtg,5.08,5.4140625
2cbz,3.93,3.7148438
4yhq,8.77,9.03125
4f5y,5.43,5.6679688
1wuq,8.27,7.9804688
3ru1,4.85,5.3671875
3kdc,9.28,10.7109375
4qdk,5.85,5.8125
3mhi,6.7,7.4453125
3zll,6.4,6.1953125
4heg,8.92,9.1015625
3rm4,5.77,5.2109375
2xbp,5.02,4.5234375
3n9s,5.26,5.4570312
4fcq,7.0,6.4101562
1nki,6.7,6.4453125
2d3z,6.64,6.59375
1b8o,10.64,11.734375
3ebi,7.1,7.3398438
4zek,5.66,5.28125
3a2o,9.08,9.5234375
4f39,5.7,5.0039062
3fl5,7.28,7.6171875
1f4e,2.96,2.8945312
4u71,5.22,5.2734375
1qk4,4.21,3.7089844
4qy3,6.82,7.15625
2nsl,4.68,4.9101562
1ssq,6.0,5.390625
2p4j,8.96,9.9453125
3v3q,6.6,6.5585938
4or6,5.31,4.8867188
1a69,5.3,4.6796875
2pql,7.28,7.0351562
1i7z,6.4,6.5
5fl4,7.0,6.4257812
4qsv,2.0,2.0605469
3igp,7.02,6.9960938
2qi4,10.44,10.859375
4dkr,6.52,6.4375
1a9m,6.92,7.0625
1y20,5.32,5.5664062
3bzf,4.52,4.1914062
3m40,6.77,7.0546875
1ttm,7.35,7.21875
2xef,9.84,9.4609375
1hih,8.05,8.1796875
4gql,9.59,9.21875
3g2j,4.75,4.7734375
4o3f,5.56,5.1992188
3gi5,11.22,10.9375
1qy1,6.52,5.9609375
1uho,9.22,8.4765625
3oyq,7.99,7.0976562
4gfo,6.62,6.6640625
1y6q,11.7,9.7578125
1f73,2.39,3.046875
2obf,8.85,9.140625
4z6h,6.21,5.8476562
1sb1,6.89,6.4296875
3ctt,6.35,6.2890625
4h75,6.6,6.7070312
1tng,2.93,2.796875
1lnm,8.7,8.984375
2xab,9.27,9.3515625
3qkd,8.38,7.734375
3ekx,9.41,9.21875
3nht,7.01,7.15625
2wuf,4.29,4.3632812
3fzn,4.01,4.2890625
1k1y,3.22,3.4824219
2arm,7.68,7.3671875
4kao,6.11,5.7890625
4de0,5.89,5.6796875
1i9l,8.48,7.8984375
4cd5,6.71,6.3710938
4l4z,5.68,5.015625
3rlq,7.4,6.7109375
3fjz,4.05,3.9863281
1b3f,6.89,6.203125
4er1,6.62,6.765625
3zyu,7.0,7.0507812
4aoi,8.4,8.2109375
2pwc,6.57,6.4414062
4czs,5.0,5.34375
4bi7,4.58,4.1601562
4ruz,7.64,7.2421875
2wf5,6.0,5.4492188
1j36,7.74,8.140625
4x6m,8.24,7.9140625
3mjl,2.44,2.0996094
2qbu,6.19,5.5351562
5cap,7.28,6.9492188
1pfu,2.72,2.8378906
4qb3,5.47,5.8203125
1w3l,6.28,5.609375
2tmn,5.89,5.3867188
1b0h,6.7,6.2851562
4uye,8.02,7.9453125
4ykk,2.77,2.6367188
4q3u,6.44,6.5742188
4xu0,9.11,8.7890625
2xdx,6.46,6.4375
1lcp,6.64,6.640625
3tu7,8.09,8.0859375
1w9v,6.34,6.15625
2e9u,8.1,8.3125
1o0f,5.3,4.5742188
4oc0,6.5,6.4648438
3c2u,2.9,3.2363281
2qwf,5.67,5.4960938
1mu6,8.38,8.078125
1nwl,2.39,2.3261719
2y5f,8.7,8.3515625
3ljo,6.62,6.3867188
2oxd,6.82,6.4765625
4jsa,4.96,4.8085938
1m7y,10.96,10.6640625
1fcz,9.22,9.4453125
1li2,4.04,3.4648438
4kp8,5.48,5.7695312
4nbl,6.33,6.1835938
2qrl,4.0,3.984375
2on6,6.76,6.6171875
1erb,8.1,8.0546875
3f6g,4.72,4.3320312
2ya6,5.7,5.0976562
2fu8,4.7,4.0664062
2sim,3.42,3.25
3ujb,5.1,5.1640625
4og4,6.02,5.8945312
1qka,5.92,5.703125
1v7a,8.01,8.0234375
3obq,3.54,3.6679688
4ca5,9.39,8.4921875
3pd9,6.22,5.8007812
3njq,4.89,4.984375
3dx4,7.12,6.8828125
1gi7,4.51,4.5273438
1mmr,5.4,5.390625
4tjz,5.97,5.5976562
4btk,6.62,6.3789062
1o38,6.82,6.2539062
4qxr,6.0,6.109375
3bra,2.7,2.7382812
1c70,10.3,10.75
2wec,3.96,3.9472656
4cj4,3.36,3.2089844
3cft,4.19,3.9570312
1q1g,8.57,8.546875
3i6o,10.35,10.3984375
1tuf,4.05,3.6582031
2fgu,9.18,9.8515625
2y8c,6.4,6.1796875
1j01,6.47,6.4375
2vvv,8.22,8.0703125
4mr3,5.94,5.5351562
3o99,10.82,10.3125
1li6,3.8,3.8066406
4n07,6.46,6.1054688
4k9y,6.95,7.1132812
1w3j,6.32,6.6015625
1bn4,9.31,9.2109375
1ele,6.85,6.5703125
2qd6,8.68,8.671875
3ffg,9.08,9.171875
1gnm,6.25,5.9179688
3zyf,4.85,4.78125
3vhc,8.89,8.875
1qin,8.0,7.8046875
1km3,4.91,4.3789062
2i3v,6.55,6.7578125
1w5y,8.48,8.953125
4cd1,4.89,4.9375
3cdb,7.02,6.8554688
4ht2,6.54,5.9609375
1ugp,2.89,2.9316406
4ucc,4.32,4.171875
4bf1,8.62,8.9140625
1h1d,8.22,8.0703125
4cwq,7.06,6.9453125
4hws,9.1,9.4609375
3ifl,8.08,8.171875
1rpj,6.48,6.3515625
1j37,8.96,9.578125
2wos,3.9,3.8320312
3r7o,8.36,8.65625
3el5,7.72,7.8554688
4h3j,7.05,7.2695312
4dsu,2.82,2.3242188
3c2r,3.11,2.6757812
4ibk,4.3,4.28125
1aaq,8.4,8.046875
4k5p,3.46,3.265625
1ebw,9.05,9.171875
2vb8,4.6,4.5234375
4xmb,7.36,6.9921875
3n1c,5.22,5.1953125
4cp5,3.34,3.6660156
4l50,6.06,5.7265625
1gai,8.0,8.390625
4c5d,5.4,5.5390625
1p1o,5.76,5.2695312
1rr6,10.25,10.9375
2wly,6.6,6.9921875
2pyy,4.6,4.9882812
1fjs,9.96,10.578125
4qll,3.38,3.109375
1ivp,7.52,7.4882812
4m3p,5.4,5.1054688
1lyx,4.54,5.578125
4gu9,4.37,4.671875
2gyi,7.0,7.1289062
1q7a,7.19,6.8554688
3hmp,5.49,5.3671875
1gja,5.42,5.2734375
1gi1,5.47,5.265625
3ppp,5.22,4.9414062
4eb8,9.82,11.046875
1q65,5.46,5.0898438
4dsy,4.43,4.2773438
4crl,9.71,10.09375
4qjw,7.8,7.8867188
4yth,8.7,8.984375
3bxg,4.96,5.0546875
4hdf,8.49,8.4765625
3el1,9.64,10.2890625
4zow,4.12,4.4453125
4ahu,2.27,2.2597656
1xkk,8.52,8.71875
3bxe,5.48,5.6445312
3u8j,8.51,7.6171875
2doo,7.17,7.6054688
1wn6,4.68,4.9023438
3zqe,4.23,4.1835938
1o3i,7.3,7.2851562
1ghw,4.2,4.1953125
1srg,5.3,5.1171875
3kyq,4.22,4.2539062
2j4i,9.0,8.2890625
3qlm,6.37,6.515625
3ryy,7.42,6.2890625
4f7v,5.38,5.40625
2vuk,3.9,4.0
3odu,8.14,8.375
4bj8,8.29,8.75
3bwj,6.5,5.9023438
4b8y,8.05,8.0859375
4fk6,9.7,9.2578125
2hxm,5.22,5.3828125
4ih3,4.82,4.8710938
3p3r,7.25,6.8632812
2xde,5.47,5.09375
4x8o,6.6,5.5625
3v5p,8.96,8.5390625
4m8x,10.2,11.4375
4c1y,3.6,3.9472656
1e2l,4.29,3.8984375
4u5n,2.48,2.0722656
4b9z,4.09,3.9296875
4ovf,4.13,4.2226562
3u7k,7.07,7.2148438
2zdn,6.25,6.6523438
1g7q,6.06,5.2304688
4lkk,5.92,5.4570312
3hvh,8.52,8.1875
2cbj,8.27,8.0703125
2f9k,7.07,7.1367188
1e1v,4.92,5.2578125
3mfw,3.52,3.2890625
1c5y,4.2,3.9765625
2gss,4.94,4.6132812
2r2w,4.47,4.5039062
4ayq,7.33,7.40625
3u7l,7.28,6.7890625
2pgz,5.74,5.6523438
4nra,4.19,3.7441406
3zq9,6.02,5.9804688
3nee,5.34,5.3476562
4io7,3.68,3.7226562
2x4z,8.57,8.828125
4azc,5.86,5.4804688
2csn,4.41,4.5898438
3gjw,8.3,7.7851562
1o3j,6.77,6.9609375
2o4l,9.22,9.5
1kv5,4.22,3.9960938
5bv3,7.17,7.1523438
1olu,4.41,4.5625
3p58,7.6,7.7617188
4q1x,11.15,10.8515625
1thz,5.15,5.1875
1ecv,4.85,4.7578125
2vh0,8.51,8.5546875
3gk1,4.1,3.7363281
3nes,5.62,5.953125
3rsr,4.36,3.9941406
2zx6,10.6,10.6328125
1ii5,6.62,6.3476562
2nta,4.8,5.0585938
3fx6,6.8,6.5195312
1bdq,6.34,6.609375
4zba,5.51,5.4414062
3lgs,4.61,4.8632812
4pee,8.32,8.4140625
3su3,9.13,10.09375
2pvh,6.59,6.1992188
1g54,8.82,7.7734375
4ggz,10.18,10.890625
3g08,8.16,8.1015625
1o2j,6.92,6.6953125
2jh6,7.77,7.7539062
2d0k,5.02,4.8320312
3qdd,8.77,8.5859375
4da5,6.44,6.8632812
3ijh,4.0,3.7441406
4mmm,3.82,4.0
4y5d,5.92,5.828125
4w9p,7.8,7.65625
3h5b,10.0,10.34375
4b9k,6.17,6.3046875
188l,3.33,3.4082031
4jss,3.3,3.0605469
4l51,3.0,3.1972656
1loq,3.7,3.4785156
4elg,8.16,8.21875
1f74,3.05,2.7480469
4bt5,2.76,2.4492188
2jf4,8.15,7.8007812
1njd,5.57,5.2070312
1fm9,9.0,8.2734375
3qfd,4.17,3.7167969
1o2q,7.68,7.328125
3t3c,10.23,9.7421875
4mjp,3.88,3.9628906
3th9,7.7,7.65625
1m7d,6.23,6.125
4lw1,3.15,2.796875
2vot,7.14,7.578125
3f3t,4.59,4.7070312
3nuo,9.8,9.3671875
1g32,6.11,5.9414062
3jy0,8.3,8.46875
5fl5,8.19,8.6484375
3f6e,2.38,2.4472656
4k4j,6.12,6.3046875
1aj7,3.87,3.7597656
4bb9,6.0,5.7070312
2i3i,7.3,7.328125
2jdu,6.72,7.1132812
1bnn,10.0,9.8828125
4ty6,7.52,7.78125
4cpr,7.46,7.7265625
1b2h,4.54,4.4960938
1b5i,7.05,6.4179688
4i7m,4.14,3.4921875
2q5k,11.3,10.640625
1o3l,6.54,6.8632812
1pz5,5.4,5.5351562
1mes,7.7,7.3710938
4ou3,4.41,4.0507812
4psb,4.64,4.8945312
3dcc,8.96,8.109375
4ysl,5.8,5.640625
2a5s,6.7,7.0078125
3cm2,6.47,6.2578125
4n9a,4.19,4.0507812
4des,5.85,5.9375
1b6h,7.82,7.5742188
4emf,7.08,6.203125
1d9i,9.11,9.0625
4oct,5.05,5.3632812
1v2o,4.73,4.6445312
1mrx,7.26,7.3554688
3hk1,6.17,6.5429688
4hu1,7.54,6.1914062
4umc,3.44,3.5019531
1o36,5.96,5.734375
2nn7,6.52,6.2929688
4ruy,7.89,7.1523438
3bgb,6.05,5.9296875
1k4h,5.11,4.5351562
1b05,7.12,6.8945312
1zdp,5.74,5.8671875
1o33,5.74,5.9609375
3ttm,8.52,7.8554688
1i9n,8.66,9.1171875
2j79,5.96,6.2148438
2fzg,3.38,3.0390625
2uy4,4.68,4.8515625
2h21,6.54,6.546875
2vsl,8.4,7.6445312
2qhz,7.28,7.2382812
4ww6,10.21,10.2265625
4rdn,5.92,5.7617188
1flr,10.0,10.046875
2i2b,2.44,2.4199219
2ce9,6.03,6.1484375
2qci,8.34,8.75
4b3b,3.6,3.2089844
2zdm,6.41,6.6601562
4ozj,5.4,5.1054688
4mc6,9.59,10.046875
3cd5,7.9,7.5273438
4q7v,3.59,3.6914062
4xtv,9.27,9.6171875
3f70,4.85,5.1796875
2pql,7.28,7.6132812
1u1w,5.85,5.3632812
5e2r,7.06,7.5234375
4k7i,2.82,3.3300781
1bm7,7.52,7.125
1f73,2.39,2.71875
4gzt,7.77,7.5273438
1pfu,2.72,3.0878906
3uxk,4.93,4.6953125
1px4,3.23,3.3339844
2rio,4.69,4.59375
3hb4,9.05,9.4140625
3a1s,4.83,4.3671875
4r74,8.1,9.125
5bwc,7.21,7.1054688
2j7b,6.62,6.8007812
4dkr,6.52,6.484375
1w3l,6.28,6.1328125
4yc9,8.89,8.71875
4u4x,5.01,4.984375
2f80,8.18,8.7109375
3s0b,6.49,6.359375
4x6m,8.24,7.9960938
1ucn,5.22,5.1523438
4jal,4.6,4.4296875
2vk2,6.89,7.109375
3p4v,5.1,5.5976562
2qtn,3.42,3.7753906
4x8v,6.89,7.078125
3s73,8.7,8.53125
2iw4,9.3,10.96875
2wzm,5.22,5.53125
3gpo,5.3,6.0976562
1rbp,6.72,6.6015625
2q54,9.01,8.640625
4k5p,3.46,3.3222656
4qem,7.8,7.734375
3hfb,7.52,7.5546875
2hs1,8.48,8.5234375
2wej,6.08,5.4257812
4mc1,7.85,7.6679688
1nw7,5.09,5.5859375
4non,5.24,5.1601562
3hl5,4.47,4.4101562
2i4u,11.57,11.1875
4nue,6.82,6.71875
3o8p,6.46,6.2890625
2qft,5.26,5.7734375
3ifl,8.08,8.3984375
1qyg,6.85,6.6523438
3oy8,3.66,4.0429688
4mhy,6.47,6.3125
2jke,4.23,4.3320312
2xn5,6.69,6.9765625
2fqo,6.43,5.9765625
1i9m,8.48,9.21875
2gv6,7.34,7.4296875
3lbz,3.86,3.9746094
2wzf,7.0,7.2109375
4aq6,4.8,4.9257812
4x5y,8.03,8.40625
3sk2,3.61,3.296875
4ual,8.4,8.5546875
3eb1,4.79,5.0
4att,6.98,6.8632812
4cj4,3.36,3.6796875
1w7g,5.1,4.8515625
2oxn,7.44,7.703125
4lm1,3.23,3.5625
1ype,8.1,8.3984375
1nli,3.59,3.1601562
3hvj,8.7,8.1953125
4cwr,8.3,8.609375
3nhi,8.43,8.2734375
4v24,8.37,8.140625
1str,4.77,5.1835938
3zbx,8.22,8.7734375
1c5t,4.1,4.2148438
3iqu,4.77,5.1328125
2v3d,3.94,3.8710938
2uwo,8.7,8.9453125
4ijh,4.33,4.71875
2cbu,5.68,5.71875
1lf2,7.52,7.4414062
2q8z,5.68,5.7773438
1v16,3.87,3.8613281
1lnm,8.7,8.8671875
1oba,2.44,2.3496094
1kv5,4.22,4.0507812
3t0b,4.3,3.7539062
3ts4,8.72,9.796875
1n8v,6.03,5.7617188
4r3w,3.0,2.5644531
3v3l,6.43,6.4179688
4b5s,3.49,3.171875
3kjd,8.54,8.4609375
1e5j,4.0,4.2226562
4ngm,10.35,11.7421875
2glp,5.01,5.3984375
4bcs,6.99,7.4882812
1rjk,10.0,11.0546875
1cny,7.85,7.984375
4kz4,4.15,3.9921875
1mrx,7.26,7.8320312
1b2h,4.54,4.6445312
4gii,8.74,8.453125
2r5a,2.6,2.84375
3u7m,7.45,7.4023438
1txr,7.74,7.7265625
3eax,4.92,5.3789062
3qox,6.57,6.3984375
3umq,4.62,4.6054688
3wjw,3.87,3.7597656
1xt8,6.85,7.15625
2yel,7.28,7.4101562
2nt7,6.52,6.8515625
1lag,6.3,6.4726562
1ndw,5.23,5.21875
3gxy,5.59,5.3867188
2pgz,5.74,5.4453125
4jyc,6.7,6.3203125
4ouj,2.86,3.0371094
1bhx,6.84,6.7109375
3gk1,4.1,4.296875
2j75,6.65,6.421875
1zp8,8.77,8.9609375
4av5,7.21,6.9375
3ery,5.66,5.0195312
1b5h,6.01,5.765625
2rkg,8.09,8.125
3su2,7.35,7.3984375
3ujc,4.59,4.6328125
2x6x,3.68,3.4707031
3c88,6.8,6.8164062
2vwc,6.62,6.6757812
3ljz,8.14,8.59375
3hkq,5.34,5.3320312
2r5p,8.48,9.0390625
4oc5,7.07,7.4140625
3zns,7.41,7.4453125
3hvh,8.52,8.3203125
3f18,7.4,8.0625
1yfz,4.35,4.1757812
4css,8.46,8.6484375
4kb9,11.0,10.421875
1yej,7.46,8.171875
1dgm,5.05,5.1132812
4g8y,4.59,4.859375
1w5y,8.48,8.234375
2qx0,6.11,5.953125
1ql9,5.35,5.5195312
2mas,7.52,7.5898438
1a28,8.29,8.15625
1h5v,3.93,4.3476562
2gsu,3.59,3.8183594
4iue,6.55,6.46875
3ml2,8.05,7.5820312
3mfw,3.52,3.2695312
3rt8,6.35,6.28125
3o99,10.82,10.953125
3m40,6.77,6.6367188
3jrs,4.28,4.1367188
3gy7,4.52,4.5625
3hzv,6.52,6.8085938
4q1y,10.35,9.9296875
4yo8,10.52,10.640625
2gh9,6.0,6.4101562
3tfu,3.28,2.8886719
1fkg,8.0,7.3984375
4rwj,8.7,8.03125
2o8h,7.6,7.734375
3c2r,3.11,3.1015625
4oct,5.05,5.0976562
3mjl,2.44,2.4296875
3d50,4.77,4.3164062
1q65,5.46,5.4257812
3hvi,8.3,8.15625
1o5c,5.22,5.328125
1a4w,5.92,5.8320312
4ufk,3.89,4.28125
4oma,4.17,3.5039062
1e3g,9.0,8.53125
3nkk,4.7,4.4921875
4dsu,2.82,2.9179688
1nh0,9.74,10.125
3d8w,8.15,7.6210938
4kp8,5.48,6.0585938
3lcu,3.52,3.5800781
2pvm,6.44,6.4726562
1e1x,5.89,5.609375
3u92,7.48,7.2851562
1sld,6.57,6.4765625
4g0p,3.01,2.6425781
2qw1,3.9,4.2617188
3rm4,5.77,6.015625
4aia,3.66,3.8027344
1l83,3.4,3.7441406
3mz6,7.2,6.9179688
2zfp,5.17,5.0898438
3gjw,8.3,8.2734375
2y7i,5.54,5.7070312
4ql1,7.03,7.1367188
1dif,10.66,10.3671875
2fqx,7.15,6.6953125
3hu3,6.89,6.8476562
4m0e,6.22,5.9453125
3rbu,9.43,9.234375
4cjp,3.32,3.5761719
2jh5,6.44,6.6132812
1lpz,7.6,7.9804688
2xda,6.22,6.25
1jak,5.57,6.1757812
4m14,6.7,7.5546875
4elh,8.09,7.75
3wz6,5.96,5.984375
3bqc,5.73,5.7265625
3ao1,2.26,2.1660156
1t31,8.64,8.5703125
4jv6,6.66,6.625
3bgb,6.05,5.6054688
2r75,6.15,5.8398438
1olu,4.41,4.5117188
3t85,7.95,8.0546875
3bxf,5.54,5.3710938
3e12,5.99,4.8359375
1njd,5.57,5.5195312
1g32,6.11,6.2148438
4m8e,7.89,7.5546875
3nee,5.34,5.3789062
3l4u,7.52,8.2109375
1o5r,8.12,8.34375
3l6h,5.4,5.84375
3hit,8.19,8.2421875
3vje,8.01,7.9609375
4h42,3.47,3.6796875
3f48,6.29,6.6679688
4b8y,8.05,7.734375
3i7e,10.85,11.296875
1ez9,5.1,5.2539062
4q1w,11.7,11.4453125
1dmp,9.55,9.703125
4x48,6.77,6.8554688
3bva,6.52,6.4960938
4nbk,3.87,3.4023438
4phu,7.92,8.3359375
4ymg,4.68,4.5976562
1zoh,7.0,7.1914062
2zq0,6.82,7.1640625
4alx,7.28,7.7226562
2a4m,4.52,4.5
5cas,8.85,8.28125
1k1o,6.17,6.4804688
1i9l,8.48,8.5078125
1pbq,6.27,6.578125
2uy0,6.92,7.421875
3f8f,6.63,7.4375
4np2,2.26,2.8085938
1cet,2.89,3.0898438
2bvr,3.7,3.5019531
2p7g,6.53,7.0625
3f6e,2.38,2.5273438
2pvk,8.3,8.171875
1ft7,5.18,5.1015625
3gi5,11.22,11.6328125
4pf5,5.48,5.15625
5ceq,7.38,7.8242188
3l4w,6.0,6.3007812
2rin,4.0,3.8808594
1o7o,4.49,4.8046875
1o86,9.57,10.453125
2drc,9.89,9.34375
1ndy,6.17,5.828125
3q44,6.31,6.2773438
3ozj,5.11,5.421875
2qnn,7.15,7.5664062
1v48,7.8,7.7890625
1o5a,6.42,6.4453125
2g5u,8.49,8.4453125
2buv,4.0,4.3164062
3g1d,3.48,3.7167969
2r9x,4.85,4.6679688
1e1v,4.92,4.7734375
3cfn,5.0,5.2109375
1qji,4.85,5.3164062
3fhb,5.7,5.53125
3rwp,9.22,9.765625
3f8e,7.23,7.453125
1pph,5.92,5.7421875
3elc,2.69,2.8144531
2ctc,3.89,3.9726562
3x00,9.08,9.375
2j34,7.82,8.078125
1ecv,4.85,4.921875
3qw5,6.45,7.0078125
4jx9,8.62,10.296875
3wq6,4.59,4.8867188
3f16,8.23,8.6875
3b50,7.55,6.9570312
1q54,5.85,5.7851562
2zxg,8.82,8.734375
3f1a,7.21,7.296875
4ra1,5.94,6.328125
1oau,7.7,7.8789062
1mh5,9.21,9.3125
1pz5,5.4,5.546875
1fiv,6.59,6.8671875
1f4x,5.59,5.6445312
4dhl,4.48,4.2929688
4g0z,2.21,2.5527344
2zq2,6.56,7.21875
1i37,9.57,9.65625
3zll,6.4,6.625
4cwf,4.49,4.6875
4el0,4.49,4.328125
1d7j,3.3,3.4179688
2idw,8.89,9.59375
3dk1,9.74,10.734375
3rf5,5.63,4.96875
1oxr,5.19,5.0820312
3r0y,4.84,5.1171875
3a5y,7.96,8.3359375
4fxp,4.09,4.0898438
1ypg,8.0,7.9921875
2baj,8.4,8.328125
2v57,7.1,6.96875
4flp,6.72,6.6484375
3exe,6.96,7.6953125
3huc,5.99,5.9960938
3zq9,6.02,6.1601562
2qtg,5.08,5.1679688
4de5,3.15,2.9648438
1mu6,8.38,8.90625
2vmf,5.85,6.0234375
1o3j,6.77,7.0625
4jpx,5.15,5.4296875
2f34,6.89,6.65625
1nu3,4.0,3.5214844
4rra,4.87,5.3242188
1g7q,6.06,6.2460938
4rlu,4.82,5.5820312
3pwm,9.1,8.0859375
1uz8,4.96,4.78125
4z6i,6.31,6.03125
3pcg,2.3,2.3027344
2vpe,4.94,4.8046875
4qgi,3.9,3.7890625
4loo,8.15,8.9296875
4do5,5.83,6.078125
4ck3,3.57,3.5976562
4qdk,5.85,5.984375
3n1c,5.22,5.1992188
4qjx,7.28,7.109375
4z0q,8.17,7.3164062
4i3z,4.29,4.1992188
4ibb,3.57,3.8984375
4fnn,7.57,8.015625
4ruz,7.64,7.8945312
1sw2,7.22,7.4179688
4muv,5.76,6.2304688
1drk,6.82,7.4882812
3qfd,4.17,4.1640625
4umb,4.0,4.1796875
3dgo,6.74,7.0195312
4u0w,3.0,3.6308594
1v1j,4.82,5.1914062
4f0c,6.27,7.03125
3c52,7.3,7.625
3qps,5.6,5.2148438
4m2u,8.04,8.8515625
3fk1,2.62,2.8671875
1nwl,2.39,2.4707031
2xbw,8.0,8.3125
1w9v,6.34,5.9960938
2e94,8.0,7.984375
4hws,9.1,9.03125
3evd,6.91,6.375
2ewa,7.94,8.4453125
1swg,7.36,7.5859375
1jys,3.52,3.8417969
3fas,6.77,6.375
3t84,6.97,7.2617188
1gno,7.7,7.6992188
1laf,7.85,7.8554688
2epn,7.22,7.1640625
4det,5.68,5.5585938
1zhy,6.52,6.0351562
4ts1,4.94,5.1054688
4gzx,3.19,3.5019531
3gvu,8.0,8.2109375
3hig,7.89,7.703125
2on6,6.76,7.109375
4b1j,7.3,7.0390625
2q6f,5.44,5.2617188
1i80,6.41,6.6484375
4zme,4.3,3.7890625
3ppr,2.82,3.3359375
1sdv,8.74,8.3125
4ibi,4.14,3.7578125
4b73,7.21,7.6289062
1n3z,4.2,4.1210938
1jyq,8.7,8.875
3qlm,6.37,6.1328125
3ozr,5.15,4.8632812
4p5z,7.41,7.453125
1w4q,5.26,4.8710938
1hk4,5.31,5.34375
3zt3,2.86,2.96875
4u70,5.02,4.7617188
1srg,5.3,5.3242188
3f5j,4.28,4.2382812
1elb,7.15,7.0507812
1xgi,4.85,4.421875
2v25,5.72,5.0820312
2r38,7.44,7.4140625
1xug,7.05,7.1835938
1c5s,6.0,5.65625
3b67,8.85,8.5234375
4k3n,7.96,8.3203125
2g9q,6.4,6.3476562
4lov,7.77,7.8125
4rvr,6.87,6.9804688
1b4h,5.46,4.7851562
1bn4,9.31,10.015625
2clh,4.06,3.375
3s6t,7.35,8.0390625
4des,5.85,5.7617188
3ljo,6.62,6.640625
2boh,8.52,8.8828125
3neo,5.92,5.9921875
3g2y,2.0,1.4433594
3uw5,7.85,7.90625
2vnp,9.92,10.7421875
1fhd,6.82,7.640625
3ovn,2.55,2.4589844
3kgt,5.51,5.2890625
4djx,7.23,7.2265625
4zb8,6.03,5.9179688
2aac,2.22,2.7519531
1jet,7.25,7.0195312
3kr4,7.6,7.171875
1mrw,9.7,9.6484375
3f6g,4.72,4.4257812
3qfz,3.24,3.3769531
3td4,5.66,6.0039062
1v1m,3.94,3.90625
2fle,7.85,7.6484375
1k1n,6.82,6.328125
3pcf,6.05,6.4804688
1syh,6.41,6.2304688
4w9k,6.54,6.7109375
3h1x,5.89,5.8125
4q7p,4.32,3.8496094
4ih6,4.74,4.3359375
2afw,4.77,4.03125
2g71,7.46,7.6992188
3pe1,9.65,9.1484375
4pyx,6.14,5.390625
2dw7,4.7,5.0976562
4zwz,8.7,8.0859375
3gc4,7.6,7.6992188
2vh6,9.7,9.71875
4io3,6.06,6.1015625
4ehz,8.0,7.59375
2qi7,10.21,9.3671875
1e2k,4.94,5.109375
4ibd,3.67,3.6152344
4cp7,8.11,8.5390625
3lxk,9.8,10.1796875
1tni,4.0,3.8105469
1bjv,5.54,5.390625
3upv,5.3,5.6328125
1v2w,4.01,4.2265625
4xu1,9.49,9.703125
2i4z,5.7,5.3359375
1bnu,9.7,9.4609375
3mho,6.49,6.4570312
4lrr,5.22,4.8320312
1o5e,5.74,5.703125
2pfy,6.52,6.2460938
1bdq,6.34,5.90625
3ru1,4.85,4.7617188
1dhi,7.26,7.1015625
2e92,6.89,7.2539062
4o04,6.16,5.5820312
1mrn,4.52,4.4570312
4jz1,6.7,6.9648438
4nze,6.8,6.6289062
1hlk,5.0,4.8359375
4mc9,9.44,9.2734375
4dff,7.46,6.9414062
2za0,6.64,5.9570312
1loq,3.7,3.1640625
3a1d,4.12,4.6445312
3qxt,5.22,5.3476562
4q4o,7.46,7.4609375
1cps,6.66,6.328125
4uyf,7.6,7.5625
2jds,8.2,8.171875
3kgu,5.92,5.6914062
3hll,8.24,7.4140625
4djq,10.32,9.3671875
2nn7,6.52,6.1640625
3njq,4.89,4.6796875
2fqw,6.68,6.1484375
4cd4,6.58,5.9023438
4llj,3.42,3.4804688
3t6b,6.36,5.578125
3l3l,7.48,7.3242188
2oxy,6.52,5.9492188
2p2a,6.12,5.6367188
4dy6,4.4,3.9804688
3cyz,7.22,7.421875
1jfh,2.05,2.0019531
2jdk,6.54,6.375
1rr6,10.25,9.8125
1elr,4.96,4.3046875
3rsr,4.36,4.7617188
3kek,8.36,8.125
4asj,7.55,6.7773438
4bt4,3.34,2.7695312
4fcq,7.0,6.4726562
3ohi,4.85,4.046875
1sbg,7.74,7.3320312
3bft,6.49,5.9726562
1y3x,5.14,4.84375
3lzs,10.96,10.765625
4m3p,5.4,4.8476562
2aoe,7.62,7.78125
186l,4.85,4.6796875
2qg2,5.4,5.015625
1b5i,7.05,6.21875
3g0e,7.7,7.1875
1qk3,5.15,4.5039062
1b38,6.6,6.296875
2csn,4.41,3.9121094
2q2a,7.41,7.4023438
1ie9,10.19,9.1875
5c1m,10.8,11.0703125
1oif,7.72,7.6796875
1b4z,5.23,4.7148438
4pnu,4.89,4.4648438
4etz,6.3,6.1992188
1hvl,9.95,9.84375
3nu5,8.35,7.515625
1uml,7.52,7.21875
2p4s,9.51,8.53125
4q87,4.85,3.9414062
2i4w,11.59,11.0078125
1hnn,6.24,6.03125
4auj,7.74,7.546875
1ua4,4.22,3.3027344
1wvj,6.73,7.3046875
3t5u,7.59,6.8359375
2azr,3.64,3.6152344
3vfa,9.19,9.0
4ew2,6.68,6.1953125
1f0u,7.16,6.328125
2nmx,5.57,6.2382812
3fvl,6.07,6.0664062
4qnb,6.59,6.078125
3pwd,6.66,5.9101562
3qx8,2.86,2.8535156
3vh9,6.24,5.7109375
1qin,8.0,7.3554688
1xow,9.28,8.25
3odu,8.14,8.3984375
3b92,8.0,7.7460938
4nbl,6.33,5.5195312
3v78,5.54,5.6523438
2y7p,5.47,5.2539062
3hx3,8.0,7.5390625
2evl,6.7,6.2734375
3fvh,6.35,6.0703125
4mhz,6.87,6.0820312
2qwf,5.67,5.328125
1gar,10.0,10.734375
2bal,6.31,5.7929688
4gj2,8.6,7.90625
2wed,6.1,6.2109375
3n9r,7.15,7.1640625
3ckb,2.98,3.0546875
4b35,2.89,2.9023438
4l6t,7.49,7.2421875
1gi7,4.51,4.5585938
1uwf,6.82,6.6953125
4a4q,9.4,9.2734375
4i7p,3.5,3.2929688
1jlr,3.33,3.4570312
3zze,8.89,8.6015625
1hxb,9.92,8.984375
2a5b,3.93,3.8320312
2jgs,6.62,6.1953125
3iw5,6.08,5.21875
1k6c,7.48,6.8984375
1pme,9.4,8.9296875
4rqk,5.82,5.5078125
4k3h,6.85,6.375
3mam,4.12,4.171875
3u8j,8.51,7.46875
2yz3,6.66,6.1484375
1xap,8.7,8.46875
1m0q,3.89,3.7734375
2fx6,3.7,3.7773438
4de0,5.89,5.7148438
3pb8,5.24,4.4609375
3f7h,7.09,6.359375
1lee,7.74,7.5859375
2pvh,6.59,5.984375
1gaf,8.0,7.9492188
1x8j,6.96,6.8476562
1hsh,9.42,9.375
2g94,9.52,8.6875
2qrh,4.71,4.1601562
1a8i,5.52,4.5703125
1p1o,5.76,5.4179688
2avo,8.85,8.5625
3sv2,4.19,3.8769531
2xj2,7.18,7.546875
1g7g,6.6,6.1835938
3myq,7.52,7.3320312
1ajn,2.63,2.8671875
4uma,5.41,5.3046875
2nsl,4.68,4.4023438
2r2m,7.33,7.1132812
3npc,8.34,7.578125
4rux,7.92,7.3203125
4d4d,5.96,6.0
3juq,4.91,4.6289062
3ioe,3.27,3.2714844
4b6r,5.85,5.1640625
1gai,8.0,7.2734375
1oz0,7.7,7.7773438
2j7d,7.13,6.71875
2h5a,5.1,4.2304688
2hf8,5.47,5.8789062
4i9u,3.86,3.7617188
3qbc,4.97,4.4335938
1hvj,11.4,10.2578125
4qfl,5.11,4.484375
4fcf,8.62,8.1171875
2ra6,4.52,4.2382812
3u6i,9.0,8.015625
2xhm,6.8,6.5078125
4g0q,2.52,2.0878906
3ujd,4.69,4.40625
4jn2,11.68,11.5703125
5dit,6.15,5.828125
4f9u,6.03,5.78125
1qy1,6.52,6.3945312
1b6l,8.3,7.875
4lxd,7.23,7.1015625
4bf6,8.35,7.703125
1vyf,8.05,7.3242188
4ahr,2.19,2.171875
1g46,8.8,9.125
1qka,5.92,5.1875
2v3u,3.0,2.7695312
3drg,7.0,7.0703125
4je8,5.21,5.0859375
2ca8,4.66,4.5898438
1f4g,6.48,6.2734375
4ysl,5.8,5.6445312
2f9k,7.07,6.8320312
4z84,5.82,5.9570312
4gqp,9.6,9.40625
1fki,7.0,6.671875
2j4i,9.0,9.109375
1m4h,9.52,8.7734375
3f3u,4.74,4.1484375
5cep,6.84,7.0234375
2zx6,10.6,10.234375
3zsq,4.96,4.4453125
4e3g,4.97,4.5703125
4ayp,6.12,5.4414062
2cej,8.62,7.8671875
3ies,9.92,9.2578125
3cd7,7.84,7.5351562
2yi0,8.12,7.7578125
4ufh,6.42,6.6796875
3rv8,4.92,4.8046875
1odj,4.1,4.0703125
2p95,9.37,8.90625
4kz7,2.49,2.3730469
3m37,9.04,8.75
2x2r,7.12,7.1328125
1mfa,5.04,4.9492188
3hp9,4.59,3.9667969
4poh,8.0,7.6328125
3fql,7.15,6.5078125
3hmp,5.49,4.8828125
2wos,3.9,4.0078125
3vx3,7.82,8.0859375
4np9,5.03,4.4882812
4cg8,6.96,6.5507812
4a4w,7.72,6.953125
4q4q,5.79,5.8554688
2xxx,6.41,6.1523438
4j7e,4.85,4.1601562
1efy,8.22,7.625
1kv1,5.94,4.734375
2wky,8.59,7.7851562
2wnj,6.48,5.7382812
3f33,3.34,3.4375
4r59,7.96,7.6679688
3i4b,8.15,7.7109375
1kmy,5.1,4.9765625
1w5w,8.8,9.328125
4qjm,8.17,6.9257812
3uxl,5.57,5.7070312
3qfy,6.12,6.7304688
1np0,3.57,3.3242188
4ymb,6.21,5.203125
2nta,4.8,4.484375
4yik,6.89,6.5859375
4gqq,2.89,2.53125
3k00,5.77,5.484375
1bty,4.74,4.03125
2x8z,7.96,7.5546875
4mc2,8.19,8.3203125
1pxp,6.66,6.4296875
4kmz,8.57,8.6640625
1gwv,2.57,2.3515625
1y0l,9.0,8.4609375
1cgl,6.87,6.65625
1ii5,6.62,6.3945312
4dq2,7.52,7.1757812
1bn3,9.89,10.5546875
1hvh,7.96,7.0859375
3hky,7.1,6.4140625
3c56,7.89,7.8046875
3o9e,11.3,10.859375
3nzk,9.27,9.125
1nz7,7.12,6.9648438
1v2u,3.37,3.4394531
3a1e,2.66,2.9179688
2hnx,7.08,6.671875
7upj,8.49,7.8984375
4ap7,7.96,7.8828125
4ceb,2.97,2.8085938
2bvs,4.1,4.1132812
2yk1,8.13,7.8476562
4ht2,6.54,6.1953125
3p8n,9.28,8.3984375
2uz9,5.71,5.453125
1nt1,8.89,8.8828125
4kwf,4.82,5.3242188
3o9d,10.72,10.2421875
2wyg,8.7,8.515625
3h5b,10.0,9.6953125
4n7u,6.29,5.8164062
1d4y,11.1,10.4453125
2qi0,7.38,6.8828125
3dln,6.6,6.8125
1c5p,4.68,4.1679688
1njc,5.55,5.3164062
1ciz,7.44,7.7148438
1nfx,8.52,8.359375
3vf5,9.34,8.8828125
4x6n,8.82,8.4453125
5am6,6.73,6.390625
1vyg,8.0,7.34375
4tln,3.72,3.6132812
1gjd,5.22,4.9726562
4ly1,7.26,6.625
1xws,8.0,7.390625
3dx3,6.52,6.0195312
4aji,3.55,3.6894531
1g30,6.85,7.1367188
4fl1,3.28,2.9179688
4mrg,2.96,3.1015625
4xty,9.21,8.1953125
3pn1,6.96,6.9179688
4hpi,4.85,4.6484375
2py4,6.7,6.8671875
1m7y,10.96,11.96875
2xeg,10.7,10.484375
1j01,6.47,7.3320312
4tmk,7.7,6.8085938
4czs,5.0,5.1015625
4re2,4.98,5.2890625
1ew8,2.26,2.3710938
3ttp,9.12,8.515625
2bqv,8.05,7.640625
4oag,6.3,5.6132812
3oil,5.68,5.3359375
2v2v,4.07,3.9375
1qbn,5.85,5.9648438
3k8o,11.07,11.078125
1d4h,10.0,9.5703125
3igp,7.02,6.5351562
3k5i,4.7,5.3710938
1f0t,6.0,6.1523438
1m5w,4.27,4.3515625
1lvu,5.32,5.0351562
2f81,10.52,9.7109375
3i60,8.7,7.7109375
4h3g,8.22,7.8085938
1ivp,7.52,7.4609375
1w5x,8.4,8.125
1i9q,8.41,7.8398438
4qge,9.3,8.3828125
2qg0,5.72,5.5625
1k9s,6.52,6.3476562
4nxv,5.42,4.78125
3q6w,7.57,7.4804688
5a2i,5.06,5.2070312
3o9a,10.7,10.7890625
3d0e,8.4,7.9921875
4lch,10.62,9.7890625
1bju,4.8,4.859375
4m0r,5.21,5.3242188
2d3u,6.92,6.46875
3wzn,7.0,7.0234375
2e2p,4.74,4.9414062
3dp9,9.68,9.2421875
4ayu,4.73,5.0273438
4c5d,5.4,5.1523438
4ryd,11.26,10.6875
4r4t,6.26,5.796875
1qk4,4.21,4.1953125
3p5l,7.39,6.9335938
4ynl,4.62,4.3828125
4pow,6.3,6.4296875
2jjb,7.92,7.9140625
2xc0,6.72,7.109375
3zln,8.47,8.3359375
3oy0,8.0,7.8867188
1ajp,2.23,2.1425781
1uv6,5.12,5.4257812
2wly,6.6,6.5
1pb8,5.15,5.4492188
3mi3,5.45,5.6757812
3oaf,8.8,8.1484375
2usn,6.51,5.6757812
2w5g,6.07,6.328125
3nuo,9.8,9.828125
4bj8,8.29,7.9375
4x50,7.75,7.140625
2cf9,7.82,8.3125
2pu2,4.43,4.6523438
3lp4,4.88,4.8359375
1yc4,6.55,6.8632812
3el9,8.4,8.3125
1ew9,3.22,2.9160156
3acl,6.22,6.1054688
5dq8,4.14,4.0546875
1m0o,2.31,2.3398438
2g8r,3.99,3.765625
2gz2,5.22,5.609375
1tpw,3.3,3.2675781
2pyy,4.6,4.6679688
3ove,6.57,6.3789062
3ocz,7.46,7.3125
3o4k,7.62,7.9179688
1h0a,5.44,5.2734375
4iie,2.34,2.3320312
3zhx,6.68,6.7382812
3m1k,5.39,4.5859375
1fkn,8.8,8.59375
1l6m,8.1,7.4648438
2cli,4.3,4.234375
4u43,4.32,4.640625
3nu4,8.82,8.15625
1n4k,10.05,8.9296875
4ovg,3.69,3.7675781
2hxm,5.22,5.1484375
3t60,6.7,6.1914062
4uoh,4.77,5.1601562
1gj7,7.89,7.6796875
4zwx,8.7,8.3671875
4fev,5.42,5.4335938
1mes,7.7,6.8046875
4bc5,4.6,4.65625
3qto,4.13,3.9003906
3jzh,3.4,3.1738281
4lm3,2.92,2.8300781
2yxj,9.3,9.203125
2wb5,9.13,8.859375
1jsv,5.7,5.6796875
4loy,8.09,8.0390625
3bl1,5.6,5.2890625
3t08,3.04,3.0976562
4x11,2.22,2.46875
3kdd,8.46,8.1171875
4ban,8.61,8.34375
1no6,4.41,4.5117188
1xh9,7.77,7.8867188
4ljh,4.71,4.4335938
2uyn,2.7,2.5214844
2y5g,6.84,7.0039062
3t01,4.48,3.7265625
4hla,10.8,10.9609375
2xog,3.43,3.2324219
4m8h,7.6,7.4453125
4llp,4.8,4.578125
2gl0,4.82,4.25
1c3e,6.59,6.5234375
1owe,6.2,5.8789062
2wgj,8.7,8.71875
2w08,3.42,3.6289062
4ocq,4.61,5.2265625
4oc2,8.28,8.3046875
4qgd,7.43,7.6796875
2xef,9.84,9.65625
2j27,3.52,3.546875
4tkh,5.74,5.46875
5e13,4.24,4.140625
4ngp,7.96,7.515625
4yml,8.35,8.6484375
3dnd,4.8,3.7519531
4er1,6.62,6.1914062
2r23,3.72,3.2851562
3agl,7.8,7.6171875
4nxu,5.54,5.6679688
1lkk,6.85,7.0117188
2p3b,8.48,8.59375
1ohr,8.7,8.7109375
3vha,7.4,7.28125
1mjj,8.74,7.8671875
3b3w,4.19,4.0117188
1gz4,3.7,3.71875
1ajv,7.72,7.4765625
2x7u,5.27,5.9882812
456c,9.77,9.515625
4bzs,7.12,7.1757812
4tkj,6.04,6.0117188
4oeu,7.66,7.0351562
3uxd,4.41,4.5742188
1tlp,7.55,7.5273438
4b9k,6.17,6.953125
3su3,9.13,9.4453125
1f8d,3.4,3.703125
3ckp,6.35,6.0429688
1onz,5.1,4.6289062
3cm2,6.47,6.8398438
2nmz,8.37,8.2578125
3b66,8.6,8.7421875
4ksy,8.42,8.359375
1br6,3.22,2.984375
3kdc,9.28,9.5625
1sqt,6.2,5.9140625
3ny3,4.71,4.4570312
1q72,6.85,7.5117188
1c87,4.2,4.0585938
3s2v,6.8,6.484375
4z0k,6.34,6.75
4qfn,4.12,4.3710938
1q7a,7.19,7.6445312
4dko,6.52,6.0390625
1c70,10.3,9.9609375
4b34,3.14,2.9785156
3kdb,9.85,9.6171875
2wkz,8.77,8.703125
4ejl,5.14,5.6992188
3sm2,9.7,10.359375
4kwo,6.45,6.6210938
3g3r,6.48,6.3710938
1m0b,8.82,9.1875
2xg9,4.15,4.0507812
2p7a,6.1,5.9726562
3ibl,7.84,7.5859375
1adl,5.36,5.6171875
4cpw,7.5,7.3476562
2clk,3.79,3.8945312
2xjj,6.51,6.2929688
1t5f,4.22,4.1289062
4je7,6.4,6.0820312
3rm9,4.77,4.8632812
4bam,8.94,8.109375
2v59,7.74,7.2265625
3brn,8.7,8.46875
4ykj,4.43,4.1875
1n0s,7.45,7.375
3pd9,6.22,5.4921875
2p7z,6.58,7.015625
1lyx,4.54,4.0039062
3ebl,6.3,5.8125
3lpl,5.62,5.5859375
3si3,4.16,4.0117188
4xas,6.59,7.328125
3k4d,5.11,4.8632812
4b2l,3.24,2.9785156
4m0f,8.77,8.7109375
1k1y,3.22,3.4570312
3p9m,5.0,5.28125
2xjx,9.15,8.4765625
3ryy,7.42,7.625
2q63,7.18,7.3203125
2xpc,3.9,3.5
4ufj,4.28,4.6875
3el1,9.64,9.59375
2jdh,6.51,6.2890625
4sga,7.3,7.5664062
3mdz,9.1,8.390625
3s8n,6.21,6.2382812
4zyf,8.64,8.921875
1ta6,9.13,9.3515625
3p9l,5.3,4.5703125
4o0a,6.72,6.6679688
4lj8,5.82,5.75
3u90,4.62,4.4960938
2r2b,4.2,4.078125
5cbs,5.41,5.6523438
1rtf,3.04,3.1210938
1iiq,7.48,7.7265625
3hku,8.3,8.515625
3b7r,7.7,7.6796875
4ndu,2.74,2.8496094
3r24,5.25,5.3632812
2pwr,6.59,6.3125
3re4,7.4,7.4296875
1dud,4.82,4.234375
2fzc,2.7,2.5878906
2gkl,5.35,5.34375
2gj5,8.32,7.9023438
2pyi,3.75,3.6035156
2exm,4.11,3.9726562
3ikd,6.75,6.59375
1df8,9.7,9.59375
3ikg,7.24,7.0234375
4djr,11.52,10.6796875
2v54,4.6,4.3242188
3r1v,6.92,6.765625
3cl0,7.07,6.6054688
4mmm,3.82,3.5917969
2euk,6.6,6.8046875
4del,7.68,7.6640625
4m8y,9.96,10.5703125
4lzr,4.7,4.6015625
2e1w,7.96,8.3046875
1pro,11.3,10.921875
4ytc,7.89,8.0
4acc,7.7,7.1835938
2oym,5.0,4.9453125
3t0x,8.0,8.0
2rkm,3.9,3.7714844
3s0e,6.55,5.7578125
3fh7,7.6,7.8515625
2vc9,8.44,8.15625
1v2t,4.71,5.1210938
2zc9,6.74,6.59375
4ek9,4.42,4.2460938
3ipq,7.57,7.3242188
3g2i,4.86,5.1289062
1g45,8.64,8.4375
4oak,4.22,4.4179688
4kn1,6.84,6.6445312
2p3i,3.48,3.5546875
4w9d,4.99,5.078125
4m12,6.05,6.0859375
1ejn,5.62,5.2304688
1ypj,7.02,6.6015625
1ony,6.77,6.75
1n46,10.52,10.5078125
3cyw,7.77,7.65625
3c39,3.96,3.6503906
3l4x,6.89,6.8671875
3zv7,5.92,5.71875
1gnn,5.68,5.8554688
1d9i,9.11,8.640625
2yay,6.1,5.2734375
4j22,7.74,7.5273438
3fvk,8.82,9.53125
1fkw,5.05,5.1835938
4kxn,6.1,6.4257812
3p3s,7.59,7.1523438
4zo5,9.82,9.4140625
4q4p,6.39,5.90625
4fut,6.51,6.3007812
4qf8,7.51,7.078125
1hyo,4.07,4.359375
2cbj,8.27,7.7265625
3fj7,3.71,3.4394531
2i4x,11.72,10.8203125
3wvm,5.71,5.4882812
1xq0,6.34,6.46875
4qiy,7.3,6.75
1p57,4.4,4.484375
3tk2,4.62,4.6835938
2izl,6.0,5.890625
2f7p,6.6,6.6601562
3uu1,5.2,4.7304688
2i4v,11.2,11.3203125
4b6s,6.01,6.359375
4ll3,11.57,11.2421875
4qjo,7.4,8.25
5dgu,11.35,10.4296875
4q6e,6.18,6.546875
1k6p,7.36,7.4023438
3hek,8.27,8.140625
4csd,5.91,6.1367188
1b8o,10.64,10.8203125
3u81,4.44,4.7578125
2ovv,7.92,8.171875
3o5x,5.28,4.8984375
4efs,8.6,8.75
1ttm,7.35,7.5703125
4zek,5.66,5.7148438
2uwp,6.81,6.4023438
2qu6,8.52,8.4453125
4jss,3.3,3.2109375
3qx9,4.05,3.9648438
4br3,5.72,5.609375
4b5w,3.33,3.2246094
4q09,8.17,7.90625
1q8w,5.24,5.0664062
1o5g,4.96,4.875
4bks,3.82,3.921875
2pv1,7.14,6.9414062
2eg7,5.89,6.1679688
2fgu,9.18,9.2578125
1g7f,5.47,5.5625
4j46,5.28,5.5390625
2am4,3.72,3.4941406
3l0v,7.64,7.140625
1fpc,7.0,6.7890625
3zps,8.3,7.6367188
3bzf,4.52,4.5859375
1mtr,8.4,8.171875
3bra,2.7,2.484375
3s5y,7.41,7.7617188
4wup,9.82,9.921875
4ymx,7.1,6.9453125
3ap4,3.92,3.6660156
4up5,2.6,2.5449219
4ipj,4.87,4.8320312
1h2k,2.92,2.9394531
2qry,8.64,9.25
4b9z,4.09,4.7421875
3iss,6.05,6.3867188
4gfo,6.62,6.7617188
4i7j,3.32,3.2011719
3sha,5.59,5.1679688
4e70,5.28,5.2734375
4asd,9.28,9.0
2b9a,8.05,8.203125
3n35,3.37,3.2539062
188l,3.33,3.1738281
3gt9,3.96,4.1523438
4cd0,9.7,9.7109375
2p09,6.35,6.6132812
4eoh,4.3,4.1835938
2nsj,4.79,5.0898438
2zjw,7.7,7.5039062
4r4o,5.82,5.3828125
4gr8,7.83,7.96875
1usi,6.74,7.1328125
4rlt,4.96,4.8789062
2q7y,4.3,4.8242188
3ozp,6.62,6.6484375
2pqz,5.67,5.6796875
4qpd,7.82,8.0625
1fkb,9.7,9.84375
4g8v,5.8,5.9375
2obf,8.85,8.1171875
1erb,8.1,7.9765625
4xip,6.63,6.0234375
2cer,9.22,9.2578125
3djx,2.81,2.4179688
3k8c,2.92,2.7949219
4hdf,8.49,8.96875
4zx1,6.14,6.6679688
1ghz,4.8,4.75
4jfk,6.44,5.9648438
1g85,5.48,5.2734375
4rd3,6.47,6.4140625
1z6s,4.34,4.4257812
3ivc,4.12,4.0039062
4clj,9.15,9.2421875
3ggu,9.77,10.0078125
1t7j,8.7,8.984375
1d09,7.57,6.9101562
2ydw,7.34,6.78125
3q6z,3.72,3.2597656
1b3h,6.21,6.1367188
1g4j,8.7,8.21875
1qkb,7.35,7.0820312
3aas,4.51,4.9765625
3s9e,5.13,5.4492188
2ov4,4.74,3.8398438
2vmd,3.02,3.0683594
3hf8,6.51,5.7539062
3m3x,6.82,6.8828125
1y20,5.32,4.4726562
3fjg,3.73,3.8066406
1ssq,6.0,5.7734375
5afv,5.59,5.2734375
3wqm,6.25,5.5507812
3dbu,8.06,7.8828125
3iue,5.82,5.6914062
2h21,6.54,5.8867188
3fuz,6.54,6.9453125
3c2o,3.35,2.9609375
4zeb,6.52,6.7539062
4u71,5.22,5.234375
4q4s,6.95,6.8476562
3wha,9.32,8.8828125
2jh6,7.77,7.3046875
3tzm,7.77,7.5
2pqc,5.74,4.9375
4cws,7.92,7.3867188
3ppm,9.54,9.4453125
2ybu,6.38,6.0429688
4ykk,2.77,2.8535156
1b6h,7.82,7.6640625
3g34,2.96,2.7734375
4dbm,7.62,7.390625
1bnv,8.77,8.8359375
1x39,9.22,8.984375
3gi6,11.22,10.953125
2j7e,7.32,7.8203125
3vvy,4.84,5.1757812
4umc,3.44,3.1933594
2vw2,3.3,3.453125
2vh0,8.51,8.375
4i8n,4.46,4.75
2b7d,8.7,8.84375
3gbe,5.0,4.4921875
3n3g,7.24,7.171875
1bxq,7.38,7.4921875
4ajl,3.8,3.7089844
1v0k,5.1,4.6835938
4pb2,4.8,4.8164062
4l19,6.1,5.7890625
2vj8,8.7,9.0859375
3bpc,4.8,4.5625
3ao5,2.23,2.3691406
3f17,8.63,8.3828125
1xhy,6.18,6.328125
1ajx,7.91,7.9492188
2qd8,9.07,9.4375
4isi,8.14,7.78125
3iod,4.1,4.2265625
3bl0,6.92,6.390625
3s8l,5.64,5.1875
1a69,5.3,4.9882812
1tuf,4.05,3.90625
2fgv,6.12,5.7109375
1kug,3.8,3.5625
4hym,8.22,8.53125
2i6b,7.17,7.0625
2hzy,7.39,7.3867188
4ara,6.05,5.9101562
1zoe,7.4,7.0039062
2b07,6.43,6.3710938
3ttn,7.84,7.7617188
4j74,4.59,4.2304688
2yix,8.48,7.375
3v2p,6.36,6.1835938
4w52,3.76,3.8105469
1h2t,7.89,7.9921875
3vhc,8.89,8.9609375
4nl1,3.89,3.9511719
4r5t,6.1,5.8867188
3fzn,4.01,3.8535156
4axd,4.43,4.1484375
3p8z,6.09,6.1640625
1pot,5.49,5.3359375
3bgc,5.02,5.171875
1ndz,8.11,7.6992188
3su5,5.58,5.3085938
3f15,8.1,7.3125
1i5r,8.52,7.875
1ogx,6.09,5.8867188
1dfo,6.7,5.96875
2p3c,7.62,7.40625
2byr,8.55,7.7421875
2vvc,8.52,8.5546875
3b7i,5.82,5.9257812
4qfo,4.27,4.1601562
4kyk,4.74,4.6601562
2hjb,4.39,4.3867188
2yfa,5.07,4.9414062
4o0x,7.17,7.4492188
4az5,5.99,5.96875
1bn1,9.34,8.6015625
1tys,5.49,5.90625
2pu1,5.85,5.9375
3uug,4.51,4.1796875
4yrd,4.57,4.3164062
4tkb,5.59,5.2421875
3ta1,3.25,3.1777344
3gdt,7.19,6.9179688
1a9q,6.17,5.6210938
2oxd,6.82,6.9140625
4mss,6.4,5.9296875
1sdu,10.07,9.921875
1xbo,6.04,5.9570312
4bup,4.95,5.2773438
3qaa,11.54,11.1875
1hmr,6.55,6.6484375
2rfh,6.82,7.1992188
3oyw,4.11,4.3515625
2w8y,9.09,8.390625
1k27,9.0,8.2890625
3ama,6.53,6.3554688
3n0n,7.3,7.296875
2pk6,10.89,10.3984375
1pzo,3.32,3.6113281
1pgp,5.7,5.6523438
2zdl,6.4,6.0195312
3ddg,6.0,6.4101562
1nfw,8.96,9.0390625
4jv8,5.85,5.546875
1lgw,4.0,3.5976562
2vo5,4.89,4.5117188
4h85,5.15,5.5820312
4mnp,7.34,7.2890625
3qyy,5.08,5.015625
2pbw,8.25,8.0390625
4bt5,2.76,2.6425781
1atl,6.28,5.8242188
1nja,6.31,6.046875
2f6t,4.62,4.78125
1lcp,6.64,7.0898438
3f3t,4.59,4.9023438
3aqt,6.72,6.3242188
1ctt,4.52,4.4453125
3p3r,7.25,6.96875
4x24,9.78,9.6953125
1gi1,5.47,5.4335938
2qwc,3.55,3.4140625
3dhv,2.96,2.6777344
4nj9,6.97,6.8789062
2r3t,5.85,5.7109375
1j37,8.96,8.75
4lxz,6.74,6.9609375
5egm,8.62,7.9570312
4k0y,7.82,8.3203125
1nny,7.66,7.4335938
4lkq,3.35,3.7304688
4o09,7.7,7.0117188
3v5p,8.96,9.3125
4mdn,6.22,6.421875
4kz3,2.77,2.3300781
4abf,4.62,4.890625
3zqe,4.23,4.6640625
4u8w,11.24,9.8828125
2bak,7.43,7.078125
3tt4,8.28,8.25
4psb,4.64,4.8554688
4k9y,6.95,6.5898438
3sax,6.57,6.6679688
1lan,7.22,6.921875
4avj,7.44,7.65625
1wcq,6.26,7.1054688
3aaq,3.3,3.0898438
1hwr,8.33,8.3125
4aj4,3.89,3.9882812
2vvv,8.22,7.6835938
1kdk,9.05,9.0625
2bfq,6.89,6.9101562
1c5x,6.68,7.015625
3d78,7.64,7.4921875
1li3,4.25,4.234375
4q19,8.05,8.5
3f19,7.19,7.0429688
4h7q,5.06,4.9804688
4i74,6.72,6.453125
5c5t,3.13,3.2617188
4i5c,8.82,9.828125
3fl5,7.28,6.5390625
2xbx,7.82,7.6367188
4b7r,9.64,8.84375
3jzj,3.61,3.7324219
3moe,4.3,4.203125
2cc7,8.01,8.1953125
1r4w,4.05,4.3867188
4q81,3.02,3.3164062
4qjw,7.8,7.6914062
2std,9.85,9.390625
1v0l,7.55,7.4179688
3wmc,6.51,6.8476562
3m67,6.74,7.0820312
3a9i,4.15,4.2578125
2r3w,6.89,6.84375
4q6d,7.36,7.1328125
1tsy,4.96,4.75
2aqu,9.32,9.0234375
2oax,8.65,8.28125
1s19,9.51,10.3671875
2r0h,3.51,3.3164062
3lmk,5.94,5.8203125
2weo,6.93,6.4335938
3d7b,3.69,3.7363281
1b46,5.28,5.0273438
1wdn,6.3,6.0039062
1zdp,5.74,5.1445312
4a6c,7.92,7.8984375
2y82,8.4,8.75
2h4n,8.7,8.140625
2o4s,10.51,10.5234375
3hcm,3.3,3.2753906
1k1m,7.4,7.75
3d83,8.36,7.9375
4q0k,4.87,4.875
4hp0,6.12,6.7265625
1w11,8.22,8.5
1tok,2.47,2.3085938
3f7g,7.37,7.4765625
4cwn,5.59,5.5703125
1lkl,5.81,6.2070312
3egt,8.9,8.6015625
3da9,5.51,4.8007812
2ez7,4.36,4.328125
1i9p,8.41,8.9296875
2wc4,5.29,5.0585938
4pg9,7.8,7.3398438
1lbk,3.18,2.7910156
2vwl,7.02,7.0976562
1fzk,8.4,7.9726562
4zei,5.88,5.7460938
2ccb,7.45,7.5820312
3ewj,6.84,6.4765625
4p6c,4.0,4.3671875
1hsl,7.19,6.8671875
4yhq,8.77,8.21875
1siv,8.08,8.34375
3st5,11.3,11.9140625
1toj,3.39,3.6171875
3bf1,2.52,1.9326172
1o33,5.74,5.6367188
4yha,6.65,6.6289062
4y0a,2.31,2.4277344
4i8z,11.05,10.6953125
4mr3,5.94,5.9726562
3v2q,6.29,6.1992188
4zhl,6.47,6.71875
1sw1,7.3,8.1875
3ipu,7.32,7.1875
1f8b,5.4,5.0390625
1kyv,5.92,5.5195312
4zba,5.51,5.6679688
3u15,7.11,7.6679688
3jdw,3.6,3.7597656
1wuq,8.27,7.9921875
1hvk,10.96,11.4453125
4ye3,8.37,9.0859375
4abb,4.51,4.0195312
4nwc,5.76,5.6523438
1h46,3.57,3.2949219
4p6x,7.04,6.7460938
3tfn,6.57,6.484375
4bcn,7.92,8.078125
1ct8,6.52,6.1484375
1yq7,7.09,7.6601562
1aaq,8.4,8.2421875
4pmm,7.57,7.0664062
1y1z,3.08,3.3613281
2g72,6.5,6.8046875
1ai4,2.5,2.21875
2yi7,8.32,8.609375
1izi,6.59,6.6601562
4q7w,2.64,2.0859375
3zyu,7.0,7.0390625
1ocq,5.19,5.0859375
4oiv,5.08,5.40625
4gql,9.59,10.3515625
4kif,4.84,4.8046875
3old,5.9,6.609375
3c4h,5.7,5.9179688
3sio,8.0,8.609375
4ucc,4.32,4.28125
3pfp,6.44,6.0625
3gta,4.28,4.1835938
1j14,4.49,4.09375
4in9,4.97,5.2382812
2wyf,4.43,4.2421875
1yvm,6.4,6.3125
2vxn,5.0,4.9960938
4f3k,10.16,9.5859375
4yc0,4.13,4.0898438
1hee,5.34,5.6523438
2c92,5.68,5.4882812
3nw3,6.49,6.3632812
3u7l,7.28,7.875
2ccc,7.76,8.046875
4cpz,7.68,7.4257812
3ryx,8.14,8.171875
1g74,6.52,6.0664062
3s54,9.64,9.703125
3k97,8.0,8.0234375
4a7i,8.7,8.5234375
3exh,4.88,4.0976562
1fjs,9.96,9.9140625
4zji,6.47,6.6953125
3nxq,8.15,7.640625
2vjx,4.96,5.1445312
4xxh,5.0,4.6953125
3znr,7.44,7.3085938
3b4p,5.4,5.6679688
1gyx,2.48,2.3554688
4iva,7.16,6.7773438
3gsm,6.48,6.1796875
1aj7,3.87,3.6210938
1drj,7.4,7.4257812
3q7q,5.65,6.1171875
4x5r,7.85,7.9609375
4ca7,7.36,6.984375
4gq4,7.66,7.484375
2x7t,6.63,7.4804688
3s77,7.21,7.3164062
4f5y,5.43,5.1640625
4o3c,2.59,2.40625
1i1e,5.03,5.421875
3b4f,8.14,8.8203125
4k4j,6.12,6.5664062
3iof,5.22,5.0703125
2qpq,6.37,6.9296875
1wht,3.7,3.9394531
3jy0,8.3,8.4296875
4fm7,7.24,7.5742188
3rlp,7.08,7.6289062
1qbs,9.47,9.03125
3gss,5.82,5.5429688
2r59,8.19,8.2578125
4pee,8.32,7.8320312
4qsv,2.0,1.5703125
4nra,4.19,4.0859375
3mfv,2.52,2.7148438
3b5j,5.68,5.8632812
2yln,7.68,6.96875
1c5q,6.36,6.4921875
4gbd,11.32,11.21875
4daf,7.12,6.6796875
2i4j,6.16,5.984375
1b8n,10.52,10.0546875
1dl7,6.49,6.0273438
5aol,2.32,2.890625
2oi2,6.3,6.1289062
1x8r,6.12,5.9804688
4a4v,6.54,6.0078125
2zfs,6.54,6.5546875
1hbv,6.37,6.2304688
3u7n,7.95,7.7734375
4i7k,3.04,2.9023438
1w13,8.7,8.5
2f35,5.4,5.0546875
3kmx,4.82,4.6953125
4aje,3.68,3.2871094
4o2c,8.0,7.6523438
2c94,6.82,6.3398438
3ni5,7.55,7.2304688
2cht,5.52,5.1679688
1b58,6.59,6.3398438
2vot,7.14,6.3242188
5cap,7.28,7.1875
2jiw,4.59,4.8476562
3adv,3.03,2.8691406
1tom,8.3,7.5117188
4pin,5.4,5.6171875
1fkf,9.4,8.8984375
1ppk,7.66,7.4140625
3a6t,7.28,6.9023438
3rtf,7.35,6.8125
2h4g,6.52,6.2695312
3l7c,2.44,2.2695312
1ebz,9.4,9.1015625
4ynb,10.37,10.1328125
2psu,7.62,7.4023438
2vrj,6.3,6.0039062
1mfd,5.31,5.1445312
3o84,7.24,7.421875
3g2j,4.75,4.9570312
2xxt,8.05,7.0703125
4qsu,2.0,1.5185547
1usn,7.74,7.5429688
4b5d,7.89,7.484375
4qij,5.54,5.9179688
2isw,7.43,6.984375
3d7k,4.6,4.0585938
4cd5,6.71,6.5273438
3zm9,7.42,7.2109375
4buq,8.14,7.9375
3iw6,5.48,5.1835938
4r0a,4.26,3.4824219
1uvt,7.64,7.4453125
4fai,6.99,7.0898438
4ij1,5.4,4.6171875
3rdq,9.31,8.953125
4uin,7.62,7.6757812
4ase,11.0,10.4765625
1lrh,6.82,6.6015625
2i4d,11.68,10.859375
2xyd,6.82,6.5703125
4q83,4.19,3.7714844
4fs4,6.57,6.5820312
4qrh,5.15,5.171875
3po6,7.06,6.8984375
1bxo,10.0,9.921875
2w26,9.4,8.9375
4hw3,6.49,6.1523438
1ecq,3.0,2.8652344
1qbq,8.3,8.3203125
4hfp,7.38,7.1953125
2pk5,10.7,10.8671875
4zae,8.44,8.28125
4crl,9.71,9.3046875
1c5n,4.7,4.46875
2pmk,5.92,5.65625
3ebi,7.1,6.8632812
2w7y,6.08,5.6679688
4p3h,6.0,5.3945312
1lpk,7.55,7.1484375
2nnd,6.06,5.6875
4hu1,7.54,7.421875
4rrg,2.81,2.5625
2amt,4.44,4.2382812
2afx,5.15,4.9453125
4bco,6.88,7.0976562
4do4,7.29,6.5117188
3hkn,5.35,5.7382812
4l51,3.0,2.609375
5d1r,4.84,4.234375
2jg0,7.82,7.3164062
4a6l,8.0,7.90625
3nq3,3.78,4.1835938
3s8x,7.3,6.9101562
4heg,8.92,8.5703125
4b7p,9.46,9.15625
3gm0,7.77,7.6953125
4g5f,3.05,3.1640625
3afk,3.6,3.328125
3fqe,8.3,8.1171875
3hub,8.09,8.2890625
3k37,8.92,8.828125
4yth,8.7,8.640625
4kp5,6.08,6.1484375
4qp2,3.03,3.1972656
4cst,8.89,8.3125
2q7q,5.3,4.9960938
2z4o,9.57,9.078125
4hy1,8.7,8.8046875
2bz6,7.09,7.2890625
3n3j,8.48,8.359375
3rf4,6.25,5.5546875
3c8e,4.15,3.7890625
3arr,5.4,5.0664062
4gki,4.46,4.2109375
3be9,7.62,7.0195312
3mtw,7.04,6.8789062
2ptz,7.82,7.5859375
4qxq,5.7,5.3476562
3p58,7.6,7.25
3o9p,6.52,5.7773438
1hi3,4.19,3.7089844
3sug,6.21,6.1054688
3su1,6.68,6.3125
3u7s,8.43,7.8945312
2vw1,3.52,3.3339844
3nu6,9.3,9.671875
2pov,7.12,6.9882812
2vc7,3.36,3.3925781
1ghv,4.35,4.3046875
3g1v,3.19,3.5996094
4pyy,7.23,7.2578125
3s45,8.49,9.375
5aoj,4.68,5.0585938
3nyx,7.49,7.4804688
3ffg,9.08,8.9921875
4xir,6.94,7.2265625
1g2o,10.55,11.015625
1fm9,9.0,9.140625
3d6o,4.11,4.1171875
4qer,7.54,7.4765625
1o0m,5.15,5.1289062
4el5,5.37,5.2773438
4elf,8.03,8.0234375
4ly9,8.15,7.875
3suf,7.56,7.90625
3qqa,5.82,6.4765625
2zn7,7.89,8.3203125
4g4p,6.89,6.3242188
4dst,2.96,3.3847656
3lk8,7.71,8.390625
3uj9,4.63,4.8515625
4u69,4.26,4.75
2ews,6.62,6.921875
1met,9.4,9.171875
1bxr,3.4,3.8632812
4cpr,7.46,7.2890625
3g30,2.51,2.4160156
1bzy,8.34,8.78125
1uj5,3.05,3.3359375
3tb6,5.08,4.8867188
3r4m,5.92,6.0976562
3el5,7.72,8.3046875
1zsf,9.92,9.296875
4ks4,7.14,6.6992188
2w9h,6.37,6.6015625
4kxb,4.12,4.6445312
1sh9,6.03,6.3515625
5upj,7.12,7.7773438
4i71,7.74,7.2734375
4rr6,6.0,6.4140625
2a5s,6.7,7.1132812
4km2,5.84,6.0039062
2vsl,8.4,7.7578125
4j44,5.73,5.7851562
3d7z,7.92,8.1328125
1ela,6.36,6.3359375
4ej8,5.39,5.2304688
1bcd,8.7,8.6484375
3mna,7.39,7.359375
1o35,5.0,5.4882812
1z1h,8.4,8.171875
3u93,6.31,6.8671875
1tx7,4.6,4.640625
3n9s,5.26,5.7382812
1nfy,8.89,8.953125
4i8x,2.64,2.609375
2qrl,4.0,4.0742188
4djy,8.27,8.3203125
1thz,5.15,5.1289062
1fv0,5.93,6.5429688
3zxz,8.4,8.015625
1zvx,9.22,9.2578125
2iuz,5.55,5.65625
5efa,4.83,4.0078125
2wm0,4.52,4.7773438
2x91,6.74,7.0
1ugp,2.89,3.4726562
3acx,5.7,5.6875
4s1g,9.22,9.6171875
3v4t,4.11,4.4648438
1v2j,3.25,3.7851562
3ai8,3.81,3.6582031
2rk8,3.64,3.9648438
1c86,4.7,4.6757812
4b33,3.37,3.7109375
2za5,8.43,8.21875
3i51,7.7,7.7265625
3cr5,4.19,4.2304688
3wq5,3.85,3.7402344
4itp,7.27,7.4335938
2hmu,7.7,7.3710938
2fzk,3.6,4.0273438
1c88,5.29,5.671875
1fcz,9.22,8.890625
2zz1,4.54,5.0234375
3ok9,11.23,11.0390625
3l7d,2.18,2.8945312
3q2j,4.18,4.921875
1wn6,4.68,5.1445312
1pdz,3.7,3.8769531
1p19,4.11,4.5351562
3d4y,5.7,6.2382812
2gyi,7.0,6.9257812
1ogd,3.03,3.0292969
4nkt,5.97,6.0546875
4l2l,5.7,6.09375
2bys,9.52,9.6484375
2jf4,8.15,7.5273438
4hdp,7.51,7.5507812
4pox,5.43,5.5507812
4fk6,9.7,8.9609375
1sv3,4.35,4.4570312
3b24,4.38,4.7617188
4g8m,7.89,7.9765625
2uwl,8.4,8.6875
1uwu,5.98,6.3164062
1ur9,5.77,5.625
1y3n,5.55,5.5
4knm,8.0,8.9296875
1qhc,7.57,7.5117188
1ec3,9.04,9.578125
3ng4,5.43,5.3164062
1fzj,8.1,8.6171875
5e1s,7.92,7.953125
4o9w,7.16,6.7070312
2rcn,6.0,5.2929688
3gy3,5.63,5.9140625
4tt2,4.66,5.0429688
3v3q,6.6,6.6289062
185l,3.54,3.8535156
3ljg,7.73,7.8203125
1fkh,8.15,7.7695312
4b6o,7.0,7.2890625
4cjq,3.59,4.1757812
1ec0,8.49,9.375
4ffs,10.44,11.2421875
4xu2,9.23,9.7109375
1zea,5.22,5.21875
8a3h,4.06,3.8320312
1avn,3.9,4.0664062
1b3g,6.7,7.3164062
1bwb,8.42,9.453125
3e5u,5.85,6.2773438
4ovh,4.85,5.1132812
2h6t,7.22,8.015625
1k4h,5.11,5.65625
4lk7,5.04,4.7929688
2fqy,6.57,7.1640625
4mn3,5.75,5.8554688
4f1l,5.12,5.4765625
4uof,4.84,5.171875
1oss,4.79,5.546875
3pju,4.88,4.921875
2v88,4.09,3.5683594
3rv4,2.3,1.6425781
4yes,8.02,7.9296875
4n07,6.46,6.7851562
4or4,4.57,5.0273438
5boj,7.0,7.296875
1lke,7.52,8.25
2v2q,4.15,4.2734375
2bpv,7.67,8.3671875
2r2w,4.47,4.015625
4zow,4.12,4.2109375
4ad6,4.78,4.890625
4o97,8.52,8.7265625
3alt,2.92,2.3554688
5er1,6.02,6.5
4ymq,5.8,5.5234375
3dri,4.42,4.265625
4u73,5.18,5.1445312
4m13,6.7,6.5078125
4dv8,9.24,9.8203125
2xpk,11.3,11.625
1bwa,8.6,9.765625
1v2n,5.9,5.9765625
4o61,4.3,4.125
4kzb,2.89,2.5117188
4gny,4.22,4.2304688
4xt2,7.15,7.6210938
4cwp,6.77,7.1328125
2d3z,6.64,6.984375
4fxq,5.77,6.1054688
2i3h,7.4,7.8085938
4fp1,4.57,4.5351562
3kiv,4.7,4.9453125
3hvk,8.52,8.4296875
1ws1,9.55,9.765625
4gu9,4.37,4.3867188
3gy2,5.74,6.1328125
1njs,7.82,8.2421875
2vwm,7.03,6.8828125
1g36,7.17,6.7890625
2wec,3.96,4.3007812
3ug2,8.25,8.0703125
3gi4,10.8,10.8125
1izh,7.7,8.203125
3pn4,6.85,6.7070312
3zdv,5.48,5.5976562
4fl2,3.66,2.8691406
1qb1,6.77,6.4179688
2pcp,8.7,8.515625
4ruy,7.89,8.8515625
4arw,7.13,7.6484375
4n6g,5.47,5.03125
3k8q,11.28,10.8359375
4rj8,7.77,7.84375
1t32,7.42,7.515625
3f34,3.16,2.7304688
3m3e,4.43,4.203125
3gvb,2.59,2.3730469
2arm,7.68,7.7695312
1mmr,5.4,5.7226562
1zog,7.15,7.3945312
2wlz,4.6,4.1054688
3suw,4.7,4.78125
3dd8,7.85,8.3515625
3lbj,4.96,4.875
2hzl,6.57,6.3671875
3f80,4.22,5.0976562
1fh8,6.89,6.6289062
2zxd,5.22,5.6210938
3fvn,6.77,7.5
2q88,5.8,5.7265625
4bcp,6.25,6.6835938
3h30,4.53,4.28125
3iww,7.96,8.578125
2v95,8.3,9.0078125
1o2n,6.09,6.3515625
4y5d,5.92,5.9648438
1kav,5.82,5.6875
2d0k,5.02,4.8945312
3r6c,4.72,4.6445312
3m96,7.22,7.8046875
2tpi,4.31,4.2773438
5e2o,8.7,9.3515625
4b3d,2.68,2.4199219
1b3f,6.89,7.84375
3b7u,7.74,7.75
3juk,4.89,4.6523438
2w8w,2.12,2.1738281
5byi,7.51,7.375
1hp5,6.55,6.6445312
3t3u,8.6,8.8125
4v27,6.66,7.1875
4jh0,9.03,9.3125
4v01,8.11,8.4296875
4jyt,7.4,7.3203125
1aid,4.82,5.203125
3tcg,5.87,5.7851562
2q8m,4.03,3.9589844
2jew,6.69,6.453125
3cd0,7.57,8.0546875
3kmy,4.49,4.40625
4oks,4.48,4.1171875
4qxr,6.0,6.4765625
6std,8.64,8.5859375
3uw4,7.77,8.2734375
4kiu,3.85,3.5957031
2hu6,3.81,3.4179688
1n4h,6.55,6.8242188
3ekt,10.59,10.75
4pv5,6.54,6.8789062
2a14,5.7,5.5351562
4w9f,5.49,5.6796875
3c2u,2.9,2.5332031
4wkp,9.55,9.5703125
3lzu,10.06,10.7265625
4ahu,2.27,1.9697266
2boj,5.77,5.7070312
4jym,5.04,4.8125
2vvu,8.1,7.265625
1bgq,8.57,9.28125
1c5o,3.49,3.5039062
3tkw,5.27,5.6640625
1alw,6.52,6.7734375
3sjf,7.64,7.703125
4lko,8.22,8.328125
4mjp,3.88,3.8476562
1o1s,7.31,7.2851562
3w9k,6.32,5.765625
1f57,5.64,5.1640625
1i9o,8.42,8.484375
2ha5,4.34,4.2890625
4p6w,9.15,9.5546875
4wa9,8.42,7.9960938
3bgq,7.96,8.1484375
5efc,4.85,4.421875
3o56,9.1,8.8671875
2ya8,5.75,5.5039062
2j4g,6.6,6.7421875
3n7o,7.14,6.921875
2i80,5.4,5.2890625
2uwd,8.35,7.9921875
1sln,6.64,5.953125
4epy,3.47,3.5546875
3d8y,3.4,3.1113281
4i54,6.96,6.703125
1xh4,7.47,7.8046875
3eko,6.7,6.328125
1pr5,3.92,3.5722656
4zj6,8.52,8.6953125
1ai5,3.72,4.0390625
4dkp,5.72,5.9921875
1pa9,4.6,4.421875
4eb8,9.82,9.578125
1d4j,8.36,8.140625
4qfp,4.23,4.6367188
1bnt,9.8,9.9921875
3sbi,7.92,7.8984375
1b40,7.28,6.9179688
4agc,10.7,11.1640625
2qrk,4.26,4.53125
4y8x,8.43,8.6171875
2erz,5.66,5.3515625
1utj,3.84,3.953125
2wyj,9.0,9.1640625
1jmg,6.07,5.9375
1hvi,10.92,10.9765625
4zb6,6.28,6.0703125
1c83,4.85,4.8984375
1c1v,7.64,7.71875
1dzk,6.1,6.4960938
2xyt,6.29,6.9179688
1o38,6.82,6.9804688
3ip6,6.6,6.6210938
5amg,8.22,8.359375
2p53,7.46,7.2460938
4fz3,3.73,3.734375
3sus,4.15,4.28125
2yfx,8.09,8.71875
2aod,5.66,5.5664062
1tq4,6.19,6.8242188
1atr,6.96,6.9804688
2aoc,4.89,4.7265625
2fu8,4.7,4.7226562
4g8n,7.2,7.234375
1b55,7.4,6.84375
4abe,3.4,3.3964844
4og4,6.02,6.1796875
3cj5,6.34,6.40625
4lm0,3.25,3.0390625
1xff,4.82,5.1796875
1rpj,6.48,6.9570312
1qb9,7.44,7.0664062
3cow,6.9,6.703125
2wc3,6.08,6.3125
6cpa,11.52,11.3828125
1d4i,8.85,8.3125
1t4v,7.68,7.6054688
2pou,7.42,7.0625
2oi0,7.55,7.5273438
1pb9,3.62,3.2871094
3ujb,5.1,5.1171875
3sbh,7.28,7.1054688
3mmf,7.43,6.28125
1sgu,5.37,5.2578125
1b3l,5.89,5.7304688
3bxg,4.96,4.765625
2hb3,11.35,11.296875
1xk9,6.85,7.1757812
5bs4,11.0,11.9140625
4da5,6.44,6.1757812
2qwe,7.48,7.2304688
1j36,7.74,7.953125
4gih,8.32,8.0625
3o75,6.68,6.8710938
2v2h,3.77,3.3828125
1rnm,3.07,2.7148438
1iih,2.89,2.6777344
1o2q,7.68,7.4140625
4qlk,3.24,3.4003906
4ezz,5.19,5.3515625
3s76,5.05,5.4570312
3l4z,6.72,6.8203125
4e1k,6.3,6.3671875
1w3j,6.32,6.0742188
4o6w,8.52,8.28125
2j77,4.89,4.5742188
2rkd,2.72,2.4296875
4dsy,4.43,4.734375
3djv,4.55,4.0273438
4aoi,8.4,8.3515625
3ryv,7.07,7.0273438
1f4f,4.62,4.1875
4cmo,9.07,9.5859375
1sqo,7.46,8.0859375
1h1s,8.22,8.3046875
1zc9,3.22,3.2578125
1zpa,8.4,7.59375
3mhi,6.7,6.6210938
1qft,8.77,10.078125
3f37,2.62,2.6992188
2qd7,9.1,9.1640625
4idn,5.24,5.0039062
3bfu,6.27,6.5898438
4q9o,5.77,5.8867188
1fd0,8.4,8.328125
4eo6,8.7,8.1015625
1gj6,7.0,6.9023438
1azm,6.1,6.4296875
4zl4,7.86,7.7265625
3rdo,9.85,9.8828125
1g7v,6.4,5.8046875
2qi5,10.85,11.578125
3qdd,8.77,8.2578125
3c8b,6.1,6.1445312
4io6,4.82,5.1601562
4ca6,6.74,6.6992188
3sym,4.57,4.2617188
3kdm,7.0,6.671875
1vfn,5.6,5.9960938
3w9r,6.18,5.8515625
1d4l,8.77,8.625
2y81,8.7,8.84375
3guz,4.38,4.6445312
2ojj,8.7,8.578125
3kgq,2.3,2.0839844
4wrb,6.19,6.5742188
3lzz,3.84,3.3945312
5cbr,5.74,5.65625
2vba,4.6,4.6054688
4ahs,2.19,1.5058594
3f5l,3.72,3.8574219
3lxe,6.6,6.0664062
3zj6,6.66,6.7382812
2e9u,8.1,7.78125
1gcz,5.13,5.03125
1uw6,7.34,7.8867188
4iid,5.62,5.2734375
3sfg,6.06,6.4726562
1r0p,8.0,7.859375
3sap,7.59,7.4492188
1yqj,8.14,8.515625
2rkf,9.08,9.46875
1drv,6.54,6.8242188
1ezq,9.05,9.40625
3eqr,8.7,8.359375
4gue,5.24,4.8984375
3k1j,6.4,6.3046875
4og3,6.55,6.5820312
3ip5,6.22,6.0625
4u6c,5.0,4.7539062
3bwj,6.5,6.6875
5acy,8.19,8.7578125
2wjg,7.1,5.8164062
4dkq,6.6,6.9179688
4rsk,4.32,4.1835938
4b3c,2.68,2.3164062
1bv7,10.3,10.109375
1rnt,5.19,5.34375
4emf,7.08,6.640625
2uy4,4.68,4.9257812
2b1i,6.82,6.6132812
1uz4,3.4,3.7675781
4j93,4.7,5.3476562
2ypo,4.68,4.7929688
1xh5,5.47,5.2460938
1w4p,4.74,3.9082031
3ekx,9.41,9.7265625
1afl,6.28,6.4648438
2cgf,6.41,6.9414062
2jkp,4.23,4.5234375
4rww,5.85,6.4023438
1kjr,6.06,6.359375
4rqv,5.05,5.4882812
1enu,5.08,5.3007812
3rt4,8.8,8.015625
3lir,6.92,7.1171875
1bnw,9.08,8.90625
3nsn,7.19,6.5585938
2whp,4.0,4.0390625
5ct2,2.92,3.1835938
1g48,8.41,7.84375
3l3m,8.22,8.2265625
3l59,3.7,3.7910156
1utm,3.01,3.2460938
3cke,6.1,6.2382812
3ccw,7.87,8.0859375
4omc,10.78,10.5546875
1hxw,10.82,10.8671875
2r1y,4.51,4.8125
3lcv,4.74,4.3320312
3okv,6.23,6.9140625
2wf5,6.0,6.0507812
4djo,11.52,12.3125
2x4z,8.57,8.2890625
1o2h,7.17,7.3164062
4pum,6.73,7.1640625
3arx,5.33,5.3867188
4qtl,6.92,6.6210938
4lar,4.68,4.2382812
4dmw,4.94,5.078125
1toi,4.05,3.7539062
4c1u,7.09,7.7460938
3s0d,7.05,7.1640625
3vf7,9.1,9.0546875
2e2r,8.26,7.84375
2xyf,8.44,8.3125
3ibn,7.61,7.8007812
1gyy,3.64,3.9648438
3r7o,8.36,8.984375
4g90,4.51,4.4140625
3gqz,2.17,2.3515625
1f0r,7.66,7.515625
4tpw,4.69,5.015625
3tay,3.38,3.2734375
4jsa,4.96,5.4882812
1mai,6.68,5.8359375
4azb,7.24,6.7109375
4mo8,8.0,8.5
2i19,7.8,7.6796875
4qiz,8.15,8.1875
2x09,3.76,3.9511719
1uho,9.22,9.921875
4c6u,4.59,4.96875
3nes,5.62,5.9765625
2rke,4.08,4.0429688
4zbf,7.13,6.359375
3mv0,3.85,3.6796875
3mxe,10.01,10.3046875
2qi6,10.57,11.2734375
1o3l,6.54,6.0898438
1apv,9.0,9.0546875
3p8o,8.72,8.328125
2ewb,6.1,5.6367188
4llk,3.0,3.0136719
2xj1,7.55,7.4609375
3vfb,9.04,9.1796875
3zi0,7.4,7.1367188
4o2p,6.7,6.7890625
3h78,4.24,3.9492188
2xm2,4.62,4.3320312
2qdt,5.19,4.7148438
3g08,8.16,8.1015625
3hk1,6.17,6.234375
4ovf,4.13,3.9746094
3nim,4.75,4.3984375
4nuc,6.04,5.9960938
1mrs,3.96,3.9667969
4gqr,3.96,4.2929688
2xye,8.34,9.0546875
1wm1,6.3,6.1328125
4ufm,3.72,3.6503906
4db7,6.56,6.34375
3t2q,3.66,3.8125
3gtc,2.35,2.7890625
1ork,8.81,8.984375
4iwz,7.29,7.2734375
4ezx,5.8,5.515625
2gvj,9.52,9.328125
3vd4,4.82,4.5
4ayq,7.33,6.8867188
1fh7,5.24,4.9804688
1gu1,4.52,4.671875
4j48,5.62,5.65625
1d4p,6.3,6.125
2pyn,7.57,7.5234375
1j4r,7.72,7.5429688
3fv3,9.52,10.0859375
4r76,7.85,8.15625
4rfd,8.05,8.4609375
4loi,6.77,7.2421875
2zx8,9.64,9.484375
1wur,6.66,6.4882812
2f7o,7.44,8.0625
5bry,11.82,11.8359375
2c80,5.33,5.0351562
3bgs,9.42,9.703125
4d8z,6.29,5.4804688
1n51,4.85,4.7109375
3gkz,8.0,7.828125
4lvt,10.36,10.25
1fcy,8.52,8.671875
3lc3,5.23,4.890625
4q08,6.3,6.5546875
3o5n,4.76,4.5703125
4aq4,6.17,6.3515625
3wz7,5.74,5.625
4azc,5.86,5.875
1o3p,6.66,6.3945312
1o30,6.77,6.8085938
2j2u,7.33,7.59375
5dqe,3.63,3.5292969
4l50,6.06,5.5273438
2xm1,5.07,4.4492188
3rdv,4.91,4.453125
4pfu,6.17,6.9335938
4nnr,7.26,7.4960938
2q8h,3.0,2.9707031
2doo,7.17,6.7070312
2wzs,3.85,4.2148438
2sim,3.42,3.34375
1ghy,8.1,8.0390625
1lbf,7.85,7.9921875
1b57,8.0,8.171875
3ioc,3.68,3.5722656
4hwp,7.76,7.8710938
4q46,3.77,3.8496094
2qhy,7.48,7.2226562
3ffp,7.14,6.9882812
3g35,4.68,4.28125
4egk,7.72,8.3359375
3zcl,8.0,6.5859375
3kmc,6.4,5.9570312
3k02,5.0,4.75
1qan,4.48,4.2304688
5caq,8.57,8.4609375
3zyf,4.85,4.3164062
4k7n,3.48,3.2382812
1xr9,7.15,7.4335938
4f6w,7.52,7.3632812
3i25,8.51,8.5234375
4m7j,6.11,5.6367188
3rux,9.28,9.203125
2xd9,6.46,6.3242188
1szd,4.54,4.3203125
2e27,9.35,9.8125
1a4k,8.0,8.453125
1c1r,7.63,7.2109375
3r4p,7.96,8.1953125
5cjf,9.59,9.0546875
3b3x,3.6,3.6894531
2vhj,3.9,3.7714844
2haw,4.92,5.0859375
1f74,3.05,3.1132812
3c89,6.07,6.3710938
3m89,6.16,6.296875
4ko8,7.15,6.953125
4ibk,4.3,4.6210938
2zgx,6.74,6.1328125
3mhw,2.3,2.203125
1bzj,4.66,4.75
3obx,3.89,3.78125
2g70,7.77,7.2382812
3buh,3.66,3.4707031
1x8t,7.8,7.6132812
4x8u,2.46,2.4746094
1mu8,9.0,8.6171875
1k4g,5.85,5.9257812
3su4,6.26,5.6445312
1jgl,8.7,8.8515625
3dxh,3.19,3.0664062
5e2p,8.8,8.90625
4wn5,7.41,7.53125
3ehx,7.6,7.09375
1cnw,7.72,7.78125
4qy3,6.82,7.2304688
1ppi,5.01,4.9804688
1qy2,5.74,5.7265625
5fl5,8.19,8.703125
4xe1,7.11,7.1523438
2vl4,6.01,5.6953125
2vzr,4.28,4.5078125
2xy9,9.19,9.28125
3ctt,6.35,6.1445312
4q3u,6.44,6.3945312
3sr4,6.54,6.4648438
4tqn,6.11,6.2617188
3fee,6.64,6.3710938
4io4,4.61,4.1054688
1pvn,9.82,9.7890625
2ojg,5.64,5.5976562
3bkl,6.17,6.6289062
1b0h,6.7,7.078125
1i7z,6.4,6.8789062
1b9j,5.96,5.9179688
3g2l,3.87,4.0820312
1kui,3.77,3.8085938
1gi4,7.19,7.359375
3p3t,7.24,7.6757812
4bi6,3.95,4.2148438
4zbi,6.51,6.796875
3ryz,8.62,8.421875
3mi2,7.77,7.9453125
4f39,5.7,5.71875
3t83,6.98,6.9648438
1n3i,8.89,9.625
2bet,2.77,2.5136719
5bv3,7.17,7.0273438
2bt9,6.19,5.984375
3moh,2.84,3.0839844
3kyq,4.22,4.5625
4bps,2.99,2.9785156
4poj,8.1,7.953125
4duh,5.18,4.9492188
4kao,6.11,6.9804688
4ncn,5.67,6.2265625
2wqp,5.51,6.0507812
3str,8.4,8.7265625
2i3v,6.55,6.7851562
1a1e,6.0,5.9492188
5btx,3.55,3.7421875
3gba,9.07,8.4296875
4xiq,7.07,7.578125
1yds,5.92,6.0585938
2bvd,6.0,6.1367188
2hoc,9.52,10.3515625
2vpn,6.72,6.046875
4e9u,5.82,6.03125
2qzr,7.26,7.6171875
2gss,4.94,4.9882812
3shc,5.72,5.4179688
1hvr,9.51,9.1640625
966c,7.64,7.65625
3wgg,4.4,5.15625
2xn3,5.92,6.6640625
2r0z,5.47,5.8242188
4ca5,9.39,9.40625
4h3j,7.05,7.2539062
1zfq,7.52,8.0078125
1uj6,3.05,3.2011719
4qyy,7.3,7.2148438
2w8j,2.96,3.2617188
4msa,3.3,3.1582031
4ddy,5.62,5.6171875
1li2,4.04,3.984375
4ks1,8.82,7.5273438
3t09,3.8,3.9707031
4ax9,9.57,9.1796875
1o3d,7.13,7.1171875
4n9c,3.9,3.6171875
3a2o,9.08,8.984375
2qd6,8.68,9.359375
4u54,2.06,2.5527344
4hbm,7.92,8.359375
2zkj,5.48,5.7304688
4i9h,7.17,7.203125
5azf,4.44,4.234375
4cu8,4.47,4.3828125
2d1n,8.15,7.7460938
2yek,7.21,7.7617188
2fpz,3.96,3.8945312
2z1w,4.08,4.0703125
1qaw,5.12,5.4375
2cbz,3.93,3.9550781
1hms,6.37,6.8125
4en4,5.52,5.484375
3vhd,9.28,9.0390625
1k6t,7.62,7.5859375
3p3g,9.74,10.28125
1bai,7.7,8.1015625
1jev,6.89,7.2148438
2o4l,9.22,9.78125
3tfp,6.47,6.6015625
3d8z,3.37,3.6269531
4ury,2.22,2.4394531
3q1x,5.33,5.171875
4aqh,6.54,6.6132812
2j7g,7.0,7.4882812
1duv,11.8,11.59375
4ou3,4.41,4.5703125
2zpk,7.76,7.4492188
1gjc,6.35,6.40625
4q9y,5.68,5.7695312
1f5l,5.28,5.4296875
5cp9,3.51,3.0410156
4cpt,7.7,7.9921875
4mr6,6.6,6.71875
2gst,6.07,6.25
2fxv,5.35,5.3828125
3tao,5.14,5.1992188
4y79,7.96,8.34375
2hah,8.0,8.4296875
4hdb,8.05,8.5234375
3iub,4.54,4.53125
1hi5,4.04,4.15625
3fx6,6.8,6.4179688
4ad3,4.62,4.0703125
3mzc,6.65,7.2890625
2wk6,3.32,3.5566406
4dcs,5.1,5.5898438
1o2z,6.11,7.0898438
2oc2,8.52,8.3671875
4riu,7.3,6.6484375
4kwg,6.0,6.578125
1s5z,3.21,2.9921875
4u5n,2.48,3.0292969
4gah,6.1,6.6523438
2vt3,4.15,3.9960938
3pgu,6.7,7.1640625
3bu1,8.15,8.328125
3rlq,7.4,7.5859375
2pnc,3.33,3.5664062
4kqp,6.05,5.8867188
1s63,9.05,9.34375
2vuk,3.9,4.9570312
2zdk,6.37,6.875
2pwc,6.57,6.5898438
2ypp,4.41,4.6210938
4ibc,2.98,3.6875
1f5k,3.74,3.8027344
4xmb,7.36,8.1640625
4b32,3.34,3.515625
5dgw,11.05,10.6328125
2v77,5.06,5.5585938
4gzw,4.52,4.359375
1nvs,7.82,8.046875
1fzo,7.89,8.9921875
3a1c,4.0,3.9804688
3nu9,9.05,8.8984375
3obu,4.3,4.6875
1moq,3.46,3.4472656
2avm,5.7,6.5429688
1nl9,5.96,6.296875
1od8,5.1,4.8828125
1rmz,8.0,8.421875
1g3d,5.55,5.8984375
3cz1,7.26,7.2421875
1h1d,8.22,8.65625
4iif,5.18,4.9648438
4azi,7.45,7.6679688
2v8w,6.82,7.109375
3l1n,5.63,5.6679688
3pgl,5.3,5.4570312
3b7j,5.17,5.640625
1m48,5.09,5.7695312
2j79,5.96,5.3867188
4elg,8.16,8.5234375
2vpo,5.42,6.1015625
2ans,5.92,6.0429688
3ttm,8.52,8.78125
1f3e,6.7,6.5234375
1g1d,9.44,9.625
3cdb,7.02,7.390625
1g35,8.14,8.921875
2o4r,9.4,9.765625
3m8u,4.89,5.1992188
4zzz,7.06,7.2695312
2oiq,5.0,6.0273438
3u3u,6.88,7.6523438
4nvp,7.57,7.578125
3mf5,5.36,5.2929688
4bi7,4.58,4.78125
4jfm,5.48,5.65625
2a8g,3.69,3.8261719
6upj,6.32,6.421875
2wl0,7.8,7.8359375
4bak,8.91,9.109375
2qfo,4.7,5.3203125
4zzy,5.6,6.1640625
2ole,7.25,7.3046875
3slz,6.99,7.8945312
1ebw,9.05,9.6796875
4abd,4.4,4.1367188
2p4j,8.96,9.15625
2eum,6.7,7.1445312
4n3l,7.0,7.2460938
4r75,7.24,7.0820312
3r4n,6.89,6.9492188
1rpf,3.99,4.1445312
4kax,4.77,4.7734375
3hzm,5.52,5.9765625
4oc3,8.28,8.078125
3g2k,4.79,5.5585938
4c2v,9.0,9.1484375
4cga,6.4,6.84375
3ff3,3.57,3.8554688
2yhw,5.6,6.1445312
2pqb,7.2,7.6210938
1b6k,8.74,8.4921875
4p58,4.6,4.1835938
2cgr,7.28,7.6054688
4bqg,6.22,6.9726562
3veh,4.96,5.421875
4z1k,8.33,8.171875
1y3v,5.64,5.921875
3ime,3.0,3.5097656
3uz5,7.22,7.2929688
4gr3,7.81,8.2265625
1o2w,5.85,6.0117188
4lm4,3.04,3.1386719
4rlw,4.87,5.1757812
3si4,3.88,4.625
3fjz,4.05,4.0820312
4mjo,6.22,6.390625
1vzq,7.44,7.1367188
2y8c,6.4,7.015625
1amw,4.54,5.46875
4crb,7.57,7.7539062
4ty6,7.52,8.421875
4bny,7.1,7.3085938
3v2n,6.1,5.75
3e85,5.38,5.875
4unp,3.23,3.8769531
1upf,4.6,4.4648438
1rp7,8.52,8.0703125
5er2,6.57,7.2382812
4cfl,5.88,6.3984375
2qhd,5.38,5.8125
4isu,3.68,3.3964844
4hj2,2.53,2.6445312
1d6w,5.96,5.984375
5cc2,4.1,4.2539062
3g5k,9.52,10.3359375
4rfc,8.24,8.078125
3w37,5.18,5.9921875
1utl,2.47,2.4101562
3gst,6.72,7.0742188
4q99,6.28,6.5429688
4k0o,3.0,3.1582031
3d51,4.15,3.9746094
4std,10.33,11.1171875
4io7,3.68,3.5546875
3l4y,7.0,6.7148438
1qbo,7.74,7.5898438
3v7x,8.57,8.7890625
3aho,7.05,6.7890625
2qi4,10.44,9.921875
4z93,7.35,7.9257812
3axz,3.43,3.3378906
1yp9,5.11,5.265625
3wtn,7.04,7.7578125
2ha2,4.66,4.2304688
1f8c,7.4,7.7070312
2avs,7.57,7.75
3th9,7.7,8.0625
4b0b,3.33,3.6953125
1m0n,2.22,2.03125
1s39,7.7,7.3007812
3tif,5.38,6.2617188
4h81,5.12,4.6367188
1jcx,5.15,4.75
3hl7,7.64,8.0625
1g2k,7.96,8.296875
2rcb,6.79,6.7382812
3iae,3.89,4.2695312
5am7,7.19,7.0
1bq4,5.22,4.7421875
3s78,6.47,6.5820312
3i6o,10.35,10.296875
3c8a,6.18,6.484375
3zsy,3.23,3.2324219
1dar,4.96,5.1445312
4avs,3.49,3.3105469
2ves,7.7,7.7421875
4kyh,5.92,6.0585938
3dne,5.22,5.5507812
1c84,5.0,4.984375
1s89,5.24,5.1328125
4b7j,7.95,8.1484375
3kv2,7.32,7.25
2hw2,2.97,2.7988281
5fl4,7.0,6.5859375
4wk1,5.89,5.6992188
4z6h,6.21,6.5625
2fqt,6.14,5.875
4r73,7.64,7.4570312
4rn4,6.94,7.25
2psv,7.24,7.1835938
3vbd,8.07,8.0859375
4b6p,7.13,7.3476562
3i5z,8.7,8.921875
4nh8,8.52,9.3359375
2vwo,7.51,7.7890625
4b5t,3.33,3.328125
1hos,8.55,8.1484375
2h4k,5.49,5.4648438
3hv8,6.98,7.2265625
2i3i,7.3,6.9570312
4io2,6.7,6.9726562
1bv9,9.96,11.1015625
3iog,5.52,5.4296875
3k4q,5.34,5.7929688
3m3z,5.73,4.9375
3el4,7.17,7.1601562
2y80,8.05,7.9335938
3cj2,4.85,4.6757812
4q3t,6.48,6.7148438
1m1b,4.66,4.6210938
1qbv,5.39,5.7578125
3u5l,6.19,6.4648438
4gg7,8.2,7.921875
4qhc,6.7,6.3984375
1kpm,5.8,5.7578125
3nex,6.0,6.3789062
3uil,6.0,6.0
4qf7,8.6,8.921875
4oc1,6.6,6.4492188
4cg9,6.21,6.8671875
4q1x,11.15,11.625
2xmy,9.96,10.6796875
5cqu,6.54,6.6289062
1mfi,5.59,5.2382812
1jqy,4.92,4.5429688
3rz7,8.96,8.703125
3cct,7.56,7.7148438
4nku,4.67,4.5546875
3zi8,5.66,5.4257812
3iob,3.42,3.3632812
3l7a,4.33,4.09375
2vk6,5.3,5.6171875
4zzx,6.9,6.6796875
1n1m,5.7,5.4140625
1pkx,6.92,7.046875
4q8y,2.64,2.5039062
1v2o,4.73,4.6054688
4fht,6.17,6.1367188
3s56,9.62,10.046875
3qkd,8.38,7.6328125
2qta,5.76,5.3398438
4jc1,4.3,4.140625
4zec,5.82,5.5273438
4uac,6.54,6.2773438
3m5e,7.37,7.7929688
2vnt,8.0,8.1875
3pck,6.7,6.8164062
2yb0,3.85,3.5175781
2xxr,6.55,6.6015625
3c79,7.2,7.3554688
1d4k,9.22,9.6875
4o2b,5.74,5.453125
3nu3,9.82,9.0234375
1w3k,4.3,4.5390625
3ddf,4.66,4.609375
4i7l,3.99,4.0390625
3wto,6.92,6.2539062
2qtt,4.32,4.4609375
1stc,8.1,8.4296875
2il2,7.1,7.0585938
4omj,5.26,4.7109375
3fed,7.46,7.8476562
4cl6,5.39,5.6054688
4cu7,7.59,7.5664062
4gj3,8.85,8.84375
4ibj,4.33,4.078125
1m7i,5.4,5.109375
3r6u,4.52,4.03125
3dx4,7.12,7.1992188
1oar,7.4,7.7421875
3f8c,7.68,7.4726562
3bvb,5.49,5.546875
4xmr,4.07,4.2851562
1ws4,3.0,2.6992188
2dri,6.89,6.6367188
3sut,7.85,7.8085938
3vhk,4.6,4.921875
2xb7,9.19,9.140625
1oth,7.0,7.0742188
1g3e,5.38,5.1679688
3eeb,5.89,6.421875
4xu3,9.5,9.7421875
3ewc,7.7,7.078125
4uye,8.02,8.2265625
1c5c,6.96,6.9335938
1v2l,4.29,4.0429688
4urz,2.52,2.6835938
3hs4,8.0,7.203125
1usk,6.4,6.1953125
4fys,4.82,5.1914062
3p17,4.48,4.2773438
4owv,4.35,4.1132812
4km0,6.04,6.3242188
2xht,5.96,6.09375
2uy5,5.49,5.5429688
2zwz,7.79,7.78125
2fxu,8.15,8.21875
1ql7,5.0,5.3984375
3kqr,4.43,4.2421875
1ro7,3.18,3.3378906
1y3p,4.82,4.6367188
4dds,5.01,5.1523438
1ex8,6.33,6.5429688
4deu,5.64,5.40625
3t8v,6.59,6.4101562
4qll,3.38,3.4140625
2qrm,4.03,3.9628906
3v51,8.55,8.234375
2qfu,4.18,4.3671875
3owj,6.07,6.5976562
3k99,7.22,7.4414062
1bnn,10.0,10.4140625
3g0i,3.6,3.1757812
3s75,6.82,6.7070312
1qbu,10.24,10.59375
3b2q,4.55,4.4335938
1bhf,4.38,4.2265625
1xjd,9.48,9.9296875
1k1l,6.9,6.609375
3vw1,4.67,5.1914062
1li6,3.8,4.1601562
2xc4,8.05,8.015625
4ai5,2.92,3.3417969
4c52,5.68,5.8242188
5e8f,8.64,8.40625
1gj8,6.96,7.2890625
1ch8,7.0,8.078125
1o2o,6.36,6.796875
2xdx,6.46,6.0898438
4c1y,3.6,3.3300781
3f5k,4.62,4.1445312
1xkk,8.52,8.2109375
4ygf,7.68,7.390625
1sb1,6.89,6.7734375
3tz0,5.04,4.484375
4jkw,4.16,4.8085938
4igt,7.89,7.8007812
3n7h,4.5,5.1367188
3gcp,7.82,7.703125
3p2e,6.22,5.9882812
1egh,5.7,5.5625
3uyr,6.9,6.8085938
1ctu,11.92,11.8125
3arw,6.15,6.203125
3pwk,3.35,3.7421875
3ckz,8.72,8.6484375
1uz1,6.89,6.0703125
3f7i,7.34,7.5703125
4ei4,8.74,8.609375
3u7k,7.07,7.1679688
3rz5,7.89,8.1171875
2z94,5.85,5.4296875
3t70,6.3,6.6210938
2jdp,6.6,6.3398438
2qi1,7.3,7.4140625
3roc,8.19,8.0625
1o3i,7.3,7.4453125
3pb9,6.58,6.1757812
1jn4,4.95,4.7265625
2xib,7.26,7.2890625
4jwk,8.32,7.7460938
1fo0,5.59,5.625
1igj,10.0,9.2421875
3zc5,7.13,6.8164062
4qxo,5.51,5.1484375
4kow,4.31,4.546875
2qwb,2.74,2.9414062
4few,5.21,5.3242188
3fat,7.64,6.671875
4pft,8.64,7.6289062
3ta0,3.47,3.6484375
4ipi,5.32,5.1796875
1e4h,8.41,8.9140625
4tjz,5.97,6.2148438
3mhm,7.0,6.7109375
1jvu,5.15,5.2265625
3tu7,8.09,8.578125
1fao,7.37,7.2109375
4x5z,7.63,7.1875
2x95,4.95,5.890625
3n2u,7.84,7.1445312
2cle,3.55,3.9003906
3ijh,4.0,4.4765625
3rz0,7.55,7.46875
2qm9,7.77,7.7070312
4qpl,7.41,7.6757812
2b4l,4.77,4.953125
3ekr,7.52,7.5664062
3cf8,4.9,5.1601562
2f94,6.71,7.0703125
1epo,7.96,8.2265625
4qj0,7.32,7.25
2hmv,7.7,7.1835938
2uxz,8.48,8.03125
4ih3,4.82,4.8007812
3ubd,5.54,5.4765625
4erf,9.4,9.5546875
1n5r,5.66,5.8359375
3cs7,10.68,11.2421875
3lvw,2.67,2.9570312
4lm2,3.03,3.2714844
1m2q,6.1,5.5859375
1yda,6.55,6.4492188
4hf4,8.62,8.8515625
4k55,5.51,5.46875
3obq,3.54,3.640625
3mhl,7.25,6.7929688
4nja,6.22,5.8945312
1g4o,8.25,7.828125
2h3e,5.7,5.4570312
3i73,5.49,5.8085938
3bkk,6.08,6.234375
1rd4,7.74,6.5234375
3rlb,9.92,9.875
3pe2,9.76,10.390625
3sur,4.15,4.0585938
2xab,9.27,9.53125
4xy8,6.4,6.2109375
1fch,7.15,7.0585938
4qew,7.07,6.7578125
4n6z,7.8,8.0390625
4q93,4.65,4.625
3ekp,8.89,9.09375
1a9m,6.92,6.6796875
2gzl,4.82,4.9726562
1b05,7.12,7.3632812
2pvu,6.31,6.3320312
2qbw,7.25,7.0703125
3buf,3.1,3.1640625
3qgw,5.89,5.7265625
2vqt,6.0,5.640625
3hzk,6.7,6.6914062
1km3,4.91,4.8828125
5aoi,3.03,2.9101562
1x38,8.77,8.6875
4ymh,6.46,6.2148438
1nvr,8.11,8.0625
3rz1,8.74,8.0546875
4wkn,9.72,10.09375
1mmq,7.52,6.9609375
1jmf,5.77,5.6992188
1d3d,9.09,8.4921875
4l9i,4.89,5.0859375
2xde,5.47,5.6210938
3nht,7.01,6.9648438
3lgs,4.61,4.4179688
2qi3,10.2,9.5078125
1hih,8.05,7.9335938
1om1,6.77,6.7695312
1ro6,6.46,6.875
3ps1,10.17,9.4765625
4cwq,7.06,6.6171875
4u5s,2.41,2.21875
3ppp,5.22,5.1171875
3s3v,6.23,6.4921875
1jq8,6.0,6.1992188
1cnx,7.37,7.421875
1zge,7.3,7.0859375
2v58,9.09,8.5546875
5c8n,7.55,7.6171875
4i72,9.05,8.640625
2hnc,7.22,6.9765625
4qf9,4.43,4.3984375
2ypi,4.82,4.8945312
2qbu,6.19,5.8359375
3s71,8.64,8.7890625
1b7h,8.02,7.8242188
4rd6,6.28,5.5703125
3nyd,3.48,3.90625
3g2h,3.82,4.1445312
2gv7,7.85,7.625
4j7d,4.7,4.828125
2hhn,7.49,7.125
1ado,6.0,5.6210938
2ces,7.25,7.703125
1amk,4.3,4.5703125
3dc3,8.31,9.2421875
1f4e,2.96,2.8398438
3tmk,6.87,7.1953125
3wtl,7.04,6.9257812
1mq5,9.0,9.0234375
4q90,2.15,2.4589844
4qev,7.66,7.765625
1my4,6.98,6.75
4z2b,7.76,7.6601562
1ec2,10.0,10.0703125
2y9g,3.77,3.7792969
1m7d,6.23,5.453125
3qxv,8.4,8.4609375
1lst,7.85,8.1015625
1h4w,4.66,5.0351562
4euo,5.05,5.1601562
1msm,10.48,10.484375
4rhx,5.8,6.2109375
4w9p,7.8,8.125
2j7f,6.35,6.6015625
4pge,7.77,6.8828125
3qx5,4.2,3.578125
4gu6,7.36,6.8632812
4der,6.31,6.2851562
4wko,9.47,9.6015625
3oyq,7.99,7.34375
3hkw,8.64,8.3984375
3su0,6.79,6.6953125
3hl8,4.49,4.2890625
3b26,6.64,6.890625
2c3l,5.07,4.859375
1koj,6.7,6.328125
1utn,3.49,3.1621094
3d6p,3.75,3.3769531
4zx0,8.0,7.8515625
3zpu,8.38,7.2890625
2vwn,8.0,8.3515625
1h6h,5.3,5.375
3fuc,9.72,9.4921875
3m8t,4.0,4.0976562
4m8x,10.2,9.875
3djo,4.39,4.0625
4ieh,7.85,7.7929688
4u6z,5.41,5.3476562
3ozg,9.19,9.4140625
4mre,2.19,2.2714844
4tte,3.69,3.8242188
1det,4.3,4.3320312
4jne,5.86,6.0351562
1l8g,6.22,5.984375
4dzy,5.62,5.6914062
3ibi,8.59,8.453125
5fl6,7.36,7.7226562
1nhz,6.08,5.6601562
4na9,7.39,7.0390625
3nuj,9.39,9.4140625
3gs6,6.59,7.2148438
4z1e,8.24,8.546875
3zk6,6.34,6.0703125
4rrf,3.62,4.078125
2ax9,9.52,9.5546875
4u1b,5.31,5.546875
2bmk,5.62,5.75
2qv7,3.66,3.5585938
1o36,5.96,5.8867188
2x97,5.66,6.140625
4m2v,7.44,7.078125
2avq,4.39,4.5585938
3fwv,5.64,5.6015625
3muz,3.46,3.6386719
1kzn,8.92,9.1640625
4jzi,7.4,7.0703125
1k1j,7.55,7.7890625
3d91,9.15,8.8515625
3aau,5.05,5.2734375
1v7a,8.01,7.9179688
1w0z,7.68,7.8398438
2ihq,8.49,9.0546875
3b3s,2.55,2.7949219
1nje,3.8,3.9277344
2qwd,4.85,6.0820312
3bxh,4.03,4.1953125
4u5o,2.42,2.9472656
3t3c,10.23,10.125
2wuf,4.29,4.546875
3mof,3.07,3.0996094
3ms9,5.22,5.6914062
1oe8,5.52,5.7226562
1lhu,8.83,8.453125
3hmo,7.52,7.2421875
2ot1,4.0,4.0234375
3iph,7.6,7.5429688
1c1u,8.25,7.9882812
4bf1,8.62,7.8125
2uxi,7.3,7.5859375
3g32,3.71,4.6054688
3pce,2.0,2.3691406
4e67,6.48,6.75
4h75,6.6,6.2382812
3djq,2.98,3.3515625
4btk,6.62,6.828125
1cbx,6.35,6.5429688
1c3x,3.68,3.7558594
1lzq,8.39,7.7421875
1zs0,6.15,6.9023438
3usx,5.02,4.8046875
4cjr,3.1,2.9316406
4iuo,3.64,3.9121094
1d2e,6.0,6.953125
1i9n,8.66,9.0703125
2xjg,7.82,7.5039062
3lea,9.1,9.046875
1tmn,7.3,7.4492188
3ldp,5.62,6.2382812
3d1y,8.22,8.515625
3miy,7.68,8.1640625
2y7x,8.89,8.859375
1jaq,4.48,4.8125
4f6u,6.15,6.3554688
3t82,7.0,6.9335938
4a95,5.76,6.3867188
1hpv,9.22,9.609375
4cr5,4.15,4.6132812
4q7s,4.42,4.5507812
1gnm,6.25,6.6992188
3d0b,6.54,6.7148438
4qb3,5.47,5.6757812
4jpy,4.43,4.6328125
3djk,10.59,11.4375
3m3o,3.6,3.6113281
4gzp,7.84,8.3515625
3d2e,6.42,6.5234375
3sw8,4.5,4.9960938
4j47,4.92,5.2304688
4trc,4.52,5.0898438
3own,7.47,7.4492188
4ab9,3.33,3.4570312
4x5q,9.0,8.765625
3n8k,4.05,4.2539062
1ppl,8.55,9.1640625
1qxl,7.96,7.875
1q1g,8.57,8.515625
4cwt,6.75,6.7460938
4baq,9.01,9.234375
2reg,5.64,5.5195312
3pcn,3.66,4.1992188
1qbt,10.62,11.1640625
3bex,5.57,5.2304688
4ibe,4.15,4.4453125
1v2s,4.17,4.4960938
3jzg,4.4,4.953125
3efs,5.34,6.0390625
1hn4,3.82,3.6386719
1e6s,3.22,2.828125
3m35,7.22,7.640625
4exs,4.41,4.9335938
4oc0,6.5,7.0859375
2tmn,5.89,6.3164062
4ufi,6.2,5.9414062
4m6u,2.74,2.7773438
1zgi,5.34,5.8632812
4pzv,5.7,5.5976562
4w9j,6.23,5.8125
2bes,4.24,4.5546875
2ogy,4.48,4.4453125
4ua8,6.26,6.9882812
4lhv,10.0,9.5625
3l3n,8.18,8.484375
3gus,6.05,6.0546875
3sue,9.08,8.7578125
2fw6,2.92,3.1035156
3ucj,6.0,6.2695312
4hwo,8.54,9.1640625
4bxk,7.95,7.7382812
4r4c,5.54,5.3945312
4b74,7.66,7.9140625
4afg,8.3,8.234375
3e6y,5.6,5.8515625
3ebo,4.72,5.140625
1nfu,7.74,7.6210938
1kuk,3.91,3.8652344
1d3p,7.39,7.1328125
4xar,6.97,6.4023438
4tim,2.16,3.1445312
4mo4,4.22,4.671875
1u0g,6.15,6.7734375
4ca8,6.68,6.9570312
3lpi,8.52,8.7109375
2yaz,5.14,5.890625
4xya,5.86,5.6992188
4cwo,5.21,5.2109375
3qtv,4.65,4.171875
2y5f,8.7,8.78125
1add,6.74,6.5546875
1ppm,5.8,5.8554688
4dju,5.44,5.7695312
4leq,6.54,6.7695312
1kel,7.28,7.5234375
4fzj,3.15,3.0078125
4keq,3.82,3.9726562
4w97,7.1,6.9414062
2cen,8.3,8.3828125
1ndv,5.92,6.2539062
1ajq,4.31,4.40625
3hww,7.12,7.3203125
2zym,6.14,6.3945312
2h15,5.67,5.8867188
2nn1,5.82,6.1796875
1b5j,7.43,7.7617188
4u6w,4.21,3.6191406
1ols,5.82,6.3984375
4cc5,4.42,4.5976562
2bfr,5.25,5.4882812
4or6,5.31,5.25
1j16,3.84,4.3398438
2w47,4.98,4.9492188
3ekv,9.41,9.140625
2a5c,4.62,4.5585938
2v2c,3.41,3.3828125
3eft,7.92,7.5117188
4djp,10.55,10.8671875
1pyn,5.49,5.1601562
2o4j,10.1,9.8515625
1igb,6.4,6.2304688
3ldq,5.36,5.7421875
1nq7,6.8,6.3203125
2qrq,5.1,5.453125
4a6s,5.2,5.3203125
1z4o,4.52,4.9023438
3gx0,3.48,3.5019531
3u6h,9.0,8.7421875
1hii,7.28,7.2070312
3upk,4.3,4.9179688
3vtr,5.57,5.2460938
4ghi,7.09,7.40625
2ya6,5.7,5.9804688
2zft,6.52,6.5507812
2x0y,4.6,4.9765625
1nki,6.7,5.9609375
1e2l,4.29,4.1445312
3hkt,5.39,5.7109375
3ppq,4.55,5.1484375
3djp,4.2,4.3007812
4f7v,5.38,5.6523438
4kx8,7.13,7.2265625
7std,10.72,10.2578125
3jyr,5.54,5.8554688
4fm8,5.97,6.4921875
4lkk,5.92,5.4101562
4lj5,6.29,6.2539062
4djw,6.28,6.109375
1k21,8.38,8.21875
4ish,8.72,8.296875
3czv,7.8,7.8632812
3po1,4.02,4.1640625
1m2p,6.11,6.3671875
1hps,9.22,8.7890625
3m6r,7.49,7.734375
2vmc,2.94,3.0703125
1fq5,8.4,7.6679688
4crf,9.3,9.3203125
3d1x,8.66,8.28125
4aci,2.22,2.7558594
4wr7,11.7,11.890625
4ge1,6.43,6.4726562
2yme,7.66,7.28125
1ydd,7.07,7.84375
2pym,6.82,6.7539062
3v7t,7.21,6.9140625
1j17,5.22,5.2226562
1ugx,5.91,5.921875
184l,4.72,4.6015625
10gs,6.4,6.8203125
5cs3,2.15,2.2910156
1pxo,8.7,8.828125
2q64,8.52,8.71875
4ww6,10.21,10.5859375
3i9g,8.96,8.703125
1k6v,6.92,6.8203125
1a94,7.85,8.0390625
4cd1,4.89,5.1054688
1ele,6.85,7.203125
1c5y,4.2,4.140625
4x5p,8.21,8.296875
2pwd,4.4,4.8789062
2vb8,4.6,5.40625
4k7o,4.3,4.25
3vjc,7.72,7.5195312
3ga5,5.49,5.7148438
3ibu,9.15,8.6015625
2wvz,4.02,4.2929688
2d1o,7.7,7.7148438
4x8o,6.6,6.6289062
5ahw,5.17,5.7226562
2qpu,3.6,3.4609375
4p5d,5.82,5.59375
4c9x,7.32,7.5625
2olb,5.54,5.5546875
5c3p,4.46,4.890625
1ghw,4.2,4.2539062
4y2q,2.92,2.9375
1hpx,11.26,10.78125
3d9z,8.7,8.90625
2vvp,3.4,3.3808594
2xej,8.87,8.2578125
4kfq,8.23,8.03125
2bo4,4.61,5.5078125
4lps,5.74,4.6679688
1eld,6.7,6.7695312
4cps,8.27,8.3125
4e7r,7.7,7.6054688
3ml5,8.52,9.03125
3lp7,5.44,5.2890625
1phw,3.3,3.34375
3cft,4.19,4.3828125
1qf0,7.38,7.8359375
3s9t,6.82,6.5742188
3r5t,8.58,8.15625
3f78,3.1,3.2324219
4h3f,9.0,9.0
4er2,9.3,9.015625
2e5y,5.85,5.6679688
2r43,6.0,5.9414062
1a99,5.7,5.7890625
4l4z,5.68,5.4921875
5c2a,8.32,8.6015625
3dyo,2.3,2.8984375
4riv,7.0,7.1445312
1fzq,7.62,7.609375
4bcm,6.91,7.1914062
4zvi,6.33,6.0546875
2aog,6.28,6.1601562
4bs0,5.7,6.3320312
1msn,9.09,9.4140625
3rz8,8.17,6.8984375
1tng,2.93,3.2539062
2ydt,5.52,5.7773438
3mhc,7.96,7.171875
2hkf,6.38,6.0429688
1a4r,6.66,6.0078125
5std,10.49,10.109375
2q89,6.3,7.40625
3d1z,8.8,8.8359375
2w67,4.96,4.6523438
1dy4,4.36,4.6484375
1w5v,8.15,7.7421875
4d3h,6.43,6.4453125
4o0b,8.3,7.5195312
2rd6,8.3,7.7265625
1yet,5.92,5.1328125
4ggz,10.18,9.8203125
1xka,6.88,6.5429688
4e4n,9.05,9.1171875
4xu0,9.11,8.6640625
4n9a,4.19,4.2929688
1m2x,4.15,4.546875
4pp5,7.74,7.6367188
3pb7,5.74,5.5273438
4ezr,5.2,5.5
4d1j,6.31,6.59375
3tvc,7.74,8.1171875
3uod,7.31,7.9765625
1o2r,5.21,4.9257812
3drf,7.0,6.5039062
2e91,6.59,6.5429688
1o0f,5.3,5.7578125
3c84,7.85,8.234375
3ivx,5.74,5.9726562
2r58,2.0,2.3964844
1nw4,9.07,8.3125
2vyt,2.74,2.7695312
3bxe,5.48,5.703125
4cs9,2.1,2.4667969
1o2j,6.92,6.953125
2aj8,6.2,6.2773438
1r1j,8.64,8.15625
4hzm,4.63,5.125
4x6i,8.0,7.515625
3n4b,7.02,6.7539062
2zdn,6.25,6.3164062
1y6q,11.7,12.765625
1w9u,6.09,6.53125
2x96,4.03,4.1367188
2o4k,10.46,10.4453125
4yzu,5.05,4.9648438
3t0d,2.37,2.3769531
3ebh,6.32,6.3476562
2qhz,7.28,7.4921875
4rpn,6.96,7.0546875
4o05,7.43,7.578125
4ido,4.93,4.921875
3g19,6.67,6.953125
3l4v,6.72,6.8671875
3f68,5.06,4.9492188
2f2h,5.7,5.1601562
1afk,6.62,6.1640625
3n2p,7.82,7.5820312
2wr8,5.44,5.0039062
4q4r,6.43,6.9179688
3suu,8.52,8.453125
4o0y,7.22,6.8671875
2zmm,7.6,6.890625
3ed0,6.35,6.8164062
3ie3,6.68,6.3554688
3dcc,8.96,8.859375
4g95,7.61,7.3125
1g54,8.82,8.609375
4i7m,4.14,4.7539062
2pvl,7.62,7.7070312
3ip8,2.28,2.6992188
3nik,3.45,3.7167969
4j45,5.77,5.4648438
4emr,7.49,7.5273438
1if8,9.64,9.921875
1gja,5.42,5.4804688
4lw1,3.15,3.6835938
3b25,6.07,6.1328125
3h89,7.64,7.2539062
2fmb,8.7,8.375
4c1t,7.15,7.828125
3ov1,5.2,4.75
3ao2,3.77,3.9648438
2xbp,5.02,5.140625
2ate,7.07,6.6054688
1zfk,7.92,7.6523438
3dp4,7.37,7.453125
1fzm,7.7,7.8945312
1r1h,8.92,9.328125
4fsl,7.7,7.796875
2o4n,7.82,7.328125
2q5k,11.3,11.5078125
4n8q,3.42,3.7304688
1ai7,4.09,4.2421875
3p7i,7.7,7.46875
4q7v,3.59,3.2792969
1yds,5.92,5.6210938
4der,6.31,6.6171875
4jfm,5.48,5.4570312
2p4s,9.51,9.28125
1ndy,6.17,5.828125
1v7a,8.01,7.625
2aqu,9.32,8.6328125
4xmb,7.36,7.203125
2vxn,5.0,4.6289062
4fev,5.42,5.578125
1v16,3.87,3.9257812
1a8i,5.52,5.0234375
4kwf,4.82,4.8242188
3i4y,7.05,6.6953125
1pkx,6.92,6.0117188
2wc3,6.08,5.875
4z2b,7.76,7.7773438
4djy,8.27,8.1328125
2w8w,2.12,2.1640625
2zx8,9.64,10.6484375
1cgl,6.87,6.9179688
3djk,10.59,9.859375
3vfa,9.19,9.2421875
3suf,7.56,7.2851562
1epo,7.96,7.78125
1jmg,6.07,6.1015625
3iw5,6.08,6.3359375
10gs,6.4,6.2890625
4jkw,4.16,3.8125
4exs,4.41,4.5625
1pxp,6.66,6.5
3sha,5.59,6.4453125
1tuf,4.05,3.7539062
4jne,5.86,5.625
4iwz,7.29,7.5703125
4tkj,6.04,6.0625
2qfu,4.18,3.8554688
4psb,4.64,4.7304688
1hxw,10.82,10.8359375
4gbd,11.32,11.203125
3m3z,5.73,5.1757812
1ql7,5.0,4.8085938
4dzy,5.62,5.4882812
1oif,7.72,7.1953125
3neo,5.92,5.5273438
2cf9,7.82,7.8945312
4b32,3.34,3.4375
3p58,7.6,7.0351562
2e92,6.89,6.6640625
4h85,5.15,4.9804688
2cen,8.3,7.6914062
4ai5,2.92,2.8457031
4f6w,7.52,7.3164062
1h2k,2.92,3.0898438
2hw2,2.97,2.6386719
1yej,7.46,6.8671875
1nja,6.31,5.765625
1fch,7.15,7.1171875
2cgf,6.41,6.8398438
4ymh,6.46,6.28125
4ufj,4.28,4.1171875
4x8v,6.89,6.4648438
3b7r,7.7,7.5859375
1qxl,7.96,7.921875
1ebz,9.4,8.1875
2uy0,6.92,7.1796875
2i4j,6.16,6.0039062
4rww,5.85,6.546875
4aqh,6.54,6.6953125
4q3u,6.44,6.1054688
1xh4,7.47,7.1210938
3nq3,3.78,3.6054688
3p9m,5.0,5.125
3kek,8.36,8.15625
1o5g,4.96,4.828125
2qhd,5.38,5.25
1gj7,7.89,7.9257812
3hzk,6.7,6.21875
4ibf,4.43,4.6875
2w8y,9.09,9.28125
3ozp,6.62,6.1328125
1uz4,3.4,3.2539062
1fzm,7.7,7.5703125
2cc7,8.01,7.6796875
2zn7,7.89,7.453125
3g2l,3.87,3.9960938
2ews,6.62,6.2109375
4ayp,6.12,5.5507812
3gk1,4.1,4.2578125
1mfa,5.04,4.6953125
1jsv,5.7,5.515625
3arw,6.15,6.203125
4urz,2.52,2.625
1tng,2.93,3.1542969
2q88,5.8,5.8632812
3tf6,6.4,6.2734375
4jpy,4.43,4.125
4r5b,6.73,6.21875
2vvc,8.52,8.875
3cm2,6.47,5.9609375
3zk6,6.34,5.9140625
3drg,7.0,8.078125
1o2o,6.36,6.734375
2hmu,7.7,6.625
1b6h,7.82,7.7109375
1pa9,4.6,4.4726562
1lf2,7.52,7.34375
2eg7,5.89,5.7421875
3s56,9.62,9.9765625
3t85,7.95,7.8710938
2h5a,5.1,4.8085938
1y3n,5.55,5.7773438
2pyi,3.75,3.921875
4a6l,8.0,8.0546875
3rdo,9.85,9.2890625
4m3p,5.4,5.4023438
4yrd,4.57,4.6523438
2xjg,7.82,7.125
4b6s,6.01,6.5585938
3b67,8.85,8.953125
4xar,6.97,7.2695312
2q7q,5.3,5.15625
3buf,3.1,3.0761719
3po1,4.02,3.8554688
1ec2,10.0,10.5234375
4mss,6.4,6.2695312
3ibi,8.59,8.8125
1d4i,8.85,8.1953125
1v1j,4.82,5.4765625
1x8r,6.12,6.3710938
2xht,5.96,6.0273438
3acx,5.7,5.40625
3k4d,5.11,5.3984375
1g85,5.48,4.9609375
1txr,7.74,7.6484375
1nje,3.8,3.8925781
2r3w,6.89,7.1328125
4kx8,7.13,7.4453125
4xmr,4.07,5.0351562
4ipj,4.87,4.875
4el5,5.37,5.6328125
1qbq,8.3,7.6796875
2hzl,6.57,6.484375
4b3c,2.68,2.6542969
4o04,6.16,6.484375
1nli,3.59,3.4902344
4qev,7.66,8.1875
1o35,5.0,4.90625
2xab,9.27,9.25
3f8e,7.23,7.1953125
2yxj,9.3,9.328125
4ht2,6.54,6.5117188
4oct,5.05,5.3007812
3fl5,7.28,6.84375
2ydt,5.52,5.9882812
3kmx,4.82,5.1992188
3qx5,4.2,4.4296875
3vha,7.4,7.234375
3ppr,2.82,2.9785156
3p8z,6.09,5.9921875
1li6,3.8,3.2324219
1w3j,6.32,6.2851562
1c1v,7.64,7.7382812
1aj7,3.87,4.3710938
1e6s,3.22,2.9609375
2xeg,10.7,9.6796875
3s77,7.21,7.359375
4fzj,3.15,3.3945312
1kav,5.82,5.5429688
4lkq,3.35,3.2753906
4g95,7.61,7.6640625
4nxv,5.42,6.0507812
2j7d,7.13,7.1523438
1bnv,8.77,8.8359375
3dx4,7.12,6.9726562
1fpc,7.0,7.2070312
3fql,7.15,7.0703125
1uv6,5.12,5.3164062
3njq,4.89,4.765625
4r59,7.96,7.7226562
4hwp,7.76,7.2265625
4np9,5.03,5.0078125
3dk1,9.74,9.859375
2zx6,10.6,10.4765625
4d1j,6.31,6.4804688
4cpz,7.68,7.46875
1laf,7.85,7.8007812
3ao2,3.77,3.8671875
3ckb,2.98,3.0214844
3qqa,5.82,6.0742188
3mf5,5.36,4.7304688
4oak,4.22,4.7578125
4b3b,3.6,3.8984375
1rtf,3.04,3.3457031
2yfa,5.07,6.2539062
4z83,7.4,7.5625
4y2q,2.92,2.9863281
4ezr,5.2,4.9257812
1kpm,5.8,5.96875
1t7j,8.7,8.453125
3t1l,3.26,3.5
1mai,6.68,7.2226562
4o0y,7.22,7.484375
2y81,8.7,8.828125
3odu,8.14,7.7421875
3cr5,4.19,3.8964844
1v2u,3.37,3.0058594
2hjb,4.39,4.5546875
4oag,6.3,6.6640625
2j7e,7.32,7.0585938
4q99,6.28,6.0664062
1t32,7.42,7.78125
1zpa,8.4,8.4921875
2yfx,8.09,7.7148438
1ai4,2.5,2.9550781
4nze,6.8,6.9179688
1gaf,8.0,7.5390625
2qry,8.64,7.9726562
2j4g,6.6,6.796875
2o4s,10.51,10.328125
2h3e,5.7,6.125
2isw,7.43,7.0585938
1sv3,4.35,4.421875
1xr9,7.15,7.5
3wjw,3.87,4.0117188
3r5t,8.58,8.2734375
3sw8,4.5,4.7539062
1e3g,9.0,8.8515625
1qf0,7.38,7.4882812
2fgv,6.12,6.1289062
3uu1,5.2,5.5117188
1hih,8.05,8.90625
7std,10.72,10.3984375
3pd9,6.22,6.9765625
4w97,7.1,7.1367188
3l6h,5.4,5.0234375
3w9r,6.18,6.3398438
4e7r,7.7,7.3710938
4wrb,6.19,5.6835938
3c84,7.85,7.4570312
4buq,8.14,7.1015625
4yml,8.35,8.921875
2h15,5.67,5.5546875
3cj5,6.34,6.5195312
2y8c,6.4,6.578125
3t09,3.8,3.7304688
2cht,5.52,5.0742188
2jf4,8.15,8.59375
1i1e,5.03,5.0820312
3o9e,11.3,10.6015625
2uwl,8.4,8.4765625
1hwr,8.33,7.5820312
1kmy,5.1,5.4023438
4xir,6.94,7.0703125
3el9,8.4,7.15625
1q1g,8.57,8.4453125
4fxp,4.09,4.3515625
3a1e,2.66,3.0273438
4y5d,5.92,5.921875
1f74,3.05,2.984375
2bes,4.24,4.171875
3rt8,6.35,5.921875
3bxg,4.96,4.9179688
4ffs,10.44,10.8828125
4omc,10.78,9.8203125
3fas,6.77,6.1367188
4qpd,7.82,7.9101562
1oau,7.7,7.9453125
3b3w,4.19,4.3359375
2zwz,7.79,7.2773438
3pe1,9.65,9.5546875
2r0z,5.47,5.3515625
2qi1,7.3,7.1640625
3g1d,3.48,3.9140625
3n2p,7.82,7.4375
2pfy,6.52,6.09375
1bxr,3.4,3.5371094
3ujb,5.1,5.15625
3kmy,4.49,3.9511719
4i9u,3.86,3.6015625
4xya,5.86,5.46875
3a1c,4.0,4.1015625
1sdu,10.07,9.890625
1fzo,7.89,7.6015625
1d4j,8.36,8.171875
3cz1,7.26,7.0625
3rm4,5.77,5.359375
3ru1,4.85,4.328125
4wa9,8.42,7.9921875
4ipi,5.32,5.1757812
5bs4,11.0,11.71875
3t83,6.98,7.2617188
5afv,5.59,5.78125
3fjz,4.05,3.8808594
1mes,7.7,7.3515625
2hmv,7.7,8.671875
2yln,7.68,8.140625
3jy0,8.3,8.046875
3mjl,2.44,2.3847656
4mc1,7.85,7.796875
3gy3,5.63,5.4882812
4bj8,8.29,8.390625
4q81,3.02,2.5078125
1zea,5.22,5.75
1jaq,4.48,4.3007812
2qv7,3.66,3.5175781
1c84,5.0,4.7890625
4rd3,6.47,6.4101562
4qxq,5.7,5.2421875
2jh6,7.77,7.6953125
4rra,4.87,4.9140625
4m8x,10.2,10.0078125
3ccw,7.87,7.5195312
4trc,4.52,3.9238281
4cd5,6.71,6.75
3f18,7.4,7.2617188
1cbx,6.35,6.6757812
4zx0,8.0,7.9453125
3ove,6.57,6.4179688
3r7o,8.36,7.7929688
3o75,6.68,6.9414062
2yme,7.66,7.4726562
4xu0,9.11,8.7890625
3zyf,4.85,5.078125
3vje,8.01,7.8398438
3fv3,9.52,8.890625
1pr5,3.92,3.9921875
3ipq,7.57,6.9960938
1li3,4.25,3.8925781
5c5t,3.13,2.9707031
2qpu,3.6,3.3886719
2yel,7.28,7.1914062
1ecq,3.0,3.0351562
1rp7,8.52,8.390625
4m7j,6.11,5.9257812
1dif,10.66,10.71875
2y7p,5.47,4.9609375
2avo,8.85,8.609375
1fd0,8.4,7.8632812
2qmg,9.15,9.265625
3gjw,8.3,8.40625
3mhm,7.0,6.5742188
3zcl,8.0,7.9179688
4llp,4.8,4.296875
2avm,5.7,5.9375
3afk,3.6,4.9375
3lc3,5.23,4.8359375
4tpw,4.69,3.9824219
3fj7,3.71,3.6738281
3bl0,6.92,6.609375
5am7,7.19,6.9335938
3c8e,4.15,4.6054688
3hek,8.27,8.625
3ckp,6.35,5.9765625
3ovn,2.55,2.3125
1lst,7.85,6.9726562
4b6o,7.0,7.109375
1c1r,7.63,7.3945312
2ypp,4.41,4.9765625
1v2o,4.73,5.0390625
4gzw,4.52,4.3125
4jc1,4.3,4.7382812
3gvu,8.0,7.453125
3ifl,8.08,7.6953125
4kn1,6.84,6.953125
1jn4,4.95,5.2695312
1bn3,9.89,9.171875
1lrh,6.82,6.5664062
4er1,6.62,6.8007812
3i51,7.7,7.4765625
3dri,4.42,4.1757812
3ckz,8.72,8.796875
1qy2,5.74,5.3867188
4hbm,7.92,7.5898438
1fiv,6.59,6.4257812
2oi0,7.55,7.3398438
4b8y,8.05,8.515625
1dud,4.82,4.796875
2o8h,7.6,6.8554688
1hk4,5.31,5.8320312
2il2,7.1,7.0625
1qaw,5.12,4.90625
3fx6,6.8,6.9179688
2x7t,6.63,6.6171875
4lvt,10.36,10.1484375
1tok,2.47,2.3691406
2zmm,7.6,7.765625
2ptz,7.82,7.4179688
3u7n,7.95,8.0703125
2reg,5.64,5.6835938
4q7p,4.32,3.9453125
3hmo,7.52,7.2734375
2xm1,5.07,5.0078125
3sur,4.15,3.671875
4mjp,3.88,4.1835938
4el0,4.49,4.484375
4f1l,5.12,5.7617188
1dzk,6.1,5.9023438
4gr8,7.83,7.59375
3hkn,5.35,6.0820312
3lpl,5.62,5.8789062
3n9r,7.15,7.1054688
2eg8,4.5,4.828125
4w9f,5.49,6.234375
4tt2,4.66,4.7890625
4clj,9.15,9.5390625
4z1e,8.24,8.625
4x11,2.22,2.2636719
1b38,6.6,6.9960938
1lke,7.52,7.4492188
2ha2,4.66,4.6015625
4mre,2.19,2.3535156
3qfd,4.17,4.3320312
4pb2,4.8,4.5351562
1lbf,7.85,7.7070312
3l4x,6.89,6.4648438
3fk1,2.62,3.3652344
1i5r,8.52,7.84375
4hj2,2.53,2.5820312
4n7u,6.29,6.3554688
1ws1,9.55,9.0390625
4j45,5.77,6.1757812
3gi4,10.8,10.21875
3g3r,6.48,6.4648438
2epn,7.22,6.53125
4azb,7.24,7.3789062
3oaf,8.8,8.859375
4qge,9.3,8.9765625
1onz,5.1,4.671875
4ij1,5.4,5.5507812
2qi5,10.85,10.2109375
3bxh,4.03,3.8242188
3zq9,6.02,6.7148438
3gqz,2.17,2.453125
4m13,6.7,6.515625
1z4o,4.52,4.65625
3hs4,8.0,7.5
1d6w,5.96,6.3242188
3qfz,3.24,3.6367188
3o99,10.82,10.8828125
3s8x,7.3,7.8476562
2gzl,4.82,4.4101562
1my4,6.98,6.2734375
4ggz,10.18,9.484375
1a4w,5.92,6.4609375
1fcz,9.22,9.234375
3nht,7.01,7.5898438
4mo4,4.22,4.8359375
3t82,7.0,7.4804688
4dkq,6.6,6.0625
2wc4,5.29,5.6796875
3kdc,9.28,9.28125
1y3v,5.64,5.671875
1fzk,8.4,7.8398438
1sgu,5.37,5.59375
5egm,8.62,9.34375
2r2w,4.47,4.578125
1pme,9.4,9.140625
3f19,7.19,7.2578125
1f8d,3.4,3.5664062
1c5c,6.96,6.9765625
1lan,7.22,7.3476562
2q8m,4.03,4.3046875
2hf8,5.47,5.9414062
4bi6,3.95,4.140625
1zoe,7.4,7.5546875
3uug,4.51,4.6679688
3q44,6.31,6.2421875
3t3c,10.23,9.5390625
2qi7,10.21,10.34375
4y8x,8.43,7.9257812
3qps,5.6,5.7890625
3o5n,4.76,4.7070312
3ng4,5.43,6.1445312
2cer,9.22,9.0078125
3lea,9.1,9.40625
4rrg,2.81,3.1621094
4n3l,7.0,6.9414062
4djw,6.28,6.2890625
2qwf,5.67,6.3007812
3ggu,9.77,9.96875
3iae,3.89,3.8808594
2r38,7.44,7.1757812
4crb,7.57,8.453125
3su5,5.58,5.5625
4zzx,6.9,7.0507812
2j2u,7.33,7.6796875
3k1j,6.4,6.7421875
2aoc,4.89,4.6953125
4kp8,5.48,6.3515625
2j7f,6.35,6.8671875
4q4q,5.79,5.421875
4hwo,8.54,8.8828125
5dit,6.15,6.4960938
4hu1,7.54,8.1875
5boj,7.0,7.1367188
2oi2,6.3,6.2695312
1gfy,5.08,5.1601562
3ttm,8.52,7.9726562
3mho,6.49,6.9570312
3lzu,10.06,9.7890625
3ms9,5.22,4.5742188
4cfl,5.88,5.6875
3o5x,5.28,4.984375
1fao,7.37,7.078125
1adl,5.36,5.8671875
3t0d,2.37,2.2910156
3shc,5.72,5.8359375
3hzv,6.52,6.3632812
4hla,10.8,10.265625
1m1b,4.66,4.5859375
1ec3,9.04,8.6953125
4ghi,7.09,7.2382812
1xh5,5.47,5.9335938
3oy0,8.0,8.078125
1a9q,6.17,6.40625
3o9a,10.7,10.375
4da5,6.44,6.25
1bm7,7.52,7.3867188
4pfu,6.17,5.953125
3u7l,7.28,7.4296875
2x2r,7.12,6.9296875
4btk,6.62,6.609375
2d1o,7.7,7.4960938
5dqe,3.63,3.421875
4ge1,6.43,5.6445312
4zvi,6.33,6.7070312
2d1n,8.15,8.0390625
2i3h,7.4,7.234375
2j4i,9.0,8.734375
3vtr,5.57,6.203125
3g0e,7.7,7.875
1r1h,8.92,8.578125
4cwt,6.75,6.9648438
4agc,10.7,10.5546875
3ttn,7.84,7.7226562
4dds,5.01,4.8828125
4cwr,8.3,8.1796875
1q65,5.46,5.6132812
2vk6,5.3,5.1757812
1bnt,9.8,9.015625
2pnc,3.33,3.5253906
3tk2,4.62,4.7148438
2uy4,4.68,4.8242188
2rcn,6.0,5.7695312
3bra,2.7,2.4082031
4mdn,6.22,5.6132812
2bo4,4.61,4.6914062
3cct,7.56,7.2070312
2xef,9.84,9.25
4b5d,7.89,7.2929688
3gpo,5.3,5.46875
3d91,9.15,8.7109375
1xq0,6.34,6.7226562
4mjo,6.22,6.125
4oks,4.48,4.8125
2xib,7.26,7.4375
1ai5,3.72,3.2910156
1gyx,2.48,2.6875
4nra,4.19,4.3945312
3g2h,3.82,3.859375
2ya6,5.7,5.2109375
4pv5,6.54,6.1953125
4de0,5.89,5.875
2yaz,5.14,5.1132812
1g32,6.11,6.5039062
2bfq,6.89,6.1835938
2cbz,3.93,4.1757812
4ryd,11.26,10.453125
1w3k,4.3,4.5039062
1fhd,6.82,6.4804688
1o1s,7.31,7.8710938
4uma,5.41,5.2265625
4ury,2.22,2.0800781
4ovg,3.69,3.4882812
2wk6,3.32,3.4394531
5cas,8.85,8.6640625
1s39,7.7,9.3359375
1f3e,6.7,6.3203125
3miy,7.68,7.8320312
1uz8,4.96,4.34375
2w5g,6.07,6.4609375
4ejl,5.14,4.71875
1cnx,7.37,7.8007812
1lgw,4.0,4.1640625
2fqw,6.68,6.640625
3aqt,6.72,7.0117188
2zxg,8.82,8.828125
3sxf,8.6,7.7773438
4x50,7.75,7.9414062
4ara,6.05,5.5390625
3fvl,6.07,5.8203125
1m48,5.09,5.09375
1h46,3.57,3.7792969
2ctc,3.89,3.7890625
3hkw,8.64,8.2109375
2q89,6.3,6.1835938
2pcp,8.7,8.6015625
2zym,6.14,6.5273438
3sk2,3.61,3.8203125
4gfo,6.62,6.5859375
4b34,3.14,2.7695312
2wnj,6.48,6.078125
1nh0,9.74,9.8203125
4r4o,5.82,5.8789062
1uz1,6.89,6.9453125
1o2h,7.17,6.984375
4dq2,7.52,6.9765625
1v2l,4.29,3.8964844
1jfh,2.05,1.8896484
4jyc,6.7,7.1601562
2vo5,4.89,4.5585938
4jfk,6.44,6.1289062
2i0a,11.4,10.7734375
2oax,8.65,8.765625
4qfl,5.11,5.4765625
3qx8,2.86,3.140625
3jyr,5.54,5.1679688
4djx,7.23,6.9023438
2vot,7.14,6.515625
4rd0,6.62,6.40625
3obx,3.89,3.765625
4ksy,8.42,7.890625
1mu8,9.0,9.1953125
4x6n,8.82,8.4765625
4ijh,4.33,4.1953125
1o0f,5.3,5.28125
4w9j,6.23,5.9257812
4r73,7.64,7.2539062
4m8e,7.89,7.6523438
2nn7,6.52,6.421875
2p95,9.37,8.640625
4mnp,7.34,8.03125
3kdb,9.85,9.0390625
4ibj,4.33,4.1875
3gvb,2.59,2.8769531
2qx0,6.11,5.7773438
4dju,5.44,5.4492188
4zei,5.88,5.7460938
3t2q,3.66,3.3554688
4azc,5.86,5.8828125
4qnb,6.59,5.921875
2e5y,5.85,5.7851562
1drv,6.54,7.390625
3cj2,4.85,4.6289062
1ttm,7.35,7.4023438
3npc,8.34,8.6015625
2hnx,7.08,7.3984375
4tkh,5.74,5.4375
1n0s,7.45,6.5742188
1mfd,5.31,4.3515625
4cr5,4.15,4.3242188
1iih,2.89,2.6914062
2q63,7.18,7.1367188
1utm,3.01,3.1523438
4pf5,5.48,5.71875
3fjg,3.73,3.0898438
3gm0,7.77,7.2421875
1fm9,9.0,8.796875
4km0,6.04,5.75
1wur,6.66,6.1640625
3sio,8.0,7.5273438
2w9h,6.37,5.6015625
1qy1,6.52,6.9453125
1fkb,9.7,9.046875
4ts1,4.94,4.1914062
1pxo,8.7,8.03125
1g4o,8.25,7.21875
2xye,8.34,8.15625
2i2b,2.44,1.9990234
2f81,10.52,10.0390625
5byi,7.51,6.4375
4p58,4.6,5.1015625
4pmm,7.57,7.7851562
3pn1,6.96,6.5390625
1oss,4.79,4.2851562
2o4r,9.4,9.25
2fqy,6.57,5.9101562
4egk,7.72,7.9609375
4lj8,5.82,5.5195312
4q08,6.3,6.7929688
2zdk,6.37,6.0976562
4k4j,6.12,6.1992188
4bi7,4.58,4.5703125
2yi0,8.12,7.3125
4m0r,5.21,4.9453125
1m2x,4.15,3.7910156
3acl,6.22,5.4765625
3ewj,6.84,6.9453125
3b7i,5.82,5.546875
4c52,5.68,5.796875
2qfo,4.7,4.4960938
2h4n,8.7,8.0
2rfh,6.82,6.7265625
4axd,4.43,4.1210938
1sqo,7.46,6.8242188
2haw,4.92,5.1796875
4r4c,5.54,5.5820312
4m2v,7.44,7.7265625
2bet,2.77,2.3574219
3ama,6.53,6.1015625
1oar,7.4,7.2460938
2ate,7.07,7.0039062
4afg,8.3,8.2734375
4f0c,6.27,5.984375
4gue,5.24,4.875
1no6,4.41,4.265625
1pz5,5.4,4.6757812
1v0l,7.55,6.7148438
4iva,7.16,6.6601562
2ez7,4.36,4.5195312
1o5e,5.74,5.6367188
3d1x,8.66,8.1875
4b35,2.89,2.6074219
1sr7,10.1,10.1875
3l7d,2.18,1.9296875
2ce9,6.03,5.8007812
3djo,4.39,4.3359375
3ipu,7.32,7.0742188
4n6h,9.28,9.1171875
4qf8,7.51,7.1835938
3m35,7.22,6.34375
3oyw,4.11,4.4335938
2jgs,6.62,6.0976562
4b74,7.66,7.125
4kwo,6.45,6.2929688
3arr,5.4,5.0585938
2oiq,5.0,5.0195312
4zec,5.82,5.3710938
3d50,4.77,4.578125
4g8m,7.89,8.09375
2zdl,6.4,5.7421875
4llk,3.0,2.78125
4ngm,10.35,10.1015625
4qiy,7.3,7.5429688
1sqt,6.2,6.6875
2bz6,7.09,6.5039062
1xk9,6.85,6.53125
3cke,6.1,5.6523438
4dmw,4.94,5.125
2vh6,9.7,9.828125
2ybu,6.38,6.3671875
2wyj,9.0,8.9296875
4jx9,8.62,9.0
4qxo,5.51,5.1015625
3dbu,8.06,7.6953125
1wvj,6.73,6.78125
1gjc,6.35,6.65625
1d4y,11.1,10.9375
1jmf,5.77,5.5859375
1qbo,7.74,7.7226562
4jh0,9.03,8.4765625
1elb,7.15,7.4453125
3dx3,6.52,6.5742188
5ceq,7.38,7.0625
1e4h,8.41,7.8984375
3ubd,5.54,5.6757812
2csn,4.41,3.8457031
3r24,5.25,5.1953125
4ceb,2.97,2.5585938
4je7,6.4,5.8125
4cg8,6.96,6.28125
4a6s,5.2,4.9726562
3uw5,7.85,7.6992188
4bxk,7.95,8.25
3hl8,4.49,3.9082031
1x39,9.22,8.953125
1s89,5.24,5.4804688
4k55,5.51,6.1679688
1ur9,5.77,5.7890625
4dy6,4.4,5.0273438
4u54,2.06,2.3496094
3fuc,9.72,9.765625
1px4,3.23,3.5351562
2ovv,7.92,7.9375
3egt,8.9,8.96875
1v2j,3.25,3.3046875
1o5a,6.42,6.5117188
1zoh,7.0,7.1757812
1k6v,6.92,6.6367188
2x8z,7.96,8.59375
3s3v,6.23,6.828125
4ovf,4.13,4.15625
1b3h,6.21,6.4257812
3m5e,7.37,7.7304688
4bco,6.88,6.734375
4gzt,7.77,7.8867188
1f0r,7.66,7.7773438
3aau,5.05,5.296875
4nja,6.22,6.6484375
1d4k,9.22,9.4921875
3q6z,3.72,3.9648438
2uy5,5.49,5.5703125
3a1s,4.83,4.5429688
4fl2,3.66,4.7148438
2nmx,5.57,6.0195312
1f5l,5.28,5.2929688
2psu,7.62,7.7695312
1ie9,10.19,10.5546875
1m0n,2.22,2.7851562
2e9u,8.1,7.9492188
3hkq,5.34,4.75
1c5s,6.0,6.03125
1rnm,3.07,3.6640625
4nku,4.67,4.8632812
4bt5,2.76,2.5820312
3q6w,7.57,7.8046875
4ks1,8.82,8.8125
1i9l,8.48,8.2890625
3fvh,6.35,6.8164062
3zbx,8.22,8.4765625
4up5,2.6,2.9316406
4q19,8.05,8.3125
3nox,8.66,8.84375
1nwl,2.39,2.8886719
3bu1,8.15,8.03125
3uil,6.0,6.09375
3zpu,8.38,8.203125
3wtn,7.04,7.3554688
2qhy,7.48,7.5234375
4mc2,8.19,8.9375
2uz9,5.71,5.6640625
2zxd,5.22,5.6054688
4ozj,5.4,6.203125
2ypo,4.68,4.859375
3zhx,6.68,6.984375
5cp9,3.51,3.9179688
4xe1,7.11,7.2382812
3sug,6.21,6.3945312
3v7t,7.21,7.0703125
4a4q,9.4,8.5859375
4dcs,5.1,5.40625
3dln,6.6,7.3476562
2f94,6.71,6.4375
3l7c,2.44,2.7265625
1fh9,6.43,6.1835938
3d8z,3.37,3.2890625
3pwd,6.66,6.40625
4asd,9.28,9.6484375
3lir,6.92,6.8867188
4fut,6.51,6.2382812
1n4h,6.55,6.703125
1i9m,8.48,9.0859375
1w5x,8.4,8.1640625
3ebo,4.72,4.5507812
4db7,6.56,7.0664062
1zgi,5.34,5.9453125
1y20,5.32,4.640625
1wdn,6.3,5.9023438
3nu3,9.82,10.2109375
4ew2,6.68,6.8476562
2wf5,6.0,5.8046875
4br3,5.72,6.0703125
4jv8,5.85,6.0820312
2wr8,5.44,5.6757812
3gcp,7.82,7.921875
4ko8,7.15,6.9453125
3l4z,6.72,6.8789062
1l6m,8.1,8.3125
1pbq,6.27,6.3164062
1lnm,8.7,8.4296875
3pfp,6.44,6.6835938
3rv8,4.92,5.2226562
4c5d,5.4,5.6640625
1uml,7.52,7.6992188
1qbs,9.47,8.7421875
3m37,9.04,9.078125
4kiu,3.85,4.1015625
4m14,6.7,6.59375
1m5w,4.27,4.4335938
2qd6,8.68,9.1953125
2xn5,6.69,6.3789062
1ftm,7.61,8.0390625
1hps,9.22,9.1953125
4l51,3.0,3.2929688
3b3x,3.6,3.8554688
2weo,6.93,6.6523438
4kz3,2.77,3.0957031
1k1y,3.22,3.3789062
3nu9,9.05,9.03125
4k3n,7.96,8.5390625
2vuk,3.9,3.7207031
3tu7,8.09,8.328125
1hn4,3.82,4.0859375
3uw4,7.77,7.625
3d8w,8.15,9.6875
4ll3,11.57,12.4296875
3s5y,7.41,6.5
3mv0,3.85,3.8730469
4crf,9.3,9.2265625
1enu,5.08,4.9921875
3ov1,5.2,5.4296875
4lw1,3.15,3.0546875
3ml2,8.05,8.1015625
1ec0,8.49,8.2578125
3t6b,6.36,5.9335938
1ado,6.0,5.5195312
4cpw,7.5,7.6757812
4ymx,7.1,7.7695312
2e94,8.0,7.6914062
3st5,11.3,10.4140625
3b4f,8.14,8.5703125
4u0w,3.0,3.0703125
4ouj,2.86,2.3769531
3nex,6.0,5.6875
4b6p,7.13,7.1523438
4nl1,3.89,3.6269531
4ab9,3.33,2.8632812
1ony,6.77,7.3320312
1g2o,10.55,9.7890625
4ibk,4.3,4.2578125
3sfg,6.06,6.6992188
3u92,7.48,7.1445312
3bzf,4.52,4.53125
3ok9,11.23,9.828125
4yhq,8.77,9.2734375
3fed,7.46,6.8476562
3lq2,5.22,4.8164062
4ehz,8.0,7.4921875
2nmz,8.37,8.828125
2vba,4.6,4.7421875
4e1k,6.3,5.9921875
3d83,8.36,8.265625
3v2n,6.1,5.8632812
3d78,7.64,7.5273438
3ibn,7.61,7.3671875
5fl6,7.36,7.296875
3iss,6.05,6.546875
4cp5,3.34,3.1191406
1k4h,5.11,5.125
3s76,5.05,4.9296875
4b0b,3.33,3.3886719
1hvk,10.96,11.2578125
1afk,6.62,6.8867188
4f39,5.7,5.5703125
4cl6,5.39,4.9179688
2y7x,8.89,9.4921875
2j79,5.96,6.5234375
3aho,7.05,6.8710938
2h6t,7.22,7.5078125
1tx7,4.6,4.3476562
1ajv,7.72,6.9101562
3zyu,7.0,7.0664062
4xu2,9.23,9.1875
1e1x,5.89,5.9414062
1atr,6.96,6.6523438
3bxe,5.48,4.8828125
2rkm,3.9,3.4785156
4ufi,6.2,5.9492188
1rbp,6.72,6.9726562
4km2,5.84,5.859375
1gj6,7.0,6.90625
1sbg,7.74,7.6132812
4rr6,6.0,5.3984375
4bc5,4.6,4.3164062
3mi3,5.45,5.5546875
4z1k,8.33,8.1953125
2uyq,5.68,5.3476562
1xkk,8.52,8.4296875
3k5i,4.7,4.171875
2vnt,8.0,7.8945312
1yqj,8.14,8.1640625
2wqp,5.51,5.2382812
4b1j,7.3,6.9140625
1o2q,7.68,7.671875
1d3d,9.09,8.578125
1jgl,8.7,8.296875
1o5c,5.22,4.7695312
2ole,7.25,7.1171875
3s8l,5.64,5.1445312
1amk,4.3,3.9667969
4c6u,4.59,4.7929688
4o3f,5.56,5.5429688
2oxy,6.52,6.4648438
3b2q,4.55,4.6953125
3g1v,3.19,2.9316406
2vl4,6.01,6.1054688
1f0u,7.16,6.9023438
1b4h,5.46,4.890625
4elf,8.03,7.3515625
2r58,2.0,2.1992188
2q6f,5.44,5.6015625
4ayq,7.33,6.859375
4erf,9.4,9.0
4kqp,6.05,6.5507812
1aid,4.82,4.5742188
4ad6,4.78,4.65625
3ip8,2.28,2.1132812
3pn4,6.85,6.2851562
4o9w,7.16,7.0664062
1dgm,5.05,4.84375
4qyy,7.3,7.3945312
3rf5,5.63,5.546875
3zze,8.89,8.8984375
1bnn,10.0,9.015625
2vvu,8.1,7.7382812
3mhi,6.7,6.3085938
4q4s,6.95,7.0
3nyd,3.48,3.0917969
3p7i,7.7,7.4804688
4u69,4.26,4.015625
3ocz,7.46,7.65625
1t5f,4.22,4.4101562
4rrf,3.62,3.4960938
2vw2,3.3,3.1621094
1o3p,6.66,6.765625
3kv2,7.32,6.9726562
2vmf,5.85,6.0039062
2ypi,4.82,4.4257812
2pqz,5.67,5.4765625
1nz7,7.12,7.0859375
4fcq,7.0,6.6835938
2vwm,7.03,7.1523438
2erz,5.66,5.5234375
2vmc,2.94,2.3222656
1od8,5.1,5.2578125
1b6l,8.3,7.9375
1c5x,6.68,6.9765625
2pwc,6.57,6.28125
2qbu,6.19,6.1601562
2vvv,8.22,8.34375
1sw2,7.22,6.6328125
2za5,8.43,8.859375
1d7j,3.3,3.3144531
3drf,7.0,7.046875
5azf,4.44,4.6992188
1erb,8.1,8.8828125
5cqu,6.54,7.015625
1ndz,8.11,8.2734375
3m89,6.16,6.015625
3f37,2.62,2.6328125
4pzv,5.7,5.546875
4z0k,6.34,5.8867188
2cle,3.55,3.0507812
2w67,4.96,5.0195312
2v59,7.74,7.9140625
1b3l,5.89,5.7929688
3wq6,4.59,4.0820312
3dp9,9.68,9.359375
2g94,9.52,9.921875
2bal,6.31,5.9101562
3ujd,4.69,4.515625
4pyx,6.14,6.4101562
1f4e,2.96,2.8046875
3ujc,4.59,4.4882812
4f9u,6.03,6.5546875
2e2r,8.26,8.71875
4io2,6.7,7.359375
2xxr,6.55,7.203125
5acy,8.19,7.5976562
2r3t,5.85,6.1601562
4ahr,2.19,1.9833984
1rjk,10.0,10.046875
4g5f,3.05,2.6035156
2f7o,7.44,7.8203125
1s5z,3.21,3.3085938
1ivp,7.52,7.5234375
2oxd,6.82,6.5664062
1wm1,6.3,6.7382812
3s9e,5.13,5.09375
1ctt,4.52,4.296875
4xip,6.63,6.328125
3t5u,7.59,7.4101562
3tcg,5.87,6.2109375
4a4v,6.54,6.3789062
2doo,7.17,7.4257812
4b76,4.54,4.5546875
3p8n,9.28,9.484375
4qf9,4.43,4.4375
3u5l,6.19,5.7929688
4m12,6.05,5.734375
2g70,7.77,7.7148438
3rz1,8.74,8.2734375
1ua4,4.22,3.6914062
3p8o,8.72,9.46875
4e4n,9.05,9.234375
3hx3,8.0,7.734375
3l4y,7.0,7.3710938
1k1m,7.4,7.0898438
3ttp,9.12,9.6796875
1bn1,9.34,9.3359375
4rsk,4.32,4.3398438
2v2q,4.15,4.4765625
1afl,6.28,5.9960938
4bqg,6.22,6.2382812
3tzm,7.77,7.546875
2xbw,8.0,7.6523438
5aoj,4.68,4.8867188
3m8t,4.0,3.9003906
1w5w,8.8,8.1484375
3fuz,6.54,6.1171875
3bkk,6.08,6.1796875
4ei4,8.74,7.9335938
3rm9,4.77,4.8007812
2fqx,7.15,7.0
4gj2,8.6,9.0078125
4l19,6.1,5.6640625
4mc9,9.44,9.8125
2zdm,6.41,6.4726562
4c1y,3.6,3.7324219
1bju,4.8,3.9628906
3ijh,4.0,4.53125
3pwk,3.35,3.5722656
185l,3.54,3.8945312
3bkl,6.17,6.7265625
3t01,4.48,4.375
1o3d,7.13,7.1171875
2wec,3.96,3.5585938
4nvp,7.57,7.9257812
1xgi,4.85,4.8242188
1hvl,9.95,11.1484375
1jq8,6.0,5.7695312
2qi0,7.38,7.515625
3d1z,8.8,9.3046875
6cpa,11.52,11.0234375
2q8h,3.0,3.09375
1mrn,4.52,4.78125
4ygf,7.68,7.953125
2e2p,4.74,4.8125
2w8j,2.96,2.8105469
2vhj,3.9,4.5351562
4m0f,8.77,8.921875
4j74,4.59,4.6171875
4ibd,3.67,3.5488281
2e91,6.59,6.5078125
3str,8.4,8.96875
4czs,5.0,5.015625
4b2l,3.24,3.1171875
4zj6,8.52,8.625
3ug2,8.25,8.1875
3buh,3.66,3.609375
1hbv,6.37,6.3398438
2qft,5.26,5.4257812
3u7m,7.45,8.3359375
2vt3,4.15,3.921875
2fu8,4.7,4.3242188
3ao5,2.23,1.9960938
4zb8,6.03,5.9882812
4gih,8.32,8.3046875
2olb,5.54,5.5
1fkn,8.8,9.4140625
1tmn,7.3,6.9335938
1g3e,5.38,5.5234375
2rkg,8.09,7.7890625
3eft,7.92,8.6328125
3rt4,8.8,8.9453125
3wha,9.32,9.734375
1k21,8.38,8.328125
2rke,4.08,3.5957031
2qbw,7.25,6.84375
4qhc,6.7,6.5898438
1r0p,8.0,8.328125
2f9k,7.07,7.1523438
3rlb,9.92,9.0234375
4ih3,4.82,4.4453125
1k6c,7.48,7.3476562
1i37,9.57,9.546875
2vw1,3.52,3.4199219
1b8o,10.64,10.6171875
3djv,4.55,4.40625
2cej,8.62,8.0234375
3gss,5.82,6.15625
1xap,8.7,8.578125
3rbu,9.43,8.5
4xt2,7.15,7.4921875
2a4m,4.52,4.5078125
2qi6,10.57,10.96875
4fm8,5.97,6.0234375
1kdk,9.05,9.140625
2jdu,6.72,6.4765625
4gny,4.22,4.3984375
2vk2,6.89,6.9609375
3gs6,6.59,6.0039062
4ase,11.0,10.90625
1tsy,4.96,5.2148438
3evd,6.91,6.1523438
4nue,6.82,6.609375
3u6i,9.0,9.2265625
3hfb,7.52,7.6328125
5er1,6.02,6.078125
3pck,6.7,7.2617188
1phw,3.3,3.3105469
3hku,8.3,8.3046875
4u5o,2.42,2.5175781
3pcf,6.05,6.4414062
1k4g,5.85,5.734375
4v27,6.66,7.8476562
2pv1,7.14,7.2851562
1q72,6.85,6.6445312
4rfd,8.05,7.546875
2vnp,9.92,10.0
1k27,9.0,9.3046875
4l9i,4.89,5.046875
3pwm,9.1,10.046875
2g72,6.5,6.46875
2qpq,6.37,6.9804688
4ymg,4.68,4.6445312
4alx,7.28,6.6992188
3djx,2.81,2.5703125
4gq4,7.66,7.2148438
2zft,6.52,6.7070312
2zfp,5.17,5.0820312
3f80,4.22,4.0546875
2xjj,6.51,6.2265625
1m7y,10.96,10.484375
3hl7,7.64,7.3867188
1hpx,11.26,11.7578125
2v57,7.1,7.8476562
3d7b,3.69,3.7871094
1f57,5.64,5.84375
1o7o,4.49,4.3125
3f70,4.85,4.84375
2azr,3.64,3.5527344
1i80,6.41,6.484375
4ck3,3.57,3.3496094
1e5j,4.0,3.9003906
4acc,7.7,8.296875
5efc,4.85,5.3007812
1egh,5.7,5.6054688
2fw6,2.92,3.4863281
1e2l,4.29,4.2578125
3iue,5.82,5.6484375
4bks,3.82,3.734375
3imc,2.96,3.1386719
3ie3,6.68,6.3515625
3ekr,7.52,7.140625
4qtl,6.92,6.421875
1fh8,6.89,6.6757812
5cc2,4.1,4.4921875
3u7k,7.07,7.3007812
4jss,3.3,3.0332031
4b3d,2.68,2.6835938
1mq5,9.0,9.1953125
1c3x,3.68,3.6757812
3h1x,5.89,5.5585938
4mhz,6.87,6.6523438
1uw6,7.34,7.4453125
1vyf,8.05,8.3984375
1r4w,4.05,4.0195312
1xbo,6.04,6.0898438
1df8,9.7,9.5
4w9p,7.8,7.6445312
2wej,6.08,5.5507812
3ryz,8.62,8.4375
1qkb,7.35,6.65625
5e8f,8.64,9.0546875
4poj,8.1,8.0390625
4ks4,7.14,6.7539062
4keq,3.82,3.53125
4q7w,2.64,2.6796875
1c5o,3.49,3.5722656
1fkg,8.0,7.9765625
4f3k,10.16,9.15625
4hf4,8.62,8.2265625
4u1b,5.31,5.3984375
3pgl,5.3,5.2265625
2cbj,8.27,7.8945312
4uoh,4.77,4.3476562
1qb9,7.44,7.453125
1g1d,9.44,9.921875
3r4n,6.89,6.6914062
3f16,8.23,8.4140625
1hvr,9.51,9.703125
4pox,5.43,5.421875
1hi5,4.04,3.9648438
4fxq,5.77,5.3007812
5cs3,2.15,1.9052734
3cyz,7.22,7.1484375
3i4b,8.15,7.96875
3k4q,5.34,4.90625
3dc3,8.31,7.6445312
1c5q,6.36,6.4726562
2p3i,3.48,3.3261719
4er2,9.3,8.5859375
3vfb,9.04,9.1640625
1izh,7.7,7.21875
1elr,4.96,4.984375
1li2,4.04,3.7128906
3u93,6.31,6.0429688
4idn,5.24,4.6796875
3sbi,7.92,8.03125
4fl1,3.28,3.1289062
1q8w,5.24,5.5625
3t0b,4.3,4.4726562
1hsl,7.19,6.296875
4ucc,4.32,4.1484375
3ikd,6.75,6.234375
2e27,9.35,8.4765625
2usn,6.51,6.2851562
1b5j,7.43,7.3046875
3s9t,6.82,6.8671875
3hb4,9.05,8.6640625
1hpv,9.22,9.4296875
4b7p,9.46,9.171875
2qhz,7.28,7.5859375
2p3b,8.48,8.2265625
4r0a,4.26,3.5664062
4o0x,7.17,7.421875
1k1n,6.82,6.6796875
4j7d,4.7,4.7539062
4jyt,7.4,7.2265625
3muz,3.46,3.5625
1ex8,6.33,6.5820312
1yc4,6.55,6.4453125
3fqe,8.3,8.03125
4do5,5.83,6.1445312
4lxd,7.23,7.0429688
3mi2,7.77,8.1875
4b7j,7.95,7.515625
4x48,6.77,6.3828125
3ryx,8.14,8.953125
4f6u,6.15,5.8710938
4bps,2.99,2.9179688
1oba,2.44,2.4453125
3o9d,10.72,10.6015625
3su2,7.35,7.0859375
1qk3,5.15,4.9882812
1toi,4.05,3.7363281
4mmp,7.71,7.7109375
3kgt,5.51,5.7773438
1k1j,7.55,7.4921875
1o2w,5.85,6.2460938
1kzn,8.92,8.9453125
4c2v,9.0,9.03125
2v95,8.3,8.1953125
2cli,4.3,4.4960938
2vjx,4.96,4.9101562
3kqr,4.43,4.2617188
4ax9,9.57,9.8515625
1oe8,5.52,5.578125
4g8y,4.59,4.1875
3hvk,8.52,8.453125
1rnt,5.19,4.9335938
3td4,5.66,5.0
1ghv,4.35,3.9511719
3kyq,4.22,4.2265625
4dff,7.46,7.25
1np0,3.57,3.8847656
1y3x,5.14,5.0585938
186l,4.85,4.6992188
3ekp,8.89,8.6328125
1x38,8.77,8.4453125
1duv,11.8,13.1875
4jn2,11.68,12.203125
1avn,3.9,3.8164062
2fgu,9.18,9.484375
4cd0,9.7,9.4609375
3k02,5.0,4.8515625
3hzm,5.52,5.5273438
1nw4,9.07,9.0859375
3nu6,9.3,8.8515625
1w5y,8.48,8.3125
4kb9,11.0,10.6171875
1c86,4.7,4.6054688
1d4h,10.0,10.390625
3h78,4.24,4.6835938
2jiw,4.59,4.171875
4rpn,6.96,7.4921875
2xhm,6.8,6.9296875
2p7z,6.58,6.5898438
3rlq,7.4,7.46875
2iw4,9.3,9.234375
1nq7,6.8,7.1757812
4arw,7.13,7.1445312
1m0b,8.82,8.15625
3qfy,6.12,6.078125
4yzu,5.05,5.3164062
1gi7,4.51,4.9296875
3gy7,4.52,4.6523438
3q1x,5.33,5.3554688
4q93,4.65,4.7109375
3l7a,4.33,4.3671875
5bwc,7.21,7.0078125
3oyq,7.99,7.8984375
2p2a,6.12,5.5703125
4ish,8.72,9.03125
4loi,6.77,6.5117188
3d2e,6.42,5.5625
3wmc,6.51,7.234375
1pot,5.49,4.6679688
3lcv,4.74,4.8242188
3u6h,9.0,9.4921875
2p09,6.35,6.46875
4emf,7.08,7.3203125
4io3,6.06,5.6484375
4lov,7.77,8.4453125
4x8o,6.6,5.7460938
3l3l,7.48,8.0
3ikg,7.24,7.1875
2ha5,4.34,4.5117188
3lzz,3.84,4.2773438
3iqu,4.77,4.578125
3wqm,6.25,6.109375
1ajn,2.63,2.4316406
3m1k,5.39,5.7578125
1if8,9.64,9.6875
4x8u,2.46,2.4296875
4gzx,3.19,3.4492188
1wuq,8.27,8.7578125
4u6z,5.41,5.6367188
2wly,6.6,5.7226562
2psv,7.24,7.3242188
1mrs,3.96,3.5136719
6upj,6.32,5.9765625
1yda,6.55,6.6835938
4fht,6.17,6.1992188
1a4k,8.0,7.1992188
4oc1,6.6,6.640625
4x5r,7.85,7.515625
3sap,7.59,7.6914062
5btx,3.55,3.40625
1ypg,8.0,7.8984375
1mjj,8.74,8.703125
3vw2,4.75,4.8320312
1ydd,7.07,8.2421875
4zl4,7.86,7.4414062
2oc2,8.52,9.421875
3fwv,5.64,5.515625
5a2i,5.06,4.5898438
4rhx,5.8,5.6484375
2c3l,5.07,4.921875
2gj5,8.32,8.03125
3v3q,6.6,6.9257812
4bak,8.91,8.78125
3uj9,4.63,4.2109375
4u6w,4.21,4.7539062
2fqo,6.43,7.0820312
4qfo,4.27,3.8105469
3g2j,4.75,4.9453125
4fs4,6.57,6.3007812
3po6,7.06,7.421875
1pro,11.3,10.4765625
4nwc,5.76,5.3984375
1toj,3.39,3.390625
3gus,6.05,5.65625
1o36,5.96,5.6132812
2fzg,3.38,3.4667969
1loq,3.7,3.1738281
4x5z,7.63,7.5976562
2rio,4.69,4.6132812
4ahs,2.19,2.2304688
3sax,6.57,6.3632812
2f6t,4.62,4.1171875
1k1o,6.17,6.3632812
3m3x,6.82,6.2148438
2pvk,8.3,8.5
1oxr,5.19,4.8671875
3ozj,5.11,5.109375
2xj2,7.18,7.2070312
3a1d,4.12,4.1367188
1uho,9.22,8.3984375
1y1z,3.08,3.2226562
4h7q,5.06,5.1210938
3s0b,6.49,6.578125
4lxz,6.74,6.6445312
4cmo,9.07,9.1796875
1c83,4.85,4.7304688
4hfp,7.38,7.3867188
4fm7,7.24,7.0585938
1b3g,6.7,6.2460938
1pb8,5.15,5.3554688
4att,6.98,7.015625
4np2,2.26,2.4609375
1v0k,5.1,5.078125
4emr,7.49,7.5507812
3wvm,5.71,6.171875
4hym,8.22,8.59375
3n8k,4.05,3.5214844
1c3e,6.59,6.0390625
2aog,6.28,6.1953125
2pqb,7.2,6.3125
4crl,9.71,9.921875
3ctt,6.35,6.1835938
1sh9,6.03,5.3242188
4ca6,6.74,6.1367188
3c52,7.3,7.2070312
3cdb,7.02,7.2617188
4e67,6.48,6.75
1ssq,6.0,5.4609375
3s6t,7.35,6.9726562
4q1y,10.35,11.1328125
2q54,9.01,8.59375
1a94,7.85,7.5
2xb7,9.19,9.5
4o61,4.3,3.9101562
1hos,8.55,8.7734375
3k8o,11.07,12.4140625
4na9,7.39,7.9882812
1lzq,8.39,7.6914062
1bwa,8.6,9.2734375
3l4u,7.52,7.5898438
4zzy,5.6,5.3359375
4o97,8.52,8.625
3pb9,6.58,6.1640625
3tmk,6.87,6.2695312
1b05,7.12,7.2695312
5am6,6.73,6.8125
1a28,8.29,7.7773438
1hlk,5.0,5.203125
4lk7,5.04,5.4453125
3b7u,7.74,7.296875
1d3p,7.39,7.0820312
3zj6,6.66,6.7773438
3d0b,6.54,5.9140625
4j44,5.73,5.859375
1xh9,7.77,7.6054688
4jal,4.6,4.40625
4g0p,3.01,2.5234375
3h89,7.64,7.8984375
3d51,4.15,4.1640625
3fat,7.64,6.8554688
3f34,3.16,3.1542969
1gu1,4.52,4.515625
4cjr,3.1,3.0175781
3sjf,7.64,7.5390625
1mrw,9.7,9.8203125
2vqt,6.0,5.9375
1vyg,8.0,7.7382812
2vmd,3.02,2.6328125
2bpv,7.67,7.1953125
2za0,6.64,6.5976562
4qjx,7.28,6.8320312
3dyo,2.3,1.6806641
3wq5,3.85,3.5332031
1w11,8.22,7.9140625
2wkz,8.77,9.3828125
1syh,6.41,6.1484375
4hy1,8.7,9.2265625
4isu,3.68,3.6503906
4eb8,9.82,9.640625
4v01,8.11,8.3359375
1fzj,8.1,7.8125
3dp4,7.37,6.4609375
4gqr,3.96,3.9726562
1nny,7.66,7.5976562
3n3j,8.48,8.3515625
3hww,7.12,7.0742188
3el5,7.72,7.7421875
2xg9,4.15,4.2070312
1kyv,5.92,6.6523438
1qji,4.85,5.2734375
3bft,6.49,6.4179688
1msn,9.09,9.8828125
2p3a,7.96,7.796875
2qnn,7.15,7.0898438
1dar,4.96,5.2421875
4oc0,6.5,6.6796875
3rz8,8.17,8.296875
3lxk,9.8,9.2734375
4kyk,4.74,4.4492188
2hu6,3.81,3.9785156
4pin,5.4,5.203125
4o0a,6.72,6.8828125
3kku,5.7,5.4453125
2ccb,7.45,7.3515625
3m3e,4.43,4.40625
3iub,4.54,4.4101562
2hkf,6.38,6.4414062
3nyx,7.49,7.46875
4qxr,6.0,5.96875
2qrm,4.03,4.3515625
3dd8,7.85,8.90625
3t84,6.97,6.890625
1jao,5.92,6.1367188
4l2l,5.7,5.8320312
3dhv,2.96,2.5878906
3s73,8.7,8.015625
2i3v,6.55,6.3710938
1jak,5.57,5.421875
3hll,8.24,8.328125
1x8j,6.96,7.0859375
1o3j,6.77,7.1328125
3obq,3.54,3.5507812
1zog,7.15,7.09375
5er2,6.57,6.8867188
4uyf,7.6,8.1015625
1lpk,7.55,8.1796875
3ies,9.92,9.640625
4qlk,3.24,4.0820312
1hii,7.28,7.5351562
1aaq,8.4,7.9570312
4epy,3.47,3.3222656
4aci,2.22,2.265625
4iif,5.18,4.7382812
2glp,5.01,5.6835938
4d3h,6.43,6.390625
3nim,4.75,4.78125
4wn5,7.41,7.8515625
4kxn,6.1,6.1367188
3fzn,4.01,3.203125
4cwf,4.49,4.8203125
1fkh,8.15,8.125
3umq,4.62,4.1015625
3nuj,9.39,10.1328125
1mh5,9.21,9.265625
1gar,10.0,11.421875
3fvn,6.77,6.578125
1ppk,7.66,8.1953125
3v2p,6.36,6.3046875
4fk6,9.7,10.453125
1ta6,9.13,9.828125
1g7q,6.06,6.3359375
4dst,2.96,2.6796875
2avq,4.39,4.53125
3gi5,11.22,10.609375
1bnw,9.08,10.6875
3zqe,4.23,3.7539062
3iog,5.52,5.4804688
2vpe,4.94,4.9453125
3be9,7.62,8.15625
3x00,9.08,8.8828125
4c1u,7.09,7.1679688
2gss,4.94,4.3515625
3jzj,3.61,3.4414062
3pe2,9.76,10.671875
3kgu,5.92,5.2734375
4gqq,2.89,2.6425781
4ufm,3.72,3.6640625
2pbw,8.25,8.734375
4i8n,4.46,4.859375
1xjd,9.48,8.7421875
5fl5,8.19,7.1210938
4cs9,2.1,1.734375
1xff,4.82,4.8632812
4in9,4.97,5.0546875
2z1w,4.08,3.8515625
2cbu,5.68,5.9804688
4ynl,4.62,4.8242188
3c4h,5.7,5.8710938
3u3u,6.88,6.6992188
4p6x,7.04,7.234375
4qjo,7.4,7.3710938
3sue,9.08,9.203125
3re4,7.4,7.9492188
3d1y,8.22,8.1953125
3n9s,5.26,5.4023438
4i7j,3.32,3.4589844
2qrh,4.71,4.6835938
1m2p,6.11,6.0351562
3s75,6.82,5.9414062
4loo,8.15,7.8515625
4dkp,5.72,6.2226562
3a2o,9.08,8.8203125
3eb1,4.79,4.7773438
1k9s,6.52,6.6015625
3f5j,4.28,4.046875
3bva,6.52,6.53125
4qjm,8.17,8.0703125
3qw5,6.45,6.890625
1b3f,6.89,6.453125
4cst,8.89,9.1484375
3i6o,10.35,11.015625
1a1e,6.0,5.7578125
4rux,7.92,7.6796875
3lbj,4.96,4.9804688
4mn3,5.75,6.2109375
1o30,6.77,6.5898438
2qtg,5.08,4.8554688
1sb1,6.89,7.0664062
2q64,8.52,7.5234375
4cwn,5.59,5.4804688
3rf4,6.25,6.9921875
2afx,5.15,4.8984375
4cjp,3.32,2.8847656
2i3i,7.3,7.328125
5bry,11.82,11.7578125
5aol,2.32,2.6171875
2vh0,8.51,8.4921875
1lcp,6.64,6.6523438
1qan,4.48,4.4257812
3cf8,4.9,4.9882812
4yik,6.89,6.4609375
2qwe,7.48,7.4335938
1a99,5.7,5.359375
4u6c,5.0,4.5234375
4ly9,8.15,8.796875
4ykj,4.43,4.6132812
4yth,8.7,8.9140625
3mof,3.07,2.8320312
4sga,7.3,6.90625
1igb,6.4,6.3125
4uac,6.54,7.2460938
4e9u,5.82,5.6132812
1ws4,3.0,2.9609375
4iuo,3.64,3.6230469
4q90,2.15,1.921875
4en4,5.52,5.3085938
2ewa,7.94,7.9257812
1bv7,10.3,10.0078125
4kzb,2.89,3.3535156
3ppm,9.54,9.75
1gnn,5.68,5.6054688
1jev,6.89,6.7148438
4ljh,4.71,4.8476562
1olu,4.41,4.359375
3m96,7.22,5.8125
1pph,5.92,5.6289062
2tpi,4.31,4.1992188
1g54,8.82,10.1484375
4m0e,6.22,6.34375
2o4l,9.22,9.2265625
2nn1,5.82,5.8710938
4q6e,6.18,6.4921875
2bfr,5.25,5.65625
3l1n,5.63,5.640625
2x91,6.74,6.2929688
4j48,5.62,5.578125
2j34,7.82,7.421875
3nhi,8.43,8.140625
2a5s,6.7,6.3984375
3tb6,5.08,4.921875
3g2y,2.0,2.3652344
4gqp,9.6,9.421875
3f78,3.1,3.1699219
1f8c,7.4,6.984375
5fl4,7.0,6.328125
3uyr,6.9,6.6210938
1pgp,5.7,5.2851562
3zsq,4.96,3.921875
2xpc,3.9,4.1835938
1njc,5.55,5.0742188
3mhw,2.3,2.3554688
3s54,9.64,9.3515625
1nl9,5.96,5.84375
4efs,8.6,9.171875
3eax,4.92,4.7265625
2b9a,8.05,7.9960938
4i8z,11.05,10.78125
2wb5,9.13,9.390625
3sym,4.57,4.7539062
3ryv,7.07,6.6171875
4djp,10.55,11.8359375
4bf1,8.62,9.09375
3zll,6.4,6.25
3ozg,9.19,8.5078125
3v3l,6.43,6.3789062
4u73,5.18,5.3476562
4o2c,8.0,7.1601562
4cpr,7.46,7.578125
4b5s,3.49,3.6132812
3ehx,7.6,7.8007812
1y0l,9.0,8.25
2r5p,8.48,8.0625
2c80,5.33,5.3789062
2hnc,7.22,7.0546875
2h21,6.54,6.4414062
1k1l,6.9,7.0976562
4lzr,4.7,4.0703125
2pvl,7.62,7.1875
4ca8,6.68,7.0664062
1o2n,6.09,6.421875
2qu6,8.52,8.625
4xty,9.21,9.515625
1e2k,4.94,4.75
4o6w,8.52,8.0078125
2ojj,8.7,8.875
1c88,5.29,5.3945312
2ha3,3.03,2.8945312
1v2n,5.9,6.1835938
3e12,5.99,5.578125
3b92,8.0,7.7226562
4xaq,7.14,7.4492188
2r1y,4.51,4.5703125
2ov4,4.74,4.2890625
2gvj,9.52,10.328125
3moe,4.3,4.0625
3f7h,7.09,7.3710938
2i4x,11.72,11.09375
2x96,4.03,3.6582031
2bqv,8.05,8.515625
4bcn,7.92,8.3046875
2jh5,6.44,6.59375
3s0e,6.55,6.4726562
3cyw,7.77,7.5546875
1bxq,7.38,7.6015625
3r4p,7.96,8.203125
3kiv,4.7,4.890625
3iod,4.1,4.3125
1rpj,6.48,5.3710938
4qem,7.8,7.6835938
3p5l,7.39,7.8046875
1lvu,5.32,4.8984375
4r4t,6.26,6.3007812
3o4k,7.62,7.765625
1i9o,8.42,8.4296875
4og4,6.02,6.2109375
3bvb,5.49,5.4101562
1g4j,8.7,8.6796875
2ihq,8.49,9.0625
1qhc,7.57,7.8085938
3l4v,6.72,7.1132812
2jjb,7.92,8.7109375
3k00,5.77,5.9492188
1b5i,7.05,7.1484375
1m7d,6.23,6.1289062
1jyq,8.7,8.4921875
3th9,7.7,7.515625
1usn,7.74,7.3671875
4nj9,6.97,7.1679688
3mhl,7.25,7.8242188
3lzs,10.96,10.9609375
1c1u,8.25,8.9140625
3i25,8.51,8.9921875
3p3t,7.24,7.6015625
1lkk,6.85,7.3125
4tmk,7.7,7.5859375
1ctu,11.92,11.421875
2exm,4.11,4.7382812
2rin,4.0,3.4707031
5cap,7.28,6.8242188
4lm1,3.23,3.6699219
4do4,7.29,7.4609375
3ioc,3.68,4.2226562
2qtt,4.32,4.4335938
3c39,3.96,3.671875
2y5g,6.84,7.34375
4yc9,8.89,9.4296875
2buv,4.0,4.5625
4qsv,2.0,1.765625
3w9k,6.32,6.28125
2v2c,3.41,3.5527344
4fcf,8.62,8.25
1ucn,5.22,5.4804688
4qf7,8.6,8.84375
3juk,4.89,4.6054688
2qg0,5.72,6.3828125
4o3c,2.59,2.1601562
2qdt,5.19,5.8945312
2wvz,4.02,3.4414062
1rd4,7.74,8.2890625
966c,7.64,7.7460938
4rqk,5.82,6.4375
1jqy,4.92,5.4492188
1nfy,8.89,8.9765625
2uxz,8.48,8.671875
3ff3,3.57,3.5351562
4q1x,11.15,11.0
3rwp,9.22,9.40625
3fee,6.64,7.515625
1gj8,6.96,7.7539062
3d4y,5.7,5.5703125
4q8y,2.64,3.0800781
2bt9,6.19,6.7421875
4mhy,6.47,6.4609375
3n7h,4.5,4.6953125
4ibc,2.98,3.1953125
2vwn,8.0,7.8085938
2ans,5.92,6.0039062
4hzm,4.63,4.859375
4csd,5.91,5.5820312
1hvi,10.92,10.9140625
4k3h,6.85,7.5273438
4qll,3.38,3.4277344
3cft,4.19,3.7167969
4elg,8.16,8.2265625
3zv7,5.92,6.2890625
2v25,5.72,5.875
4io6,4.82,4.9453125
5dgw,11.05,11.515625
4tqn,6.11,6.25
3vjc,7.72,8.2109375
2w7y,6.08,6.1757812
3zm9,7.42,7.9453125
4llj,3.42,3.9492188
3dgo,6.74,7.3359375
4ufk,3.89,3.2167969
1ghz,4.8,5.1757812
2xde,5.47,5.6640625
3zt3,2.86,2.5234375
2g9q,6.4,6.0976562
4wkn,9.72,10.34375
4lar,4.68,5.2265625
3rdv,4.91,5.1796875
3ddg,6.0,6.4570312
3owj,6.07,6.2265625
2y7i,5.54,5.0898438
1ro7,3.18,3.6816406
3wzn,7.0,6.9570312
2dw7,4.7,4.8984375
2uyn,2.7,2.609375
5dgu,11.35,11.046875
3mxe,10.01,10.4296875
2wm0,4.52,4.7460938
2pvu,6.31,5.9335938
4z84,5.82,5.9882812
4aq4,6.17,7.1132812
3guz,4.38,4.4726562
3ffg,9.08,8.90625
1hms,6.37,6.5234375
3f6e,2.38,2.5234375
2p7g,6.53,6.921875
3tz0,5.04,5.2421875
4yo8,10.52,10.3203125
3nkk,4.7,4.3398438
2bmk,5.62,5.9335938
3r0y,4.84,5.0820312
1w13,8.7,9.1640625
4fz3,3.73,4.3710938
1o38,6.82,7.4296875
3p3g,9.74,9.921875
5c2a,8.32,8.46875
1ocq,5.19,5.390625
1i9n,8.66,9.71875
2q5k,11.3,11.6796875
5ahw,5.17,5.1875
3iof,5.22,5.7617188
4etz,6.3,6.4648438
4msa,3.3,3.1601562
3gbe,5.0,4.8125
4qgi,3.9,3.7128906
1gz4,3.7,4.03125
4dsy,4.43,4.4492188
3ivx,5.74,6.4765625
1zc9,3.22,3.328125
5bv3,7.17,7.9453125
3hky,7.1,6.9414062
2fzc,2.7,2.7617188
3p9l,5.3,5.7265625
4riv,7.0,7.8125
1j16,3.84,3.8730469
3p2e,6.22,6.6835938
2vwc,6.62,6.8242188
3f8f,6.63,6.5976562
4jpx,5.15,5.0390625
1ype,8.1,8.0703125
2x97,5.66,6.53125
2wyg,8.7,9.1875
1b6k,8.74,8.5390625
2jew,6.69,6.8359375
1h0a,5.44,5.1054688
3gta,4.28,4.1484375
1j14,4.49,4.4296875
2mas,7.52,7.7382812
2v58,9.09,8.96875
3sbh,7.28,7.4609375
3ibu,9.15,9.953125
4m2r,8.49,8.1640625
1tom,8.3,8.703125
3own,7.47,8.03125
4a95,5.76,5.6015625
1cps,6.66,6.421875
3nee,5.34,5.5664062
3tfn,6.57,6.6992188
4bny,7.1,6.7695312
3b24,4.38,4.2070312
2aod,5.66,5.8945312
1o2z,6.11,6.15625
2v77,5.06,5.234375
1thz,5.15,5.0859375
2vpo,5.42,5.7421875
1u1w,5.85,6.1601562
4x6m,8.24,7.9648438
4ido,4.93,4.8632812
4aq6,4.8,4.5507812
3b3s,2.55,2.7753906
2qwb,2.74,2.3925781
4fsl,7.7,7.921875
3r6c,4.72,4.8398438
3zns,7.41,7.84375
3el4,7.17,7.6054688
2qci,8.34,8.953125
3c8a,6.18,5.921875
1b8n,10.52,10.40625
1ez9,5.1,5.7148438
1o2r,5.21,5.28125
4gzp,7.84,8.921875
188l,3.33,3.421875
2a5b,3.93,3.9257812
4flp,6.72,6.7265625
4g0q,2.52,2.7128906
1kzk,10.39,9.9921875
3roc,8.19,7.6445312
1mu6,8.38,8.4375
2ca8,4.66,4.3046875
2jdh,6.51,6.3007812
4i8x,2.64,2.1210938
4n6z,7.8,7.6015625
3k99,7.22,7.4726562
2on6,6.76,6.7226562
4ban,8.61,8.7265625
3ekx,9.41,9.2421875
2afw,4.77,5.1523438
4kwg,6.0,6.4023438
1g2k,7.96,7.5703125
5cep,6.84,6.7734375
2r43,6.0,6.0585938
3tfu,3.28,2.9042969
5aoi,3.03,3.2539062
4or6,5.31,4.765625
3qxv,8.4,8.375
2jdk,6.54,7.1132812
3uz5,7.22,7.0703125
2rk8,3.64,3.6855469
3b4p,5.4,5.9804688
1moq,3.46,3.4921875
4ahu,2.27,2.4160156
3g0i,3.6,3.9648438
1f4x,5.59,5.265625
3ta0,3.47,3.1875
4ruy,7.89,7.8789062
1lyx,4.54,4.6054688
3djq,2.98,2.96875
3oil,5.68,5.671875
2r5a,2.6,2.3105469
3wgg,4.4,4.8007812
3u7s,8.43,8.9921875
3upv,5.3,5.4101562
3ucj,6.0,6.1953125
4h3f,9.0,8.3828125
1bzj,4.66,4.5078125
4zo5,9.82,10.3671875
2o4k,10.46,10.4140625
4bcp,6.25,6.6523438
3r1v,6.92,6.9335938
2wuf,4.29,4.1210938
1a9m,6.92,6.5664062
4tte,3.69,3.7792969
4xxh,5.0,5.203125
3l0v,7.64,7.4570312
4q9o,5.77,5.9765625
1bai,7.7,8.1953125
3ewc,7.7,7.4960938
2i4u,11.57,12.3984375
1qk4,4.21,4.0195312
3c2r,3.11,3.3203125
1met,9.4,9.5625
2rkd,2.72,2.828125
4zwx,8.7,9.640625
3ljg,7.73,7.8554688
4mr6,6.6,6.5039062
1qyg,6.85,6.8632812
2fx6,3.7,4.1757812
3myq,7.52,7.4921875
4b9k,6.17,6.1679688
2f34,6.89,6.5195312
2qrl,4.0,4.171875
4l50,6.06,5.8828125
1g7f,5.47,6.0429688
4fai,6.99,7.1054688
1tni,4.0,3.875
1n1m,5.7,6.0859375
3b5j,5.68,5.890625
3vf7,9.1,9.53125
3bgq,7.96,8.3671875
3n1c,5.22,5.9765625
1bcd,8.7,8.7734375
1v2t,4.71,4.7539062
3g5k,9.52,10.109375
2baj,8.4,9.125
3vbd,8.07,8.671875
3pju,4.88,5.046875
3ery,5.66,5.6210938
1gno,7.7,7.9726562
2o4j,10.1,10.4609375
4del,7.68,8.328125
2wlz,4.6,4.8085938
3f5k,4.62,4.2382812
1a69,5.3,4.7578125
3old,5.9,5.96875
1w3l,6.28,6.2421875
3a9i,4.15,4.2304688
3zi0,7.4,7.7304688
3cd7,7.84,8.1875
2zdn,6.25,6.234375
1lol,6.39,5.8710938
2fxv,5.35,5.0742188
1hdq,5.82,6.234375
4qer,7.54,7.484375
4ou3,4.41,4.6289062
1ndv,5.92,6.0507812
2pwd,4.4,4.0273438
3ekt,10.59,9.8984375
2x95,4.95,4.6601562
1gjd,5.22,5.1289062
3ed0,6.35,6.578125
3suw,4.7,4.5976562
3mmf,7.43,7.890625
3hit,8.19,8.8046875
1qb1,6.77,6.75
1fki,7.0,6.9882812
4ad3,4.62,4.5898438
1upf,4.6,4.765625
3tvc,7.74,7.8320312
1zdp,5.74,6.0820312
4q4p,6.39,6.0234375
1apv,9.0,9.6953125
2oym,5.0,5.1484375
1nvs,7.82,8.484375
1h4w,4.66,4.3945312
4rfc,8.24,7.9492188
3qxt,5.22,5.0273438
4qjw,7.8,8.3203125
2bvr,3.7,3.7402344
4qrh,5.15,5.1367188
3aas,4.51,4.484375
1b2h,4.54,4.8046875
4kxb,4.12,4.0820312
3dne,5.22,5.1367188
4k7n,3.48,3.5429688
4i71,7.74,8.265625
4u70,5.02,5.1289062
4baq,9.01,9.28125
1fo0,5.59,5.109375
3jrs,4.28,4.0
4leq,6.54,7.2734375
4re2,4.98,5.734375
1sw1,7.3,7.328125
2bvs,4.1,4.171875
2pov,7.12,6.875
2vb8,4.6,4.078125
3ta1,3.25,2.9804688
1xka,6.88,7.03125
3ny3,4.71,4.8359375
1kel,7.28,7.4257812
3cfn,5.0,5.4414062
2uwp,6.81,7.25
3hvh,8.52,8.9296875
1n3z,4.2,3.6464844
4pge,7.77,7.7265625
4wkp,9.55,9.5625
4q3t,6.48,6.9414062
2qi3,10.2,10.8828125
1ppi,5.01,5.3398438
4cd4,6.58,6.3632812
4r76,7.85,7.78125
1b4z,5.23,5.6835938
3c2o,3.35,3.4765625
1ct8,6.52,6.7421875
1bdq,6.34,6.9101562
1cny,7.85,8.0078125
4zbi,6.51,6.8085938
3ai8,3.81,3.9667969
4kao,6.11,5.609375
4z0q,8.17,7.78125
3moh,2.84,2.7695312
2zkj,5.48,5.453125
4ibe,4.15,4.3125
2ves,7.7,8.09375
2aoe,7.62,7.5
5caq,8.57,8.78125
3n35,3.37,3.1132812
3hcm,3.3,2.8964844
4fp1,4.57,4.6953125
2gkl,5.35,5.5117188
2nt7,6.52,6.2773438
1qin,8.0,7.5117188
3o56,9.1,8.7890625
1o5r,8.12,8.15625
2z94,5.85,6.1796875
1oz0,7.7,8.0546875
3p3r,7.25,7.1289062
2qrk,4.26,3.8671875
1b58,6.59,6.4101562
2qzr,7.26,6.8828125
2hxm,5.22,5.2617188
2std,9.85,9.7734375
3eqr,8.7,9.078125
4rlt,4.96,4.6523438
3ljo,6.62,6.8554688
1ajq,4.31,4.3632812
2ygf,5.09,4.875
3n3g,7.24,7.2890625
1k6t,7.62,7.71875
3dcc,8.96,9.71875
3ts4,8.72,8.5
3gkz,8.0,9.140625
1pb9,3.62,3.4863281
3wtl,7.04,6.9648438
1bty,4.74,4.0703125
5e2r,7.06,6.9375
4qiz,8.15,8.828125
3mtw,7.04,6.8359375
3slz,6.99,6.9921875
3brn,8.7,8.8203125
4z93,7.35,7.2070312
3adv,3.03,3.4707031
2f7p,6.6,6.9882812
4qy3,6.82,7.0390625
4pow,6.3,6.3671875
4rqv,5.05,5.5
3hk1,6.17,6.0859375
3zc5,7.13,6.6992188
2avs,7.57,7.5859375
4qew,7.07,7.0585938
3bgs,9.42,10.421875
4zae,8.44,9.109375
1d2e,6.0,5.6914062
2x09,3.76,4.3164062
2d0k,5.02,5.9570312
1ugp,2.89,3.1152344
2ra6,4.52,5.1210938
3b25,6.07,6.5039062
3el1,9.64,9.984375
3kmc,6.4,7.03125
4qgd,7.43,7.9335938
1l83,3.4,3.6289062
3nuo,9.8,9.8515625
3b66,8.6,8.96875
4wup,9.82,9.046875
1nfu,7.74,7.6367188
1pvn,9.82,10.71875
2vyt,2.74,3.8046875
3d0e,8.4,9.0703125
4qp2,3.03,2.1640625
3ppq,4.55,4.71875
5e1s,7.92,8.2421875
4knm,8.0,8.328125
3ml5,8.52,9.484375
4zb6,6.28,6.2382812
1b40,7.28,7.5507812
3alt,2.92,3.3574219
2xm2,4.62,5.046875
4qfn,4.12,4.7226562
1xt8,6.85,6.984375
2wed,6.1,5.8085938
4q87,4.85,5.421875
4pft,8.64,8.765625
1ft7,5.18,5.5390625
2py4,6.7,7.1171875
1bgq,8.57,8.875
3lvw,2.67,2.2636719
4o0b,8.3,8.3828125
4x5p,8.21,8.3359375
4non,5.24,5.9804688
3exh,4.88,5.3554688
1w5v,8.15,8.203125
4ngp,7.96,8.5625
2ojg,5.64,6.4140625
4lkk,5.92,5.6601562
2y9g,3.77,4.421875
2dri,6.89,7.5078125
1u0g,6.15,7.1875
4mo8,8.0,8.8203125
4mrg,2.96,3.2871094
3djp,4.2,4.1757812
1izi,6.59,6.6835938
4k5p,3.46,3.8984375
4zow,4.12,4.1289062
4abd,4.4,4.1484375
1sdv,8.74,9.8828125
4iue,6.55,6.4804688
4gql,9.59,10.046875
1b51,7.37,7.5351562
3hig,7.89,8.5078125
1sld,6.57,6.9296875
4n9c,3.9,4.5117188
3arx,5.33,5.6171875
3b26,6.64,6.9453125
4ndu,2.74,2.3964844
3da9,5.51,5.8632812
3cd0,7.57,7.984375
4abf,4.62,4.2304688
1jlr,3.33,3.6074219
1q7a,7.19,8.0234375
3g32,3.71,4.0078125
5e2o,8.7,8.8359375
1zp8,8.77,9.515625
1ew8,2.26,2.703125
1gi1,5.47,5.734375
3f7i,7.34,7.9726562
4pg9,7.8,8.671875
4hdf,8.49,8.484375
3bex,5.57,6.296875
3r4m,5.92,6.4648438
1f4g,6.48,5.921875
4q46,3.77,4.0117188
3rux,9.28,9.7578125
1add,6.74,7.109375
1f5k,3.74,3.7011719
1h2t,7.89,8.6484375
1ogd,3.03,3.5234375
2qd7,9.1,10.0859375
4og3,6.55,6.8007812
4lps,5.74,5.9492188
1hyo,4.07,4.2773438
4ual,8.4,8.796875
2a8g,3.69,4.1523438
4ocq,4.61,4.9453125
1m0q,3.89,4.2617188
4ufh,6.42,7.3203125
3tif,5.38,5.8984375
2qw1,3.9,3.875
2nnd,6.06,5.96875
4b6r,5.85,6.125
4omj,5.26,5.8867188
1uwu,5.98,6.6328125
4g8n,7.2,7.8359375
2ayr,9.29,9.640625
3v4t,4.11,4.9414062
3eko,6.7,7.4257812
4yc0,4.13,4.3789062
3pb7,5.74,6.6328125
3jdw,3.6,4.3554688
4i7k,3.04,3.234375
4u5s,2.41,3.0546875
1zs0,6.15,6.5625
4ytc,7.89,8.25
2hhn,7.49,7.1523438
1zvx,9.22,9.109375
2nsj,4.79,5.1054688
1l8g,6.22,6.7265625
1b9j,5.96,6.3476562
4ovh,4.85,4.9960938
4o2b,5.74,5.7070312
1d4l,8.77,8.609375
3vhk,4.6,4.5703125
4u71,5.22,5.5351562
3agl,7.8,7.96875
4ibb,3.57,3.859375
2d3z,6.64,6.1992188
2w47,4.98,4.8632812
4ca7,7.36,7.4648438
1lhu,8.83,8.3984375
4nh8,8.52,8.90625
1s19,9.51,8.7421875
2d3u,6.92,6.8085938
4o2p,6.7,6.9648438
3v7x,8.57,7.7890625
3b50,7.55,6.5429688
3lp7,5.44,5.6210938
2xjx,9.15,8.8671875
3hvi,8.3,8.5859375
1det,4.3,4.2890625
3si3,4.16,4.203125
1x8t,7.8,7.515625
5amg,8.22,8.453125
3u81,4.44,4.9375
2r2m,7.33,7.609375
2clk,3.79,3.9882812
3pce,2.0,2.3339844
1o86,9.57,10.1328125
1nhu,5.66,5.6484375
1tlp,7.55,7.1679688
3f5l,3.72,3.4199219
4wr7,11.7,11.953125
2qta,5.76,5.3046875
4l4z,5.68,5.9921875
3zi8,5.66,5.9882812
3efs,5.34,5.3828125
1f4f,4.62,4.8867188
2i6b,7.17,7.2109375
1fjs,9.96,9.09375
4e70,5.28,5.0273438
1kjr,6.06,5.8945312
3ibl,7.84,6.8710938
1wht,3.7,3.9746094
2xyd,6.82,6.7890625
1g7v,6.4,5.8242188
1bq4,5.22,5.1757812
4tjz,5.97,6.2617188
2clh,4.06,3.5273438
1drk,6.82,6.6875
2xej,8.87,8.8671875
4oiv,5.08,5.0703125
3f17,8.63,8.3671875
3vh9,6.24,6.203125
4p6w,9.15,9.71875
4tkb,5.59,6.0546875
3bwj,6.5,6.2148438
2v2v,4.07,3.8125
1n5r,5.66,5.3359375
4aj4,3.89,3.8105469
4yha,6.65,6.296875
2sim,3.42,3.0996094
2vwl,7.02,6.9375
1w9v,6.34,6.15625
1ii5,6.62,6.6757812
4cwp,6.77,6.3085938
1o0m,5.15,4.9296875
3ebl,6.3,6.0585938
1ql9,5.35,4.8125
4c1t,7.15,7.0625
1g2l,7.24,6.8515625
1jvu,5.15,5.015625
4qb3,5.47,5.75
3v51,8.55,8.5703125
4h42,3.47,3.1054688
1tys,5.49,4.7617188
3kgq,2.3,2.40625
1fcy,8.52,9.2578125
3gcu,6.78,6.5390625
1lkl,5.81,5.8085938
1tpw,3.3,3.703125
3g34,2.96,3.2285156
4dbm,7.62,7.3984375
1g46,8.8,8.4375
1flr,10.0,9.90625
4cd1,4.89,4.8671875
3lcu,3.52,4.1835938
3ap4,3.92,3.7460938
3gx0,3.48,4.1953125
3f6g,4.72,4.1992188
4p3h,6.0,6.1640625
1h1s,8.22,8.8359375
1lee,7.74,7.8828125
1msm,10.48,10.390625
2vc9,8.44,8.2578125
4w9d,4.99,4.8984375
1yq7,7.09,7.015625
4jwk,8.32,6.9492188
3m3o,3.6,3.5371094
1hvj,11.4,12.53125
4j7e,4.85,5.0234375
3sus,4.15,4.171875
2wzs,3.85,4.1875
4p5z,7.41,6.859375
4k9y,6.95,7.1054688
2xpk,11.3,11.5234375
1bhx,6.84,7.2382812
3e5u,5.85,6.1289062
7upj,8.49,7.9023438
3o84,7.24,6.9765625
1qbt,10.62,10.359375
1kuk,3.91,4.4492188
4fnn,7.57,7.8828125
3i7e,10.85,10.328125
2q8z,5.68,5.5117188
4a6c,7.92,7.9296875
4nyf,7.31,7.4453125
1ro6,6.46,6.4414062
2hzy,7.39,7.4726562
3aaq,3.3,3.1835938
3lp4,4.88,4.8828125
3lbz,3.86,3.8457031
4nbl,6.33,6.6992188
4eoh,4.3,4.2851562
2i4v,11.2,11.3046875
3sm2,9.7,9.6015625
4bf6,8.35,7.6210938
4qfp,4.23,4.0742188
4ymq,5.8,5.296875
4aoi,8.4,8.125
3qox,6.57,6.5195312
2euk,6.6,6.3320312
2w26,9.4,8.4609375
2xyt,6.29,6.4609375
3jzg,4.4,4.6835938
2j75,6.65,6.2617188
1b55,7.4,7.0429688
1ndw,5.23,5.6992188
4io7,3.68,3.6992188
4gu9,4.37,4.59375
4xas,6.59,6.734375
2ogy,4.48,4.453125
4euo,5.05,5.6875
4abb,4.51,4.5273438
1usi,6.74,7.1289062
3qaa,11.54,11.6328125
2jg0,7.82,7.6835938
2qtn,3.42,3.8515625
4zhl,6.47,6.6171875
4tln,3.72,3.2285156
2aj8,6.2,5.90625
1b0h,6.7,6.8398438
4ayu,4.73,5.0234375
1f8b,5.4,5.1757812
4dkr,6.52,6.3125
3e6y,5.6,5.5078125
4avj,7.44,7.3359375
4oc3,8.28,8.15625
3ime,3.0,2.8535156
2i4z,5.7,6.0195312
2xyf,8.44,8.171875
3qto,4.13,4.6484375
2vrj,6.3,5.8320312
4rvr,6.87,7.0585938
2pu2,4.43,4.3632812
1ajp,2.23,2.6601562
3fh7,7.6,8.1015625
4zba,5.51,5.7109375
3c88,6.8,6.65625
3f7g,7.37,7.2734375
4r74,8.1,7.8085938
2g71,7.46,7.1367188
1uj6,3.05,3.1289062
4gii,8.74,8.9140625
1v48,7.8,7.3242188
2q2a,7.41,7.4726562
4rlw,4.87,4.9960938
3l3m,8.22,7.5703125
2a5c,4.62,4.0390625
4c9x,7.32,7.2421875
2i4w,11.59,11.109375
1i7z,6.4,6.5625
3nw3,6.49,6.3242188
1br6,3.22,2.8789062
3iw6,5.48,5.6523438
4oeu,7.66,7.0742188
1j37,8.96,8.34375
4i9h,7.17,7.2851562
2byr,8.55,8.6328125
1i9q,8.41,8.0859375
1g45,8.64,8.6328125
1uj5,3.05,3.8515625
2nta,4.8,4.6523438
3t8v,6.59,5.9296875
3d7z,7.92,7.7421875
4avs,3.49,3.7089844
4g0z,2.21,2.2519531
1pfu,2.72,2.515625
1cet,2.89,2.7792969
1ai7,4.09,3.890625
1ppl,8.55,8.34375
3lxe,6.6,6.4765625
1srg,5.3,5.734375
3oy8,3.66,3.3691406
4b9z,4.09,4.1796875
1v2w,4.01,4.421875
4ysl,5.8,5.7617188
4uof,4.84,5.2773438
3lgs,4.61,4.4296875
4phu,7.92,7.4570312
4b33,3.37,3.5332031
3zsy,3.23,3.3105469
2r0h,3.51,3.4882812
1gyy,3.64,4.0
1qka,5.92,6.8046875
1n46,10.52,10.9765625
4r3w,3.0,3.0820312
4cg9,6.21,6.1484375
1yvm,6.4,6.3671875
3vx3,7.82,7.6132812
1nvr,8.11,7.5898438
2r9x,4.85,4.9101562
2j7b,6.62,6.4023438
4m2u,8.04,7.9726562
2x7u,5.27,4.703125
4h81,5.12,5.109375
1koj,6.7,6.9140625
2v54,4.6,5.1953125
1ezq,9.05,8.8125
3cl0,7.07,7.2851562
4m8y,9.96,10.34375
4or4,4.57,4.8945312
2q7y,4.3,3.8125
1dy4,4.36,4.5273438
2gl0,4.82,4.6054688
1h6h,5.3,5.5234375
3s8n,6.21,6.0585938
3h30,4.53,5.0820312
4nbk,3.87,4.96875
2bak,7.43,7.5117188
4bcm,6.91,7.2148438
3n2u,7.84,6.9726562
3d9z,8.7,8.90625
2c94,6.82,6.8164062
3kjd,8.54,8.7265625
3q2j,4.18,4.2304688
1c5y,4.2,4.1445312
4u8w,11.24,12.171875
1s63,9.05,8.6796875
1mmq,7.52,7.2695312
2uwd,8.35,8.1953125
1lbk,3.18,3.1132812
4ra1,5.94,6.75
1t4v,7.68,8.3359375
4bzs,7.12,7.015625
1dmp,9.55,10.0703125
4i74,6.72,6.7148438
1om1,6.77,6.8789062
3mfw,3.52,3.7539062
4r5t,6.1,5.9140625
3t08,3.04,2.8671875
3su1,6.68,6.0039062
4q9y,5.68,5.6875
4o05,7.43,7.2148438
4cj4,3.36,3.2089844
4d4d,5.96,5.7929688
3n0n,7.3,7.46875
3ip5,6.22,6.359375
3hvj,8.7,8.0078125
1v2s,4.17,4.2109375
1b57,8.0,8.046875
1atl,6.28,6.5195312
2zz1,4.54,4.125
4i7m,4.14,4.8203125
3lpi,8.52,7.703125
4heg,8.92,8.625
2qi4,10.44,9.9453125
3m40,6.77,6.7539062
3iww,7.96,7.8515625
2f80,8.18,7.9140625
1ugx,5.91,5.5898438
3rtf,7.35,7.1328125
3vw1,4.67,4.7773438
1odj,4.1,3.7246094
3dxh,3.19,3.1074219
4bt4,3.34,3.1816406
4cwo,5.21,5.2070312
4n9a,4.19,4.0585938
1i9p,8.41,7.8476562
3f3t,4.59,4.4570312
3f8c,7.68,7.4804688
4k7i,2.82,3.4199219
3bl1,5.6,4.4960938
4xtv,9.27,9.0390625
3uxl,5.57,5.7460938
1p1o,5.76,6.0078125
3wto,6.92,6.8125
3hub,8.09,7.875
4az5,5.99,5.7851562
4riu,7.3,6.8359375
3si4,3.88,3.9160156
4fys,4.82,5.0039062
4rlu,4.82,4.203125
1d4p,6.3,6.1132812
1ork,8.81,8.4296875
3u15,7.11,6.6914062
4g4p,6.89,6.296875
3gdt,7.19,7.46875
3v78,5.54,5.34375
1uvt,7.64,7.9101562
4djo,11.52,10.4609375
4h3g,8.22,7.7226562
2wjg,7.1,6.8085938
1hsh,9.42,8.921875
3cs7,10.68,11.109375
2whp,4.0,3.9804688
1ch8,7.0,6.6210938
5ct2,2.92,2.8046875
3vf5,9.34,8.7578125
2fle,7.85,6.9648438
3gy2,5.74,5.4882812
2h4g,6.52,6.1171875
1ajx,7.91,7.4101562
1km3,4.91,4.5742188
4azi,7.45,7.3789062
4v24,8.37,7.921875
2xj1,7.55,7.3867188
3f1a,7.21,6.4921875
4k0o,3.0,3.4160156
4ih6,4.74,4.7773438
3t0x,8.0,7.8632812
3zln,8.47,8.0390625
3igp,7.02,6.5039062
4r75,7.24,7.4960938
3hmp,5.49,4.8671875
3gxy,5.59,5.2695312
4mmm,3.82,4.109375
3i5z,8.7,9.2421875
3f33,3.34,3.5429688
3lpk,9.1,8.7265625
4jz1,6.7,6.3984375
1xug,7.05,7.109375
3qgw,5.89,6.0507812
2pqc,5.74,5.3398438
4muv,5.76,5.0976562
1mmr,5.4,5.0039062
2xy9,9.19,9.0703125
1j17,5.22,4.6835938
4few,5.21,4.6484375
4zeb,6.52,6.2890625
1kui,3.77,3.953125
3bxf,5.54,4.9335938
1kv1,5.94,6.0117188
2c92,5.68,5.171875
1n4k,10.05,10.1953125
2v8w,6.82,6.4804688
3iph,7.6,7.1484375
4j46,5.28,5.28125
3ljz,8.14,7.3515625
2wyf,4.43,4.4804688
2qd8,9.07,8.4609375
2zpk,7.76,7.640625
3ldp,5.62,5.5820312
4b73,7.21,7.2851562
4kfq,8.23,7.9765625
1c70,10.3,9.859375
2zc9,6.74,6.5898438
1ciz,7.44,7.125
2ydw,7.34,7.328125
1tq4,6.19,6.296875
4cu8,4.47,4.328125
1j01,6.47,6.6054688
1z1h,8.4,7.84375
2eum,6.7,6.7578125
2idw,8.89,8.8359375
3gi6,11.22,10.8828125
4ezz,5.19,4.5507812
4qij,5.54,5.1992188
2fzk,3.6,3.5117188
4lj5,6.29,5.3203125
4m6u,2.74,2.6152344
2jdp,6.6,6.3945312
4mc6,9.59,9.5625
2pk6,10.89,11.1953125
4u43,4.32,4.2851562
3g30,2.51,2.1367188
4xu3,9.5,10.15625
4deu,5.64,5.5273438
2f35,5.4,5.4375
4nuc,6.04,6.1367188
4ruz,7.64,8.03125
3ebh,6.32,6.0820312
3mzc,6.65,7.21875
3usx,5.02,4.5390625
1drj,7.4,6.7929688
4nxu,5.54,5.421875
3uxk,4.93,4.7304688
1bwb,8.42,8.1875
2iuz,5.55,5.5625
4h75,6.6,6.9414062
4je8,5.21,5.0390625
3n7o,7.14,7.0507812
1gnm,6.25,5.984375
1ghw,4.2,4.4570312
3ppp,5.22,5.3398438
2qm9,7.77,7.8320312
4n8q,3.42,3.5605469
2b1i,6.82,7.3828125
1zhy,6.52,6.7304688
4j47,4.92,5.1601562
2pou,7.42,7.7109375
4p5d,5.82,5.765625
4ly1,7.26,7.1054688
1fzq,7.62,8.8203125
3jzh,3.4,3.1699219
3m67,6.74,6.8515625
4zx1,6.14,5.9609375
1zsf,9.92,9.78125
1g36,7.17,7.125
4qsu,2.0,2.1679688
2o4n,7.82,7.7265625
2p53,7.46,6.9023438
3sr4,6.54,6.40625
3cow,6.9,7.1328125
3bgc,5.02,5.2304688
4kow,4.31,4.5039062
4iid,5.62,6.421875
4gr3,7.81,8.375
1hnn,6.24,5.7851562
1rmz,8.0,7.9179688
2xc0,6.72,6.4375
2y82,8.4,8.5703125
2wgj,8.7,8.703125
2ya8,5.75,5.8203125
1ele,6.85,6.9570312
4hp0,6.12,5.875
2y80,8.05,8.6796875
2b07,6.43,6.4101562
3su0,6.79,6.4492188
1ebw,9.05,9.1484375
1nw7,5.09,5.1171875
1v1m,3.94,3.6035156
3uxd,4.41,4.4023438
4ek9,4.42,3.6113281
2pql,7.28,7.2382812
4rj8,7.77,7.6484375
4djq,10.32,10.6015625
1oth,7.0,7.0273438
4umb,4.0,3.5605469
4lch,10.62,10.5078125
1ela,6.36,6.2304688
2v3u,3.0,2.9785156
2vwo,7.51,7.3007812
4iie,2.34,2.5292969
1mtr,8.4,9.359375
3uod,7.31,7.0664062
5efa,4.83,3.9433594
4jv6,6.66,6.265625
2x6x,3.68,3.4648438
2cgr,7.28,7.6445312
1ew9,3.22,3.140625
4x5q,9.0,8.8125
2ya7,3.14,3.0898438
4a4w,7.72,7.5507812
3axz,3.43,3.5605469
1dl7,6.49,6.4570312
3d6o,4.11,4.1015625
2qrq,5.1,4.8828125
6std,8.64,8.53125
4omk,4.4,4.34375
4abe,3.4,3.40625
1e1v,4.92,4.6757812
4zbf,7.13,7.25
3nes,5.62,5.90625
2i19,7.8,7.5429688
1c5n,4.7,4.2265625
4owv,4.35,3.9941406
4ymb,6.21,5.734375
2a14,5.7,5.5429688
4q83,4.19,4.15625
3u8j,8.51,8.53125
1nhz,6.08,5.9179688
1j4r,7.72,8.1171875
2zq0,6.82,6.4257812
4aje,3.68,3.8085938
4i72,9.05,8.390625
1mrx,7.26,7.1757812
1owe,6.2,6.2929688
1amw,4.54,4.0507812
1njs,7.82,7.4101562
2wky,8.59,9.0859375
2pgz,5.74,5.3710938
5d1r,4.84,4.3671875
1pzo,3.32,2.8398438
4qdk,5.85,6.1523438
4kz4,4.15,4.0
4kif,4.84,4.6171875
4h3j,7.05,7.0429688
1o2j,6.92,6.3125
4pp5,7.74,7.6132812
2yek,7.21,7.4570312
1pdz,3.7,3.7519531
2boj,5.77,5.640625
1h1d,8.22,8.921875
3q7q,5.65,6.0273438
1b5h,6.01,6.0429688
4bup,4.95,5.1132812
3tfp,6.47,5.9726562
3f68,5.06,5.3710938
3l3n,8.18,7.6875
1bn4,9.31,10.015625
2xd9,6.46,6.0
1g3d,5.55,5.5859375
1ols,5.82,5.7773438
4ncn,5.67,5.453125
184l,4.72,4.2773438
3ebi,7.1,6.6445312
4eo6,8.7,9.4453125
2vj8,8.7,8.7734375
4av5,7.21,6.8984375
4n07,6.46,6.265625
3mna,7.39,6.859375
4igt,7.89,8.5
1a4r,6.66,5.5898438
2y5f,8.7,8.453125
2vpn,6.72,6.609375
1utj,3.84,3.8359375
1nki,6.7,6.2304688
4elh,8.09,8.171875
3tay,3.38,3.6445312
4mr3,5.94,5.5390625
1p19,4.11,3.6699219
1azm,6.1,5.984375
4lhv,10.0,8.9765625
1gi4,7.19,7.0507812
3mdz,9.1,9.171875
2hb3,11.35,11.6640625
1yp9,5.11,4.9882812
2pyy,4.6,4.09375
2qg2,5.4,5.5742188
2obf,8.85,9.0546875
4oc5,7.07,7.0820312
2qwd,4.85,4.7304688
4oma,4.17,4.0390625
4kz7,2.49,2.5507812
2pyn,7.57,7.3398438
1fq5,8.4,7.609375
4cu7,7.59,8.34375
4ye3,8.37,8.59375
3bgb,6.05,5.8554688
3p4v,5.1,5.3554688
1sln,6.64,6.4296875
4dv8,9.24,9.2578125
2vsl,8.4,8.9140625
4pyy,7.23,7.4335938
2gst,6.07,5.8398438
1gja,5.42,5.5039062
1hxb,9.92,10.734375
3m6r,7.49,7.5
4cwq,7.06,7.4765625
4zzz,7.06,7.0742188
2bys,9.52,9.5859375
3o9p,6.52,6.2890625
2r75,6.15,6.0039062
3iob,3.42,3.7265625
1hp5,6.55,6.203125
2pwr,6.59,6.0078125
2ot1,4.0,3.8535156
3g2k,4.79,5.078125
4n6g,5.47,5.4257812
3mfv,2.52,2.9160156
4gu6,7.36,7.3242188
4ykk,2.77,2.8417969
4det,5.68,5.78125
3gsm,6.48,6.3125
2gv6,7.34,7.1054688
1o3l,6.54,5.8359375
2pvm,6.44,6.15625
2hoc,9.52,8.515625
4gg7,8.2,7.4023438
4ynb,10.37,9.7578125
8a3h,4.06,4.1289062
4cc5,4.42,4.2851562
2p3c,7.62,7.4023438
2fmb,8.7,9.1484375
4m8h,7.6,7.3125
4bcs,6.99,6.828125
2bvd,6.0,5.8867188
4hw3,6.49,6.609375
3sv2,4.19,3.6289062
4css,8.46,8.0859375
2vc7,3.36,3.3964844
1vzq,7.44,7.2851562
2vvp,3.4,4.0820312
4x5y,8.03,8.1171875
1qbv,5.39,5.0039062
3eeb,5.89,5.75
1qbu,10.24,9.296875
2b4l,4.77,4.6328125
1b46,5.28,5.6484375
1j36,7.74,7.6484375
1ejn,5.62,5.4921875
1bnu,9.7,9.671875
1alw,6.52,6.3046875
4jzi,7.4,7.2460938
3hf8,6.51,6.515625
4jsa,4.96,4.484375
1dhi,7.26,7.3203125
4cjq,3.59,3.8867188
3qyy,5.08,5.15625
4ha5,7.24,6.9296875
2gh9,6.0,5.3242188
3upk,4.3,4.3007812
4hdp,7.51,7.2851562
4qpl,7.41,6.9179688
3gt9,3.96,4.1367188
5dq8,4.14,4.2773438
3k37,8.92,7.7226562
5cbr,5.74,5.7109375
2zgx,6.74,6.4453125
3i73,5.49,5.0820312
4j93,4.7,4.46875
3ip6,6.6,7.21875
3ioe,3.27,3.1035156
3nik,3.45,3.5996094
1ohr,8.7,9.21875
1c5t,4.1,4.1757812
4uye,8.02,7.65625
2b7d,8.7,8.390625
1zfk,7.92,8.171875
3qdd,8.77,8.4453125
3s2v,6.8,6.5429688
1iiq,7.48,7.0195312
1h5v,3.93,3.5039062
2j77,4.89,4.1953125
5c3p,4.46,4.296875
3ldq,5.36,5.7734375
2jke,4.23,4.359375
3c8b,6.1,5.671875
2jds,8.2,8.015625
2yix,8.48,8.0859375
3hp9,4.59,4.4765625
4g90,4.51,3.9765625
1bhf,4.38,4.2734375
4rd6,6.28,5.8359375
1fv0,5.93,5.6210938
1ecv,4.85,4.78125
2rcb,6.79,6.2695312
1b7h,8.02,7.9414062
1bxo,10.0,10.046875
3f15,8.1,8.1796875
1g7g,6.6,6.703125
1d9i,9.11,9.0078125
4k7o,4.3,3.8183594
2g5u,8.49,8.46875
3nu4,8.82,9.4375
4zyf,8.64,8.671875
1w0z,7.68,7.4375
4std,10.33,10.0546875
3k8c,2.92,2.8808594
3sut,7.85,7.71875
4nkt,5.97,5.8046875
4d8z,6.29,6.46875
3e85,5.38,5.5234375
1pyn,5.49,5.3476562
4de5,3.15,3.1933594
1bv9,9.96,8.5
2xbx,7.82,8.0234375
1c87,4.2,4.2539062
3bpc,4.8,4.6914062
3i9g,8.96,9.8125
2izl,6.0,5.6289062
3suu,8.52,8.25
2pmk,5.92,5.5898438
4ieh,7.85,7.5507812
4b7r,9.64,9.828125
5cbs,5.41,4.6679688
4ca5,9.39,9.84375
4cga,6.4,6.2304688
3rdq,9.31,9.953125
1w4p,4.74,4.890625
3gtc,2.35,2.3535156
3m3c,4.06,4.2148438
4i7l,3.99,4.5585938
4io4,4.61,4.640625
1f73,2.39,2.6503906
3qkd,8.38,7.9140625
1nt1,8.89,8.3125
1r1j,8.64,9.2421875
3qx9,4.05,4.421875
3qbc,4.97,4.921875
2arm,7.68,8.0546875
3czv,7.8,8.0078125
2ces,7.25,6.4648438
1o3i,7.3,6.7734375
2qwc,3.55,3.421875
1utl,2.47,2.3671875
4lrr,5.22,5.171875
2hah,8.0,8.2578125
1k6p,7.36,7.5625
2i4d,11.68,11.390625
1uwf,6.82,6.4726562
4x6i,8.0,8.015625
4bb9,6.0,5.7734375
4i54,6.96,7.453125
5e13,4.24,3.9355469
4yes,8.02,8.0390625
3g19,6.67,7.0976562
4ajl,3.8,3.4492188
3l59,3.7,3.3085938
3s71,8.64,8.765625
1rr6,10.25,10.5
1wn6,4.68,4.6875
2yhw,5.6,5.6757812
2h4k,5.49,5.0820312
2x4z,8.57,7.953125
2xn3,5.92,5.5273438
2xog,3.43,4.0703125
3ni5,7.55,7.3476562
1jcx,5.15,5.3398438
3bf1,2.52,2.5488281
4luz,4.7,4.8125
2drc,9.89,9.5546875
1kug,3.8,3.9707031
3vd4,4.82,5.1757812
4daf,7.12,6.7773438
3hv8,6.98,6.875
3t3u,8.6,8.8125
3s0d,7.05,6.6914062
1ghy,8.1,7.9960938
3pcg,2.3,1.8408203
3ffp,7.14,7.5703125
4kax,4.77,4.2070312
2ewb,6.1,6.2460938
3kr4,7.6,7.6328125
4poh,8.0,7.8359375
3ga5,5.49,5.7851562
3d8y,3.4,2.7324219
4y0a,2.31,2.34375
4jym,5.04,5.1015625
2gyi,7.0,6.5546875
1gwv,2.57,2.2910156
2wzf,7.0,6.7578125
1qbn,5.85,5.0546875
3l4w,6.0,5.8554688
3bqc,5.73,5.8398438
1z6s,4.34,4.6015625
1m7i,5.4,5.078125
1usk,6.4,6.4726562
2zfs,6.54,6.3007812
4p6c,4.0,3.9453125
4aia,3.66,3.6152344
4ap7,7.96,7.40625
1ypj,7.02,7.1484375
1eld,6.7,6.6835938
4lm2,3.03,2.8339844
4lm4,3.04,3.4765625
1swg,7.36,7.0625
2xmy,9.96,9.5390625
3wz7,5.74,5.3398438
1w9u,6.09,5.7148438
3kdm,7.0,7.2539062
4ad2,6.2,6.2382812
1yfz,4.35,4.7109375
5cjf,9.59,9.1015625
4i5c,8.82,8.734375
2boh,8.52,8.1015625
4j22,7.74,8.4375
4w9k,6.54,6.3046875
4pnu,4.89,4.5742188
3k8q,11.28,10.203125
1c5p,4.68,4.0976562
4q0k,4.87,4.515625
4b5t,3.33,3.0898438
3zdv,5.48,4.9296875
3su3,9.13,8.640625
1jys,3.52,3.1953125
4ql1,7.03,6.546875
4hdb,8.05,7.4296875
2zjw,7.7,6.9140625
3p17,4.48,3.7148438
4wk1,5.89,6.0664062
4duh,5.18,5.0351562
1nu3,4.0,3.7382812
3m8u,4.89,4.0195312
4z6i,6.31,5.6015625
3gc4,7.6,6.859375
1o33,5.74,5.5546875
2evl,6.7,5.9296875
2amt,4.44,3.953125
4xiq,7.07,7.0546875
1hi3,4.19,4.15625
4dko,6.52,5.8164062
2w08,3.42,3.2832031
4s1g,9.22,8.515625
3lk8,7.71,6.75
1bjv,5.54,5.3554688
3s78,6.47,5.7304688
4isi,8.14,7.6757812
3znr,7.44,7.1679688
4qj0,7.32,6.8710938
4z6h,6.21,5.4375
1n51,4.85,4.3945312
3w37,5.18,5.0078125
1g30,6.85,6.0976562
4cpt,7.7,7.0234375
4rwj,8.7,7.8554688
2pu1,5.85,5.6679688
1fkf,9.4,9.25
4hws,9.1,8.0234375
1hmr,6.55,6.2695312
2rd6,8.3,7.3164062
4ezx,5.8,5.2773438
2hs1,8.48,8.4140625
4zwz,8.7,8.875
1lpz,7.6,7.1640625
2j27,3.52,3.2382812
2rkf,9.08,8.0078125
3mz6,7.2,6.9804688
4u4x,5.01,4.3007812
3fhb,5.7,5.2617188
2v3d,3.94,3.53125
4kmz,8.57,7.9765625
3nxq,8.15,7.7734375
1q54,5.85,5.515625
4cp7,8.11,7.609375
1y6q,11.7,10.6328125
456c,9.77,8.484375
1w4q,5.26,4.9609375
4wko,9.47,8.59375
3v5p,8.96,8.5546875
3kdd,8.46,7.7382812
3rsr,4.36,4.2695312
4lko,8.22,7.5390625
4dhl,4.48,4.2578125
1str,4.77,4.3242188
2zq2,6.56,6.0898438
3obu,4.3,4.0625
3exe,6.96,5.9414062
3nsn,7.19,6.359375
2j7g,7.0,6.6367188
2fqt,6.14,6.0546875
2qrg,5.18,4.8867188
2r59,8.19,7.7890625
3tao,5.14,4.8359375
2f2h,5.7,5.1210938
4k0y,7.82,7.2578125
1lag,6.3,5.9296875
1xws,8.0,6.9492188
3i60,8.7,7.1054688
3ekv,9.41,9.53125
2xc4,8.05,7.0703125
1f0t,6.0,5.3398438
3huc,5.99,5.4101562
2uxi,7.3,6.953125
3u90,4.62,4.4101562
3qlm,6.37,5.9882812
3zps,8.3,7.6601562
4pum,6.73,6.8710938
3n4b,7.02,6.6757812
4kyh,5.92,5.421875
4l6t,7.49,6.3632812
4gah,6.1,5.3828125
3h5b,10.0,9.078125
4lm0,3.25,3.1777344
1g74,6.52,5.6640625
4e3g,4.97,4.1835938
2gsu,3.59,3.2636719
1mfi,5.59,5.4609375
4bam,8.94,8.0625
2xdx,6.46,5.8398438
3pb8,5.24,4.8710938
4i3z,4.29,3.9570312
1hee,5.34,4.6210938
3v2q,6.29,6.0429688
2g8r,3.99,3.6992188
3rz0,7.55,6.1601562
2pk5,10.7,10.2109375
1xhy,6.18,5.5859375
1dfo,6.7,6.1367188
4des,5.85,5.1289062
3dnd,4.8,4.3945312
2yay,6.1,5.9453125
3k97,8.0,7.6875
3veh,4.96,4.6328125
2p7a,6.1,5.4570312
1stc,8.1,8.15625
4ibi,4.14,3.3769531
2xxt,8.05,7.9804688
1m0o,2.31,1.6445312
4djr,11.52,10.4765625
4f5y,5.43,5.0742188
1nfx,8.52,7.3398438
3rv4,2.3,2.5976562
1m4h,9.52,9.3515625
1m2q,6.1,5.8671875
4aji,3.55,3.3300781
2wl0,7.8,6.5820312
1siv,8.08,7.5820312
4ddy,5.62,5.3398438
3vvy,4.84,4.421875
2tmn,5.89,5.6953125
1n8v,6.03,5.4570312
4oc2,8.28,7.640625
2r2b,4.2,4.6875
4y79,7.96,6.9882812
4ty6,7.52,6.9921875
1y3p,4.82,4.8789062
1ogx,6.09,6.125
3fvk,8.82,8.625
2fpz,3.96,4.3476562
3nzk,9.27,8.578125
4zek,5.66,5.1054688
3d7k,4.6,3.8574219
2p4j,8.96,8.3046875
1hvh,7.96,7.5390625
2ax9,9.52,9.3828125
2x0y,4.6,3.8457031
1gai,8.0,8.1328125
3vhc,8.89,8.5859375
4nnr,7.26,7.171875
1fkw,5.05,4.8671875
1rpf,3.99,3.8007812
3rz7,8.96,8.953125
3tt4,8.28,8.0
2xda,6.22,5.9375
3gst,6.72,6.421875
1njd,5.57,5.2734375
3g2i,4.86,5.1015625
2aac,2.22,2.4863281
4u5n,2.48,2.7617188
4x24,9.78,9.3671875
3pcn,3.66,3.0644531
3s45,8.49,8.859375
3ohi,4.85,5.1523438
4dsu,2.82,2.6796875
3ryy,7.42,7.3125
1efy,8.22,7.4804688
4q6d,7.36,7.1914062
4bs0,5.7,4.8203125
4xy8,6.4,6.0625
3okv,6.23,6.4492188
3hu3,6.89,6.6367188
5e2p,8.8,8.875
1n3i,8.89,8.46875
2i80,5.4,5.2734375
3a5y,7.96,7.6445312
4q4o,7.46,7.2226562
4o09,7.7,7.3632812
3ivc,4.12,4.03125
5upj,7.12,6.3242188
3pgu,6.7,6.1289062
4b5w,3.33,2.9667969
4kp5,6.08,5.1445312
4pee,8.32,8.21875
1p57,4.4,4.34375
3qtv,4.65,4.375
2ccc,7.76,7.6445312
2yk1,8.13,8.0234375
3c79,7.2,6.3164062
4f7v,5.38,5.1171875
3a6t,7.28,7.1914062
2gv7,7.85,7.4179688
4itp,7.27,6.1210938
3ps1,10.17,9.96875
3mhc,7.96,8.140625
4asj,7.55,7.0859375
1bzy,8.34,8.28125
3bfu,6.27,6.2070312
2p16,10.1,9.0
4xu1,9.49,10.0390625
2r23,3.72,3.9882812
2jkp,4.23,4.359375
1wcq,6.26,5.6289062
2vzr,4.28,4.5039062
3p3s,7.59,7.34375
3nu5,8.35,7.9453125
1xow,9.28,8.4375
4rn4,6.94,7.4023438
1zfq,7.52,7.5585938
4i7p,3.5,3.6425781
3wz6,5.96,5.0195312
3c56,7.89,7.7695312
1yet,5.92,6.1328125
1d09,7.57,6.9257812
3ao1,2.26,2.4257812
1t31,8.64,8.5078125
2wzm,5.22,5.21875
5std,10.49,9.828125
3rz5,7.89,7.4453125
1utn,3.49,3.3769531
1zge,7.3,7.0625
3b7j,5.17,5.2304688
4q09,8.17,8.1953125
1cnw,7.72,8.3203125
1gvx,7.22,7.4882812
2yz3,6.66,6.2226562
5c8n,7.55,7.109375
3su4,6.26,5.9648438
3t60,6.7,6.046875
1vfn,5.6,5.421875
3vhd,9.28,8.8359375
4a7i,8.7,8.59375
2e1w,7.96,7.34375
1ppm,5.8,6.2734375
1nfw,8.96,7.8359375
4auj,7.74,7.5585938
4g8v,5.8,6.0
2gz2,5.22,4.984375
4hpi,4.85,4.4257812
2xbp,5.02,5.3476562
5c1m,10.8,10.921875
1gcz,5.13,4.9726562
3g08,8.16,7.875
4q4r,6.43,6.3554688
3ozr,5.15,4.9765625
4q1w,11.7,10.3046875
2z4o,9.57,9.5625
3cd5,7.9,6.78125
3juq,4.91,4.4296875
3mam,4.12,4.4921875
2v88,4.09,4.1796875
2uwo,8.7,8.1953125
2xxx,6.41,6.9609375
1kv5,4.22,3.9257812
1kjr,6.06,5.4101562
4ql1,7.03,7.2851562
1b40,7.28,6.6757812
4cu8,4.47,4.1367188
1sbg,7.74,7.8085938
3sio,8.0,7.8515625
3iss,6.05,6.4492188
1v2t,4.71,4.5117188
1o5g,4.96,4.9726562
4io6,4.82,4.8320312
2q63,7.18,6.3242188
4d1j,6.31,6.4375
2ans,5.92,5.5273438
1ype,8.1,7.7734375
1mh5,9.21,8.703125
2b4l,4.77,4.4375
1b6k,8.74,9.125
1g46,8.8,8.7734375
1c5t,4.1,3.9804688
4bcn,7.92,7.828125
3g2l,3.87,3.7753906
4uye,8.02,7.9570312
1fzq,7.62,7.2617188
3bvb,5.49,5.046875
1o3l,6.54,6.2695312
3g0i,3.6,3.6601562
4std,10.33,9.578125
1ciz,7.44,7.6601562
3ccw,7.87,7.7617188
5aoj,4.68,4.3476562
1m7y,10.96,10.8125
3jy0,8.3,8.2109375
3eft,7.92,6.984375
3fvh,6.35,5.8867188
1gi1,5.47,5.1210938
4nh8,8.52,7.9882812
1msm,10.48,10.3515625
1g48,8.41,8.046875
4nra,4.19,3.6347656
3sxf,8.6,8.2109375
3t3u,8.6,8.1640625
1q54,5.85,6.015625
2iw4,9.3,9.21875
3u15,7.11,6.3398438
1px4,3.23,3.5136719
1ew9,3.22,3.2851562
3m3x,6.82,6.9101562
4bzs,7.12,6.796875
1onz,5.1,5.046875
4gih,8.32,8.59375
4nyf,7.31,7.3710938
2bvr,3.7,3.4921875
4f0c,6.27,6.03125
1rd4,7.74,8.0625
1v1j,4.82,4.4179688
3g2y,2.0,1.953125
3v7x,8.57,8.125
4hp0,6.12,5.8320312
4k3n,7.96,7.5742188
5c8n,7.55,7.6757812
2wec,3.96,3.8457031
2vmc,2.94,3.2617188
3ta1,3.25,2.7089844
3u7n,7.95,6.9023438
3rz7,8.96,9.5546875
4xt2,7.15,6.7226562
3l4v,6.72,6.4375
2am4,3.72,3.5527344
4lm3,2.92,2.5839844
3r1v,6.92,6.2539062
2xbx,7.82,7.5273438
1kdk,9.05,8.75
1hmr,6.55,6.3164062
4luz,4.7,4.6796875
4egk,7.72,7.7109375
4non,5.24,5.28125
4h3f,9.0,8.5703125
4kzb,2.89,3.0136719
2pym,6.82,6.796875
3zk6,6.34,6.2890625
2p09,6.35,6.4023438
2b07,6.43,6.0351562
4djy,8.27,8.3046875
2wky,8.59,7.5234375
3vjc,7.72,7.34375
4m2r,8.49,8.4765625
1g36,7.17,6.9257812
4auj,7.74,7.0625
2avq,4.39,3.71875
3ozj,5.11,4.9257812
1uw6,7.34,7.5039062
3s0d,7.05,7.0546875
3sw8,4.5,3.9003906
1xkk,8.52,8.59375
2i0a,11.4,10.4765625
3q6z,3.72,3.7988281
2j34,7.82,7.9179688
2xdx,6.46,6.1289062
1m5w,4.27,3.8027344
3n0n,7.3,6.5273438
3m3o,3.6,3.5957031
1gai,8.0,7.5742188
3uxd,4.41,4.4179688
1jet,7.25,7.140625
5ct2,2.92,3.0039062
1qji,4.85,4.40625
4r4t,6.26,5.6171875
1y3n,5.55,5.4375
1c3e,6.59,6.0117188
1k1j,7.55,7.3710938
2baj,8.4,8.34375
3cr5,4.19,3.9941406
4ghi,7.09,7.1445312
4djq,10.32,9.5
2qbu,6.19,5.5820312
3d6o,4.11,3.9628906
4hws,9.1,8.140625
4b35,2.89,2.9355469
2pqb,7.2,6.6328125
3qyy,5.08,4.984375
4ynb,10.37,10.34375
4gfo,6.62,6.1289062
1hsh,9.42,10.046875
184l,4.72,4.3007812
2oxy,6.52,6.1796875
2j7d,7.13,6.8632812
1qb9,7.44,7.6054688
4p6w,9.15,8.65625
2xht,5.96,5.796875
3ny3,4.71,4.4804688
4ahu,2.27,2.4023438
4xe1,7.11,5.4960938
3dx3,6.52,5.5664062
3bl0,6.92,5.921875
4rd0,6.62,6.9609375
4u43,4.32,4.0546875
4gr8,7.83,7.9609375
4mnp,7.34,5.7460938
3mi3,5.45,5.0039062
3s45,8.49,8.1171875
3hll,8.24,7.8984375
3bgb,6.05,5.90625
1tmn,7.3,7.453125
1k1m,7.4,7.0351562
4hw3,6.49,6.8828125
2zwz,7.79,7.1757812
2ax9,9.52,9.9375
2j27,3.52,3.1132812
4lm2,3.03,2.8144531
3m35,7.22,7.0820312
5fl5,8.19,7.2929688
1y20,5.32,4.828125
2xib,7.26,6.4648438
1e1x,5.89,5.3945312
1sw1,7.3,7.4609375
1lag,6.3,6.3789062
3gss,5.82,5.3203125
1hii,7.28,7.4492188
4q81,3.02,2.7167969
2qi0,7.38,6.8046875
2jdp,6.6,6.9804688
1o38,6.82,6.7773438
2gl0,4.82,4.8476562
1w5w,8.8,9.3984375
4f39,5.7,5.296875
1mu6,8.38,7.8984375
2yxj,9.3,9.46875
3drf,7.0,6.671875
4k55,5.51,5.4960938
3djo,4.39,4.203125
1nfy,8.89,8.8125
3djv,4.55,4.609375
2x8z,7.96,8.1484375
1s19,9.51,8.75
2ayr,9.29,9.8203125
2q7q,5.3,4.4882812
4ew2,6.68,5.8554688
4axd,4.43,4.2773438
4djo,11.52,10.9609375
3sut,7.85,7.9960938
2rio,4.69,4.4609375
3p8z,6.09,5.8164062
2rkm,3.9,3.9824219
4zwz,8.7,8.296875
2xy9,9.19,8.71875
1mmq,7.52,7.3984375
4m12,6.05,6.0351562
4yth,8.7,8.25
1g1d,9.44,8.328125
4cps,8.27,7.9414062
1o2o,6.36,6.0117188
4z6h,6.21,6.2734375
4lm0,3.25,2.6464844
2tpi,4.31,3.8457031
4mjo,6.22,6.1484375
4cg9,6.21,6.2382812
3bva,6.52,6.2929688
3cke,6.1,5.9414062
4yhq,8.77,9.3046875
2bal,6.31,6.6132812
2gkl,5.35,4.9804688
2v2h,3.77,3.6269531
2wej,6.08,5.859375
4azi,7.45,7.2421875
4tqn,6.11,6.0507812
4z93,7.35,6.9960938
4msa,3.3,3.1679688
2xjj,6.51,6.7148438
4j45,5.77,6.265625
4re2,4.98,4.6796875
4zzz,7.06,6.9804688
2pqc,5.74,6.1328125
4qj0,7.32,7.0546875
2boh,8.52,8.0078125
4ibi,4.14,3.9003906
2qu6,8.52,8.5234375
3pd9,6.22,6.3945312
1jmf,5.77,5.4570312
4erf,9.4,8.4140625
1add,6.74,7.109375
3pfp,6.44,6.0859375
1lcp,6.64,6.2851562
3mdz,9.1,8.65625
2cbu,5.68,5.1328125
1c70,10.3,10.0
3o9p,6.52,5.9140625
3l4x,6.89,7.0195312
1oar,7.4,7.2890625
4ht2,6.54,6.3632812
1qkb,7.35,6.6953125
1fh8,6.89,6.3085938
2hkf,6.38,5.8867188
3th9,7.7,7.2617188
4jwk,8.32,7.8554688
4aqh,6.54,6.2460938
3njq,4.89,5.0039062
4f6w,7.52,7.1484375
4djw,6.28,5.4882812
1d4l,8.77,7.9492188
4i5c,8.82,8.8359375
2wos,3.9,3.5585938
4djr,11.52,11.5
4do4,7.29,7.171875
4iid,5.62,5.3398438
4cga,6.4,5.609375
3vhc,8.89,8.1015625
1y3v,5.64,5.6875
3zm9,7.42,7.0117188
3d0e,8.4,7.859375
1k27,9.0,8.828125
4cc5,4.42,4.1679688
4rd3,6.47,6.5625
3ldp,5.62,5.6054688
5cjf,9.59,10.0546875
4f3k,10.16,10.0390625
3iog,5.52,4.90625
3sym,4.57,3.8867188
3ga5,5.49,6.3554688
1aaq,8.4,9.2109375
4b1j,7.3,7.5117188
1bhf,4.38,4.421875
2ewb,6.1,6.1210938
4umc,3.44,3.3632812
4zzx,6.9,6.8203125
4d3h,6.43,6.4570312
1jyq,8.7,8.265625
2x91,6.74,6.6328125
4r74,8.1,7.3984375
4ksy,8.42,8.96875
1amk,4.3,4.5195312
3mtw,7.04,6.9257812
4uin,7.62,8.109375
2x95,4.95,4.9453125
2ce9,6.03,6.8828125
4gbd,11.32,11.765625
4pin,5.4,5.3398438
1ecq,3.0,3.0292969
4m2u,8.04,8.4296875
2vt3,4.15,4.1757812
2xye,8.34,8.625
2xyt,6.29,6.5625
3fzn,4.01,3.640625
3u7l,7.28,6.6992188
1loq,3.7,3.4746094
2cbj,8.27,7.9804688
2vpo,5.42,5.96875
3pe2,9.76,9.2109375
3n2p,7.82,7.6679688
2ate,7.07,6.5351562
4nze,6.8,7.1171875
3okv,6.23,6.3125
3p9m,5.0,5.1484375
2h6t,7.22,7.3085938
1zoe,7.4,7.2773438
3bpc,4.8,4.1679688
2a5b,3.93,4.1757812
3dbu,8.06,7.9921875
2zjw,7.7,7.9609375
2xj1,7.55,6.90625
3qx9,4.05,4.09375
1usi,6.74,7.296875
1uho,9.22,9.59375
1sb1,6.89,6.9726562
3qx5,4.2,4.3007812
3iue,5.82,6.6914062
3p5l,7.39,7.3671875
4rhx,5.8,5.7304688
4q1w,11.7,10.5625
4tt2,4.66,4.6484375
4ufk,3.89,3.6972656
1gvx,7.22,7.3242188
2xeg,10.7,10.3984375
3e6y,5.6,6.2460938
4crl,9.71,10.1484375
4elh,8.09,8.15625
2bpv,7.67,7.2070312
1o7o,4.49,4.8398438
2uy5,5.49,5.1484375
5efc,4.85,5.0117188
2i3v,6.55,7.3085938
1hlk,5.0,4.5625
2r5p,8.48,8.234375
2buv,4.0,3.7578125
3qw5,6.45,6.2460938
4nku,4.67,4.515625
1dif,10.66,9.9296875
3rtf,7.35,7.6367188
2yb0,3.85,4.1328125
4xu1,9.49,9.84375
4urz,2.52,1.9511719
1kmy,5.1,4.7382812
1o0m,5.15,5.3164062
4tpw,4.69,4.5664062
1fh7,5.24,4.8242188
4j47,4.92,4.7265625
4ceb,2.97,2.9628906
4mrg,2.96,2.6132812
1mtr,8.4,8.4765625
3sr4,6.54,6.2734375
2qwc,3.55,3.2851562
2ihq,8.49,8.8671875
2qtg,5.08,4.9414062
2vsl,8.4,8.078125
2j4i,9.0,8.9609375
1b2h,4.54,4.5
4i8z,11.05,11.171875
2yme,7.66,7.7695312
4gzt,7.77,8.25
1yda,6.55,6.7109375
1r1j,8.64,8.3046875
2q64,8.52,8.0546875
4x48,6.77,7.0976562
2ca8,4.66,4.7265625
2yln,7.68,7.3671875
4n3l,7.0,6.8359375
1txr,7.74,8.3984375
3imc,2.96,3.0507812
2r2w,4.47,4.6796875
4wup,9.82,9.75
4nj9,6.97,6.5859375
1ghv,4.35,3.8847656
3ujd,4.69,4.4335938
4b0b,3.33,2.9667969
2fqo,6.43,6.7929688
3n8k,4.05,4.3359375
2qrm,4.03,4.703125
4xiq,7.07,7.2890625
4wko,9.47,9.96875
3f8f,6.63,6.6445312
2o4j,10.1,9.9140625
1uml,7.52,7.453125
3jdw,3.6,3.8261719
3tf6,6.4,6.4960938
5byi,7.51,8.296875
4ayu,4.73,4.8203125
4b34,3.14,3.2402344
1bv9,9.96,10.1328125
3fed,7.46,7.7890625
3tvc,7.74,8.296875
2xm1,5.07,4.8007812
5cep,6.84,6.6835938
2f80,8.18,7.9453125
1kv5,4.22,4.359375
4qxr,6.0,6.3867188
2ypp,4.41,4.1914062
4trc,4.52,4.609375
3c2r,3.11,3.4472656
2vpe,4.94,5.3359375
1bn3,9.89,9.5
3igp,7.02,6.9296875
4crf,9.3,9.03125
4ibf,4.43,4.296875
2pu2,4.43,4.46875
3bzf,4.52,4.8554688
1r4w,4.05,4.359375
3rv4,2.3,2.1132812
3m8u,4.89,5.2578125
3hek,8.27,8.3984375
1bnu,9.7,9.609375
1gjc,6.35,6.546875
2weo,6.93,7.2851562
2wc4,5.29,5.3632812
4gj2,8.6,8.3984375
3iqu,4.77,4.8164062
1ndz,8.11,7.4882812
4kyk,4.74,4.7382812
3ed0,6.35,6.7539062
2cht,5.52,5.2265625
2v3d,3.94,4.6328125
4ovf,4.13,3.8613281
3sha,5.59,5.4921875
1l83,3.4,3.2148438
4btk,6.62,6.578125
1tuf,4.05,4.0195312
5afv,5.59,4.9492188
3vw2,4.75,4.9882812
4abb,4.51,4.6757812
2wyg,8.7,8.640625
4hu1,7.54,6.9882812
3f78,3.1,2.6171875
3dri,4.42,4.2617188
3upv,5.3,5.2265625
4x5r,7.85,8.3125
3eb1,4.79,4.4648438
1hms,6.37,6.4609375
1pro,11.3,11.78125
3kku,5.7,6.2070312
1gwv,2.57,2.3359375
2e1w,7.96,7.359375
4ax9,9.57,9.0625
5acy,8.19,7.0117188
4qf8,7.51,7.0234375
3p3s,7.59,7.7539062
4kxb,4.12,4.125
4e9u,5.82,4.9648438
3tmk,6.87,6.3007812
4fs4,6.57,6.7421875
2e5y,5.85,6.3046875
3g2j,4.75,4.5078125
3dgo,6.74,6.0703125
4i72,9.05,9.0234375
4dkq,6.6,6.71875
3ozp,6.62,6.3359375
2j2u,7.33,6.9335938
2izl,6.0,5.7539062
1c5y,4.2,3.9667969
3dnd,4.8,4.8085938
2xg9,4.15,4.1054688
2ypo,4.68,3.9824219
4ruy,7.89,7.8945312
1lbk,3.18,3.0195312
3own,7.47,7.4335938
4k9y,6.95,6.7070312
5bwc,7.21,7.7851562
4u5s,2.41,2.2539062
5am7,7.19,6.828125
4v24,8.37,8.4375
4pee,8.32,8.4765625
3qqa,5.82,6.0039062
4b5t,3.33,3.3769531
4zl4,7.86,8.15625
4kz3,2.77,2.8066406
4xty,9.21,8.34375
4tkh,5.74,5.671875
3ttm,8.52,8.0625
2qwf,5.67,5.4648438
2yi7,8.32,8.3046875
4iva,7.16,7.2578125
2xb7,9.19,8.8984375
4kp8,5.48,5.6523438
4d8z,6.29,6.2226562
3ucj,6.0,6.6210938
1utm,3.01,2.953125
4xu3,9.5,9.2421875
4e1k,6.3,6.5546875
3eeb,5.89,6.015625
1a4k,8.0,7.984375
3fjz,4.05,3.9726562
4cd5,6.71,6.1679688
2py4,6.7,7.1328125
2pvk,8.3,8.1015625
3ifl,8.08,8.2109375
3zv7,5.92,6.015625
4tkj,6.04,5.765625
2hf8,5.47,5.5546875
3h89,7.64,7.5703125
2vot,7.14,7.0234375
1s89,5.24,5.1601562
3m37,9.04,9.171875
3l6h,5.4,5.0898438
3p8n,9.28,9.4296875
4elg,8.16,7.625
1b3g,6.7,7.046875
1zgi,5.34,5.4882812
4ezr,5.2,5.078125
2j75,6.65,6.4726562
4o61,4.3,4.5273438
4ehz,8.0,8.9453125
2ez7,4.36,3.8222656
2y7p,5.47,5.1367188
4y79,7.96,8.2578125
3ao2,3.77,3.7910156
3moh,2.84,2.9492188
2bqv,8.05,7.3554688
4isi,8.14,7.9765625
1b5i,7.05,6.9765625
2hhn,7.49,7.6328125
3b25,6.07,6.171875
5er1,6.02,6.1914062
1qxl,7.96,7.96875
3p3r,7.25,7.5
4qjm,8.17,7.2773438
4jv6,6.66,6.8476562
4z83,7.4,7.1210938
1b51,7.37,6.6835938
4n7u,6.29,5.9257812
2i4j,6.16,5.875
3vfb,9.04,8.828125
2xef,9.84,9.4921875
4o3c,2.59,2.4101562
4cl6,5.39,5.109375
2vvp,3.4,3.0371094
4n8q,3.42,3.4453125
1hyo,4.07,3.6738281
4rvr,6.87,7.3085938
2vzr,4.28,4.0507812
3b50,7.55,7.0039062
1l8g,6.22,6.4023438
3t09,3.8,3.4179688
4b73,7.21,7.328125
4uyf,7.6,7.3867188
3r4p,7.96,8.2265625
1my4,6.98,6.7070312
3guz,4.38,4.4414062
4kyh,5.92,5.4570312
3cyw,7.77,7.8046875
3bu1,8.15,6.65625
4oc1,6.6,6.5625
2uyn,2.7,2.6308594
3pb9,6.58,6.25
4bcm,6.91,6.5859375
4fcf,8.62,7.7226562
2xej,8.87,8.203125
3gcu,6.78,6.6992188
2qfu,4.18,4.2382812
1ogx,6.09,6.0078125
1n4h,6.55,6.5664062
3wmc,6.51,6.2578125
1w5y,8.48,9.0
3d7z,7.92,8.5
3ljz,8.14,8.140625
4e7r,7.7,7.796875
3gi5,11.22,11.3125
1ebz,9.4,9.0390625
2yz3,6.66,6.4882812
3t85,7.95,7.25
3b4f,8.14,8.1640625
1z1h,8.4,7.9453125
3qaa,11.54,11.4609375
3iob,3.42,3.5488281
1n5r,5.66,5.3515625
1nw4,9.07,8.5859375
5upj,7.12,6.8789062
2j79,5.96,6.0703125
3fee,6.64,6.1015625
2zdm,6.41,6.4023438
4cmo,9.07,9.3828125
1d7j,3.3,2.7460938
3ery,5.66,5.1953125
1i9p,8.41,8.65625
7upj,8.49,8.7109375
4qyy,7.3,7.3242188
4qf7,8.6,8.078125
3pcg,2.3,2.3398438
4qb3,5.47,5.0507812
1fkh,8.15,7.59375
2r3t,5.85,5.671875
3iof,5.22,4.828125
3fuz,6.54,6.234375
3ff3,3.57,3.5273438
3ppm,9.54,8.921875
2ccc,7.76,7.8046875
4fai,6.99,7.265625
3ip5,6.22,5.4335938
1xhy,6.18,5.4921875
2fgu,9.18,8.7109375
3v51,8.55,8.46875
4r76,7.85,6.9765625
4emf,7.08,7.4257812
1a8i,5.52,4.9726562
2wr8,5.44,5.4414062
3lxk,9.8,9.734375
4rfc,8.24,7.7382812
3lmk,5.94,5.5664062
1toj,3.39,3.2929688
4y5d,5.92,5.6679688
3f68,5.06,5.1914062
3pwd,6.66,6.4179688
4kz4,4.15,4.0507812
4ajl,3.8,3.6953125
4og3,6.55,6.4140625
1dmp,9.55,9.578125
4ca8,6.68,6.6289062
2y5g,6.84,6.921875
4eb8,9.82,9.6484375
3su0,6.79,6.8789062
3hvk,8.52,8.46875
4lko,8.22,8.4609375
4ibd,3.67,3.75
4mn3,5.75,5.3359375
2qft,5.26,4.578125
3hl5,4.47,4.4335938
4ej8,5.39,5.1523438
2v2v,4.07,4.1015625
4bcp,6.25,6.3125
4gii,8.74,8.5390625
2ces,7.25,6.4960938
1jgl,8.7,8.28125
1i37,9.57,8.7734375
4zwx,8.7,8.2265625
1bzy,8.34,7.4453125
2gss,4.94,4.640625
1fpc,7.0,7.140625
1aid,4.82,4.6601562
4dst,2.96,3.2148438
2j7g,7.0,6.7695312
1o0f,5.3,5.8359375
1pot,5.49,5.4609375
4bcs,6.99,6.765625
1kav,5.82,5.7695312
3zt3,2.86,3.1152344
2bfq,6.89,6.4023438
3hky,7.1,7.6953125
4qfn,4.12,4.0742188
3eqr,8.7,8.96875
4y0a,2.31,2.3808594
3rlp,7.08,7.2734375
1szd,4.54,4.0429688
4n07,6.46,5.8945312
3bxg,4.96,5.5625
4j7d,4.7,5.1132812
2vvu,8.1,8.859375
4csd,5.91,5.7617188
3kmc,6.4,6.6289062
3djx,2.81,2.6679688
3mho,6.49,6.6289062
4mo8,8.0,8.359375
3bgq,7.96,8.0625
1yds,5.92,6.5546875
1i9l,8.48,9.0234375
2q8z,5.68,5.53125
2avs,7.57,8.28125
4o3f,5.56,5.7421875
2wk6,3.32,2.8945312
1sqo,7.46,7.21875
4m3p,5.4,5.515625
4gqp,9.6,9.515625
3kjd,8.54,9.5078125
1sln,6.64,6.6210938
2b9a,8.05,7.859375
3eax,4.92,4.875
3tz0,5.04,5.0117188
4cp5,3.34,2.9980469
4m14,6.7,6.4375
4fm7,7.24,7.9257812
4cr5,4.15,3.9648438
4kb9,11.0,11.234375
2wgj,8.7,8.9375
1dy4,4.36,4.5898438
3qfd,4.17,4.9453125
2cgf,6.41,6.2773438
2wzm,5.22,5.1679688
2d1n,8.15,8.4765625
4gki,4.46,4.390625
3rdq,9.31,9.3671875
2h4k,5.49,5.6445312
3suu,8.52,8.125
1phw,3.3,3.2128906
1bty,4.74,4.984375
2o4n,7.82,7.2421875
3d83,8.36,7.9414062
1s39,7.7,7.71875
1bju,4.8,4.6054688
3pcf,6.05,5.5898438
4wkp,9.55,9.5
3acx,5.7,6.3632812
4m0f,8.77,9.0390625
3m5e,7.37,8.015625
1fcz,9.22,9.328125
4gg7,8.2,8.234375
2qhd,5.38,5.328125
1u0g,6.15,5.6523438
5fl6,7.36,7.0898438
1pr5,3.92,4.015625
3l4u,7.52,7.5742188
1yqj,8.14,8.0546875
3hmo,7.52,7.9453125
3ddf,4.66,4.9140625
1afl,6.28,7.0585938
4da5,6.44,6.25
7std,10.72,10.9296875
3n1c,5.22,5.2421875
2nn7,6.52,6.1367188
4w97,7.1,6.8164062
1ydd,7.07,7.0117188
1zs0,6.15,6.4101562
4xmr,4.07,4.4960938
4zba,5.51,5.765625
4lkq,3.35,3.0019531
2avo,8.85,9.984375
1mfa,5.04,5.171875
2fzc,2.7,2.4609375
1j14,4.49,4.6328125
2qi7,10.21,10.65625
2ojg,5.64,5.59375
1m0n,2.22,2.0332031
3lgs,4.61,4.6015625
2y7i,5.54,5.0625
3f18,7.4,7.2265625
2xjx,9.15,9.3984375
3suf,7.56,7.8671875
4sga,7.3,7.1445312
3d78,7.64,7.6484375
3ibl,7.84,7.6367188
3aqt,6.72,6.7226562
3mv0,3.85,3.6699219
4s1g,9.22,9.015625
2on6,6.76,6.6015625
4ai5,2.92,3.3496094
3a1d,4.12,3.5195312
4ibk,4.3,4.2421875
3fuc,9.72,9.7265625
4uoh,4.77,5.171875
2fgv,6.12,6.4140625
4riu,7.3,6.921875
4ryd,11.26,11.140625
4b9k,6.17,6.3320312
1vfn,5.6,5.9257812
4ibc,2.98,2.9824219
3f37,2.62,2.4238281
3r7o,8.36,8.9453125
3ryz,8.62,8.65625
3si4,3.88,3.8554688
4bb9,6.0,6.6953125
3t60,6.7,6.9453125
1bjv,5.54,5.4296875
4ucc,4.32,4.3515625
4c9x,7.32,7.21875
2jew,6.69,6.4765625
1gcz,5.13,4.9023438
1fiv,6.59,6.5703125
1e2k,4.94,4.4804688
2fqw,6.68,7.1210938
4dju,5.44,6.0898438
1mrx,7.26,7.5585938
4gq4,7.66,8.1015625
3zze,8.89,9.078125
1g45,8.64,8.1015625
2x2r,7.12,7.4804688
3i6o,10.35,9.6015625
3d8z,3.37,3.0527344
4j74,4.59,4.7265625
1np0,3.57,3.9648438
3si3,4.16,4.5976562
1ta6,9.13,8.8984375
4wn5,7.41,7.6289062
4ruz,7.64,7.8203125
3sax,6.57,6.9023438
1jsv,5.7,5.9453125
1ebw,9.05,9.3515625
1kug,3.8,3.921875
4bi6,3.95,4.3164062
1hvj,11.4,11.7421875
3vw1,4.67,4.6914062
1c86,4.7,4.6679688
4z0k,6.34,6.9023438
3i60,8.7,8.796875
1qf0,7.38,7.7265625
4del,7.68,8.53125
4ahs,2.19,2.1269531
3sbi,7.92,8.6015625
3aaq,3.3,3.1679688
2h4n,8.7,9.4921875
3bwj,6.5,6.5664062
2qci,8.34,8.921875
3c2u,2.9,3.125
4czs,5.0,4.9414062
3u7k,7.07,6.9257812
1k6v,6.92,7.375
2zpk,7.76,7.8789062
3gy3,5.63,6.1445312
4rux,7.92,8.21875
4loo,8.15,7.9921875
3ekt,10.59,10.109375
2vvv,8.22,9.0390625
4hwo,8.54,8.3515625
2q8m,4.03,4.5820312
4qgd,7.43,7.234375
3lpi,8.52,9.0625
2vh6,9.7,9.8828125
4nnr,7.26,7.453125
4iif,5.18,5.3828125
2qhy,7.48,7.96875
2v77,5.06,4.8007812
1qbn,5.85,5.9960938
3nik,3.45,3.8886719
5cbr,5.74,5.7460938
2yek,7.21,7.171875
3r0y,4.84,5.1171875
4cwp,6.77,7.3398438
1o36,5.96,6.1640625
3fk1,2.62,2.5742188
1pgp,5.7,6.5039062
3zln,8.47,8.5546875
3qlm,6.37,6.7578125
4z84,5.82,6.0078125
4h42,3.47,3.5
2zdk,6.37,6.828125
2zq2,6.56,7.0039062
4ck3,3.57,3.6484375
2z4o,9.57,9.3984375
2tmn,5.89,6.2304688
3oy8,3.66,4.2226562
3wq5,3.85,4.4570312
3mna,7.39,7.3046875
4b6s,6.01,5.8398438
2glp,5.01,5.2460938
3nyd,3.48,3.6835938
4agc,10.7,11.9375
4jyt,7.4,7.7929688
1hi5,4.04,4.4101562
1v2w,4.01,4.4765625
3l7a,4.33,4.3554688
2d1o,7.7,7.8671875
4ts1,4.94,5.5039062
4cg8,6.96,7.9765625
2wc3,6.08,6.3476562
2a5c,4.62,4.9765625
3c52,7.3,7.5273438
4gu6,7.36,7.5078125
1gyx,2.48,2.7714844
1xjd,9.48,9.90625
2r75,6.15,6.7148438
4na9,7.39,8.21875
4i8n,4.46,4.5820312
1owe,6.2,6.5625
2oxn,7.44,7.1289062
3aau,5.05,4.8710938
2bvs,4.1,4.34375
3hk1,6.17,6.5976562
2clh,4.06,4.5898438
3wz7,5.74,5.9140625
1t5f,4.22,4.4570312
3g2h,3.82,3.6328125
2vrj,6.3,7.1171875
2v2q,4.15,4.25
3ibn,7.61,8.109375
4r5b,6.73,6.8164062
3ehx,7.6,7.8984375
2ovv,7.92,8.1875
1s5z,3.21,3.0722656
1o2h,7.17,7.6953125
4lk7,5.04,4.859375
4ab9,3.33,3.953125
3g0e,7.7,8.28125
2aqu,9.32,9.40625
4g4p,6.89,7.234375
3owj,6.07,5.640625
2qwb,2.74,3.1992188
2q88,5.8,6.0546875
1nhz,6.08,5.859375
2pnc,3.33,3.6796875
4u1b,5.31,5.9257812
2fxv,5.35,5.3515625
1wuq,8.27,7.0546875
3ivc,4.12,3.8164062
2w26,9.4,10.03125
3s9t,6.82,7.1210938
3kgq,2.3,1.9951172
2zxg,8.82,9.125
3f3u,4.74,5.3984375
3uod,7.31,7.09375
4j93,4.7,4.8789062
4jv8,5.85,5.9804688
4oc3,8.28,8.4609375
3nuj,9.39,9.46875
4u5o,2.42,2.7753906
4g8y,4.59,4.828125
4g5f,3.05,3.0273438
4idn,5.24,5.390625
1c1u,8.25,8.15625
2f35,5.4,5.9140625
3i9g,8.96,9.59375
2h15,5.67,5.8476562
1ppi,5.01,4.609375
4k5p,3.46,3.609375
2ccb,7.45,7.2773438
4q1x,11.15,10.0546875
4b3d,2.68,2.484375
1v2j,3.25,3.5136719
3gk1,4.1,4.3242188
4c6u,4.59,4.8085938
1oz0,7.7,7.3710938
3mf5,5.36,5.1132812
4ad2,6.2,6.9335938
1qbv,5.39,5.7578125
1hvk,10.96,10.828125
2vb8,4.6,5.0625
1m2q,6.1,6.09375
3f5l,3.72,3.9648438
1xq0,6.34,6.6484375
3cfn,5.0,4.7929688
2qrh,4.71,4.796875
4b9z,4.09,4.21875
2vl4,6.01,6.6914062
1lkk,6.85,6.7695312
4x5y,8.03,7.5390625
2p7g,6.53,6.84375
1s63,9.05,8.875
2xd9,6.46,6.703125
2yk1,8.13,8.1171875
2p7a,6.1,6.2929688
3cm2,6.47,6.7460938
3u6h,9.0,9.140625
2qmg,9.15,8.6484375
1hvl,9.95,9.21875
2fu8,4.7,4.0546875
2p3a,7.96,7.8789062
1qyg,6.85,6.6796875
1nvs,7.82,8.1640625
1h1d,8.22,8.265625
3f17,8.63,8.5
3dp4,7.37,7.140625
1ftm,7.61,6.6484375
4k3h,6.85,7.0429688
2qwd,4.85,4.265625
1jak,5.57,5.7617188
3hzk,6.7,7.4296875
2yhw,5.6,5.859375
3b7r,7.7,7.7265625
3hvi,8.3,8.6953125
4q87,4.85,4.9257812
1nje,3.8,3.3886719
2nmz,8.37,8.3671875
1fm9,9.0,9.1484375
3k4q,5.34,5.8476562
3l4z,6.72,6.8085938
1bwb,8.42,8.5546875
1e4h,8.41,8.2421875
3s8n,6.21,6.7890625
4i71,7.74,7.6757812
2ya8,5.75,5.6210938
4rrg,2.81,3.0644531
3hit,8.19,7.7226562
4q7s,4.42,4.40625
3lq2,5.22,5.4335938
3gi4,10.8,10.390625
2qhz,7.28,6.8671875
3t01,4.48,4.5585938
4x6n,8.82,8.71875
3vha,7.4,7.3359375
1bwa,8.6,8.7421875
4ayq,7.33,7.5742188
1hp5,6.55,6.5390625
4a6l,8.0,8.3671875
1ctu,11.92,11.3203125
4q46,3.77,3.375
1siv,8.08,8.3359375
3l4w,6.0,6.1367188
4isu,3.68,3.5429688
4or6,5.31,5.2890625
2gz2,5.22,5.0820312
1ec0,8.49,8.203125
4lhv,10.0,10.5234375
4ggz,10.18,10.796875
2aoe,7.62,7.4765625
3uz5,7.22,7.2695312
4hy1,8.7,8.2578125
4jne,5.86,6.3046875
2ypi,4.82,5.1796875
2vwo,7.51,7.875
3f3t,4.59,5.1523438
3vbd,8.07,7.7460938
3pwm,9.1,7.96875
1w4p,4.74,4.5117188
2x0y,4.6,4.578125
3lxe,6.6,6.4375
1bv7,10.3,10.0703125
1hvr,9.51,9.2421875
4ngm,10.35,10.953125
1n46,10.52,10.0234375
4ymx,7.1,7.8632812
1rnm,3.07,3.2480469
3c56,7.89,7.5898438
4kow,4.31,4.015625
2y80,8.05,8.140625
4i7m,4.14,4.0703125
3rz0,7.55,7.21875
3hku,8.3,6.9375
4q93,4.65,4.4414062
1hpx,11.26,10.890625
1m7i,5.4,5.6210938
1x38,8.77,7.9882812
2i4w,11.59,11.1953125
4bc5,4.6,4.421875
2i2b,2.44,2.640625
1xk9,6.85,6.9921875
4mdn,6.22,6.40625
2r5a,2.6,2.0390625
1jaq,4.48,4.3359375
3hkt,5.39,5.1796875
3gx0,3.48,3.4140625
1hvh,7.96,8.375
4bps,2.99,2.8808594
1o2w,5.85,6.5820312
3t2q,3.66,3.4375
4i7p,3.5,3.7753906
2vpn,6.72,6.640625
4f9u,6.03,5.8710938
1ft7,5.18,5.171875
3ddg,6.0,5.3398438
1ie9,10.19,11.3359375
2r0h,3.51,3.8535156
2fle,7.85,7.9414062
3nim,4.75,4.828125
3veh,4.96,4.8945312
4eoh,4.3,4.7539062
2gst,6.07,6.8398438
4tim,2.16,2.2324219
4nvp,7.57,8.1796875
4xy8,6.4,6.3242188
3t08,3.04,3.2207031
3cj2,4.85,4.984375
4h75,6.6,6.8789062
3s71,8.64,9.0703125
4a6c,7.92,8.75
3fql,7.15,7.078125
3zxz,8.4,9.0234375
1ssq,6.0,6.0351562
5e2o,8.7,9.078125
1fch,7.15,7.8085938
2zdn,6.25,6.703125
4abe,3.4,3.5390625
2uyq,5.68,5.9492188
2rcn,6.0,5.5703125
1k4h,5.11,5.390625
2i19,7.8,8.078125
4fzj,3.15,3.8828125
1bq4,5.22,5.3320312
1gfy,5.08,4.9414062
3nxq,8.15,8.6875
2amt,4.44,5.0039062
3ozg,9.19,9.8203125
4e70,5.28,6.0039062
1o2z,6.11,6.3671875
2f7o,7.44,7.59375
4xar,6.97,6.828125
3gy7,4.52,4.9492188
2zft,6.52,6.8945312
4zeb,6.52,6.7070312
3dd8,7.85,8.3984375
2pk5,10.7,11.3671875
4hym,8.22,8.1484375
3b66,8.6,8.515625
1ejn,5.62,5.6289062
2vmd,3.02,2.8027344
1qaw,5.12,4.6210938
4xir,6.94,7.3398438
4ysl,5.8,5.3125
3gjw,8.3,8.5
3r6c,4.72,4.5859375
4f5y,5.43,5.8320312
3rz5,7.89,8.109375
4azb,7.24,7.0859375
3efs,5.34,5.1210938
4l6t,7.49,7.859375
1ez9,5.1,5.6289062
3c8b,6.1,6.5507812
2x96,4.03,4.671875
3jzg,4.4,4.28125
2pyy,4.6,4.7265625
1d3d,9.09,8.953125
1hee,5.34,5.2226562
2pu1,5.85,5.75
4zhl,6.47,6.1992188
3gi6,11.22,11.2734375
2rke,4.08,4.1328125
4z6i,6.31,6.578125
1nh0,9.74,9.640625
3su5,5.58,5.4960938
4j7e,4.85,4.859375
3k4d,5.11,5.1640625
2yaz,5.14,5.1796875
3f1a,7.21,7.1679688
1elb,7.15,7.078125
2xhm,6.8,6.21875
1x39,9.22,9.2109375
4q08,6.3,6.6914062
4euo,5.05,4.9335938
3h5b,10.0,9.2265625
1ugp,2.89,2.7246094
2bet,2.77,2.8710938
2v88,4.09,4.1757812
3u93,6.31,6.5039062
3rt4,8.8,9.359375
3kmy,4.49,4.6875
4hbm,7.92,8.3828125
3mjl,2.44,2.9492188
3f6e,2.38,2.1269531
2c3l,5.07,5.4648438
3k5i,4.7,4.6289062
4ljh,4.71,5.015625
2xc0,6.72,6.9726562
2ydt,5.52,6.2460938
3qfz,3.24,3.0273438
4ymq,5.8,6.734375
4z1k,8.33,8.0390625
4g95,7.61,7.84375
1atr,6.96,7.109375
4aoi,8.4,9.0390625
3c79,7.2,7.4453125
3c4h,5.7,6.1757812
4ca6,6.74,7.171875
3s75,6.82,7.359375
3f7h,7.09,7.1132812
4og4,6.02,6.5039062
4b74,7.66,7.6484375
1f8d,3.4,3.7695312
4yes,8.02,8.203125
2nmx,5.57,5.0117188
1nfu,7.74,8.1015625
3a1s,4.83,4.53125
1v7a,8.01,7.5273438
4gr3,7.81,8.3359375
3evd,6.91,7.109375
4uma,5.41,5.6640625
3aho,7.05,7.3203125
4nl1,3.89,3.6464844
1pa9,4.6,4.6914062
3sm2,9.7,9.3046875
4psb,4.64,5.1640625
3fh7,7.6,7.484375
4ibj,4.33,4.4882812
3fv3,9.52,9.3671875
3u90,4.62,4.8125
4iwz,7.29,7.1875
1v0l,7.55,7.9140625
3ryy,7.42,7.4101562
1nt1,8.89,9.3359375
4m13,6.7,7.0195312
2vw1,3.52,3.4277344
3ohi,4.85,4.65625
4ww6,10.21,9.265625
3rlb,9.92,10.3359375
2y7x,8.89,9.2421875
4riv,7.0,7.0390625
1b8n,10.52,9.609375
3ok9,11.23,10.09375
2hmv,7.7,7.6210938
1f4f,4.62,4.6953125
1o3p,6.66,6.2226562
4llp,4.8,4.5390625
1d4p,6.3,6.0585938
4ngp,7.96,7.7539062
3hmp,5.49,5.5
2pfy,6.52,5.9921875
4q83,4.19,3.6523438
2yix,8.48,8.796875
1ghz,4.8,4.5
2oym,5.0,4.7382812
1hi3,4.19,3.1972656
4fm8,5.97,5.7382812
1bxo,10.0,9.2421875
2pql,7.28,6.8359375
3u5l,6.19,6.34375
3moe,4.3,4.0976562
2wjg,7.1,6.2617188
1pbq,6.27,6.2539062
3vx3,7.82,8.0390625
4cws,7.92,7.5976562
3lvw,2.67,2.6953125
4poh,8.0,7.40625
2g71,7.46,7.265625
4ygf,7.68,6.5703125
4z2b,7.76,7.7617188
1fkf,9.4,9.4765625
2wf5,6.0,5.7304688
2pk6,10.89,10.5859375
1zoh,7.0,7.09375
3b4p,5.4,4.65625
3i73,5.49,5.1640625
4l50,6.06,6.40625
4up5,2.6,2.2714844
3o84,7.24,6.9726562
1lke,7.52,7.0625
3d1x,8.66,8.265625
1ork,8.81,8.9375
4h3g,8.22,8.1171875
1g2l,7.24,6.7578125
3cd5,7.9,8.171875
4wr7,11.7,11.171875
1o2q,7.68,7.3398438
1j36,7.74,7.3789062
4kwo,6.45,6.2421875
4rlt,4.96,4.6054688
3ujb,5.1,5.0078125
1hvi,10.92,11.125
3mam,4.12,4.15625
4qnb,6.59,6.3085938
3t3c,10.23,10.5859375
3zhx,6.68,6.5976562
2fqt,6.14,5.7148438
2bys,9.52,9.1875
1wm1,6.3,6.21875
3tfn,6.57,6.609375
3hfb,7.52,7.3242188
1thz,5.15,4.75
1ndw,5.23,4.9570312
3fqe,8.3,8.125
2bmk,5.62,5.5234375
2fqx,7.15,6.8984375
3pb7,5.74,5.5898438
3mz6,7.2,7.4414062
1yvm,6.4,5.9882812
3zcl,8.0,8.6640625
1ugx,5.91,5.2148438
4b3c,2.68,2.4140625
3ppp,5.22,5.0234375
4pf5,5.48,5.6914062
1xff,4.82,4.8320312
1hih,8.05,8.4765625
2zx6,10.6,9.6171875
3c88,6.8,6.9960938
4ido,4.93,4.3125
3a9i,4.15,3.8027344
2bo4,4.61,4.8007812
4gzp,7.84,7.140625
3c8a,6.18,6.0664062
3vh9,6.24,6.0273438
3iph,7.6,7.4960938
2y5f,8.7,9.0390625
1pvn,9.82,8.953125
1jcx,5.15,6.0976562
2vc9,8.44,8.2890625
1pyn,5.49,5.2539062
2ha5,4.34,4.28125
1tom,8.3,8.1875
1hn4,3.82,3.5742188
3d51,4.15,4.2109375
3d2e,6.42,5.5664062
1b9j,5.96,6.171875
3fjg,3.73,3.640625
4umb,4.0,3.8339844
4bf1,8.62,7.6132812
4xtv,9.27,8.4375
4alx,7.28,7.5
3sjf,7.64,7.5625
2qm9,7.77,7.203125
1ch8,7.0,6.2890625
1h1s,8.22,8.359375
1m2x,4.15,4.4140625
2i4d,11.68,10.0546875
2ctc,3.89,3.9140625
1atl,6.28,6.3984375
1koj,6.7,6.3085938
3p8o,8.72,8.4375
4b2l,3.24,3.6015625
1rbp,6.72,6.7734375
4kwf,4.82,4.7578125
2xxx,6.41,5.6953125
3bl1,5.6,5.59375
4xu2,9.23,9.453125
3afk,3.6,3.4746094
3kdb,9.85,9.8125
3aas,4.51,4.1523438
4elf,8.03,7.3398438
1ua4,4.22,4.4414062
4a95,5.76,5.96875
3w9k,6.32,6.1992188
4ks1,8.82,7.4101562
4jsa,4.96,5.1601562
5e2r,7.06,7.8710938
1cnw,7.72,7.125
1zfq,7.52,7.2929688
4io2,6.7,6.9257812
4q4p,6.39,5.8476562
1a9q,6.17,6.5546875
1bnt,9.8,9.2734375
2hnx,7.08,7.2890625
2xc4,8.05,7.5039062
1n0s,7.45,8.125
4q4s,6.95,6.4101562
1r0p,8.0,7.9492188
4c1u,7.09,7.5273438
1c5x,6.68,6.8046875
1g7f,5.47,5.2460938
2eum,6.7,6.3945312
2uxz,8.48,8.453125
2v54,4.6,4.7734375
4bup,4.95,4.7539062
3t83,6.98,6.6367188
1li6,3.8,3.6835938
1cps,6.66,6.6054688
3bgc,5.02,5.0742188
1k1y,3.22,2.8066406
3vvy,4.84,4.3710938
1gu1,4.52,4.4296875
1gi7,4.51,4.4609375
3qtv,4.65,4.4179688
4oct,5.05,4.5976562
4bt5,2.76,2.8828125
3lbz,3.86,3.7128906
3roc,8.19,8.5
4yml,8.35,8.71875
1gjd,5.22,5.09375
1sr7,10.1,10.296875
4en4,5.52,5.8671875
1izi,6.59,7.3242188
2pvl,7.62,8.078125
2qwe,7.48,7.5351562
4zae,8.44,8.328125
3dxh,3.19,3.0527344
1p57,4.4,4.328125
4avs,3.49,3.3027344
3h78,4.24,3.8945312
4x8u,2.46,2.03125
3rsr,4.36,4.0898438
6cpa,11.52,11.25
1fkn,8.8,9.390625
3lc3,5.23,5.6015625
4ra1,5.94,6.1953125
3sue,9.08,8.4296875
1ols,5.82,5.1992188
1lbf,7.85,7.9960938
4q4q,5.79,5.25
1gaf,8.0,7.90625
1yp9,5.11,4.9023438
1v48,7.8,7.6679688
2qi3,10.2,9.5234375
4ara,6.05,6.3945312
1nq7,6.8,7.34375
3m3c,4.06,3.8476562
3hf8,6.51,6.2578125
4muv,5.76,5.4570312
1r1h,8.92,9.0078125
2d3u,6.92,6.4453125
1hwr,8.33,8.84375
3cj5,6.34,6.0
1jq8,6.0,5.5664062
4cwt,6.75,6.7539062
4rfd,8.05,8.140625
1ew8,2.26,2.4257812
4fnn,7.57,7.3828125
3a1c,4.0,3.5664062
2zym,6.14,6.125
4ih3,4.82,4.6171875
5aol,2.32,1.9179688
3ekv,9.41,10.6484375
3t82,7.0,6.8945312
2uwp,6.81,6.3710938
2usn,6.51,6.4375
4lm4,3.04,3.3027344
4few,5.21,4.9882812
1h6h,5.3,5.3671875
1c87,4.2,4.2773438
3s3v,6.23,5.3789062
3ljo,6.62,6.7460938
2cgr,7.28,7.8984375
1y6q,11.7,13.0546875
4dkp,5.72,5.359375
2wvz,4.02,4.1484375
3w37,5.18,4.7929688
1uwf,6.82,7.1289062
4cs9,2.1,1.6201172
4flp,6.72,6.4101562
3bkl,6.17,6.9648438
2mas,7.52,7.3515625
4rpn,6.96,6.3984375
4bam,8.94,9.109375
4rr6,6.0,6.0820312
2ya7,3.14,3.0273438
4u8w,11.24,11.25
2v57,7.1,6.859375
3obq,3.54,3.3027344
3ml2,8.05,8.421875
3znr,7.44,7.6835938
2wl0,7.8,8.015625
1o5e,5.74,5.2890625
1oe8,5.52,5.8203125
4ca7,7.36,8.3203125
1uv6,5.12,4.5820312
3cs7,10.68,10.5859375
4o0b,8.3,8.8671875
3k00,5.77,5.6640625
2pou,7.42,6.9296875
4aq4,6.17,5.8867188
1c1v,7.64,7.6523438
1toi,4.05,4.0351562
2uxi,7.3,7.1796875
2wyj,9.0,8.7109375
1m0b,8.82,9.3046875
3tzm,7.77,7.5585938
2j4g,6.6,6.5507812
4b5s,3.49,3.8476562
4o97,8.52,8.3984375
1uz4,3.4,3.0820312
4ijh,4.33,4.4023438
3x00,9.08,9.765625
4rdn,5.92,5.4765625
4hfp,7.38,7.7890625
1i1e,5.03,5.0898438
4h3j,7.05,7.4960938
2xj2,7.18,7.15625
1nw7,5.09,5.625
1elr,4.96,4.8359375
3rm4,5.77,6.2890625
3nht,7.01,6.40625
3rz8,8.17,7.765625
1oth,7.0,6.859375
4rra,4.87,4.5234375
3bft,6.49,6.7226562
3eko,6.7,6.8242188
3s77,7.21,8.1328125
1sqt,6.2,6.234375
1rmz,8.0,8.0859375
2q6f,5.44,5.4765625
3hig,7.89,8.1171875
4lm1,3.23,3.1523438
4w9p,7.8,8.2109375
4u6w,4.21,4.5703125
1fjs,9.96,10.2734375
4nbk,3.87,3.6914062
2qry,8.64,9.15625
3b3w,4.19,4.9101562
2g70,7.77,8.3046875
1c5p,4.68,4.4375
4cjr,3.1,3.3378906
1fkw,5.05,5.5390625
2x97,5.66,5.8164062
5c5t,3.13,3.3691406
1m0q,3.89,4.328125
1q1g,8.57,9.3828125
1fzo,7.89,7.8242188
2i6b,7.17,7.6601562
2j7e,7.32,7.3710938
1v2n,5.9,6.0976562
2xab,9.27,9.8203125
4hdf,8.49,9.546875
1e2l,4.29,4.59375
1ajp,2.23,2.4082031
4rn4,6.94,6.8046875
3uj9,4.63,4.9648438
5bs4,11.0,11.203125
2iuz,5.55,5.4921875
4kiu,3.85,3.546875
3fx6,6.8,6.84375
1gj7,7.89,7.453125
1ado,6.0,6.328125
1ocq,5.19,5.25
4x8o,6.6,7.5585938
1h5v,3.93,3.8808594
2xmy,9.96,9.5625
3n7h,4.5,4.1171875
2jg0,7.82,8.4296875
3u8j,8.51,8.4375
3b7j,5.17,4.9453125
4qlk,3.24,2.9824219
3n35,3.37,3.3945312
2hoc,9.52,9.8359375
1w5x,8.4,8.6796875
4ei4,8.74,9.0546875
2qi1,7.3,8.046875
1g7q,6.06,5.7890625
1o30,6.77,7.1132812
4fsl,7.7,8.0
1f74,3.05,3.4101562
2zx8,9.64,10.1796875
1n3z,4.2,4.4296875
2xxr,6.55,6.1835938
4aci,2.22,2.3164062
3cd7,7.84,8.1484375
2nsj,4.79,4.5351562
4xya,5.86,5.953125
4mr6,6.6,7.1914062
3kqr,4.43,4.75
5e8f,8.64,8.3203125
2ole,7.25,7.2773438
2xxt,8.05,8.734375
3b26,6.64,6.8789062
1oau,7.7,7.5273438
1b05,7.12,7.3554688
2f81,10.52,10.8203125
4lw1,3.15,3.6484375
1ws1,9.55,9.7734375
3pju,4.88,4.2617188
1mrn,4.52,4.5
3tk2,4.62,5.1835938
1hpv,9.22,9.1328125
4b6p,7.13,7.2929688
3uil,6.0,6.046875
2r59,8.19,8.4140625
4fl2,3.66,3.8417969
4cpw,7.5,8.0859375
4u54,2.06,2.3769531
3bfu,6.27,6.375
2zxd,5.22,4.8945312
1ajq,4.31,4.2929688
4mr3,5.94,5.5703125
2vwn,8.0,7.9179688
2qtn,3.42,3.5097656
3ies,9.92,10.4765625
3bra,2.7,3.296875
1bhx,6.84,7.0234375
1wur,6.66,6.71875
3ms9,5.22,5.4179688
4uof,4.84,5.3554688
3b5j,5.68,5.6640625
4v01,8.11,8.5546875
2pvh,6.59,6.5820312
2r9x,4.85,4.7265625
1swg,7.36,7.8320312
4do5,5.83,6.1757812
3ie3,6.68,7.0546875
3gtc,2.35,2.7265625
1gar,10.0,10.125
1bai,7.7,7.6210938
4pp5,7.74,7.3125
1bn4,9.31,9.3515625
4ha5,7.24,6.2851562
3ekx,9.41,9.421875
1upf,4.6,4.578125
3ppq,4.55,4.234375
1f5k,3.74,3.8945312
1epo,7.96,8.265625
2za5,8.43,8.7890625
2w67,4.96,5.4453125
4jn2,11.68,11.53125
4i7j,3.32,3.4746094
4xip,6.63,6.34375
3qfy,6.12,6.15625
1o3d,7.13,7.5117188
4dds,5.01,5.3984375
3zpu,8.38,9.296875
2qv7,3.66,4.0859375
1l6m,8.1,7.4414062
3qbc,4.97,5.2734375
1f3e,6.7,6.328125
3f33,3.34,3.5917969
966c,7.64,7.8710938
1v2l,4.29,4.8242188
1pph,5.92,5.6171875
2hb3,11.35,11.3984375
1a99,5.7,5.4726562
3umq,4.62,4.78125
1bgq,8.57,8.6484375
3zbx,8.22,8.5703125
1k1l,6.9,7.171875
1li2,4.04,4.4765625
3nw3,6.49,6.7070312
3u7m,7.45,7.78125
3d8y,3.4,3.6074219
1f4g,6.48,6.421875
1o2r,5.21,5.2460938
4pyx,6.14,6.703125
3pgu,6.7,6.9414062
1ypj,7.02,7.3359375
3f16,8.23,8.1875
4ih6,4.74,4.6132812
2xbw,8.0,7.7382812
2i4z,5.7,5.578125
3hzm,5.52,5.9882812
4q4o,7.46,7.7695312
4o09,7.7,7.65625
4ynl,4.62,4.2148438
2qta,5.76,5.8085938
3ikg,7.24,7.7890625
1k6t,7.62,7.4882812
4g0q,2.52,2.7871094
4ncn,5.67,6.0351562
4daf,7.12,6.7890625
4det,5.68,5.6875
2zc9,6.74,6.8320312
4oma,4.17,4.6484375
1b5j,7.43,7.515625
4lxd,7.23,7.3007812
2rkd,2.72,2.7402344
1tok,2.47,2.265625
1v2u,3.37,3.2382812
5std,10.49,10.59375
2qtt,4.32,4.375
4afg,8.3,8.6171875
4fp1,4.57,4.9335938
1i9n,8.66,8.328125
3k97,8.0,8.203125
1bm7,7.52,7.4570312
1pfu,2.72,2.796875
1ndy,6.17,6.7109375
4cd1,4.89,5.15625
1xgi,4.85,5.1445312
2o4l,9.22,9.9921875
4r0a,4.26,4.1601562
4cd4,6.58,6.9804688
4yzu,5.05,5.5703125
1egh,5.7,5.8320312
1kel,7.28,7.5078125
5a2i,5.06,4.8710938
3u92,7.48,6.8867188
2w08,3.42,3.5488281
4pmm,7.57,7.7460938
1h2k,2.92,2.9160156
1b6l,8.3,8.1875
4zzy,5.6,5.4023438
3m40,6.77,6.6914062
3l3m,8.22,7.953125
4dv8,9.24,9.8515625
4er1,6.62,6.7539062
4r4o,5.82,6.1679688
4bks,3.82,4.1601562
4l51,3.0,3.2890625
4lj8,5.82,6.328125
4io3,6.06,6.2109375
1h2t,7.89,8.28125
2zfp,5.17,5.5585938
2evl,6.7,6.8789062
5amg,8.22,8.1875
4a6s,5.2,5.5
2vk6,5.3,5.9570312
3pck,6.7,6.9726562
1m2p,6.11,6.265625
3mi2,7.77,8.265625
3djq,2.98,2.53125
4crb,7.57,8.046875
1fki,7.0,7.5429688
2gv6,7.34,7.3945312
1ec2,10.0,10.671875
4nbl,6.33,6.8515625
2p2a,6.12,6.671875
3ckp,6.35,6.6953125
2hzl,6.57,6.40625
3ebh,6.32,6.3867188
4cd0,9.7,9.6953125
4ezx,5.8,5.71875
3lzz,3.84,3.9609375
1qan,4.48,4.78125
4qpl,7.41,7.6054688
1mq5,9.0,9.34375
2vuk,3.9,3.5292969
1bdq,6.34,6.6210938
1f4x,5.59,5.671875
1q7a,7.19,7.2851562
1jn4,4.95,4.6328125
2nnd,6.06,5.8046875
5cs3,2.15,2.3515625
3w9r,6.18,5.5664062
3n7o,7.14,7.2265625
2r2b,4.2,4.4335938
4kax,4.77,5.1054688
3gm0,7.77,7.8945312
1f0r,7.66,8.2578125
4jal,4.6,4.7304688
1ro7,3.18,3.1894531
1rtf,3.04,2.9707031
2zgx,6.74,6.6914062
4dff,7.46,7.8164062
2ews,6.62,5.5390625
3bxh,4.03,4.4140625
3n9s,5.26,4.890625
2w9h,6.37,6.796875
4rlu,4.82,4.4101562
5azf,4.44,4.671875
4qer,7.54,7.6054688
4km2,5.84,5.6992188
3u81,4.44,4.203125
4ko8,7.15,6.6484375
1pme,9.4,9.328125
4cfl,5.88,6.2109375
4i54,6.96,6.8710938
3f80,4.22,3.7324219
1e5j,4.0,4.3945312
1rp7,8.52,7.2578125
2ptz,7.82,7.15625
2zz1,4.54,4.5859375
4aje,3.68,4.0585938
2e94,8.0,8.3203125
1y0l,9.0,8.609375
2yfx,8.09,7.9023438
3s2v,6.8,6.7382812
4i7l,3.99,3.4960938
1od8,5.1,5.25
2jkp,4.23,3.7226562
3oaf,8.8,8.4765625
4or4,4.57,4.3164062
1qy2,5.74,6.1054688
4llj,3.42,2.984375
4g8n,7.2,7.734375
2gsu,3.59,3.4394531
4q1y,10.35,11.28125
4n6h,9.28,9.328125
3cl0,7.07,7.0078125
4ibe,4.15,4.0664062
3ip6,6.6,6.5742188
1b8o,10.64,10.8359375
1i9o,8.42,8.3203125
3ckb,2.98,2.9453125
1k1n,6.82,7.3945312
4c1t,7.15,6.8828125
3wjw,3.87,3.9746094
4jyc,6.7,6.078125
4qjx,7.28,7.3828125
1uz1,6.89,6.7460938
1n4k,10.05,11.0546875
5c1m,10.8,10.4609375
4r75,7.24,7.5742188
2wyf,4.43,4.2265625
1g30,6.85,6.8984375
3el4,7.17,7.2304688
1gno,7.7,7.4726562
1i80,6.41,6.1367188
1z6s,4.34,4.0585938
4ahr,2.19,2.1347656
3ozr,5.15,5.1953125
1fo0,5.59,5.3710938
1o1s,7.31,7.6953125
3nes,5.62,5.5
5bry,11.82,13.109375
1g3e,5.38,5.5898438
1uwu,5.98,6.65625
4q3u,6.44,6.9101562
3zqe,4.23,4.0078125
2b7d,8.7,9.1953125
4j48,5.62,5.1484375
4igt,7.89,8.75
2dri,6.89,6.0742188
2rkf,9.08,9.234375
3ibu,9.15,9.2265625
3r4n,6.89,6.90625
1g32,6.11,5.8710938
4mmp,7.71,7.09375
2wnj,6.48,6.96875
3m1k,5.39,5.0078125
2ybu,6.38,6.6210938
2vh0,8.51,7.6328125
2e2r,8.26,8.4609375
4iue,6.55,6.2578125
1a28,8.29,7.7226562
5dqe,3.63,3.3964844
3o56,9.1,9.1953125
3kv2,7.32,6.8554688
4y8x,8.43,8.6015625
2xde,5.47,5.671875
4h81,5.12,4.9101562
4zx0,8.0,8.09375
4p6x,7.04,7.1367188
2yfa,5.07,5.046875
1nvr,8.11,8.75
1z4o,4.52,4.4570312
4rj8,7.77,8.078125
2g72,6.5,6.5234375
2j7b,6.62,6.7578125
3cyz,7.22,6.8710938
1dud,4.82,5.0234375
2z94,5.85,5.3710938
3b3s,2.55,2.6542969
4bqg,6.22,6.0625
2f34,6.89,6.7695312
4ocq,4.61,4.1328125
4k7n,3.48,3.875
3st5,11.3,12.328125
2pov,7.12,7.1523438
1w11,8.22,8.3828125
1det,4.3,4.1875
4ykj,4.43,4.6132812
2qg0,5.72,5.6796875
3dp9,9.68,9.3203125
2wb5,9.13,9.2109375
4hf4,8.62,8.4140625
3oil,5.68,5.8671875
4hzm,4.63,5.21875
2x7t,6.63,7.0234375
1igb,6.4,6.890625
1yfz,4.35,3.7695312
4jpy,4.43,4.296875
5aoi,3.03,3.1289062
3vhd,9.28,9.625
1lzq,8.39,7.8789062
4oc5,7.07,6.9921875
3i4y,7.05,7.3320312
4gzw,4.52,4.7773438
4kx8,7.13,6.84375
3n2u,7.84,7.7851562
4k7o,4.3,4.359375
4av5,7.21,6.6484375
1t4v,7.68,7.7109375
1p1o,5.76,6.2929688
3zps,8.3,8.8359375
3hkn,5.35,5.5234375
1df8,9.7,10.6953125
1tlp,7.55,7.9960938
2hw2,2.97,3.9804688
4qjw,7.8,8.65625
3ffg,9.08,9.28125
4q90,2.15,2.0390625
2d3z,6.64,6.734375
3dhv,2.96,3.9140625
3q7q,5.65,5.2695312
1sh9,6.03,6.8242188
4keq,3.82,4.1289062
3wgg,4.4,4.9257812
4x5z,7.63,8.0703125
3c89,6.07,6.6757812
4loi,6.77,7.4414062
1uz8,4.96,5.5742188
2ha2,4.66,5.171875
1xh4,7.47,7.6015625
4w9d,4.99,5.3554688
3n3j,8.48,8.1328125
1pzo,3.32,3.3710938
1zog,7.15,7.7226562
3vd4,4.82,5.1757812
3t6b,6.36,6.5898438
1wcq,6.26,7.0898438
2p7z,6.58,6.2734375
3ap4,3.92,4.3515625
5cqu,6.54,6.6757812
2azr,3.64,3.9316406
2hs1,8.48,9.1171875
3ove,6.57,6.8554688
4pyy,7.23,7.7421875
3ov1,5.2,5.5820312
4fxq,5.77,6.3359375
1ro6,6.46,6.6054688
3i25,8.51,9.2265625
4g8v,5.8,6.4921875
1stc,8.1,9.1015625
3juk,4.89,5.3398438
4hj2,2.53,3.2363281
1ws4,3.0,3.6152344
2qi4,10.44,10.9375
3cd0,7.57,7.71875
1tx7,4.6,4.8085938
2gvj,9.52,9.578125
4w9f,5.49,6.046875
4efs,8.6,8.125
1d9i,9.11,9.21875
5dq8,4.14,4.5625
2y82,8.4,9.0390625
4u4x,5.01,5.46875
3hcm,3.3,3.65625
1gnn,5.68,5.4960938
3b92,8.0,7.78125
1qbq,8.3,7.9179688
3gs6,6.59,6.90625
3ldq,5.36,5.8164062
3kgu,5.92,6.3398438
2vba,4.6,5.0625
1b3l,5.89,5.9648438
4gqq,2.89,3.078125
1qin,8.0,7.8046875
2f94,6.71,7.0585938
3ru1,4.85,5.1132812
1b4h,5.46,6.0195312
3r24,5.25,5.6796875
4fk6,9.7,10.53125
1g74,6.52,6.0742188
3f5k,4.62,5.1132812
4pft,8.64,8.9375
4qgi,3.9,4.5664062
1qbo,7.74,8.21875
1fhd,6.82,6.8710938
4iie,2.34,2.0097656
3tfp,6.47,6.8398438
4g0z,2.21,2.6992188
3d0b,6.54,6.5703125
3wvm,5.71,5.9140625
4b5d,7.89,7.9726562
3t1l,3.26,3.234375
1c3x,3.68,4.09375
1zvx,9.22,9.1640625
3m3e,4.43,4.2578125
3alt,2.92,3.3671875
4jkw,4.16,4.2421875
3usx,5.02,5.0703125
3iw5,6.08,6.3398438
1adl,5.36,5.859375
4g0p,3.01,3.5058594
2vj8,8.7,8.640625
4lj5,6.29,5.65625
2f9k,7.07,7.125
4ykk,2.77,3.4179688
1nki,6.7,7.703125
4je8,5.21,5.5273438
4kxn,6.1,6.2734375
3bgs,9.42,10.328125
4ufi,6.2,6.8398438
1d4k,9.22,10.125
4qfl,5.11,5.203125
2xn3,5.92,6.3789062
5efa,4.83,5.6210938
4f6u,6.15,7.0625
2i4x,11.72,11.6953125
3oyw,4.11,4.53125
2cli,4.3,4.3671875
4tmk,7.7,8.6953125
4cwf,4.49,5.0546875
2wly,6.6,7.0195312
3rm9,4.77,5.7851562
3vje,8.01,8.515625
4ufh,6.42,7.3476562
1cet,2.89,3.4453125
1msn,9.09,9.484375
3ng4,5.43,5.21875
3uug,4.51,5.1367188
456c,9.77,9.328125
3s0e,6.55,6.7382812
4q6e,6.18,7.1445312
1ctt,4.52,4.7851562
2rkg,8.09,8.6484375
1cnx,7.37,8.328125
3buh,3.66,3.9746094
3ggu,9.77,10.9921875
1fzk,8.4,8.25
4i3z,4.29,4.5390625
1str,4.77,5.1875
1kpm,5.8,6.28125
4zow,4.12,4.4726562
4phu,7.92,8.578125
4djx,7.23,7.765625
4gj3,8.85,9.5703125
3r6u,4.52,5.171875
2ra6,4.52,4.875
2zn7,7.89,8.109375
4u5n,2.48,2.15625
3ebo,4.72,5.015625
3k02,5.0,5.8085938
3uxl,5.57,5.4492188
4qiy,7.3,8.65625
2v2c,3.41,3.7246094
4tln,3.72,3.5996094
1oss,4.79,4.5859375
3l4y,7.0,7.3515625
2f2h,5.7,5.5664062
4bf6,8.35,7.1015625
3qxv,8.4,7.7539062
1sdu,10.07,10.5859375
2w47,4.98,5.046875
1rnt,5.19,5.75
3l7c,2.44,2.8261719
2x7u,5.27,5.2929688
4i7k,3.04,3.3496094
3hvj,8.7,8.796875
2idw,8.89,9.4765625
3kdc,9.28,9.5546875
3slz,6.99,7.078125
3zq9,6.02,5.6367188
1gz4,3.7,4.3554688
3gdt,7.19,7.4453125
1nwl,2.39,2.6796875
1laf,7.85,8.6640625
3p7i,7.7,7.8515625
1w13,8.7,9.203125
4duh,5.18,5.4453125
4q99,6.28,6.0585938
4l9i,4.89,5.1289062
1tys,5.49,5.1875
3f19,7.19,6.75
3c39,3.96,4.234375
1f8b,5.4,5.3632812
1w3l,6.28,6.5820312
3qto,4.13,4.2890625
4tjz,5.97,6.0273438
2jdk,6.54,7.1953125
1g4j,8.7,9.1328125
4m0r,5.21,5.140625
2qzr,7.26,7.7851562
4c52,5.68,6.0039062
3dcc,8.96,9.734375
3f5j,4.28,4.4335938
2ygf,5.09,5.3671875
3b24,4.38,4.8164062
1drk,6.82,7.2734375
2yel,7.28,8.375
4lkk,5.92,6.890625
3s9e,5.13,5.5390625
4zbi,6.51,6.7148438
1j4r,7.72,8.328125
3ttp,9.12,9.734375
2csn,4.41,4.6992188
1dgm,5.05,5.5039062
2rfh,6.82,7.0546875
1u1w,5.85,6.3320312
6std,8.64,8.1953125
2jiw,4.59,4.4921875
4dq2,7.52,7.2421875
2euk,6.6,6.4804688
2zmm,7.6,7.8203125
3hzv,6.52,6.6015625
3nu6,9.3,9.0625
4zek,5.66,5.65625
5caq,8.57,8.4921875
4k0o,3.0,2.9824219
3f34,3.16,3.0273438
4mjp,3.88,4.0703125
2r0z,5.47,5.2617188
3wqm,6.25,6.6015625
1kzn,8.92,9.2890625
4ozj,5.4,6.2734375
1w3j,6.32,6.609375
3h30,4.53,4.7578125
3kyq,4.22,4.3632812
3v7t,7.21,8.15625
4pge,7.77,8.15625
3gst,6.72,6.9179688
1zc9,3.22,3.6289062
2fzg,3.38,3.8183594
1ur9,5.77,5.984375
3s8x,7.3,8.1953125
3gus,6.05,6.4492188
3qox,6.57,7.25
2uwd,8.35,8.328125
1lkl,5.81,5.9140625
4azc,5.86,5.453125
1i5r,8.52,8.53125
3adv,3.03,3.1269531
3jrs,4.28,4.6679688
4qiz,8.15,7.875
3tcg,5.87,6.2539062
3p3g,9.74,10.28125
1oif,7.72,7.8398438
4yha,6.65,7.6171875
5e2p,8.8,9.015625
3ivx,5.74,5.5898438
4rlw,4.87,4.7460938
2aj8,6.2,7.0625
4ij1,5.4,5.6640625
2uz9,5.71,5.640625
3ljg,7.73,8.234375
4j22,7.74,8.09375
5c2a,8.32,8.3203125
3jyr,5.54,5.3398438
4lzr,4.7,5.0117188
1hps,9.22,9.46875
2olb,5.54,5.3710938
4ymh,6.46,6.296875
3gy2,5.74,5.9609375
1hnn,6.24,6.3359375
3bqc,5.73,6.1835938
1x8r,6.12,6.3710938
4el0,4.49,5.109375
3ai8,3.81,4.625
2j77,4.89,5.59375
4rwj,8.7,8.5234375
4mc2,8.19,8.3046875
2eg7,5.89,5.625
3d9z,8.7,9.5
2c80,5.33,5.4101562
1ttm,7.35,7.4882812
3vf5,9.34,9.4140625
4qy3,6.82,6.796875
4o2c,8.0,7.828125
1hdq,5.82,6.1757812
1ppm,5.8,6.1796875
3acl,6.22,5.9960938
1q65,5.46,5.8007812
2cc7,8.01,8.4609375
3dk1,9.74,9.453125
1drj,7.4,7.2460938
2erz,5.66,5.921875
1c1r,7.63,7.9335938
3a1e,2.66,3.2246094
4ipi,5.32,5.640625
1vzq,7.44,7.5
4kqp,6.05,6.5585938
4kz7,2.49,2.8535156
3jzh,3.4,3.4628906
4b6r,5.85,5.734375
4emr,7.49,7.296875
2pv1,7.14,7.1992188
3su4,6.26,6.25
1izh,7.7,8.5390625
10gs,6.4,6.2890625
3g19,6.67,7.0390625
4jx9,8.62,9.4921875
3zsy,3.23,2.8457031
3ime,3.0,3.2285156
4bj8,8.29,8.7734375
3jzj,3.61,4.0625
2wuf,4.29,4.1132812
1lrh,6.82,6.7148438
1c5n,4.7,5.4296875
2w8j,2.96,3.1347656
1zge,7.3,7.7929688
2zq0,6.82,6.21875
3kek,8.36,8.46875
3bex,5.57,5.828125
1njd,5.57,6.0351562
4m7j,6.11,6.5
4cwo,5.21,5.25
2jke,4.23,4.546875
2p4j,8.96,9.8125
4pb2,4.8,4.4453125
3rv8,4.92,5.2070312
1mmr,5.4,5.3671875
3fvl,6.07,5.8398438
3g30,2.51,2.828125
1xug,7.05,7.4179688
3wq6,4.59,5.2148438
1sdv,8.74,9.2890625
3s78,6.47,6.5742188
3b7i,5.82,6.0625
1pz5,5.4,5.5195312
3uw4,7.77,7.8125
3o4k,7.62,7.8984375
4qfo,4.27,4.5585938
4dhl,4.48,4.046875
4pfu,6.17,6.4023438
3el5,7.72,8.125
3gta,4.28,4.203125
2i80,5.4,5.5546875
1xap,8.7,8.78125
4oc2,8.28,8.15625
1w0z,7.68,8.046875
3hl7,7.64,7.3867188
2xpc,3.9,4.3125
1f4e,2.96,3.5117188
2qbw,7.25,7.6835938
3wtn,7.04,6.8554688
2nn1,5.82,6.3476562
4x6i,8.0,8.125
1w9v,6.34,7.015625
1bcd,8.7,8.828125
4abd,4.4,5.0859375
4az5,5.99,5.8476562
2qrl,4.0,4.4179688
4db7,6.56,6.3007812
4i9u,3.86,4.2617188
4zj6,8.52,8.1484375
4u0w,3.0,3.4902344
3ama,6.53,6.6992188
2h21,6.54,6.3710938
4jzi,7.4,7.4765625
1wdn,6.3,6.7421875
4m8h,7.6,7.6757812
1ajn,2.63,3.0039062
3g1d,3.48,3.4492188
3ewj,6.84,7.0585938
4cjp,3.32,3.3535156
3o8p,6.46,6.25
4wk1,5.89,6.1484375
4u71,5.22,5.4570312
3lp4,4.88,4.8125
1v1m,3.94,4.0546875
2qi5,10.85,10.3984375
3v2p,6.36,6.703125
1tq4,6.19,5.9726562
3kgt,5.51,5.6679688
2yay,6.1,6.9492188
4mmm,3.82,3.9902344
2x4z,8.57,8.9375
4n6z,7.8,7.5
2hxm,5.22,5.3085938
1o2j,6.92,6.6953125
2bak,7.43,6.96875
4ddy,5.62,6.0390625
2h5a,5.1,5.1171875
2xyd,6.82,6.5273438
4b3b,3.6,4.359375
2vmf,5.85,5.75
4m8e,7.89,7.2539062
4omc,10.78,11.9921875
2qd6,8.68,8.7890625
2qrq,5.1,4.8007812
1h46,3.57,3.7480469
4zx1,6.14,6.25
3lcv,4.74,5.2617188
2fqy,6.57,7.3398438
4omk,4.4,4.6875
1m7d,6.23,5.8242188
3rbu,9.43,9.5859375
3zi0,7.4,7.6796875
1zsf,9.92,10.0
2w7y,6.08,6.03125
1zdp,5.74,5.890625
3hkq,5.34,5.5195312
1dl7,6.49,6.7460938
1g7g,6.6,6.9882812
2hah,8.0,7.9726562
4knm,8.0,7.9296875
3zdv,5.48,5.8632812
1g7v,6.4,6.078125
1lan,7.22,7.359375
4ymg,4.68,4.5234375
1ony,6.77,6.9882812
1nny,7.66,6.9804688
2v3u,3.0,3.4375
4xxh,5.0,4.9453125
2y8c,6.4,6.4921875
4qsv,2.0,2.7949219
1j16,3.84,4.0625
4dko,6.52,6.9648438
1ql9,5.35,5.3398438
1lee,7.74,8.09375
4km0,6.04,5.7851562
2oi2,6.3,6.2226562
2wzf,7.0,7.4296875
2isw,7.43,7.7617188
4l19,6.1,6.7929688
3mmf,7.43,8.078125
4yik,6.89,6.578125
1m4h,9.52,9.578125
2aac,2.22,1.8056641
4ll3,11.57,11.71875
2qpu,3.6,4.0742188
3nzk,9.27,9.21875
1xbo,6.04,6.359375
3pn4,6.85,6.7773438
3v2q,6.29,6.0195312
5c3p,4.46,4.4140625
3sus,4.15,3.8730469
4ndu,2.74,2.96875
3u6i,9.0,9.3515625
3f8c,7.68,7.859375
1wvj,6.73,6.7695312
3k8o,11.07,10.453125
4o04,6.16,6.7890625
2pqz,5.67,5.5976562
3ps1,10.17,10.4609375
1aj7,3.87,4.328125
3arw,6.15,6.4140625
1cgl,6.87,7.2695312
4z1e,8.24,8.4609375
3nu9,9.05,8.828125
1erb,8.1,8.75
1usk,6.4,6.8867188
3o75,6.68,6.7929688
4zb8,6.03,6.3164062
1h0a,5.44,5.7460938
4q9y,5.68,5.890625
1a69,5.3,5.796875
2pvu,6.31,6.53125
1mai,6.68,6.5
3zj6,6.66,6.9023438
1jev,6.89,6.9453125
4qp2,3.03,3.5566406
1k6p,7.36,6.9335938
2cbz,3.93,4.1367188
4dsu,2.82,3.0742188
3sug,6.21,6.2539062
4f7v,5.38,5.6289062
2w5g,6.07,5.3984375
3mhm,7.0,7.15625
3p17,4.48,4.3671875
4pox,5.43,5.8320312
1ohr,8.7,9.4609375
4q9o,5.77,5.7382812
1flr,10.0,9.359375
3iod,4.1,4.28125
3suw,4.7,4.9453125
4cpz,7.68,7.4296875
1tni,4.0,4.671875
1i9q,8.41,7.8007812
3vhk,4.6,4.8710938
3mhi,6.7,7.1601562
4o05,7.43,7.734375
3zc5,7.13,7.859375
3hu3,6.89,7.1132812
4pow,6.3,6.015625
4e3g,4.97,5.4101562
3ipu,7.32,7.875
4de5,3.15,3.9277344
3nkk,4.7,5.0820312
1ypg,8.0,8.3125
1gyy,3.64,3.9375
3cft,4.19,4.6835938
4m8x,10.2,10.203125
3l7d,2.18,2.8789062
1ii5,6.62,7.5703125
1ppk,7.66,7.984375
3pce,2.0,2.3828125
1sw2,7.22,7.7304688
1kui,3.77,3.8183594
3g5k,9.52,9.4140625
4nxv,5.42,5.6015625
4zb6,6.28,7.3320312
2haw,4.92,5.1210938
4w52,3.76,4.0703125
4b6o,7.0,6.796875
1a1e,6.0,6.0664062
3old,5.9,6.3359375
3su2,7.35,7.4375
3dx4,7.12,7.03125
3s76,5.05,4.71875
4ufm,3.72,3.8652344
3fat,7.64,8.8359375
2gh9,6.0,6.390625
2clk,3.79,4.4023438
3iww,7.96,7.8984375
1jfh,2.05,2.1914062
1d4y,11.1,10.4765625
4j44,5.73,5.6054688
3gc4,7.6,7.6679688
4pv5,6.54,6.375
2a4m,4.52,4.9296875
4oeu,7.66,7.8476562
2r23,3.72,4.2851562
4wrb,6.19,6.7734375
2r43,6.0,5.7695312
2o4r,9.4,10.109375
4ye3,8.37,8.078125
2bt9,6.19,6.125
3qdd,8.77,8.265625
2vw2,3.3,3.3964844
4cj4,3.36,3.3183594
2uy4,4.68,4.8398438
3f70,4.85,4.8515625
3l3n,8.18,8.5
2za0,6.64,6.4765625
2hnc,7.22,7.4492188
1ex8,6.33,5.8789062
1c88,5.29,5.4179688
4np2,2.26,2.2753906
4m8y,9.96,10.6328125
5d1r,4.84,5.0078125
4gql,9.59,10.34375
3v4t,4.11,4.3867188
2nsl,4.68,4.8789062
1w4q,5.26,5.359375
4u70,5.02,4.9179688
4gah,6.1,6.9257812
1fq5,8.4,9.1953125
1w3k,4.3,4.0703125
2qrk,4.26,4.1601562
2e91,6.59,6.9257812
4der,6.31,6.4609375
2aog,6.28,5.8554688
1fzj,8.1,7.5625
1c5o,3.49,3.8476562
3ewc,7.7,7.78125
1b55,7.4,5.75
4tkb,5.59,5.640625
1v2o,4.73,5.0507812
2dw7,4.7,4.640625
3g2k,4.79,4.7109375
1d2e,6.0,6.25
1a9m,6.92,7.046875
1dzk,6.1,5.6953125
2il2,7.1,6.8867188
1m48,5.09,4.9921875
1f73,2.39,3.1035156
1b58,6.59,6.4375
8a3h,4.06,4.2578125
3cow,6.9,6.8046875
4mss,6.4,6.3359375
3tao,5.14,5.171875
3gvb,2.59,2.2910156
1o5c,5.22,5.1992188
1ai7,4.09,4.3632812
2g94,9.52,9.453125
2pyn,7.57,7.6875
4cp7,8.11,8.2109375
4io7,3.68,3.7167969
1xws,8.0,8.7578125
4ly1,7.26,7.3320312
3o9a,10.7,9.8984375
3gxy,5.59,5.9257812
1jmg,6.07,5.671875
1duv,11.8,11.6640625
4yc0,4.13,4.5742188
2qi6,10.57,10.8984375
3rt8,6.35,6.34375
4dsy,4.43,4.015625
4p5z,7.41,7.015625
1alw,6.52,6.9296875
2pmk,5.92,5.8867188
4b7j,7.95,7.5859375
4exs,4.41,3.8378906
1g2o,10.55,10.4453125
1xh9,7.77,7.6132812
3t8v,6.59,7.4101562
4w9j,6.23,6.2695312
1d09,7.57,7.9375
3nq3,3.78,3.7734375
3obx,3.89,4.0195312
3npc,8.34,7.5234375
3l59,3.7,3.8691406
3ekp,8.89,8.421875
2vwm,7.03,7.5585938
3lea,9.1,8.6171875
2vk2,6.89,7.2539062
4m0e,6.22,6.7148438
4cpr,7.46,7.6875
1lf2,7.52,7.671875
1azm,6.1,6.5
4owv,4.35,4.0585938
3wtl,7.04,7.5
1mu8,9.0,9.1875
4zme,4.3,4.4648438
1xka,6.88,6.4648438
4cwr,8.3,8.0078125
3d1y,8.22,7.9648438
1p19,4.11,4.4960938
3vtr,5.57,5.5742188
4fl1,3.28,3.6972656
4oak,4.22,4.484375
3zsq,4.96,5.1914062
3pwk,3.35,3.78125
2w8y,9.09,8.6953125
4buq,8.14,7.9335938
1qbs,9.47,9.0078125
4kn1,6.84,6.9296875
4leq,6.54,6.2265625
4o0x,7.17,7.2304688
1bnn,10.0,10.234375
2afx,5.15,5.1054688
4r4c,5.54,5.828125
2e27,9.35,9.75
3ckz,8.72,9.125
1afk,6.62,7.2890625
3g1v,3.19,3.4433594
4mo4,4.22,3.9472656
2vjx,4.96,5.09375
2p53,7.46,8.28125
1gi4,7.19,7.4023438
4b5w,3.33,3.1875
1f57,5.64,5.3789062
4ty6,7.52,7.1835938
3pb8,5.24,5.546875
3juq,4.91,5.0429688
3ttn,7.84,7.2890625
2q5k,11.3,10.1953125
3kr4,7.6,7.6992188
4qxo,5.51,5.546875
2xpk,11.3,10.8125
1oba,2.44,2.5449219
4lar,4.68,5.0273438
3hp9,4.59,4.6796875
4o6w,8.52,7.671875
1nfx,8.52,8.2578125
3t0d,2.37,2.890625
4q19,8.05,7.375
2ydw,7.34,7.1914062
2w8w,2.12,2.1328125
3t0x,8.0,7.9414062
1mrw,9.7,9.9140625
2qw1,3.9,4.46875
2x09,3.76,4.0234375
4o0a,6.72,6.8125
1no6,4.41,4.3476562
1zfk,7.92,8.0546875
4qge,9.3,9.796875
1yej,7.46,7.328125
4dmw,4.94,4.5507812
1iih,2.89,2.9570312
4jfm,5.48,5.2382812
4css,8.46,8.84375
4a4q,9.4,8.9296875
4b33,3.37,3.4296875
3axz,3.43,3.5644531
1ghw,4.2,4.4257812
1lvu,5.32,5.0195312
1pxo,8.7,7.90625
4ge1,6.43,6.2734375
1br6,3.22,3.6269531
2vqt,6.0,6.6132812
1xr9,7.15,7.125
3hl8,4.49,4.390625
3d1z,8.8,9.046875
4zyf,8.64,8.3359375
3rdv,4.91,4.90625
4q7w,2.64,3.0058594
4a4w,7.72,7.4414062
3ovn,2.55,2.8144531
4mre,2.19,2.2167969
3i51,7.7,7.5820312
1zea,5.22,5.390625
3pgl,5.3,4.7851562
2ojj,8.7,8.9375
3ml5,8.52,7.9492188
3cct,7.56,7.8476562
4o2b,5.74,5.7695312
4qtl,6.92,6.5117188
1uvt,7.64,7.1484375
3u7s,8.43,8.4765625
1vyg,8.0,8.25
1n3i,8.89,8.828125
1kzk,10.39,10.109375
1f8c,7.4,8.0234375
4cwq,7.06,6.9414062
4omj,5.26,5.1796875
4p58,4.6,4.5039062
3elc,2.69,2.984375
3v3l,6.43,5.984375
4loy,8.09,8.1484375
4baq,9.01,8.8125
4m2v,7.44,8.3046875
3su1,6.68,6.7460938
3s6t,7.35,6.6796875
4hdb,8.05,7.6796875
1drv,6.54,6.234375
4mhz,6.87,6.7695312
1j37,8.96,8.3984375
3g3r,6.48,6.6210938
3rdo,9.85,9.15625
3td4,5.66,6.6289062
1ct8,6.52,6.0507812
4dbm,7.62,7.2304688
4qev,7.66,7.6523438
4kfq,8.23,7.4335938
4oc0,6.5,6.90625
5ceq,7.38,7.0859375
4arw,7.13,6.734375
3bf1,2.52,2.5917969
3zll,6.4,6.3515625
2p3c,7.62,7.7304688
4e67,6.48,5.71875
4bco,6.88,6.9765625
1n51,4.85,5.0742188
1ezq,9.05,8.2890625
4mhy,6.47,6.2617188
2rcb,6.79,6.171875
1c5c,6.96,6.0859375
4g8m,7.89,8.1015625
3lpk,9.1,8.5859375
3d7b,3.69,3.9589844
1nli,3.59,3.5957031
4ek9,4.42,4.5117188
2vwl,7.02,6.6054688
2obf,8.85,9.140625
3nex,6.0,5.875
2rk8,3.64,4.09375
2vhj,3.9,3.953125
3shc,5.72,5.265625
3cf8,4.9,5.1835938
4etz,6.3,6.0585938
4qhc,6.7,6.203125
2i3h,7.4,7.1132812
4v27,6.66,7.0703125
5am6,6.73,7.2929688
5e13,4.24,3.9921875
4y2q,2.92,3.0078125
2aod,5.66,5.6601562
1hsl,7.19,6.9921875
2vnt,8.0,7.75
4ban,8.61,7.984375
4qpd,7.82,7.5898438
4zji,6.47,6.1523438
2f7p,6.6,6.2460938
1pb8,5.15,5.1328125
4wkn,9.72,9.171875
3uyr,6.9,6.3164062
4rww,5.85,6.0820312
5er2,6.57,6.640625
3el9,8.4,8.0078125
2vyt,2.74,2.4960938
3sk2,3.61,3.2753906
3lzs,10.96,10.296875
2qfo,4.7,4.9140625
1o3i,7.3,7.0546875
2pyi,3.75,3.3769531
3fhb,5.7,6.0664062
1qhc,7.57,7.5273438
1f5l,5.28,5.875
1hxb,9.92,10.125
2gv7,7.85,7.6132812
1ele,6.85,6.6523438
2ot1,4.0,3.6992188
1apv,9.0,8.984375
3ebl,6.3,6.359375
2pwc,6.57,7.0742188
3pe1,9.65,8.8515625
4q7v,3.59,3.53125
2v58,9.09,8.671875
4de0,5.89,5.4609375
1rjk,10.0,9.09375
1mfd,5.31,5.2460938
4n9a,4.19,3.8320312
1o2n,6.09,5.4414062
4wa9,8.42,8.2578125
3ibi,8.59,8.078125
3nee,5.34,4.671875
1yc4,6.55,6.7265625
2aoc,4.89,5.109375
4cst,8.89,8.6328125
2i4v,11.2,12.2265625
3d4y,5.7,5.3359375
3gsm,6.48,6.4375
4att,6.98,7.2148438
3f7g,7.37,7.28125
2jds,8.2,7.4140625
5dgw,11.05,12.109375
3g2i,4.86,4.5195312
2r1y,4.51,4.390625
3a2o,9.08,9.5234375
2x6x,3.68,4.1054688
4oag,6.3,6.640625
4nwc,5.76,5.75
1sgu,5.37,4.8710938
1ndv,5.92,5.4453125
3nhi,8.43,8.8828125
2p95,9.37,9.7890625
4itp,7.27,7.8476562
2c94,6.82,6.3515625
3lir,6.92,6.8476562
4q0k,4.87,4.3710938
3lp7,5.44,4.796875
1d4i,8.85,8.828125
1mes,7.7,7.6289062
4pum,6.73,6.75
3g08,8.16,8.296875
2doo,7.17,6.6992188
4unp,3.23,3.4160156
1g85,5.48,5.9453125
3a6t,7.28,7.3125
4ual,8.4,8.6015625
3ekr,7.52,7.0039062
3c8e,4.15,4.015625
1bzj,4.66,4.4414062
4ouj,2.86,2.7128906
1b38,6.6,6.5234375
3nsn,7.19,6.7382812
1v2s,4.17,4.6757812
1lyx,4.54,4.2226562
4k0y,7.82,7.828125
3hx3,8.0,7.8398438
3ujc,4.59,4.3554688
3u3u,6.88,6.5820312
3tif,5.38,5.6953125
3cz1,7.26,7.046875
2e92,6.89,7.0351562
4q4r,6.43,6.4296875
3hvh,8.52,9.03125
4b32,3.34,3.1953125
2v25,5.72,5.3085938
1y1z,3.08,3.3964844
3o5n,4.76,4.7304688
3c84,7.85,7.6171875
4jfk,6.44,6.9882812
4nue,6.82,6.7734375
3nuo,9.8,9.640625
3lcu,3.52,3.1035156
1jys,3.52,3.5371094
1zhy,6.52,6.7734375
1bxr,3.4,3.2519531
1ucn,5.22,4.984375
2h4g,6.52,6.125
1rpf,3.99,4.046875
3c2o,3.35,3.4785156
3nox,8.66,8.578125
2qnn,7.15,7.2851562
2p16,10.1,10.5625
3f6g,4.72,4.7734375
4tte,3.69,3.4121094
2nt7,6.52,5.9140625
4nkt,5.97,5.84375
2boj,5.77,5.5273438
1cbx,6.35,6.7851562
4u6z,5.41,5.21875
2xyf,8.44,8.546875
2r2m,7.33,7.8203125
1m1b,4.66,5.3476562
4ayp,6.12,6.3476562
4lxz,6.74,6.8671875
4p3h,6.0,5.8867188
4jpx,5.15,5.1992188
2qd7,9.1,8.640625
4zvi,6.33,6.4101562
1fkg,8.0,7.8789062
1q8w,5.24,5.140625
4x11,2.22,2.4179688
1dfo,6.7,6.2773438
3da9,5.51,5.8046875
3m96,7.22,7.5742188
4gqr,3.96,3.8007812
4ury,2.22,2.5976562
2drc,9.89,9.703125
4fxp,4.09,4.2695312
3b3x,3.6,3.7246094
2o4s,10.51,11.1015625
1ai4,2.5,2.8046875
1bnw,9.08,9.78125
2std,9.85,8.9453125
1d6w,5.96,5.34375
1y3p,4.82,4.2578125
2cej,8.62,8.5859375
3r5t,8.58,8.6328125
1sv3,4.35,4.3125
3pcn,3.66,4.0585938
1k6c,7.48,7.0976562
4pnu,4.89,4.9492188
4b7r,9.64,9.796875
2fzk,3.6,3.7832031
3e5u,5.85,6.03125
4qij,5.54,5.8085938
4qjo,7.4,7.390625
4lrr,5.22,5.3398438
2gzl,4.82,5.4023438
1e3g,9.0,8.953125
3o5x,5.28,6.0976562
3a5y,7.96,8.671875
1ajv,7.72,8.5390625
2a14,5.7,6.0703125
4bak,8.91,8.4296875
4ovh,4.85,5.0742188
2zdl,6.4,6.0703125
2zfs,6.54,6.7460938
2exm,4.11,4.4492188
1h4w,4.66,5.0234375
2fx6,3.7,3.6308594
3arx,5.33,5.6796875
1lnm,8.7,8.3203125
2bvd,6.0,6.3320312
3f8e,7.23,7.6328125
1v0k,5.1,4.9492188
4ufj,4.28,4.4414062
3d8w,8.15,7.890625
3buf,3.1,3.3457031
3t84,6.97,7.3710938
4fz3,3.73,4.3164062
1zp8,8.77,8.25
2oxd,6.82,6.7109375
3hkw,8.64,9.015625
3l3l,7.48,7.40625
1lhu,8.83,9.265625
4zbf,7.13,7.0742188
1t32,7.42,6.9609375
4dy6,4.4,4.5195312
3kiv,4.7,4.515625
3iw6,5.48,5.5351562
3bxf,5.54,5.265625
4qdk,5.85,6.1757812
4m6u,2.74,3.2070312
2wqp,5.51,5.8242188
2reg,5.64,5.5195312
1lst,7.85,7.6601562
4pzv,5.7,5.7382812
4qfp,4.23,4.3867188
1vyf,8.05,8.1015625
4mc1,7.85,7.296875
3sur,4.15,4.2421875
3wz6,5.96,6.4179688
2wed,6.1,5.7890625
2vwc,6.62,6.5585938
4u6c,5.0,5.1132812
4rqv,5.05,5.234375
1ql7,5.0,5.375
1gj6,7.0,7.1367188
4iuo,3.64,3.4902344
3n4b,7.02,8.1875
3ijh,4.0,4.1835938
2wlz,4.6,5.0859375
1g54,8.82,10.046875
3hv8,6.98,7.0664062
3qx8,2.86,2.78125
4fht,6.17,5.6796875
3zyu,7.0,6.0976562
1odj,4.1,4.1992188
3kmx,4.82,5.2734375
3ip8,2.28,2.4355469
2pvm,6.44,6.890625
3sfg,6.06,5.6367188
1pxp,6.66,6.75
4i74,6.72,6.7695312
3m3z,5.73,5.7929688
4k4j,6.12,6.1914062
3wzn,7.0,7.328125
1xh5,5.47,6.1601562
3bxe,5.48,5.890625
3fvk,8.82,8.0859375
3odu,8.14,8.2578125
2vc7,3.36,3.9980469
3qgw,5.89,5.8398438
4aq6,4.8,4.828125
1pb9,3.62,3.7011719
1ai5,3.72,4.25
4aia,3.66,4.3164062
4heg,8.92,8.5390625
1tsy,4.96,5.2578125
2pwr,6.59,6.5117188
1k1o,6.17,6.2421875
3ocz,7.46,7.859375
4aji,3.55,3.5761719
1y3x,5.14,4.9101562
2zkj,5.48,6.1875
4r3w,3.0,3.1953125
1met,9.4,8.90625
3cdb,7.02,6.5429688
2uwo,8.7,8.640625
1jlr,3.33,3.8554688
3b7u,7.74,8.1953125
2ov4,4.74,4.9140625
4hpi,4.85,5.1367188
3ikd,6.75,6.5195312
4qsu,2.0,2.4316406
4ou3,4.41,4.46875
1enu,5.08,5.3632812
3g32,3.71,3.5976562
4deu,5.64,5.9726562
1qft,8.77,8.84375
1lgw,4.0,4.4296875
2bz6,7.09,7.2890625
4dzy,5.62,5.5585938
1uj6,3.05,3.5898438
4bny,7.1,6.9804688
1njs,7.82,8.078125
2vvc,8.52,8.625
3fas,6.77,7.3164062
3f48,6.29,5.515625
1k9s,6.52,7.0820312
1dhi,7.26,7.6796875
3lk8,7.71,7.7851562
3i4b,8.15,8.0625
2i3i,7.3,7.265625
4o2p,6.7,7.015625
3be9,7.62,7.3203125
3k1j,6.4,7.1445312
2r3w,6.89,6.9023438
3fvn,6.77,6.9960938
4jym,5.04,5.296875
2xm2,4.62,3.9628906
4zo5,9.82,9.703125
1nhu,5.66,5.546875
2yi0,8.12,7.6171875
1bnv,8.77,8.8515625
4lvt,10.36,9.5078125
2fpz,3.96,4.0703125
1qk3,5.15,5.6015625
3vf7,9.1,8.984375
1w5v,8.15,7.7148438
1olu,4.41,4.8046875
1nu3,4.0,3.5625
2v95,8.3,7.0351562
4fys,4.82,4.4453125
1hxw,10.82,9.4609375
4jz1,6.7,6.3515625
6upj,6.32,6.15625
3zi8,5.66,5.2109375
1utl,2.47,2.0332031
3m89,6.16,5.9921875
1b4z,5.23,5.3671875
4o9w,7.16,7.2929688
2v8w,6.82,7.03125
2rin,4.0,4.0742188
4mc9,9.44,8.40625
3rf5,5.63,5.28125
2psv,7.24,6.7929688
2cle,3.55,3.5566406
4clj,9.15,8.6484375
1ajx,7.91,7.5
4kmz,8.57,9.3984375
1dar,4.96,4.6796875
1g35,8.14,7.71875
2r38,7.44,7.2617188
3v2n,6.1,6.2109375
4q09,8.17,8.0859375
4x6m,8.24,8.3515625
4jss,3.3,3.2167969
4u69,4.26,4.3476562
4p5d,5.82,5.4414062
4cpt,7.7,7.5039062
4q6d,7.36,6.7109375
3k99,7.22,6.9765625
4rrf,3.62,3.0507812
4b7p,9.46,9.5625
4x24,9.78,9.1640625
4x5q,9.0,8.6171875
4gue,5.24,5.1757812
3ioc,3.68,3.3300781
1fd0,8.4,7.2460938
3zyf,4.85,4.9726562
3d7k,4.6,4.8320312
1o35,5.0,4.9492188
1njc,5.55,5.59375
3v5p,8.96,8.734375
1x8t,7.8,7.0117188
4qew,7.07,6.6289062
3f15,8.1,8.359375
4fcq,7.0,6.7617188
3djp,4.2,4.0859375
3kdm,7.0,6.6992188
4l2l,5.7,5.0
4lov,7.77,7.7226562
4qem,7.8,7.3828125
3exe,6.96,7.0117188
1mrs,3.96,3.84375
2xn5,6.69,6.203125
1c5s,6.0,5.4609375
1e6s,3.22,3.1230469
4llk,3.0,2.53125
4xmb,7.36,6.5585938
1moq,3.46,3.859375
4qll,3.38,3.1855469
4nxu,5.54,4.9921875
3i7e,10.85,10.1953125
4e4n,9.05,9.375
1kv1,5.94,5.5585938
3po1,4.02,3.515625
3tt4,8.28,8.140625
3uxk,4.93,4.6210938
5dgu,11.35,11.09375
2avm,5.7,5.484375
4n9c,3.9,4.1328125
4r59,7.96,8.0703125
3tkw,5.27,5.2539062
4hwp,7.76,7.9023438
3qkd,8.38,7.859375
1ghy,8.1,7.6171875
2gj5,8.32,8.2421875
4oks,4.48,4.5
1n1m,5.7,5.2929688
4bi7,4.58,4.1914062
3gvu,8.0,7.8164062
4dcs,5.1,4.8867188
3tb6,5.08,4.84375
4np9,5.03,4.8046875
4yc9,8.89,8.0234375
4q7p,4.32,3.9355469
4f1l,5.12,5.078125
2uwl,8.4,8.0390625
4rqk,5.82,5.5898438
4x50,7.75,7.515625
5cp9,3.51,2.7617188
1a4r,6.66,6.4609375
1b6h,7.82,7.484375
4k7i,2.82,2.3867188
1qb1,6.77,6.4023438
4djp,10.55,11.140625
4gzx,3.19,2.859375
2byr,8.55,8.2109375
1qy1,6.52,5.9765625
2vo5,4.89,3.7617188
1j17,5.22,4.9648438
3miy,7.68,6.9921875
1nfw,8.96,8.3125
3muz,3.46,3.2363281
2b1i,6.82,7.1992188
3p4v,5.1,4.734375
3d50,4.77,4.734375
4cu7,7.59,6.8007812
4ovg,3.69,3.4160156
2xjg,7.82,7.015625
1o86,9.57,8.015625
4acc,7.7,7.2851562
1pkx,6.92,6.7734375
4asj,7.55,6.65625
1fcy,8.52,8.234375
3wha,9.32,9.21875
4nuc,6.04,6.2304688
3d6p,3.75,3.96875
3mzc,6.65,6.2421875
1c83,4.85,5.3359375
1m0o,2.31,3.0976562
1zpa,8.4,8.734375
5cap,7.28,7.3085938
3s54,9.64,9.453125
5cc2,4.1,4.1328125
3kdd,8.46,8.0859375
3b67,8.85,8.40625
3q6w,7.57,7.53125
1iiq,7.48,6.984375
5egm,8.62,8.5546875
3s8l,5.64,5.9726562
3huc,5.99,6.125
2psu,7.62,8.046875
1a94,7.85,7.5351562
2jf4,8.15,8.109375
1gja,5.42,5.2070312
4avj,7.44,7.6171875
4ua8,6.26,6.4296875
3czv,7.8,7.4804688
3p9l,5.3,5.8554688
3rwp,9.22,9.21875
2ha3,3.03,3.0859375
1om1,6.77,6.5703125
2xbp,5.02,5.0859375
1hos,8.55,8.359375
4ad3,4.62,5.2421875
3nu3,9.82,10.0703125
2uy0,6.92,6.4804688
4g90,4.51,4.6875
4ish,8.72,9.140625
2wm0,4.52,4.6054688
3n9r,7.15,7.3046875
2oax,8.65,8.9296875
3q2j,4.18,4.421875
3l1n,5.63,5.7382812
4el5,5.37,5.5976562
3t70,6.3,6.65625
1ela,6.36,7.1054688
3hww,7.12,6.8710938
2r58,2.0,1.9052734
4ly9,8.15,8.53125
3dc3,8.31,8.4375
3mhc,7.96,7.796875
4bxk,7.95,7.8984375
2p3i,3.48,3.9414062
4pg9,7.8,8.1953125
3i5z,8.7,8.7890625
4ejl,5.14,5.2773438
4bt4,3.34,3.5800781
3fl5,7.28,7.390625
3mhl,7.25,7.53125
3sap,7.59,7.3242188
3pn1,6.96,7.0820312
4kif,4.84,4.984375
2qpq,6.37,6.90625
5fl4,7.0,6.8554688
4poj,8.1,8.0703125
4kwg,6.0,6.40625
4jc1,4.3,4.1601562
4xas,6.59,6.875
4er2,9.3,8.9921875
2g5u,8.49,8.2578125
3qxt,5.22,5.5585938
3ioe,3.27,3.3183594
4yo8,10.52,9.859375
1g4o,8.25,8.421875
3ryv,7.07,7.3007812
4mc6,9.59,9.1796875
3zns,7.41,7.3945312
3ao5,2.23,2.5878906
2p3b,8.48,8.40625
3n3g,7.24,7.3125
3arr,5.4,5.4140625
3ryx,8.14,8.1640625
4cjq,3.59,3.7441406
1d4j,8.36,8.3671875
1avn,3.9,4.6484375
4hdp,7.51,7.2695312
1sld,6.57,6.9648438
1hk4,5.31,5.703125
2f6t,4.62,4.7070312
3rlq,7.4,7.4726562
3el1,9.64,10.4296875
1uj5,3.05,3.375
1qka,5.92,5.8046875
3ta0,3.47,3.4394531
1qbu,10.24,9.8125
3re4,7.4,7.53125
2ogy,4.48,4.5234375
1n8v,6.03,6.1367188
2q54,9.01,8.2265625
3dyo,2.3,2.7050781
4epy,3.47,3.65625
1li3,4.25,4.8867188
3brn,8.7,8.90625
2wkz,8.77,8.421875
4a4v,6.54,6.6171875
2vnp,9.92,9.1015625
3k37,8.92,8.8203125
1nja,6.31,6.6289062
1lol,6.39,6.2460938
1bn1,9.34,9.515625
2qrg,5.18,5.8359375
1fao,7.37,7.1757812
4zei,5.88,6.28125
2qdt,5.19,5.609375
3nu5,8.35,8.796875
3nu4,8.82,8.765625
3ubd,5.54,5.640625
185l,3.54,3.7929688
3ipq,7.57,7.4726562
4n6g,5.47,6.0
1w7g,5.1,5.3007812
2d0k,5.02,4.6757812
1g3d,5.55,5.7851562
3gpo,5.3,5.015625
4cwn,5.59,5.9335938
3k8q,11.28,10.5078125
3djk,10.59,10.9453125
3m67,6.74,6.5507812
4lps,5.74,6.1640625
3t5u,7.59,7.6914062
1x8j,6.96,6.78125
1ogd,3.03,2.9003906
3nyx,7.49,7.28125
1ecv,4.85,5.25
4q8y,2.64,3.2675781
3gt9,3.96,3.8769531
3v3q,6.6,6.9960938
2jdh,6.51,6.2421875
1b3f,6.89,6.7578125
1mjj,8.74,9.1640625
3mof,3.07,2.9257812
3dne,5.22,5.4609375
1b57,8.0,7.4882812
4kp5,6.08,6.0585938
3sbh,7.28,7.3046875
3v78,5.54,5.6757812
1nl9,5.96,6.15625
2fxu,8.15,8.71875
4ks4,7.14,7.0078125
4q3t,6.48,6.4414062
2hu6,3.81,3.8046875
4l4z,5.68,5.4453125
188l,3.33,3.6875
1ec3,9.04,7.9179688
4hla,10.8,10.2890625
2jh6,7.77,8.6875
4x5p,8.21,7.5664062
2q7y,4.3,3.796875
3e12,5.99,6.5195312
1if8,9.64,9.375
4h7q,5.06,5.1953125
1km3,4.91,4.9765625
1w9u,6.09,5.8867188
1wn6,4.68,4.7109375
3k8c,2.92,3.1367188
3mxe,10.01,9.15625
4je7,6.4,6.7617188
1e1v,4.92,5.0429688
2qx0,6.11,5.3203125
3lpl,5.62,5.296875
1q72,6.85,6.9921875
3p58,7.6,7.3867188
3g35,4.68,4.8476562
1k21,8.38,8.53125
2jjb,7.92,8.3203125
3gba,9.07,8.375
1nz7,7.12,6.7421875
2q8h,3.0,2.9960938
3ebi,7.1,7.6367188
4ymb,6.21,5.953125
2arm,7.68,7.34375
1b3h,6.21,6.2070312
4d4d,5.96,5.0507812
3iub,4.54,4.1601562
4rd6,6.28,5.953125
2hmu,7.7,6.7304688
4fut,6.51,6.5429688
3g34,2.96,2.7070312
2bes,4.24,4.078125
1srg,5.3,5.28125
4u73,5.18,5.1210938
2rd6,8.3,8.1875
5btx,3.55,3.5273438
2q2a,7.41,7.5078125
5bv3,7.17,7.7578125
2eg8,4.5,5.2109375
1b5h,6.01,5.8632812
3tu7,8.09,7.3125
1v16,3.87,4.4335938
3uu1,5.2,4.8085938
1fh9,6.43,5.5625
4r5t,6.1,6.1992188
4xaq,7.14,6.9921875
5cbs,5.41,5.6992188
1syh,6.41,6.453125
2v59,7.74,7.5195312
1xow,9.28,9.015625
3su3,9.13,8.984375
1igj,10.0,9.6484375
2g9q,6.4,7.0546875
2hzy,7.39,7.6757812
1usn,7.74,7.71875
4qxq,5.7,5.6757812
1qk4,4.21,3.7089844
1cny,7.85,7.984375
1fv0,5.93,5.8867188
4c2v,9.0,9.09375
4dkr,6.52,7.1328125
3l0v,7.64,7.6601562
3p3t,7.24,6.5351562
4r73,7.64,8.2109375
1amw,4.54,4.5585938
4i8x,2.64,2.8691406
4p6c,4.0,3.7109375
1utn,3.49,3.1953125
3hub,8.09,7.828125
3ao1,2.26,2.0390625
3obu,4.3,4.2304688
3hb4,9.05,9.2734375
5dit,6.15,5.6289062
4b8y,8.05,8.28125
2y81,8.7,8.3515625
4c1y,3.6,3.7636719
3po6,7.06,6.7734375
4ipj,4.87,4.671875
1f0t,6.0,6.1445312
4c5d,5.4,5.40625
2e9u,8.1,8.1484375
2qg2,5.4,5.265625
3r4m,5.92,5.84375
2ves,7.7,7.6796875
2whp,4.0,3.5566406
1lpz,7.6,7.5742188
186l,4.85,5.5820312
1jvu,5.15,5.0898438
1tng,2.93,2.8652344
4b76,4.54,4.1484375
3rux,9.28,7.8945312
3f7i,7.34,6.6289062
3h1x,5.89,5.9882812
3s56,9.62,9.6953125
1o33,5.74,5.46875
2ya6,5.7,5.203125
3o9d,10.72,11.1796875
4kao,6.11,6.5585938
1efy,8.22,7.6875
3lzu,10.06,10.8828125
2cf9,7.82,8.4609375
1c5q,6.36,6.3242188
5boj,7.0,7.1953125
3wto,6.92,7.2070312
2o8h,7.6,8.4140625
1lpk,7.55,7.5585938
3e85,5.38,5.1875
3iae,3.89,4.21875
1kuk,3.91,4.1796875
3sv2,4.19,4.4570312
3s73,8.7,8.34375
3t0b,4.3,4.40625
2z1w,4.08,3.9257812
3ctt,6.35,5.8515625
3p2e,6.22,6.5351562
1pdz,3.7,3.7753906
3q1x,5.33,4.875
3dln,6.6,6.0
1i9m,8.48,9.6484375
3m6r,7.49,7.953125
3o99,10.82,11.125
4ffs,10.44,9.828125
2pwd,4.4,3.890625
2epn,7.22,7.5703125
4zec,5.82,6.3710938
2jh5,6.44,6.5351562
2ewa,7.94,7.5976562
4a7i,8.7,8.5078125
2gyi,7.0,6.7773438
3tay,3.38,2.9765625
1mfi,5.59,5.5742188
4oiv,5.08,5.0742188
4z0q,8.17,6.8164062
3uw5,7.85,7.7578125
2a8g,3.69,3.7285156
3gqz,2.17,2.1015625
2cer,9.22,9.0703125
2a5s,6.7,6.96875
3lbj,4.96,4.7695312
1g2k,7.96,7.3398438
3gbe,5.0,5.0351562
2q89,6.3,6.0351562
4ap7,7.96,7.5507812
2vxn,5.0,4.5507812
1rpj,6.48,6.3945312
4asd,9.28,8.8203125
1rr6,10.25,10.0
4gu9,4.37,4.4804688
3str,8.4,8.7265625
3qps,5.6,5.4023438
3vfa,9.19,9.078125
2jdu,6.72,6.3789062
1a4w,5.92,5.6445312
4nja,6.22,6.2226562
2pcp,8.7,9.1953125
2h3e,5.7,5.765625
1b0h,6.7,7.125
3ppr,2.82,2.9160156
3gcp,7.82,6.9453125
1jqy,4.92,5.0234375
1t31,8.64,8.640625
3s0b,6.49,6.6796875
1o3j,6.77,6.7734375
1k4g,5.85,5.7617188
4des,5.85,6.0195312
2j7f,6.35,6.25
4h85,5.15,5.2421875
3fj7,3.71,3.7949219
3ffp,7.14,7.6328125
3q44,6.31,6.0429688
4lch,10.62,10.6484375
4bs0,5.7,5.3007812
1yet,5.92,5.96875
1o5r,8.12,8.28125
5ahw,5.17,4.9765625
1tpw,3.3,3.3886719
2pgz,5.74,6.125
4io4,4.61,4.8867188
2hjb,4.39,4.3007812
3bkk,6.08,6.2304688
1hbv,6.37,6.3476562
1gnm,6.25,5.9335938
3mfv,2.52,2.4804688
3rf4,6.25,6.21875
4gny,4.22,4.46875
2sim,3.42,3.265625
1fzm,7.7,7.8125
4jh0,9.03,8.515625
1d3p,7.39,7.359375
3d91,9.15,8.53125
2bfr,5.25,5.515625
3myq,7.52,7.2578125
4eo6,8.7,8.25
2c92,5.68,5.3671875
4j46,5.28,5.34375
2fw6,2.92,2.7792969
4ytc,7.89,7.9492188
4yrd,4.57,4.7460938
2qd8,9.07,9.5703125
2nta,4.8,5.3085938
4fev,5.42,5.1328125
4uac,6.54,6.4453125
4qrh,5.15,5.6835938
2y9g,3.77,3.2207031
2oiq,5.0,5.4023438
1o5a,6.42,5.9257812
3egt,8.9,9.328125
3agl,7.8,7.8554688
1utj,3.84,3.875
5e1s,7.92,8.2421875
4xu0,9.11,8.46875
2i4u,11.57,11.78125
1ivp,7.52,7.90625
4i9h,7.17,6.3398438
1oxr,5.19,5.484375
4in9,4.97,5.1679688
3oyq,7.99,7.9921875
3ni5,7.55,7.09375
2fmb,8.7,7.984375
3exh,4.88,4.28125
2e2p,4.74,4.0039062
1kyv,5.92,5.4804688
1d4h,10.0,9.65625
4abf,4.62,4.6640625
3m8t,4.0,4.421875
4ezz,5.19,5.125
4ca5,9.39,10.03125
3upk,4.3,4.3164062
1t7j,8.7,8.6953125
1gj8,6.96,7.5859375
1k6v,6.92,7.4765625
2ha2,4.66,4.734375
1mu8,9.0,8.734375
4bny,7.1,7.125
3p5l,7.39,7.4375
3su2,7.35,7.9101562
3ts4,8.72,8.4609375
2q8z,5.68,5.8554688
4efs,8.6,8.4453125
3bzf,4.52,4.9101562
2gvj,9.52,10.3828125
3buf,3.1,3.2519531
1a4r,6.66,6.625
2v59,7.74,7.8359375
1b2h,4.54,4.8242188
3wvm,5.71,6.0273438
4q90,2.15,1.8583984
4igt,7.89,7.8125
1jvu,5.15,5.1132812
3ehx,7.6,7.8515625
3moe,4.3,4.9101562
1i7z,6.4,6.6210938
4c5d,5.4,5.9179688
1g7v,6.4,7.140625
4heg,8.92,8.890625
4qxo,5.51,5.828125
4c6u,4.59,4.8515625
2cbz,3.93,4.0273438
4bc5,4.6,4.2890625
2g5u,8.49,8.84375
4gzt,7.77,8.546875
3pwm,9.1,9.671875
2aqu,9.32,8.859375
1m2x,4.15,4.4296875
4umb,4.0,4.4570312
4q4q,5.79,6.3242188
4kwf,4.82,5.3085938
1ecv,4.85,5.2070312
4nl1,3.89,3.8691406
2qft,5.26,5.8867188
3aqt,6.72,7.296875
4f5y,5.43,6.1953125
3d51,4.15,4.4882812
4u4x,5.01,5.6445312
3l0v,7.64,7.5273438
1y3v,5.64,5.875
4pee,8.32,8.0859375
1bgq,8.57,9.015625
4lps,5.74,6.0234375
3ijh,4.0,3.609375
3cct,7.56,8.0
1tok,2.47,2.5839844
2w8y,9.09,8.8515625
4x5z,7.63,7.0898438
2fqo,6.43,6.5429688
2qwc,3.55,4.0195312
3pb8,5.24,5.4492188
4e67,6.48,6.3632812
4bi7,4.58,4.7617188
2v25,5.72,5.3828125
1ai7,4.09,3.8476562
3t5u,7.59,7.84375
1zog,7.15,7.0273438
4o3c,2.59,3.1152344
4c1y,3.6,3.890625
2y7x,8.89,8.6171875
3vh9,6.24,6.0898438
3c2r,3.11,3.2011719
4poj,8.1,8.0625
2uyn,2.7,2.7714844
1lyx,4.54,4.8085938
1eld,6.7,7.1445312
3pce,2.0,2.1503906
4el0,4.49,4.421875
4zzz,7.06,7.4335938
2o4j,10.1,9.6796875
1d4k,9.22,9.3125
2x09,3.76,3.5878906
1o0f,5.3,5.1171875
1mrs,3.96,4.1679688
1n8v,6.03,6.2421875
4b9k,6.17,6.2460938
4mmp,7.71,8.6015625
2gl0,4.82,4.703125
4hbm,7.92,8.4765625
4cg8,6.96,7.2109375
2vvv,8.22,8.3125
4fxq,5.77,5.7382812
3mv0,3.85,3.8320312
2v77,5.06,5.5390625
2ewb,6.1,6.4726562
3roc,8.19,8.296875
2v2v,4.07,3.7988281
3h30,4.53,4.7617188
1rbp,6.72,7.0117188
1uj6,3.05,3.4160156
1dgm,5.05,5.4375
3hkq,5.34,5.765625
3sha,5.59,5.8203125
3qox,6.57,6.65625
3r4p,7.96,8.1953125
2r1y,4.51,4.5195312
4j7d,4.7,4.5273438
4z0q,8.17,8.625
4bup,4.95,5.4648438
1bxr,3.4,3.6425781
3l7d,2.18,2.5351562
3a1c,4.0,3.9804688
4rvr,6.87,7.1328125
3hl5,4.47,4.6640625
4rd0,6.62,6.7734375
2csn,4.41,4.8789062
4b32,3.34,3.3359375
3f8e,7.23,7.1445312
2yb0,3.85,3.453125
4p6w,9.15,8.7578125
1nw4,9.07,9.2734375
2aac,2.22,1.5107422
1b8o,10.64,11.7109375
4crf,9.3,9.1484375
2ccb,7.45,7.5585938
4ozj,5.4,5.2421875
3s56,9.62,9.3203125
1gz4,3.7,3.4375
1nz7,7.12,6.953125
3wmc,6.51,6.9453125
1f8c,7.4,8.4453125
2z1w,4.08,4.7109375
1o7o,4.49,3.9628906
3l4z,6.72,6.3710938
4ks4,7.14,6.5234375
4in9,4.97,5.1132812
1q72,6.85,6.890625
4xxh,5.0,4.6015625
2bes,4.24,3.6855469
3tf6,6.4,5.828125
4bj8,8.29,7.046875
2wej,6.08,5.53125
4emr,7.49,7.1914062
4fm8,5.97,5.7265625
4o0b,8.3,7.6015625
1c5p,4.68,3.9550781
4cmo,9.07,9.1328125
4u54,2.06,1.2900391
1ezq,9.05,8.828125
1jmg,6.07,6.125
2zq0,6.82,6.5625
4tt2,4.66,4.390625
4abf,4.62,4.3476562
3p8n,9.28,8.65625
2qd7,9.1,8.1953125
3vd4,4.82,5.0507812
3mmf,7.43,6.9648438
3vjc,7.72,7.1835938
4uof,4.84,4.3671875
1e1v,4.92,5.3476562
4ca5,9.39,9.5546875
1r4w,4.05,3.6972656
1ur9,5.77,5.6367188
2r2m,7.33,6.8945312
2uxi,7.3,6.8242188
2hnx,7.08,6.8984375
4pox,5.43,5.0859375
4fk6,9.7,9.390625
3hvh,8.52,8.5859375
3td4,5.66,6.015625
4n6z,7.8,7.3085938
3bgs,9.42,8.8125
2v58,9.09,9.046875
4dju,5.44,4.9570312
3qx8,2.86,2.9453125
4xip,6.63,5.9023438
2j4g,6.6,6.6796875
4kn1,6.84,6.1875
1mq5,9.0,9.1328125
2gzl,4.82,4.4726562
4xu1,9.49,9.359375
1y0l,9.0,8.5390625
4x5p,8.21,7.7539062
2xpc,3.9,3.4511719
3r6c,4.72,5.1757812
2gv6,7.34,7.1640625
4zba,5.51,5.125
1ctt,4.52,4.2578125
1f8d,3.4,2.9648438
1kel,7.28,7.0429688
1srg,5.3,4.5585938
1ppl,8.55,8.4140625
1kzn,8.92,8.3515625
1lhu,8.83,9.9375
4qhc,6.7,6.4804688
1sv3,4.35,3.8339844
2i19,7.8,7.4960938
3gbe,5.0,4.4453125
3cm2,6.47,6.3984375
1ro6,6.46,6.1796875
1yq7,7.09,7.09375
3d8z,3.37,3.2441406
2vmc,2.94,2.5585938
1phw,3.3,3.2558594
1k4h,5.11,5.1835938
2yln,7.68,7.1210938
3qyy,5.08,5.1132812
2a14,5.7,5.4257812
3i4y,7.05,6.6679688
3hkw,8.64,7.5546875
4nyf,7.31,7.046875
3t2q,3.66,2.8378906
3b3w,4.19,3.6445312
4nku,4.67,4.3867188
4nxv,5.42,5.0546875
1lnm,8.7,8.625
3acx,5.7,5.5429688
2aod,5.66,5.7070312
2ydw,7.34,7.03125
4ej8,5.39,5.0625
4er1,6.62,5.9140625
4pfu,6.17,5.78125
1lrh,6.82,6.1796875
4x50,7.75,7.7539062
1fq5,8.4,7.2617188
4n6h,9.28,8.3046875
4loo,8.15,7.5195312
4c52,5.68,5.4804688
3kmc,6.4,6.5039062
3qx5,4.2,4.0976562
1lgw,4.0,4.1210938
4o2c,8.0,7.6757812
3sfg,6.06,5.9492188
1b3g,6.7,6.5351562
5d1r,4.84,4.8828125
4hzm,4.63,4.4609375
1qbu,10.24,10.0078125
4qrh,5.15,5.3710938
3suf,7.56,7.4804688
3pcf,6.05,5.734375
3g2k,4.79,4.1953125
2vpe,4.94,4.7070312
2qrk,4.26,4.03125
1nny,7.66,7.0585938
4eb8,9.82,9.6328125
1g32,6.11,5.4023438
1o5g,4.96,4.4648438
3uj9,4.63,4.8320312
1ppi,5.01,4.34375
3hk1,6.17,6.1953125
2f7o,7.44,6.7617188
4k7i,2.82,1.9980469
2whp,4.0,3.8671875
3lq2,5.22,4.6054688
3t0b,4.3,3.8535156
2yhw,5.6,5.0585938
4ax9,9.57,8.9375
3uug,4.51,4.6484375
4ykj,4.43,4.0390625
3t84,6.97,6.6914062
2hf8,5.47,4.8203125
1bnn,10.0,8.421875
1k21,8.38,8.8125
4i8n,4.46,4.2773438
4o2p,6.7,6.7617188
4g8m,7.89,7.1679688
4oeu,7.66,6.7109375
1oth,7.0,6.265625
3gqz,2.17,2.2207031
3g1v,3.19,3.1601562
4azi,7.45,7.0273438
4s1g,9.22,9.078125
3el9,8.4,8.484375
2boh,8.52,8.3671875
4hp0,6.12,6.7265625
2wl0,7.8,7.7578125
2aj8,6.2,6.234375
2yay,6.1,5.8125
4x8v,6.89,6.7773438
1g36,7.17,7.2226562
1xow,9.28,9.3984375
2zq2,6.56,6.1210938
4zwx,8.7,8.1640625
4jfk,6.44,6.3242188
3f34,3.16,3.1894531
3n2p,7.82,7.7265625
1azm,6.1,5.5429688
3uyr,6.9,6.9453125
3ikd,6.75,6.5390625
2hnc,7.22,6.5
3mam,4.12,3.2402344
3tcg,5.87,4.9726562
3u6i,9.0,8.5078125
4kzb,2.89,3.0761719
2p4j,8.96,8.90625
1wn6,4.68,4.6835938
1ela,6.36,6.046875
4qiz,8.15,7.6875
3i51,7.7,7.0664062
2i4w,11.59,11.4765625
4arw,7.13,7.1171875
1j36,7.74,6.5664062
3su4,6.26,6.2851562
1t31,8.64,8.765625
3th9,7.7,7.8671875
2jh5,6.44,5.6757812
1fiv,6.59,6.1953125
1vyg,8.0,7.3867188
4psb,4.64,4.2773438
2bmk,5.62,5.6210938
3b24,4.38,4.2226562
1utn,3.49,3.3574219
1ws4,3.0,3.203125
4oct,5.05,5.21875
3gm0,7.77,7.2226562
3old,5.9,5.359375
4g4p,6.89,5.6328125
4des,5.85,5.875
4aji,3.55,3.7753906
4cc5,4.42,4.1523438
4dst,2.96,2.8007812
1gj7,7.89,8.0546875
4q0k,4.87,4.8476562
3m6r,7.49,6.75
1bhx,6.84,6.671875
2qrh,4.71,4.15625
1f4e,2.96,3.046875
4h3g,8.22,8.125
4h3f,9.0,8.390625
1qb9,7.44,6.9101562
3o75,6.68,6.6367188
3ga5,5.49,4.9179688
4d8z,6.29,6.1210938
2uxz,8.48,8.3515625
3f6e,2.38,2.7324219
1pro,11.3,11.3984375
3l4v,6.72,6.2695312
4gzp,7.84,7.5
2obf,8.85,8.1328125
4bxk,7.95,7.3984375
5btx,3.55,3.2089844
4omc,10.78,10.203125
4m8x,10.2,9.9765625
1ctu,11.92,12.0859375
1uz1,6.89,6.7148438
4y0a,2.31,2.2382812
2ojg,5.64,5.8398438
1fkf,9.4,9.171875
4q4r,6.43,6.3046875
4qyy,7.3,7.3359375
1c84,5.0,5.140625
3moh,2.84,3.0039062
1jgl,8.7,8.3515625
1f3e,6.7,6.296875
4dhl,4.48,4.5078125
1tng,2.93,2.3535156
3b4f,8.14,7.015625
2b7d,8.7,8.5390625
2xm2,4.62,4.3242188
1w5v,8.15,7.78125
3tay,3.38,2.7753906
3u93,6.31,5.8125
3hmp,5.49,5.5585938
1c5n,4.7,4.4375
3b7j,5.17,5.4453125
4crb,7.57,7.1796875
3wtl,7.04,6.2460938
4z83,7.4,7.4921875
4nj9,6.97,7.375
4ew2,6.68,6.3515625
3el4,7.17,6.7929688
3tkw,5.27,4.7070312
4jn2,11.68,10.40625
5cap,7.28,6.6132812
3bqc,5.73,5.7070312
3gdt,7.19,7.0820312
1h5v,3.93,3.9160156
3ozr,5.15,5.1835938
1c5t,4.1,4.0273438
1nwl,2.39,2.6035156
1w4p,4.74,5.0351562
2j75,6.65,6.1796875
3ckz,8.72,8.2265625
2pwr,6.59,6.1054688
4jyc,6.7,5.7929688
1xka,6.88,6.734375
4jne,5.86,5.40625
3lp4,4.88,4.765625
4kp5,6.08,6.1757812
1syh,6.41,6.1289062
4gq4,7.66,8.0
1tlp,7.55,7.3320312
2ces,7.25,6.7109375
3tvc,7.74,7.1796875
1a99,5.7,5.125
2i4z,5.7,5.6992188
3zm9,7.42,6.953125
3k1j,6.4,5.203125
1bn4,9.31,8.3359375
4ayq,7.33,6.5390625
3m3o,3.6,4.1132812
4ei4,8.74,9.515625
1cet,2.89,2.8886719
2ovv,7.92,8.2734375
4oc2,8.28,8.265625
3ov1,5.2,5.5039062
2xg9,4.15,4.0078125
4x5q,9.0,8.484375
5bv3,7.17,7.3046875
3fhb,5.7,5.6171875
2zx8,9.64,8.78125
2ihq,8.49,7.6328125
2xbw,8.0,7.8828125
4asj,7.55,7.3046875
4ymq,5.8,5.6835938
4rww,5.85,5.2773438
4i8z,11.05,10.71875
1n4k,10.05,9.28125
1oss,4.79,4.3359375
1y3n,5.55,5.8554688
4o3f,5.56,5.4375
2bvr,3.7,4.25
3zyu,7.0,6.875
3g08,8.16,8.078125
1o36,5.96,5.9882812
4cjq,3.59,3.296875
3nzk,9.27,8.859375
1jev,6.89,6.9414062
4elf,8.03,7.6171875
1cnw,7.72,6.8671875
3djo,4.39,4.40625
1z4o,4.52,4.6601562
2e2p,4.74,4.6054688
3dxh,3.19,3.0683594
1ch8,7.0,5.8203125
3g35,4.68,4.53125
3wjw,3.87,3.5605469
4ahu,2.27,2.234375
4e3g,4.97,5.0703125
3wz6,5.96,5.8984375
4css,8.46,8.7109375
2h4g,6.52,5.8945312
3b50,7.55,6.921875
1ajv,7.72,7.1054688
5e2p,8.8,8.2734375
3d9z,8.7,8.0546875
2cej,8.62,8.609375
3b66,8.6,8.1640625
1f4g,6.48,6.0625
3m1k,5.39,5.25
4ygf,7.68,7.546875
2w5g,6.07,5.734375
2vw1,3.52,3.3984375
4g0q,2.52,2.9355469
1b8n,10.52,9.609375
4ddy,5.62,5.3242188
3ed0,6.35,5.78125
4u6w,4.21,4.0195312
3ozg,9.19,8.4921875
1l8g,6.22,6.34375
3cs7,10.68,9.9296875
4k5p,3.46,3.4707031
4gu6,7.36,6.7773438
4b6o,7.0,6.4101562
2rkd,2.72,2.546875
1bhf,4.38,4.7773438
4knm,8.0,6.7929688
3n1c,5.22,4.5703125
2qwe,7.48,7.53125
4crl,9.71,9.75
2doo,7.17,7.1640625
2cer,9.22,9.4765625
1i9o,8.42,8.6875
3afk,3.6,3.3808594
4n07,6.46,6.1523438
4pp5,7.74,7.7773438
1oar,7.4,7.3046875
3n0n,7.3,6.453125
4ih6,4.74,4.4492188
1g2o,10.55,10.8046875
1c5q,6.36,5.7382812
4hu1,7.54,7.5039062
2zdl,6.4,6.5
2zn7,7.89,7.3632812
3pgu,6.7,6.7265625
2qtn,3.42,3.6777344
4ibj,4.33,4.3046875
4elh,8.09,8.0234375
3kgu,5.92,5.3476562
3ryv,7.07,8.1640625
4uoh,4.77,4.6132812
4auj,7.74,7.9960938
4ryd,11.26,11.171875
4cwf,4.49,4.8242188
4afg,8.3,7.9570312
1dif,10.66,11.421875
3gc4,7.6,7.8125
3b26,6.64,6.0820312
5cc2,4.1,3.6113281
3v3l,6.43,6.3242188
4ase,11.0,10.8671875
456c,9.77,9.140625
4ahr,2.19,2.6152344
1i9p,8.41,7.046875
3lpl,5.62,5.4960938
3nu6,9.3,8.53125
4fev,5.42,5.390625
3m89,6.16,6.7070312
4ytc,7.89,7.40625
4kp8,5.48,5.1171875
4ha5,7.24,7.4960938
3alt,2.92,3.1523438
3obx,3.89,4.1601562
3qto,4.13,4.140625
1elr,4.96,4.9414062
1tuf,4.05,4.1640625
1ivp,7.52,6.71875
2rd6,8.3,8.0390625
4gqq,2.89,2.8066406
1qbv,5.39,5.6132812
2psu,7.62,7.4804688
4gih,8.32,7.9140625
3gi4,10.8,10.0625
4j45,5.77,4.9609375
2jkp,4.23,4.0
2gss,4.94,4.859375
4iie,2.34,2.2128906
4rr6,6.0,5.6875
2wos,3.9,3.8339844
3d6o,4.11,4.4882812
4p58,4.6,4.625
4qiy,7.3,6.8085938
2a5b,3.93,3.6074219
1kyv,5.92,5.8359375
2oc2,8.52,8.75
3adv,3.03,2.8730469
1bzj,4.66,4.8203125
1f4f,4.62,4.5234375
3vtr,5.57,5.3164062
1m2q,6.1,6.0625
1qft,8.77,8.8203125
4dbm,7.62,7.9023438
3gy3,5.63,5.515625
4cjr,3.1,3.078125
4euo,5.05,5.2695312
4tpw,4.69,5.0507812
3elc,2.69,2.7851562
4kb9,11.0,10.453125
1n51,4.85,4.6328125
1m0o,2.31,2.5996094
1gvx,7.22,7.203125
3sue,9.08,8.9296875
4djp,10.55,9.53125
1v2t,4.71,4.7421875
2i4d,11.68,10.7421875
3p2e,6.22,6.2929688
1o2n,6.09,5.9296875
3hu3,6.89,7.6367188
4og4,6.02,5.9296875
2zx6,10.6,10.8359375
1f0r,7.66,7.2382812
2o4n,7.82,7.7109375
4k3h,6.85,6.8046875
1fm9,9.0,9.828125
2gh9,6.0,6.0039062
3iue,5.82,5.9023438
4r73,7.64,6.375
1m0b,8.82,8.125
1xk9,6.85,6.0273438
3arr,5.4,4.8203125
3d1y,8.22,7.5859375
3nes,5.62,5.7265625
1uml,7.52,6.6875
2pql,7.28,7.5117188
4o2b,5.74,5.5507812
1xkk,8.52,8.4609375
1hyo,4.07,3.21875
2ha3,3.03,2.9804688
1bai,7.7,7.3320312
4y79,7.96,7.6132812
2ogy,4.48,4.0898438
1yqj,8.14,7.2539062
2h15,5.67,5.75
1bnt,9.8,8.796875
4rlt,4.96,4.5351562
3ie3,6.68,6.4882812
3ppq,4.55,4.1875
4ht2,6.54,7.015625
3tfp,6.47,5.9492188
4ca6,6.74,6.375
3h89,7.64,8.1640625
1sb1,6.89,6.9375
4f9u,6.03,5.890625
1oe8,5.52,5.0429688
2g94,9.52,9.0703125
3kmx,4.82,4.6484375
2y82,8.4,8.734375
1kjr,6.06,5.6289062
2qi1,7.3,7.296875
4poh,8.0,8.0546875
3ng4,5.43,5.21875
2wky,8.59,7.9414062
4b6r,5.85,5.8945312
4b5t,3.33,2.7792969
3u7l,7.28,7.3007812
4mdn,6.22,6.3710938
4w97,7.1,6.4960938
4gg7,8.2,7.7773438
1a4w,5.92,5.6210938
4q7w,2.64,2.609375
4d4d,5.96,5.7929688
1fcz,9.22,8.953125
1bxq,7.38,6.703125
2clk,3.79,3.8203125
4b5s,3.49,3.2070312
1xh9,7.77,7.8515625
1gi7,4.51,4.3242188
3a5y,7.96,8.453125
4zb6,6.28,6.4609375
4g5f,3.05,2.5078125
1gar,10.0,9.3984375
1qb1,6.77,6.8476562
3ekt,10.59,11.5
3lzu,10.06,10.203125
3hl7,7.64,7.5664062
1drv,6.54,6.1132812
3lxk,9.8,9.0703125
1bn3,9.89,8.6484375
3dx3,6.52,6.2265625
2hu6,3.81,3.1777344
4jfm,5.48,5.3242188
4ek9,4.42,4.5664062
3vfb,9.04,9.09375
2hoc,9.52,8.6875
2x7u,5.27,5.5625
1sbg,7.74,7.5390625
4yha,6.65,6.7070312
1ro7,3.18,3.1386719
4g95,7.61,7.8203125
4mhz,6.87,7.078125
4bps,2.99,2.8964844
1h46,3.57,3.6308594
1b58,6.59,6.4570312
3d78,7.64,7.5351562
2std,9.85,10.3046875
4w9p,7.8,8.375
2wb5,9.13,9.0703125
2f80,8.18,8.09375
3zj6,6.66,6.6953125
4wko,9.47,10.265625
1ai4,2.5,2.8710938
4ca8,6.68,6.0664062
3bgq,7.96,8.3828125
1c3x,3.68,3.7539062
3dx4,7.12,7.3515625
3djk,10.59,10.890625
2v88,4.09,4.796875
3m3x,6.82,6.6992188
3ibn,7.61,8.3046875
5cjf,9.59,10.5
1kmy,5.1,5.1914062
2xj2,7.18,7.6289062
3bxg,4.96,4.7929688
3bgb,6.05,5.8046875
4u8w,11.24,10.671875
2zkj,5.48,5.4179688
2xog,3.43,3.7871094
5bwc,7.21,7.8945312
1x8t,7.8,8.8671875
3f68,5.06,5.6210938
4qp2,3.03,2.9824219
1p1o,5.76,5.546875
2yk1,8.13,8.4765625
4m2u,8.04,7.859375
2v54,4.6,4.9140625
3vje,8.01,8.4375
4i7m,4.14,4.2109375
2r0h,3.51,3.5644531
4b7p,9.46,9.0
4q6e,6.18,7.296875
4k9y,6.95,7.0078125
3i73,5.49,6.0585938
3d7b,3.69,3.1171875
1kv1,5.94,5.7421875
1v1j,4.82,4.9609375
1bwb,8.42,8.390625
4kyk,4.74,4.8671875
1det,4.3,4.6679688
1ex8,6.33,6.6210938
4b76,4.54,4.8359375
1ciz,7.44,7.3085938
3p3g,9.74,10.0078125
2w9h,6.37,6.5351562
1mtr,8.4,8.109375
4y2q,2.92,3.3808594
3gvb,2.59,2.9570312
3shc,5.72,5.953125
3hzv,6.52,6.5820312
3hek,8.27,8.1171875
4mjp,3.88,3.9433594
2r43,6.0,5.9179688
1nu3,4.0,4.3476562
4yc0,4.13,4.3515625
4djo,11.52,11.8359375
3qaa,11.54,10.9296875
1ai5,3.72,3.6601562
3q1x,5.33,5.1132812
1c1u,8.25,8.3515625
1hvh,7.96,7.3046875
2iuz,5.55,6.2617188
2v57,7.1,7.5898438
2q8m,4.03,4.0703125
4q9y,5.68,5.3476562
4mmm,3.82,3.4980469
3ebi,7.1,6.984375
3fat,7.64,6.9179688
1hdq,5.82,6.1171875
1oif,7.72,7.1796875
3ioe,3.27,3.6855469
2qhz,7.28,7.5351562
4iwz,7.29,8.1328125
1ql7,5.0,5.328125
4zzx,6.9,7.6484375
2ez7,4.36,4.265625
1igb,6.4,6.4140625
4h7q,5.06,5.0742188
2xef,9.84,9.4921875
1gaf,8.0,7.5820312
2i4x,11.72,11.9296875
3tfu,3.28,3.3632812
2fzc,2.7,2.7617188
3f37,2.62,3.1699219
1f0t,6.0,6.046875
1ajq,4.31,4.6328125
4dmw,4.94,4.8242188
4axd,4.43,5.0273438
4tqn,6.11,6.4765625
4umc,3.44,3.8789062
2ypo,4.68,4.6484375
3f70,4.85,5.1484375
2hjb,4.39,3.9101562
1bwa,8.6,8.1015625
4r76,7.85,7.9804688
3r1v,6.92,6.7421875
3o9d,10.72,10.9609375
1xhy,6.18,6.546875
3igp,7.02,6.5546875
3k02,5.0,5.0546875
4q08,6.3,6.5429688
2pwc,6.57,6.9453125
3fv3,9.52,9.7890625
3si4,3.88,3.7753906
3t1l,3.26,2.9121094
3bu1,8.15,8.328125
4e7r,7.7,7.2851562
2y5f,8.7,9.1953125
2ypp,4.41,4.375
4hwp,7.76,7.8476562
3d50,4.77,5.3125
3o9e,11.3,11.828125
4ajl,3.8,4.28125
4zwz,8.7,8.4140625
3ru1,4.85,5.3710938
4w9d,4.99,5.0664062
1gu1,4.52,5.109375
1pfu,2.72,3.03125
3aas,4.51,4.5234375
2zfs,6.54,6.7851562
4b7r,9.64,8.6953125
3kiv,4.7,4.6953125
1mmr,5.4,5.5820312
1c5c,6.96,7.0859375
1m0n,2.22,2.0371094
1gj8,6.96,7.0859375
1ebz,9.4,8.84375
1njd,5.57,5.1914062
3fvn,6.77,6.4570312
3mhw,2.3,2.2597656
2fqx,7.15,6.8789062
4jpy,4.43,4.1875
3k8o,11.07,10.7421875
3vhd,9.28,8.59375
3bva,6.52,7.3554688
3e6y,5.6,5.4140625
3i4b,8.15,8.25
1nfw,8.96,8.9609375
2ypi,4.82,4.375
4qsv,2.0,1.7382812
2vwl,7.02,6.6132812
3ibu,9.15,9.7421875
1g45,8.64,7.9609375
1ie9,10.19,9.6875
3k37,8.92,9.2734375
4dkq,6.6,6.1835938
1ols,5.82,5.2109375
2xxt,8.05,7.2890625
3cl0,7.07,6.6445312
4kiu,3.85,3.953125
3hs4,8.0,7.1992188
2izl,6.0,5.8984375
4zyf,8.64,8.6875
1usn,7.74,7.5078125
2r0z,5.47,5.546875
3zv7,5.92,5.484375
3r7o,8.36,8.203125
4j93,4.7,4.3359375
4qge,9.3,9.2421875
4ngp,7.96,7.9179688
1lag,6.3,6.0585938
4zx1,6.14,5.7890625
3tu7,8.09,7.8359375
3pwd,6.66,6.3984375
5ct2,2.92,2.8144531
4azb,7.24,7.0898438
1aaq,8.4,8.171875
4abd,4.4,4.2148438
3mxe,10.01,9.84375
1olu,4.41,4.6015625
4bb9,6.0,5.6015625
4q93,4.65,4.0117188
1n0s,7.45,7.703125
1lvu,5.32,5.2421875
4tjz,5.97,5.703125
4jsa,4.96,5.375
4lch,10.62,11.03125
3eeb,5.89,5.5664062
2qv7,3.66,4.203125
4q81,3.02,2.5390625
1qy1,6.52,6.3984375
1fjs,9.96,9.96875
3aaq,3.3,2.9902344
1ypg,8.0,7.7617188
2p95,9.37,8.9453125
1lpk,7.55,6.8320312
3mhi,6.7,6.3320312
1qk3,5.15,4.9609375
3bxh,4.03,3.7148438
5fl5,8.19,7.765625
4l6t,7.49,7.78125
4qpd,7.82,7.7148438
4djw,6.28,5.6679688
3vw2,4.75,4.0585938
3hkt,5.39,5.3632812
4r74,8.1,7.2890625
4lw1,3.15,2.3671875
4r0a,4.26,3.8574219
2e2r,8.26,7.9179688
1w11,8.22,8.296875
1o30,6.77,6.7773438
1j17,5.22,5.2890625
2i3i,7.3,7.4179688
1sld,6.57,6.265625
3zns,7.41,7.296875
3vw1,4.67,4.671875
3k8q,11.28,11.671875
4gue,5.24,5.5
1ez9,5.1,5.140625
1v0k,5.1,5.2539062
1r1h,8.92,8.46875
4np2,2.26,2.1269531
3fvl,6.07,5.59375
4cp5,3.34,3.125
2vmd,3.02,3.0097656
1xt8,6.85,6.8671875
1g74,6.52,6.3476562
3odu,8.14,7.78125
1yp9,5.11,5.03125
1ct8,6.52,6.6757812
4oks,4.48,4.2226562
4oc1,6.6,5.890625
1b57,8.0,8.2890625
3bf1,2.52,2.7949219
2jgs,6.62,6.6640625
1uvt,7.64,7.5273438
4xu0,9.11,9.4140625
3s2v,6.8,6.8242188
4j46,5.28,5.2695312
4zeb,6.52,6.4726562
1pa9,4.6,4.5507812
2qnn,7.15,7.015625
4i9u,3.86,3.8945312
3g2l,3.87,3.7519531
3agl,7.8,7.5507812
4ou3,4.41,4.4882812
3iog,5.52,5.4296875
2xd9,6.46,6.1992188
3tmk,6.87,6.5898438
4z2b,7.76,7.8554688
3kek,8.36,8.625
4urz,2.52,2.046875
2xda,6.22,5.9375
1s89,5.24,4.921875
1utl,2.47,2.1289062
3m3c,4.06,4.2109375
1duv,11.8,12.078125
4epy,3.47,3.3496094
2x6x,3.68,3.5
2ews,6.62,6.6210938
2pvu,6.31,5.9570312
3ozp,6.62,6.8359375
4lvt,10.36,10.8046875
1erb,8.1,8.2265625
1txr,7.74,7.84375
3p7i,7.7,7.4257812
3s0b,6.49,6.34375
2r3w,6.89,7.2382812
3nhi,8.43,8.234375
3po1,4.02,4.375
4alx,7.28,7.3125
3p9m,5.0,5.0
3c8b,6.1,6.0078125
2j7b,6.62,6.1953125
3qx9,4.05,3.7871094
3cke,6.1,6.3515625
4hdb,8.05,7.8203125
2q89,6.3,6.2851562
3iub,4.54,4.8203125
4b3d,2.68,2.9316406
1j37,8.96,8.859375
1fkh,8.15,8.5234375
2eg8,4.5,4.8007812
3gss,5.82,5.4804688
1jak,5.57,4.71875
3r4m,5.92,5.7929688
3gcu,6.78,6.8398438
1i9q,8.41,8.46875
4cjp,3.32,3.6015625
3k8c,2.92,2.9453125
3dc3,8.31,7.8164062
3hit,8.19,6.921875
3ove,6.57,6.7148438
1b3f,6.89,7.9648438
3neo,5.92,6.3867188
3lir,6.92,6.5898438
4ymx,7.1,7.8554688
4q6d,7.36,7.1992188
2b4l,4.77,4.890625
4f3k,10.16,10.734375
4cpt,7.7,8.03125
3brn,8.7,8.4296875
4rlw,4.87,4.78125
3lbj,4.96,5.2578125
2g9q,6.4,6.4375
3mz6,7.2,7.140625
1pb9,3.62,3.0136719
2ce9,6.03,6.4765625
1pxp,6.66,7.1328125
2v3d,3.94,3.9179688
4bs0,5.7,5.0195312
1y1z,3.08,2.9355469
1f0u,7.16,8.0546875
2f2h,5.7,6.0195312
1zc9,3.22,2.8164062
4ezx,5.8,6.2070312
2eg7,5.89,6.15625
3o4k,7.62,8.3203125
4b6p,7.13,7.4804688
3rm9,4.77,4.34375
4jym,5.04,4.7382812
3uxk,4.93,5.1171875
3cow,6.9,6.7070312
1jfh,2.05,1.8164062
1m48,5.09,4.984375
4mc9,9.44,9.4765625
1if8,9.64,9.234375
3nw3,6.49,6.7617188
1hvj,11.4,11.03125
1thz,5.15,5.5
4n9a,4.19,4.7070312
4do4,7.29,7.1054688
2nnd,6.06,6.2617188
2ole,7.25,7.2109375
3f7h,7.09,7.0546875
4jx9,8.62,8.53125
3rv4,2.3,2.7246094
4xaq,7.14,6.6640625
3s0e,6.55,7.0898438
2i4v,11.2,11.1953125
4fcf,8.62,9.1328125
2z4o,9.57,9.3046875
3rz8,8.17,8.5546875
1v2s,4.17,3.9238281
1ejn,5.62,5.7617188
3ttp,9.12,9.375
1hbv,6.37,7.2226562
4gqr,3.96,4.1601562
4np9,5.03,5.6445312
4q4p,6.39,6.75
4cpz,7.68,7.34375
3gs6,6.59,7.0351562
2f6t,4.62,4.6992188
3ama,6.53,6.6796875
4e70,5.28,5.5117188
4zae,8.44,8.3671875
4i54,6.96,7.1367188
2vo5,4.89,5.2851562
3eax,4.92,5.0390625
3juq,4.91,5.2617188
3rdq,9.31,8.765625
4x6n,8.82,9.0078125
1rtf,3.04,3.140625
1h2t,7.89,8.1015625
3wqm,6.25,6.625
4u71,5.22,5.1054688
4m14,6.7,6.5703125
4nbl,6.33,6.4414062
2bfr,5.25,4.9882812
3ldq,5.36,5.1875
1jsv,5.7,5.7304688
3axz,3.43,3.2070312
1qka,5.92,5.9648438
4k0y,7.82,7.6523438
4m6u,2.74,2.6230469
1bty,4.74,4.7070312
2y81,8.7,8.78125
2uwo,8.7,9.1875
1km3,4.91,5.5234375
3ml5,8.52,8.8125
4j7e,4.85,4.8085938
2fgu,9.18,9.015625
4yzu,5.05,4.9492188
4q8y,2.64,2.734375
1i80,6.41,6.2890625
1bn1,9.34,9.3515625
3uw4,7.77,7.7109375
4lk7,5.04,5.03125
4i7l,3.99,3.7910156
1v16,3.87,2.96875
1kv5,4.22,3.3007812
3pb9,6.58,6.265625
4w52,3.76,3.1289062
4m3p,5.4,4.7773438
3re4,7.4,7.5820312
3bwj,6.5,5.8515625
4cd0,9.7,10.046875
3hmo,7.52,7.8203125
4omj,5.26,4.640625
2xej,8.87,9.25
4b3c,2.68,2.2011719
4riu,7.3,6.890625
3f16,8.23,8.0625
3nex,6.0,5.5429688
4x5y,8.03,7.7226562
2ha5,4.34,3.9921875
1k1n,6.82,7.1132812
2rkm,3.9,3.53125
1b5j,7.43,7.1601562
1w13,8.7,8.5390625
2vwo,7.51,7.4296875
1nh0,9.74,9.453125
2afx,5.15,4.5664062
1gnn,5.68,5.6679688
2ojj,8.7,8.46875
3nim,4.75,4.3554688
4agc,10.7,10.5625
2d0k,5.02,4.234375
1dud,4.82,4.078125
3h5b,10.0,10.359375
2avm,5.7,5.4804688
2zc9,6.74,6.2695312
1oz0,7.7,7.90625
4qij,5.54,5.0078125
3arw,6.15,5.734375
1w5x,8.4,8.0390625
1q54,5.85,5.6953125
2qi5,10.85,11.3046875
3b7u,7.74,7.4921875
4qsu,2.0,1.8310547
4q3t,6.48,6.1679688
3nuo,9.8,9.3046875
1o3l,6.54,6.0195312
2oxn,7.44,7.0078125
3n9r,7.15,7.1601562
2ybu,6.38,6.25
3dcc,8.96,8.546875
4qem,7.8,7.9023438
1njc,5.55,5.2421875
4wrb,6.19,6.1679688
1siv,8.08,8.0078125
4dq2,7.52,7.7617188
4m2v,7.44,6.921875
3gpo,5.3,5.0273438
3c84,7.85,8.1328125
1zge,7.3,7.2109375
4bks,3.82,3.4648438
4dff,7.46,7.2382812
3miy,7.68,7.2734375
3q44,6.31,6.6445312
4egk,7.72,8.1875
3ibi,8.59,8.734375
3vfa,9.19,8.3125
3nuj,9.39,9.296875
3lc3,5.23,4.9960938
3o99,10.82,10.3671875
2p16,10.1,9.65625
1b46,5.28,5.0078125
2o8h,7.6,8.046875
3b7i,5.82,5.4414062
4cpw,7.5,7.5351562
3cd7,7.84,6.875
4jyt,7.4,7.3984375
5dit,6.15,5.7929688
3vhc,8.89,9.2734375
3dnd,4.8,3.9121094
3ljg,7.73,7.5820312
3n3j,8.48,8.359375
2xyf,8.44,8.59375
3ta1,3.25,3.4394531
3sbi,7.92,7.375
3m8t,4.0,3.4804688
4fp1,4.57,3.9648438
5bry,11.82,11.953125
4mc1,7.85,7.9140625
3hub,8.09,8.078125
4ijh,4.33,3.6269531
3ug2,8.25,7.9570312
3ekp,8.89,8.65625
2drc,9.89,9.640625
3njq,4.89,4.5664062
3m96,7.22,6.671875
3d4y,5.7,5.0546875
4xmb,7.36,7.8398438
1t32,7.42,6.8046875
2xyt,6.29,5.6484375
1o2j,6.92,6.6484375
1nvr,8.11,7.7929688
3sm2,9.7,9.15625
3mtw,7.04,6.4765625
4xe1,7.11,5.8789062
2vjx,4.96,4.4804688
2yfa,5.07,4.3203125
1nq7,6.8,6.5625
2erz,5.66,5.4765625
2fzk,3.6,2.8789062
3k99,7.22,7.6523438
1pb8,5.15,5.0195312
3s5y,7.41,7.2460938
3q2j,4.18,3.8222656
2fx6,3.7,3.6367188
5fl6,7.36,7.2695312
1gjc,6.35,5.6210938
4cd4,6.58,6.9726562
3d7k,4.6,4.2070312
3ubd,5.54,5.3789062
1rnm,3.07,3.2539062
4q1y,10.35,9.0234375
1sgu,5.37,5.2773438
4u70,5.02,4.328125
3w9r,6.18,5.9804688
1fzq,7.62,7.5507812
3hv8,6.98,7.0
3l4w,6.0,5.3359375
1wht,3.7,3.2304688
4io2,6.7,5.7929688
4a95,5.76,5.3945312
3g2i,4.86,4.4140625
1yej,7.46,7.5351562
3f6g,4.72,5.125
4b73,7.21,7.2617188
3mof,3.07,3.0917969
1d4p,6.3,6.1992188
3zsy,3.23,3.5722656
2ccc,7.76,7.859375
1pgp,5.7,5.5859375
1h6h,5.3,5.390625
4q7s,4.42,4.6445312
3fvh,6.35,6.296875
2rfh,6.82,6.2382812
2boj,5.77,5.7695312
1o35,5.0,5.2460938
4wkn,9.72,9.484375
4r5b,6.73,6.0976562
1hxw,10.82,11.5625
3nkk,4.7,5.0742188
1drk,6.82,6.9179688
2r5a,2.6,2.6308594
4up5,2.6,2.6054688
1ajp,2.23,1.9736328
4wk1,5.89,5.484375
2o4l,9.22,9.0703125
3dln,6.6,6.8710938
1mu6,8.38,9.71875
1xr9,7.15,7.53125
1g35,8.14,7.6953125
4gj2,8.6,9.2109375
3g2y,2.0,2.015625
4bf6,8.35,8.375
3rz0,7.55,8.4453125
2ra6,4.52,4.5859375
3x00,9.08,9.1328125
4rn4,6.94,6.5117188
3mhl,7.25,6.7851562
1li3,4.25,4.4257812
1fkw,5.05,5.6015625
3ujd,4.69,4.7695312
2gsu,3.59,3.3144531
4w9j,6.23,6.3789062
2zgx,6.74,6.9414062
3l1n,5.63,5.5234375
4lxd,7.23,7.7617188
1jmf,5.77,5.2304688
4xmr,4.07,4.2695312
2y9g,3.77,3.6953125
2cen,8.3,9.15625
1pxo,8.7,9.515625
4wn5,7.41,7.3867188
4u5n,2.48,2.9824219
3ccw,7.87,8.2265625
4m0e,6.22,6.1679688
4tkb,5.59,5.6914062
2exm,4.11,4.2265625
3l3l,7.48,8.5390625
5ceq,7.38,7.4257812
1sw2,7.22,6.7773438
4b34,3.14,2.9921875
4etz,6.3,6.3789062
1upf,4.6,4.46875
2wyg,8.7,9.7578125
4der,6.31,6.21875
3b7r,7.7,8.0
1mfd,5.31,5.3164062
1gno,7.7,7.9179688
2pov,7.12,7.2226562
1enu,5.08,5.3007812
4mr6,6.6,6.6523438
2ves,7.7,7.6054688
2pvk,8.3,8.734375
3upk,4.3,3.875
4ww6,10.21,8.6328125
3ppr,2.82,2.765625
1e5j,4.0,4.0585938
3obq,3.54,3.5332031
4v27,6.66,6.3554688
4iva,7.16,7.4570312
1w5w,8.8,8.6875
1hms,6.37,6.4375
4pyx,6.14,6.5390625
2wjg,7.1,6.875
3lea,9.1,8.765625
2aoe,7.62,7.7890625
3fed,7.46,7.984375
2qi6,10.57,11.296875
1mrw,9.7,9.90625
4m13,6.7,6.3515625
3jzg,4.4,4.6210938
2pqz,5.67,5.5039062
4j47,4.92,4.2539062
2qhy,7.48,7.7304688
1adl,5.36,5.6289062
3mf5,5.36,5.53125
3t0d,2.37,2.6972656
3wq6,4.59,4.4960938
2rkf,9.08,9.328125
4gki,4.46,4.2851562
4xtv,9.27,9.8203125
1ony,6.77,7.3710938
2pym,6.82,7.3671875
4io3,6.06,6.2070312
4a4w,7.72,8.4140625
1ppm,5.8,5.609375
1xap,8.7,8.59375
1tys,5.49,5.0820312
2f35,5.4,5.9296875
2fu8,4.7,4.8125
3pn1,6.96,6.890625
1g4j,8.7,8.5703125
3myq,7.52,7.0
3i7e,10.85,11.296875
3g3r,6.48,6.1992188
4i74,6.72,6.546875
3bfu,6.27,6.4296875
1pbq,6.27,6.0585938
4non,5.24,4.4570312
4zhl,6.47,7.2421875
4i71,7.74,8.21875
2w8w,2.12,1.9970703
3i25,8.51,8.3828125
3t60,6.7,7.390625
2oxy,6.52,6.2929688
4leq,6.54,6.96875
3m40,6.77,6.5703125
2oym,5.0,5.4335938
1zvx,9.22,9.828125
2w26,9.4,9.40625
4kao,6.11,6.1835938
3o84,7.24,7.4179688
1sqo,7.46,6.5898438
1w0z,7.68,7.8320312
1vzq,7.44,7.5078125
1ugx,5.91,6.03125
2hs1,8.48,9.703125
1dfo,6.7,6.8007812
1k6t,7.62,7.609375
4ieh,7.85,8.734375
1rjk,10.0,9.3515625
2q5k,11.3,10.703125
2aog,6.28,6.2382812
3fx6,6.8,6.3710938
1rr6,10.25,10.2421875
1ork,8.81,9.546875
1wur,6.66,6.1601562
1hwr,8.33,9.3203125
2hzl,6.57,5.84375
3rwp,9.22,9.2421875
4pum,6.73,6.921875
4rrg,2.81,2.5019531
1px4,3.23,3.171875
1hvk,10.96,11.921875
3b5j,5.68,5.9492188
4g8v,5.8,5.2695312
4lhv,10.0,9.3359375
4owv,4.35,3.7617188
2pou,7.42,8.0625
4dsy,4.43,4.8398438
4zj6,8.52,7.9882812
4tim,2.16,1.4394531
2reg,5.64,5.4726562
5afv,5.59,5.1914062
1zfk,7.92,7.421875
2uy5,5.49,5.7382812
1sln,6.64,6.7890625
5dq8,4.14,4.0273438
2v95,8.3,7.9765625
6cpa,11.52,10.6953125
4pb2,4.8,4.765625
1bnv,8.77,8.265625
1xh4,7.47,7.8476562
3cyw,7.77,7.59375
2y5g,6.84,7.4804688
2xc0,6.72,7.203125
1cbx,6.35,6.078125
2xeg,10.7,10.6875
2d1o,7.7,7.0898438
4qjm,8.17,7.0429688
4dcs,5.1,5.4101562
3f8c,7.68,7.2109375
4b2l,3.24,2.4628906
1s63,9.05,9.15625
4pow,6.3,6.453125
2jds,8.2,8.8359375
4cst,8.89,9.6328125
1jyq,8.7,8.96875
4or4,4.57,4.4960938
2vpn,6.72,6.7890625
4oc0,6.5,7.0625
1g4o,8.25,8.9609375
3dbu,8.06,7.9257812
4zme,4.3,3.7382812
4jc1,4.3,3.8828125
2qpu,3.6,2.9179688
3bkl,6.17,5.8476562
4iid,5.62,5.7148438
4det,5.68,5.5390625
1jao,5.92,5.9375
4en4,5.52,5.6367188
4qf7,8.6,8.828125
2hxm,5.22,5.2773438
3ckp,6.35,5.9140625
1q1g,8.57,8.6875
4ovf,4.13,3.7011719
10gs,6.4,6.125
4jpx,5.15,4.4765625
3o8p,6.46,6.6445312
1hnn,6.24,6.7460938
3vbd,8.07,8.796875
4dzy,5.62,5.390625
3hl8,4.49,4.1640625
3hf8,6.51,6.515625
3su1,6.68,6.8320312
4f7v,5.38,5.5
1m7i,5.4,5.5546875
3fqe,8.3,8.2734375
3m67,6.74,6.421875
4aci,2.22,1.9882812
1ohr,8.7,8.9375
1t7j,8.7,9.5625
3sym,4.57,4.4765625
1g1d,9.44,9.109375
2fxu,8.15,8.7734375
3uxl,5.57,5.6132812
1w9v,6.34,6.59375
4m7j,6.11,6.3359375
2nmz,8.37,8.1484375
3jzh,3.4,3.8730469
1n5r,5.66,4.9179688
5cqu,6.54,6.3242188
4cwt,6.75,6.9960938
2v2c,3.41,3.0195312
3sut,7.85,7.953125
2qm9,7.77,8.078125
1oba,2.44,2.1074219
1amk,4.3,4.0664062
4oma,4.17,4.0664062
3i6o,10.35,10.75
3ddf,4.66,4.4296875
3zi0,7.4,7.0234375
2uz9,5.71,5.7265625
3ryy,7.42,7.2304688
4w9k,6.54,6.9609375
4m8e,7.89,7.828125
3ppp,5.22,5.4726562
4lar,4.68,4.5195312
2jh6,7.77,7.234375
1alw,6.52,6.2578125
3fas,6.77,6.96875
3g2h,3.82,3.5039062
4bco,6.88,6.9101562
3lxe,6.6,6.0078125
1tx7,4.6,4.9570312
1hi3,4.19,4.5820312
1ew8,2.26,1.8886719
4nwc,5.76,5.1289062
1nvs,7.82,7.703125
3rbu,9.43,9.8359375
3b3x,3.6,3.8261719
3qxv,8.4,8.6171875
4h42,3.47,3.5175781
4a6c,7.92,8.265625
4l50,6.06,5.7695312
3rtf,7.35,7.2148438
3ms9,5.22,5.3125
1nki,6.7,6.7617188
4p6x,7.04,7.4335938
1szd,4.54,4.3554688
1l6m,8.1,8.484375
1uz4,3.4,3.3964844
4b5d,7.89,7.6835938
1utm,3.01,3.2480469
1pz5,5.4,4.921875
4bt4,3.34,4.0859375
1hvr,9.51,8.9453125
4ts1,4.94,4.65625
3huc,5.99,6.3867188
2bvs,4.1,4.0859375
4pf5,5.48,5.7265625
4b7j,7.95,7.1523438
2epn,7.22,7.5898438
4j22,7.74,7.8984375
3fl5,7.28,6.6445312
1b3h,6.21,5.9804688
4h75,6.6,6.6171875
4or6,5.31,5.7265625
2qw1,3.9,3.9355469
3v51,8.55,8.078125
3g19,6.67,6.4609375
2i2b,2.44,2.375
1ttm,7.35,7.640625
4flp,6.72,6.7304688
1rnt,5.19,5.5429688
1ppk,7.66,8.34375
4zl4,7.86,7.3203125
2oxd,6.82,7.4414062
1hn4,3.82,3.84375
3zhx,6.68,6.9765625
3dp9,9.68,9.703125
1c5y,4.2,3.7910156
2qi4,10.44,9.8203125
1c5x,6.68,6.3476562
3sv2,4.19,4.1953125
3zln,8.47,7.5742188
1o2h,7.17,7.6015625
1o3d,7.13,7.0585938
3sbh,7.28,6.96875
1msn,9.09,8.7734375
4b35,2.89,3.0625
1qbo,7.74,7.421875
4ibb,3.57,3.6308594
3qgw,5.89,6.1640625
4u0w,3.0,2.8652344
2rke,4.08,4.4765625
1ftm,7.61,7.8710938
4acc,7.7,7.1289062
4k7n,3.48,3.3496094
4djx,7.23,7.2070312
3ttn,7.84,8.0546875
2pvh,6.59,7.1445312
3kgq,2.3,2.3046875
3el1,9.64,10.0703125
1y6q,11.7,11.7578125
3nht,7.01,6.8085938
3c4h,5.7,5.78125
1q8w,5.24,4.7617188
1c1r,7.63,7.6054688
1ghz,4.8,4.8671875
4a6s,5.2,5.171875
2jf4,8.15,8.2265625
3p17,4.48,4.7734375
4x24,9.78,8.765625
3n8k,4.05,4.2929688
3ewc,7.7,8.03125
3jy0,8.3,7.5546875
3pck,6.7,7.1328125
1epo,7.96,7.8828125
4m2r,8.49,8.140625
4kwo,6.45,7.0820312
1ajx,7.91,7.953125
2wk6,3.32,3.0117188
4ye3,8.37,8.3125
3aho,7.05,7.265625
3lk8,7.71,8.203125
4qb3,5.47,5.6445312
2j7g,7.0,7.5976562
3vhk,4.6,4.5234375
1b51,7.37,7.4335938
6upj,6.32,5.6914062
4ayu,4.73,4.7265625
3uil,6.0,6.3632812
3r0y,4.84,5.3671875
4r75,7.24,7.4804688
1zgi,5.34,5.0078125
1nt1,8.89,8.921875
2fle,7.85,8.0390625
4h3j,7.05,7.5703125
3m5e,7.37,7.015625
4tkh,5.74,5.3671875
3g2j,4.75,4.953125
5dgw,11.05,11.28125
1g46,8.8,8.0546875
4g90,4.51,4.578125
2fpz,3.96,4.25
3sax,6.57,6.671875
4bt5,2.76,3.2421875
1amw,4.54,4.7539062
2xpk,11.3,11.2421875
1ydd,7.07,7.4296875
4lj5,6.29,6.4453125
4q1x,11.15,10.984375
3l3n,8.18,7.8671875
3djp,4.2,4.1679688
2q88,5.8,5.7109375
4iue,6.55,6.859375
1c83,4.85,5.0429688
3f18,7.4,7.4453125
4ovg,3.69,3.7753906
4rfc,8.24,8.5703125
1mai,6.68,6.5507812
3l3m,8.22,8.328125
3d8w,8.15,7.5429688
1lkl,5.81,6.0742188
4lm2,3.03,2.8574219
1b6k,8.74,9.390625
1aid,4.82,5.125
2vyt,2.74,2.8964844
1ndv,5.92,5.9804688
3ffg,9.08,9.65625
2zdm,6.41,6.3789062
3ddg,6.0,6.296875
3hig,7.89,7.9726562
1w3k,4.3,4.875
2hmv,7.7,7.0351562
1fao,7.37,8.25
4m8h,7.6,8.40625
2e1w,7.96,8.5625
4lm1,3.23,3.1035156
3zsq,4.96,5.734375
4a7i,8.7,8.5390625
186l,4.85,4.953125
4mre,2.19,2.0488281
3qfy,6.12,6.3710938
2xbx,7.82,8.1015625
1df8,9.7,9.9453125
1h0a,5.44,6.453125
4fl1,3.28,2.7714844
3ewj,6.84,7.4453125
4ap7,7.96,8.65625
1g7q,6.06,6.1132812
2hhn,7.49,7.8125
1d4j,8.36,8.59375
2wuf,4.29,4.2617188
2pcp,8.7,8.65625
2xhm,6.8,6.7851562
3zq9,6.02,6.1289062
3ryx,8.14,8.6015625
2a5s,6.7,7.1601562
3ime,3.0,3.1484375
4cu7,7.59,6.9804688
2wqp,5.51,5.1640625
3cft,4.19,4.5429688
2wed,6.1,6.5664062
4aqh,6.54,7.1992188
1m1b,4.66,4.4882812
4rsk,4.32,4.5429688
2o4r,9.4,9.953125
1f4x,5.59,6.3515625
1iih,2.89,2.8984375
2sim,3.42,3.5585938
2byr,8.55,8.7265625
1k1l,6.9,7.4726562
4nbk,3.87,3.7128906
4pyy,7.23,6.875
5fl4,7.0,7.1289062
2nn1,5.82,6.5039062
2glp,5.01,4.9453125
2vhj,3.9,3.9121094
1fh9,6.43,6.6289062
5bs4,11.0,11.1484375
1lan,7.22,7.6445312
1qan,4.48,4.5703125
2xbp,5.02,5.15625
3a1d,4.12,3.9511719
3ap4,3.92,4.484375
1i37,9.57,10.09375
3be9,7.62,7.7578125
1z1h,8.4,8.671875
3gy7,4.52,4.4453125
3wz7,5.74,5.953125
1pr5,3.92,4.3203125
2qwb,2.74,3.0976562
1o0m,5.15,5.5859375
1bcd,8.7,9.4765625
4db7,6.56,7.0742188
4kyh,5.92,5.9648438
2q63,7.18,7.2578125
1fh8,6.89,6.8359375
4r3w,3.0,3.1503906
1lst,7.85,7.8984375
2i3h,7.4,7.5117188
1bdq,6.34,5.6484375
4qjw,7.8,7.5546875
2fw6,2.92,2.8945312
4z0k,6.34,6.5351562
1zsf,9.92,9.9453125
1b4h,5.46,5.5390625
2h4k,5.49,5.8164062
2jke,4.23,4.703125
2x2r,7.12,7.9375
1fd0,8.4,8.96875
2i4j,6.16,6.8242188
3mfw,3.52,3.9140625
3ai8,3.81,4.2148438
3n9s,5.26,5.984375
3lpk,9.1,9.8125
2q6f,5.44,5.9023438
1e6s,3.22,3.9179688
2qx0,6.11,6.5859375
2vc9,8.44,8.0390625
2qg2,5.4,5.9375
3mi2,7.77,7.6210938
2vj8,8.7,8.109375
4ggz,10.18,9.5078125
3o5n,4.76,5.0117188
3uw5,7.85,7.4492188
4qpl,7.41,6.7890625
1elb,7.15,7.4648438
1b40,7.28,7.734375
2pk6,10.89,11.171875
4nja,6.22,6.0234375
1stc,8.1,8.0859375
4m0r,5.21,5.0
2p7a,6.1,6.28125
1l83,3.4,3.546875
1b7h,8.02,8.640625
4fs4,6.57,6.4570312
1i9n,8.66,8.765625
4cr5,4.15,4.3007812
1y20,5.32,5.6679688
4a4v,6.54,6.8359375
3c39,3.96,4.4023438
2c94,6.82,7.046875
1k9s,6.52,6.4726562
1t4v,7.68,7.734375
2vw2,3.3,3.6640625
4jkw,4.16,4.6367188
2bz6,7.09,7.03125
2pgz,5.74,6.1679688
2zxd,5.22,6.1523438
1mfi,5.59,6.4179688
3s76,5.05,5.5507812
1fzm,7.7,7.2226562
1ii5,6.62,7.4726562
3lpi,8.52,8.7109375
2qbw,7.25,7.28125
1odj,4.1,4.4023438
1fzj,8.1,7.8554688
3tfn,6.57,6.40625
2e9u,8.1,8.046875
3o9p,6.52,6.71875
1cny,7.85,8.3125
3hku,8.3,7.203125
3pcn,3.66,3.2636719
4hla,10.8,10.0078125
4clj,9.15,8.8125
5cep,6.84,6.7148438
4oc5,7.07,6.6875
2vmf,5.85,6.171875
1mmq,7.52,7.0976562
2zpk,7.76,7.8085938
1e2l,4.29,4.2226562
2qd6,8.68,8.8984375
4ara,6.05,5.75
4ngm,10.35,10.546875
1j4r,7.72,7.5039062
4erf,9.4,9.9140625
2mas,7.52,7.6953125
2r58,2.0,1.4746094
2rcn,6.0,6.0585938
3l7c,2.44,2.4628906
2qbu,6.19,6.0351562
2x0y,4.6,4.0859375
1efy,8.22,8.5703125
3l4x,6.89,6.6132812
5caq,8.57,8.609375
4djr,11.52,11.4765625
2za5,8.43,8.5703125
4a4q,9.4,10.0234375
3oil,5.68,4.9570312
1gnm,6.25,6.6054688
2qtt,4.32,4.21875
2bal,6.31,6.2109375
1qhc,7.57,6.6601562
1qin,8.0,8.015625
4l19,6.1,5.6992188
4lko,8.22,8.03125
3t82,7.0,6.640625
1ado,6.0,6.0703125
1o5c,5.22,4.5703125
2vsl,8.4,8.1015625
1a69,5.3,5.6875
4cd1,4.89,4.8046875
4yc9,8.89,8.3359375
3d7z,7.92,7.5117188
3t09,3.8,3.8789062
1h1d,8.22,8.0546875
3mho,6.49,6.1289062
4lzr,4.7,4.2382812
3pn4,6.85,6.765625
3v2q,6.29,6.0429688
1c5o,3.49,3.5917969
1v2l,4.29,4.3164062
1wuq,8.27,8.9140625
3ryz,8.62,9.0078125
3nee,5.34,4.9726562
3dk1,9.74,9.1171875
4buq,8.14,7.5351562
2j7f,6.35,5.9140625
1k6p,7.36,7.2382812
4z1k,8.33,8.1328125
3kdd,8.46,8.421875
4rrf,3.62,3.453125
2bt9,6.19,6.4570312
1o33,5.74,5.8203125
4abb,4.51,4.7890625
3f7i,7.34,6.8710938
3g34,2.96,2.4394531
1o86,9.57,8.453125
3da9,5.51,4.8671875
1kzk,10.39,10.25
2jew,6.69,6.7304688
2yfx,8.09,7.7382812
3f19,7.19,7.1914062
3vvy,4.84,4.2382812
2pbw,8.25,8.625
4cps,8.27,8.0859375
1xff,4.82,4.8710938
2p3i,3.48,4.015625
3a6t,7.28,7.984375
1gcz,5.13,4.9453125
3rdv,4.91,4.3515625
2zwz,7.79,8.296875
1swg,7.36,7.5546875
3dri,4.42,4.046875
4i7k,3.04,2.7851562
3lcu,3.52,2.7988281
4ipj,4.87,4.71875
3s77,7.21,7.9453125
4ua8,6.26,6.234375
4uma,5.41,5.4765625
1k6c,7.48,6.484375
1atr,6.96,6.2890625
3uxd,4.41,4.1484375
2uy0,6.92,6.9414062
4u5o,2.42,2.6582031
1n3i,8.89,8.84375
1g54,8.82,9.1484375
4o04,6.16,5.953125
4u6c,5.0,4.2929688
3rdo,9.85,9.5390625
1yda,6.55,6.7148438
4c1u,7.09,7.2382812
3v3q,6.6,6.2460938
8a3h,4.06,3.8457031
3ipq,7.57,8.4375
2h4n,8.7,7.6210938
3lcv,4.74,4.1914062
3qfd,4.17,3.6816406
3tif,5.38,4.9804688
2cli,4.3,3.921875
4rdn,5.92,5.9453125
3k97,8.0,7.625
2pv1,7.14,7.25
1lf2,7.52,7.8632812
2qg0,5.72,5.5390625
2dw7,4.7,4.390625
4tte,3.69,3.5292969
3po6,7.06,6.5507812
1f57,5.64,5.4960938
2qzr,7.26,6.90625
3qps,5.6,5.796875
1fo0,5.59,4.8554688
5e2r,7.06,7.2226562
3b92,8.0,8.1953125
1o3p,6.66,6.7578125
1c5s,6.0,6.4765625
1sqt,6.2,5.8945312
1qji,4.85,4.1132812
2cgf,6.41,6.9375
4phu,7.92,7.859375
3mhm,7.0,7.4414062
4ncn,5.67,5.4296875
5c1m,10.8,11.4609375
3kku,5.7,5.6953125
4jv8,5.85,5.9023438
3qdd,8.77,9.34375
1fkb,9.7,10.078125
1koj,6.7,6.640625
3zk6,6.34,5.9179688
2hkf,6.38,6.4804688
2vuk,3.9,3.9082031
1kdk,9.05,10.2421875
1p19,4.11,4.1132812
3c56,7.89,8.09375
1o3j,6.77,6.7304688
3tb6,5.08,5.4960938
3r6u,4.52,4.2734375
4e1k,6.3,5.9101562
3tt4,8.28,8.8671875
1m0q,3.89,2.7949219
2xn3,5.92,5.7148438
3iqu,4.77,4.6640625
4kz3,2.77,2.984375
3hww,7.12,7.734375
3el5,7.72,7.2460938
3kqr,4.43,4.3710938
3qw5,6.45,5.9453125
4kxb,4.12,4.2617188
2zdn,6.25,5.4101562
4mss,6.4,6.8632812
4llk,3.0,3.2949219
1toi,4.05,3.6972656
4bi6,3.95,3.7441406
3f78,3.1,2.8203125
2pfy,6.52,6.4492188
2xj1,7.55,8.140625
4msa,3.3,3.234375
3bra,2.7,2.8769531
3rsr,4.36,4.3085938
4r5t,6.1,6.1835938
2ctc,3.89,4.1640625
1li6,3.8,4.0273438
3f8f,6.63,6.40625
5cas,8.85,8.4609375
1sr7,10.1,11.046875
4b0b,3.33,2.7578125
184l,4.72,4.78125
1sw1,7.3,7.6796875
1xbo,6.04,6.1640625
4ge1,6.43,6.1367188
2g72,6.5,6.2226562
1kav,5.82,5.6601562
4x8o,6.6,5.7617188
3g32,3.71,3.9179688
2q7q,5.3,5.4960938
4x6i,8.0,7.6484375
3ok9,11.23,11.8046875
1d3p,7.39,7.296875
4aia,3.66,3.6113281
3c8e,4.15,3.953125
2wlz,4.6,4.0664062
4exs,4.41,4.21875
4kqp,6.05,6.25
1m7y,10.96,11.6875
1d4i,8.85,9.5546875
4del,7.68,8.375
1o2o,6.36,5.953125
3u81,4.44,4.34375
2x97,5.66,5.171875
4a6l,8.0,8.09375
4ai5,2.92,3.1582031
2xde,5.47,5.515625
3zpu,8.38,8.625
3q7q,5.65,5.2851562
3nu9,9.05,9.640625
2q54,9.01,8.6171875
3fh7,7.6,7.4335938
3lgs,4.61,4.7226562
4abe,3.4,4.4257812
4bcs,6.99,6.9179688
1yet,5.92,6.3203125
3pb7,5.74,5.6679688
3jyr,5.54,5.8515625
1dmp,9.55,9.8046875
5cs3,2.15,2.1464844
1gjd,5.22,5.203125
1k1o,6.17,5.5585938
3s3v,6.23,6.3671875
4zvi,6.33,6.265625
2amt,4.44,4.4804688
4xya,5.86,5.7265625
1xws,8.0,8.375
4e4n,9.05,8.53125
1ele,6.85,6.6796875
2q64,8.52,8.6796875
4rfd,8.05,8.2578125
3o56,9.1,9.609375
1lcp,6.64,6.421875
1bv7,10.3,10.0546875
2ayr,9.29,9.421875
1met,9.4,9.6953125
4ibd,3.67,3.5
5aoi,3.03,3.1894531
3f17,8.63,8.8984375
3c79,7.2,7.03125
1g3d,5.55,5.6132812
2ate,7.07,7.1914062
3zcl,8.0,7.9804688
2py4,6.7,6.4414062
3s9e,5.13,5.40625
2w08,3.42,3.3125
1z6s,4.34,3.8847656
3zyf,4.85,5.0546875
4gj3,8.85,8.421875
2vot,7.14,6.6953125
3l4u,7.52,7.6445312
4mhy,6.47,6.6367188
1n4h,6.55,6.4023438
4zei,5.88,5.7578125
2o4s,10.51,10.8359375
2j7e,7.32,7.453125
1r1j,8.64,8.875
3i9g,8.96,8.8671875
1oxr,5.19,4.7890625
4bcn,7.92,7.7226562
2j27,3.52,3.3300781
1uwf,6.82,6.6367188
4g8y,4.59,4.28125
1c86,4.7,4.4882812
3iae,3.89,4.1914062
2vpo,5.42,5.140625
1i5r,8.52,9.265625
2afw,4.77,4.40625
1t5f,4.22,4.2890625
1uho,9.22,9.296875
1f73,2.39,2.0058594
4mc2,8.19,8.5390625
4m0f,8.77,8.7578125
5egm,8.62,8.453125
4g0z,2.21,2.375
1ghv,4.35,4.296875
4std,10.33,9.4453125
2h6t,7.22,7.0078125
1c70,10.3,10.3515625
3g0e,7.7,7.2773438
3sap,7.59,7.8671875
4qy3,6.82,6.546875
2e94,8.0,7.9414062
4qjx,7.28,8.2265625
3u8j,8.51,8.9765625
1lbk,3.18,3.1191406
3dd8,7.85,7.6132812
3cfn,5.0,4.890625
4isi,8.14,8.1015625
3ebh,6.32,6.1484375
4cp7,8.11,8.2265625
4z84,5.82,5.25
4ceb,2.97,2.5136719
3p3s,7.59,7.453125
2wgj,8.7,8.84375
4bak,8.91,8.6796875
3ucj,6.0,5.6914062
5boj,7.0,6.9335938
4de0,5.89,5.8710938
1avn,3.9,3.9160156
3w37,5.18,4.7070312
4tln,3.72,3.65625
3rz1,8.74,8.9140625
2arm,7.68,7.71875
3f5l,3.72,3.2851562
4duh,5.18,4.796875
4ad2,6.2,5.375
4u69,4.26,4.0546875
1kpm,5.8,5.7851562
4na9,7.39,7.03125
2qd8,9.07,8.6015625
4b6s,6.01,5.9648438
4z1e,8.24,8.296875
4qll,3.38,3.6875
3kmy,4.49,4.7421875
4b5w,3.33,3.2011719
1pdz,3.7,3.5195312
1qxl,7.96,7.9960938
4f39,5.7,5.3242188
1izh,7.7,7.265625
5e2o,8.7,8.2265625
3zqe,4.23,4.296875
4fht,6.17,6.5585938
1zea,5.22,4.46875
3e5u,5.85,5.5
4ido,4.93,4.8515625
3p4v,5.1,4.8710938
2x95,4.95,4.8867188
2idw,8.89,8.71875
3gst,6.72,6.609375
1fpc,7.0,6.8828125
1b6l,8.3,8.390625
4rd3,6.47,6.0
2a4m,4.52,4.3671875
5amg,8.22,9.015625
2cc7,8.01,7.75
4m12,6.05,5.7382812
4i5c,8.82,8.1171875
1x8r,6.12,6.40625
3ujb,5.1,5.3984375
3ldp,5.62,5.3007812
4da5,6.44,6.34375
3rux,9.28,8.6875
4o97,8.52,8.25
1d09,7.57,7.8164062
5e8f,8.64,8.453125
4ruy,7.89,8.0
4trc,4.52,4.5351562
1pyn,5.49,5.3320312
4f6u,6.15,6.0507812
1usi,6.74,6.71875
1zp8,8.77,8.703125
2xc4,8.05,7.8398438
4lm3,2.92,2.3632812
2azr,3.64,3.2539062
1yds,5.92,5.6171875
2r59,8.19,7.1210938
2vl4,6.01,5.7617188
3ies,9.92,9.375
2qpq,6.37,7.3203125
4ouj,2.86,2.5273438
4kax,4.77,4.0664062
5byi,7.51,7.2851562
2pvl,7.62,7.2773438
2uwl,8.4,8.4609375
4qfl,5.11,5.234375
2qu6,8.52,7.8984375
1qbq,8.3,9.0
3fql,7.15,7.1328125
1nl9,5.96,5.7851562
3juk,4.89,4.5898438
3okv,6.23,5.7539062
1dzk,6.1,6.3320312
3cd5,7.9,7.515625
4ffs,10.44,10.6328125
3hll,8.24,7.8671875
2fzg,3.38,3.3417969
4qfo,4.27,4.4414062
1d4y,11.1,9.7578125
4fai,6.99,6.7539062
4d1j,6.31,6.9453125
3sug,6.21,6.6914062
1yvm,6.4,6.6367188
2f81,10.52,9.921875
3t3u,8.6,8.234375
3jzj,3.61,4.28125
4ykk,2.77,2.8652344
2weo,6.93,7.4570312
3g0i,3.6,3.421875
1hxb,9.92,9.65625
3buh,3.66,4.2851562
4fz3,3.73,3.6152344
1hih,8.05,8.1171875
1ta6,9.13,9.1953125
4el5,5.37,5.0859375
4ck3,3.57,4.2617188
4avs,3.49,3.3085938
4ufi,6.2,7.0039062
3zze,8.89,9.109375
2cbj,8.27,7.7617188
2a8g,3.69,4.5273438
2d3z,6.64,7.1132812
1jcx,5.15,4.6054688
1wvj,6.73,6.6875
4zji,6.47,6.3085938
1hvl,9.95,10.8359375
3ta0,3.47,3.3632812
3umq,4.62,4.203125
3nu3,9.82,9.1953125
1xh5,5.47,4.9609375
1kug,3.8,3.2832031
3egt,8.9,10.21875
1ucn,5.22,5.4257812
1vfn,5.6,5.7265625
2qwd,4.85,4.9570312
2clh,4.06,3.9980469
2vnt,8.0,7.421875
3ff3,3.57,3.5195312
2pqc,5.74,6.21875
4de5,3.15,3.5664062
2qhd,5.38,4.6835938
4x11,2.22,2.4667969
1bv9,9.96,9.75
1k1j,7.55,7.0078125
4ad6,4.78,5.1757812
1bnw,9.08,9.234375
2r38,7.44,7.7109375
2x4z,8.57,8.3125
3qfz,3.24,3.7070312
3g1d,3.48,3.4765625
3n3g,7.24,7.7695312
1q65,5.46,5.4492188
3rf5,5.63,6.15625
4dy6,4.4,4.3203125
1qk4,4.21,4.46875
1w3j,6.32,7.3164062
1qbn,5.85,5.9492188
4uin,7.62,7.4960938
4pge,7.77,7.765625
3owj,6.07,5.9726562
3c2u,2.9,3.4765625
3u15,7.11,7.5195312
3d0b,6.54,7.1132812
1a94,7.85,7.4921875
4km0,6.04,6.4960938
4fcq,7.0,6.9921875
1v2o,4.73,4.6796875
2wnj,6.48,6.7734375
2pqb,7.2,8.09375
3cr5,4.19,4.3125
1ogd,3.03,3.6875
4ij1,5.4,5.4804688
4og3,6.55,6.0820312
3oy8,3.66,4.0078125
2r2b,4.2,4.2148438
1qy2,5.74,5.890625
1wcq,6.26,5.9335938
2uwd,8.35,8.5703125
1o5a,6.42,6.3359375
4hdf,8.49,8.296875
2wkz,8.77,8.5546875
4luz,4.7,4.765625
4kif,4.84,4.390625
1gja,5.42,5.9492188
2vt3,4.15,3.9921875
3gxy,5.59,5.8046875
3exh,4.88,5.265625
1v2j,3.25,3.7558594
4q7v,3.59,3.9667969
3qtv,4.65,4.8945312
4v24,8.37,8.71875
4cwq,7.06,7.4414062
1k4g,5.85,6.6601562
4rux,7.92,7.8398438
3f5j,4.28,4.7460938
1igj,10.0,10.5234375
2hzy,7.39,8.046875
3t6b,6.36,6.8867188
2vb8,4.6,4.828125
4b8y,8.05,7.421875
5e13,4.24,4.1757812
3cdb,7.02,6.5898438
4ual,8.4,8.2109375
2jdh,6.51,6.6875
3gus,6.05,6.1992188
4ca7,7.36,7.09375
3jdw,3.6,3.6328125
1qf0,7.38,7.0820312
1ogx,6.09,6.8242188
1no6,4.41,5.1601562
1iiq,7.48,7.6914062
3qqa,5.82,5.8984375
4pft,8.64,9.0390625
4k0o,3.0,3.515625
1x38,8.77,8.9375
3ekv,9.41,8.9765625
4n8q,3.42,3.4921875
3p8z,6.09,6.7265625
2yz3,6.66,6.96875
3nox,8.66,8.9296875
4llj,3.42,3.8398438
1njs,7.82,7.953125
3kgt,5.51,5.515625
4jss,3.3,3.4765625
4lrr,5.22,5.234375
1b55,7.4,8.7265625
4aj4,3.89,4.3046875
3bpc,4.8,5.0585938
4nue,6.82,6.7617188
1a4k,8.0,8.2109375
4q19,8.05,7.7421875
1lpz,7.6,7.7460938
5am6,6.73,6.59375
1vyf,8.05,8.1328125
3nq3,3.78,3.8691406
3ifl,8.08,7.78125
4cpr,7.46,7.4023438
4yhq,8.77,8.375
1pzo,3.32,3.25
1hos,8.55,8.6015625
1ypj,7.02,7.0664062
4uye,8.02,7.828125
3npc,8.34,8.2109375
2gkl,5.35,5.5234375
2pyy,4.6,4.1054688
1fkg,8.0,7.6640625
3bvb,5.49,5.734375
3nu5,8.35,9.1640625
2olb,5.54,5.765625
1fzk,8.4,8.03125
4ban,8.61,8.6796875
4gql,9.59,9.0546875
1dhi,7.26,7.3984375
4o05,7.43,6.7539062
3o5x,5.28,5.1171875
2r23,3.72,3.7753906
1v0l,7.55,7.828125
2vvp,3.4,3.2011719
2nsj,4.79,4.5625
3aau,5.05,5.1132812
2rio,4.69,4.9804688
4yo8,10.52,10.765625
2j7d,7.13,6.5273438
4nxu,5.54,5.78125
1atl,6.28,6.0703125
1a9m,6.92,6.3203125
3s8l,5.64,5.0390625
4qxq,5.7,5.7460938
4ahs,2.19,2.3789062
3a2o,9.08,9.421875
3pcg,2.3,2.8632812
1kui,3.77,3.5019531
185l,3.54,3.3652344
4v01,8.11,7.421875
2f94,6.71,6.7460938
2x7t,6.63,7.2148438
3n35,3.37,3.7734375
4g0p,3.01,2.4550781
1fv0,5.93,5.8945312
2b9a,8.05,8.28125
2xmy,9.96,10.4921875
2pk5,10.7,10.9765625
4hw3,6.49,6.2460938
3ni5,7.55,7.03125
4m8y,9.96,9.5859375
4fxp,4.09,3.6425781
3pfp,6.44,6.3945312
3ivx,5.74,5.390625
2f7p,6.6,7.0898438
4iuo,3.64,3.7109375
3ocz,7.46,6.984375
2uwp,6.81,6.8320312
3ljz,8.14,7.8359375
3exe,6.96,7.9726562
4io6,4.82,4.6171875
1yfz,4.35,4.7929688
3f48,6.29,6.2304688
2oi0,7.55,8.0
3iob,3.42,3.3085938
4o09,7.7,7.2421875
3u5l,6.19,6.125
3ovn,2.55,2.2402344
3vha,7.4,7.0742188
3su3,9.13,9.25
2yaz,5.14,4.7617188
2p7z,6.58,6.5273438
2wzs,3.85,3.7324219
1sdu,10.07,9.90625
3cj5,6.34,6.5273438
3suw,4.7,5.0585938
1laf,7.85,7.9179688
3iss,6.05,5.9882812
4cga,6.4,6.7109375
4dsu,2.82,2.9609375
4gzx,3.19,3.0800781
2ot1,4.0,3.9375
1ajn,2.63,2.8339844
2vwn,8.0,7.703125
5cbs,5.41,5.2382812
4qj0,7.32,7.859375
4nra,4.19,3.9609375
4hdp,7.51,7.140625
1bxo,10.0,9.5625
1zdp,5.74,5.7773438
1b6h,7.82,7.5039062
2w47,4.98,4.8632812
4aje,3.68,4.1640625
3s8n,6.21,6.21875
4ndu,2.74,2.8359375
1tom,8.3,7.8554688
1bm7,7.52,7.359375
2gj5,8.32,8.03125
5aol,2.32,2.1328125
3gt9,3.96,3.8789062
4nh8,8.52,8.4765625
2fgv,6.12,5.90625
2r5p,8.48,8.71875
1n1m,5.7,6.0703125
3ckb,2.98,2.9277344
4c9x,7.32,6.9179688
4hym,8.22,8.4921875
2x8z,7.96,7.5898438
1gi4,7.19,6.9140625
3m35,7.22,6.6679688
3djq,2.98,2.6503906
1qaw,5.12,5.1640625
1hpx,11.26,11.953125
4ufk,3.89,4.3632812
2gst,6.07,5.2460938
3ozj,5.11,4.984375
3nxq,8.15,8.1796875
2e91,6.59,6.4492188
2ca8,4.66,4.7851562
3s71,8.64,9.0859375
3u7m,7.45,6.8984375
1aj7,3.87,3.546875
3iph,7.6,7.7617188
1izi,6.59,6.0976562
3eb1,4.79,4.8007812
2xb7,9.19,9.1875
2jg0,7.82,7.1679688
2psv,7.24,7.109375
3sjf,7.64,7.3007812
4o0a,6.72,6.7695312
1my4,6.98,6.4921875
3ip6,6.6,7.0898438
4dv8,9.24,8.515625
1b5i,7.05,7.0664062
2yi7,8.32,7.40625
1cgl,6.87,6.4765625
3ppm,9.54,9.2734375
4zzy,5.6,5.6757812
2yel,7.28,7.1835938
1add,6.74,6.5078125
4qew,7.07,6.453125
2vxn,5.0,4.7148438
4zo5,9.82,9.125
1m7d,6.23,5.9882812
3sio,8.0,7.5898438
1ype,8.1,7.8945312
1jys,3.52,3.2753906
3b25,6.07,5.6835938
3s78,6.47,5.9101562
2r2w,4.47,4.15625
3hb4,9.05,8.6484375
3ivc,4.12,3.6542969
4yth,8.7,8.09375
1jet,7.25,7.7421875
4ufj,4.28,4.8789062
1lol,6.39,5.7421875
5c2a,8.32,7.8867188
4nuc,6.04,5.5898438
1rmz,8.0,7.625
4q46,3.77,4.3789062
4r4c,5.54,5.5625
4isu,3.68,3.0136719
2g8r,3.99,3.8027344
4rra,4.87,5.1484375
3czv,7.8,7.5898438
2b07,6.43,5.8359375
1uw6,7.34,6.7539062
4rwj,8.7,8.6171875
5am7,7.19,6.7265625
3sr4,6.54,6.1875
4gu9,4.37,4.15625
4qgd,7.43,6.53125
2pu1,5.85,5.375
2vwm,7.03,6.8789062
3eqr,8.7,7.9179688
1ugp,2.89,2.7382812
3drg,7.0,6.4609375
1ua4,4.22,3.7109375
4q1w,11.7,10.078125
2vc7,3.36,3.3457031
2oiq,5.0,4.6210938
5er1,6.02,5.4101562
3bl0,6.92,6.6445312
1qkb,7.35,6.9335938
2wc4,5.29,5.5625
2h3e,5.7,4.9257812
1g2k,7.96,7.4414062
4cfl,5.88,5.5390625
2wzf,7.0,6.7695312
1j14,4.49,3.8007812
1xgi,4.85,4.3007812
1o2w,5.85,5.7148438
2za0,6.64,6.1328125
1g48,8.41,7.3554688
4re2,4.98,4.3359375
1flr,10.0,10.46875
4l2l,5.7,5.0976562
4ghi,7.09,6.7304688
1ssq,6.0,5.1992188
3l7a,4.33,4.0351562
1o5e,5.74,5.75
3gta,4.28,3.9804688
3w9k,6.32,6.09375
4i7p,3.5,2.9902344
3f5k,4.62,4.7460938
3c2o,3.35,2.9453125
2qrq,5.1,4.5976562
2qdt,5.19,4.7265625
3guz,4.38,4.4726562
4j44,5.73,5.0585938
4lm4,3.04,3.0195312
4k3n,7.96,7.5429688
2dri,6.89,7.3867188
1mrn,4.52,4.578125
4z6i,6.31,5.7304688
1s5z,3.21,2.7519531
3sxf,8.6,8.625
1y3p,4.82,4.515625
3s8x,7.3,7.0703125
4f6w,7.52,6.7226562
3u7s,8.43,7.8085938
3n4b,7.02,6.7539062
1uv6,5.12,4.1171875
4qlk,3.24,2.6367188
3gvu,8.0,7.2304688
1zs0,6.15,5.7382812
1yc4,6.55,6.4765625
1rpf,3.99,3.5957031
4cg9,6.21,6.1054688
4h85,5.15,4.9492188
3pe1,9.65,8.9921875
4btk,6.62,5.75
3bxe,5.48,4.8828125
4y8x,8.43,8.1640625
3efs,5.34,5.1367188
3rlb,9.92,9.6015625
4cwp,6.77,6.0859375
4gqp,9.6,9.90625
2qci,8.34,8.0703125
2i4u,11.57,10.84375
4f1l,5.12,4.8398438
4zek,5.66,5.2304688
2yi0,8.12,7.8867188
2rcb,6.79,6.3632812
3q6z,3.72,3.8125
1rd4,7.74,7.7382812
1qyg,6.85,6.3554688
3ggu,9.77,10.03125
4ymg,4.68,4.4960938
1f8b,5.4,4.4765625
1ndw,5.23,5.1835938
1zoe,7.4,7.359375
4b1j,7.3,7.2304688
1s39,7.7,6.9453125
4keq,3.82,3.7734375
4rd6,6.28,6.6289062
1o38,6.82,6.6328125
4aq6,4.8,4.9648438
2jjb,7.92,7.6484375
2il2,7.1,7.8046875
3kdc,9.28,9.203125
3ny3,4.71,4.4335938
3iww,7.96,8.296875
3rt4,8.8,8.5
3h1x,5.89,5.8242188
3sur,4.15,4.6054688
4kow,4.31,4.4492188
4r4t,6.26,6.1875
5a2i,5.06,4.9609375
4lkq,3.35,2.9804688
2fqt,6.14,5.9921875
1usk,6.4,6.3476562
1mh5,9.21,8.609375
2xjx,9.15,8.2578125
2y7p,5.47,5.6289062
1tsy,4.96,4.9023438
1ws1,9.55,9.40625
1fhd,6.82,6.8476562
4pmm,7.57,7.4960938
1lbf,7.85,7.4453125
1ndz,8.11,8.21875
5c5t,3.13,3.4726562
4l4z,5.68,5.3945312
1hp5,6.55,6.3242188
2fmb,8.7,8.6796875
2hmu,7.7,8.5625
3cz1,7.26,7.0820312
2q2a,7.41,7.984375
3muz,3.46,3.6875
1jn4,4.95,4.65625
3nyd,3.48,3.1835938
2zmm,7.6,8.0859375
4cd5,6.71,6.28125
4pzv,5.7,5.5039062
3gkz,8.0,7.1015625
3f15,8.1,8.359375
1fkn,8.8,9.1015625
4ucc,4.32,4.3867188
5e1s,7.92,8.2109375
1qbs,9.47,9.8359375
4qgi,3.9,3.8242188
3p3r,7.25,7.234375
4zbi,6.51,6.8710938
4cwn,5.59,5.5664062
2rk8,3.64,3.5625
4avj,7.44,7.7304688
3ebl,6.3,6.0507812
3hvk,8.52,8.34375
3wq5,3.85,4.0859375
3pd9,6.22,6.1757812
4n9c,3.9,3.8691406
4u6z,5.41,5.1210938
1e2k,4.94,5.140625
2qrl,4.0,3.953125
4y5d,5.92,5.6953125
1pot,5.49,5.1640625
4kxn,6.1,5.953125
2ydt,5.52,5.1289062
4ish,8.72,8.2421875
3iw5,6.08,6.3398438
1y3x,5.14,5.0273438
1h1s,8.22,7.7070312
3d1x,8.66,7.8710938
4lj8,5.82,5.5546875
1m4h,9.52,9.78125
3d2e,6.42,6.8554688
2p4s,9.51,9.203125
3a1e,2.66,2.4296875
1d7j,3.3,3.0273438
1nfy,8.89,9.3671875
1u0g,6.15,5.8867188
2o4k,10.46,10.09375
3iod,4.1,4.3476562
3st5,11.3,12.046875
2wm0,4.52,4.7226562
4zbf,7.13,7.6953125
4pin,5.4,5.4179688
4p5z,7.41,7.2070312
2fqy,6.57,6.671875
4ocq,4.61,4.109375
2qrm,4.03,4.15625
3gtc,2.35,2.3417969
2tmn,5.89,5.6914062
4q09,8.17,8.296875
2vvu,8.1,8.171875
2bo4,4.61,4.5898438
3pwk,3.35,3.3359375
3pe2,9.76,9.59375
1o2z,6.11,5.8046875
3ffp,7.14,7.5703125
4bf1,8.62,9.296875
3k5i,4.7,4.125
2v2q,4.15,4.046875
2ygf,5.09,4.7226562
3hzm,5.52,5.2460938
4n7u,6.29,6.5820312
1h4w,4.66,4.46875
3dp4,7.37,7.609375
3a1s,4.83,4.546875
2pu2,4.43,3.5996094
3nyx,7.49,7.7265625
3u7n,7.95,8.0703125
4rlu,4.82,4.9453125
2xjj,6.51,6.4921875
4e9u,5.82,5.59375
1mfa,5.04,4.9492188
3djv,4.55,4.4414062
4gfo,6.62,6.6914062
4xar,6.97,7.2460938
3ohi,4.85,4.4453125
4h81,5.12,5.3789062
5c8n,7.55,7.9882812
3wto,6.92,6.9882812
4xy8,6.4,6.53125
4jv6,6.66,6.8046875
3vx3,7.82,8.3515625
3r5t,8.58,8.890625
1hvi,10.92,11.1640625
3bgc,5.02,4.9765625
4emf,7.08,6.3515625
2w67,4.96,4.7421875
4qxr,6.0,5.828125
2oi2,6.3,6.4804688
1bjv,5.54,5.296875
1ec2,10.0,9.8046875
1d4l,8.77,8.9296875
3gx0,3.48,3.5644531
3dyo,2.3,2.5273438
4gii,8.74,8.4921875
3mna,7.39,7.0625
3n7h,4.5,4.1328125
3n2u,7.84,7.9257812
4o9w,7.16,7.328125
1cnx,7.37,7.890625
1hee,5.34,5.0742188
1rpj,6.48,6.4648438
4fut,6.51,7.3671875
4xu2,9.23,9.109375
4ezr,5.2,5.5078125
4cwo,5.21,4.5
3rz7,8.96,8.375
4x5r,7.85,7.1328125
2gz2,5.22,5.2265625
4j74,4.59,4.5117188
2gyi,7.0,7.2382812
3t01,4.48,4.5
3u90,4.62,4.625
3qxt,5.22,4.96875
4deu,5.64,5.1953125
4gbd,11.32,11.265625
3r24,5.25,5.3945312
3tz0,5.04,4.53125
4hws,9.1,8.5859375
3v5p,8.96,9.6328125
2yxj,9.3,8.65625
4dds,5.01,4.1328125
2xye,8.34,7.96875
2y7i,5.54,5.6328125
3oyq,7.99,7.7890625
2e5y,5.85,5.9140625
3t08,3.04,2.7382812
4fl2,3.66,3.9746094
2fxv,5.35,4.8710938
3pgl,5.3,5.6015625
2w7y,6.08,5.765625
1c87,4.2,3.3925781
3zc5,7.13,6.9765625
2j34,7.82,7.2226562
1tpw,3.3,3.1601562
4b33,3.37,3.3671875
3kyq,4.22,3.8164062
1h2k,2.92,2.7558594
3kdb,9.85,9.484375
1w9u,6.09,6.5507812
4few,5.21,5.5625
3kr4,7.6,7.3554688
1w3l,6.28,6.8164062
2r9x,4.85,4.5703125
1o3i,7.3,7.6328125
4jal,4.6,4.1054688
3p58,7.6,7.15625
4er2,9.3,10.15625
2wvz,4.02,4.0195312
4az5,5.99,5.8984375
2vwc,6.62,6.1523438
3b2q,4.55,4.2148438
1zhy,6.52,5.7695312
3hx3,8.0,7.4921875
2ptz,7.82,7.734375
3wzn,7.0,6.7695312
1dl7,6.49,6.3007812
1nhz,6.08,6.0820312
1fcy,8.52,8.484375
2h5a,5.1,5.1875
1ghy,8.1,7.8085938
5ahw,5.17,4.7421875
1sdv,8.74,8.6953125
3e12,5.99,6.3125
2f34,6.89,6.5039062
3znr,7.44,7.171875
4u73,5.18,5.046875
2vh6,9.7,9.671875
4yml,8.35,7.9882812
3rlp,7.08,6.734375
1d4h,10.0,9.875
1gi1,5.47,5.5507812
2rkg,8.09,8.078125
3gsm,6.48,6.2109375
3hp9,4.59,4.3125
4rqv,5.05,4.8046875
1gfy,5.08,5.1757812
2p7g,6.53,5.4804688
2ya8,5.75,5.3242188
1u1w,5.85,5.609375
1hpv,9.22,8.1328125
4llp,4.8,4.5703125
3dne,5.22,5.03125
1i9m,8.48,7.8203125
1j16,3.84,3.4355469
2wr8,5.44,5.21875
4nze,6.8,6.515625
4ko8,7.15,6.6367188
3o9a,10.7,10.6171875
4itp,7.27,7.3085938
1k1m,7.4,7.0859375
4asd,9.28,9.1171875
966c,7.64,7.4453125
2xab,9.27,9.625
1c88,5.29,4.921875
2ya7,3.14,3.3828125
3bft,6.49,6.15625
2j77,4.89,4.1484375
4cu8,4.47,4.5625
2qry,8.64,8.6015625
3si3,4.16,3.8652344
4nkt,5.97,4.4453125
2j4i,9.0,9.078125
4ly1,7.26,7.2929688
3rt8,6.35,5.9296875
2a5c,4.62,3.9121094
4ezz,5.19,4.9179688
3nik,3.45,3.0839844
1mrx,7.26,7.3164062
1r0p,8.0,7.15625
1xq0,6.34,6.4726562
2gv7,7.85,7.6992188
1bzy,8.34,7.7695312
4io4,4.61,4.59375
5cp9,3.51,3.6347656
1j01,6.47,6.4570312
3vf5,9.34,9.3359375
2wc3,6.08,6.0546875
2xy9,9.19,8.5078125
4qnb,6.59,6.4921875
1br6,3.22,3.3789062
3rm4,5.77,5.3789062
2j79,5.96,5.84375
2d1n,8.15,8.0
1fch,7.15,6.8710938
2vvc,8.52,8.3125
4qer,7.54,7.1367188
4ufm,3.72,3.8535156
1nfu,7.74,8.234375
1o2r,5.21,4.8203125
1g2l,7.24,6.8398438
2wf5,6.0,6.0390625
2qta,5.76,4.9960938
1xug,7.05,6.9375
3fee,6.64,6.4726562
1o2q,7.68,7.0
2yme,7.66,7.6367188
2zjw,7.7,7.921875
3zxz,8.4,7.6289062
5azf,4.44,4.3828125
4r59,7.96,7.46875
4xir,6.94,6.5625
4qf9,4.43,4.2578125
1v7a,8.01,8.296875
1v2u,3.37,3.4199219
2ya6,5.7,5.453125
3gi5,11.22,12.4140625
2ax9,9.52,8.875
4hj2,2.53,2.2734375
1d3d,9.09,9.0
1ew9,3.22,3.1113281
3tk2,4.62,4.5820312
3l4y,7.0,6.828125
1pkx,6.92,6.6132812
1nw7,5.09,4.5117188
4djq,10.32,9.59375
3sus,4.15,4.1210938
4mjo,6.22,6.3867188
3gy2,5.74,5.0546875
2b1i,6.82,6.5351562
4hpi,4.85,4.6210938
3mzc,6.65,6.8515625
3p8o,8.72,8.171875
4zow,4.12,4.0273438
1f5k,3.74,3.7988281
3mhc,7.96,7.7773438
1owe,6.2,5.9726562
2vk6,5.3,4.9335938
1nja,6.31,5.9375
4o61,4.3,3.5683594
3p9l,5.3,5.046875
1tq4,6.19,5.8007812
3zbx,8.22,7.796875
3v2p,6.36,6.2851562
1drj,7.4,7.5976562
1p57,4.4,4.4023438
2c92,5.68,5.4492188
3ip5,6.22,5.5234375
3t8v,6.59,5.9335938
4wr7,11.7,11.21875
3ao1,2.26,2.1835938
4ra1,5.94,5.8085938
1mjj,8.74,8.8515625
1g3e,5.38,4.78125
2bqv,8.05,8.453125
4pv5,6.54,6.3984375
4do5,5.83,6.3046875
2vqt,6.0,5.9726562
1d9i,9.11,8.5546875
3b67,8.85,8.25
2iw4,9.3,8.8828125
2am4,3.72,3.9394531
4mo4,4.22,3.9882812
4sga,7.3,6.7539062
3hky,7.1,6.7070312
4ab9,3.33,3.1308594
2p3b,8.48,8.5078125
3f3u,4.74,4.7851562
4ayp,6.12,5.5234375
4jh0,9.03,9.0703125
4cs9,2.1,2.3476562
1rp7,8.52,7.2304688
3cyz,7.22,7.1992188
4oc3,8.28,8.21875
1d6w,5.96,5.796875
5dgu,11.35,11.65625
3t85,7.95,7.5976562
3gjw,8.3,8.046875
2hah,8.0,8.1015625
2jiw,4.59,4.421875
4u5s,2.41,2.1054688
1pme,9.4,8.7890625
1pvn,9.82,9.015625
3hkn,5.35,4.5351562
5upj,7.12,7.0664062
7std,10.72,10.140625
3veh,4.96,4.59375
1v1m,3.94,4.1132812
2zdk,6.37,6.5664062
1g85,5.48,4.8242188
1wm1,6.3,6.0429688
4q83,4.19,3.984375
3uu1,5.2,5.4921875
1fh7,5.24,5.5351562
3su0,6.79,6.3867188
2ans,5.92,5.9140625
2p3c,7.62,6.7734375
4rpn,6.96,6.5585938
2haw,4.92,4.5859375
2xdx,6.46,5.953125
4hfp,7.38,6.53125
4hf4,8.62,8.6796875
2p09,6.35,6.359375
1zoh,7.0,6.984375
1fki,7.0,6.796875
3d83,8.36,8.25
4baq,9.01,8.59375
3nsn,7.19,7.3671875
2vh0,8.51,8.40625
4loi,6.77,6.4453125
4b9z,4.09,4.0429688
1lee,7.74,7.7265625
1n3z,4.2,4.4179688
1toj,3.39,3.2871094
4mc6,9.59,9.7578125
4ysl,5.8,6.1523438
3gk1,4.1,4.015625
4ibc,2.98,3.5566406
3f80,4.22,4.5390625
2v2h,3.77,3.859375
4qtl,6.92,7.8554688
1egh,5.7,6.2539062
2vzr,4.28,4.1796875
4ury,2.22,2.125
4je7,6.4,6.3398438
4pg9,7.8,8.359375
4ibi,4.14,4.515625
3s73,8.7,9.25
4ovh,4.85,5.2226562
3mfv,2.52,2.5898438
3arx,5.33,4.9179688
3lbz,3.86,4.078125
1ndy,6.17,6.5507812
1nli,3.59,3.8984375
3eko,6.7,7.4023438
3tzm,7.77,7.6289062
2wec,3.96,4.4375
3mi3,5.45,6.2695312
3k00,5.77,5.96875
2p53,7.46,7.5546875
1g7g,6.6,7.1445312
1moq,3.46,3.5117188
4k55,5.51,5.6992188
4r4o,5.82,6.2382812
3usx,5.02,5.78125
4dkp,5.72,6.09375
3m37,9.04,8.921875
2cle,3.55,3.5761719
4rqk,5.82,6.265625
1hk4,5.31,5.3476562
2qi7,10.21,10.3515625
1ghw,4.2,4.4335938
4ibk,4.3,4.2578125
3qbc,4.97,5.7304688
3dhv,2.96,3.5703125
4p5d,5.82,6.28125
3fuc,9.72,9.6796875
3ujc,4.59,4.9257812
3r4n,6.89,6.8476562
3v7x,8.57,8.0546875
4x8u,2.46,3.3925781
4ibe,4.15,4.2578125
4hwo,8.54,8.5234375
3zt3,2.86,3.0449219
4aoi,8.4,8.9609375
4lm0,3.25,3.2636719
2cf9,7.82,7.8359375
4cj4,3.36,3.1835938
3lvw,2.67,3.0683594
2q7y,4.3,4.9140625
1b9j,5.96,6.2421875
3cd0,7.57,8.234375
4czs,5.0,5.2617188
2zfp,5.17,5.359375
2nta,4.8,4.5664062
1s19,9.51,10.4765625
2bys,9.52,9.8046875
1e1x,5.89,6.6914062
3ikg,7.24,6.9492188
2nn7,6.52,6.7421875
2g71,7.46,7.4140625
4yrd,4.57,4.8398438
4z6h,6.21,6.53125
3fk1,2.62,2.7949219
4jzi,7.4,7.0976562
5c3p,4.46,4.84375
1b38,6.6,6.0820312
4p6c,4.0,3.8574219
4zb8,6.03,6.6484375
4nnr,7.26,7.9257812
3g5k,9.52,10.453125
2oax,8.65,9.21875
1wdn,6.3,6.9765625
4o0y,7.22,7.90625
1dar,4.96,5.2929688
1qbt,10.62,10.703125
2jdu,6.72,7.140625
1lkk,6.85,7.0
3fjz,4.05,4.1210938
3mjl,2.44,2.9335938
1w4q,5.26,5.3867188
2i0a,11.4,10.828125
3acl,6.22,6.5820312
2xn5,6.69,7.2773438
3t70,6.3,6.8125
4cl6,5.39,5.9609375
4qfn,4.12,3.9472656
4xas,6.59,6.3203125
3hfb,7.52,7.7109375
4gr8,7.83,8.3828125
4l9i,4.89,4.8242188
4ymb,6.21,7.0429688
1hsl,7.19,7.9375
3ctt,6.35,6.6796875
3bl1,5.6,5.453125
1kuk,3.91,4.3085938
1b5h,6.01,6.59375
4tkj,6.04,5.7460938
3lzz,3.84,4.296875
3m3e,4.43,4.34375
4ljh,4.71,5.2773438
1a1e,6.0,5.6015625
3c52,7.3,7.140625
3q6w,7.57,7.5273438
1gai,8.0,7.8867188
4kz7,2.49,2.6289062
2x96,4.03,5.171875
1f5l,5.28,6.1835938
3t0x,8.0,8.546875
3u3u,6.88,6.5859375
4kz4,4.15,3.8222656
4wkp,9.55,10.4765625
4x6m,8.24,8.21875
1onz,5.1,5.3007812
3hzk,6.7,7.1796875
3suu,8.52,8.8046875
4mrg,2.96,2.9550781
1gwv,2.57,2.4277344
4gny,4.22,4.1210938
2v8w,6.82,6.6054688
2d3u,6.92,6.8710938
4oag,6.3,6.9296875
4z93,7.35,7.3085938
4bcm,6.91,6.6054688
3iof,5.22,5.015625
4loy,8.09,7.7773438
4ynb,10.37,10.1171875
7upj,8.49,8.5234375
2wly,6.6,6.328125
3cj2,4.85,4.6601562
3u6h,9.0,8.953125
3b3s,2.55,2.2460938
4kwg,6.0,5.4296875
2avs,7.57,7.4609375
2bvd,6.0,5.75
4mr3,5.94,5.8398438
4bqg,6.22,5.9453125
4omk,4.4,4.4257812
2qwf,5.67,5.8984375
5acy,8.19,8.6796875
2g70,7.77,7.7539062
2wzm,5.22,4.9726562
1e4h,8.41,8.890625
4att,6.98,7.2773438
4xiq,7.07,6.4179688
4rhx,5.8,6.0234375
1ec3,9.04,9.453125
1b0h,6.7,6.375
2z94,5.85,5.96875
3bxf,5.54,5.484375
3rz5,7.89,7.6445312
4lkk,5.92,5.9804688
4riv,7.0,7.1132812
4oak,4.22,4.4882812
3ao2,3.77,3.4140625
2zym,6.14,5.9179688
3hcm,3.3,3.2050781
2bfq,6.89,7.234375
1b05,7.12,7.5351562
4uac,6.54,6.5429688
2pvm,6.44,6.640625
4ly9,8.15,7.8320312
2fqw,6.68,6.703125
2tpi,4.31,4.3828125
1nje,3.8,3.6171875
1ql9,5.35,5.3828125
4u43,4.32,4.1367188
3upv,5.3,4.9765625
2xjg,7.82,7.3789062
4p3h,6.0,6.2460938
2xxx,6.41,6.3164062
4f0c,6.27,5.484375
3own,7.47,7.1289062
3c8a,6.18,5.8320312
2baj,8.4,8.03125
1afk,6.62,6.6835938
3wtn,7.04,7.2265625
4elg,8.16,7.9726562
3m3z,5.73,5.7929688
1c1v,7.64,7.7148438
5efc,4.85,3.9023438
5dqe,3.63,3.21875
2qmg,9.15,9.390625
2isw,7.43,7.8320312
1w7g,5.1,4.9453125
1mes,7.7,8.1875
1fzo,7.89,7.5585938
4q4o,7.46,7.5429688
4hy1,8.7,8.8203125
4io7,3.68,4.15625
3zps,8.3,8.21875
4ibf,4.43,4.328125
2bak,7.43,7.3398438
1g30,6.85,6.8828125
4c1t,7.15,7.0390625
3iw6,5.48,5.5273438
1x8j,6.96,6.5507812
2p2a,6.12,5.8710938
4n3l,7.0,6.703125
2r75,6.15,6.2929688
3nu4,8.82,8.921875
2i80,5.4,5.390625
2euk,6.6,5.9765625
3ebo,4.72,4.9960938
3pju,4.88,4.7929688
4ipi,5.32,5.1015625
3tao,5.14,4.8828125
1x39,9.22,9.2578125
3s75,6.82,6.46875
3v7t,7.21,7.0429688
1a28,8.29,8.0859375
4eo6,8.7,9.75
4qdk,5.85,5.6171875
3lp7,5.44,5.6523438
4tmk,7.7,8.1015625
3s0d,7.05,7.390625
3obu,4.3,3.84375
2nsl,4.68,4.34375
4eoh,4.3,4.1015625
3u7k,7.07,7.1835938
3k4d,5.11,4.7304688
2uyq,5.68,5.5234375
3oy0,8.0,6.5585938
4zec,5.82,5.4648438
4l51,3.0,2.9121094
1v2n,5.9,6.3125
2hb3,11.35,10.8125
1bju,4.8,4.984375
4kfq,8.23,8.5859375
4q87,4.85,5.1132812
4k7o,4.3,3.4511719
3m8u,4.89,4.8398438
4b3b,3.6,3.203125
2e92,6.89,7.0
2wyj,9.0,9.5390625
2qfu,4.18,4.0039062
1om1,6.77,6.1992188
1ocq,5.19,4.890625
1v2w,4.01,4.1367188
1ebw,9.05,8.546875
3zll,6.4,6.7226562
1lzq,8.39,8.1328125
2xxr,6.55,6.6640625
3uod,7.31,7.1953125
4w9f,5.49,4.984375
2pnc,3.33,3.2773438
5efa,4.83,5.1054688
4fys,4.82,5.3828125
3f7g,7.37,7.6601562
1np0,3.57,3.8359375
4ad3,4.62,4.9453125
4c2v,9.0,8.8125
3ery,5.66,5.7578125
4gzw,4.52,4.5390625
2xyd,6.82,6.4726562
4muv,5.76,5.6914062
4o6w,8.52,9.2421875
2j2u,7.33,7.2304688
3u92,7.48,7.1875
3l6h,5.4,5.4179688
1b4z,5.23,6.0703125
1hii,7.28,7.359375
4csd,5.91,5.9648438
3f33,3.34,3.5917969
4wa9,8.42,7.5742188
5std,10.49,10.703125
3gi6,11.22,11.0234375
2ewa,7.94,8.3359375
3d8y,3.4,3.1308594
4iif,5.18,5.2929688
2pyi,3.75,3.9667969
4yes,8.02,8.34375
1zpa,8.4,8.875
3sk2,3.61,3.3769531
1jq8,6.0,6.4140625
1hps,9.22,8.28125
4mnp,7.34,5.9023438
3n7o,7.14,7.0429688
4ks1,8.82,8.578125
4jwk,8.32,7.9492188
1jaq,4.48,4.5546875
2hw2,2.97,3.3710938
2f9k,7.07,7.0546875
3su5,5.58,6.171875
2on6,6.76,7.0390625
1n46,10.52,10.1328125
4fm7,7.24,6.7070312
4azc,5.86,6.03125
3evd,6.91,7.3632812
4daf,7.12,7.1210938
2y80,8.05,8.1640625
4rj8,7.77,7.671875
3ttm,8.52,9.1875
4mn3,5.75,5.8710938
3rv8,4.92,4.8710938
2wyf,4.43,4.65625
2bpv,7.67,7.3554688
3b4p,5.4,5.625
2x91,6.74,6.7539062
1utj,3.84,3.6328125
2i6b,7.17,7.34375
2cbu,5.68,5.3320312
1c3e,6.59,6.0820312
1i1e,5.03,5.5039062
2cgr,7.28,7.2578125
3c88,6.8,6.2382812
3v2n,6.1,6.3242188
4x48,6.77,6.9921875
1afl,6.28,6.703125
4q9o,5.77,6.5625
4fnn,7.57,7.7421875
4xt2,7.15,7.2265625
3d0e,8.4,8.421875
1i9l,8.48,8.9921875
3ipu,7.32,7.4570312
3ml2,8.05,8.5234375
4bam,8.94,9.296875
3hvi,8.3,7.9960938
3t83,6.98,6.5585938
3c89,6.07,5.7851562
3qlm,6.37,6.15625
4lxz,6.74,6.4921875
2bet,2.77,2.8066406
1w5y,8.48,8.265625
3l59,3.7,3.9785156
4qfp,4.23,4.3554688
4i9h,7.17,5.9296875
2p3a,7.96,7.5898438
1loq,3.7,4.3945312
3d91,9.15,9.1640625
2nmx,5.57,5.3554688
4fzj,3.15,2.8554688
2avo,8.85,9.46875
3f1a,7.21,6.8085938
2pwd,4.4,4.8945312
1ec0,8.49,7.765625
3ioc,3.68,3.4726562
1xjd,9.48,8.9921875
1dy4,4.36,4.5195312
3e85,5.38,5.0
3g30,2.51,2.4589844
5cbr,5.74,5.9765625
2eum,6.7,6.7148438
3ibl,7.84,7.2929688
1d2e,6.0,6.2421875
2pmk,5.92,5.4414062
4i72,9.05,8.875
1gj6,7.0,6.8398438
3rlq,7.4,7.6054688
4ksy,8.42,8.296875
1m2p,6.11,5.9609375
1oau,7.7,7.5390625
2qtg,5.08,5.2578125
4j48,5.62,6.140625
3rf4,6.25,5.8242188
2jdk,6.54,6.6523438
4je8,5.21,5.1328125
4cwr,8.3,8.53125
3gba,9.07,8.625
4ih3,4.82,4.7851562
4ejl,5.14,5.3632812
3k4q,5.34,5.1640625
3i5z,8.7,8.40625
3zdv,5.48,5.3046875
4o0x,7.17,6.7265625
4fsl,7.7,7.5546875
4jz1,6.7,6.7421875
2uy4,4.68,4.3984375
3slz,6.99,6.703125
4q99,6.28,6.234375
3qkd,8.38,8.4609375
3d6p,3.75,4.2226562
1k1y,3.22,2.8476562
3fzn,4.01,4.453125
2pyn,7.57,7.25
3bex,5.57,5.4101562
2e27,9.35,9.3046875
3ekx,9.41,9.828125
3cf8,4.9,4.9296875
1zfq,7.52,7.0664062
4k4j,6.12,6.3867188
3zi8,5.66,5.8320312
2vba,4.6,4.859375
2vrj,6.3,6.53125
1lke,7.52,6.8359375
3s54,9.64,9.84375
2xht,5.96,5.21875
4q4s,6.95,6.4648438
2ov4,4.74,5.296875
3v4t,4.11,4.2890625
3imc,2.96,2.9355469
2q8h,3.0,3.0097656
1msm,10.48,10.1796875
3s9t,6.82,6.4414062
1k27,9.0,9.75
4bzs,7.12,7.0664062
4idn,5.24,5.8085938
3hvj,8.7,8.5859375
4ll3,11.57,10.4453125
3vf7,9.1,9.0
2y8c,6.4,6.4023438
2evl,6.7,6.75
2qi3,10.2,10.5546875
3h78,4.24,4.4921875
4ufh,6.42,6.0585938
1m5w,4.27,4.1445312
1od8,5.1,4.3945312
1f74,3.05,2.9570312
3gcp,7.82,7.484375
2h21,6.54,6.7460938
1uj5,3.05,2.7402344
1jqy,4.92,4.6484375
1cps,6.66,6.671875
3ao5,2.23,2.5195312
1bq4,5.22,5.625
4qev,7.66,7.8242188
1hlk,5.0,4.7539062
4av5,7.21,7.4804688
4km2,5.84,5.5117188
1o1s,7.31,7.5273438
3mdz,9.1,9.203125
3a9i,4.15,4.7851562
2nt7,6.52,6.9023438
4bcp,6.25,5.671875
4br3,5.72,5.6054688
1pph,5.92,5.7265625
2rin,4.0,4.03125
3t3c,10.23,9.65625
3kjd,8.54,8.515625
3p3t,7.24,7.59375
4ymh,6.46,6.4726562
2yek,7.21,7.2539062
3wgg,4.4,5.53125
2v3u,3.0,3.2675781
1a9q,6.17,6.3554688
4oiv,5.08,5.5234375
2usn,6.51,6.9570312
2cht,5.52,5.640625
3jrs,4.28,4.1210938
2vnp,9.92,9.6796875
3fj7,3.71,3.9902344
2c3l,5.07,4.9570312
1hmr,6.55,6.2265625
2r3t,5.85,5.9882812
3ip8,2.28,2.2558594
3drf,7.0,6.7421875
1apv,9.0,8.8359375
2zz1,4.54,5.1835938
1uz8,4.96,4.9414062
4q3u,6.44,6.953125
3lmk,5.94,5.5742188
3v78,5.54,5.3398438
1q7a,7.19,7.671875
4dko,6.52,5.8554688
2xm1,5.07,4.8125
2qfo,4.7,4.6015625
3fwv,5.64,5.6953125
4kmz,8.57,9.28125
1v48,7.8,7.75
4qjo,7.4,6.59375
3kdm,7.0,7.3710938
4gr3,7.81,7.8632812
1uwu,5.98,5.421875
3oyw,4.11,3.9765625
2c80,5.33,5.1875
1ft7,5.18,5.625
2zft,6.52,6.8007812
4i8x,2.64,2.7988281
4qf8,7.51,7.9335938
1jlr,3.33,3.3964844
4ruz,7.64,7.5390625
3ps1,10.17,9.8046875
3djx,2.81,2.8730469
2w8j,2.96,3.4863281
2aoc,4.89,5.171875
1e3g,9.0,9.09375
4ty6,7.52,8.125
3ljo,6.62,6.4179688
4cws,7.92,8.546875
1a8i,5.52,5.6054688
2vk2,6.89,6.6445312
3uz5,7.22,7.7109375
4u1b,5.31,5.546875
1hi5,4.04,4.1953125
1ecq,3.0,3.1152344
4n6g,5.47,4.9648438
5aoj,4.68,4.875
4unp,3.23,3.5957031
3wha,9.32,9.5859375
2yix,8.48,8.6640625
4b74,7.66,8.25
4i3z,4.29,4.5507812
4mo8,8.0,9.1015625
6std,8.64,8.4609375
1nfx,8.52,9.0
1o5r,8.12,8.5546875
4yik,6.89,7.3007812
3lzs,10.96,11.078125
1tmn,7.3,7.9101562
1sh9,6.03,5.78125
1bnu,9.7,9.84375
1str,4.77,4.6484375
3g34,2.96,3.390625
2b1i,6.82,6.734375
1h0a,5.44,5.1992188
4yes,8.02,7.8515625
3kgt,5.51,5.984375
3b7j,5.17,5.1757812
4zvi,6.33,6.5039062
4ufm,3.72,3.2304688
4cd0,9.7,9.765625
4trc,4.52,4.4804688
1g3d,5.55,5.609375
2vyt,2.74,2.8886719
4ibj,4.33,4.2539062
4qfn,4.12,4.6054688
2v2q,4.15,4.3398438
4ap7,7.96,8.296875
1laf,7.85,7.953125
2qg2,5.4,5.6484375
1thz,5.15,5.3671875
3fvn,6.77,7.0078125
2jgs,6.62,6.2421875
4poj,8.1,7.8085938
4lxz,6.74,7.1992188
4qtl,6.92,7.28125
4bks,3.82,4.0234375
2fqt,6.14,6.421875
1k9s,6.52,6.5390625
1usn,7.74,7.7109375
1ecv,4.85,4.875
1gvx,7.22,7.40625
3oyw,4.11,4.2695312
5cs3,2.15,2.2070312
1stc,8.1,7.9726562
4xtv,9.27,8.65625
2yln,7.68,7.3242188
4gny,4.22,4.4023438
4d1j,6.31,6.359375
4few,5.21,5.0234375
3l3l,7.48,7.7851562
3r24,5.25,5.5742188
2doo,7.17,7.2578125
3rux,9.28,9.5234375
2fzg,3.38,3.6914062
1o5a,6.42,6.6289062
2pql,7.28,7.671875
3nsn,7.19,7.1054688
3old,5.9,6.2539062
1ypg,8.0,8.4765625
4crf,9.3,9.40625
1fv0,5.93,5.8359375
3jzg,4.4,4.5039062
2vxn,5.0,5.3867188
1jak,5.57,5.5546875
3rt4,8.8,8.1328125
3u92,7.48,7.8164062
2bys,9.52,8.90625
4lov,7.77,7.5078125
4fsl,7.7,7.40625
2q2a,7.41,7.6875
1nki,6.7,6.5390625
1j01,6.47,5.96875
3v2p,6.36,6.453125
3cfn,5.0,5.4765625
3kv2,7.32,7.3515625
2nn7,6.52,6.9648438
3gi6,11.22,11.8203125
3s0d,7.05,7.296875
1qxl,7.96,8.328125
4wa9,8.42,8.40625
2wzf,7.0,7.3828125
4io4,4.61,4.53125
3u5l,6.19,6.2421875
1d09,7.57,7.0273438
1xr9,7.15,7.3046875
2p7g,6.53,6.75
4cjq,3.59,3.6210938
3b5j,5.68,5.5703125
4ghi,7.09,6.8320312
2x09,3.76,4.1445312
4d8z,6.29,6.4023438
3f37,2.62,2.8203125
4c52,5.68,6.03125
2rkf,9.08,8.4765625
3p3r,7.25,7.34375
3djo,4.39,4.9453125
4tt2,4.66,4.8789062
4b73,7.21,7.3359375
1w13,8.7,8.4765625
1d4p,6.3,6.0625
2qw1,3.9,4.2695312
2zxg,8.82,8.6484375
3fql,7.15,7.4335938
3c79,7.2,6.8789062
4f3k,10.16,10.09375
1rr6,10.25,9.890625
3uyr,6.9,7.0351562
4epy,3.47,3.875
3ggu,9.77,9.6875
3l6h,5.4,5.9648438
2vh0,8.51,8.6171875
2vmc,2.94,3.4628906
4ocq,4.61,4.671875
4x5y,8.03,8.046875
3m3o,3.6,3.5351562
5am6,6.73,6.890625
1m0b,8.82,8.75
2p3a,7.96,7.84375
4km2,5.84,5.5703125
4x8o,6.6,6.4726562
2qhz,7.28,7.5742188
5aol,2.32,2.5625
4i54,6.96,6.6914062
4in9,4.97,4.8320312
2fle,7.85,8.9453125
3v3q,6.6,6.328125
1b6l,8.3,8.234375
4hdb,8.05,8.5390625
1ucn,5.22,5.078125
4zb8,6.03,5.8476562
3d0e,8.4,9.1015625
3lc3,5.23,5.8125
1jlr,3.33,3.3789062
3t08,3.04,3.1855469
4mn3,5.75,5.5234375
4cg8,6.96,6.734375
1x8t,7.8,7.0703125
2pvu,6.31,6.7070312
4ht2,6.54,6.3476562
4zyf,8.64,8.6328125
4ad2,6.2,6.8046875
4zx1,6.14,6.15625
5fl4,7.0,7.3945312
1i9l,8.48,9.2265625
1o3j,6.77,7.4335938
2wvz,4.02,4.8789062
2wos,3.9,4.1210938
3mna,7.39,7.5039062
4czs,5.0,5.3789062
2qfo,4.7,4.8476562
2vvv,8.22,7.6796875
3a5y,7.96,8.0390625
1w0z,7.68,7.9296875
2ydw,7.34,7.3085938
2bet,2.77,3.4042969
1ft7,5.18,5.8046875
3pwk,3.35,3.5429688
4det,5.68,5.6640625
5dq8,4.14,4.171875
4bi7,4.58,5.5742188
1bq4,5.22,5.4882812
4llp,4.8,4.9921875
1msm,10.48,11.1171875
4m14,6.7,6.8125
3a9i,4.15,4.671875
4cst,8.89,9.21875
3l7c,2.44,3.2890625
1gjd,5.22,5.578125
2aoc,4.89,4.8828125
3r4m,5.92,6.1953125
4u71,5.22,5.9960938
3a6t,7.28,7.9921875
1ogx,6.09,6.6289062
1w5y,8.48,8.6484375
1lbk,3.18,3.5742188
2qrl,4.0,3.5
1sv3,4.35,5.2304688
1tys,5.49,6.1914062
3s71,8.64,10.015625
3p8n,9.28,9.4609375
4deu,5.64,6.046875
3qfy,6.12,5.6484375
4b5w,3.33,3.6464844
2x4z,8.57,8.90625
2glp,5.01,5.1445312
3vfb,9.04,8.875
1v2t,4.71,4.734375
4e7r,7.7,8.21875
3tfn,6.57,6.3476562
4u5n,2.48,2.7871094
4qsv,2.0,2.1308594
4rww,5.85,5.734375
3gk1,4.1,4.5898438
2vmf,5.85,6.2929688
4o09,7.7,7.75
4bi6,3.95,4.4179688
3a1s,4.83,5.2460938
3n2p,7.82,7.4648438
4ad3,4.62,4.796875
3hv8,6.98,7.1601562
1yds,5.92,5.9921875
2gl0,4.82,5.1484375
1hii,7.28,7.9101562
4bc5,4.6,4.21875
1uj6,3.05,3.5507812
3s8l,5.64,5.4609375
4g8m,7.89,8.0625
2wuf,4.29,4.796875
3u15,7.11,7.0546875
3f34,3.16,3.3574219
2o4k,10.46,10.65625
1bn4,9.31,10.421875
1hnn,6.24,6.4179688
3q7q,5.65,6.03125
4aje,3.68,3.8671875
4qjm,8.17,9.3984375
1oau,7.7,7.9296875
4fut,6.51,7.3671875
3l3m,8.22,7.9414062
4cjr,3.1,3.3417969
2wej,6.08,5.8867188
3okv,6.23,6.9335938
2qbw,7.25,7.7929688
1kyv,5.92,6.0234375
4tkb,5.59,5.4921875
1ec3,9.04,8.9609375
3u7l,7.28,7.6210938
2wzs,3.85,4.2695312
4p3h,6.0,6.3046875
4jn2,11.68,10.9921875
2p7z,6.58,7.3671875
1v2l,4.29,4.359375
1hvl,9.95,9.828125
4zme,4.3,4.765625
1lpk,7.55,7.7070312
2ojj,8.7,9.1953125
1jyq,8.7,8.0234375
4kz4,4.15,4.7304688
1kpm,5.8,6.5195312
2wqp,5.51,6.1914062
4pox,5.43,5.8085938
3dri,4.42,4.9804688
4cwt,6.75,6.8867188
3p4v,5.1,5.53125
4ufk,3.89,4.4140625
4rd6,6.28,7.140625
4b9k,6.17,5.9921875
4a7i,8.7,8.515625
1fh8,6.89,6.7929688
1uw6,7.34,7.7773438
1a4r,6.66,7.7578125
4azi,7.45,7.234375
3sut,7.85,7.9414062
3cl0,7.07,7.421875
2hxm,5.22,5.7734375
1w7g,5.1,5.3984375
4i5c,8.82,8.96875
3a1c,4.0,4.6445312
4q1x,11.15,11.3125
4mr6,6.6,7.125
3jrs,4.28,4.9296875
3n0n,7.3,8.0703125
4i8x,2.64,3.0800781
4r3w,3.0,4.1210938
2wl0,7.8,8.296875
1fcz,9.22,8.78125
5er1,6.02,6.5429688
3ekt,10.59,10.2421875
3hzv,6.52,5.8007812
4dju,5.44,5.2539062
1eld,6.7,6.5273438
4k55,5.51,5.6757812
3d8y,3.4,3.4160156
1afk,6.62,6.3867188
3mzc,6.65,6.3710938
4y2q,2.92,2.8242188
1zc9,3.22,3.1640625
3pwd,6.66,6.390625
3ewj,6.84,6.6484375
1bju,4.8,5.0078125
4z83,7.4,7.7773438
2rke,4.08,4.0703125
1gjc,6.35,6.3554688
3hzm,5.52,4.9023438
1szd,4.54,4.7304688
3fvk,8.82,8.3515625
2a8g,3.69,3.7382812
1jq8,6.0,5.8789062
3o9a,10.7,10.421875
4h85,5.15,5.5117188
4io6,4.82,5.015625
3ove,6.57,5.9570312
4kax,4.77,4.6875
4gr3,7.81,7.5390625
4e4n,9.05,8.34375
2zpk,7.76,7.3125
2on6,6.76,7.0976562
3t3u,8.6,8.890625
1ro6,6.46,6.1054688
1lag,6.3,5.7929688
1hp5,6.55,6.5351562
2gkl,5.35,4.8789062
4b7j,7.95,7.6523438
1d4k,9.22,9.0234375
2olb,5.54,5.3203125
3wjw,3.87,3.7304688
3pju,4.88,4.8710938
1ql9,5.35,5.4140625
4cd1,4.89,4.6835938
4bcn,7.92,7.4335938
4n6z,7.8,7.7421875
2uy4,4.68,4.640625
2ya6,5.7,5.3398438
3obq,3.54,3.1308594
4b74,7.66,8.03125
3nu3,9.82,9.046875
4b35,2.89,2.8339844
4mo8,8.0,8.171875
3ijh,4.0,4.1015625
3f1a,7.21,7.28125
1my4,6.98,7.0820312
4jz1,6.7,6.953125
3pck,6.7,7.2148438
4ymq,5.8,6.3242188
5acy,8.19,8.25
2qpq,6.37,6.7851562
3fuz,6.54,6.578125
3ffp,7.14,6.7070312
4kz7,2.49,2.5917969
1o2w,5.85,5.9101562
1v2j,3.25,3.484375
1nz7,7.12,7.3046875
4ipi,5.32,5.2226562
1mfi,5.59,5.4921875
1hxw,10.82,10.6171875
4c1t,7.15,6.96875
3m1k,5.39,5.921875
1kdk,9.05,8.984375
1h2k,2.92,2.8359375
3gdt,7.19,7.171875
1qb1,6.77,6.2109375
4abd,4.4,4.5234375
2ihq,8.49,8.5
1lkl,5.81,5.8789062
1h2t,7.89,8.1953125
2hf8,5.47,5.4765625
4ibe,4.15,4.453125
3vjc,7.72,8.2265625
2xj2,7.18,7.1796875
1s5z,3.21,3.3886719
4d3h,6.43,6.5117188
1ii5,6.62,6.0742188
1ppl,8.55,8.078125
3hu3,6.89,6.4726562
4ww6,10.21,10.359375
1gai,8.0,8.171875
3vw1,4.67,4.6992188
2aod,5.66,5.7109375
2erz,5.66,5.7304688
3uxd,4.41,4.5625
1oth,7.0,7.7695312
1rtf,3.04,3.8144531
1elb,7.15,7.1445312
1jcx,5.15,5.296875
1gj6,7.0,7.28125
4u1b,5.31,5.2578125
1jmf,5.77,6.3320312
3dk1,9.74,9.5234375
2nmx,5.57,5.9140625
3kyq,4.22,4.671875
4alx,7.28,7.0664062
1rmz,8.0,8.25
3hzk,6.7,6.2929688
3gus,6.05,6.2109375
3c84,7.85,7.5234375
1nja,6.31,6.2421875
4l6t,7.49,7.4375
1mrs,3.96,4.3554688
5byi,7.51,7.1445312
3k97,8.0,7.1914062
4gih,8.32,8.6796875
2uz9,5.71,5.3125
4na9,7.39,7.3789062
1c5t,4.1,4.0234375
2hoc,9.52,10.0859375
4dy6,4.4,4.4492188
2v77,5.06,4.8710938
1li2,4.04,3.6972656
3s0e,6.55,6.6875
4nnr,7.26,7.9140625
4gqp,9.6,9.8046875
1fkw,5.05,4.8359375
4b34,3.14,2.8925781
1k1n,6.82,6.6914062
1i9m,8.48,8.5234375
1zs0,6.15,6.484375
1nli,3.59,3.3125
4ufi,6.2,5.6523438
2wyg,8.7,8.0625
1lnm,8.7,9.578125
4nxu,5.54,5.234375
1moq,3.46,3.9394531
1jys,3.52,3.4277344
1x8j,6.96,6.9257812
3bgb,6.05,6.2304688
4g0z,2.21,2.2597656
1e1x,5.89,5.9257812
3gta,4.28,4.2382812
1b40,7.28,7.0976562
1nfy,8.89,8.859375
4oag,6.3,6.6757812
3ryx,8.14,8.7421875
4ara,6.05,6.2617188
2zdl,6.4,7.1289062
3r0y,4.84,4.5
2qm9,7.77,8.875
3da9,5.51,6.296875
1f57,5.64,5.953125
4lm0,3.25,3.375
4qdk,5.85,5.6523438
2ca8,4.66,4.5546875
3qdd,8.77,8.8515625
1sqo,7.46,7.296875
2usn,6.51,6.9296875
3ryy,7.42,7.3671875
1upf,4.6,4.7148438
2qwd,4.85,5.3671875
3g2i,4.86,4.4648438
2uy5,5.49,5.4570312
4qiy,7.3,7.6835938
3ffg,9.08,8.875
1fkg,8.0,8.7109375
4n9c,3.9,3.9550781
4gah,6.1,6.4765625
1iih,2.89,3.0605469
1alw,6.52,6.5664062
2zx8,9.64,9.609375
4mr3,5.94,6.3710938
2x91,6.74,7.6914062
2x95,4.95,5.5195312
4fl1,3.28,4.0625
4q99,6.28,6.1132812
3npc,8.34,7.9960938
3rz0,7.55,7.1914062
4jym,5.04,4.6601562
2gst,6.07,5.65625
3m6r,7.49,7.65625
4umc,3.44,3.7597656
4h7q,5.06,5.2890625
4uoh,4.77,4.6992188
2xn5,6.69,6.8945312
3ujb,5.1,5.21875
5fl5,8.19,9.25
3b25,6.07,5.9609375
4cwf,4.49,4.0507812
4b33,3.37,3.8320312
2q88,5.8,5.6210938
1dl7,6.49,6.640625
3o8p,6.46,7.0625
1xh5,5.47,5.453125
4elh,8.09,8.5625
1ws1,9.55,10.375
1hos,8.55,8.9765625
4oiv,5.08,5.0859375
3t70,6.3,6.1679688
3zi0,7.4,7.7460938
4llk,3.0,3.53125
3pn1,6.96,7.2890625
2xy9,9.19,9.2265625
2pmk,5.92,5.9453125
3rm4,5.77,5.8476562
4ty6,7.52,7.5117188
2jh6,7.77,8.5390625
3gpo,5.3,4.875
3mam,4.12,4.1992188
4ual,8.4,8.3828125
3n9r,7.15,6.765625
2q7q,5.3,4.953125
4qlk,3.24,3.0546875
2fx6,3.7,3.8925781
4aci,2.22,2.5058594
4lkk,5.92,6.234375
3ery,5.66,5.6953125
4b3b,3.6,3.5332031
2vsl,8.4,9.25
4o05,7.43,7.8203125
3qx8,2.86,3.3847656
1nw4,9.07,9.2265625
1zvx,9.22,9.0234375
1i5r,8.52,8.1875
3hx3,8.0,7.7421875
1owe,6.2,5.9804688
1gar,10.0,9.796875
1e1v,4.92,5.0078125
1u0g,6.15,5.8984375
1h46,3.57,3.9179688
5cap,7.28,7.6523438
1ppi,5.01,4.6679688
1b6h,7.82,7.7460938
4lk7,5.04,4.9921875
1sh9,6.03,5.9023438
2psv,7.24,7.4609375
3wqm,6.25,5.8203125
4zec,5.82,6.0429688
4q4p,6.39,7.03125
2xog,3.43,3.7167969
5dit,6.15,6.2773438
1fq5,8.4,8.390625
4og3,6.55,6.8359375
2dri,6.89,6.9179688
1lvu,5.32,5.6523438
4u6z,5.41,5.3476562
2vw2,3.3,3.5078125
1tq4,6.19,6.5859375
1b5j,7.43,6.8984375
2fmb,8.7,9.359375
4yc0,4.13,4.0742188
2i2b,2.44,2.5664062
2b4l,4.77,4.5820312
1g7v,6.4,7.2539062
2wc4,5.29,5.1328125
1njd,5.57,6.0625
4pg9,7.8,7.390625
1rnt,5.19,5.2265625
3hkq,5.34,6.3085938
2vnp,9.92,9.859375
3d7b,3.69,4.2851562
1yfz,4.35,4.8046875
1utn,3.49,4.0546875
3s75,6.82,7.1953125
2v59,7.74,7.9765625
3iss,6.05,5.7773438
4cwo,5.21,5.2617188
3dx3,6.52,6.8789062
2x7t,6.63,6.4960938
4yik,6.89,7.1796875
2drc,9.89,10.96875
3d8z,3.37,4.0898438
1c5x,6.68,7.2070312
1bnt,9.8,10.7109375
4ish,8.72,8.3671875
4arw,7.13,7.5390625
2e92,6.89,6.9882812
4i8z,11.05,11.25
2vnt,8.0,9.0703125
4cpw,7.5,7.3945312
3ovn,2.55,3.1914062
1rd4,7.74,7.3632812
1b2h,4.54,4.7734375
4cd4,6.58,6.9960938
2pwr,6.59,7.2226562
4n7u,6.29,6.3046875
3ivc,4.12,4.5429688
3b67,8.85,9.1328125
1oba,2.44,3.0996094
3fat,7.64,8.3984375
2haw,4.92,5.4101562
4kfq,8.23,9.15625
1uv6,5.12,5.9921875
3qyy,5.08,5.3203125
2rkm,3.9,4.1835938
4io2,6.7,6.5273438
1zgi,5.34,5.6289062
4tjz,5.97,6.625
3su0,6.79,7.2148438
3b24,4.38,4.890625
3vbd,8.07,8.015625
1v2s,4.17,4.8554688
4k0o,3.0,3.546875
4emr,7.49,7.0429688
3sbh,7.28,7.6757812
4ymx,7.1,6.765625
3ppr,2.82,2.8964844
3oaf,8.8,9.71875
3u93,6.31,6.9375
4w9d,4.99,5.6171875
3nim,4.75,5.3945312
1aid,4.82,5.3671875
4wn5,7.41,8.0078125
2xd9,6.46,6.7773438
3m96,7.22,7.8125
4ayq,7.33,7.6328125
2vk6,5.3,5.4453125
4agc,10.7,10.8359375
2j75,6.65,7.1171875
1sdu,10.07,9.8203125
3ddf,4.66,4.5507812
3cyz,7.22,7.046875
4j47,4.92,5.2304688
3l4w,6.0,6.4257812
2vhj,3.9,4.578125
1gi1,5.47,5.4375
4qrh,5.15,5.7304688
4hwp,7.76,7.9179688
3b66,8.6,9.1640625
2pu1,5.85,6.484375
4pge,7.77,8.0546875
2v3u,3.0,3.4472656
1f8d,3.4,3.8144531
3u7k,7.07,7.7109375
3mfv,2.52,3.1894531
4jyc,6.7,6.671875
1gja,5.42,5.6484375
1c3x,3.68,4.46875
4ou3,4.41,4.8710938
8a3h,4.06,4.4492188
1nwl,2.39,3.2109375
4x48,6.77,7.1796875
4dv8,9.24,9.4765625
3fzn,4.01,4.2890625
1mjj,8.74,9.125
2w47,4.98,5.3125
4ei4,8.74,8.3203125
1o0m,5.15,5.4375
1h4w,4.66,5.4414062
4z93,7.35,7.6601562
4gzw,4.52,4.8085938
1enu,5.08,5.9648438
4djo,11.52,10.4765625
4ezz,5.19,5.6054688
1b0h,6.7,6.8164062
4x11,2.22,2.7519531
4u8w,11.24,11.296875
4a4w,7.72,7.9257812
4erf,9.4,8.8515625
2uyn,2.7,3.1445312
4pv5,6.54,6.9453125
1hsh,9.42,9.8828125
1m5w,4.27,4.5585938
4mre,2.19,2.6855469
1hvh,7.96,8.703125
3i6o,10.35,10.921875
4da5,6.44,6.4726562
2rcb,6.79,6.9492188
4i7j,3.32,3.3203125
1iiq,7.48,8.3828125
2j4i,9.0,9.4375
3f68,5.06,5.421875
1p1o,5.76,6.4335938
2y7i,5.54,5.6757812
2wk6,3.32,3.5742188
1j4r,7.72,8.1796875
4qiz,8.15,9.59375
3b7u,7.74,8.2265625
4w9k,6.54,7.015625
3juq,4.91,5.0039062
3f7h,7.09,7.4765625
1njc,5.55,5.8007812
1k1l,6.9,7.453125
3vf7,9.1,8.7734375
3gqz,2.17,2.7460938
2qtt,4.32,4.53125
3be9,7.62,7.5429688
4o3c,2.59,2.6582031
3ime,3.0,3.3925781
3kgu,5.92,5.8125
5amg,8.22,7.7109375
3gm0,7.77,8.140625
3tmk,6.87,7.9960938
2q54,9.01,8.5234375
1pz5,5.4,5.765625
3ni5,7.55,7.5351562
1v16,3.87,4.4570312
2jjb,7.92,9.046875
2fu8,4.7,4.5703125
3cyw,7.77,8.515625
3o9e,11.3,11.1875
1jet,7.25,7.53125
3sjf,7.64,7.8476562
3f3u,4.74,4.6992188
3d50,4.77,5.1015625
2qtn,3.42,3.7929688
4wup,9.82,9.34375
3gtc,2.35,2.6621094
3f18,7.4,7.5429688
1w4q,5.26,5.3945312
1pzo,3.32,3.3398438
3k99,7.22,7.2421875
4uin,7.62,7.140625
4zbi,6.51,6.9101562
1nfx,8.52,8.078125
3m40,6.77,7.0664062
4gfo,6.62,6.7695312
3rz1,8.74,9.59375
4ido,4.93,5.3554688
4dmw,4.94,5.09375
4cu7,7.59,7.6523438
4k7i,2.82,3.2011719
3ohi,4.85,5.1367188
1vfn,5.6,5.9101562
3ekr,7.52,7.5859375
3rz5,7.89,8.078125
2xyd,6.82,7.1640625
2h4g,6.52,6.1367188
1a1e,6.0,6.484375
1rnm,3.07,3.0234375
3vd4,4.82,5.40625
1k6c,7.48,7.46875
4igt,7.89,7.4921875
4r4c,5.54,5.6210938
1c1v,7.64,7.8398438
4m8x,10.2,10.3671875
1ajp,2.23,2.8964844
3l4u,7.52,7.390625
2x6x,3.68,3.5703125
3uu1,5.2,5.140625
1fch,7.15,7.2578125
4q3u,6.44,6.4375
4de5,3.15,3.3320312
1nny,7.66,7.4726562
3l7a,4.33,3.9746094
966c,7.64,7.671875
3sr4,6.54,6.5742188
4csd,5.91,5.7929688
4ufj,4.28,4.4648438
3gkz,8.0,7.6875
2bvd,6.0,5.8710938
2h3e,5.7,5.7851562
1w3j,6.32,5.9921875
3iww,7.96,7.8867188
4fcq,7.0,6.90625
3gs6,6.59,6.5
2q64,8.52,8.5390625
4q7p,4.32,4.4453125
4nue,6.82,6.6953125
3veh,4.96,4.484375
3vw2,4.75,5.125
2xpk,11.3,10.7578125
2qdt,5.19,5.2226562
3qtv,4.65,5.1054688
1c1r,7.63,7.8710938
4bzs,7.12,7.40625
2h4k,5.49,6.0078125
1o2z,6.11,6.1484375
2i4j,6.16,5.9453125
4pp5,7.74,8.2265625
2hs1,8.48,7.8046875
1qb9,7.44,7.4882812
3bxf,5.54,5.7539062
1c1u,8.25,8.7734375
1k1m,7.4,7.140625
4l4z,5.68,6.0390625
4rvr,6.87,6.8945312
4xty,9.21,8.9453125
4j45,5.77,6.53125
4x24,9.78,9.5078125
1z4o,4.52,4.3046875
2bt9,6.19,5.8164062
4jne,5.86,5.890625
1zoh,7.0,6.9140625
1qk3,5.15,5.7382812
4pee,8.32,7.984375
4q4r,6.43,6.203125
3kqr,4.43,4.96875
1n0s,7.45,7.5703125
1o5e,5.74,6.078125
3aaq,3.3,3.1464844
1fao,7.37,7.5117188
4aq6,4.8,4.8632812
3bex,5.57,5.7109375
3ml2,8.05,7.9140625
3ov1,5.2,5.03125
1ajq,4.31,4.2617188
1b46,5.28,5.3046875
4xu0,9.11,9.375
4wrb,6.19,6.0546875
1wur,6.66,6.9375
4b8y,8.05,8.0
3mhl,7.25,6.59375
4oc1,6.6,6.3476562
4g90,4.51,4.2460938
2xye,8.34,8.203125
2uwp,6.81,7.1445312
3iub,4.54,4.2617188
3sfg,6.06,5.96875
4r0a,4.26,4.2421875
2bpv,7.67,7.4335938
1bhx,6.84,7.1328125
3ap4,3.92,3.4492188
4ynb,10.37,11.265625
4ygf,7.68,8.2109375
1qk4,4.21,4.7617188
2d1o,7.7,8.4765625
1e6s,3.22,3.1660156
4ab9,3.33,3.2011719
4iie,2.34,2.9492188
3ozp,6.62,7.0039062
3pwm,9.1,9.3203125
2xdx,6.46,6.875
1b9j,5.96,5.1796875
3l4z,6.72,6.1796875
1cnx,7.37,7.7617188
2ce9,6.03,6.5195312
3i60,8.7,8.4765625
4rqv,5.05,5.125
4pnu,4.89,4.984375
1k27,9.0,9.4765625
3pb8,5.24,5.2382812
4mc2,8.19,7.8554688
3ldq,5.36,5.15625
1dud,4.82,5.2460938
5cc2,4.1,4.6484375
4nra,4.19,4.8945312
4pmm,7.57,7.6953125
2aj8,6.2,5.921875
1amw,4.54,4.9882812
4ih3,4.82,5.4140625
4ozj,5.4,5.4882812
3ewc,7.7,8.125
2h5a,5.1,5.21875
4bt4,3.34,2.9863281
1c5c,6.96,7.1953125
1cnw,7.72,7.796875
3el5,7.72,7.9921875
5e1s,7.92,8.4609375
1oar,7.4,7.34375
3o9p,6.52,6.765625
2g70,7.77,7.5585938
4b1j,7.3,7.2890625
3gvu,8.0,8.4140625
3n1c,5.22,5.3320312
4ca7,7.36,6.8242188
1c87,4.2,4.5664062
2j7g,7.0,7.0703125
4zzz,7.06,7.2617188
4c6u,4.59,4.9179688
3bft,6.49,6.7382812
1oe8,5.52,5.2734375
3ljo,6.62,6.4453125
1kav,5.82,5.65625
2nn1,5.82,6.2226562
3cj5,6.34,6.4023438
3k1j,6.4,6.9023438
3djq,2.98,3.21875
1xk9,6.85,7.6523438
3mhw,2.3,2.6894531
2p16,10.1,10.25
1t32,7.42,7.6875
2oym,5.0,5.6601562
1uml,7.52,8.109375
2wc3,6.08,6.6757812
4flp,6.72,6.8789062
4p6w,9.15,9.796875
3pd9,6.22,6.3203125
2ybu,6.38,7.015625
4lar,4.68,5.1328125
3v7x,8.57,8.546875
3t5u,7.59,8.1171875
3mjl,2.44,2.1054688
1pkx,6.92,6.5507812
2vc7,3.36,3.4082031
4cp7,8.11,8.421875
2f35,5.4,5.5742188
1o30,6.77,7.1835938
2a5b,3.93,3.7949219
3p9l,5.3,5.4765625
3mof,3.07,3.0839844
4jss,3.3,3.2304688
2r3w,6.89,6.6601562
3po6,7.06,7.0546875
3ta1,3.25,3.03125
4uyf,7.6,7.75
1kzn,8.92,8.4609375
1r1h,8.92,9.421875
3mfw,3.52,3.5566406
4g5f,3.05,3.3925781
2vvp,3.4,2.984375
4z1e,8.24,8.1171875
2aqu,9.32,9.4140625
4dst,2.96,3.0507812
1drk,6.82,7.28125
4jzi,7.4,7.6835938
1fzj,8.1,8.2265625
4b0b,3.33,3.8671875
3zk6,6.34,6.6796875
2zq0,6.82,6.8085938
3d91,9.15,8.8515625
3qxt,5.22,5.1367188
1hi5,4.04,4.1367188
3ckp,6.35,6.4023438
4nku,4.67,5.3476562
4ruz,7.64,8.2421875
2y9g,3.77,3.9902344
4ipj,4.87,4.8867188
2w5g,6.07,6.0273438
1mrw,9.7,10.5
5e8f,8.64,9.2421875
2wf5,6.0,6.21875
4ahu,2.27,2.6835938
2ya8,5.75,5.9140625
2x2r,7.12,7.2929688
2p3i,3.48,3.2363281
1y3x,5.14,5.0742188
4llj,3.42,3.5976562
2pwc,6.57,6.8945312
3bva,6.52,6.2695312
2vj8,8.7,8.9453125
3hmp,5.49,5.6210938
4km0,6.04,6.2265625
1utm,3.01,3.0078125
3ibn,7.61,8.1640625
3s6t,7.35,7.71875
3rf5,5.63,6.3945312
2hnx,7.08,7.1875
4p6c,4.0,4.3242188
4er2,9.3,9.6796875
4djx,7.23,7.7148438
2p4s,9.51,9.1015625
2cgf,6.41,6.546875
1f4f,4.62,5.1484375
4std,10.33,10.2109375
4asd,9.28,9.953125
3aqt,6.72,6.0351562
2v2v,4.07,4.2773438
4h81,5.12,5.5976562
1g3e,5.38,5.234375
4aj4,3.89,4.4140625
1ch8,7.0,8.0234375
2yel,7.28,7.484375
1o3p,6.66,6.6289062
2qwc,3.55,4.2460938
4unp,3.23,3.4199219
3d51,4.15,3.703125
2vc9,8.44,8.65625
5boj,7.0,7.0
2xjx,9.15,9.4453125
3ttp,9.12,9.3125
1txr,7.74,8.0
1nhz,6.08,6.2578125
1kel,7.28,7.0859375
5azf,4.44,4.828125
3pb7,5.74,6.3398438
1l8g,6.22,5.875
3ga5,5.49,4.9179688
3mtw,7.04,7.0546875
1fh9,6.43,6.7460938
3upv,5.3,5.7695312
3kr4,7.6,7.7851562
1oxr,5.19,5.2890625
1q65,5.46,5.5898438
3k8c,2.92,3.3066406
3zyf,4.85,5.203125
3v51,8.55,8.6015625
4q93,4.65,4.265625
3gvb,2.59,2.7578125
3ryz,8.62,8.171875
3dx4,7.12,7.21875
3q44,6.31,6.1445312
4q87,4.85,4.8203125
3m89,6.16,6.046875
3dp4,7.37,7.5742188
4lm2,3.03,2.46875
2uwl,8.4,9.1171875
1nh0,9.74,9.1953125
1f4e,2.96,2.7636719
1o2q,7.68,7.7070312
3eft,7.92,8.4375
4bf6,8.35,8.546875
4cmo,9.07,9.7265625
1gyy,3.64,2.9941406
4ddy,5.62,6.0546875
2wlz,4.6,4.2539062
2qi5,10.85,10.71875
3ts4,8.72,8.53125
5fl6,7.36,7.6640625
4djr,11.52,11.1015625
4qjw,7.8,7.625
2i0a,11.4,12.1796875
1m0q,3.89,3.9257812
3sio,8.0,7.875
4eb8,9.82,9.9296875
4omk,4.4,4.6289062
2p3b,8.48,9.203125
4j48,5.62,5.7734375
3tay,3.38,3.2480469
3nyx,7.49,8.6171875
2wm0,4.52,4.7578125
4hpi,4.85,4.5859375
2reg,5.64,5.8632812
2pym,6.82,7.09375
3zps,8.3,8.4296875
3rdv,4.91,5.2304688
1ols,5.82,5.8125
4q7v,3.59,3.4082031
1fcy,8.52,9.0625
188l,3.33,3.3867188
3lq2,5.22,4.7539062
2yfx,8.09,8.6640625
4o0x,7.17,7.421875
3d6p,3.75,3.5097656
1uwf,6.82,6.7226562
4kwf,4.82,4.7734375
4jpx,5.15,5.4414062
1g36,7.17,7.484375
4ql1,7.03,6.6953125
2f2h,5.7,5.9804688
3zll,6.4,6.3671875
2pvm,6.44,6.921875
3ny3,4.71,5.0976562
2yay,6.1,5.7578125
2cli,4.3,3.7363281
3kmy,4.49,4.71875
3v2q,6.29,6.7734375
4ysl,5.8,5.6015625
1d3p,7.39,7.2734375
2xjj,6.51,7.1171875
5cjf,9.59,9.421875
2uyq,5.68,6.046875
3ebh,6.32,6.796875
5bs4,11.0,11.4375
3zze,8.89,8.703125
4kyk,4.74,4.8476562
2wjg,7.1,7.3359375
3cz1,7.26,7.7070312
4x8v,6.89,7.3203125
2qft,5.26,5.5703125
1d4j,8.36,8.5546875
1f74,3.05,3.5566406
4f7v,5.38,5.6289062
3zdv,5.48,5.6679688
3gt9,3.96,4.4609375
2ypo,4.68,4.28125
1mfd,5.31,5.2773438
3ipq,7.57,8.1328125
1q72,6.85,6.4492188
3g32,3.71,4.0390625
4jpy,4.43,3.8066406
4u6w,4.21,4.3515625
2ypi,4.82,5.1132812
3e5u,5.85,5.6875
1mes,7.7,7.859375
1qbt,10.62,11.3671875
3iw5,6.08,6.109375
4xu1,9.49,8.875
4rfc,8.24,8.921875
4att,6.98,6.5429688
4hws,9.1,8.9921875
2tpi,4.31,4.671875
1ai7,4.09,3.8671875
3ibi,8.59,8.5078125
2pqz,5.67,5.828125
4np9,5.03,4.6132812
3moh,2.84,2.8242188
4e67,6.48,6.1054688
1hvr,9.51,9.1796875
4r76,7.85,7.5976562
1phw,3.3,3.1035156
2r1y,4.51,4.1835938
2fqy,6.57,6.7265625
3nex,6.0,5.7382812
4oc2,8.28,7.0507812
4btk,6.62,6.4140625
2fgv,6.12,6.328125
2pyy,4.6,4.421875
1lbf,7.85,7.1796875
1yvm,6.4,6.15625
3bu1,8.15,8.0703125
2zwz,7.79,7.0234375
3mf5,5.36,6.1601562
3cd5,7.9,7.6367188
4emf,7.08,6.3789062
3mhm,7.0,6.6523438
2q8m,4.03,4.6484375
1f0u,7.16,6.7890625
3x00,9.08,8.4609375
3zqe,4.23,4.3164062
4kao,6.11,5.90625
3dln,6.6,6.1132812
3guz,4.38,4.265625
4hbm,7.92,7.1757812
1b7h,8.02,7.5898438
4yo8,10.52,10.4453125
3i25,8.51,7.984375
1gu1,4.52,4.4492188
3nxq,8.15,7.3398438
1qft,8.77,8.46875
4q4q,5.79,6.0039062
3g2y,2.0,1.6396484
3sm2,9.7,9.375
2weo,6.93,6.4570312
3djx,2.81,2.7109375
3ekv,9.41,9.03125
4xir,6.94,6.8945312
4n07,6.46,6.8515625
1sdv,8.74,8.8828125
4u0w,3.0,3.4121094
1fzk,8.4,8.171875
1y3n,5.55,5.640625
2qi4,10.44,10.7734375
3rtf,7.35,7.4492188
1f8c,7.4,6.6601562
1n5r,5.66,5.25
1mh5,9.21,8.78125
3r1v,6.92,6.8085938
3hig,7.89,8.0
4iid,5.62,5.984375
3d2e,6.42,6.2226562
1bzj,4.66,4.5742188
2e5y,5.85,5.9804688
1olu,4.41,4.75
2e2p,4.74,4.359375
3lzu,10.06,9.2890625
3drg,7.0,7.3046875
1fkn,8.8,8.1875
2zfp,5.17,4.9570312
3tt4,8.28,8.1640625
3i51,7.7,7.2304688
3uz5,7.22,7.5976562
1v1j,4.82,4.5078125
4r4t,6.26,6.4257812
4xt2,7.15,6.7226562
4x5p,8.21,8.7734375
2r75,6.15,5.7148438
3dnd,4.8,4.875
3ie3,6.68,6.3203125
4daf,7.12,7.1679688
1l6m,8.1,8.140625
4qfp,4.23,4.1132812
2eg7,5.89,5.8320312
4zek,5.66,5.609375
4qp2,3.03,2.875
3ru1,4.85,4.703125
2aoe,7.62,7.2148438
4rwj,8.7,9.0078125
3r5t,8.58,7.9492188
3bkl,6.17,6.0742188
3o5x,5.28,5.4140625
2wkz,8.77,8.71875
3d6o,4.11,3.9863281
1xhy,6.18,6.0273438
1b38,6.6,7.1054688
3iqu,4.77,4.9023438
2wb5,9.13,8.5703125
1azm,6.1,6.1835938
2boj,5.77,5.5273438
1j37,8.96,8.8203125
2hmu,7.7,7.0820312
2q8h,3.0,2.7890625
3hww,7.12,7.046875
5dgu,11.35,11.3359375
3s78,6.47,6.5898438
1hn4,3.82,3.5390625
3kjd,8.54,8.1171875
4ijh,4.33,4.140625
1xbo,6.04,6.3125
1igj,10.0,10.0625
2xg9,4.15,4.2929688
4gzx,3.19,3.2148438
1nhu,5.66,5.640625
1jqy,4.92,4.546875
1h6h,5.3,5.1445312
2pbw,8.25,7.65625
4etz,6.3,6.1679688
3q1x,5.33,5.453125
1rp7,8.52,8.6953125
1xjd,9.48,8.5859375
1qyg,6.85,7.5820312
2fw6,2.92,3.3730469
1qbn,5.85,5.4570312
3hkn,5.35,5.3828125
2wly,6.6,6.8789062
1sqt,6.2,6.0742188
3nyd,3.48,3.1953125
3fx6,6.8,6.6953125
4j7d,4.7,4.28125
2hah,8.0,8.015625
4nkt,5.97,5.734375
4e9u,5.82,6.4023438
3o84,7.24,7.1992188
1xgi,4.85,4.6523438
1hmr,6.55,6.328125
4m7j,6.11,6.4335938
3str,8.4,7.890625
4zj6,8.52,7.6601562
1nl9,5.96,5.6445312
1zsf,9.92,9.7578125
5ceq,7.38,7.0429688
4lps,5.74,5.390625
3rsr,4.36,3.9902344
4i9u,3.86,3.6074219
2pk5,10.7,9.9296875
4j74,4.59,5.0390625
3p5l,7.39,6.7109375
2d3u,6.92,6.1835938
2pvh,6.59,6.4179688
3g19,6.67,5.6757812
4o2b,5.74,5.5507812
1jsv,5.7,5.6367188
4poh,8.0,7.8789062
4oak,4.22,4.3867188
2g71,7.46,7.4101562
2y7x,8.89,8.84375
3miy,7.68,7.3085938
1hwr,8.33,8.3125
2zkj,5.48,5.2265625
3qaa,11.54,12.359375
2qrg,5.18,4.4726562
1loq,3.7,4.0351562
2il2,7.1,7.0
4zbf,7.13,6.8945312
3vfa,9.19,9.203125
3m5e,7.37,6.390625
2xhm,6.8,6.6210938
3hkt,5.39,5.1640625
4hj2,2.53,2.7714844
1ebw,9.05,8.734375
3suu,8.52,8.1796875
3gst,6.72,7.0
2r58,2.0,2.1308594
3qps,5.6,5.7265625
3zv7,5.92,6.1015625
2cle,3.55,3.1601562
3t83,6.98,7.0898438
4qsu,2.0,2.2363281
2fxv,5.35,5.0585938
1a4k,8.0,8.6953125
2epn,7.22,7.5546875
4jfm,5.48,5.65625
2ovv,7.92,8.0234375
4g4p,6.89,6.6835938
3gxy,5.59,5.421875
2xab,9.27,9.125
4mc9,9.44,9.3046875
1n4k,10.05,9.9375
4ucc,4.32,4.2695312
3vtr,5.57,5.6875
1ndw,5.23,5.2421875
2yix,8.48,8.015625
1pbq,6.27,6.1640625
2qi0,7.38,7.28125
4o0a,6.72,6.265625
10gs,6.4,7.1210938
2jf4,8.15,8.78125
1elr,4.96,4.9609375
4hp0,6.12,5.5664062
1onz,5.1,4.859375
2r38,7.44,7.125
4hu1,7.54,6.734375
1met,9.4,9.453125
3o99,10.82,9.6484375
2h21,6.54,6.125
3ta0,3.47,3.3261719
3ies,9.92,9.140625
3wha,9.32,8.9453125
2gsu,3.59,3.9238281
1mmq,7.52,7.5546875
3t0d,2.37,2.8691406
4m6u,2.74,2.7421875
4bcs,6.99,7.0429688
2ez7,4.36,4.6679688
1ctt,4.52,4.4296875
3djv,4.55,4.5390625
3nht,7.01,6.71875
4qew,7.07,6.6328125
3p3s,7.59,7.0
4hzm,4.63,3.7558594
1koj,6.7,6.8125
4ndu,2.74,3.2148438
3lpl,5.62,5.3320312
2e91,6.59,6.4570312
3b3x,3.6,3.34375
3t1l,3.26,3.1875
1g85,5.48,5.3828125
4xe1,7.11,6.4257812
3pfp,6.44,6.4140625
4o04,6.16,6.0
1xow,9.28,8.890625
4u54,2.06,2.6191406
4azc,5.86,5.3867188
2qi1,7.3,6.8671875
3jdw,3.6,4.2382812
3r6c,4.72,4.59375
4i7k,3.04,3.2988281
4b3d,2.68,2.5625
2qi6,10.57,10.25
4ljh,4.71,4.5703125
1ppk,7.66,7.7460938
2j7b,6.62,6.640625
1ajx,7.91,7.25
1v2u,3.37,3.2011719
1nfu,7.74,8.0
4ts1,4.94,5.1757812
1x8r,6.12,5.71875
2fqo,6.43,6.28125
3eeb,5.89,5.2109375
4css,8.46,8.2734375
4io3,6.06,5.953125
4i3z,4.29,3.8378906
4er1,6.62,6.296875
3sk2,3.61,3.7382812
3gi5,11.22,10.9453125
4jx9,8.62,7.6835938
3wtn,7.04,6.5585938
1v1m,3.94,3.3359375
2ate,7.07,6.8125
3lir,6.92,7.2617188
2uxz,8.48,8.0078125
3f5j,4.28,4.6015625
2b7d,8.7,8.734375
3lp4,4.88,4.921875
5e2o,8.7,8.3671875
2yme,7.66,7.8476562
1sld,6.57,6.5898438
4oc3,8.28,7.6171875
1e3g,9.0,9.125
4yha,6.65,6.7421875
1b05,7.12,6.484375
3rdo,9.85,10.1484375
2vqt,6.0,4.9492188
1ejn,5.62,5.9375
1r0p,8.0,7.6835938
3kmc,6.4,6.5820312
1o5g,4.96,4.7578125
1c88,5.29,4.9414062
4qjo,7.4,7.2695312
3c8e,4.15,3.5449219
2zq2,6.56,6.1914062
1lpz,7.6,7.4296875
4r59,7.96,8.4140625
1q7a,7.19,7.28125
4abb,4.51,4.515625
1lhu,8.83,7.6679688
4iif,5.18,4.9882812
1avn,3.9,4.0
3ppp,5.22,5.0429688
1c5s,6.0,5.828125
2qd7,9.1,9.0234375
1a9q,6.17,6.0117188
2ves,7.7,7.4726562
3nq3,3.78,4.03125
1g7q,6.06,6.3085938
1drv,6.54,7.0039062
3eb1,4.79,4.453125
2pvk,8.3,7.953125
4f5y,5.43,5.6328125
3wq6,4.59,4.8632812
3sw8,4.5,4.1367188
1i7z,6.4,6.6914062
4p58,4.6,4.4648438
3vha,7.4,7.421875
4zl4,7.86,7.5859375
3zns,7.41,7.4140625
4f9u,6.03,5.9023438
3s9t,6.82,6.5351562
3gi4,10.8,11.453125
4l19,6.1,5.9179688
2f81,10.52,9.4296875
3iue,5.82,5.3125
3ucj,6.0,5.6992188
1r4w,4.05,3.6191406
3hll,8.24,8.2890625
1fm9,9.0,8.9765625
4hym,8.22,7.5664062
3fwv,5.64,5.3828125
3dxh,3.19,3.3066406
3el1,9.64,9.390625
1tx7,4.6,4.8085938
4f0c,6.27,6.46875
4loy,8.09,7.7578125
4zo5,9.82,9.546875
1jvu,5.15,5.4375
4jsa,4.96,4.7148438
2eum,6.7,6.4414062
4aia,3.66,2.9511719
2qhy,7.48,6.9101562
4qxo,5.51,5.8671875
2qry,8.64,8.3671875
4m12,6.05,6.546875
1efy,8.22,8.03125
1fkh,8.15,7.9765625
2rk8,3.64,3.6386719
1gz4,3.7,3.4277344
1mrx,7.26,7.4960938
1dar,4.96,4.3710938
1kui,3.77,3.4042969
4gj3,8.85,8.375
1dy4,4.36,3.8828125
1c5n,4.7,4.4804688
1o38,6.82,6.5820312
1xkk,8.52,7.8554688
3kdm,7.0,7.5351562
1g7g,6.6,6.125
4k0y,7.82,7.875
4el0,4.49,4.1914062
4or6,5.31,4.8007812
1zge,7.3,7.4726562
2e2r,8.26,8.2109375
5c8n,7.55,7.9101562
1atr,6.96,6.8164062
4el5,5.37,5.203125
4ufh,6.42,6.2734375
4aq4,6.17,6.046875
1s89,5.24,4.8320312
4duh,5.18,5.0078125
5cas,8.85,8.140625
1rpj,6.48,6.1953125
3r4n,6.89,6.671875
2z1w,4.08,3.8554688
3s76,5.05,5.5703125
3ryv,7.07,7.296875
1r1j,8.64,8.3359375
5ct2,2.92,2.7675781
6cpa,11.52,10.7578125
3r6u,4.52,4.6445312
4q1w,11.7,11.5703125
4mjp,3.88,3.3867188
4ncn,5.67,5.8359375
4ffs,10.44,9.8515625
4ko8,7.15,7.5117188
2y7p,5.47,6.046875
4tim,2.16,2.65625
4z1k,8.33,7.9296875
2oc2,8.52,8.796875
4g8n,7.2,7.3242188
3o5n,4.76,4.6445312
2gyi,7.0,6.734375
1amk,4.3,4.4921875
3f5l,3.72,3.9355469
3e6y,5.6,5.6796875
4ynl,4.62,4.1132812
3lvw,2.67,2.0996094
3zpu,8.38,8.453125
3djk,10.59,12.2265625
3sug,6.21,6.1679688
1g54,8.82,7.4296875
3adv,3.03,2.4726562
1g1d,9.44,9.546875
4z0k,6.34,5.9804688
2fqx,7.15,7.0546875
1b3g,6.7,6.7304688
3gc4,7.6,7.5859375
2wzm,5.22,6.0195312
3ppm,9.54,9.8515625
1utl,2.47,2.4394531
1li3,4.25,4.1445312
1o86,9.57,9.3359375
4rrg,2.81,2.9296875
3bf1,2.52,2.4335938
3ioc,3.68,3.8886719
2izl,6.0,5.796875
1o5r,8.12,8.0546875
4lm3,2.92,2.9980469
2xbp,5.02,4.8867188
2w8y,9.09,8.46875
4qb3,5.47,5.484375
3f80,4.22,4.015625
3fjg,3.73,4.2226562
1bv7,10.3,9.90625
2a5c,4.62,3.9023438
1o2n,6.09,6.03125
3f6g,4.72,5.1601562
4je7,6.4,6.546875
4j7e,4.85,5.1679688
2qtg,5.08,4.8476562
1dfo,6.7,6.5664062
1a69,5.3,5.0742188
3g1v,3.19,3.34375
1w4p,4.74,4.7539062
4jfk,6.44,6.7578125
4m8e,7.89,7.625
1m2x,4.15,3.8574219
2z4o,9.57,9.2421875
4msa,3.3,3.0703125
2i4x,11.72,11.734375
4nl1,3.89,3.8378906
2xn3,5.92,6.1445312
1h5v,3.93,3.7617188
4kwo,6.45,6.3828125
4wkn,9.72,9.2109375
2nsj,4.79,4.6757812
2ra6,4.52,4.734375
4loi,6.77,6.8320312
2cc7,8.01,8.125
4jal,4.6,4.203125
2w9h,6.37,6.3046875
3wq5,3.85,3.9277344
2jdk,6.54,6.3085938
1s39,7.7,7.8789062
4cpt,7.7,8.09375
1aaq,8.4,9.0703125
1y20,5.32,6.0234375
2uwd,8.35,8.296875
4cu8,4.47,4.7773438
4cga,6.4,6.5429688
3bvb,5.49,5.8476562
2clk,3.79,3.2011719
3e12,5.99,5.71875
1w11,8.22,7.9023438
3fqe,8.3,8.421875
4fys,4.82,4.3789062
2vba,4.6,4.71875
4l50,6.06,6.3164062
2ctc,3.89,4.09375
4j93,4.7,4.3359375
1i9p,8.41,7.9023438
4tln,3.72,3.6601562
4mhy,6.47,6.1210938
1bm7,7.52,8.078125
4rux,7.92,7.4921875
3arw,6.15,5.9375
2qzr,7.26,7.7578125
3tfu,3.28,3.0351562
1ro7,3.18,2.9121094
2zdm,6.41,6.7617188
3qqa,5.82,5.625
1wn6,4.68,4.6054688
1tlp,7.55,7.0429688
2yz3,6.66,7.1132812
3h30,4.53,4.4335938
1a9m,6.92,7.046875
2g9q,6.4,6.3945312
2i4z,5.7,5.2460938
4ca6,6.74,6.5976562
2o4s,10.51,10.5625
4qxr,6.0,5.8945312
2jke,4.23,3.8769531
4xmb,7.36,7.3046875
4fev,5.42,5.0898438
4x6n,8.82,8.375
4oeu,7.66,8.1015625
1a28,8.29,7.9609375
2za5,8.43,8.3515625
4lko,8.22,8.1953125
4luz,4.7,4.7226562
4ayu,4.73,4.59375
4g95,7.61,7.2578125
3ip5,6.22,5.9804688
3sur,4.15,4.1367188
4iue,6.55,6.5078125
4crl,9.71,9.5859375
3mxe,10.01,10.4296875
3h1x,5.89,5.9648438
4qgi,3.9,4.1054688
1qf0,7.38,7.1757812
1ai4,2.5,2.7402344
2hzy,7.39,7.1328125
4djw,6.28,5.640625
3roc,8.19,7.9648438
2ha3,3.03,3.3613281
4kwg,6.0,5.40625
4x5z,7.63,7.5976562
3tz0,5.04,5.2148438
3hmo,7.52,7.2421875
4iva,7.16,6.6054688
4bak,8.91,8.4375
3hb4,9.05,8.21875
3wmc,6.51,6.4570312
3jzj,3.61,3.4648438
3si4,3.88,3.6445312
2boh,8.52,8.265625
3c2u,2.9,3.1640625
2bz6,7.09,6.6523438
3m8u,4.89,4.6523438
3sap,7.59,7.9921875
1b5h,6.01,5.9179688
3drf,7.0,6.609375
3s54,9.64,10.109375
4dsu,2.82,2.3574219
2vvc,8.52,8.515625
2bfr,5.25,5.3046875
1v2w,4.01,3.3769531
4l9i,4.89,4.7929688
1t4v,7.68,7.4375
1yej,7.46,7.2734375
4ra1,5.94,5.859375
2i6b,7.17,6.3671875
1utj,3.84,3.8183594
1j17,5.22,4.7265625
2v57,7.1,6.8359375
2p53,7.46,7.1953125
3n35,3.37,2.8730469
4r5t,6.1,6.3242188
4bcm,6.91,6.7929688
1t31,8.64,8.421875
4ij1,5.4,5.0859375
4keq,3.82,3.6074219
4ibd,3.67,3.4453125
1m7d,6.23,6.6992188
3vhk,4.6,4.6054688
1nq7,6.8,5.9921875
3v78,5.54,5.5351562
1kug,3.8,3.5957031
3wz6,5.96,6.0859375
3zm9,7.42,7.0664062
4q8y,2.64,1.9736328
1o33,5.74,5.390625
1dif,10.66,10.8515625
1hk4,5.31,4.7382812
4o0y,7.22,7.1757812
1ork,8.81,8.4140625
3ldp,5.62,5.5078125
4io7,3.68,4.0351562
4qgd,7.43,6.9179688
4mnp,7.34,7.3359375
1odj,4.1,3.8515625
1gi4,7.19,6.9023438
3mi2,7.77,6.7617188
1hdq,5.82,6.25
3ozg,9.19,8.9296875
1f73,2.39,2.3105469
1ndy,6.17,6.0976562
2xxr,6.55,6.2578125
4gue,5.24,5.2695312
3l4v,6.72,6.5976562
1ftm,7.61,8.09375
5caq,8.57,8.1328125
3cf8,4.9,4.4453125
1w5x,8.4,7.7539062
1sbg,7.74,7.7773438
1z1h,8.4,8.4140625
1p19,4.11,3.6972656
3c8b,6.1,6.1210938
3djp,4.2,3.6464844
1uz4,3.4,3.2675781
2r59,8.19,7.6367188
3m37,9.04,8.2734375
5ahw,5.17,5.7148438
2z94,5.85,6.1171875
1pro,11.3,11.328125
4qfl,5.11,4.5703125
3k8o,11.07,11.15625
4fnn,7.57,7.0
4hw3,6.49,6.578125
4lrr,5.22,4.765625
2rio,4.69,4.9765625
4s1g,9.22,9.265625
3p17,4.48,4.125
5c2a,8.32,8.1484375
1a4w,5.92,6.0
3c52,7.3,6.9335938
2q8z,5.68,5.6445312
4ks4,7.14,7.2382812
1k4g,5.85,5.9453125
3hkw,8.64,8.015625
4urz,2.52,2.5664062
4u5s,2.41,2.4921875
2r0z,5.47,5.1484375
4knm,8.0,8.09375
3brn,8.7,9.09375
3usx,5.02,4.828125
4hla,10.8,11.6484375
3gsm,6.48,6.5195312
4d4d,5.96,5.9101562
2vwo,7.51,7.5273438
4dkp,5.72,4.8710938
3cct,7.56,7.2148438
4gr8,7.83,7.8710938
3exe,6.96,5.7304688
1w9v,6.34,6.3398438
4pb2,4.8,4.4609375
1nvs,7.82,7.28125
4mc1,7.85,7.578125
2r2w,4.47,4.375
2qd8,9.07,9.1171875
1c86,4.7,4.4453125
3gcu,6.78,7.03125
4eoh,4.3,4.4882812
4avs,3.49,3.3808594
3nw3,6.49,6.7734375
1bgq,8.57,8.375
3zq9,6.02,6.0546875
3juk,4.89,4.8125
1li6,3.8,3.609375
2o4l,9.22,9.28125
2y80,8.05,7.2382812
4des,5.85,5.4570312
3g3r,6.48,5.9101562
2pnc,3.33,3.0078125
4iwz,7.29,7.3515625
2xeg,10.7,10.328125
1k6v,6.92,6.640625
4egk,7.72,7.484375
4u70,5.02,4.6015625
1xws,8.0,8.046875
4xya,5.86,5.203125
1v2o,4.73,4.75
3zsq,4.96,4.9375
3p3g,9.74,10.0
1o1s,7.31,7.296875
4l2l,5.7,5.3007812
3s77,7.21,7.265625
4kmz,8.57,8.3984375
4zow,4.12,3.4921875
3dne,5.22,5.1601562
3f16,8.23,8.40625
185l,3.54,3.34375
3cm2,6.47,6.2304688
1nw7,5.09,4.6953125
4q09,8.17,6.8085938
4av5,7.21,7.3398438
2hb3,11.35,11.0546875
3lmk,5.94,5.4960938
1m1b,4.66,4.5351562
3czv,7.8,6.96875
4ej8,5.39,5.1953125
6std,8.64,8.96875
3g35,4.68,4.390625
1jgl,8.7,8.15625
3tvc,7.74,7.578125
1lrh,6.82,6.9296875
2byr,8.55,8.7109375
3oy8,3.66,3.6445312
3ppq,4.55,5.0351562
3f19,7.19,7.2695312
4auj,7.74,7.2109375
1mmr,5.4,5.1679688
1siv,8.08,7.9765625
4muv,5.76,5.8320312
3u81,4.44,4.0703125
4q9o,5.77,5.6523438
1c83,4.85,4.6875
2cht,5.52,5.7617188
4xiq,7.07,6.8242188
4ll3,11.57,10.90625
4o2c,8.0,8.4375
4a95,5.76,5.2695312
4f39,5.7,5.3359375
1hpx,11.26,11.53125
3hek,8.27,8.03125
3qox,6.57,6.1679688
5btx,3.55,3.3398438
4e3g,4.97,4.9023438
3ljz,8.14,8.4921875
2hjb,4.39,4.0703125
4b6o,7.0,7.2539062
3t84,6.97,6.5898438
4fm8,5.97,6.1171875
3m8t,4.0,3.6835938
3g08,8.16,7.9648438
1np0,3.57,3.8964844
1n3z,4.2,3.828125
4q1y,10.35,10.6484375
3s8x,7.3,7.0234375
5cqu,6.54,6.796875
2wnj,6.48,6.2929688
3rdq,9.31,9.8671875
1pvn,9.82,10.3203125
3lxk,9.8,9.9609375
3t3c,10.23,9.1484375
1tsy,4.96,4.9140625
3wtl,7.04,6.9570312
1bn1,9.34,8.5
4tte,3.69,3.34375
4i7l,3.99,3.9941406
1jfh,2.05,1.9755859
2zmm,7.6,7.5625
4ibf,4.43,4.484375
1b8n,10.52,10.625
2zn7,7.89,7.8984375
3ip8,2.28,1.9345703
1bxq,7.38,7.9414062
4q83,4.19,3.78125
4b6p,7.13,6.8867188
2i4u,11.57,12.1953125
4dkr,6.52,6.0273438
2fzk,3.6,3.3964844
4qjx,7.28,6.6328125
1yq7,7.09,7.1328125
1hee,5.34,5.6757812
1qy1,6.52,6.296875
4gq4,7.66,7.3632812
1xff,4.82,4.4765625
4xaq,7.14,6.5
1f4g,6.48,6.3710938
3sbi,7.92,7.8046875
2ypp,4.41,4.125
4i7m,4.14,3.734375
2h6t,7.22,7.0234375
4r73,7.64,7.1914062
3qw5,6.45,6.0390625
4qij,5.54,4.6835938
1ex8,6.33,6.0273438
3f48,6.29,5.3125
2baj,8.4,8.203125
1vyf,8.05,7.2617188
2g72,6.5,6.5898438
3sv2,4.19,4.140625
2gss,4.94,4.4257812
2xbw,8.0,8.1015625
1zp8,8.77,8.5703125
3pcg,2.3,2.2109375
4asj,7.55,7.3515625
2d0k,5.02,5.1289062
4g8v,5.8,6.125
3k8q,11.28,11.875
3bkk,6.08,6.421875
4k9y,6.95,6.953125
2clh,4.06,3.953125
4phu,7.92,7.8671875
2ole,7.25,7.9335938
1n8v,6.03,6.1445312
3d78,7.64,7.6210938
3qxv,8.4,8.0390625
4j46,5.28,5.3164062
4xas,6.59,6.3007812
2sim,3.42,3.2285156
1bdq,6.34,6.5039062
2yi7,8.32,8.1328125
3hl5,4.47,4.84375
4cl6,5.39,5.1367188
5efc,4.85,4.6132812
4dko,6.52,6.6992188
4ovh,4.85,4.9609375
1gyx,2.48,2.1777344
4br3,5.72,5.609375
2pov,7.12,7.765625
4g8y,4.59,4.484375
1q8w,5.24,5.3046875
2fgu,9.18,8.875
4kn1,6.84,7.2773438
2bvs,4.1,3.9355469
2qrh,4.71,4.6445312
2xib,7.26,6.703125
3nuj,9.39,8.59375
4eo6,8.7,8.53125
3ctt,6.35,6.0117188
1lol,6.39,6.4726562
4v24,8.37,8.46875
3uw5,7.85,7.859375
4ad6,4.78,4.5234375
2afx,5.15,5.8242188
2x8z,7.96,8.0
1wm1,6.3,6.3046875
2vwm,7.03,7.0507812
1msn,9.09,9.0390625
2qci,8.34,8.75
1b6k,8.74,8.609375
3wto,6.92,6.6835938
1qbq,8.3,8.1015625
1ypj,7.02,6.7890625
3sym,4.57,4.6367188
3f3t,4.59,4.65625
2qfu,4.18,4.2460938
1gnm,6.25,6.2304688
3k5i,4.7,5.1992188
4up5,2.6,2.3671875
5e13,4.24,4.1835938
3p9m,5.0,5.234375
2pvl,7.62,7.90625
2h15,5.67,6.5
3ujd,4.69,4.6523438
2cer,9.22,9.859375
4b5d,7.89,8.1171875
3s9e,5.13,5.3671875
4f1l,5.12,4.796875
4fcf,8.62,8.9140625
3vf5,9.34,9.9375
3zhx,6.68,6.0273438
3nkk,4.7,4.5703125
4q90,2.15,2.2148438
4omj,5.26,5.2265625
1uwu,5.98,5.5273438
2iuz,5.55,4.8125
1ajv,7.72,7.5507812
3ip6,6.6,6.9921875
1uvt,7.64,7.5429688
1x39,9.22,9.3515625
2qwb,2.74,2.9179688
1v0k,5.1,4.7148438
4o3f,5.56,5.6796875
4o9w,7.16,6.8515625
4p5z,7.41,7.53125
4h75,6.6,6.7226562
4or4,4.57,4.6445312
2vw1,3.52,3.0605469
2ha2,4.66,5.3203125
2j27,3.52,3.3515625
4xmr,4.07,4.1289062
3m3e,4.43,4.5273438
1nu3,4.0,4.53125
3mz6,7.2,7.5820312
2qwf,5.67,5.3125
3su5,5.58,5.7851562
1bn3,9.89,10.1484375
4b2l,3.24,3.0625
2xpc,3.9,4.2929688
3dbu,8.06,7.8320312
2d1n,8.15,7.90625
3aho,7.05,7.1835938
3zln,8.47,8.8984375
1zoe,7.4,7.6054688
2yek,7.21,7.3242188
2vk2,6.89,6.5976562
1adl,5.36,5.4609375
1g4o,8.25,8.3984375
4r5b,6.73,7.2539062
3d7z,7.92,7.9453125
4qy3,6.82,6.5625
3fed,7.46,7.6601562
4q0k,4.87,5.140625
3u7n,7.95,8.109375
3pe1,9.65,10.875
1qkb,7.35,7.0703125
3p58,7.6,7.5585938
3g1d,3.48,3.2207031
4g0p,3.01,2.640625
1bnv,8.77,9.4140625
3ibl,7.84,7.1601562
1njs,7.82,7.6015625
2afw,4.77,4.703125
4pow,6.3,5.6640625
3lk8,7.71,7.453125
2p4j,8.96,9.0703125
4q19,8.05,8.3515625
3nox,8.66,7.8632812
1tok,2.47,2.5253906
4m2v,7.44,7.1875
1ppm,5.8,5.484375
2xm2,4.62,4.3398438
1fiv,6.59,6.7890625
1s63,9.05,9.25
2a4m,4.52,4.1601562
3b3s,2.55,2.0898438
3o4k,7.62,7.1757812
4m8h,7.6,7.375
1rbp,6.72,6.703125
4k7n,3.48,3.2246094
2q63,7.18,7.6171875
3k02,5.0,5.1210938
4c1u,7.09,7.1523438
2pyi,3.75,3.8046875
4djp,10.55,11.2578125
1w3k,4.3,4.609375
3l59,3.7,3.7421875
4oc5,7.07,7.609375
4q4o,7.46,7.234375
1dzk,6.1,6.3203125
2vrj,6.3,6.2929688
4bxk,7.95,8.7109375
3i9g,8.96,9.46875
2fqw,6.68,6.3007812
3ujc,4.59,4.0273438
4db7,6.56,6.3867188
2ojg,5.64,5.46875
1zea,5.22,5.5234375
1t7j,8.7,8.5390625
4lj5,6.29,5.953125
1e4h,8.41,8.3203125
4dcs,5.1,4.640625
4dff,7.46,7.0273438
3gy2,5.74,5.3046875
4l51,3.0,2.7441406
4y0a,2.31,2.234375
4ymb,6.21,5.9140625
4afg,8.3,7.5859375
3ljg,7.73,7.5273438
2qg0,5.72,5.5078125
2i19,7.8,7.703125
3fk1,2.62,3.1679688
2jdu,6.72,6.2226562
2avm,5.7,5.625
4f6w,7.52,7.0976562
5c5t,3.13,3.3066406
4ruy,7.89,8.3984375
2uwo,8.7,9.015625
4ieh,7.85,7.3945312
1fhd,6.82,6.9335938
3huc,5.99,5.65625
2j7e,7.32,7.0976562
3a1e,2.66,2.7539062
2yaz,5.14,4.8359375
3zc5,7.13,6.6523438
2jh5,6.44,6.2617188
2avo,8.85,8.671875
1no6,4.41,4.3476562
4c2v,9.0,9.2578125
4kqp,6.05,5.1328125
4ezr,5.2,5.3828125
4a6l,8.0,7.5820312
4hwo,8.54,8.5078125
4lvt,10.36,9.578125
2ayr,9.29,8.96875
3hku,8.3,7.5195312
1hsl,7.19,7.34375
4n3l,7.0,6.734375
3rbu,9.43,8.8125
1zog,7.15,7.0546875
1bnn,10.0,9.90625
2jew,6.69,7.1953125
5egm,8.62,8.3515625
1toi,4.05,4.1015625
3uil,6.0,5.8320312
2bmk,5.62,5.5039062
3g2j,4.75,4.8554688
3ff3,3.57,3.2441406
3oy0,8.0,7.9375
4aji,3.55,2.7929688
1qbu,10.24,10.40625
2xc4,8.05,7.5703125
4q46,3.77,3.4921875
3hs4,8.0,7.5625
1rpf,3.99,3.6542969
1nfw,8.96,8.3984375
3mhc,7.96,7.1640625
5e2r,7.06,7.2226562
1q54,5.85,4.9570312
1bxo,10.0,10.1640625
5er2,6.57,6.5703125
4itp,7.27,7.4453125
3u6i,9.0,8.859375
2xm1,5.07,4.5820312
4ggz,10.18,9.671875
1df8,9.7,9.8671875
3b50,7.55,6.4453125
3evd,6.91,6.015625
2cbu,5.68,6.3789062
2v3d,3.94,4.3085938
1k1o,6.17,6.234375
1g2k,7.96,8.609375
2ccb,7.45,7.2382812
3wvm,5.71,5.8515625
1fzq,7.62,6.7773438
1cbx,6.35,6.2421875
2b07,6.43,6.4375
3bqc,5.73,5.78125
1sr7,10.1,9.703125
2cbj,8.27,7.75
4rpn,6.96,6.6054688
1e5j,4.0,3.5859375
2jg0,7.82,7.546875
4dq2,7.52,7.7734375
3dp9,9.68,9.6640625
3l4x,6.89,6.7734375
3nu4,8.82,9.3984375
1pxp,6.66,6.6835938
4jc1,4.3,4.703125
4rn4,6.94,7.03125
1d4l,8.77,9.0703125
3ebo,4.72,4.3984375
4y79,7.96,8.0859375
3wzn,7.0,6.5273438
3m3c,4.06,3.9785156
1duv,11.8,10.5625
4qhc,6.7,6.6523438
1kuk,3.91,3.4492188
1ogd,3.03,2.8378906
3gbe,5.0,5.6171875
4mo4,4.22,4.3007812
2c92,5.68,5.3789062
2vzr,4.28,4.2851562
3n7h,4.5,4.0429688
4qpl,7.41,6.7851562
4i8n,4.46,4.3671875
4k3n,7.96,7.9726562
4zzx,6.9,6.8476562
4n8q,3.42,3.2617188
1y0l,9.0,8.2890625
4b7r,9.64,9.265625
4cwn,5.59,6.1992188
4b5s,3.49,3.4277344
3vvy,4.84,4.1484375
3d1y,8.22,8.078125
1ony,6.77,6.4296875
2p95,9.37,9.2734375
3ckb,2.98,2.9199219
3f8c,7.68,7.625
4bps,2.99,3.2382812
2qbu,6.19,6.0429688
3k00,5.77,5.6875
4rra,4.87,5.1132812
3tb6,5.08,5.6601562
2xj1,7.55,7.8828125
3iw6,5.48,5.7890625
3nu6,9.3,8.296875
1lzq,8.39,7.8359375
1bjv,5.54,6.109375
1ssq,6.0,6.0429688
3s73,8.7,8.125
1o0f,5.3,4.96875
3n8k,4.05,3.7519531
3ekp,8.89,8.2890625
2nta,4.8,5.140625
3fl5,7.28,7.359375
1kzk,10.39,10.1640625
3ed0,6.35,6.1015625
1km3,4.91,4.953125
3tif,5.38,5.296875
3p7i,7.7,7.8007812
2zfs,6.54,6.2851562
1uj5,3.05,2.9921875
4rlu,4.82,5.2148438
2i4w,11.59,10.9140625
4zx0,8.0,7.5546875
3zcl,8.0,7.6835938
3t60,6.7,6.34375
3b3w,4.19,4.2109375
3cow,6.9,7.046875
1det,4.3,4.2265625
4b32,3.34,3.4765625
3ocz,7.46,7.4101562
2pu2,4.43,4.9453125
1usi,6.74,6.4453125
3k4q,5.34,5.4023438
4ks1,8.82,9.78125
1xka,6.88,7.0234375
4xy8,6.4,6.5195312
4yc9,8.89,9.46875
4jv6,6.66,6.5585938
4loo,8.15,7.8398438
4pyx,6.14,6.1367188
4ytc,7.89,7.984375
3g2l,3.87,4.1210938
3fee,6.64,6.6523438
1ec0,8.49,8.6875
3ccw,7.87,8.09375
4ye3,8.37,8.4453125
1b51,7.37,6.6757812
3sus,4.15,3.4335938
4nyf,7.31,7.515625
1g45,8.64,8.9375
2nnd,6.06,5.6054688
1ecq,3.0,2.6074219
1swg,7.36,7.5273438
3ok9,11.23,11.203125
1qka,5.92,5.9648438
3n9s,5.26,5.2070312
1vyg,8.0,7.8984375
2vuk,3.9,4.2734375
3lea,9.1,9.046875
4xar,6.97,7.1015625
2r0h,3.51,3.8457031
2wed,6.1,6.046875
4x8u,2.46,2.3359375
2r2b,4.2,4.3945312
4e70,5.28,5.5546875
3moe,4.3,3.8300781
3kmx,4.82,5.1992188
3q2j,4.18,4.21875
4owv,4.35,5.1640625
1b3f,6.89,6.6015625
3nu5,8.35,7.7695312
2e9u,8.1,7.7617188
3w9k,6.32,5.7773438
4ejl,5.14,5.3945312
4cwq,7.06,7.5390625
3kdb,9.85,9.4140625
4qem,7.8,7.8632812
4qnb,6.59,6.5195312
1atl,6.28,5.8671875
3ebl,6.3,6.3515625
4cwr,8.3,8.1953125
1d7j,3.3,3.2871094
1hlk,5.0,4.9257812
1w5w,8.8,8.2265625
2q5k,11.3,11.5
3dyo,2.3,2.4082031
3myq,7.52,7.8945312
3fvl,6.07,6.4257812
1z6s,4.34,4.0351562
1c84,5.0,5.015625
4y5d,5.92,6.1367188
3hub,8.09,7.59375
3o56,9.1,8.984375
3suf,7.56,7.6523438
6upj,6.32,6.7851562
2xyf,8.44,8.0234375
3znr,7.44,6.875
4zb6,6.28,5.78125
3bgs,9.42,8.109375
4q81,3.02,2.9335938
1ndv,5.92,6.1210938
2vpn,6.72,7.0273438
4cpr,7.46,7.6796875
4idn,5.24,5.0117188
3vx3,7.82,7.1679688
3bl1,5.6,4.8984375
3cft,4.19,4.0351562
1l83,3.4,3.6796875
4ykj,4.43,4.9726562
4qll,3.38,3.6738281
1pb9,3.62,4.015625
4mmp,7.71,7.84375
3m35,7.22,7.0078125
2qu6,8.52,8.578125
1o2o,6.36,6.1015625
3d0b,6.54,6.2265625
2tmn,5.89,5.71875
2hkf,6.38,6.2265625
1hxb,9.92,10.03125
1wcq,6.26,5.5976562
3t2q,3.66,3.421875
4qf9,4.43,4.3828125
1g35,8.14,8.1484375
2pou,7.42,7.3671875
1cet,2.89,3.0820312
2ccc,7.76,7.6445312
3ms9,5.22,5.4570312
3iof,5.22,5.2578125
3lcu,3.52,3.4003906
4cp5,3.34,2.6171875
2cej,8.62,8.4296875
4fxp,4.09,3.8203125
1g32,6.11,5.1210938
3bl0,6.92,5.5039062
1hvk,10.96,11.3125
4sga,7.3,6.71875
3jyr,5.54,5.203125
3f78,3.1,3.0957031
2zz1,4.54,4.6523438
1pb8,5.15,5.5390625
3buh,3.66,3.7460938
1ciz,7.44,7.7929688
2ans,5.92,4.828125
4ibk,4.3,4.140625
2j79,5.96,5.734375
1n4h,6.55,6.7890625
3tkw,5.27,5.4804688
4a6s,5.2,4.6328125
1ivp,7.52,7.28125
4omc,10.78,11.453125
3r7o,8.36,8.328125
5a2i,5.06,5.0859375
4jh0,9.03,8.6796875
2fpz,3.96,3.6328125
1egh,5.7,5.546875
2xde,5.47,5.0664062
1rjk,10.0,9.3046875
3zbx,8.22,7.828125
4cs9,2.1,1.6982422
3v4t,4.11,3.8222656
3t01,4.48,3.8828125
3u7m,7.45,6.8398438
3tu7,8.09,7.1445312
4fs4,6.57,6.1953125
1hms,6.37,6.4140625
4rdn,5.92,5.9023438
2rkd,2.72,2.4570312
4qer,7.54,7.2695312
3ubd,5.54,5.3515625
1fzm,7.7,7.390625
4o2p,6.7,5.9101562
4tqn,6.11,5.9726562
2rcn,6.0,5.609375
1ws4,3.0,2.8105469
5c1m,10.8,11.359375
2qta,5.76,5.7070312
2hhn,7.49,7.5078125
4v01,8.11,7.7265625
2fzc,2.7,2.1777344
2gv7,7.85,6.765625
4w97,7.1,6.9726562
2ptz,7.82,7.6015625
2ydt,5.52,5.171875
2vo5,4.89,4.6015625
3l4y,7.0,6.3984375
3su3,9.13,9.4765625
4pzv,5.7,5.4882812
4q6d,7.36,6.546875
4o0b,8.3,7.65625
3d7k,4.6,4.3320312
2yi0,8.12,8.328125
1k1j,7.55,6.9609375
3r4p,7.96,7.8242188
3ao5,2.23,2.0898438
3t0b,4.3,3.6933594
2bqv,8.05,8.1640625
2yb0,3.85,3.8964844
1j36,7.74,7.34375
4mss,6.4,5.8476562
2pgz,5.74,5.328125
1g7f,5.47,4.9179688
4xip,6.63,6.8984375
4mrg,2.96,2.5859375
4u73,5.18,4.921875
3kek,8.36,8.1640625
3qto,4.13,3.8320312
4ca8,6.68,6.4414062
3zt3,2.86,2.9882812
1b3l,5.89,5.7226562
3cs7,10.68,9.8203125
4ax9,9.57,9.8984375
1b8o,10.64,10.6171875
1fzo,7.89,7.6835938
3v2n,6.1,5.609375
1ype,8.1,7.203125
3ug2,8.25,7.7773438
2isw,7.43,7.234375
3cke,6.1,6.359375
2nsl,4.68,4.7109375
4a6c,7.92,8.1484375
3m3z,5.73,5.6523438
4re2,4.98,5.1992188
4uof,4.84,4.7773438
2gz2,5.22,5.0351562
4cpz,7.68,7.7773438
1toj,3.39,3.5507812
2azr,3.64,3.484375
2zx6,10.6,10.7109375
4i74,6.72,6.578125
1qji,4.85,4.7148438
3pb9,6.58,6.28125
2jds,8.2,8.265625
4zeb,6.52,6.546875
3acl,6.22,5.953125
1lyx,4.54,4.4609375
1epo,7.96,8.171875
4cwp,6.77,6.546875
1xq0,6.34,6.4726562
2i3i,7.3,7.46875
3u3u,6.88,6.5898438
4c5d,5.4,5.25
3axz,3.43,3.0429688
4w9p,7.8,7.5625
4cjp,3.32,3.3398438
4p6x,7.04,6.6992188
2qi3,10.2,10.7109375
4nvp,7.57,6.9570312
1g2l,7.24,7.2109375
1xh9,7.77,7.25
4ayp,6.12,5.3632812
1g4j,8.7,8.0703125
2oi2,6.3,5.2734375
2xxx,6.41,6.3710938
3d83,8.36,8.0
3hcm,3.3,3.2246094
4qj0,7.32,6.640625
1e2k,4.94,4.15625
4g0q,2.52,2.1972656
3zj6,6.66,6.1484375
456c,9.77,8.546875
1kv5,4.22,4.109375
2zft,6.52,5.9921875
4yth,8.7,8.90625
4nja,6.22,5.9296875
4m8y,9.96,10.234375
1v7a,8.01,7.4609375
5e2p,8.8,8.6640625
4tkh,5.74,5.1601562
2ogy,4.48,4.5820312
4oma,4.17,3.84375
2hmv,7.7,7.0820312
3b26,6.64,6.921875
1lgw,4.0,4.1328125
1zpa,8.4,8.8203125
3kdd,8.46,8.6953125
3lp7,5.44,5.4453125
3neo,5.92,5.6914062
1lst,7.85,7.796875
2e27,9.35,8.515625
2qhd,5.38,5.265625
4ryd,11.26,10.34375
3exh,4.88,4.375
3hvi,8.3,8.1328125
4h3g,8.22,8.046875
1bcd,8.7,7.984375
3owj,6.07,5.6835938
3tfp,6.47,6.3164062
5upj,7.12,7.3476562
3rz7,8.96,7.890625
3v3l,6.43,5.6835938
1zfq,7.52,7.453125
3gss,5.82,5.5585938
2j34,7.82,7.109375
3pce,2.0,1.8642578
1b4h,5.46,5.1640625
3lpk,9.1,8.8359375
4pft,8.64,7.8046875
1hps,9.22,8.8984375
4x50,7.75,7.234375
2r5p,8.48,7.234375
4oct,5.05,4.3828125
4dbm,7.62,7.3359375
1m7i,5.4,4.9882812
2cgr,7.28,7.0859375
2hu6,3.81,3.921875
4bcp,6.25,6.0625
4u43,4.32,3.9765625
1hi3,4.19,3.4238281
2xjg,7.82,7.1132812
4oks,4.48,3.9101562
3g2k,4.79,4.4140625
1i1e,5.03,4.6796875
1g46,8.8,8.4765625
1sb1,6.89,6.9140625
2pwd,4.4,4.2265625
4q6e,6.18,5.5585938
3zi8,5.66,4.890625
3p8o,8.72,7.890625
2wec,3.96,3.5
5std,10.49,9.3828125
3oil,5.68,5.5625
3lxe,6.6,6.6210938
4rr6,6.0,5.5234375
4exs,4.41,4.6054688
1qy2,5.74,5.3515625
2ces,7.25,7.265625
4abf,4.62,3.9667969
1add,6.74,6.1914062
3rlq,7.4,6.8789062
1ezq,9.05,8.015625
3rz8,8.17,7.0742188
3pcn,3.66,3.2265625
2j2u,7.33,6.4960938
1ua4,4.22,4.140625
4tkj,6.04,5.25
4jkw,4.16,3.96875
4yrd,4.57,4.4140625
2q6f,5.44,4.6757812
1w3l,6.28,6.203125
1a8i,5.52,5.40625
1ado,6.0,5.203125
2qwe,7.48,7.3046875
4u6c,5.0,4.609375
3vhc,8.89,8.8125
4b6r,5.85,5.8320312
4zzy,5.6,5.4101562
4i71,7.74,7.3945312
3u90,4.62,4.421875
3alt,2.92,3.2949219
3ifl,8.08,7.9609375
2oxd,6.82,5.90625
2fxu,8.15,7.453125
1o3d,7.13,6.6445312
3n2u,7.84,7.4609375
3su2,7.35,7.09375
2w26,9.4,9.15625
2v54,4.6,4.4453125
2v58,9.09,8.171875
2bfq,6.89,6.421875
3s45,8.49,8.25
4ek9,4.42,4.453125
4ehz,8.0,7.84375
4a4q,9.4,8.8046875
1drj,7.4,6.5859375
4zwz,8.7,8.3671875
1k1y,3.22,3.2304688
1b3h,6.21,6.390625
3fas,6.77,6.2851562
4zei,5.88,5.7226562
2buv,4.0,3.5390625
1pme,9.4,9.359375
3hl8,4.49,4.2773438
4heg,8.92,7.9453125
3hvh,8.52,7.890625
4ury,2.22,1.9072266
2zjw,7.7,7.40625
3b4f,8.14,8.09375
1flr,10.0,9.609375
2pcp,8.7,8.078125
2nmz,8.37,8.0078125
2vh6,9.7,8.859375
3lzz,3.84,3.5996094
2ha5,4.34,4.0351562
3f8f,6.63,6.296875
4rqk,5.82,5.7265625
4kz3,2.77,3.2050781
4cfl,5.88,6.015625
2zdn,6.25,5.9335938
1afl,6.28,5.3671875
4o97,8.52,8.546875
4k5p,3.46,3.3671875
2xda,6.22,6.7617188
1c70,10.3,9.78125
5bwc,7.21,7.4609375
3slz,6.99,7.0703125
4cr5,4.15,4.3789062
5dgw,11.05,10.390625
1a99,5.7,6.078125
1lke,7.52,7.6992188
2q89,6.3,6.0585938
4fp1,4.57,4.7304688
1tmn,7.3,7.2695312
3g0i,3.6,3.1230469
4iuo,3.64,3.8652344
2pqb,7.2,6.3203125
4qf8,7.51,6.7851562
4lhv,10.0,10.3984375
4rlt,4.96,4.9726562
1tuf,4.05,3.6015625
2g94,9.52,9.5078125
1hyo,4.07,3.8476562
3bgc,5.02,4.9648438
3cj2,4.85,4.7109375
2zgx,6.74,7.0078125
2wgj,8.7,8.8203125
3o75,6.68,6.8007812
1dhi,7.26,7.3164062
3n4b,7.02,7.1992188
3uxl,5.57,5.9882812
1gj7,7.89,7.7265625
1mu8,9.0,8.84375
3k4d,5.11,5.109375
4yhq,8.77,8.390625
1uz8,4.96,5.1796875
2jiw,4.59,4.8515625
3ivx,5.74,5.9335938
4ha5,7.24,7.0390625
2hzl,6.57,6.3984375
1mtr,8.4,7.765625
2f7p,6.6,6.609375
3sue,9.08,9.5390625
1gi7,4.51,4.28125
2gvj,9.52,8.8125
3n7o,7.14,6.875
3l0v,7.64,7.6171875
3rt8,6.35,6.8398438
4mc6,9.59,9.296875
3ozr,5.15,5.4257812
4xu2,9.23,9.3671875
2xmy,9.96,9.7265625
4ban,8.61,8.1875
4hy1,8.7,8.1796875
2exm,4.11,4.03125
4z84,5.82,6.1484375
2qrm,4.03,3.8300781
2j77,4.89,4.9335938
4kif,4.84,5.515625
4lch,10.62,10.8203125
3ps1,10.17,9.84375
4o6w,8.52,7.5273438
4ew2,6.68,7.2578125
4bf1,8.62,8.9765625
1qan,4.48,4.8164062
3qbc,4.97,4.9257812
3pgl,5.3,5.0117188
1c5y,4.2,4.0195312
2v88,4.09,3.5371094
4en4,5.52,5.1132812
3fvh,6.35,6.8984375
2mas,7.52,7.3046875
2vpo,5.42,5.8164062
1h1s,8.22,7.6953125
2c3l,5.07,4.8984375
1g2o,10.55,10.3828125
1ai5,3.72,3.5957031
4kow,4.31,4.4179688
1a94,7.85,7.2304688
1bhf,4.38,4.5820312
1ew9,3.22,3.2167969
1o2h,7.17,7.2851562
4nze,6.8,6.875
1b55,7.4,6.484375
1ghy,8.1,7.3320312
1pph,5.92,5.96875
3gba,9.07,8.53125
3lpi,8.52,8.2265625
1ghw,4.2,4.0390625
2r9x,4.85,4.6601562
2h4n,8.7,8.09375
3pcf,6.05,5.71875
2vl4,6.01,5.1757812
4fl2,3.66,3.7851562
2f7o,7.44,7.3828125
3sxf,8.6,8.4921875
4hdf,8.49,7.7539062
1d3d,9.09,8.8515625
1dgm,5.05,4.8398438
4kp8,5.48,5.6328125
4r75,7.24,7.3046875
1ghv,4.35,4.3554688
3bxg,4.96,4.71875
4m0r,5.21,5.8398438
3i7e,10.85,11.1640625
3bpc,4.8,5.0273438
1uz1,6.89,7.3515625
1y6q,11.7,10.7890625
3d9z,8.7,8.6328125
2vmd,3.02,2.7402344
5cbr,5.74,6.328125
4b7p,9.46,8.75
2ov4,4.74,4.390625
3c2o,3.35,3.3222656
4zae,8.44,7.984375
2xbx,7.82,7.9726562
3d1z,8.8,8.7890625
4m0f,8.77,8.71875
1tng,2.93,2.578125
4n6g,5.47,5.2382812
3afk,3.6,3.6171875
1pyn,5.49,5.4921875
1qbv,5.39,4.9414062
3k37,8.92,8.96875
4ahr,2.19,2.2695312
4do5,5.83,5.2421875
2xej,8.87,8.984375
3arr,5.4,5.0742188
2vb8,4.6,4.8632812
3i73,5.49,5.6367188
4kxn,6.1,4.9296875
4gii,8.74,8.421875
3rwp,9.22,8.953125
4yml,8.35,8.0546875
3b4p,5.4,5.875
1ctu,11.92,11.0859375
5c3p,4.46,4.5273438
1srg,5.3,5.765625
4qge,9.3,9.5
1hvi,10.92,10.5703125
1bwa,8.6,9.0078125
4dzy,5.62,5.2070312
4gu9,4.37,3.8261719
4jyt,7.4,7.6601562
1erb,8.1,8.3359375
2q7y,4.3,4.1640625
4ibc,2.98,2.984375
1m2p,6.11,5.5039062
1ocq,5.19,4.578125
1wvj,6.73,6.765625
4nh8,8.52,7.9960938
1d4y,11.1,11.2109375
4fzj,3.15,2.7675781
3pe2,9.76,9.515625
4c9x,7.32,7.0429688
3egt,8.9,9.0546875
3qgw,5.89,5.8007812
1g74,6.52,6.8164062
1o35,5.0,4.4804688
4b76,4.54,4.6328125
4v27,6.66,5.9570312
1gno,7.7,7.6992188
4ly9,8.15,7.609375
4k4j,6.12,6.4179688
1f5l,5.28,4.6015625
4ngp,7.96,8.4296875
2jdp,6.6,6.671875
3t09,3.8,3.3476562
3s0b,6.49,6.0625
1fd0,8.4,8.71875
1k4h,5.11,4.9609375
5bry,11.82,11.21875
4xxh,5.0,4.9765625
4qyy,7.3,6.8710938
2za0,6.64,6.1210938
2f94,6.71,6.2460938
5am7,7.19,7.296875
3cdb,7.02,7.0351562
4m0e,6.22,6.1601562
1n51,4.85,4.71875
3si3,4.16,3.8085938
2bes,4.24,3.7480469
3a1d,4.12,3.9648438
1qbs,9.47,9.1875
4gg7,8.2,8.1875
4lj8,5.82,5.6132812
1m48,5.09,5.34375
2i3h,7.4,7.4726562
3hfb,7.52,6.8789062
2c80,5.33,5.4179688
4ahs,2.19,1.9150391
4i72,9.05,8.828125
1pxo,8.7,8.875
4i9h,7.17,7.4023438
3umq,4.62,4.875
2amt,4.44,4.4492188
4isu,3.68,3.1542969
3e85,5.38,5.375
4x6m,8.24,8.546875
1nje,3.8,3.5371094
2wr8,5.44,5.5585938
4kzb,2.89,2.6484375
3bra,2.7,2.8496094
2xef,9.84,9.71875
4jwk,8.32,6.484375
4h3f,9.0,7.8515625
5bv3,7.17,6.2304688
3igp,7.02,6.265625
4nj9,6.97,6.8007812
1lf2,7.52,7.2265625
3wz7,5.74,5.8476562
1i9o,8.42,7.9023438
1jaq,4.48,4.4960938
1n1m,5.7,5.7304688
2r43,6.0,6.1015625
4riv,7.0,6.796875
3qx5,4.2,4.15625
1usk,6.4,5.7070312
1gfy,5.08,5.3984375
3uw4,7.77,7.7695312
1bzy,8.34,8.5546875
1tom,8.3,8.1640625
4leq,6.54,6.3671875
2euk,6.6,6.296875
5cbs,5.41,5.5898438
3fhb,5.7,5.2890625
4ck3,3.57,3.4082031
2rd6,8.3,7.9765625
1igb,6.4,6.1875
1if8,9.64,9.4140625
3f5k,4.62,4.8320312
4bny,7.1,7.3242188
3f7g,7.37,6.8867188
4h3j,7.05,6.6445312
4r74,8.1,6.8398438
1qaw,5.12,4.53125
2w67,4.96,4.7890625
1sln,6.64,6.1757812
3gx0,3.48,3.5214844
1cny,7.85,7.125
2f80,8.18,8.0390625
1ta6,9.13,9.2421875
1aj7,3.87,3.9550781
2vwn,8.0,7.828125
3rlp,7.08,6.8398438
2d3z,6.64,6.7265625
4crb,7.57,7.3125
4mmm,3.82,4.0625
4u4x,5.01,4.703125
3qlm,6.37,6.2265625
4m3p,5.4,5.2851562
4cps,8.27,7.7617188
5cp9,3.51,3.5058594
4n9a,4.19,4.3046875
3ao2,3.77,3.7324219
1ele,6.85,6.5507812
3c56,7.89,7.6484375
4p5d,5.82,6.2421875
1y1z,3.08,3.0332031
3hl7,7.64,7.8632812
2zxd,5.22,4.9804688
3bxh,4.03,4.0078125
3zxz,8.4,8.7578125
3cr5,4.19,3.8769531
1yet,5.92,5.6835938
3acx,5.7,5.1601562
3tzm,7.77,7.1367188
1ql7,5.0,4.6367188
1zhy,6.52,6.8867188
4wk1,5.89,6.4765625
3tk2,4.62,4.6445312
3muz,3.46,3.3710938
1ajn,2.63,2.4882812
1qbo,7.74,7.9453125
3pgu,6.7,6.5976562
2bak,7.43,7.5898438
2qrq,5.1,5.640625
2whp,4.0,4.0390625
1y3v,5.64,5.4960938
2p3c,7.62,7.8632812
2cbz,3.93,3.1855469
2i80,5.4,5.3476562
1v48,7.8,7.7421875
3agl,7.8,6.8671875
4aqh,6.54,6.1289062
4gu6,7.36,7.1367188
2v95,8.3,8.125
1gcz,5.13,4.9882812
3nee,5.34,5.3203125
4nxv,5.42,5.4453125
3ekx,9.41,9.34375
1o2j,6.92,6.8554688
3l7d,2.18,1.8857422
1f0r,7.66,8.359375
4ajl,3.8,3.7402344
4gki,4.46,4.0273438
4i7p,3.5,4.25
2i3v,6.55,5.9140625
3ttn,7.84,7.9140625
3cd0,7.57,7.9882812
7upj,8.49,8.2421875
4aoi,8.4,9.171875
2oiq,5.0,4.6484375
2jdh,6.51,6.1953125
1pgp,5.7,6.0117188
4fxq,5.77,5.4609375
1b58,6.59,6.71875
4og4,6.02,5.8359375
3mi3,5.45,5.4257812
3ao1,2.26,1.8046875
3iob,3.42,3.1738281
3iph,7.6,7.3984375
2gh9,6.0,6.0703125
2py4,6.7,5.9960938
2zym,6.14,5.9804688
3ikd,6.75,6.9921875
2yxj,9.3,9.578125
3b7r,7.7,8.1171875
4k3h,6.85,6.59375
3c4h,5.7,5.703125
1wht,3.7,3.4101562
4bj8,8.29,8.140625
1f8b,5.4,5.4570312
1gwv,2.57,2.4707031
3njq,4.89,5.1210938
4xu3,9.5,9.6796875
3i5z,8.7,8.859375
2obf,8.85,8.9140625
1fh7,5.24,4.2773438
3efs,5.34,5.0507812
2zc9,6.74,6.859375
4fai,6.99,7.078125
2eg8,4.5,5.1015625
2p09,6.35,6.3007812
1x38,8.77,9.25
3f7i,7.34,7.65625
4c1y,3.6,3.5722656
1o36,5.96,6.0195312
4q4s,6.95,6.4804688
2oxn,7.44,7.7109375
3w9r,6.18,6.40625
2ewa,7.94,8.609375
4hfp,7.38,6.6367188
1cgl,6.87,6.4335938
4pum,6.73,6.7382812
2yk1,8.13,8.4609375
3gy3,5.63,5.6289062
2y82,8.4,8.046875
1b5i,7.05,7.3984375
2y5f,8.7,8.65625
1d9i,9.11,8.6484375
1bv9,9.96,10.609375
5d1r,4.84,4.8007812
3ikg,7.24,7.6328125
3c8a,6.18,5.6445312
184l,4.72,4.78125
1ttm,7.35,7.4804688
4rd0,6.62,5.9296875
2psu,7.62,7.8164062
3gjw,8.3,8.6875
3dgo,6.74,7.5234375
3own,7.47,7.6171875
4dhl,4.48,4.59375
3q6w,7.57,7.0585938
4rfd,8.05,7.9453125
4m13,6.7,6.2226562
2vjx,4.96,4.8828125
3th9,7.7,8.390625
1pa9,4.6,4.6679688
2hnc,7.22,7.3945312
3eqr,8.7,8.859375
4oc0,6.5,6.546875
4djy,8.27,8.2734375
2xht,5.96,5.7851562
3tcg,5.87,5.5
1qhc,7.57,7.8984375
2w08,3.42,3.9980469
4zwx,8.7,8.4453125
4zba,5.51,5.8359375
4bb9,6.0,6.1367188
3kdc,9.28,8.5859375
2o8h,7.6,7.3945312
1ebz,9.4,9.2265625
3lzs,10.96,11.3515625
1ew8,2.26,2.4921875
4q7w,2.64,2.8027344
3c39,3.96,3.9648438
4lzr,4.7,5.1445312
4m2r,8.49,9.0234375
1k6p,7.36,7.28125
4ovf,4.13,3.8125
3nzk,9.27,9.0234375
3l3n,8.18,8.3046875
3b2q,4.55,4.7226562
1ie9,10.19,9.984375
3p2e,6.22,6.4570312
4bt5,2.76,2.9863281
3ckz,8.72,8.125
4dsy,4.43,4.4882812
4ge1,6.43,6.4726562
4cd5,6.71,7.0585938
3f6e,2.38,3.359375
2x97,5.66,5.9023438
3b7i,5.82,6.1523438
3rv4,2.3,2.71875
1y3p,4.82,5.2382812
4elg,8.16,8.4453125
3n3g,7.24,7.0703125
3mmf,7.43,7.9570312
2ygf,5.09,5.21875
1bnw,9.08,9.4140625
4qev,7.66,7.4492188
3nu9,9.05,8.53125
5dqe,3.63,3.3613281
2y8c,6.4,6.3242188
1oz0,7.7,7.1328125
4pfu,6.17,6.0820312
4y8x,8.43,8.6328125
3lbz,3.86,3.6230469
3kiv,4.7,4.7382812
4x5r,7.85,7.53125
4b6s,6.01,6.4726562
4ibi,4.14,4.171875
2zdk,6.37,6.1367188
1dmp,9.55,9.84375
1bxr,3.4,4.0820312
3ai8,3.81,3.2675781
3lcv,4.74,4.71875
3t6b,6.36,6.9648438
2gzl,4.82,5.3007812
4non,5.24,5.9726562
2idw,8.89,9.03125
2xb7,9.19,10.0625
3elc,2.69,2.2578125
2f9k,7.07,7.7460938
4riu,7.3,6.828125
1fkf,9.4,9.171875
3dcc,8.96,8.9453125
2f34,6.89,7.2070312
2x0y,4.6,4.6445312
2am4,3.72,3.8007812
2yfa,5.07,5.0390625
2vpe,4.94,5.2929688
4hdp,7.51,8.1328125
2pqc,5.74,6.0039062
3s56,9.62,9.0
3h89,7.64,7.3789062
4mhz,6.87,6.5078125
2r5a,2.6,2.890625
1ohr,8.7,8.0859375
4bam,8.94,8.9453125
2bal,6.31,6.5195312
4tmk,7.7,7.765625
2evl,6.7,6.8984375
4axd,4.43,4.7148438
3c88,6.8,6.8632812
3hk1,6.17,6.5078125
3i4y,7.05,6.8476562
4gql,9.59,9.359375
3shc,5.72,5.4492188
2oax,8.65,8.8046875
2avq,4.39,4.6992188
3suw,4.7,4.71875
3v7t,7.21,7.1328125
4qfo,4.27,4.0195312
1yda,6.55,7.0351562
1c5p,4.68,4.6601562
3upk,4.3,4.4023438
2vwc,6.62,6.7773438
1m0o,2.31,2.4082031
2ax9,9.52,9.4765625
2avs,7.57,7.4960938
3g5k,9.52,8.90625
4hf4,8.62,8.625
1gj8,6.96,6.9960938
4kxb,4.12,4.1171875
1i80,6.41,6.4414062
1ydd,7.07,7.0898438
4ksy,8.42,8.8671875
4ouj,2.86,2.8984375
3ioe,3.27,3.3105469
2gj5,8.32,8.1796875
4ase,11.0,11.3125
1kjr,6.06,6.390625
2pk6,10.89,10.734375
3g30,2.51,2.4179688
3c2r,3.11,2.5175781
1xug,7.05,6.9804688
1jao,5.92,5.7304688
3u7s,8.43,8.96875
4kb9,11.0,10.0859375
1c5q,6.36,6.5234375
1yqj,8.14,8.9453125
3nes,5.62,5.78125
2y81,8.7,8.1953125
4lxd,7.23,7.0273438
3odu,8.14,8.2109375
3ttm,8.52,8.6015625
4bqg,6.22,6.3398438
2a5s,6.7,6.3984375
1ghz,4.8,4.578125
4rlw,4.87,4.7070312
1f4x,5.59,6.1289062
1zdp,5.74,5.4453125
1k21,8.38,7.796875
3rm9,4.77,4.4179688
3hp9,4.59,4.5390625
2v2h,3.77,3.8828125
2xyt,6.29,6.0390625
2j7f,6.35,6.4179688
4nuc,6.04,6.6601562
4dkq,6.6,7.3242188
3aau,5.05,5.3242188
5afv,5.59,5.6523438
2w8j,2.96,3.5019531
4mjo,6.22,6.234375
1hih,8.05,8.015625
1ugx,5.91,5.5664062
4ngm,10.35,10.4375
3dd8,7.85,8.7890625
4z0q,8.17,8.5625
4fk6,9.7,10.09375
2j4g,6.6,7.2265625
4az5,5.99,6.3085938
2ews,6.62,6.7382812
1hvj,11.4,11.421875
4kx8,7.13,7.0703125
2qmg,9.15,8.9453125
1yp9,5.11,5.5585938
1f0t,6.0,6.3515625
1d4i,8.85,9.5390625
1g30,6.85,6.8710938
2xxt,8.05,8.375
2aac,2.22,2.5859375
3re4,7.4,7.4296875
1ez9,5.1,5.4960938
3b92,8.0,8.4375
3ama,6.53,7.2695312
4do4,7.29,8.1796875
1wuq,8.27,8.109375
1fpc,7.0,7.0390625
3st5,11.3,10.984375
4del,7.68,7.9726562
4gqq,2.89,3.234375
2std,9.85,9.46875
1mq5,9.0,9.0859375
3mhi,6.7,7.03125
3gy7,4.52,4.7539062
1ur9,5.77,6.0546875
4ih6,4.74,5.1523438
4buq,8.14,8.65625
4psb,4.64,4.7695312
1kmy,5.1,4.96875
2r23,3.72,4.3632812
1i9q,8.41,9.2734375
2a14,5.7,5.5742188
1px4,3.23,3.2109375
3uod,7.31,7.6914062
2vvu,8.1,8.6328125
3f70,4.85,5.0351562
4kp5,6.08,6.4882812
3iod,4.1,4.1835938
3m67,6.74,7.0234375
3el4,7.17,7.5625
2o4r,9.4,9.6875
1uho,9.22,8.875
4lw1,3.15,3.5917969
1pdz,3.7,3.8007812
3gcp,7.82,7.8085938
4cg9,6.21,6.015625
2w8w,2.12,2.7109375
1bwb,8.42,8.7578125
3bxe,5.48,5.4140625
4rj8,7.77,8.28125
4uma,5.41,5.8515625
1c5o,3.49,3.6308594
4x6i,8.0,8.2109375
4cc5,4.42,4.546875
3iae,3.89,4.2226562
4r4o,5.82,6.234375
4rhx,5.8,6.8476562
1pot,5.49,6.1757812
2g8r,3.99,3.9042969
1m4h,9.52,9.0703125
4rsk,4.32,4.3398438
1t5f,4.22,4.4414062
1bnu,9.7,9.9921875
3d1x,8.66,8.953125
1sw2,7.22,6.8242188
2p7a,6.1,6.7382812
3mv0,3.85,3.7460938
1d2e,6.0,6.875
3ebi,7.1,7.1875
2pyn,7.57,7.6484375
3dhv,2.96,3.234375
3hf8,6.51,6.59375
2qnn,7.15,7.734375
3po1,4.02,3.5683594
3vh9,6.24,6.6367188
1fki,7.0,6.6328125
2o4j,10.1,9.8515625
3ibu,9.15,9.4609375
4o61,4.3,4.6367188
1wdn,6.3,6.265625
3nuo,9.8,9.7578125
4ymg,4.68,5.2148438
3bzf,4.52,4.9453125
1h1d,8.22,8.296875
1om1,6.77,6.8164062
3zyu,7.0,6.703125
1n46,10.52,10.3515625
1m0n,2.22,2.0664062
3su1,6.68,6.7773438
4bs0,5.7,5.6953125
4bup,4.95,4.9960938
3m3x,6.82,6.90625
3t8v,6.59,6.8632812
3q6z,3.72,3.5878906
3mho,6.49,7.375
1syh,6.41,6.7539062
3h5b,10.0,10.4453125
4a4v,6.54,6.4921875
1mai,6.68,6.234375
4pyy,7.23,7.6835938
1sw1,7.3,6.9609375
1lcp,6.64,6.6914062
2wyf,4.43,4.7460938
3qkd,8.38,8.9921875
1jn4,4.95,5.5117188
3fjz,4.05,4.1953125
1o3i,7.3,6.6835938
4cj4,3.36,4.03125
4z6i,6.31,6.5273438
1br6,3.22,2.6464844
3g0e,7.7,7.9375
4w52,3.76,3.6796875
3o9d,10.72,11.3359375
1o7o,4.49,4.28125
3fv3,9.52,9.1328125
4q3t,6.48,6.203125
3sha,5.59,5.1679688
1gaf,8.0,8.1640625
3wgg,4.4,4.5195312
2qrk,4.26,4.34375
3qfd,4.17,4.9023438
4x5q,9.0,9.5234375
2qd6,8.68,8.4765625
4wkp,9.55,9.15625
1mrn,4.52,4.1953125
4ua8,6.26,5.8359375
4yzu,5.05,4.6289062
1lan,7.22,6.890625
1u1w,5.85,5.375
2arm,7.68,8.03125
4wr7,11.7,11.09375
3pn4,6.85,6.9296875
1jmg,6.07,6.203125
3bwj,6.5,6.3398438
2vt3,4.15,4.296875
1e2l,4.29,4.0390625
2g5u,8.49,8.5234375
1str,4.77,4.4257812
3tf6,6.4,5.7617188
2aog,6.28,6.6015625
1cps,6.66,6.65625
2r3t,5.85,5.7617188
4gbd,11.32,10.9609375
4b5t,3.33,3.203125
3c89,6.07,6.3945312
1o2r,5.21,5.1015625
4fht,6.17,5.8671875
2y5g,6.84,6.2578125
7std,10.72,10.515625
4q08,6.3,6.6640625
2e94,8.0,7.5703125
4fm7,7.24,7.15625
4clj,9.15,9.4765625
4je8,5.21,5.0820312
2v8w,6.82,6.3085938
1nvr,8.11,8.1640625
1i9n,8.66,7.7304688
4e1k,6.3,6.0546875
1ugp,2.89,3.0917969
1zfk,7.92,8.3046875
5cep,6.84,6.8984375
1ela,6.36,6.1367188
4lm1,3.23,3.3574219
4avj,7.44,7.5273438
4z2b,7.76,7.9179688
4ymh,6.46,5.6523438
1pfu,2.72,2.2421875
4azb,7.24,6.4726562
2v2c,3.41,3.3183594
4euo,5.05,4.8515625
2bvr,3.7,3.5117188
1v0l,7.55,6.6015625
3iog,5.52,5.2851562
3jy0,8.3,8.015625
2r2m,7.33,7.2734375
1fjs,9.96,9.59375
3ml5,8.52,9.203125
3bgq,7.96,7.5703125
4qxq,5.7,5.3515625
4uye,8.02,7.6953125
4uac,6.54,6.78125
3u8j,8.51,8.296875
4u69,4.26,4.078125
4djq,10.32,10.75
3lbj,4.96,4.078125
1f3e,6.7,6.7148438
4j22,7.74,7.8632812
1o5c,5.22,5.6914062
2hw2,2.97,3.4277344
3qx9,4.05,3.7832031
4ly1,7.26,7.5117188
3h78,4.24,3.7460938
1fkb,9.7,9.6875
2x96,4.03,3.8007812
3g2h,3.82,3.96875
3rv8,4.92,4.875
2cf9,7.82,8.09375
4de0,5.89,5.7460938
4ezx,5.8,5.3203125
3lgs,4.61,4.4179688
3t82,7.0,7.8007812
2p2a,6.12,6.140625
3ddg,6.0,5.609375
2rin,4.0,3.9746094
4wko,9.47,8.9765625
3vje,8.01,8.015625
3f17,8.63,7.9375
3hvk,8.52,8.25
3v5p,8.96,8.9765625
2i4v,11.2,10.546875
1m7y,10.96,11.390625
4gqr,3.96,3.9414062
4der,6.31,6.3085938
3tao,5.14,4.9648438
1ndz,8.11,7.9375
3rf4,6.25,6.03125
2wyj,9.0,9.3203125
3td4,5.66,4.7304688
3eko,6.7,6.609375
3ehx,7.6,7.140625
3kgq,2.3,2.4257812
2w7y,6.08,5.9960938
2vot,7.14,6.2578125
4rd3,6.47,5.9335938
1mu6,8.38,8.7421875
3buf,3.1,2.5839844
1i37,9.57,9.375
1w5v,8.15,7.7773438
4fz3,3.73,3.7011719
3fuc,9.72,9.2421875
2rkg,8.09,8.40625
3ipu,7.32,7.453125
1p57,4.4,4.078125
2csn,4.41,4.5039062
1xh4,7.47,6.7773438
3uug,4.51,4.3085938
5aoj,4.68,4.78125
3f33,3.34,3.2734375
1oif,7.72,7.5976562
2iw4,9.3,8.9453125
3t0x,8.0,8.21875
3a2o,9.08,8.8515625
1m2q,6.1,5.9609375
2qx0,6.11,5.6679688
2nt7,6.52,6.2890625
3jzh,3.4,3.0859375
3eax,4.92,5.171875
1s19,9.51,9.0625
2x7u,5.27,4.9804688
1jev,6.89,7.4140625
4z6h,6.21,6.3125
3hvj,8.7,9.34375
4nbl,6.33,6.6601562
4n6h,9.28,9.8515625
3f8e,7.23,7.375
4jv8,5.85,6.421875
4pin,5.4,5.6640625
4zji,6.47,6.4609375
2qv7,3.66,3.984375
3s5y,7.41,7.6679688
5efa,4.83,4.7734375
3el9,8.4,8.4609375
3uj9,4.63,4.8984375
1apv,9.0,8.140625
4m2u,8.04,8.9921875
2qi7,10.21,11.171875
1bai,7.7,8.046875
3aas,4.51,4.703125
4umb,4.0,3.8769531
4nbk,3.87,3.4316406
4lm4,3.04,3.0332031
1ct8,6.52,6.5
1k6t,7.62,7.5703125
3kku,5.7,5.8867188
1mfa,5.04,5.2304688
1w9u,6.09,5.5859375
2b9a,8.05,8.703125
3obx,3.89,4.25
4dds,5.01,4.7382812
4w9f,5.49,6.0039062
1d4h,10.0,10.1875
1sgu,5.37,5.75
1izi,6.59,6.7539062
2xc0,6.72,7.1289062
1vzq,7.44,7.8007812
3nik,3.45,3.4042969
2ewb,6.1,6.375
3dc3,8.31,8.40625
2jkp,4.23,4.2617188
3ozj,5.11,4.8828125
3n3j,8.48,9.515625
4q9y,5.68,5.5234375
3s8n,6.21,5.9882812
5aoi,3.03,2.8300781
4ykk,2.77,2.8222656
1tpw,3.3,3.3417969
2rfh,6.82,6.84375
4zhl,6.47,6.6171875
3l1n,5.63,5.6875
1b4z,5.23,5.0703125
2v25,5.72,5.7070312
4gzt,7.77,7.8320312
3s2v,6.8,7.0507812
3obu,4.3,4.3984375
4f6u,6.15,6.0195312
2o4n,7.82,8.8125
1qin,8.0,8.109375
2oi0,7.55,8.03125
2f6t,4.62,4.6835938
3zsy,3.23,3.6308594
3u6h,9.0,9.3046875
2gv6,7.34,7.171875
4ca5,9.39,9.109375
1j16,3.84,4.2148438
4b9z,4.09,3.9140625
4b3c,2.68,2.5605469
2vwl,7.02,7.5898438
1o3l,6.54,6.4765625
4kyh,5.92,6.015625
4abe,3.4,3.5253906
4gzp,7.84,7.890625
4gj2,8.6,8.859375
2j7d,7.13,7.4179688
186l,4.85,5.1679688
3su4,6.26,7.1640625
4qpd,7.82,7.5429688
1nt1,8.89,9.5546875
3oyq,7.99,8.4609375
1pr5,3.92,4.1210938
4efs,8.6,8.5859375
4w9j,6.23,6.5664062
3uxk,4.93,5.0273438
1lkk,6.85,7.640625
1hbv,6.37,6.3984375
3i4b,8.15,8.65625
2wky,8.59,9.375
3w37,5.18,5.2617188
2uxi,7.3,7.5703125
1hpv,9.22,9.5234375
1n3i,8.89,9.7890625
1kv1,5.94,6.1484375
3rlb,9.92,10.734375
1od8,5.1,5.5507812
1bty,4.74,5.1875
3d4y,5.7,5.7929688
3sax,6.57,6.703125
1g48,8.41,8.953125
1izh,7.7,8.0234375
1d6w,5.96,6.2539062
1lee,7.74,8.078125
1yc4,6.55,6.9375
3ng4,5.43,4.859375
3hky,7.1,6.6601562
4qf7,8.6,8.3125
4kiu,3.85,3.7128906
2cen,8.3,8.515625
4baq,9.01,9.0859375
3nhi,8.43,8.390625
4ai5,2.92,3.2773438
2yhw,5.6,5.6601562
3arx,5.33,5.328125
4bco,6.88,6.8671875
4np2,2.26,2.5078125
3t85,7.95,7.75
3cd7,7.84,8.9765625
3imc,2.96,3.0273438
3qfz,3.24,2.9746094
