ID,train_true,train_pred
4uu7,6.08,5.8085938
2igx,7.27,6.4648438
4ijh,4.33,4.2773438
3bi1,9.92,9.4765625
2woq,2.88,3.5820312
3ow6,6.66,6.8164062
4hgc,10.0,9.546875
3ik1,4.85,5.1601562
2q72,2.68,2.5019531
4hg7,7.05,7.953125
1okz,8.3,8.1015625
1qku,9.59,9.71875
1x7e,5.97,6.2695312
1r9l,5.4,5.8046875
4kba,8.22,7.7734375
3pwd,6.66,6.5039062
3btr,5.3,5.078125
3cbs,7.24,7.2578125
2b55,7.02,6.59375
1dg9,2.74,2.5449219
4mi3,4.12,4.5429688
3uz5,7.22,7.3320312
4pnn,4.52,4.8867188
3jzq,6.96,6.2148438
4c4j,8.52,8.5
4btk,6.62,6.5742188
2flb,5.74,5.6992188
2cfg,7.44,7.1640625
4qp7,5.23,4.9335938
2h9p,3.72,3.9140625
3ryy,7.42,7.2890625
4wym,4.0,4.5117188
3pn4,6.85,6.53125
4z7h,6.66,7.0585938
1pmx,5.14,5.0078125
3qzt,4.0,4.1289062
3are,6.21,5.9023438
3jrs,4.28,4.3359375
2z6w,7.87,7.6757812
4gxl,5.28,5.2929688
2i3z,8.7,8.4921875
1e37,3.7,4.15625
1ztq,8.89,8.2578125
3kd7,3.7,4.03125
1rt2,8.22,7.7226562
1qf5,7.37,7.0351562
4xmb,7.36,7.1601562
1jwm,3.57,4.4414062
4foc,8.52,8.6328125
4nw7,6.63,7.4921875
3btc,5.75,5.8984375
3ot8,8.05,8.265625
1dud,4.82,4.9101562
3zjc,5.05,4.8945312
1nhx,5.68,6.1757812
3oxc,8.41,7.90625
1jr1,8.22,7.8398438
1v0l,7.55,7.5351562
4uof,4.84,4.5390625
1lnm,8.7,8.453125
2j9h,3.39,4.0039062
4k0u,7.26,8.0078125
2y2h,4.57,4.6953125
1ek2,8.2,8.0234375
2iog,8.1,8.2265625
1toj,3.39,3.3867188
4mka,9.0,9.5
1i7m,9.64,8.921875
4fgy,6.3,7.0117188
1ule,5.92,5.6015625
4eh9,2.26,2.140625
1z9y,7.19,7.5703125
1vij,9.52,10.609375
1nfx,8.52,8.9609375
4cps,8.27,7.8320312
3p0g,10.08,9.1796875
4ogv,8.05,8.171875
3k5g,8.6,8.5078125
1xge,4.68,4.7226562
4dfn,7.7,7.4648438
4fmq,5.05,5.2539062
1lev,5.6,6.4296875
3tjm,5.2,5.8554688
1ilq,4.89,4.3085938
4y5s,3.73,3.5097656
4q1e,8.17,7.9648438
3qiz,5.21,5.0820312
3iw5,6.08,5.9023438
4p75,4.1,4.0898438
3nwb,7.96,8.3984375
1kv1,5.94,5.9335938
2yjc,7.66,8.3046875
1a2c,6.3,6.3085938
4btw,7.15,6.7578125
2wej,6.08,6.375
2ca8,4.66,4.8398438
1xff,4.82,4.4570312
4nzb,4.17,4.0664062
1gvu,9.0,8.4296875
2zwz,7.79,7.3203125
2iqg,8.3,7.7890625
2g83,5.92,6.140625
5cbs,5.41,6.2265625
3p4q,6.52,6.0625
2itz,8.59,8.0546875
4c9w,6.11,6.1367188
2zoq,6.05,5.9179688
2r2l,9.0,9.4453125
3dba,8.0,7.7890625
3ux0,6.26,6.5390625
4o2p,6.7,6.4179688
3l0n,2.77,2.9257812
3iej,6.66,6.1835938
1w80,4.54,5.0820312
1uyh,4.84,4.7929688
3s7b,6.3,5.4804688
3c3r,4.39,3.9589844
1h6e,6.15,6.703125
3ot3,8.3,8.234375
4kn7,7.62,7.8984375
4nmx,6.18,6.234375
4kao,6.11,6.3476562
3kmm,9.7,9.3046875
1d2s,9.74,9.0625
4agd,8.41,8.578125
3vd9,4.0,4.1953125
2xuf,14.39,13.90625
1wbg,3.0,3.375
1fwu,3.7,3.7324219
4oar,10.42,10.3046875
3ugc,6.02,5.734375
3cth,6.96,6.4140625
1y3g,7.4,8.2265625
1xh9,7.77,7.6992188
2boh,8.52,8.390625
4hrc,8.92,7.796875
3oyn,7.6,7.6171875
4ixh,8.21,7.9453125
2ow0,6.7,6.3242188
4kva,3.94,4.3828125
3che,5.29,5.8007812
3vi2,3.77,3.8925781
3f6h,4.72,4.0742188
4l51,3.0,3.015625
3as1,4.02,4.0742188
3hl8,4.49,4.796875
2qn1,4.77,5.0078125
2vio,4.4,4.765625
1hp0,6.7,6.6953125
1hi3,4.19,3.9140625
4ask,7.22,7.140625
4rac,7.52,7.5664062
4ovh,4.85,4.3242188
5ais,6.24,6.3945312
3w55,7.1,6.8476562
1b6m,8.4,8.21875
2cgw,4.76,5.4023438
4uv8,6.47,6.1992188
3m36,9.82,10.1328125
4b6p,7.13,7.6054688
4q1s,4.17,4.2929688
4ai5,2.92,3.2421875
3avz,7.19,6.796875
3sad,5.96,6.0078125
4onf,8.92,8.5546875
3qem,7.22,6.9609375
3r16,7.3,7.1757812
3g2v,6.52,6.5976562
4yl1,6.67,6.71875
2p3c,7.62,7.0898438
3bbb,7.0,6.53125
3r6u,4.52,4.046875
2zp0,7.6,7.2929688
3u5l,6.19,5.8945312
2jnp,6.89,7.421875
2wot,7.36,7.59375
4yzu,5.05,5.09375
3kw9,9.0,7.9609375
4bcc,8.05,7.6445312
4r5a,8.7,8.421875
3lnj,6.66,6.234375
2onb,5.57,5.609375
4hzx,9.3,9.0703125
3kba,7.8,7.2304688
3chf,5.37,5.0664062
3fmq,7.95,7.9648438
2x95,4.95,4.6132812
3ro0,4.5,4.28125
1bzh,6.77,6.4023438
1u9q,8.33,9.2578125
3nu5,8.35,9.0
1hvj,11.4,10.484375
1w2g,4.57,4.5234375
3kqo,3.85,4.0507812
3wym,9.52,9.046875
4ej2,2.49,3.1816406
4bdi,3.64,3.7050781
3ipb,6.7,7.0390625
2rnw,2.98,2.9765625
1fm9,9.0,8.5546875
1m5e,7.7,7.9140625
5d1w,5.12,5.1445312
4nmv,4.95,4.8867188
5ea6,7.41,6.75
1sts,5.0,5.2304688
3qd4,8.2,8.875
3ztd,4.02,4.0859375
2p53,7.46,7.3671875
3hkw,8.64,8.1171875
2ohv,6.46,5.9882812
5afl,3.4,4.078125
2fx6,3.7,3.6992188
1owd,8.2,8.1015625
3udj,3.62,4.1132812
4ci1,6.6,6.3125
1sdt,9.27,9.265625
3gds,6.51,5.3398438
4qz1,5.44,5.2148438
3u2k,7.52,7.7109375
4l52,8.4,8.0859375
3m57,5.4,5.7929688
3dng,8.13,7.9921875
1abf,5.42,6.2226562
3lpu,5.86,5.7773438
2ez7,4.36,4.5039062
4or4,4.57,4.5976562
4rs0,6.0,5.8359375
4lh2,1.24,1.7705078
2lbv,7.59,7.4726562
4ycl,8.15,8.0
2w71,6.48,6.0664062
3wde,6.91,6.3671875
3qg6,9.14,9.4921875
4c5w,5.48,5.9296875
1o0d,8.21,7.953125
1wm1,6.3,6.4140625
2hzn,7.39,7.8984375
5ajv,6.24,6.0976562
3nwe,7.6,7.1757812
1o34,5.74,5.5195312
4pnk,6.6,6.4257812
4azt,4.17,4.7382812
4rqz,5.4,5.2851562
4otw,9.28,8.96875
4c6v,4.59,4.6796875
4lp0,8.0,7.3164062
2fr8,3.15,3.1074219
3n9s,5.26,5.2382812
3fqe,8.3,7.9726562
1i8z,8.9,9.4453125
4mmp,7.71,7.7734375
4prp,5.66,6.3984375
1uyi,5.39,5.3476562
1mqj,5.32,5.1210938
1kyn,5.39,5.5976562
4bs4,8.22,7.8984375
2ea2,7.8,7.78125
3qxm,7.48,7.4804688
1ahy,3.36,3.2910156
4zb8,6.03,5.9023438
4h3g,8.22,8.2578125
3d7f,9.3,9.84375
4tww,4.2,3.7675781
3kr2,5.14,4.8125
3u9c,5.89,5.5351562
3bl9,7.18,7.3007812
4a16,9.37,9.5703125
3il5,5.8,5.5507812
2f10,3.48,2.4746094
1h2k,2.92,3.1953125
3tfk,5.01,5.5625
2zfi,3.46,3.0722656
2gzl,4.82,4.7851562
3vjl,8.25,8.3828125
2vd7,5.38,5.1367188
1o6r,7.1,7.1523438
4nct,7.55,7.84375
2q95,5.8,5.8085938
3rl4,5.42,5.5820312
3diw,6.72,7.34375
2v96,4.54,4.234375
1xot,5.42,4.9453125
1fo0,5.59,5.5898438
3ryz,8.62,8.8046875
1b6l,8.3,7.9609375
3psl,6.89,7.296875
1ol1,4.68,4.1679688
1hy7,5.39,5.75
1gsz,7.21,7.0429688
1ej4,7.3,7.875
3f34,3.16,2.9804688
2oc4,7.07,6.765625
5av0,3.55,3.4863281
4a4c,3.61,3.4335938
5ai4,3.47,3.4882812
3ehw,4.82,5.203125
1ihy,3.74,3.2265625
4p0v,5.92,5.9765625
4qgh,9.0,8.1171875
2vte,3.91,4.1328125
3v30,3.74,3.9238281
3ogq,7.52,7.8554688
2jdt,6.77,7.078125
1dis,11.0,12.1484375
4zg6,6.33,6.2382812
3zrl,6.8,7.28125
1gx8,6.37,6.546875
2q55,8.69,8.5625
4r07,5.32,5.0820312
4k63,4.22,3.6503906
1x39,9.22,9.234375
4u0w,3.0,2.9648438
3oc0,6.28,6.1523438
5e1o,5.43,5.078125
4xue,5.3,5.5898438
1oyn,6.26,6.4257812
1hvr,9.51,10.15625
4nld,7.7,7.8242188
3rl8,5.98,5.5742188
1jlq,8.15,8.4453125
1il9,3.4,2.9765625
1obx,5.72,5.8789062
1bap,6.85,6.1875
1tu6,9.08,8.5546875
4j3e,7.06,6.7929688
1d8m,8.51,8.9140625
5bsk,6.22,6.4804688
2qrp,6.2,6.4257812
3i7b,7.18,7.65625
2bjm,3.7,3.5761719
4ogt,10.0,9.703125
4jrg,6.71,6.6484375
4xu1,9.49,9.5078125
3zxv,7.31,7.2734375
3n3j,8.48,8.15625
2f6t,4.62,4.0429688
4ew2,6.68,6.7695312
4zom,8.52,8.4609375
4e70,5.28,5.3710938
4l0s,6.84,7.1054688
3l9n,8.07,8.0703125
4bi0,4.23,4.3945312
2qci,8.34,7.8476562
1g49,7.8,7.5898438
1caq,7.72,7.578125
3t1m,3.04,2.4824219
5ar5,6.3,6.1640625
2b1p,8.52,8.9453125
4yrr,2.7,2.1269531
2zz6,6.72,7.2460938
2qbu,6.19,6.5898438
2iw6,6.85,6.5859375
3ha6,5.68,5.5351562
4b13,5.7,6.015625
2xk1,5.74,6.0976562
1a09,6.7,6.15625
1r17,6.42,6.5078125
3frz,8.15,8.7421875
5c2e,8.7,8.9453125
1j1a,7.54,7.921875
1rs2,4.3,4.6953125
3fea,7.44,7.0820312
4mr4,5.94,5.6601562
1e9h,7.46,7.6992188
4e5f,4.82,5.0273438
3sv6,7.46,7.21875
4rx7,8.3,8.53125
2i72,7.43,7.6171875
2byi,6.34,6.2773438
3hpt,8.19,7.8867188
4ih6,4.74,5.09375
3zov,7.22,7.125
5d1j,7.32,7.0976562
4pct,7.15,7.2460938
3ljo,6.62,7.15625
1v3x,7.62,7.6054688
2flu,7.7,7.3046875
1msm,10.48,11.265625
4bxn,8.0,8.0078125
4eqf,6.81,6.1523438
3dda,3.88,3.2050781
4kg1,6.56,5.9921875
2yb9,9.22,8.546875
5dl1,5.0,4.6171875
3g4l,8.24,8.59375
3r2f,8.85,8.3359375
4uva,5.75,6.2773438
1tpw,3.3,3.0664062
4x14,2.92,3.2910156
3t5i,6.82,7.1796875
4mvy,7.54,7.734375
2g9q,6.4,6.1640625
1cin,8.73,9.2890625
4ch2,5.99,5.703125
2ohs,4.4,4.6171875
2c6k,6.14,6.5546875
4kp4,5.17,5.1953125
3ijg,4.27,4.3828125
2lty,5.38,5.0625
3f9w,4.72,5.03125
3o9a,10.7,11.4765625
2ay1,2.29,1.9824219
4u0s,6.8,6.109375
4jg7,6.92,7.6601562
4n1u,8.3,8.765625
3dgq,4.92,4.9960938
4dk8,5.74,5.8007812
3tti,8.22,8.453125
2p8h,7.15,6.8945312
4r5v,6.15,6.1132812
2rf2,8.44,9.9140625
2h6b,5.39,5.3632812
2vww,6.62,7.0234375
4pl4,5.27,5.6054688
2rr4,4.78,5.1445312
4wey,3.5,3.3339844
1qbv,5.39,6.1523438
1std,10.33,9.3203125
1tkt,6.15,5.9804688
1e00,6.1,5.8828125
3nef,5.94,6.609375
4tk1,3.72,4.0742188
3g0i,3.6,3.8085938
4f5y,5.43,5.828125
4j79,3.1,3.8417969
2we3,4.43,4.875
2rkf,9.08,9.109375
4r8y,6.19,6.8984375
2q9n,6.37,5.5859375
2haw,4.92,5.2539062
3h03,3.87,3.8613281
2exg,4.3,4.5585938
1rhr,8.1,8.078125
3art,4.43,4.3945312
5c4u,8.72,8.5
4k9g,5.82,5.7929688
2hah,8.0,8.15625
3kec,7.24,7.9101562
4g8y,4.59,4.4023438
5agu,10.0,9.734375
4od9,7.24,7.3632812
3krd,8.17,7.6171875
4xhk,8.3,8.9296875
3wk7,3.9,3.9160156
3h26,4.49,4.7578125
4mwc,5.87,5.546875
4awm,5.72,6.1953125
4ax9,9.57,8.90625
2v6n,5.86,5.6484375
3r9d,4.15,4.453125
4axd,4.43,4.421875
2yiv,2.78,2.609375
1hxk,3.4,3.0703125
2pgl,3.59,3.6601562
3d8z,3.37,3.203125
3hv5,7.02,6.6992188
2w1c,8.0,8.1796875
4r5g,5.22,5.6992188
4ie7,5.05,5.921875
5aoi,3.03,2.8300781
4ikn,4.85,4.765625
3fhr,6.68,6.7070312
4gqr,3.96,3.8398438
3ind,5.82,6.453125
3i1y,8.15,8.484375
1noi,3.15,3.28125
3fcb,5.31,5.25
2w3o,6.72,6.4335938
1lhg,7.1,7.421875
1o1s,7.31,7.7929688
4nni,5.5,6.046875
3mdz,9.1,9.0625
2b1v,5.74,5.8398438
3zj8,3.9,4.2148438
1nmk,8.24,8.453125
2a5c,4.62,5.1757812
4zxx,8.1,7.9023438
3jrx,9.0,8.609375
2hiz,6.95,7.46875
1q84,11.05,10.5078125
3ion,8.1,8.3203125
1i5h,4.28,4.8867188
4xv3,7.92,7.9609375
3ozr,5.15,5.1132812
4lkf,5.37,5.359375
2eh8,7.96,8.3125
1bm7,7.52,7.5859375
2jko,8.11,8.59375
3arb,6.63,6.578125
3iiy,4.8,5.3476562
3dla,3.46,3.8632812
2wjg,7.1,7.1171875
4ya8,6.1,5.8515625
2xfk,8.52,8.0703125
4k55,5.51,5.0351562
4g2f,6.8,6.7460938
3hcm,3.3,3.5097656
2gz8,5.52,5.328125
1dif,10.66,10.953125
1lhu,8.83,9.203125
1bm6,7.89,8.2421875
4bqt,5.79,5.8945312
4la7,6.57,7.078125
4gql,9.59,10.046875
4j0s,6.42,6.953125
3h0j,6.49,6.6992188
3qai,8.1,8.015625
3p3t,7.24,6.9296875
3q2h,9.16,8.8203125
4owo,4.47,4.1679688
1xpc,8.77,8.640625
4cpq,7.74,7.5742188
3rmf,4.09,4.5820312
5cep,6.84,6.5976562
4z7n,5.04,4.2851562
4lwv,8.22,8.03125
4y2y,5.05,4.7890625
3t0l,4.52,4.4960938
2r3k,7.0,7.3320312
4mw6,5.78,5.8359375
3c1k,9.44,9.8671875
3t3g,5.49,5.3398438
3t5u,7.59,6.9375
3u7s,8.43,8.0390625
3skh,6.05,5.9375
3odu,8.14,7.921875
2xzg,4.74,5.1328125
1qb9,7.44,7.296875
4qvq,5.2,5.6289062
3adu,4.14,4.3867188
2fm2,8.15,7.5742188
3p4r,2.72,2.0078125
4bcj,7.96,7.7773438
5e1m,6.72,5.5585938
3i90,3.3,3.4277344
4gtv,7.42,7.0234375
2x09,3.76,3.9570312
3c84,7.85,7.734375
2xyr,6.13,5.8125
4dgb,3.89,3.9492188
2lct,5.14,5.2070312
4bj9,7.35,7.1875
4w4w,7.46,8.015625
1jt1,3.4,3.5683594
5apj,7.4,7.2773438
4ery,7.27,7.1679688
2v77,5.06,5.28125
2vpo,5.42,5.9453125
1xow,9.28,9.28125
4xj0,9.52,9.3359375
3nnu,7.32,7.359375
3h5u,8.52,8.3984375
2yjb,7.02,7.8828125
4qtd,5.97,6.125
2kup,6.7,6.6367188
1fh7,5.24,4.9492188
3juq,4.91,4.8515625
3jsi,8.68,7.9648438
3p4w,4.57,4.5625
4bhz,4.27,3.9824219
4h3c,5.72,5.625
3v5t,8.22,8.484375
2nsl,4.68,4.6015625
3orn,9.62,8.71875
2wtx,2.89,2.6113281
3zxh,8.52,9.3828125
3dbd,7.38,7.5
3p3j,7.92,7.9453125
4j1k,7.89,7.7929688
1hbj,8.52,8.53125
4k3m,3.55,3.2402344
4zip,9.68,9.0546875
3ilq,5.21,5.7382812
3dgl,6.6,6.0703125
3vsw,6.89,7.140625
4g19,3.58,3.9042969
2g1r,7.7,8.3515625
4xub,5.97,5.8476562
1fzj,8.1,8.078125
4o70,4.72,4.515625
4wnk,6.42,6.8710938
2h5d,8.19,7.5507812
4fiv,6.52,6.9023438
4tx6,5.59,5.6171875
1pop,9.0,9.5078125
2yns,7.6,7.4375
3n51,7.82,8.0234375
4dv9,6.72,6.6289062
3il6,6.57,6.3085938
1o5r,8.12,7.5078125
2w9h,6.37,6.5859375
3f0r,6.89,6.2734375
3vp2,5.1,5.2578125
3zhz,7.05,6.7265625
1bkm,5.74,5.2929688
1hsg,9.42,9.3046875
3qxd,6.15,5.8046875
1z4o,4.52,4.1171875
3wk9,4.15,3.9472656
2w68,4.74,4.9804688
2w1g,8.52,8.5234375
3v6s,9.12,8.703125
3obx,3.89,3.9921875
3l4u,7.52,7.8632812
1qbt,10.62,10.5390625
4hai,8.1,7.6445312
5ar7,6.49,6.8007812
3g0f,7.66,7.2773438
3e85,5.38,5.8710938
3chd,4.92,4.78125
3nij,4.89,4.7773438
4umb,4.0,3.71875
4x7l,8.05,8.2578125
4de7,4.8,4.1367188
1n4k,10.05,9.859375
3ryx,8.14,7.9179688
2brg,5.21,4.9335938
5cs3,2.15,2.7460938
4uvx,7.96,8.1796875
4w7p,7.49,7.7148438
5a5p,4.0,3.9863281
3t4p,5.19,5.1289062
3f17,8.63,8.53125
5aaf,7.44,7.6171875
4iku,5.75,5.828125
4j3u,6.34,6.7578125
4fll,5.29,4.9492188
3ro4,6.23,6.1601562
3hdm,7.4,7.8046875
4o55,5.3,5.5078125
4aa5,7.8,7.9375
4blb,5.35,5.4804688
2vj7,7.4,7.0234375
2ff1,8.21,8.1015625
4j0t,6.74,6.2226562
2h2e,3.0,3.125
1ao8,8.22,7.7382812
4ah9,2.46,2.625
4eoi,6.05,6.390625
2v88,4.09,3.9882812
4jze,8.15,8.125
1gfz,4.0,4.1484375
3fun,6.72,6.4570312
4zur,7.17,7.7109375
1zhl,5.0,5.8945312
4w9g,5.26,5.3789062
4j2t,7.96,8.0390625
4phv,9.17,9.296875
1em6,8.22,8.4140625
4oym,4.96,4.9765625
4ocx,11.44,11.8125
2zu4,7.42,7.2578125
2ydm,7.44,8.1015625
5aen,7.22,7.8671875
3buo,6.06,5.4960938
4qrc,6.34,6.59375
2opy,4.52,4.75
4i9c,5.51,5.7578125
4qab,9.7,9.4609375
3w33,7.44,7.9453125
3pn1,6.96,6.953125
3srg,5.7,6.1367188
2e98,6.23,6.1757812
4avj,7.44,7.5625
1sdu,10.07,9.3515625
1kwr,6.6,7.3242188
4ib5,6.25,6.59375
1p6d,2.94,3.359375
4hy0,6.7,6.9492188
2h96,6.64,6.4257812
5e2p,8.8,9.1640625
5abp,6.64,6.5
1g35,8.14,8.8984375
1z6s,4.34,4.6875
4ejn,8.3,7.84375
4mot,7.3,7.4882812
1o0o,5.1,5.328125
4ux6,5.92,5.78125
188l,3.33,4.2109375
1ikx,8.15,8.5703125
1c5p,4.68,4.3398438
2jdy,4.37,4.5703125
1r78,8.52,9.1640625
1qyg,6.85,7.2382812
1prm,4.23,4.2851562
3su4,6.26,6.109375
1swp,11.0,12.296875
4pvv,6.48,6.1367188
1wum,5.29,5.3632812
4b4n,3.44,3.4707031
2o4z,6.25,6.5117188
1o6h,6.73,6.8554688
3v5l,8.15,8.4375
2oei,3.91,4.140625
3hqh,4.2,4.7265625
1gzc,3.49,3.7988281
4lj3,9.0,9.25
4j73,4.56,4.6601562
1m5d,5.04,4.9882812
3dzt,7.22,7.0429688
3u7k,7.07,6.9101562
1uu8,5.05,5.3710938
1q6j,7.8,7.4609375
4tk2,3.72,4.3164062
1hii,7.28,7.0820312
1wv7,7.26,6.71875
4x50,7.75,8.1015625
4hvb,9.95,10.1484375
1n1t,3.85,3.7871094
4r1y,6.4,7.25
2o65,6.19,6.2148438
3eml,8.74,8.75
3tyv,8.1,8.640625
3k05,4.85,3.5039062
4qzw,5.15,5.1523438
3wb4,4.44,4.7929688
1u2y,1.74,2.0546875
4ycv,5.82,5.7304688
4pv7,6.63,6.9140625
4ie4,5.48,5.4335938
2b17,6.21,6.8320312
2v0c,5.68,5.5625
3va4,4.4,4.8632812
2yb0,3.85,3.6289062
1lf8,5.46,6.2929688
1sr7,10.1,10.2578125
4cc2,4.33,4.1289062
2qp8,8.1,7.8359375
3snd,5.08,4.9140625
2za3,3.68,3.1933594
2i0j,8.57,8.1796875
2vyt,2.74,2.9941406
3zy2,6.46,6.7890625
4ejf,5.1,5.1328125
4avs,3.49,3.3652344
4e8w,6.09,6.0117188
1vik,9.52,10.1484375
5cfb,7.28,7.3476562
3l5f,6.22,6.3398438
3jxw,9.0,7.875
5azf,4.44,5.0039062
4mxc,8.17,7.8828125
2r4b,7.18,6.65625
3hmp,5.49,6.1953125
4w9q,6.85,7.0546875
3g6z,9.7,9.40625
3t3i,4.77,5.4570312
3ljz,8.14,8.2578125
3ft5,4.82,5.0507812
4i7d,7.0,7.3867188
3nth,4.32,4.5742188
3v4v,7.38,7.7304688
2yde,3.72,3.8144531
3c4c,6.8,7.1992188
3kgq,2.3,2.3476562
1il4,2.85,2.6308594
3b7r,7.7,8.0859375
4ksq,7.31,7.4882812
2zgm,1.79,2.3417969
4ydn,8.64,7.7382812
4wht,8.1,8.234375
3ixk,8.18,8.03125
2zx8,9.64,9.203125
4yef,5.35,5.4609375
4b5t,3.33,2.6523438
3r6g,7.6,7.6757812
4uce,3.17,4.0351562
4ezj,8.42,8.84375
4qwu,5.51,5.4101562
3p3h,7.44,6.8398438
3kyq,4.22,3.9453125
3g3d,4.74,4.421875
2ieo,8.49,8.8046875
3ng4,5.43,5.1328125
1n51,4.85,5.5390625
2evo,7.17,7.2265625
4io4,4.61,4.921875
4yih,4.66,5.0742188
4e6c,4.82,4.703125
4f6v,5.8,5.7617188
3w9k,6.32,6.75
4qxr,6.0,5.7617188
2lsr,5.24,4.671875
2q8y,3.99,4.0820312
1r5g,7.52,6.7734375
4ynd,8.55,7.8242188
4v25,7.08,6.7421875
2qpq,6.37,7.2890625
1rd4,7.74,8.015625
2hxq,6.84,7.2265625
3ghe,5.89,5.7070312
1pyg,5.52,5.3398438
5a5o,3.0,2.9160156
2rcx,9.0,9.0234375
4f6s,5.49,5.6132812
1cnw,7.72,7.734375
3ifl,8.08,7.65625
1ogu,7.47,7.2226562
1g2l,7.24,6.9726562
1uou,7.7,7.921875
3hii,6.54,6.1992188
3g8i,7.42,7.1953125
4nvq,8.48,8.25
1o3d,7.13,7.0195312
3qj9,7.0,6.5390625
1ux7,3.0,3.0449219
4jk5,7.55,6.7890625
3v5j,7.96,7.890625
4p00,6.4,6.7578125
3vhe,8.21,8.4140625
2cex,4.7,5.140625
2ggd,3.8,3.6542969
4p4i,7.46,7.3710938
4fak,4.28,4.28125
3uvo,7.0,7.3164062
1sw2,7.22,7.0429688
1o4o,2.46,2.6972656
2cnf,6.62,6.3867188
2e2b,7.96,7.5117188
2ms4,4.82,4.6054688
4auy,7.74,8.265625
5can,6.91,7.4375
4b5d,7.89,7.8085938
2xk6,5.8,5.6484375
1jh1,4.39,4.5820312
1rp7,8.52,7.4882812
3e73,3.15,3.2148438
1gz3,3.7,3.765625
1o4a,6.92,7.0742188
4jfl,4.98,5.15625
4hgs,8.3,8.15625
4qq5,6.32,6.6484375
3waw,6.24,6.4414062
3ao2,3.77,4.5585938
4rak,7.85,8.609375
1zh7,6.3,6.109375
4f3k,10.16,9.828125
1gi1,5.47,5.875
1yy4,8.6,8.4765625
1srg,5.3,5.8398438
1mn9,4.62,4.5820312
3rqe,4.77,4.4101562
2wxh,8.05,7.8125
3ma3,7.22,7.4140625
4i0r,7.85,7.7539062
2qoa,7.28,6.734375
2gg5,6.6,6.1914062
4r3b,6.25,6.3789062
1qy5,6.7,6.984375
3oyp,8.7,8.8203125
4kij,4.3,3.9511719
1d6s,4.11,4.5039062
2bge,2.8,2.8496094
3ff3,3.57,3.2558594
2kbs,5.0,4.9414062
5alw,5.15,5.3125
2i03,9.0,8.40625
2xab,9.27,8.8046875
2vl1,1.35,1.7080078
2y8l,5.82,5.8242188
4r91,6.37,5.7539062
3vdc,4.92,5.1171875
2g0h,7.64,8.28125
4c72,5.09,5.09375
4l7l,6.0,5.5859375
1nhv,5.66,6.03125
1qm4,4.3,3.8710938
4q3s,6.59,6.265625
4o1l,6.7,6.984375
2uzn,7.52,7.3828125
3sxf,8.6,8.3515625
4yrd,4.57,4.234375
3ptg,7.6,7.8164062
2xto,6.2,6.4765625
1xka,6.88,6.8242188
1zxc,8.1,8.8828125
4gee,9.0,8.7109375
4n4v,8.7,8.671875
5ajx,7.96,8.1171875
5a0e,6.53,7.546875
3kr0,4.7,4.09375
3hp5,7.15,7.5625
1tqf,5.85,6.1054688
2c80,5.33,4.9257812
3hzk,6.7,6.4140625
2wmu,4.38,4.4101562
4w9e,5.15,5.2617188
4uyf,7.6,7.4921875
3t1a,8.37,8.7578125
1fpp,8.0,8.1015625
3o9h,12.1,12.71875
3kc0,7.92,7.4726562
1olx,4.33,4.1953125
2lzg,7.77,8.1640625
2h9m,4.46,4.1835938
2xd9,6.46,6.171875
3uef,4.68,4.3984375
1w0x,5.3,5.5195312
1eol,13.42,14.3828125
3kad,5.12,5.2734375
1wbo,3.0,2.4863281
1f40,6.0,5.5507812
4jfd,4.44,3.8984375
4kpx,7.3,7.2929688
4uyd,4.1,3.8320312
1q83,12.39,13.2578125
4mrh,1.9,1.7119141
2ye9,6.22,6.6914062
1tmb,6.74,6.5429688
2xn3,5.92,6.2304688
3q3b,7.76,8.46875
4dgn,6.46,7.140625
1uu9,5.4,5.6875
4ncm,7.0,6.9492188
1lvk,5.92,6.2539062
1way,3.4,3.2382812
4imq,5.82,5.96875
3koo,7.82,7.8554688
4qtn,6.85,7.140625
1t49,4.66,4.9648438
3rx8,6.21,6.6132812
5d1s,5.02,5.1796875
4pnu,4.89,5.0390625
1kds,5.77,4.9335938
5cs2,8.4,9.171875
3u3f,5.1,5.2773438
3p7c,7.66,7.4570312
1ld8,8.46,8.75
4hev,6.34,5.8945312
3lk8,7.71,7.0976562
3iu8,6.24,6.8320312
3ik3,8.7,8.7890625
4mzk,5.31,5.1289062
2pnx,5.1,4.9414062
2np9,5.57,5.7890625
3h0v,4.82,4.6132812
1akr,9.09,8.9609375
4ab8,3.87,3.6640625
4iks,5.14,5.3007812
2v0z,9.22,8.8203125
3nc9,6.48,6.4648438
2jt5,7.74,7.3828125
2bfq,6.89,7.3203125
1c8v,6.33,6.0390625
3abu,5.62,5.3554688
5e1d,5.39,5.421875
2xbp,5.02,5.21875
3o0g,6.22,6.2148438
1m48,5.09,4.3945312
2qf6,6.49,6.4960938
2v3u,3.0,2.8417969
4zyi,8.1,7.5234375
2qpu,3.6,3.4980469
1n0t,4.91,4.4296875
2ooz,5.15,5.703125
4ep2,5.35,5.7148438
3pju,4.88,5.0117188
2aez,2.46,2.3515625
3lj3,9.03,9.03125
3sha,5.59,5.390625
3ufa,5.0,5.0039062
1lke,7.52,8.3828125
4g0z,2.21,2.1289062
4u01,8.46,8.0234375
4h3a,6.29,6.1054688
3okc,4.44,5.0078125
5a81,5.54,5.8632812
3hzv,6.52,6.5742188
5c26,6.77,6.7539062
4z9l,8.8,8.515625
3znr,7.44,7.3007812
4o4r,6.06,5.75
1d3q,6.54,6.9101562
3w2p,5.09,4.734375
2w12,4.65,4.546875
2gbg,7.25,7.2304688
4bam,8.94,8.8359375
5c4s,8.42,8.6484375
1qbr,10.57,9.875
2r3y,5.49,5.046875
2llo,5.82,5.8046875
4dn0,5.72,6.0429688
4nus,8.3,8.5
3cd5,7.9,8.0859375
1kc5,7.0,6.5039062
4cqf,4.3,4.5625
2wb5,9.13,8.453125
2qnx,5.62,5.3320312
2gfj,3.82,3.9472656
5cwa,4.77,5.1289062
2q7q,5.3,5.0390625
3vw9,7.96,7.6953125
4z3v,8.4,8.65625
3rwq,7.46,7.5898438
2zxb,5.3,6.0820312
3k5u,6.51,6.5859375
5aib,3.8,3.9511719
1zub,6.57,5.7890625
5dqe,3.63,4.6835938
3ads,5.01,5.0859375
1lq2,8.77,9.2265625
1c7f,9.52,9.8359375
4q1b,8.72,7.9375
4cjn,4.76,4.5625
5c2a,8.32,8.3046875
1ssq,6.0,5.2578125
2wcg,6.38,6.28125
1lhf,8.09,7.78125
4ybt,7.0,7.3515625
2cmc,5.76,6.140625
2yer,7.7,7.5351562
3i4y,7.05,6.7304688
1cp6,5.0,4.6054688
4gpl,5.89,7.1289062
3aw0,5.24,5.5507812
2a0t,4.82,4.2617188
4ibg,3.97,4.1796875
4bdd,4.43,4.796875
4a9s,7.21,7.1875
2ql9,9.03,9.2109375
3uxk,4.93,4.7148438
3c39,3.96,3.6699219
2hyy,6.77,7.2265625
3rxi,3.06,3.3066406
4u44,8.1,7.5078125
2o9a,3.81,3.1601562
4an2,9.05,8.7421875
4h3f,9.0,8.984375
1we2,4.36,3.84375
1kdy,6.38,5.984375
5e4w,4.64,4.1796875
2g94,9.52,9.234375
1oau,7.7,6.9648438
4tqn,6.11,5.8203125
2rjp,7.0,6.8398438
2aux,9.3,8.984375
1is0,7.0,6.3945312
4iwd,9.0,8.7734375
4iq6,7.24,7.2304688
2ayp,8.15,8.8046875
3kqe,8.09,7.8789062
4i74,6.72,6.6640625
3sxu,5.05,4.5859375
4lop,8.15,8.828125
3zo2,7.1,6.8203125
3a5y,7.96,7.2734375
1wug,5.8,5.3515625
3wut,6.49,6.6367188
1uv5,8.3,7.7695312
4p6w,9.15,9.5078125
4x69,7.66,7.5664062
2b52,8.1,7.6875
1d7j,3.3,3.3535156
3nan,8.22,7.578125
4oq3,8.1,8.0078125
4j3i,5.74,5.6796875
2vpn,6.72,5.8476562
1pq6,8.1,7.8554688
2ovq,7.15,6.75
1la3,4.0,3.9570312
4f65,8.6,8.6484375
4joa,7.54,7.1640625
3f5j,4.28,3.9082031
4o9s,6.55,6.1757812
3prf,8.85,8.2890625
2ze1,6.22,6.1796875
1oth,7.0,7.3007812
4xcu,8.22,7.6992188
1nf8,7.82,7.9296875
1c6y,9.51,9.3359375
4lts,8.36,7.9726562
1mau,11.3,11.5546875
2f89,6.48,6.6171875
1mpa,8.04,8.46875
1lox,5.52,5.1679688
1i5r,8.52,6.8828125
3gol,7.09,6.8203125
3tv5,5.32,5.0507812
4mq2,7.01,6.609375
2g78,6.92,7.1835938
1c29,6.33,6.3007812
2g6p,6.22,6.421875
3u4r,7.41,7.1953125
4kcg,8.3,8.4921875
3bgs,9.42,9.7890625
1e02,6.15,5.921875
4qz5,5.26,4.8242188
2rgu,9.0,8.2578125
3wv1,11.41,10.390625
1fpc,7.0,6.625
4wet,3.35,3.3066406
3s4q,8.4,8.1328125
1fwv,3.72,3.4511719
3ws9,7.04,6.5546875
2uze,4.33,3.8046875
1g85,5.48,5.8515625
3s1g,5.19,5.0117188
1bio,5.54,4.875
4o36,6.36,5.234375
4xh2,8.22,7.8125
3ov1,5.2,4.7890625
4i7p,3.5,3.4667969
3vb5,5.34,5.0429688
4p10,8.1,8.8046875
5ap3,7.03,6.7382812
1pun,7.28,7.703125
4tw8,5.58,4.8867188
4own,4.22,4.0585938
4gja,5.92,5.9726562
1dx6,6.19,6.734375
4na4,6.92,6.625
4rce,8.7,7.8046875
2nno,6.4,5.8789062
3r24,5.25,4.9921875
4bek,4.39,4.5976562
4urk,5.96,5.5
3f3v,7.14,6.2734375
4ris,6.05,6.3984375
3np7,4.02,4.1132812
4hlc,6.76,6.8125
1rin,3.15,3.0019531
4zvi,6.33,6.0703125
1zom,7.52,6.796875
4kiq,7.64,7.3359375
4i6q,7.52,7.546875
5d10,7.14,6.8515625
4urx,2.89,2.6777344
3p2h,5.44,5.3125
3v7d,6.39,5.5820312
3tn8,6.13,6.0507812
2k0g,6.97,5.9882812
4ty8,2.03,1.9208984
4bda,5.57,5.25
4baq,9.01,9.5625
1w6y,5.36,5.8085938
2w6u,5.0,4.7304688
4kwf,4.82,4.6484375
4kz0,5.38,5.5507812
2wpb,2.89,2.4492188
4um9,8.07,7.046875
3gx0,3.48,3.9296875
4y46,7.96,7.1367188
3lhg,7.7,7.5546875
4mm5,7.74,7.5351562
2nnq,8.7,8.6875
1my3,5.4,5.4101562
3nik,3.45,3.4101562
2jk9,6.82,5.8671875
2zdk,6.37,6.7226562
3jqa,4.46,4.46875
5c42,8.72,8.234375
2f8i,7.26,7.0273438
5a5r,5.9,6.6328125
2dua,4.77,5.5429688
3nkx,5.12,4.4609375
2jbo,8.07,7.8867188
1ow8,5.4,6.078125
2pjt,6.07,6.0859375
1zd5,4.87,5.25
2wa3,3.0,3.1992188
5auu,4.68,4.5546875
3vp4,4.73,4.90625
4qyh,8.89,9.0703125
2ptz,7.82,7.1953125
1i9q,8.41,8.3828125
4yz9,7.7,7.3125
4l4v,5.78,6.0664062
4hys,7.26,8.03125
1lhc,10.4,10.2109375
1t3t,4.96,5.328125
1ycm,8.0,8.1328125
3k00,5.77,5.90625
3f7b,7.19,7.1484375
1o2x,5.85,6.1210938
3m56,4.15,4.1132812
3rkz,7.08,6.7226562
3ztx,7.74,8.484375
4bkz,7.57,7.7304688
4h36,4.27,4.625
3zln,8.47,8.59375
4rj3,7.03,6.890625
3tf6,6.4,6.9726562
1wun,7.21,7.5898438
3v8t,9.52,9.9296875
1eei,3.15,3.0527344
1h1q,6.0,6.3476562
2aog,6.28,6.8398438
1aze,4.22,4.2773438
2zif,4.37,4.6992188
4g8r,7.66,8.015625
3pdq,6.74,6.96875
3vvy,4.84,4.8984375
3oe8,8.14,8.2109375
3mpf,6.37,6.2929688
4ibm,5.74,5.8398438
2m41,5.1,5.6484375
2xu3,6.8,6.7109375
3umo,3.89,4.4296875
1h8s,5.81,6.4921875
2ym7,6.89,7.2890625
4z2g,6.66,7.1523438
4x1q,5.3,5.0859375
2xxn,6.41,6.640625
1nnb,5.0,5.5429688
4mwv,9.4,9.5234375
2b53,6.22,6.5507812
3n1c,5.22,5.4609375
4mgc,6.32,6.0039062
1a5g,10.15,9.34375
4mg6,5.62,5.6914062
3rxa,2.85,3.0449219
2nw4,8.68,8.234375
4a2a,4.35,4.2226562
2wq4,2.57,2.4453125
3uyt,7.85,7.7265625
1qr3,6.59,6.8671875
5a00,7.52,7.1640625
3ip6,6.6,6.375
4el5,5.37,5.9296875
1hqg,3.0,3.0234375
2clf,3.55,3.8203125
4p0n,8.66,8.7421875
3oag,9.51,9.4140625
3f7z,7.19,7.0820312
4nb3,7.66,7.96875
2llq,5.82,6.4453125
4duh,5.18,5.7109375
1gi9,5.22,5.03125
4ht6,6.21,5.5351562
4nau,9.06,8.859375
2ga2,5.52,6.0546875
2w6t,8.57,9.328125
4cae,7.74,7.1914062
4dcv,4.59,4.4726562
3pa4,8.52,8.6953125
4aba,3.82,4.0898438
4dem,7.55,7.328125
3d9p,4.54,3.8925781
2ybt,4.7,4.71875
4hpi,4.85,4.609375
2fsa,5.3,5.7460938
4qg7,8.0,8.21875
4w55,4.74,5.4335938
4ts1,4.94,4.7421875
3ibl,7.84,7.3320312
4fci,1.26,1.0615234
1mwn,6.7,7.3164062
4r18,7.68,7.9960938
3pi5,6.02,5.7851562
4dfl,6.17,6.671875
1ke2,7.35,7.1601562
3uwl,3.68,4.2421875
1q4w,6.46,6.6054688
4w54,4.17,4.9804688
3dz2,4.15,5.03125
4kb9,11.0,11.0
1uwh,7.66,8.046875
2xp3,3.0,3.2871094
4i72,9.05,8.703125
3kac,3.13,3.2558594
1g6g,6.28,6.3828125
5ak5,7.07,7.2265625
4a6c,7.92,7.71875
4pv0,9.07,9.0859375
4bgm,6.21,6.5664062
3opp,6.28,6.1210938
4mji,4.09,4.7851562
5ali,7.07,7.125
2h5a,5.1,4.9101562
4kin,8.32,8.4765625
1pwp,6.3,6.484375
2hwh,5.7,5.6796875
2znu,8.11,8.390625
1oyq,6.96,7.2265625
3lzz,3.84,3.8808594
2fzz,10.52,11.015625
1bgo,8.46,8.3671875
1al8,5.32,5.4414062
4rra,4.87,5.1757812
4pio,5.7,5.28125
1pwq,4.96,4.7226562
4k19,8.36,8.3046875
3e90,7.39,7.6367188
4qkd,4.09,3.8515625
4j09,4.77,4.6992188
1ivp,7.52,7.9101562
3tt0,9.05,9.390625
3std,11.11,9.484375
2r02,5.1,5.4375
1tok,2.47,2.1757812
2bza,2.8,2.7773438
1h7a,4.72,5.2460938
5ci7,6.92,7.4609375
1xhy,6.18,5.5859375
1k22,8.4,8.28125
4y83,7.77,8.1328125
4nie,7.7,7.5078125
4zro,6.16,5.703125
4obv,0.75,1.3935547
4erz,7.06,6.4101562
1o4e,3.3,2.8320312
3src,3.89,4.1601562
1bb0,8.36,7.7226562
4jbl,3.27,3.3886719
2phb,9.49,8.5390625
3h1x,5.89,5.8828125
2w2u,4.46,4.765625
1o4g,2.3,2.6484375
3g19,6.67,7.203125
2xp7,5.77,5.6328125
3i02,7.52,7.015625
3fuc,9.72,9.9921875
3l6f,6.99,6.5117188
2wgi,4.07,4.0664062
5bpe,5.95,5.6601562
4p0b,6.54,6.3242188
4xjs,7.12,7.6289062
3erk,4.74,5.5585938
3n7o,7.14,7.6289062
4qvm,6.35,6.46875
1o48,6.35,6.2539062
3juo,5.07,5.0664062
2bpx,9.4,10.5390625
4iut,5.72,5.5976562
1upk,6.4,5.9179688
4eh7,3.28,3.8105469
3rey,8.0,8.109375
1kf6,6.7,6.5
4hbn,6.1,6.484375
2pow,7.2,6.9609375
2jdk,6.54,6.3398438
3sw8,4.5,4.515625
2hnx,7.08,6.671875
2y7w,4.98,5.2304688
4inh,6.25,6.4296875
1pmu,6.23,6.2148438
1p10,6.7,6.7851562
4wf6,6.3,6.7148438
3krr,9.32,9.7734375
2pj5,7.82,7.9296875
4tte,3.69,4.2851562
4ipf,7.74,7.921875
2r05,5.15,5.328125
3ti5,8.95,8.53125
4rgd,3.94,4.171875
2i4x,11.72,10.484375
4iho,5.1,5.4570312
4uxh,5.96,5.7148438
1css,6.1,6.0976562
4yax,5.82,5.7070312
1o2q,7.68,7.3085938
4q3t,6.48,6.3320312
2ff2,8.21,7.375
4whq,4.12,3.8574219
4cfx,5.06,5.15625
1o79,6.39,5.9765625
1o2n,6.09,6.1328125
1q65,5.46,5.8164062
4ksp,8.8,8.8984375
1s26,3.07,3.109375
1bzy,8.34,8.609375
1ftm,7.61,7.2304688
2p1c,7.68,7.3671875
3h59,7.89,8.0390625
3l3l,7.48,7.8085938
4awo,7.62,8.1015625
3mna,7.39,6.9570312
2fle,7.85,7.4257812
1c85,4.64,4.5390625
2pj3,8.18,7.5351562
1bsk,4.12,4.6914062
1hdt,7.76,7.8828125
4aaw,6.3,6.0351562
3f5p,6.85,6.9804688
4crj,5.96,6.1132812
4gz3,5.74,6.0039062
3dd8,7.85,8.4140625
3p4v,5.1,5.609375
4d2p,5.68,5.6875
2ohm,3.51,3.9257812
4hs8,7.92,8.34375
4z1q,7.82,8.375
3ti4,6.02,6.1679688
3b7j,5.17,5.1445312
3cwe,6.92,6.640625
3kpv,3.74,3.71875
1ddm,5.77,6.0976562
3k3g,2.85,2.7285156
3p7b,7.74,7.8125
4bic,7.3,7.7148438
4qyy,7.3,7.046875
3uxg,3.96,3.6113281
1t7d,6.03,4.828125
3avk,3.3,3.2949219
2peh,5.96,6.3476562
1c5n,4.7,5.4726562
2xc4,8.05,8.65625
1kel,7.28,7.3398438
3kdu,6.46,6.0507812
4e4n,9.05,7.890625
2bdj,9.35,9.0625
4cd1,4.89,5.3398438
3g34,2.96,3.3964844
2wxo,7.05,7.546875
4jh0,9.03,8.8984375
4efu,6.6,7.1015625
4jmh,8.68,8.40625
3mww,7.24,7.25
2mnz,5.19,5.3632812
4deg,8.22,8.25
1klg,7.89,7.1875
3bi0,7.85,7.640625
3iqq,5.54,5.2851562
4az0,7.42,7.609375
1m7i,5.4,5.6835938
5prc,4.89,4.8789062
1gmy,7.35,7.5742188
2k4i,3.84,3.2265625
4c5d,5.4,5.4492188
1x0n,7.7,7.0546875
4d8z,6.29,6.9453125
3srv,7.5,7.1992188
4xu2,9.23,9.375
3f70,4.85,5.1445312
1fq4,6.4,6.34375
3nex,6.0,5.8085938
2p7a,6.1,5.5039062
3gs6,6.59,7.1601562
4mjr,3.55,3.6152344
2jkk,8.2,7.9257812
4ke1,8.6,8.796875
5cte,7.8,8.1171875
1nxy,7.19,6.8242188
4lq9,4.85,4.75
4yvz,5.52,5.3632812
3ewz,4.1,4.7304688
1a42,9.89,9.2109375
4kfp,8.0,7.6015625
4oq6,5.48,5.2460938
2vnm,8.52,8.234375
4eu3,0.82,1.0029297
1d4p,6.3,6.2304688
2ydi,6.82,6.2695312
4p02,6.4,6.203125
2w3i,10.0,9.21875
3f3t,4.59,5.2773438
3rwh,7.4,7.2148438
1qbs,9.47,9.703125
3doy,5.82,5.8203125
3gwt,11.1,10.3125
4nmp,4.04,4.2421875
1u2r,5.41,4.6523438
4lj8,5.82,6.0
1izi,6.59,6.7109375
3ggv,10.85,10.953125
2xwd,6.96,6.5
1ppc,6.16,6.6132812
1z34,3.38,3.8359375
3a2o,9.08,9.4296875
3twr,5.19,4.921875
7abp,6.46,7.0703125
4crf,9.3,8.875
4cfm,4.74,4.3984375
4p4s,4.94,5.546875
3idp,8.8,8.1328125
4wkc,12.68,12.5390625
3c7p,10.0,9.9609375
4bnz,6.59,7.1210938
2c5n,6.66,6.546875
1lpz,7.6,7.5859375
4avu,7.85,7.2148438
4jve,7.07,7.4375
3m67,6.74,6.8945312
2oym,5.0,4.9921875
1zd4,3.6,3.6484375
3sym,4.57,4.75
1gai,8.0,7.8125
4kmz,8.57,8.7109375
2ja3,4.0,3.1679688
1br8,4.74,4.8671875
4fk6,9.7,9.328125
1gj6,7.0,6.5546875
3uvu,7.38,7.5625
2x7c,5.7,6.2617188
3p2e,6.22,5.7851562
2qt5,5.03,4.390625
3suw,4.7,4.296875
2kpl,6.64,6.4335938
1uml,7.52,8.28125
4hp0,6.12,6.28125
1qxy,4.8,5.1914062
1jje,8.43,8.3203125
3k54,9.0,9.1015625
3fzt,6.2,6.09375
1nhg,7.3,7.5859375
2vzr,4.28,4.1015625
5alf,6.69,7.0625
2ggb,4.92,5.1054688
4i67,6.35,6.4179688
2fqw,6.68,6.6796875
3cqw,7.38,7.34375
1utt,4.0,3.7578125
2pvw,9.52,9.2109375
4hnc,3.17,3.2929688
4dh6,7.77,7.328125
3ua9,7.25,7.9726562
3ati,3.73,4.0039062
1ciz,7.44,7.6914062
1xz8,4.52,5.078125
3poa,7.0,6.6523438
4v01,8.11,7.765625
4fbx,7.66,7.5820312
4cy1,6.74,7.5195312
4hxr,5.39,5.75
3cwk,6.6,6.8671875
4deb,6.43,7.1953125
3h91,3.73,2.9121094
4k72,3.0,3.0878906
4uvb,5.49,4.9335938
2o1v,5.3,4.5898438
2qt9,8.64,8.484375
1iq1,7.46,6.9492188
3s9z,6.22,6.375
3lce,3.81,3.3457031
2jaj,4.6,4.5273438
2df6,5.98,6.0820312
4dsy,4.43,4.6953125
2j9l,4.0,4.015625
4ght,5.78,6.1953125
4b12,4.99,4.921875
5alg,7.52,7.6054688
4kip,8.15,8.4140625
3av9,3.36,3.3085938
5e2o,8.7,8.7890625
4mcb,5.82,6.0117188
2hjb,4.39,4.5234375
5aki,6.12,6.3125
4why,8.1,7.5859375
3w2o,5.08,4.8710938
3bzi,5.74,5.875
1ke1,7.25,7.2890625
2x6f,4.59,5.2265625
4qyo,8.22,8.5859375
4bo5,7.1,7.0507812
1vgc,5.92,5.703125
4n9d,7.72,7.7851562
4ycu,5.48,4.9453125
2yjq,5.28,4.9179688
1i48,5.7,6.4921875
4i7f,7.0,6.6210938
2iuz,5.55,6.2382812
1bil,9.3,8.984375
2i0e,8.7,8.40625
1dtq,8.22,8.765625
3ipy,6.29,6.6601562
1z5m,7.52,7.28125
1oim,5.32,5.7695312
4gby,3.46,3.6640625
3c2r,3.11,2.9394531
4hlf,6.06,5.6289062
1swk,12.0,10.3359375
1erb,8.1,8.1171875
2l65,4.22,4.3945312
2yme,7.66,7.8828125
3h22,5.1,4.6328125
4x3r,11.07,10.046875
2x7u,5.27,5.1484375
3jq8,4.46,4.890625
4mvw,7.55,7.8710938
2qhn,6.01,5.59375
1qtn,7.3,6.7382812
4mdr,4.39,3.9746094
1ucn,5.22,4.9609375
3dxh,3.19,3.6386719
2xm9,8.05,7.96875
3pcg,2.3,2.3828125
4eyr,6.63,7.3203125
4ruy,7.89,8.4375
3g4g,9.04,8.734375
1flm,9.37,9.1484375
4axa,8.0,7.9140625
1urw,8.52,8.25
3e7b,9.8,8.6875
1xq0,6.34,5.9960938
3pkn,4.66,4.8398438
1tl3,6.2,6.8125
3eft,7.92,8.0390625
4q7s,4.42,4.9882812
3oy1,7.8,7.3554688
4o0r,7.44,7.4453125
4eo6,8.7,8.234375
1o45,9.6,9.2890625
1y2b,4.09,3.9023438
4drk,5.08,5.0273438
2pj2,7.92,8.140625
4ptc,8.96,9.1484375
4ase,11.0,10.3125
1rti,4.77,5.0664062
4bio,5.12,5.6523438
1vcu,3.85,3.9082031
4ufi,6.2,6.8203125
2os9,2.24,2.2753906
4dei,9.0,8.78125
4u45,8.0,7.6445312
1xud,8.1,7.9570312
1c3r,6.4,6.2109375
4y67,6.93,6.7265625
3f2a,7.24,7.2382812
3c6u,8.87,8.8984375
3tzd,4.28,4.9804688
4dmy,9.0,8.9140625
2o4p,10.72,10.203125
3mam,4.12,4.0703125
4qw3,6.61,6.8125
4f9g,5.62,5.6484375
2iiv,8.18,7.9453125
4du8,5.37,5.0
1ogd,3.03,2.5957031
1h28,6.52,6.0742188
4ko8,7.15,6.7265625
1ggn,5.51,5.2382812
3egt,8.9,9.1328125
1a8t,5.8,5.6328125
3jy9,9.0,9.421875
3atp,4.45,4.1054688
1a46,5.7,5.3828125
3uza,8.94,8.84375
3t3e,5.99,6.4570312
3dct,6.95,7.046875
2pmc,4.19,4.1289062
1g4k,5.7,5.8867188
2y5l,6.48,6.2578125
3spf,3.86,4.1875
3h23,4.71,4.3476562
3lxk,9.8,9.9296875
4e3d,2.3,2.0820312
4tkn,5.89,5.484375
3vd4,4.82,4.7773438
1w76,6.15,6.3085938
1nlp,4.96,5.0
1pmv,6.82,6.3242188
2wyg,8.7,8.0703125
4e49,5.11,5.3789062
4oth,8.05,8.2734375
1rt9,10.25,9.2734375
4ewo,7.36,7.3945312
4nzo,6.77,7.0625
4yyl,5.01,4.3945312
2uuo,3.77,3.5371094
4fxp,4.09,4.3554688
5acx,5.05,4.9296875
3ggu,9.77,9.4375
2xj0,2.82,2.8925781
3uvl,5.69,5.5976562
2v95,8.3,7.796875
3snc,4.39,4.5703125
2q7u,8.7,8.0625
1c1r,7.63,7.7304688
3dga,4.52,4.4804688
1a5v,3.1,3.5234375
3zi0,7.4,6.6914062
3o6m,7.48,6.7148438
2y2n,4.57,4.2226562
3vqs,7.75,7.3476562
1ypg,8.0,7.1484375
4bgh,8.4,8.5390625
4lph,5.04,5.1914062
4mdq,5.92,5.6445312
1h01,4.66,4.8515625
1at5,4.19,4.2734375
3r6c,4.72,4.65625
3u8w,9.0,9.140625
4ppb,10.0,10.125
2xde,5.47,5.2851562
4wag,7.08,6.7539062
1y6a,7.66,7.1015625
2vxa,5.6,5.78125
4ms0,3.39,3.3417969
1x76,8.72,8.5546875
2oz5,6.48,6.8632812
4erq,7.12,7.140625
3vi7,7.39,6.9140625
3rpr,4.0,4.1679688
2ynd,7.49,7.0546875
4jju,6.29,6.2929688
1z3t,3.94,3.7832031
4cd6,3.59,3.5390625
3r04,6.92,6.5039062
2pre,6.65,6.859375
4x3s,5.89,5.0664062
1sm3,4.62,4.21875
1ibg,8.55,7.6445312
4b95,4.28,3.9003906
1sqn,9.4,9.5859375
4idv,7.4,7.3320312
3ce3,8.74,7.9960938
4ps8,9.0,8.6640625
4jzf,6.76,6.6171875
4yvc,5.96,5.9179688
4oc6,7.07,7.4023438
4q9m,7.18,7.1679688
3zo1,6.0,6.1953125
4eh2,3.16,2.984375
1y3p,4.82,4.5546875
4m1j,9.7,10.578125
2jqk,3.4,3.6308594
3hig,7.89,7.3554688
1qft,8.77,8.1953125
1dbb,9.0,8.859375
3gs7,5.44,4.78125
2k2r,2.89,2.5234375
3i4a,4.28,4.3203125
4xya,5.86,5.7265625
4im0,7.72,7.1484375
3hnb,5.11,5.0429688
3hv4,6.51,6.4765625
2wtc,6.51,6.5546875
2c6m,6.46,6.4921875
5ake,7.82,7.203125
1qkn,8.47,8.28125
3unz,7.8,7.4804688
3kwz,8.4,8.0234375
1ypj,7.02,7.0390625
4yff,8.0,7.4570312
2w05,9.0,8.984375
4mi9,3.42,3.0820312
4pee,8.32,7.75
1t4e,7.1,6.6210938
2w70,4.92,4.4765625
3snl,9.15,8.765625
3h0z,8.37,8.5078125
4iu1,4.3,4.2773438
1u0g,6.15,5.5664062
4jsr,8.4,7.671875
1qcp,7.52,7.7890625
4k5l,4.96,4.3789062
2q6f,5.44,5.5820312
4u5u,2.89,2.7753906
1czq,4.54,4.6953125
4r74,8.1,7.921875
4tq3,5.49,5.203125
4jfv,6.28,6.390625
3np9,4.4,4.3359375
3al3,5.68,5.578125
4fjz,6.29,5.890625
1vjc,3.58,3.3535156
2jj3,9.55,7.8515625
3n2p,7.82,6.7421875
2ewp,7.1,7.109375
4bdh,4.11,4.6757812
4k6y,4.83,4.3515625
4tyo,7.1,6.640625
1om9,4.15,3.625
5am1,8.52,7.8867188
3cr4,4.28,4.0
1gca,6.7,6.4296875
3qip,6.89,6.75
2y56,6.51,6.0117188
4md6,7.77,7.6757812
2vgo,6.3,5.5195312
4rrr,4.44,4.4921875
2epn,7.22,6.6445312
2qhm,6.18,6.2265625
4i4f,6.19,5.8515625
4p7m,7.41,7.4492188
4ckr,6.98,7.8125
4q9z,7.26,6.5117188
4ddl,8.31,8.1953125
4zj6,8.52,9.046875
1bdl,5.85,6.1289062
3uhm,8.44,8.109375
3w2r,7.72,8.265625
4pov,8.28,8.0625
4xdo,4.08,3.4589844
1m0n,2.22,2.015625
3ufl,6.82,6.6679688
5a83,6.8,6.8085938
4rpo,7.64,7.6757812
1ta6,9.13,9.6171875
1u0h,6.96,6.0898438
4nk9,8.51,7.9179688
4tn4,6.33,6.6992188
4hwp,7.76,7.8085938
2fxv,5.35,5.1875
1bn4,9.31,9.4375
3zke,6.8,6.6289062
1hms,6.37,6.46875
1tmm,6.64,5.9882812
2xa4,8.52,8.046875
1gzv,6.57,6.1523438
1rek,6.7,6.3242188
2i4p,5.7,5.8203125
3hiv,8.12,7.2773438
4jvj,7.66,7.5742188
4f1l,5.12,5.3007812
4jvi,5.3,5.140625
2xiy,2.44,3.1328125
4hso,4.66,4.90625
4ty1,9.26,8.953125
2ogy,4.48,4.3945312
4l5j,3.0,2.5976562
4z88,5.39,4.984375
4p74,5.0,5.3125
1qpl,8.51,8.5
4g0p,3.01,3.0546875
3srb,4.19,4.9375
4k10,6.92,6.6953125
3tki,10.3,10.28125
2o7n,7.82,7.53125
4e3f,2.52,2.4667969
2y59,6.44,6.6328125
1nfy,8.89,8.984375
4fmo,5.53,5.953125
4wx7,7.4,7.28125
4gjb,4.0,3.8125
1lpk,7.55,7.5742188
1hpo,9.22,9.109375
1ax1,3.29,3.4472656
5alz,8.22,7.9375
4ohk,8.3,7.875
4k5o,3.98,4.03125
1qvu,4.46,4.0390625
4m4q,7.96,7.4882812
3gen,9.14,8.5
3gqo,5.41,5.4882812
3hjo,6.52,5.6289062
1sqq,7.82,8.34375
4jjf,8.0,8.296875
1tkx,7.54,7.0625
2f3e,6.81,7.015625
1ols,5.82,6.1210938
3rk9,6.28,6.2460938
4mm6,6.69,6.5078125
2lnw,5.85,5.6914062
3l4t,5.42,5.1367188
4jzd,8.3,7.8867188
1q1m,5.16,5.5039062
3dkg,5.0,5.203125
1mem,7.94,8.3984375
4aig,6.52,6.0390625
1uk0,8.1,7.7890625
2aa9,2.92,2.4960938
3zvt,5.92,5.5429688
1lf2,7.52,7.3398438
4qsu,2.0,1.6298828
3vp3,4.95,5.3945312
2pvn,9.46,9.484375
4pml,4.52,4.7304688
2ceo,10.0,9.3828125
1x7b,8.39,8.6328125
4j81,4.5,4.2421875
1zfk,7.92,7.6445312
4dum,7.02,7.0429688
4urm,8.05,7.9765625
1q9d,4.6,4.265625
4a9u,7.22,7.1484375
3v7c,5.74,6.203125
4lrh,9.72,8.5859375
1moq,3.46,3.5507812
1qca,5.27,5.390625
2z7i,7.0,7.1835938
1wbs,6.2,6.1796875
3ok9,11.23,10.921875
3zn0,4.97,4.78125
1xp0,9.0,8.96875
2qh6,6.0,6.328125
4ec4,7.6,8.2578125
3t0b,4.3,4.0429688
4msl,6.15,6.5273438
4yc9,8.89,9.0703125
3wt5,9.54,9.5546875
2jkr,6.07,5.53125
1qpe,7.7,7.9453125
3kdm,7.0,6.6796875
4hlg,6.51,6.0351562
3t85,7.95,7.6484375
2zsc,7.06,5.9492188
4c68,6.17,6.0195312
1nzv,6.4,6.2890625
4qfg,5.48,5.0390625
4lnf,2.62,2.4003906
3f8f,6.63,6.4960938
2qki,6.41,6.0703125
2xag,4.55,3.7832031
4bks,3.82,3.9921875
2wl4,4.19,3.3632812
3ti1,3.89,3.7578125
2pu1,5.85,4.953125
1i33,4.12,4.4335938
3fjz,4.05,3.7460938
2zmd,7.01,6.828125
5awj,9.68,9.9609375
3v5q,7.4,8.09375
2ax6,7.57,7.328125
4qp9,7.15,7.0898438
1d4l,8.77,8.28125
3mrt,3.7,3.4921875
4j45,5.77,6.4296875
1g46,8.8,8.765625
4drn,5.24,5.1054688
3rv9,4.92,4.53125
4xcb,5.47,5.3242188
1pq3,7.52,6.6914062
3dpo,8.26,6.9921875
1osv,3.48,3.8613281
4p73,7.66,7.6992188
1bxq,7.38,7.484375
3wmc,6.51,6.203125
4g11,5.0,5.0898438
3vb7,4.31,3.9648438
4jzr,7.8,8.015625
3wiz,8.36,8.1875
4u90,6.54,6.8710938
3u0t,9.52,8.6796875
3tv6,8.32,8.7109375
3cfn,5.0,5.359375
3cj5,6.34,6.4257812
3tfv,7.1,7.4101562
4u4x,5.01,4.8984375
4g4p,6.89,7.484375
4wvu,5.71,5.5546875
2qch,3.6,3.2929688
2tmn,5.89,6.0351562
1rrw,4.55,4.6484375
3qel,6.49,6.9648438
1yq7,7.09,6.9726562
4l3o,6.0,6.1367188
4u70,5.02,4.8085938
3cgo,5.52,5.8984375
5ahu,6.78,6.7460938
3pxz,5.23,5.3554688
3od0,7.92,7.8359375
2iw9,8.05,8.1328125
2oz6,5.26,5.0351562
1usn,7.74,8.3515625
2v2h,3.77,3.8847656
4lbp,4.94,4.5039062
4n9e,7.82,7.625
1t5f,4.22,4.2070312
4rn1,5.0,5.2851562
2jdp,6.6,5.8125
4ypf,2.7,2.9003906
4og8,7.25,7.5664062
3u8h,6.49,5.71875
3fu3,2.84,3.2792969
3cm7,6.57,6.25
3l5c,5.15,5.4648438
3h2a,3.96,3.9824219
4puk,7.28,7.9804688
3uli,7.15,7.7578125
3bwj,6.5,6.2226562
3sv9,5.0,4.0195312
3ql9,6.3,6.4023438
3k27,4.44,4.7421875
3dxj,6.22,5.8515625
3vjc,7.72,8.015625
3uwo,6.36,6.7382812
1t7r,5.96,6.4804688
4mx1,3.68,3.5
4r93,7.8,7.6367188
4anq,6.22,6.5585938
1n1g,2.3,2.8789062
3s3o,7.57,7.90625
3gjd,7.33,7.8476562
6upj,6.32,7.2773438
4yv2,7.29,6.9140625
2y5f,8.7,9.1484375
4xv1,8.38,8.78125
3eqs,8.48,8.7421875
1you,9.06,9.2109375
2yay,6.1,5.8671875
3uok,9.1,9.1015625
4igq,4.52,5.2851562
2vew,7.19,7.7421875
3drs,9.3,10.0625
3l59,3.7,3.3945312
4x3h,4.23,4.40625
3esj,3.03,3.265625
3ant,8.07,7.8945312
4afj,6.4,6.4609375
2y6c,5.0,5.15625
3qtu,7.15,6.8007812
2brm,5.89,5.9765625
1wva,6.57,6.875
3wix,6.27,6.3203125
3tv8,7.15,7.1679688
3eb1,4.79,5.53125
1ms6,9.52,9.671875
1d3v,6.96,7.1328125
4d8s,6.49,6.9453125
4mm9,5.68,5.9609375
2wkt,4.31,4.0234375
1f8c,7.4,8.2109375
2ewb,6.1,6.1289062
1akt,8.49,8.6171875
4mf0,8.08,7.7773438
1apv,9.0,9.265625
3nf9,3.54,3.4960938
4lww,7.54,7.7617188
1pl0,8.22,8.4140625
3mbz,5.8,5.9492188
1s9v,4.0,3.9316406
3vfj,7.04,7.0390625
4yp8,7.89,7.9023438
2ydf,7.66,7.140625
4mg7,6.36,6.8046875
3abt,4.77,4.578125
1c70,10.3,10.3046875
1z9h,3.0,2.8476562
1hnn,6.24,6.3710938
3lp4,4.88,5.6210938
1w7h,3.0,2.8496094
4qgg,9.0,8.671875
5djp,5.15,5.3359375
4ouj,2.86,2.6074219
4gng,3.54,3.7050781
2wc3,6.08,6.5234375
3qa2,6.68,6.2539062
1b9v,3.65,3.7558594
4m5i,5.17,5.09375
1wb0,5.35,5.1835938
4cjr,3.1,3.3457031
4bsq,9.15,10.2578125
4b1j,7.3,7.3359375
4mbp,5.64,5.359375
1mh5,9.21,8.7109375
1pyn,5.49,5.8632812
3su5,5.58,6.5273438
2rl5,8.4,9.0859375
3wmb,5.37,5.8945312
4nrm,3.2,3.7832031
1kak,4.59,4.9414062
1xkk,8.52,8.9140625
1ymx,4.85,4.3671875
2axi,6.85,7.2734375
1vzq,7.44,7.984375
2a8h,7.17,6.796875
3t64,6.7,6.7695312
3kqr,4.43,4.3125
3ijz,5.22,5.1992188
4qr3,5.85,6.4023438
1i41,4.57,4.8789062
1my2,7.77,7.7460938
1oqp,7.3,7.8671875
3hu1,6.89,6.703125
2y80,8.05,8.34375
2bgd,5.0,5.2460938
1b0f,7.7,8.09375
3oli,7.38,6.9921875
2zx6,10.6,9.671875
3f8w,4.08,3.5859375
3o96,7.24,7.2226562
2mji,4.25,3.9882812
1jak,5.57,5.6796875
3dz4,6.4,5.5
1d09,7.57,7.2304688
4ga3,7.52,7.34375
1x8s,5.1,4.8164062
1u33,4.6,4.6210938
1xo2,6.07,5.515625
3q6k,8.37,8.4609375
1g05,8.51,8.21875
3f7g,7.37,6.5625
4rao,6.0,5.6523438
4pks,4.82,4.4023438
1cr6,8.51,7.4609375
2j3q,6.15,5.8476562
3fvn,6.77,6.1679688
1yk7,7.72,7.7460938
4io8,6.64,7.171875
1zsh,7.07,6.84375
2g8r,3.99,4.0195312
4drp,5.41,4.96875
4y85,7.89,7.5625
1qhc,7.57,7.9414062
3d9l,4.17,3.4003906
3jdw,3.6,4.28125
4hlk,5.96,5.359375
2fx8,6.52,6.46875
2uxz,8.48,7.6992188
4o76,6.89,6.6210938
1h08,4.55,4.6328125
4kwp,7.49,7.0859375
4yml,8.35,7.2617188
2y6d,7.1,7.4609375
4hgl,8.1,7.7109375
2h1h,4.52,4.3710938
2wou,7.14,6.8984375
4wa9,8.42,8.5546875
4xbo,4.59,4.2148438
3r42,4.08,3.9609375
3o9b,12.3,9.8046875
3d62,6.1,5.0898438
2vsl,8.4,8.1640625
3k97,8.0,7.9570312
3cii,6.1,5.6210938
4egi,3.82,3.6699219
4qvy,5.09,4.7304688
1vyw,7.43,6.0742188
1a9m,6.92,6.125
2qe5,5.79,5.5664062
1lrt,5.64,5.4570312
3rzb,4.0,3.6191406
4m3m,9.05,8.8828125
4ufm,3.72,2.90625
3lc3,5.23,5.1171875
4zg9,7.59,6.8554688
4w4y,6.46,6.5390625
2e93,6.96,6.7617188
4cft,4.95,4.765625
4hcv,6.4,6.0117188
4c4h,8.22,7.3476562
4cqe,8.43,8.6796875
3rak,6.89,6.734375
1w1p,2.3,2.375
3u3u,6.88,6.7148438
3pz2,6.14,6.171875
2wf3,7.72,7.8085938
3duy,5.85,5.78125
1ayu,9.15,9.84375
3hkq,5.34,5.5117188
3s9i,5.7,4.859375
1lgw,4.0,3.7402344
2xaj,3.77,3.7207031
1hvi,10.92,10.9453125
1b51,7.37,6.9921875
1ijr,5.44,4.7109375
1azl,8.62,8.796875
2xah,3.55,3.4511719
2q11,6.05,5.96875
4eev,8.33,8.03125
4xnv,6.79,6.1835938
3vw0,4.67,4.2617188
3cz1,7.26,7.5625
1bdq,6.34,5.9375
4ggl,9.0,8.109375
4rkx,5.1,4.6484375
1f9e,8.7,8.3203125
3d7b,3.69,4.0546875
4ffs,10.44,10.34375
3wzp,6.82,6.8828125
2xx5,6.7,6.5351562
2f6z,5.32,5.0898438
2qrh,4.71,4.0195312
2e92,6.89,6.3242188
4y8x,8.43,7.4726562
4q3u,6.44,6.2851562
3s2o,5.05,5.0820312
2gdo,9.49,9.25
1yet,5.92,6.2929688
2nns,6.05,5.7617188
2qk8,7.91,7.5742188
2clo,4.06,3.9414062
3bc5,8.3,7.4414062
3uo6,7.82,7.8789062
4zwx,8.7,8.796875
4mx9,8.59,8.703125
5bvk,4.0,4.1054688
2lk1,4.09,4.09375
4y2u,3.24,3.1425781
1irs,5.22,4.8203125
2v10,9.4,9.21875
1lxh,7.19,6.9804688
4fzg,7.72,7.8359375
1ec0,8.49,8.34375
4w4v,6.94,7.0390625
3zlk,5.88,5.1171875
4n70,12.0,11.421875
3vo3,8.85,8.0390625
4tz8,3.3,3.1484375
3qw6,3.52,3.4550781
4wp7,6.1,5.6992188
4na7,9.7,10.203125
4f8j,5.07,4.5039062
4v04,8.11,7.3476562
1d4k,9.22,8.6875
4yp1,5.04,4.4726562
3co9,8.0,7.59375
4z7f,7.53,7.3710938
2bz5,6.15,6.3398438
4l32,6.84,6.7070312
3fnu,6.16,5.9570312
3cx9,4.89,3.9882812
4y8z,10.4,10.0234375
1n9a,8.66,8.359375
2jt6,7.6,7.140625
3c4h,5.7,5.890625
4p5e,5.55,5.1757812
1ok7,5.92,6.6054688
2q94,6.43,6.359375
4bd3,4.54,4.7226562
2gg2,6.6,6.734375
3px8,3.64,3.8105469
4j52,8.52,8.6953125
1udu,9.05,8.359375
3wzn,7.0,7.1914062
2p4s,9.51,8.9765625
2fda,6.3,6.1640625
4c1f,4.63,4.1523438
3gyn,7.21,7.4023438
2r3f,6.3,6.3671875
1xdg,7.3,8.21875
2zyn,5.92,6.015625
4x8t,2.05,2.4238281
4cfw,6.29,6.0273438
3shz,7.44,6.9023438
1u9e,8.24,8.5703125
5c4t,7.66,7.2226562
4fgz,2.87,2.7382812
3pce,2.0,1.7675781
2xog,3.43,3.1386719
3e64,7.11,7.84375
6fiv,8.08,7.9179688
4jib,7.35,7.7851562
4gu9,4.37,4.3710938
2ogz,7.08,7.4140625
2rc9,7.4,6.6523438
2vuk,3.9,3.5351562
3ftu,3.61,3.84375
4fm7,7.24,7.21875
2wm0,4.52,4.2421875
4qxo,5.51,5.7773438
3pb8,5.24,5.421875
1ql9,5.35,5.5507812
2uue,6.13,6.7578125
4kz5,2.0,2.2695312
1o8b,2.68,2.8320312
1waw,7.89,6.7070312
1zhy,6.52,6.1171875
1tmn,7.3,7.7148438
2oxn,7.44,6.984375
3ogm,7.32,7.1523438
2ew5,5.9,5.7578125
4eh5,3.09,2.5371094
2gmv,6.2,5.8476562
1r6n,7.4,7.1328125
2r5b,8.6,7.8710938
1w6r,6.15,6.40625
1dxp,7.57,7.6328125
4fvr,6.0,6.2070312
1py1,4.4,4.6914062
4kwo,6.45,5.953125
3eyl,6.6,6.0820312
4jvq,6.2,6.640625
4afh,9.54,9.6953125
3c7n,6.7,6.1484375
4hlw,5.38,5.6328125
4lh5,6.7,6.1640625
4eej,7.15,7.3242188
4n07,6.46,6.3359375
1ai6,3.97,3.4824219
1udt,9.3,9.7734375
4ucs,4.21,3.6035156
4umj,5.57,5.515625
4rn0,6.59,6.6992188
1o36,5.96,6.1992188
2bvd,6.0,5.7890625
3zep,7.66,8.328125
3qo2,6.85,6.8046875
5am4,6.95,7.1992188
2j4k,4.85,5.1367188
3udv,5.59,6.0117188
1pro,11.3,12.609375
3fhe,8.6,8.703125
3bgl,8.35,8.2421875
3chs,7.77,7.4296875
3gsg,2.7,2.9042969
4hiq,8.21,8.046875
3ij0,4.88,5.421875
2qoh,7.7,7.5625
3nrz,5.34,5.3984375
1tze,6.83,7.0117188
3qs8,4.74,4.7148438
9abp,8.0,8.4375
4gw6,6.2,6.4414062
4q4s,6.95,7.0820312
1uze,8.9,8.890625
3w1f,8.44,9.25
4aml,2.1,1.7255859
4qws,6.5,6.5390625
2xyn,8.4,7.9296875
3v7x,8.57,8.703125
3hau,6.38,6.5507812
1l6s,4.41,4.2851562
4pnr,6.34,6.7226562
3eos,8.4,8.296875
3oob,4.67,4.796875
3wdz,6.92,7.4570312
4pte,7.13,7.4414062
4qwk,6.27,6.765625
4c1e,7.14,7.2695312
4abv,6.07,5.4296875
2ywp,8.15,7.4453125
3iph,7.6,7.8984375
4o0v,8.48,8.53125
3sd5,6.58,6.0351562
3h0w,6.22,5.8789062
2q2a,7.41,6.765625
3o6t,5.22,4.7929688
3brn,8.7,8.0234375
4av0,6.98,6.640625
3oj8,8.36,8.03125
4esi,4.15,4.2539062
4nmo,4.83,5.0
3ug2,8.25,8.203125
1b2m,3.73,3.7011719
2flr,6.1,6.765625
4azy,6.7,7.2226562
3q3t,7.43,7.3398438
1ugx,5.91,5.765625
3tww,5.38,5.703125
1bmn,8.44,8.828125
4gd6,7.38,7.6640625
4nyf,7.31,7.3203125
4arw,7.13,7.2578125
3wi2,7.04,7.40625
4knm,8.0,8.828125
3hl5,4.47,4.78125
3wv2,7.92,7.7304688
2nn8,3.59,3.6210938
3kqp,3.42,3.2382812
3pjc,7.57,7.7382812
1n3z,4.2,4.296875
3eqb,1.82,2.765625
3uat,6.66,7.0117188
1hvy,6.54,6.7421875
2bro,5.85,5.7929688
3puj,4.51,5.1523438
1i9p,8.41,8.3515625
2hvx,7.54,8.25
2osf,3.83,3.8574219
4j1p,7.05,6.5703125
4uix,7.3,7.2148438
1bnm,10.0,11.296875
3h89,7.64,7.8085938
3e9i,6.22,6.0976562
4tyl,3.22,3.5703125
4fqo,5.16,4.7421875
3sfc,8.52,8.4140625
1i7z,6.4,6.8125
4crd,7.1,8.34375
3q6s,6.74,6.6289062
3g0b,8.15,8.4921875
1ynd,8.44,8.78125
3at4,8.1,8.8203125
4c3k,4.97,5.0039062
2yk9,5.09,5.2070312
3os3,6.63,6.2851562
1iht,8.46,8.71875
1g3c,5.8,6.4609375
1pzo,3.32,3.1777344
3n0h,6.21,6.609375
3w5t,4.52,4.5429688
1ysg,3.52,3.3769531
3zqi,7.19,6.5820312
5ece,8.05,8.21875
5ddd,6.59,6.5625
2c2l,5.55,5.9453125
4ahr,2.19,2.2578125
4uns,6.7,6.5859375
3jqg,4.74,4.7929688
3q3k,8.13,8.171875
1htf,6.83,7.25
4xh6,5.57,5.6054688
3ftq,5.33,5.390625
2brh,4.64,4.4765625
2y68,3.6,4.6445312
1zog,7.15,7.6484375
4bg6,7.16,7.3007812
4h4d,6.82,6.796875
3ffg,9.08,8.7578125
4m6q,8.21,8.3046875
3eov,7.2,7.8632812
3zlo,8.82,9.2578125
3soq,4.57,5.1757812
4b4m,6.69,6.5039062
3msj,3.11,2.7460938
4btt,8.84,9.046875
3p23,4.42,4.7539062
4wz8,7.21,7.171875
2bmz,3.7,3.7871094
3ocb,8.3,8.25
4kxl,6.22,6.3476562
1ke6,8.24,8.9609375
4lov,7.77,8.203125
4bo3,6.52,6.0039062
4u2y,3.99,5.1992188
2gej,6.64,6.8867188
5alo,6.13,5.8710938
4pvo,6.31,6.0898438
4ywa,7.55,7.9648438
3g32,3.71,3.5234375
4h58,6.72,7.1875
4gzt,7.77,8.2890625
1e2l,4.29,4.1640625
2liq,5.85,6.4609375
2f9u,7.39,8.1171875
4kqq,3.9,4.4414062
4jr5,8.15,8.734375
2w5g,6.07,6.1523438
1gja,5.42,5.7265625
1vyz,6.54,6.6367188
1i72,7.26,7.3867188
1aqi,5.62,5.4921875
1f8b,5.4,6.1132812
3qxv,8.4,9.390625
2bxt,8.52,8.0
1l83,3.4,3.2714844
4e1z,8.52,8.765625
2qoe,7.6,7.1367188
3snb,4.38,4.0
4ayw,4.0,4.1640625
3tll,4.39,3.8339844
4l10,7.15,8.2890625
2wmr,4.28,4.5078125
2oht,5.04,4.921875
4bpi,6.17,5.9296875
4qp1,3.61,4.1289062
5btr,5.14,5.4140625
2nmx,5.57,5.65625
2v7d,6.59,6.0507812
1awf,6.01,5.8164062
4b78,5.0,5.4648438
3grj,3.0,2.6992188
2xdx,6.46,6.7929688
3o0e,5.74,5.78125
2wzz,5.4,5.7421875
1pk0,7.57,7.4257812
1tet,6.08,6.4414062
3vid,6.21,5.8007812
1yci,4.08,3.6230469
2prj,4.49,4.5195312
4q7v,3.59,3.8847656
4zpe,6.35,6.453125
3ck7,4.05,4.1757812
3zcw,6.19,6.2226562
3vzv,8.04,8.0625
4z2k,5.78,5.9414062
4o4k,3.7,3.8964844
5e0m,5.28,4.6953125
3c14,3.52,3.8378906
1my8,7.46,7.1875
4ysl,5.8,6.2929688
1xap,8.7,8.5859375
2g2r,7.89,8.0546875
3lw0,6.4,6.2617188
3ccc,8.1,8.140625
1gpy,4.7,4.9140625
1odi,4.21,4.7773438
4mnw,5.76,6.1796875
4xuc,5.96,5.8828125
3gcv,7.13,7.5898438
3di6,7.0,6.4765625
4xuz,7.36,7.1835938
2wi3,3.46,3.3632812
1a4r,6.66,6.5
2hfp,8.52,8.3828125
1d9i,9.11,9.296875
3aas,4.51,4.3085938
2gl0,4.82,4.3242188
2imd,8.3,8.234375
1pbq,6.27,6.7460938
4joj,3.96,3.4277344
3lq2,5.22,4.8789062
3gz9,8.4,7.9296875
2ha6,4.32,4.7695312
3adt,4.55,3.9726562
4b0c,2.07,1.6630859
5em8,5.96,5.7460938
4b0j,2.15,1.8173828
3fe7,7.12,7.2265625
3lkz,6.15,5.9765625
4bqw,7.48,7.8007812
2jbp,8.07,7.53125
3g86,8.3,8.1875
3f6e,2.38,2.640625
4hbv,4.64,4.6835938
4hby,5.36,5.3320312
2yfx,8.09,7.9726562
4mc1,7.85,7.4882812
4gih,8.32,9.0703125
1a4g,8.4,7.8867188
1j81,7.1,6.6835938
3zeb,6.13,6.0664062
3mkn,4.12,4.2890625
3fuk,3.02,3.8027344
4gmc,7.74,7.2695312
4hvd,8.85,8.21875
4q1d,7.78,7.6835938
1dfo,6.7,6.8867188
4q4r,6.43,5.8085938
4kmu,7.92,8.28125
3iod,4.1,4.4960938
4mwu,8.49,8.5
3pa3,9.0,9.2421875
4gs8,7.0,6.8945312
3l8x,8.0,7.8007812
4dcs,5.1,5.4726562
4emt,5.3,5.2421875
1auj,8.25,8.890625
2j4q,4.46,4.6132812
4oas,10.0,9.8984375
2bys,9.52,8.9765625
4qj0,7.32,7.4648438
4z7q,4.29,4.4570312
4std,10.33,9.8203125
2ftd,10.39,10.4140625
4c9x,7.32,7.1953125
4xxh,5.0,5.125
4yw6,7.08,7.0898438
4hgt,7.4,7.5976562
5aae,7.46,6.953125
3o6l,7.51,6.53125
1b3f,6.89,7.3984375
2v0n,6.3,6.2070312
4bo4,6.89,6.8789062
2xiz,3.89,3.8457031
1mai,6.68,6.6601562
3hlo,6.21,6.46875
5bry,11.82,11.2421875
4pgd,6.92,6.4453125
4aq6,4.8,3.859375
4qt1,8.15,8.5078125
4p0a,4.52,5.15625
1urc,4.72,4.640625
4c7t,6.4,6.3867188
2p98,6.19,6.25
4htp,5.62,5.96875
2ltx,5.39,5.5742188
4wmv,4.03,3.6367188
4a9c,4.61,4.5273438
3ch9,3.3,3.8261719
3u9n,7.0,6.7070312
1uom,7.72,7.6210938
4jhz,6.02,5.6835938
4gh6,7.68,7.8671875
4csj,8.31,8.5390625
2zdm,6.41,5.9570312
2iws,6.36,6.2148438
1pye,6.41,5.84375
2qhz,7.28,7.515625
1p5e,4.81,5.6601562
1fw0,5.43,6.078125
2xb9,6.77,6.3789062
3omc,5.0,5.3671875
1q72,6.85,6.703125
4h3j,7.05,7.2148438
2d1x,5.1,5.1601562
4fxf,5.19,4.796875
3sni,7.96,8.015625
4ibk,4.3,4.3242188
7hvp,9.62,9.53125
4uit,6.7,6.7929688
2v3e,6.52,6.6445312
1eub,8.72,8.65625
4lbl,4.96,5.703125
3met,6.0,5.3242188
4e9c,5.96,6.0703125
2q7m,8.8,8.4609375
4dcd,5.75,5.9570312
4k4f,6.7,7.1328125
2ccu,6.13,6.1992188
4joo,4.43,4.09375
4kqo,6.78,6.5664062
1opi,7.3,6.5273438
2z4b,9.36,9.5234375
3qnd,4.85,4.8046875
2w06,7.08,7.4648438
1xbc,7.92,8.359375
3sx9,8.89,8.0
2srt,6.64,6.4414062
4m1d,7.64,7.09375
4d89,8.7,8.7421875
4dgo,6.24,6.2851562
2q8i,3.4,3.4316406
1kdv,6.22,6.1757812
4hva,5.89,6.1445312
1wbt,6.47,6.3671875
1ero,8.23,7.6875
1o2t,7.85,8.0234375
1uod,3.11,3.4355469
4ipj,4.87,4.9023438
3mt9,4.59,3.9863281
3rx5,6.27,6.609375
1xp6,9.4,8.96875
3hec,4.47,4.3398438
1x8j,6.96,6.9882812
3k37,8.92,9.3984375
3s9t,6.82,6.7226562
4ytf,8.15,8.1796875
4myd,4.55,4.3515625
3tib,6.89,6.9414062
3d50,4.77,4.2890625
1w1d,6.52,6.4765625
4bch,7.66,7.9570312
4isi,8.14,9.109375
4kww,5.55,5.53125
1tnj,1.96,1.8730469
1nj5,7.3,7.8789062
1ez9,5.1,5.3007812
1mqh,6.52,6.0898438
4bgy,2.96,2.8691406
1ajv,7.72,8.5234375
2avv,9.26,8.515625
1oay,5.92,5.8476562
1gni,8.07,8.125
4zzz,7.06,6.9648438
4qjp,8.6,8.703125
3cy2,7.22,7.4335938
4er1,6.62,6.59375
4rxc,4.48,4.4804688
1siv,8.08,8.4375
4j8b,4.79,4.7734375
3n0n,7.3,7.1523438
1bqn,6.22,6.015625
2gh6,4.95,4.8828125
1gsf,5.0,4.9140625
1p57,4.4,4.6914062
4yx9,5.35,5.3671875
3o2m,4.8,4.2890625
2ym6,6.06,5.6289062
3cid,8.3,8.5
2dwx,3.74,3.7441406
1b4d,4.81,4.6171875
4ngm,10.35,11.0078125
1rs4,7.17,7.1601562
1k1m,7.4,7.4765625
1g9t,3.28,3.1757812
4n3l,7.0,6.953125
2qve,2.32,2.1425781
4o0y,7.22,6.4960938
2ha3,3.03,3.1972656
4dmw,4.94,4.7109375
3mvl,7.89,8.6328125
3og7,7.51,7.8242188
5edq,8.7,8.7578125
1x8d,2.21,2.328125
4ezo,6.52,6.328125
1bai,7.7,7.3515625
4u7q,9.74,10.46875
3tne,5.72,5.84375
4g68,7.92,8.96875
4mti,8.92,8.7109375
1afk,6.62,6.4296875
3nyn,6.0,6.171875
2o5d,5.15,5.2851562
4bqy,5.96,6.1640625
2mg5,6.15,6.0351562
4txs,3.0,3.1035156
3n6k,6.74,6.1796875
1r5w,5.54,4.984375
5ap4,6.46,6.8085938
3o9d,10.72,10.21875
4kox,4.77,4.828125
2kzu,4.22,3.6523438
1dzp,5.44,4.953125
1ci7,7.05,7.3828125
3upi,8.22,8.2421875
3r9n,5.85,5.8945312
1i32,5.7,5.3828125
4ijq,7.52,7.9570312
4r5t,6.1,6.0
3q4k,7.05,7.265625
4i9r,6.95,7.4882812
3nw7,8.28,8.2421875
3kxz,7.46,7.234375
3lrh,7.35,6.5546875
2xey,5.19,4.9648438
4d85,6.85,7.2148438
4m3d,5.41,5.7695312
3t3c,10.23,9.421875
2ym8,7.89,8.109375
4fnz,7.8,8.40625
1pum,3.05,3.0878906
4oc0,6.5,6.5
2wed,6.1,5.9414062
3d7m,6.44,6.6210938
4n5t,8.15,8.1796875
4cl9,7.3,6.9765625
4nud,7.07,6.7617188
1ony,6.77,7.1484375
3s3k,4.01,3.484375
4heu,10.01,10.34375
1zaj,5.1,5.1640625
4wj7,4.89,4.8007812
3bjm,8.3,8.2890625
3v31,5.8,4.4453125
3tdc,8.27,8.1328125
2oxy,6.52,6.1132812
3k16,5.8,5.640625
10gs,6.4,5.8007812
3iop,7.77,7.3710938
2hk5,7.34,7.5273438
3q7p,5.8,5.8554688
2vo7,6.77,6.1132812
1toi,4.05,3.9003906
2xz5,4.01,4.0078125
3h2c,3.3,3.421875
3avh,3.3,3.6816406
1a0q,7.57,7.1640625
1oj5,6.1,5.8828125
3m8q,9.52,9.390625
4qnb,6.59,6.203125
2zq2,6.56,6.3710938
2rkg,8.09,7.6484375
4rxa,5.74,5.5546875
4ode,10.0,9.7109375
4qlt,8.6,8.5234375
2itk,7.69,7.7382812
3eql,5.3,5.1484375
3g8o,7.8,7.0898438
3ds4,4.19,3.921875
1q6t,8.3,8.34375
4u0g,5.29,5.5
3mt7,4.03,3.8496094
3tf7,3.52,4.1171875
4tln,3.72,3.8496094
3qsb,5.08,5.0351562
4b9w,4.17,3.9335938
1v2v,3.37,3.5566406
5ddb,7.09,6.953125
1b8n,10.52,10.1015625
4qps,6.52,6.140625
1mm6,7.7,7.3710938
4z2p,4.6,4.8203125
4x1s,6.87,7.2070312
3wk4,5.13,5.0351562
4emr,7.49,7.296875
3s3r,8.68,8.2578125
4qf7,8.6,7.8242188
4gm3,9.0,8.65625
4ckj,4.84,5.4921875
2g8n,7.2,6.59375
3tiy,4.77,4.7304688
4wtu,9.52,8.8203125
3m6q,7.32,6.84375
4k64,3.0,3.1132812
3e0p,7.92,7.7578125
3e01,7.52,7.2695312
4lkl,6.09,6.5507812
4jls,5.66,5.6367188
2vtq,6.85,6.4804688
4ryg,8.1,7.7265625
4wcu,8.52,8.46875
3igg,7.18,6.6328125
1uym,6.0,5.6484375
4pda,4.21,4.484375
4obo,7.11,7.0664062
4xt9,6.8,6.6953125
3ixg,7.57,7.2890625
3v8w,8.07,7.8125
3t1l,3.26,3.4726562
2fzc,2.7,2.9511719
3dog,7.4,7.0273438
2yi0,8.12,7.75
4fcm,3.94,4.8515625
3nnw,8.05,7.9726562
3cl2,7.59,7.0976562
3tjh,5.41,5.203125
3ika,7.85,7.984375
4u6z,5.41,4.8710938
1ttm,7.35,7.2890625
4h2m,5.21,4.578125
3pr0,9.54,8.8203125
4l1a,8.27,7.9335938
1apw,8.0,7.8945312
4b4q,5.75,5.3320312
4jfi,4.74,4.3984375
1m21,6.52,6.7890625
2am2,5.1,4.59375
2mc1,4.15,4.2304688
2ihj,4.59,4.140625
4l33,8.15,7.265625
1h25,5.74,5.6523438
4uvw,7.72,7.484375
3t2v,6.99,7.1875
3hd3,7.0,6.296875
3qcf,5.6,5.640625
4ir5,6.21,5.9960938
1idb,7.96,7.3007812
4pp7,7.96,7.5351562
1c12,8.72,8.0859375
2r03,5.15,5.265625
4qtb,6.7,7.2460938
4rvm,9.0,8.546875
5am6,6.73,5.5078125
5c0k,2.92,3.2988281
1lfo,6.7,6.1015625
4o13,7.82,7.7148438
4fic,4.7,4.2851562
4kx8,7.13,6.828125
1o4b,5.7,5.75
1g3f,6.37,6.6757812
2q1l,7.91,7.5
3nfl,4.38,4.7890625
1tg5,7.92,7.3554688
1ch8,7.0,6.5898438
4o04,6.16,6.3710938
3mag,4.07,4.5117188
4ifi,5.48,5.5390625
3rin,8.89,8.3203125
2pax,6.74,6.4609375
1b1h,7.03,6.703125
3fup,7.66,7.1132812
1y2j,7.48,7.1171875
3rdq,9.31,8.453125
3aid,6.86,6.09375
4rxd,6.52,6.3320312
4nga,7.77,7.34375
2wos,3.9,3.5507812
2am1,6.0,5.9414062
4fi9,7.34,7.1796875
3vp1,5.48,5.21875
3zsz,2.7,2.8925781
3lnk,5.94,5.5820312
2hug,5.97,5.71875
3bpr,4.95,4.8125
2cmb,7.19,6.8632812
5d1u,5.96,6.1210938
5apr,7.77,7.6796875
4xkc,5.87,5.765625
3ezr,5.0,5.0273438
4nru,6.94,6.8476562
4yym,3.62,4.0
3pjt,4.88,5.1914062
4ok6,4.85,4.9609375
1xzx,10.22,9.2421875
3twv,4.76,5.328125
4twd,5.08,4.8945312
4zuq,6.89,6.21875
2qcd,3.4,3.8925781
4kbk,8.18,8.0390625
2i5j,6.3,6.4101562
5efc,4.85,4.953125
4q1f,8.04,8.15625
3eht,5.17,5.4492188
4r0a,4.26,4.0664062
3jzr,7.44,7.7539062
1y6b,7.42,8.2421875
4lxm,7.06,7.53125
1hkj,8.59,8.25
4hy5,8.89,8.96875
3hy7,6.97,7.1601562
4rn6,5.1,5.4804688
5agj,6.15,5.6289062
2cen,8.3,8.9296875
4non,5.24,5.1289062
4b7z,4.31,4.1875
3zst,1.72,2.3691406
2a0c,7.3,7.0546875
4pgb,7.48,7.4570312
4qdk,5.85,6.3867188
3bl1,5.6,5.1132812
1e72,3.22,3.3867188
2ylp,4.3,4.4765625
4hvs,7.8,8.171875
4h5d,6.24,6.7421875
3r7n,6.15,5.921875
1h1r,5.64,5.7382812
2xs8,4.61,4.8789062
2hob,5.72,5.8632812
2vot,7.14,7.15625
1zzl,8.3,7.7929688
1ftk,4.84,3.8417969
3l3a,6.38,6.9414062
3acx,5.7,5.4375
2pj0,8.09,8.171875
2jb5,9.22,9.6484375
1w10,7.55,8.03125
3gn7,8.3,8.3515625
3vtb,9.3,8.8359375
3dyo,2.3,3.0136719
1rr6,10.25,11.125
3lpr,5.96,5.7578125
5f2k,6.16,6.3671875
4os7,4.62,5.1171875
4meo,3.6,3.609375
2xp8,4.82,4.5273438
4um1,5.77,5.5429688
3okv,6.23,5.9101562
4n4t,7.31,6.6445312
4tz2,3.46,3.5859375
3tz0,5.04,4.7851562
6lpr,7.3,6.9140625
4tpk,8.57,8.1640625
2xm2,4.62,4.6835938
4nwc,5.76,6.4335938
4knr,5.74,5.625
2vwx,7.4,7.1289062
3pgu,6.7,7.0078125
2bua,4.52,4.0195312
3sue,9.08,8.96875
3tu7,8.09,8.0703125
1xm6,6.38,6.2265625
3kdc,9.28,9.515625
2ckm,8.82,8.640625
2oa0,6.92,6.3398438
3p3s,7.59,7.8125
4tju,5.44,5.46875
2q92,5.96,6.2382812
4auj,7.74,7.703125
4x5q,9.0,9.1328125
4li5,6.26,6.0898438
1h3b,6.85,6.65625
4g31,9.4,8.96875
1iew,4.59,4.984375
3zzh,3.36,3.6972656
4aft,6.47,6.625
4m6u,2.74,3.1464844
4aoc,4.27,4.8242188
5akw,6.39,6.1132812
2qcg,4.0,3.7109375
1mq1,6.59,6.7148438
5all,5.57,4.8515625
1y0l,9.0,8.625
4uda,7.59,7.9140625
1jn2,4.09,3.265625
2xoi,3.34,3.8652344
1rm8,9.0,8.8828125
3ked,2.44,2.5585938
2l1b,3.96,4.140625
5d1r,4.84,4.90625
1dwc,7.41,7.5703125
2vqt,6.0,5.1601562
1y3w,5.77,5.7109375
4ca7,7.36,8.46875
2r3o,6.22,6.1796875
3t2t,2.4,2.4667969
4jbs,7.96,8.234375
4zy5,7.59,7.7734375
3ogp,7.44,8.2890625
1bnu,9.7,10.3203125
2xgm,3.0,2.8300781
2p09,6.35,6.2109375
4m2u,8.04,7.8984375
4qzs,7.05,7.1796875
4jft,5.46,4.9804688
2uzd,6.74,6.4335938
2wev,8.0,7.8867188
3qi1,7.66,7.8867188
4rr6,6.0,5.5429688
4zim,8.62,7.8710938
4aro,6.8,6.5
4b00,8.61,8.5390625
2b1g,6.64,6.578125
1gwq,7.12,6.3007812
4kql,8.77,7.9570312
1jtq,8.07,8.28125
4uxl,10.6,9.765625
3cyw,7.77,7.578125
4oaz,5.77,6.4804688
2nyr,4.66,4.046875
4l3p,5.92,5.8632812
4ajl,3.8,4.0625
2oj9,6.41,6.7109375
2anm,8.74,9.1796875
1uvr,6.0,5.90625
2ggu,3.03,2.9609375
4nmq,4.49,4.1523438
4okg,9.32,8.7265625
1eed,4.79,4.8984375
1i90,8.89,8.8515625
2az5,5.27,5.3359375
2vh6,9.7,9.109375
2zit,4.46,4.6054688
5ap5,7.97,7.578125
1erq,7.89,7.1953125
4hw2,7.26,7.3085938
1uye,3.7,3.7753906
1u71,7.48,7.1640625
3t3d,4.91,5.734375
4fe6,10.0,9.1015625
3mpt,6.6,6.421875
2psx,5.77,5.984375
4oyk,6.74,7.0390625
3sh0,5.66,5.5820312
1s64,8.4,8.6328125
2fgu,9.18,7.953125
2x0y,4.6,5.2695312
3i6c,4.92,4.796875
1xd0,7.12,7.1875
2y2k,5.16,5.4179688
3nba,3.41,3.3476562
3m17,7.4,6.8828125
4m5u,7.96,8.4453125
3n5k,9.7,9.0390625
3g6g,8.55,8.046875
4qnu,6.4,6.6054688
3okh,5.24,5.1835938
3eig,7.68,7.2695312
4b84,4.66,3.9511719
1c3i,5.8,5.421875
3k39,8.08,7.6210938
3img,2.96,3.2246094
1klu,7.6,6.5429688
3lik,8.72,8.453125
1i6v,5.0,5.5039062
4lkg,6.8,6.6289062
3c2f,2.0,2.3320312
3c8a,6.18,5.8984375
3owb,7.72,7.5507812
2xml,3.3,3.8457031
2gmk,3.23,2.8085938
2g97,6.82,6.5742188
2aox,7.42,7.9257812
3twj,7.84,7.359375
4jfx,6.44,7.0976562
1c8k,6.0,6.5898438
2wnj,6.48,6.5390625
1j80,6.52,6.7265625
2hmb,5.59,5.6757812
4g2l,7.49,7.4140625
2gpp,5.7,6.296875
3lkh,6.1,5.7460938
1wbn,6.46,6.4375
4rcf,8.4,8.53125
2fdp,7.59,7.7382812
3pab,4.7,4.078125
3wq5,3.85,4.390625
4edz,8.08,8.46875
2am9,8.41,7.9570312
1pkx,6.92,6.5898438
1veb,7.41,7.8359375
3zbf,7.52,7.7578125
1oir,7.49,7.5585938
4ggz,10.18,10.03125
4dtk,8.52,8.6015625
5er1,6.02,6.1367188
1w70,3.7,4.078125
5ct7,7.15,7.4453125
3mxc,6.54,6.6289062
4qz6,5.53,5.09375
4n1t,9.1,8.296875
4hn2,6.89,6.8164062
2gfs,6.15,5.6875
1y3x,5.14,4.9296875
3n7s,7.7,7.0273438
3sou,5.68,5.9296875
2p16,10.1,9.546875
5aom,2.9,3.3007812
4lkk,5.92,6.3125
4whr,4.12,4.1054688
3vh9,6.24,6.25
4n7g,5.66,6.4804688
2rm0,4.03,3.8632812
4psx,6.47,7.3671875
4yve,7.0,6.9140625
1t46,6.43,7.203125
4frs,8.77,8.8359375
4m3g,6.26,6.1523438
4yuy,3.34,2.9238281
2oic,8.4,7.828125
4rfd,8.05,7.5703125
3dbs,7.12,7.15625
4gto,7.98,8.2109375
2l1r,3.57,3.7675781
4mwr,9.39,9.1796875
1gjd,5.22,4.5390625
3qnj,6.0,5.7773438
1vyq,5.3,4.625
1jjt,8.05,7.9921875
3ah8,9.82,8.203125
1jmi,6.06,6.3085938
3unj,4.96,5.0507812
1jyi,4.0,3.8046875
3uig,5.32,4.7304688
2w6p,6.48,6.5625
1gt3,6.46,6.6640625
3st6,3.62,4.2851562
2qi7,10.21,9.40625
4ha5,7.24,6.9335938
2vcj,7.68,7.859375
1y2g,4.08,3.9570312
3ewh,7.16,7.0117188
4m3e,6.25,6.21875
4ybi,6.6,6.9960938
4umq,5.38,5.8828125
3bet,5.82,6.046875
3vrv,10.54,9.890625
2qrg,5.18,4.5273438
2hf8,5.47,5.0234375
4v11,6.49,6.65625
3of8,9.22,8.5703125
2wo8,6.28,6.2421875
2xaq,5.96,5.59375
4i9s,6.79,7.9648438
1elb,7.15,6.8046875
1akw,8.59,8.5625
2o0u,5.49,5.6757812
5e2r,7.06,7.0117188
1q8w,5.24,5.2382812
4b2i,3.0,3.328125
1y1z,3.08,3.5039062
1aw1,1.05,1.5625
4flk,5.25,5.6914062
5am7,7.19,7.4492188
2vin,3.0,2.953125
3ump,2.99,3.2929688
4utn,6.15,6.1953125
4u0c,4.31,4.1953125
3i8t,3.22,3.3222656
1tps,8.0,7.7890625
3s68,8.66,9.1328125
2nq6,5.82,5.3359375
1bnq,9.49,9.5703125
5aix,7.92,7.34375
4xar,6.97,6.625
3qkm,7.42,7.5742188
3sh1,7.39,6.7421875
1ke7,8.05,7.3828125
1tt1,8.15,8.171875
3ikc,7.46,7.515625
2x96,4.03,4.2382812
1bim,8.92,8.3125
4ayr,7.0,6.0742188
2vnf,5.52,5.5664062
4n9b,5.28,5.1289062
1z2b,6.4,6.3867188
4mma,6.04,6.0703125
4jgv,6.57,6.5429688
1czc,2.82,3.1015625
4cdr,5.1,5.2539062
2qd9,7.89,7.9453125
1sj0,9.1,8.5234375
3hzy,7.0,6.625
2j9n,4.7,4.5546875
3er3,7.09,7.2226562
4mgb,5.44,5.3203125
4mse,6.16,6.0195312
1ofz,4.62,4.9023438
4kz3,2.77,2.9433594
2wva,10.7,9.34375
2jdn,5.56,6.0546875
1a7c,4.0,4.4414062
3e6v,6.83,7.0703125
2q96,5.92,5.5195312
4pyx,6.14,6.3085938
2bvx,8.7,8.953125
3ggj,6.0,6.0976562
1l5r,4.77,4.9726562
1ox9,5.21,4.5234375
1g50,6.28,6.3007812
2jnw,6.11,6.375
3a1t,4.83,4.9726562
3lzs,10.96,10.328125
1xh8,5.77,5.9101562
4ewr,6.27,5.984375
2a2x,7.69,8.15625
3vye,8.11,8.1953125
1it6,8.39,8.359375
4uyh,6.3,6.75
2zdt,8.02,7.7617188
1ets,8.22,8.59375
1g32,6.11,6.078125
5cnj,6.84,7.0820312
3eqr,8.7,8.34375
2br8,7.49,8.1484375
1o4q,2.49,2.7675781
1y20,5.32,5.6757812
4j53,8.7,8.6328125
4b81,4.92,5.2070312
3pxe,5.7,5.265625
1b9j,5.96,6.7382812
3mj2,7.82,8.609375
3ikg,7.24,7.484375
3rw9,5.96,6.3046875
1o4i,2.64,2.6445312
4fcd,9.55,9.453125
4f08,6.6,7.1914062
2cfd,7.49,7.953125
1ym2,8.0,7.6328125
4n3r,6.82,7.1953125
2c6e,9.1,8.8984375
3hwn,8.7,8.1015625
3pcn,3.66,3.6347656
4wvt,5.31,5.1992188
3hj0,5.71,5.8242188
2qi6,10.57,9.921875
4jps,8.3,8.0234375
1fd7,1.85,2.3632812
5dia,10.46,9.8671875
4mr6,6.6,6.2070312
4bo1,7.3,6.5664062
3uqf,4.7,5.0546875
3hfb,7.52,8.0
2xy9,9.19,8.8046875
4o42,4.66,4.6210938
1hlk,5.0,4.8671875
1eoj,13.77,13.6484375
1w6j,8.19,8.421875
1ym1,6.24,6.4375
4bgx,1.77,1.8671875
4uxq,7.8,7.8554688
2f3f,6.72,6.6523438
6rnt,2.37,3.1679688
2hdu,2.3,2.5605469
1db4,7.24,7.4179688
4o1d,7.62,7.5664062
2lp8,7.52,8.3046875
3nus,3.51,3.6953125
2obo,7.24,6.7148438
3ns7,8.33,7.2929688
2rcw,8.1,7.9023438
2x24,6.48,6.78125
3da6,8.7,8.609375
2wxd,5.48,5.9804688
2pzi,6.1,6.0546875
4ajn,7.16,7.3789062
1qan,4.48,5.03125
3pa5,8.7,9.2890625
3m8p,8.68,8.28125
4s3f,6.24,6.0195312
2wor,3.9,3.9121094
3upk,4.3,4.4765625
6tim,3.21,3.4492188
3g76,6.64,6.46875
1pau,9.46,9.9375
2yel,7.28,7.3164062
5ea7,7.96,7.6835938
2co0,5.48,5.4023438
4bhi,7.05,7.015625
4gq6,7.28,7.640625
4j1h,6.11,6.375
3kwf,8.17,8.5
1qbo,7.74,7.6953125
1x1z,11.06,11.0078125
5al3,4.96,5.2382812
4uru,2.22,2.5273438
4qiy,7.3,7.6953125
2ha5,4.34,4.9453125
4jit,6.64,6.296875
4feq,5.96,6.5117188
1hsh,9.42,10.078125
2ilp,4.82,4.7226562
3f82,8.34,8.8515625
3qrj,8.4,8.6953125
1pi5,7.77,7.0742188
3dcv,8.52,9.421875
3b78,4.1,4.5664062
2nt7,6.52,6.1015625
4xrq,6.63,6.4492188
1fsw,6.49,5.921875
4rj6,7.12,7.5390625
4dew,7.0,6.8671875
4y0a,2.31,2.4511719
2xl2,5.25,4.8671875
4zmf,3.96,4.625
3npc,8.34,9.1484375
3g35,4.68,5.1875
4fmn,6.1,5.1132812
3nil,3.46,3.1757812
1d8e,6.6,7.3945312
1pg2,4.96,5.203125
2adm,5.7,5.421875
4oc4,6.98,7.2304688
1njf,5.99,6.171875
4j8r,7.7,7.7070312
3wk5,4.82,4.2617188
3rx7,6.03,6.9375
3n23,8.52,8.2265625
1zkl,5.09,5.4492188
3uda,5.01,4.5585938
4jc1,4.3,4.4414062
1cny,7.85,8.171875
4mvh,8.35,8.6171875
3kcf,7.46,7.7265625
3v3v,5.34,5.6914062
4wmy,7.07,7.453125
4ps1,6.66,6.1953125
2f6v,4.43,4.1757812
3pfp,6.44,5.8125
2chw,4.77,5.015625
3s45,8.49,8.40625
4k3l,2.96,3.5625
1w84,4.46,4.2578125
4a9r,7.8,7.0234375
3n7r,7.7,7.3085938
1i5d,8.0,7.2460938
4b6u,5.11,4.8085938
4m5m,4.74,4.8476562
4pd9,3.33,3.5410156
1eb1,10.43,10.1953125
2qtb,8.32,8.8828125
4x68,6.57,6.578125
1hgt,6.82,6.5039062
3uoj,7.29,6.8164062
2v87,4.6,5.0546875
4x5r,7.85,8.109375
3uvx,4.34,4.3828125
4dus,8.3,8.109375
3t7g,5.2,4.6367188
2c93,4.92,4.890625
2r3w,6.89,6.9023438
3zmh,5.28,5.1992188
3loo,6.07,6.6328125
4bfp,7.82,8.4140625
4o28,7.54,7.5742188
1xp1,9.3,9.796875
3r8u,5.3,5.1757812
1zyj,5.82,5.71875
2y07,6.22,6.5390625
4xbb,5.0,4.8984375
4egk,7.72,7.5351562
5lpr,6.57,7.1328125
3asl,5.76,5.6835938
3qfv,5.77,5.6484375
5d9k,8.4,8.3984375
4h75,6.6,6.1328125
3buw,5.83,5.90625
3olg,7.84,7.8984375
3chp,5.27,5.3945312
1jet,7.25,7.0625
1r6g,9.21,9.9296875
5agi,4.34,4.765625
4lgu,8.68,8.71875
2qi1,7.3,7.8984375
2y1o,5.09,4.6367188
1oss,4.79,4.9257812
2ce9,6.03,5.9453125
4bo6,6.74,6.2929688
3kze,3.95,4.3476562
1yz3,8.81,9.1640625
4pkr,4.82,4.3125
2o9v,3.54,3.8613281
5cf5,8.6,8.0859375
2qv7,3.66,3.3398438
2fme,6.98,6.609375
4cc7,4.33,4.9882812
3kl8,6.92,7.2148438
1rql,2.75,2.5546875
5e0a,6.59,6.8359375
2y4l,6.3,5.9882812
3gi5,11.22,10.15625
3qfy,6.12,5.6953125
4q6f,5.6,5.3359375
1p28,5.42,5.015625
2onc,7.89,7.6914062
1inq,6.27,6.1171875
1ent,6.96,7.1953125
1f2o,1.91,2.0585938
3heg,6.74,6.5
4mx0,6.73,6.265625
3t0x,8.0,7.2890625
4b74,7.66,6.96875
2vvu,8.1,8.125
4ibb,3.57,3.7148438
1x70,7.74,8.0078125
4pl3,6.54,6.578125
2h42,8.62,9.03125
4lvt,10.36,10.40625
2piz,6.77,6.90625
1kdz,8.22,8.15625
4cpw,7.5,7.4335938
1uk1,7.22,7.71875
4erw,8.15,8.2890625
3blr,8.19,7.2734375
1r6z,5.0,4.484375
3g2j,4.75,4.5898438
1y4z,7.24,7.4335938
4c70,3.52,3.8574219
2avi,15.22,16.03125
1os0,6.03,6.0078125
3d9o,3.0,2.3515625
3k3j,4.9,4.6328125
3dnt,4.74,4.5898438
4r92,7.41,6.8203125
1iky,8.26,8.4296875
4oct,5.05,4.8867188
3lmk,5.94,5.7382812
2zdn,6.25,6.09375
3pj1,7.32,7.5117188
3u81,4.44,4.4648438
4qf8,7.51,6.5078125
4rcp,5.35,4.8789062
5d6p,5.6,5.7382812
4xt2,7.15,6.9804688
3u10,5.44,4.9648438
3twd,7.74,7.234375
2pou,7.42,7.7421875
2xpk,11.3,10.875
2bxu,7.15,7.984375
3o9p,6.52,7.0703125
4z2h,5.08,5.21875
2y2j,4.8,4.8085938
5bpa,9.0,8.6171875
3zlx,3.8,3.7519531
3n45,3.3,3.4101562
4k7o,4.3,4.1328125
3p9h,5.06,5.0664062
4avw,7.62,7.4375
2o4l,9.22,9.7734375
2qwg,3.64,3.3144531
1bzs,8.0,7.578125
2gg0,5.77,5.6132812
1usi,6.74,6.7929688
4uwh,8.52,8.1796875
3dek,7.57,6.359375
3g7l,6.72,6.6679688
3l0k,4.62,4.2890625
3e16,5.24,4.9960938
3qlm,6.37,6.6132812
3fzn,4.01,4.5195312
3uvn,6.59,6.265625
1slg,3.9,4.5234375
4zsr,4.44,4.5078125
1q4l,7.4,7.171875
4zzd,6.6,6.546875
4y4v,3.65,3.4199219
1n4m,6.72,6.2773438
5efa,4.83,4.5742188
4c1u,7.09,6.0625
1b46,5.28,5.515625
2ydv,7.86,8.0625
4ufk,3.89,3.7675781
8hvp,9.0,8.3203125
4mp2,5.45,6.0546875
4od7,5.08,4.8046875
4tw6,4.21,4.4179688
1mui,11.89,11.265625
3k0k,5.43,5.5273438
4hbw,5.32,5.5117188
3b2q,4.55,4.6171875
2q8g,7.06,6.9648438
3rz7,8.96,8.28125
3hio,6.52,6.5664062
4ngn,7.55,6.8359375
4qge,9.3,9.3984375
3dcw,9.0,9.2578125
4eu0,6.4,6.1757812
4irx,6.12,5.2148438
3owl,6.17,5.4296875
2zis,8.55,8.6328125
4dwb,5.74,5.9648438
4a6l,8.0,7.8085938
1bgq,8.57,8.4765625
4n8r,5.0,5.4648438
2vgp,6.85,6.3125
2jdv,8.2,7.8867188
5d7c,6.85,6.6835938
2gu8,8.59,8.265625
1jao,5.92,5.8320312
4n6h,9.28,9.6953125
3jup,5.58,6.140625
4cp5,3.34,3.421875
1xoz,8.92,8.21875
1kfy,5.28,5.203125
4i10,6.77,6.2421875
4jpc,7.03,7.3515625
4awk,6.89,6.6796875
4iuv,5.72,5.9296875
4u5s,2.41,2.515625
1y2e,6.8,6.8359375
4twt,8.0,7.8164062
4tky,5.7,5.5390625
3ftz,2.7,2.3105469
4i9o,5.72,5.5742188
2eg7,5.89,6.2578125
4s1g,9.22,8.859375
3fu0,2.28,2.4140625
4gj6,5.12,4.7460938
1oar,7.4,7.359375
2kvm,3.96,4.0703125
3dxk,6.33,6.5742188
4yv5,6.22,6.1171875
1my4,6.98,7.109375
4mu7,8.85,9.1484375
2nnk,8.37,8.5078125
1t31,8.64,8.6171875
3owk,5.82,5.9804688
1owi,7.55,7.0742188
1zoe,7.4,7.4375
1iih,2.89,3.4707031
3k23,8.2,8.0078125
2a4z,6.6,6.9101562
3f15,8.1,8.0546875
3dtc,7.59,7.234375
4wks,2.7,2.7441406
2ww0,5.3,5.4023438
3m53,5.31,5.5390625
1zkn,4.51,4.6210938
3mke,5.66,5.6210938
3rk5,5.4,5.2695312
2yoj,8.3,8.375
1ocn,6.39,6.5039062
4olh,8.3,9.234375
3f81,7.13,6.9804688
1c5c,6.96,6.8164062
2wgj,8.7,8.046875
3oyq,7.99,7.875
1mxl,3.81,4.1054688
2oi9,5.7,5.0546875
3g08,8.16,8.390625
3imy,9.7,9.40625
2r9b,6.57,7.3203125
4d0w,7.7,7.875
4ydq,6.52,6.5820312
4asj,7.55,6.8164062
3zrk,6.89,6.4296875
4v27,6.66,6.4414062
3t19,8.66,8.671875
1w7x,8.4,8.765625
4ju7,6.17,6.0703125
2aq9,7.3,7.3476562
3dz5,8.15,8.328125
1ro7,3.18,3.7890625
4hnn,5.7,5.7148438
3ayc,4.24,4.0390625
2w0d,8.7,9.1953125
3fxb,5.85,5.6289062
4u7t,5.67,6.0039062
4ozl,4.97,5.1015625
7gpb,5.52,4.8789062
1drk,6.82,7.2226562
1gny,4.14,4.7539062
1n9m,10.96,9.15625
3qio,6.84,6.9765625
2l7u,3.98,4.0078125
5ai0,3.69,3.9160156
3lk1,4.26,4.4492188
2lyb,4.46,4.5859375
2h65,8.19,7.75
3ldq,5.36,4.9726562
2pe0,7.1,7.6132812
4u6r,7.85,7.8359375
1jd5,6.62,7.0273438
4l0i,6.57,6.5820312
1g37,10.0,9.5390625
4cqg,9.39,9.3515625
4n5g,5.0,4.5585938
3d67,4.96,4.6015625
4og5,6.52,6.7851562
4yoz,6.8,7.2578125
1me3,7.19,6.7617188
3e8u,9.42,9.96875
1ctu,11.92,9.8125
3pcc,3.62,3.7070312
2m0u,6.44,6.5429688
3iiw,4.44,4.5507812
4bb2,7.07,7.0429688
4mdn,6.22,6.0195312
4ktu,6.16,6.8125
1fkn,8.8,8.7578125
1no9,7.62,7.7109375
4ohm,7.55,7.3945312
2j7w,6.66,6.4140625
1ew9,3.22,3.2695312
3gdt,7.19,6.0703125
4rsc,6.63,6.2695312
1tsy,4.96,4.9492188
1k21,8.38,8.3203125
2pyi,3.75,3.9882812
4b3c,2.68,3.1054688
1oiu,6.68,6.578125
5bms,6.34,6.0742188
4k3r,3.59,3.5292969
1mzs,5.15,5.3828125
3lzu,10.06,9.2109375
3my5,4.19,4.2617188
1o9e,4.18,4.2734375
4prd,4.6,4.4140625
2ow1,9.0,9.1875
4ddy,5.62,5.6210938
3buh,3.66,3.5820312
3p78,6.96,7.2929688
2azm,5.66,5.7265625
2ll7,8.8,7.59375
4pmm,7.57,6.921875
3g30,2.51,2.8828125
3c49,7.15,7.0429688
1cwb,7.89,7.9960938
2xib,7.26,7.03125
4j9a,8.22,8.28125
4o7e,5.24,5.234375
5tln,6.37,6.265625
4obq,7.19,7.4414062
3vfb,9.04,8.40625
1w5w,8.8,8.40625
3uii,5.0,4.9960938
2y54,4.7,4.6914062
4q8y,2.64,2.9375
4z90,4.66,4.9726562
4pg3,7.85,6.6289062
4acd,8.31,7.9179688
2c6o,8.22,8.0859375
1r5v,4.48,4.953125
4kn4,7.24,7.7851562
1kz8,6.08,7.078125
4ojr,7.42,8.0390625
3tsd,3.66,4.1523438
4o05,7.43,8.0390625
3ued,4.53,4.9921875
2zfs,6.54,6.6875
3qkk,6.52,7.1796875
1j4k,4.0,4.7382812
4o0j,4.89,5.5976562
4qp6,3.46,4.0078125
1g98,5.7,5.9492188
1tou,6.0,6.5976562
2y1g,6.15,5.7226562
4oz2,3.0,4.0117188
4pum,6.73,7.2773438
1nhu,5.66,6.5039062
4dt2,4.37,4.7851562
3o87,7.6,8.015625
4mb9,8.0,8.1640625
4hz5,5.92,6.2421875
4ucd,4.0,4.3710938
3d1v,3.49,3.8378906
5bwb,5.3,5.359375
4l0l,7.27,8.1171875
4qip,5.15,5.8945312
2hrp,8.3,8.5
2hb3,11.35,11.5859375
6cpa,11.52,11.1328125
1u32,7.01,8.203125
4j44,5.73,6.4492188
5aad,6.67,7.2851562
3dab,6.68,6.5703125
4rvk,7.87,7.84375
3ovx,7.51,7.8242188
2k31,8.7,9.5625
1hlf,5.64,6.328125
3qo9,5.92,6.2617188
3kjq,5.88,6.0625
4dhf,7.55,7.6484375
3hhu,7.39,7.859375
3c2u,2.9,3.1757812
1cs4,5.57,5.890625
1cw2,6.15,6.3828125
4r76,7.85,8.6640625
1lt6,3.3,3.3691406
5csz,7.77,8.25
5c7c,5.26,5.2851562
1izh,7.7,8.3203125
4utv,5.09,6.0703125
3eg6,5.77,6.3359375
4aoi,8.4,8.6484375
4gvm,6.11,7.0234375
3vf9,8.72,9.2890625
4dce,6.76,7.3242188
3deh,6.83,6.8476562
2xch,6.43,6.890625
4m2v,7.44,8.1640625
1o4h,2.44,2.90625
4hco,4.32,5.265625
1biw,6.98,7.4804688
3rsr,4.36,4.5390625
2wp1,3.6,3.9042969
1hxb,9.92,10.0078125
3mv0,3.85,4.3554688
2wtd,6.68,6.6171875
3mb7,6.7,6.9257812
4djr,11.52,11.296875
3jzo,8.52,8.6796875
2bv4,3.22,3.1523438
1rhj,8.04,9.1640625
3wsy,6.36,6.5703125
3jzh,3.4,3.4023438
1oxn,5.68,6.2382812
1a3e,8.46,9.171875
2gg8,4.6,4.9296875
3obu,4.3,4.921875
1f9g,1.28,1.4453125
2f70,4.47,4.9023438
3eoc,6.64,7.2929688
2y67,3.53,3.734375
4qsh,5.1,5.5078125
2uz6,8.77,8.390625
1bhf,4.38,5.1953125
4do5,5.83,7.203125
2ddf,7.39,8.265625
1gnj,7.04,6.8320312
4mk9,8.05,8.609375
4g90,4.51,4.890625
3zrm,6.89,6.8007812
4x3t,4.54,4.4414062
3ms9,5.22,5.1835938
4av5,7.21,7.4453125
3iw4,8.68,8.65625
4oex,5.84,5.7695312
4q3q,5.89,6.8125
4os4,4.87,5.3945312
1pfu,2.72,3.3046875
4b6s,6.01,6.7929688
2rka,3.0,3.2050781
4er2,9.3,10.3359375
4u82,5.72,5.875
4ylu,4.0,3.921875
2ofv,9.7,9.7734375
1jfh,2.05,2.7480469
4emv,8.3,8.828125
1e6q,3.15,3.5175781
3rti,7.37,8.25
3nzx,5.17,6.171875
4ph4,7.74,7.5585938
4ie0,5.08,4.3632812
3l3z,4.87,5.9296875
3oik,6.17,7.2578125
4i1r,4.65,4.7734375
2ksa,3.06,3.0664062
1xbo,6.04,6.2734375
1y57,5.79,5.9296875
2yak,8.7,9.453125
4k3h,6.85,7.7578125
4es0,6.99,7.6210938
2c6l,6.57,6.8867188
4utr,6.15,6.2851562
4b6q,7.55,7.6054688
2q9y,4.44,4.9960938
3jwq,7.6,8.21875
1zfq,7.52,8.15625
2no3,8.05,8.5703125
3bx5,8.46,8.8984375
3mt8,4.55,4.1015625
2azc,6.74,7.2734375
1g53,9.04,8.6953125
1n7m,5.71,5.84375
1eas,7.74,7.7695312
1ado,6.0,6.1640625
3rse,7.0,6.5390625
4keq,3.82,3.6855469
3w32,7.12,7.203125
4i7c,8.22,8.015625
2xnm,6.8,7.0117188
1ezf,7.25,7.1875
3u6w,6.92,6.6171875
1nfu,7.74,7.40625
3rjc,5.24,4.7890625
5fiv,7.66,7.453125
3hmm,7.6,8.0078125
4fn5,6.76,6.4335938
4ryl,7.28,6.9921875
4bcs,6.99,7.2226562
2fjn,7.41,6.6757812
1mkd,6.8,7.0742188
5c7b,3.0,3.1425781
1ylv,2.7,2.5957031
4ntj,7.36,7.109375
4u0e,6.92,6.5546875
2fr3,8.7,8.71875
2a4q,7.18,6.9453125
1o32,5.74,5.8164062
2go4,5.15,5.3945312
3m5a,4.96,5.1679688
3dow,4.94,5.1757812
3hmo,7.52,7.0546875
2wd3,7.07,7.234375
3pix,7.0,7.3164062
4j1i,7.4,7.3203125
1h2t,7.89,8.3203125
4nnr,7.26,7.578125
3bgq,7.96,8.09375
2xd6,6.19,6.421875
2vx0,6.24,6.0898438
1g2m,7.4,7.1445312
1ung,6.8,7.0976562
2b8v,7.01,7.359375
2f3k,7.89,7.8984375
3sm0,6.13,6.1484375
2koh,5.22,4.8085938
4ge4,8.11,8.140625
4nks,7.17,8.0234375
4o7c,5.0,4.8554688
3fud,2.7,3.0625
5c8k,7.7,7.6835938
3t9t,8.71,8.140625
4i5m,8.06,7.859375
3lzv,10.59,10.78125
1rpj,6.48,6.4140625
2xda,6.22,5.8710938
2z3h,4.64,4.7265625
2wly,6.6,6.0703125
3qt6,5.37,6.09375
2jst,2.59,2.921875
3qtf,6.96,7.421875
3rtm,4.42,4.1796875
3isj,3.68,3.8671875
4wv6,4.98,4.8789062
4mbl,8.54,7.9570312
3lpk,9.1,9.7578125
5bs4,11.0,10.140625
4qr5,7.22,7.4960938
4wr8,6.23,6.640625
1jyc,4.34,4.5664062
2xv1,5.99,5.8789062
4led,2.3,1.8691406
4cxw,6.09,5.8945312
4l7b,5.64,5.6835938
1fsg,5.02,5.09375
2xkd,5.64,5.3945312
3lbk,6.04,6.0585938
4k3n,7.96,8.4921875
1avd,15.0,15.75
4p1u,8.52,8.453125
2ony,6.68,6.7382812
3u4o,7.28,6.9648438
3eor,1.4,0.86328125
4puj,7.46,7.3085938
1inc,9.34,9.046875
4jbp,7.39,6.8984375
3wf8,6.63,6.4335938
5buj,8.3,8.46875
2oq6,3.6,3.4003906
4n4s,6.88,7.375
2jkt,6.51,6.546875
1m0o,2.31,2.5
2uup,3.98,3.9257812
3chq,7.7,7.4609375
2g6q,5.82,5.0585938
3kaf,6.08,5.4453125
3wns,5.96,6.3398438
2c69,4.59,4.4335938
4h7q,5.06,4.9179688
3vb6,4.41,4.375
2poq,4.42,4.5507812
2clh,4.06,3.9277344
2pvv,3.36,3.625
4hxs,5.39,5.1523438
1ec9,3.1,2.9628906
4dve,9.52,9.390625
4rlu,4.82,4.6171875
1epo,7.96,7.25
4bae,8.52,8.1953125
3t3h,5.71,5.859375
4ezy,5.65,5.1289062
2reg,5.64,5.4140625
3ahn,7.05,7.0273438
3mpe,7.4,7.2148438
1qf0,7.38,7.34375
4o77,5.6,5.4765625
2qlm,5.64,5.2460938
1nw7,5.09,4.8359375
4efg,7.26,6.984375
1uy8,4.12,3.4296875
1v79,7.89,8.1640625
4m6p,7.27,7.453125
2wxl,8.34,8.5234375
1qxz,4.72,4.3945312
4pyv,6.7,6.7265625
3ds6,9.1,8.578125
4q4q,5.79,6.2578125
4jxw,4.72,4.546875
3fl8,7.27,7.3164062
4cj4,3.36,3.828125
1fq6,7.86,8.5
3d4l,7.49,7.6992188
2o64,6.47,6.34375
2yj2,7.92,7.09375
3r93,6.51,6.4335938
3uzp,7.89,8.1015625
3tyq,8.3,9.3125
3o8h,6.24,6.2460938
3dpe,7.24,7.7851562
1h3h,6.66,6.6992188
4z68,6.49,5.9609375
1b5g,8.0,8.0
3s3v,6.23,6.0507812
1f2p,1.9,2.2851562
2bt9,6.19,7.1523438
1fsy,6.82,6.4648438
2upj,7.39,7.7890625
3qs4,4.68,4.640625
3kig,6.61,6.484375
3rxh,1.8,1.3066406
1oe0,5.16,5.3476562
3mb6,7.0,6.328125
3cn0,5.51,5.5117188
4fc0,7.16,6.8867188
2gj4,6.5,6.4765625
2rkn,7.22,7.5507812
1oe7,5.52,5.7226562
4pns,4.52,4.578125
3sqq,5.32,5.1835938
4a51,6.73,6.4648438
4a9i,4.9,4.5859375
2ay9,2.16,2.3476562
4zga,7.7,7.6992188
3vbw,5.22,4.984375
2e2r,8.26,8.6328125
4i8n,4.46,4.4296875
2xp5,3.44,3.4375
3own,7.47,8.03125
3o57,10.1,10.171875
4w9d,4.99,5.0390625
2c6c,7.52,7.9492188
3fl9,1.11,1.4589844
4cp7,8.11,8.6328125
3mxr,4.95,4.8046875
3umq,4.62,5.0703125
1yuc,6.91,7.078125
3h0b,5.49,4.96875
4ark,7.2,7.2382812
3tiw,7.67,6.9882812
3k5i,4.7,4.4609375
5fwg,6.72,6.6171875
1lcj,9.0,9.5234375
2vd1,6.86,6.78125
1umw,6.55,6.7382812
4rad,7.1,6.5898438
1oh4,3.74,3.5820312
3h9f,7.92,8.140625
1tow,6.24,5.9960938
4yat,5.03,5.953125
4jrv,7.54,8.0703125
1uj0,4.57,4.5664062
4xy9,5.33,5.5703125
2byh,6.59,6.4296875
2i3v,6.55,7.21875
5ea3,8.77,8.8359375
3omm,7.43,7.8984375
3zs1,6.4,6.0351562
2oph,7.8,7.5078125
2l8r,3.92,3.6113281
2bzz,6.43,6.4335938
4loo,8.15,8.0390625
4edu,3.99,3.984375
2ie4,10.0,9.609375
4ohp,7.46,7.421875
1z6q,6.7,6.90625
3ud8,5.38,5.2109375
2xp6,4.7,4.828125
2xyd,6.82,7.1601562
3dpk,8.39,7.6210938
5fjx,4.96,5.0351562
4hyu,8.21,8.4140625
4u0m,5.77,6.0234375
4hfz,5.72,6.0429688
3m2u,7.0,7.4023438
4wn1,8.29,7.9765625
3vrw,9.39,9.28125
2v58,9.09,8.78125
4f64,7.2,6.609375
2j7x,8.77,9.2109375
3sgv,4.46,4.578125
4mm7,3.63,3.390625
5c3k,3.96,3.9707031
2i0h,8.05,7.3945312
4u5j,5.53,5.6132812
3qs6,4.89,4.8554688
2gfd,6.28,6.8632812
4qlv,7.85,7.7929688
3c0z,3.95,4.1835938
5c7e,5.0,4.9375
1exw,3.9,3.4980469
2yiw,9.1,9.5078125
4og6,6.71,7.1210938
5ajp,5.3,5.2929688
2xez,5.82,5.7773438
3ljt,6.89,6.9726562
5a5z,4.08,4.6914062
4c4n,6.1,6.4375
4gpk,7.52,7.2890625
3oe6,8.09,7.9257812
4x5z,7.63,7.2617188
3dk1,9.74,9.375
3tv7,7.52,7.4882812
1d7x,8.52,8.2734375
4qvp,6.05,5.703125
1mes,7.7,8.3125
4ufh,6.42,6.09375
4nkt,5.97,5.6132812
2aay,2.92,2.7304688
1np0,3.57,3.2792969
3wk8,4.31,4.6992188
2r0u,9.0,8.78125
1rww,8.3,8.5546875
2cmo,6.4,6.3945312
2i5f,5.12,5.1328125
4kom,7.0,6.8828125
2q6c,7.78,8.0546875
2f8g,8.7,8.6328125
2fv5,11.7,11.4375
2uwp,6.81,7.140625
2qfu,4.18,4.6640625
4fk7,5.24,4.9453125
4bi1,4.16,3.9335938
3l4y,7.0,7.09375
3d5m,8.0,7.2460938
4mho,5.08,4.9101562
3nzs,7.12,7.0859375
4fsl,7.7,7.3164062
4muw,8.01,7.3125
3r9h,4.0,3.9355469
6rsa,4.4,4.0703125
3miy,7.68,7.8359375
5auv,4.51,4.3476562
4j04,4.96,4.2929688
2z5o,6.0,5.515625
3c6t,8.68,8.109375
4zsq,5.65,5.0703125
4jlg,8.7,7.546875
4li7,6.11,6.4804688
4jhq,7.74,7.234375
1jpl,5.0,5.40625
3oct,8.3,8.3046875
1uyf,4.52,4.265625
3t0t,7.04,6.6835938
4oag,6.3,6.0820312
3kry,10.0,9.5625
1tkz,6.62,6.3984375
1fax,7.39,7.1328125
4pvt,6.52,6.0507812
3cp9,7.32,6.2265625
2cbs,8.22,8.3984375
1jwu,5.34,5.4023438
1dva,8.07,8.6328125
1los,7.19,7.7226562
4m8e,7.89,7.140625
3ckr,5.3,5.3554688
4ykn,8.0,7.359375
2ow2,8.22,7.4179688
1v2t,4.71,4.7929688
2pja,8.66,8.515625
3tkh,7.33,7.3554688
4dzw,7.89,7.6640625
2rku,8.3,7.3789062
4pl0,4.4,4.6835938
3ps1,10.17,9.2578125
3k0h,4.6,4.7890625
3eou,7.01,6.8359375
2wyj,9.0,9.65625
1j15,3.84,3.4667969
3ue4,8.96,8.046875
4eop,6.05,5.875
4uat,5.89,5.6992188
1mqg,6.28,5.8203125
3ctj,7.46,7.703125
3ff6,7.15,6.21875
1jmq,4.4,4.4921875
2evc,6.54,6.15625
4ai8,4.0,4.0390625
2rcb,6.79,6.3046875
1rhm,5.76,5.3242188
3ni5,7.55,7.5078125
3ooz,7.85,6.4414062
2h9n,3.94,4.4296875
3wf7,6.69,6.4960938
3otf,6.08,5.453125
4trz,5.03,4.796875
4hxw,8.7,7.8671875
4yy6,4.22,4.1875
1qj6,7.74,7.0820312
2ydj,8.3,7.3398438
2pfy,6.52,6.03125
2xln,4.48,4.1289062
4amw,1.55,2.1738281
4fea,6.47,6.734375
4ea3,9.57,9.78125
4trc,4.52,4.1796875
1wdq,1.98,1.4824219
4rh5,6.9,6.0429688
4gtr,8.3,8.0078125
2w6o,4.22,3.6328125
4yoj,6.39,5.8476562
1qwf,6.35,6.2109375
2vti,6.18,5.7382812
3pck,6.7,6.5976562
3py1,6.89,6.5625
4xmo,8.7,8.8359375
2uy4,4.68,4.6679688
1lzq,8.39,8.765625
3t70,6.3,6.2890625
3uzd,5.05,5.0117188
1orw,7.6,7.2382812
1cbr,9.4,8.359375
1uxa,2.3,2.296875
5dd9,6.11,6.046875
1jrs,6.4,6.0039062
2y7i,5.54,5.90625
4qme,6.52,7.2265625
3uvp,7.46,6.9335938
4jff,9.22,9.8984375
1rdj,1.66,1.7978516
3v2n,6.1,6.265625
4alw,7.57,6.75
3ftw,2.78,2.9335938
4lk7,5.04,4.9375
1m7y,10.96,10.3046875
3uo5,7.41,7.1445312
4y64,3.1,2.7128906
3jzk,5.91,5.4296875
4or0,7.46,7.96875
2e9a,6.04,5.7070312
4m5o,6.42,6.0273438
4mao,7.33,7.2460938
2vh0,8.51,7.9609375
3ddg,6.0,5.65625
1xm4,10.39,10.0234375
3f7i,7.34,6.515625
3lpt,4.91,5.1796875
3d1x,8.66,8.1953125
3vyf,8.8,8.5078125
2jql,6.52,6.40625
1qf4,6.18,6.890625
3l58,8.1,8.046875
4i73,6.72,6.3828125
4bzr,7.6,7.7734375
7lpr,7.18,7.2734375
3n2c,5.12,5.0078125
1utm,3.01,3.0488281
3lpb,7.38,7.3828125
4guj,3.05,2.6015625
4cts,5.0,5.5195312
4zjr,7.54,7.8359375
2xj2,7.18,7.0195312
4jwr,6.21,6.8359375
3sur,4.15,3.9550781
4z93,7.35,7.3242188
3n8n,4.57,4.375
4mw7,5.0,5.1171875
3ocp,7.57,7.5117188
8abp,8.0,7.15625
1nzl,7.15,7.2890625
4ibj,4.33,3.640625
2aod,5.66,5.7539062
2wu6,7.53,8.5234375
2h3e,5.7,5.8515625
3o1d,5.74,6.1679688
2w67,4.96,4.9335938
2fys,4.36,4.625
2xrw,5.15,5.8242188
5cc2,4.1,3.9921875
3h21,4.7,4.28125
2qzx,8.22,8.0
3uqr,7.24,7.0976562
4mbj,7.21,7.3945312
3zyb,5.38,5.7929688
4idz,4.36,4.421875
3btj,5.62,5.5742188
3ay9,8.34,7.8671875
4kxn,6.1,5.9375
1fta,6.36,7.46875
1y3v,5.64,5.6132812
1x8r,6.12,6.2617188
1kf0,2.55,2.8535156
3ig1,6.14,6.5078125
2vk2,6.89,7.09375
4mm4,6.37,6.3945312
2b8l,7.82,7.9921875
2fts,7.05,6.4570312
1e03,9.4,10.109375
4hup,4.82,4.8945312
4eol,6.05,6.4570312
4jok,4.07,4.1289062
3qrk,7.24,7.515625
3g0c,5.7,6.2773438
3fsm,7.0,7.7265625
4tpm,8.62,8.890625
4xu0,9.11,9.1640625
4k6t,4.1,4.8476562
4j08,6.66,6.2226562
1ogx,6.09,6.4492188
3k5k,7.64,7.3515625
1k9q,3.15,3.484375
3p3r,7.25,7.0
2bpy,7.4,7.5976562
2og8,9.3,9.7734375
3ftv,2.93,3.1074219
2c8x,6.66,5.953125
3uph,7.82,8.0859375
3mxe,10.01,10.8046875
1ppm,5.8,6.1171875
3kfc,8.55,9.0234375
4g8l,8.0,7.9882812
3fz1,7.92,8.2734375
1utl,2.47,2.296875
2o1c,4.72,4.8945312
1n46,10.52,10.3203125
1s50,7.2,6.9140625
4ivt,6.0,5.75
3sjt,6.06,6.0742188
1rdi,2.06,2.2949219
1mmp,6.07,5.7265625
3vap,8.4,8.3359375
6cha,4.4,4.5585938
4x1n,6.42,6.1523438
4my6,5.62,5.96875
1nzq,7.96,8.6484375
4dht,4.82,4.7773438
2ooh,5.89,5.8828125
3kbz,6.91,7.8476562
2aig,5.0,5.5390625
4c36,7.7,7.65625
4m5n,5.12,4.7890625
3l5r,7.42,6.9960938
3oe0,8.6,10.0234375
3lox,8.1,8.640625
4lgh,8.7,9.3671875
3evc,6.91,7.4414062
2pmk,5.92,5.9648438
4k6v,4.63,4.9804688
3fyk,7.4,7.5390625
2yit,9.54,9.4375
4lch,10.62,11.828125
3aje,5.03,4.7304688
1rlp,5.1,5.6757812
1h1h,5.22,5.0742188
3kwn,6.82,7.4140625
4b6e,2.3,2.6992188
3qx8,2.86,3.1269531
3g0g,8.3,8.046875
4lq3,6.35,6.6914062
1g4j,8.7,9.15625
3qcy,7.7,7.890625
4ck3,3.57,3.4726562
4ge2,6.05,6.3242188
1i3z,6.88,7.546875
5brn,6.3,6.5664062
3g90,6.36,6.5039062
4f14,4.89,4.6171875
2idw,8.89,9.140625
1kl5,5.99,5.6015625
2aq7,3.3,3.5371094
3e3b,7.96,7.9179688
5a14,7.3,7.28125
1mmr,5.4,5.6992188
4ks3,6.37,6.2695312
4bzo,7.89,8.1484375
2azr,3.64,3.5859375
2qcn,5.0,5.3867188
4c4f,7.59,7.546875
2glp,5.01,4.7734375
4e26,6.4,6.5625
3b95,5.15,4.9257812
4f3i,7.44,6.9960938
4mrg,2.96,2.765625
2q1j,9.1,8.640625
5bq0,7.82,7.65625
184l,4.72,4.4726562
4c4g,8.22,8.390625
2ohq,4.6,4.5820312
3bys,9.3,10.078125
1hvs,10.3,11.296875
4n7y,6.26,6.21875
2pu2,4.43,4.4375
2hha,6.91,6.640625
1vj6,5.1,5.140625
4kz8,2.8,2.5449219
4cff,6.4,6.3710938
3rme,4.66,4.4492188
3wi6,5.33,4.8085938
4rxz,6.74,7.328125
2h02,6.49,6.6640625
4kzl,6.15,5.984375
3c7q,7.68,7.5585938
3wqm,6.25,6.1210938
3hv3,6.33,6.6796875
1hps,9.22,8.78125
1qb6,6.06,5.6601562
3k4q,5.34,5.0195312
2hs1,8.48,8.15625
1a4k,8.0,8.3828125
1j36,7.74,8.2265625
3stj,4.8,4.7578125
4tw9,7.7,7.7421875
2vtt,7.36,6.546875
3jqb,6.02,5.84375
4alg,6.3,6.3632812
4m7c,6.12,5.7851562
4men,3.9,3.6816406
3n5e,6.82,6.9023438
4qsw,1.68,1.5664062
3zzf,0.4,0.7529297
4qjo,7.4,6.9179688
4e93,6.93,6.9375
1e2k,4.94,4.3867188
1wn6,4.68,4.703125
3mlb,4.8,4.8164062
4myh,4.64,3.9882812
2x9f,7.21,6.7578125
2jk7,7.17,6.984375
1g1d,9.44,9.703125
3hu2,7.22,7.1953125
1nyx,7.04,8.1796875
3lea,9.1,9.7109375
1g3m,10.0,9.6484375
2qu3,6.23,6.1875
2c9d,6.32,6.2851562
3rv3,2.0,1.9912109
1evh,3.22,3.1621094
3u1y,8.67,8.8515625
2jdo,6.64,6.2148438
4jlm,7.64,8.015625
1hk1,5.64,5.4921875
1v0n,7.55,7.25
2uxi,7.3,7.9648438
3ck8,3.84,3.3339844
1jq3,6.7,7.2539062
3p58,7.6,7.7695312
4j86,3.77,3.1992188
3g5y,7.46,7.5273438
4nat,6.48,6.3945312
4hbp,8.42,9.2578125
4k1b,11.52,11.3203125
2r6f,8.0,9.0390625
1guw,5.72,5.5273438
1tnl,1.88,1.6650391
2bfr,5.25,4.7695312
3s53,9.64,8.96875
3pa8,5.75,5.5351562
1jqy,4.92,4.8125
1mxo,9.0,9.140625
3lok,6.92,7.2226562
3v0p,6.28,6.7617188
1o0m,5.15,4.4335938
3g3m,5.96,5.8945312
2i19,7.8,7.4335938
4jnj,9.07,9.7578125
1nok,3.15,2.7949219
4zh4,4.22,4.1445312
3l13,7.82,7.8632812
2xdm,7.49,8.1328125
3dnd,4.8,4.3242188
4qwg,5.97,6.0742188
1rhq,7.75,7.8984375
3dp4,7.37,7.1875
4d2t,6.0,6.4375
3oqk,6.38,6.7148438
3tiz,3.82,3.6074219
3t82,7.0,6.421875
3uh4,7.96,7.8632812
5alp,7.07,7.0585938
4e3n,10.3,10.1796875
4eyj,6.21,5.4921875
1ke5,6.25,5.6796875
3i7g,6.37,6.6992188
4elc,3.2,2.7109375
4mk1,4.8,4.875
1k4g,5.85,5.59375
1dmb,5.74,5.46875
3le8,6.07,5.5742188
2kgi,6.12,6.3359375
1avp,7.92,8.1875
3dsz,7.77,7.6835938
2xpb,5.7,5.1796875
2bok,6.55,5.8945312
4res,7.85,8.4140625
3wch,7.05,6.8476562
1him,7.7,7.53125
1f90,7.92,7.7539062
3c72,4.64,5.2070312
2i2b,2.44,2.3847656
3wc5,8.7,8.203125
4a6w,5.72,5.7382812
4q6r,6.68,7.0742188
3smq,5.02,4.9570312
4mga,5.86,6.4570312
2l84,7.72,7.71875
1syo,9.0,9.1875
5amg,8.22,8.375
1mqi,7.63,8.0859375
3g2w,5.66,6.390625
1s19,9.51,10.2109375
1uxb,2.15,1.8867188
3jzi,5.3,5.1992188
2hiw,8.1,7.1796875
3qtw,6.19,6.1328125
1vyg,8.0,8.5625
4jk6,7.19,7.5742188
4mx5,4.55,4.3125
4k0o,3.0,2.8359375
4unn,6.38,6.3476562
4hkk,5.54,4.9335938
3tdj,5.25,5.0390625
3jwr,8.07,7.9179688
2ko7,5.19,5.2226562
3kdb,9.85,9.8671875
3fuf,2.7,2.4667969
1hc9,8.72,8.71875
2wmw,6.41,6.1171875
2ly0,4.8,5.0234375
4po7,7.07,6.5039062
2c9t,7.48,7.0546875
3rxk,2.68,2.6269531
4a0j,6.0,6.2070312
4l4m,8.0,8.2265625
4xx4,7.36,7.6679688
1zhk,4.45,4.6523438
4e5d,6.22,6.5976562
3kqs,5.2,5.6757812
3lq4,5.22,5.7109375
3sz9,5.27,5.6757812
1tom,8.3,7.7734375
4bdt,8.96,9.5703125
1t08,5.51,5.6992188
4xsz,5.6,5.4414062
2wq5,3.74,3.859375
3fkt,5.55,5.8164062
1au0,7.66,7.859375
2cli,4.3,3.5898438
2arm,7.68,8.125
4y2b,8.36,8.375
2w8f,6.3,5.875
4qaa,6.44,6.9414062
1adl,5.36,6.3359375
4e3k,9.1,10.2109375
3m93,6.62,6.5820312
4bps,2.99,3.2851562
2bmc,7.57,8.625
4ijl,3.87,3.390625
4tmf,5.48,5.6328125
2hm1,8.7,8.59375
3le9,8.22,8.359375
4k78,4.79,4.6015625
2wo9,7.21,7.4453125
6prc,4.77,5.0703125
3k5f,5.43,4.9101562
3h9o,7.15,7.515625
3i4b,8.15,8.3828125
3sie,7.88,7.671875
4rlk,5.02,4.5039062
1bl4,8.74,8.6796875
4k5y,8.17,8.609375
4pn1,6.17,6.25
2wei,8.47,8.0390625
2ksp,4.24,4.6210938
2hxl,7.92,7.9570312
1g30,6.85,6.6015625
3o1e,5.74,6.3789062
1au2,7.89,7.890625
4kju,8.22,8.1484375
3sl5,7.66,8.046875
1c5y,4.2,3.9628906
2qe2,7.77,7.6992188
4rt0,5.5,5.796875
3hhm,7.92,8.078125
4ryd,11.26,11.3359375
3opr,6.59,6.4648438
4loy,8.09,7.8242188
4re9,4.92,4.84375
2w16,10.0,11.25
2y2i,4.59,4.1992188
3vyd,6.39,6.4140625
3bm9,6.72,6.9609375
1a0t,1.3,0.69677734
4kc4,3.23,3.6503906
4c1w,9.41,10.1953125
1sfi,10.0,10.1328125
3qc4,8.7,9.78125
3s3q,8.77,9.03125
3zsw,2.7,2.6875
2piy,7.7,7.2851562
2jew,6.69,7.0664062
2vc9,8.44,7.9921875
2l3r,4.66,5.1679688
4mnx,4.75,4.6914062
3q5u,4.31,4.0195312
2hh5,7.49,7.6757812
4x6n,8.82,8.421875
4ahs,2.19,2.1816406
2vu3,7.33,7.5078125
3t3v,8.52,8.5234375
3nkk,4.7,6.0117188
4hdb,8.05,8.078125
1hk5,5.24,5.1875
4mjp,3.88,3.4042969
1hqf,5.0,4.09375
3lxl,8.3,7.90625
4q99,6.28,6.1914062
3w8o,7.62,7.6796875
1mx1,4.0,4.3359375
2fm0,9.4,8.546875
4r95,7.85,7.5429688
4y7r,5.03,4.796875
4qwi,5.36,5.4296875
4fcq,7.0,7.1132812
1v2l,4.29,4.296875
2v22,5.39,5.4257812
3kdt,6.59,6.796875
4po0,6.92,7.0898438
5ccm,8.4,8.6484375
3tpu,4.32,4.21875
1o3g,7.96,7.4257812
3mn8,6.17,5.9648438
4mz6,5.02,4.6640625
2jjb,7.92,8.6953125
1yvz,5.36,4.828125
4c1d,5.36,5.671875
4rj4,7.8,7.5390625
3ejt,7.36,7.0390625
4y6p,7.16,7.4023438
3l4v,6.72,6.6210938
4oel,7.0,7.296875
2nwn,6.3,6.0898438
3uo9,7.1,6.328125
2pk5,10.7,11.9375
1fkf,9.4,9.0625
3bxf,5.54,5.3671875
3ccb,4.52,4.4140625
2emt,6.7,6.7617188
4i5p,6.42,6.5976562
3bar,5.7,5.6289062
2vpe,4.94,5.0976562
2d3u,6.92,7.8242188
4al4,6.89,7.1484375
1x78,7.85,8.0625
4mcd,5.33,5.4140625
2a5b,3.93,4.0703125
4c94,5.05,4.9375
1rpa,6.0,5.8515625
3uzc,9.61,9.7578125
2uw7,7.74,7.46875
3fgc,3.92,4.2773438
2afx,5.15,5.2539062
2xel,3.9,4.4492188
4ran,7.15,7.4414062
4aqc,9.05,8.703125
4i5h,8.7,8.984375
3kce,4.8,4.7265625
1ajn,2.63,2.8730469
1h0r,3.7,3.4980469
4oti,7.37,7.0351562
1e06,5.6,5.7773438
3kej,7.12,7.1054688
4f7n,7.1,7.3203125
1w82,6.71,6.6640625
1hty,1.4,1.7900391
2yac,8.7,8.7265625
2aow,7.42,7.5390625
4bie,6.6,5.9726562
3f1a,7.21,7.3046875
4acm,6.68,7.0390625
1czk,8.82,9.1171875
4utx,5.24,4.75
2zzu,7.41,8.0390625
6std,8.64,9.015625
1bzf,8.3,9.28125
3qck,5.24,4.703125
2np8,7.38,7.6054688
3l6h,5.4,5.34375
3v04,7.89,8.46875
2qnn,7.15,6.6875
4jmx,7.21,7.40625
2nta,4.8,5.0117188
4qir,6.95,7.4804688
1d3d,9.09,8.6953125
4f70,5.74,6.2929688
3qtr,6.03,5.9140625
1thr,5.38,6.03125
1npv,8.24,7.9296875
4hdp,7.51,7.9648438
1y6q,11.7,12.234375
1joj,4.22,3.5820312
3mo8,3.1,3.34375
4h38,6.04,6.4609375
3uoh,7.89,8.1796875
4zl4,7.86,7.8085938
1str,4.77,4.7226562
3vhc,8.89,8.90625
4bkj,8.72,8.5078125
2ofu,9.0,8.28125
1mqd,6.77,6.5234375
4gwi,3.69,3.4921875
4d52,3.11,3.3867188
3d78,7.64,8.5546875
4i47,6.92,6.421875
4p4b,7.85,7.5351562
2ity,7.27,6.8125
3ioi,6.28,6.9257812
2ym4,5.82,6.3125
3dri,4.42,5.1484375
2x5o,4.07,4.2578125
5ajw,6.98,6.6289062
4tuh,4.0,4.2148438
2xdw,8.37,8.7734375
4zyr,5.7,5.4335938
4nrb,4.42,4.0820312
2yc5,7.46,6.9804688
2w77,9.19,9.8046875
1tfz,8.15,8.0078125
3msk,4.59,4.234375
4rcd,9.15,8.5546875
4bfy,6.92,7.71875
3v8s,6.19,6.2148438
1gbt,2.0,2.0976562
4az5,5.99,6.46875
1pwu,5.68,6.0195312
1zzz,5.14,5.1015625
1pqc,7.0,7.1523438
4k8a,4.02,4.5429688
3ig6,7.6,7.4609375
1ysi,7.44,7.5351562
4ch8,5.99,5.5820312
1jzs,6.6,6.2773438
2fwy,6.7,6.5976562
2clx,4.88,5.0
4gj9,3.3,3.4882812
3fyj,8.3,7.875
3gv6,3.3,3.6503906
5abf,4.85,5.4609375
1ws5,3.03,3.2363281
2ha4,2.7,2.7988281
4dhu,5.3,5.453125
4gui,3.64,3.5488281
4zls,9.09,9.703125
2ay4,2.91,2.5449219
2wzm,5.22,5.3085938
4rme,5.92,6.9375
1m2q,6.1,6.3867188
2g9u,6.08,6.7421875
1stp,13.4,13.0859375
1o4j,2.36,2.1738281
2f6y,3.87,3.7636719
3fr5,6.35,6.6953125
2ipo,5.06,4.796875
2fb8,9.8,9.6015625
4i7k,3.04,3.2324219
1jqd,5.16,5.7382812
4q07,8.14,7.8710938
2x91,6.74,6.5351562
3ds1,5.7,5.6757812
1j4q,6.44,7.0898438
4mzs,7.92,7.3984375
4bib,6.6,6.65625
1ryh,7.56,7.6210938
2hds,2.0,2.0214844
2p3g,6.9,6.8984375
4bfz,6.26,6.8203125
2xxy,7.89,7.6640625
2fzg,3.38,3.015625
3hf6,7.59,7.890625
4aq4,6.17,5.9414062
4iwz,7.29,6.8867188
3qci,5.42,5.4765625
4knb,7.33,6.9335938
3odl,7.21,6.8945312
3bb1,3.6,3.375
3m1j,4.82,4.1953125
2i1m,7.62,7.5859375
1a08,5.62,5.8242188
3r7b,6.15,6.1367188
2vj6,7.89,7.1757812
3g2k,4.79,3.9238281
3hiw,8.06,8.3828125
4mnv,4.94,4.7695312
4d3h,6.43,6.5664062
1g7f,5.47,5.1640625
2hd1,3.3,3.6347656
4uau,5.89,5.9335938
2x38,6.89,6.6328125
3l4w,6.0,5.3398438
1sme,11.22,10.140625
3hnz,7.72,7.90625
3rwc,8.12,7.5234375
1ga9,7.08,6.9960938
4o75,4.68,4.9257812
2xct,4.51,4.140625
4gvu,7.52,7.3164062
1b40,7.28,7.1484375
4nrq,3.46,3.5546875
5ar4,6.7,6.9960938
1b6j,7.92,8.03125
3ppo,5.3,4.9375
4i33,8.33,8.6875
3cm2,6.47,6.5859375
2avq,4.39,4.9609375
1tyn,9.7,10.203125
4uyn,8.4,7.7578125
3cwj,8.0,8.1953125
2qm7,5.89,5.6015625
3u90,4.62,5.296875
2bz8,5.6,5.53125
1q4k,6.55,6.9765625
3s0n,6.74,6.90625
3nam,8.46,9.3359375
1mns,4.17,3.7695312
1ft7,5.18,4.9648438
2rnx,3.4,3.578125
3wq6,4.59,4.3203125
2fkf,2.92,2.8632812
4fpf,4.41,4.234375
4gv8,6.49,5.8789062
1g5s,7.32,7.1210938
3exf,6.54,6.8164062
1ld7,8.96,8.2890625
4x2l,4.44,3.9355469
1mfg,4.3,4.21875
1w2x,5.14,4.9101562
3vfa,9.19,9.8203125
3ikd,6.75,6.5351562
4mqp,4.98,4.2460938
3zvw,3.9,4.0390625
3qlc,5.43,5.6171875
2b1z,7.1,7.4765625
1xa5,6.5,6.5898438
1a9u,7.32,7.2539062
4n7j,5.47,5.4101562
4jjs,6.7,6.7070312
4qt0,6.29,6.0664062
4buq,8.14,8.5
1clu,8.27,8.484375
3mo0,6.81,6.9257812
2c1n,4.11,4.3125
4rfy,7.0,7.859375
4f6w,7.52,7.609375
2o9i,7.4,6.7890625
4imz,6.92,7.3710938
4fut,6.51,6.5039062
3ril,3.84,3.140625
3t03,6.8,7.25
3e2m,9.4,9.5390625
5aph,7.22,6.9101562
4tkf,6.55,6.3320312
1drj,7.4,7.2382812
5cf4,7.4,7.4453125
4xyf,9.0,8.9453125
4j4n,6.88,5.9101562
4u0b,4.3,4.5390625
1wss,7.77,7.5
3t3y,5.47,5.4609375
3emh,6.85,6.7109375
3u0d,10.0,9.875
3ds3,5.22,5.84375
1q9m,6.48,6.4648438
2e9o,7.7,7.4492188
2xx2,7.3,7.0
1sz0,9.0,8.796875
2x7t,6.63,6.5
3v6r,6.15,6.2421875
4dbn,8.15,8.09375
1af6,1.82,1.6728516
3hkn,5.35,5.5234375
3rv7,4.85,4.9375
2x6j,7.44,7.0195312
1fzq,7.62,7.9570312
1qhr,6.89,7.1367188
2l12,4.26,4.0117188
2a25,4.62,4.1367188
4i71,7.74,7.8828125
3lhj,9.51,8.5390625
1i80,6.41,6.6328125
3ebi,7.1,6.8632812
4mpc,6.15,6.3203125
4g3e,8.38,7.8984375
3ove,6.57,6.5429688
4idn,5.24,5.2695312
3r4p,7.96,8.0625
4wxi,8.08,8.796875
4k3q,3.94,3.921875
2va6,6.17,6.1875
4oee,5.76,5.84375
2flh,3.97,4.0546875
4xmr,4.07,4.1210938
1y2c,6.57,6.9414062
1n4h,6.55,7.1210938
3cd8,8.05,8.828125
6abp,6.36,6.7070312
4hxm,6.1,5.7421875
3hha,7.9,8.234375
2g9x,7.35,7.6679688
3ens,8.05,9.2109375
4yzm,5.27,4.9921875
2yhw,5.6,6.09375
2cmf,7.55,7.0859375
3twu,5.62,5.2617188
3kdd,8.46,8.40625
3oxz,8.07,8.0234375
4n9c,3.9,4.09375
4i0f,6.35,5.9335938
4q9y,5.68,6.1914062
1ybo,3.8,4.015625
4g2r,4.45,4.7304688
3neg,5.94,5.8710938
2oz7,7.85,8.3359375
3o9c,12.05,13.0234375
3gcq,6.47,6.2265625
3clp,3.69,3.8867188
5cao,7.42,7.1679688
3pdh,6.74,6.6054688
4jnc,8.52,9.796875
3oap,6.26,6.8476562
2ajl,7.89,7.8242188
3o7u,7.28,7.5507812
1hyv,2.3,2.7675781
3nzk,9.27,9.4765625
4pgc,5.88,7.0390625
1pr1,5.3,5.5820312
3bt9,5.71,6.1367188
1uu3,6.12,6.203125
4d8a,3.42,4.0859375
2aou,7.73,8.3515625
3r2a,6.12,6.1953125
1oif,7.72,7.8242188
3ctt,6.35,5.9609375
5ajy,6.3,6.6601562
2gj5,8.32,8.71875
1t69,6.32,6.7226562
4anw,7.74,7.8203125
3d45,5.68,5.9023438
3qbh,6.82,6.3007812
2std,9.85,9.1796875
2pv3,5.25,5.640625
1jik,9.7,8.9375
2h5e,8.25,8.640625
3csl,7.22,6.7539062
4k7i,2.82,2.7558594
4wrs,9.4,9.4140625
4u71,5.22,5.1835938
3rzi,5.33,5.6835938
4nw6,8.4,9.3125
1fl6,7.43,7.9179688
4k5z,3.0,3.2597656
1ke3,6.7,7.265625
4k3k,2.35,2.5585938
4l7c,5.13,5.3320312
4xe0,7.72,8.3828125
3bh3,6.15,7.015625
1mf4,7.99,8.1953125
1f47,4.67,4.828125
4mhs,5.29,5.5234375
5ea5,8.06,7.4453125
3sr4,6.54,6.703125
3pj8,7.4,7.7070312
4mpe,6.37,6.5078125
4frj,6.55,6.5273438
1x6u,3.22,3.1230469
4x1p,4.2,4.125
5ahw,5.17,5.4257812
1y98,5.43,5.90625
3n2u,7.84,8.4921875
5afv,5.59,6.109375
2kfh,2.62,2.765625
4mqu,8.4,8.1796875
4bv2,3.74,4.4804688
3oki,7.15,7.3828125
4nrl,8.62,7.9140625
1hww,7.7,7.5898438
1anf,5.46,5.90625
5ct2,2.92,2.6445312
3ad8,3.16,2.8632812
4psh,8.89,9.84375
1ctt,4.52,4.3320312
2k2g,8.12,7.7226562
3d7g,7.77,7.9179688
4euc,6.1,6.5585938
3vnt,8.66,8.5390625
3hy9,7.77,7.6640625
2etk,6.82,6.9570312
3msc,3.31,4.4570312
2q2z,8.7,8.75
1rdt,6.7,7.4921875
4m3b,6.4,6.4453125
4o3a,2.59,2.6132812
4oue,3.3,3.6640625
4cu7,7.59,7.6601562
4oys,8.82,8.5
1h62,4.77,5.1054688
3vw6,7.85,7.6601562
3jpx,3.63,3.4335938
2vie,7.48,7.484375
1lt5,2.7,2.5996094
4hmq,8.24,8.8203125
4jvb,7.41,7.0078125
3l4x,6.89,7.2460938
4x34,6.12,6.0429688
3sk2,3.61,3.8945312
2cm7,6.68,6.3125
3bqn,8.6,9.0234375
3tws,5.52,5.921875
3as2,3.44,3.3320312
3c3q,4.32,4.3945312
1fzk,8.4,8.1796875
3qn7,6.8,7.6679688
1t37,4.35,4.65625
1gi8,5.05,4.390625
3qs1,7.96,7.3632812
3wab,7.47,6.78125
1gi6,6.22,5.9179688
4qjr,7.1,7.125
1nju,7.3,7.6640625
4nak,5.85,5.671875
4n8e,7.7,7.2578125
3pqz,4.46,4.3867188
4lkm,6.34,6.2070312
2xhx,6.6,6.2617188
4wyo,6.95,7.28125
4p72,4.09,3.9550781
4wwn,6.07,5.3359375
1ocq,5.19,4.8007812
2irz,7.92,7.7617188
4cmt,9.7,9.1796875
3zmz,4.74,4.5234375
2k46,4.58,5.1640625
3mg7,7.89,7.4921875
4r4o,5.82,5.6484375
2gnh,6.83,6.1054688
3fck,4.0,3.9882812
5a4c,8.24,8.2734375
4o74,7.6,7.40625
2r3i,6.0,5.6015625
1ao0,4.96,4.2070312
4prj,7.14,6.8867188
3zlv,3.52,2.6777344
2zxd,5.22,5.1601562
4p45,7.8,7.8554688
4b9z,4.09,3.3808594
1gwr,6.6,6.2929688
4iaw,9.63,9.203125
4i4e,6.3,6.1953125
4f8h,4.24,4.3242188
1rev,7.48,8.1328125
3nlb,7.46,7.7851562
4rd0,6.62,5.7226562
4yay,8.54,8.109375
3znc,7.34,7.0078125
3erd,9.9,9.7578125
3wzk,7.24,6.9140625
3n4c,8.02,7.4804688
3krx,7.38,7.1601562
3mnu,7.32,7.921875
1sbr,5.0,4.4960938
456c,9.77,9.765625
3el9,8.4,9.6484375
4j5p,7.92,7.6171875
4hhz,7.72,7.8125
3p9t,6.2,6.1054688
5dgw,11.05,10.1328125
1oxr,5.19,5.3632812
1ms0,2.91,2.8496094
4pry,7.7,6.7070312
1bl7,7.72,7.2421875
3ka2,6.62,6.7265625
2qlq,6.63,6.0234375
4pax,6.4,5.78125
3t6b,6.36,6.1289062
3m2w,8.52,8.21875
4lm1,3.23,3.0214844
1tv6,5.4,5.5703125
3v49,8.02,7.5898438
2ybk,4.62,3.9941406
2o2u,6.4,5.8632812
4kov,3.75,3.5195312
5cvd,6.41,7.0234375
3tam,8.43,8.8125
2j9a,5.89,6.4882812
3lk0,3.16,3.1015625
1o3c,7.13,6.4804688
1aq7,6.05,6.0234375
3el5,7.72,7.8632812
3wcl,6.59,6.2109375
3nox,8.66,8.78125
3a4o,8.89,9.2421875
2h6k,5.06,5.640625
4ygf,7.68,7.8828125
2wey,7.12,6.1757812
2o9j,6.92,7.2851562
4j82,4.35,3.7949219
4l09,6.07,5.7734375
4pnq,5.0,4.5898438
3b4p,5.4,4.6523438
4tv3,8.72,8.8125
4jt8,7.48,7.5273438
4x7h,7.38,6.90625
3ap7,3.0,2.7910156
4uib,9.0,8.25
1awh,6.08,5.75
2e27,9.35,9.1015625
5e0l,6.4,5.8320312
3iw6,5.48,4.5117188
1yei,7.46,7.0898438
2qry,8.64,8.078125
3pd4,4.48,3.7753906
4unr,8.7,8.53125
1u59,7.25,7.8046875
5cal,7.66,7.6210938
4ucu,3.35,3.0800781
3b9g,4.72,4.7695312
5c11,6.47,6.5117188
1q3d,7.82,7.8867188
3ipx,6.92,7.3242188
4n6y,7.04,6.9882812
4e8y,6.09,5.96875
3vbq,9.33,9.109375
1c86,4.7,4.734375
2cne,8.77,8.4140625
1bju,4.8,4.1875
4pmt,6.0,5.7382812
1g48,8.41,7.9414062
1o5p,10.0,10.0625
1bqm,7.35,6.875
2ow9,7.52,6.7304688
4a9m,6.3,5.6484375
4j8g,4.19,4.0429688
4uiw,7.3,7.3085938
5ceo,9.3,8.71875
3bqc,5.73,5.4414062
4c1h,4.09,3.9238281
2r5a,2.6,2.7539062
2e5y,5.85,5.6015625
4osf,5.44,5.2617188
3fk1,2.62,2.3671875
2b2v,4.77,4.515625
4e0x,7.12,8.015625
1g9d,5.3,5.2382812
1qk4,4.21,4.78125
2fpz,3.96,4.3710938
3p4f,5.66,6.0390625
3ncq,5.36,5.6445312
3v43,4.63,4.71875
3bze,6.0,5.6289062
3f33,3.34,4.2304688
3ttp,9.12,9.6796875
1m0b,8.82,8.7890625
4wj5,6.29,7.203125
3ujc,4.59,5.4609375
1exv,7.35,7.5898438
2r1w,4.6,5.0898438
1dtt,8.3,7.8359375
5d21,8.38,8.9296875
4lmn,10.3,10.40625
3atu,8.3,8.125
3udk,4.49,4.8046875
1n8v,6.03,5.9882812
4xtt,7.37,7.71875
3daz,7.93,7.5390625
2zxa,8.35,8.703125
2mpm,5.89,6.2890625
2off,6.52,6.875
3qi2,7.35,7.359375
1zgv,6.0,6.3203125
3ldw,7.97,8.0625
1om1,6.77,7.171875
3n75,7.89,7.515625
4qw1,6.11,6.3007812
3iuc,5.66,5.6640625
4zjj,8.0,8.3828125
3vzg,1.72,1.7587891
4j7d,4.7,4.8554688
5aoj,4.68,4.640625
1ozv,1.44,1.59375
3o75,6.68,7.0429688
3bgp,7.04,7.3554688
3hqy,7.94,7.4921875
4nb6,7.22,7.421875
5ak3,5.07,5.8203125
2ya7,3.14,3.3398438
3hvj,8.7,8.8359375
4gu6,7.36,8.109375
3ecn,3.16,3.3261719
2ay3,3.55,3.6601562
3zpr,6.65,6.9921875
1sqb,7.95,8.8515625
3pax,5.0,5.7382812
3hzm,5.52,6.0234375
3gxl,7.6,7.9140625
2cm8,5.87,6.515625
4prn,5.66,5.6835938
1o4k,2.92,3.3105469
3vw2,4.75,5.2695312
2qo8,8.47,8.609375
2aov,7.04,7.4179688
4xbd,6.4,6.3476562
3drr,9.4,9.59375
4gsc,5.85,6.2304688
2nnv,7.52,7.9296875
2pl9,4.17,4.21875
2fes,9.01,9.625
3szb,4.92,4.8710938
1fwe,5.6,6.6757812
1di8,6.0,6.6523438
2z78,6.12,6.671875
1axr,3.27,3.7734375
3s77,7.21,7.6875
2bbb,8.62,9.3984375
1o3h,7.3,8.109375
1ukt,2.25,2.5957031
4cd8,2.89,2.984375
4b11,5.64,6.1640625
1j37,8.96,9.171875
1rgj,8.31,8.390625
4zs3,5.18,5.609375
3ixj,9.49,9.7265625
3drf,7.0,6.9804688
1yc5,3.0,3.9667969
4c1y,3.6,3.2304688
4pd5,2.86,3.171875
4mrd,3.37,3.2617188
4oc2,8.28,9.546875
3h0q,6.07,6.5898438
3ekv,9.41,10.890625
1jaq,4.48,4.9609375
1xt3,5.7,6.1132812
1k1o,6.17,6.6679688
4u0d,4.31,4.2890625
3rl7,4.74,5.1953125
1xbb,5.3,5.78125
3zps,8.3,8.9453125
2ay5,2.59,2.4628906
1x9d,3.96,4.46875
4k69,7.4,7.6523438
1o9d,5.6,5.5
3up7,8.21,8.421875
1zlu,7.0,6.5703125
4c0r,4.91,5.0117188
2op9,5.66,6.5820312
2w92,4.55,4.578125
1e5j,4.0,4.1132812
2oo8,9.0,8.28125
4uua,5.24,4.921875
4glx,7.8,8.0
1ewj,7.49,7.4101562
1ilh,7.39,8.140625
2hxm,5.22,5.53125
1a52,9.86,10.8203125
3fee,6.64,6.7148438
3bgm,7.41,7.0664062
3dhv,2.96,3.1679688
4m3f,5.31,5.8320312
3v5g,7.13,7.59375
2o48,6.01,6.3320312
3pvu,6.54,6.9726562
8lpr,6.62,6.9140625
4fev,5.42,5.5664062
1q54,5.85,6.0273438
5a85,5.3,5.390625
3k3b,6.7,6.7539062
4o43,4.3,4.5976562
4usw,2.69,3.7128906
4bck,8.4,8.7734375
1jil,8.4,8.875
4fkk,9.3,8.0078125
4a9t,7.15,6.7070312
1szm,5.53,4.9765625
4z6i,6.31,6.4453125
4q2k,7.48,7.0039062
1yw2,6.85,6.609375
3upx,8.12,7.9726562
2yln,7.68,7.0234375
3poz,7.64,7.4609375
4kni,7.78,6.8203125
3bu1,8.15,6.9101562
1dpu,6.0,5.140625
4qem,7.8,8.3671875
3zm6,6.52,6.9375
2yjx,5.12,5.0078125
2waj,6.4,6.0078125
1ke9,6.18,5.6132812
4bcg,8.15,8.078125
3r01,5.24,4.8789062
2xzc,5.64,5.296875
1ros,8.77,8.5
1sm2,8.0,7.9609375
1yvf,7.0,6.7421875
2bed,8.15,7.640625
1wvc,4.46,3.5214844
3tnh,6.46,5.5351562
4ci2,6.75,6.2929688
4qh8,4.89,4.6328125
2pwr,6.59,6.2617188
3s3m,7.4,6.9765625
2p59,7.3,6.5898438
2yi7,8.32,8.0078125
2wi7,7.24,6.4023438
4at5,7.42,7.40625
4yps,7.12,6.7382812
1syh,6.41,6.0078125
5abh,8.77,7.6523438
4o7d,3.0,2.6640625
2yiu,6.89,6.1210938
1kuk,3.91,3.4960938
3vqh,5.92,5.8671875
2iok,9.0,8.84375
4wvl,6.88,6.3125
1dzm,5.41,5.40625
4f63,6.3,6.5585938
4pp9,7.37,6.9648438
3g2i,4.86,5.0351562
4o0t,5.54,5.4257812
2wr8,5.44,5.25
4bty,7.7,7.375
4whz,9.0,8.0859375
2pqz,5.67,5.0820312
1stc,8.1,8.03125
1ow6,5.4,4.890625
2exc,6.63,5.7148438
4akn,6.1,5.5117188
3f36,2.89,2.4824219
4btl,5.6,5.03125
2p7g,6.53,6.4882812
4he9,8.46,8.015625
1q6n,7.64,7.265625
1j14,4.49,4.0195312
2o3z,5.7,5.3007812
4z1e,8.24,8.3515625
4w4x,6.99,6.3398438
4i0z,6.33,6.0429688
2vw2,3.3,3.2148438
3t8s,8.55,7.828125
3b67,8.85,8.1484375
3r02,9.0,8.9609375
3rum,5.77,5.40625
1tcx,6.95,6.2070312
3m5e,7.37,6.7929688
4mnq,4.43,3.9628906
4lxa,8.7,8.640625
5amd,8.55,7.8828125
4abd,4.4,4.171875
3qwc,4.26,4.4492188
4c1c,4.97,4.5859375
3i7c,7.74,6.9257812
5ap1,7.97,7.5820312
4l0b,7.17,6.9921875
4ksy,8.42,6.8867188
3qxp,7.7,7.8789062
4li0,6.59,6.015625
4c66,4.1,3.7070312
1tka,6.1,6.671875
3ie3,6.68,6.4492188
1qj7,8.1,6.9023438
4ea1,6.44,6.25
5e1b,4.84,3.8671875
1jws,4.85,4.4609375
1sld,6.57,5.5273438
2qtt,4.32,4.1367188
2uw6,6.55,7.0234375
4en4,5.52,4.8242188
1ebg,10.82,9.1484375
4zqt,5.64,5.3554688
4nyi,3.06,2.8203125
4af3,7.51,7.4414062
2xkc,5.59,5.0039062
3qu0,7.7,7.8085938
4kot,5.46,4.9414062
4ieh,7.85,7.1835938
3qch,5.48,4.7460938
2a3i,6.05,5.8867188
2f1b,3.0,2.9726562
1jvp,5.8,5.2304688
2gh7,13.0,12.234375
4u7v,5.49,5.0820312
3ddu,7.4,6.4023438
3ctq,7.4,6.4101562
2uy3,3.22,2.9101562
4q7w,2.64,2.5664062
4d09,8.77,8.90625
3u0p,5.68,5.1796875
3ies,9.92,9.1484375
3m3x,6.82,6.3828125
4pmp,6.4,6.3007812
2gek,7.52,6.5273438
4nk3,6.33,6.265625
1zp8,8.77,7.7773438
6cgt,6.0,5.90625
4hvh,7.72,7.640625
4cd5,6.71,6.8984375
1jj9,5.77,5.609375
4mk5,6.35,5.6484375
1v1j,4.82,4.3671875
2x4t,5.13,4.7773438
4jyt,7.4,7.3320312
5al2,6.44,6.7226562
3hdk,4.76,4.5976562
4ff8,6.4,6.4726562
4o78,5.34,5.7265625
1a4m,13.0,12.1640625
3g1v,3.19,3.3554688
1dbk,8.1,8.2109375
2zyb,7.7,7.4335938
4tzq,6.52,6.8007812
4daw,7.08,7.0976562
1b8o,10.64,10.1953125
1o4n,1.4,2.0664062
1efi,1.92,2.5117188
3qk5,7.74,7.8710938
5egm,8.62,8.765625
3vhu,7.31,7.6757812
3hl7,7.64,7.1132812
1jij,8.52,9.171875
3nal,8.1,7.3046875
3i60,8.7,8.546875
4o72,6.0,5.7734375
3hxb,5.39,5.59375
2a3c,4.43,3.6777344
4qy8,7.19,7.8515625
4wnp,8.1,7.6640625
4uub,4.76,4.9179688
4bo2,7.3,7.3984375
3rth,5.21,5.2695312
3hr1,9.43,9.125
2i80,5.4,5.5273438
3as0,4.55,4.609375
4w5j,7.24,7.375
3tkm,9.0,9.5625
2ew6,4.97,5.2265625
2cgu,4.87,5.4140625
4ury,2.22,2.1777344
4zuo,6.41,6.3085938
4yjn,7.92,8.1796875
4q0l,7.7,8.015625
3gp0,7.44,6.9765625
4w9j,6.23,6.5429688
2bkt,7.64,7.8398438
4bh3,1.92,1.9833984
3rxp,2.08,2.03125
4a50,7.91,7.890625
4bw2,5.2,5.5390625
2zmj,7.52,6.6328125
4lys,4.34,4.84375
2r75,6.15,6.4804688
4uct,3.12,3.2597656
3rtn,7.13,7.2851562
4djp,10.55,10.53125
2esm,6.28,6.3164062
2wez,7.64,7.8710938
3hyf,5.92,5.4296875
3br9,7.21,6.9960938
4wn5,7.41,7.0429688
3eu7,6.18,5.8242188
4zz2,8.04,7.8359375
2x6e,7.82,7.7070312
1rst,4.43,4.5742188
3oys,8.05,8.140625
4jaj,5.26,5.2265625
1oiq,5.54,5.4609375
4fbe,6.99,6.28125
4s3e,6.11,6.734375
3zvv,3.04,3.2265625
3mf5,5.36,5.515625
4g69,5.98,5.6054688
4l0v,6.63,7.0507812
1a99,5.7,6.0039062
1f5k,3.74,4.0546875
5c91,3.61,3.6542969
1f0r,7.66,8.0390625
2qnz,5.42,5.5820312
4anb,8.18,8.3125
4hki,6.85,6.7929688
7std,10.72,10.734375
4f49,6.09,5.7109375
2wj2,8.33,8.59375
4yzn,4.81,4.6835938
4abh,4.15,4.3710938
3k2f,7.2,7.0117188
4zum,6.57,6.6601562
4aci,2.22,2.0566406
2w7x,7.62,7.640625
3bim,5.88,6.5898438
3svj,6.93,7.3632812
2c3k,7.59,7.3046875
4ebw,5.06,5.34375
4yqh,8.05,7.7460938
2rd6,8.3,8.640625
1dhj,6.55,6.4882812
3fwv,5.64,5.8085938
4ty9,2.05,2.0644531
3d83,8.36,8.7265625
3obq,3.54,3.4941406
1wtg,7.03,7.109375
4yyn,3.96,4.0546875
4hnp,6.78,6.9335938
2gkl,5.35,5.3867188
2ke1,5.3,4.7734375
1o38,6.82,6.984375
4d1b,4.44,4.6445312
2br6,2.96,2.9902344
1swg,7.36,7.3828125
3dcq,5.23,5.40625
4cpx,7.77,7.9921875
3g70,9.4,9.9453125
4glw,6.1,5.3515625
2vnn,8.7,8.7734375
3jyj,5.74,5.28125
1kmv,6.95,6.6015625
2ovy,8.4,8.6953125
3lq5,6.96,7.1054688
2w1i,8.92,9.1328125
4whs,4.12,4.921875
1xn0,6.24,6.5976562
2ych,3.0,3.2226562
3kl6,8.46,8.359375
2ewy,6.15,6.0273438
4acc,7.7,8.34375
4ghi,7.09,6.7578125
1qxw,5.15,5.4257812
4x6i,8.0,7.859375
2l11,4.82,4.4921875
2pyy,4.6,4.6015625
4ycw,5.68,6.5664062
2zdz,6.15,6.59375
4ozj,5.4,6.4921875
4bds,7.6,7.6640625
3zhf,3.92,4.34375
1rt1,8.1,9.125
3qd3,8.0,8.7421875
1e55,4.12,4.4492188
1i1e,5.03,5.3984375
4do4,7.29,7.890625
5est,6.52,6.5703125
2g9v,5.92,5.9257812
4i80,7.62,8.4375
2w6m,4.67,4.9375
4au8,6.26,6.703125
4b80,4.4,5.3164062
4ozo,3.83,4.140625
1npa,8.7,9.46875
2xpa,5.39,5.2304688
4fcr,9.4,9.96875
2yig,7.1,7.6796875
4q1c,8.7,8.2734375
3fdn,7.48,7.5429688
4xkx,9.05,10.2734375
2yga,4.61,5.234375
4gmy,7.55,7.625
1pzj,3.49,3.5117188
2bve,3.67,3.5761719
1ha2,5.54,6.34375
3fty,3.21,3.8789062
4ctk,2.0,2.6523438
4ih3,4.82,4.5429688
3r4n,6.89,6.9414062
3rxd,3.73,3.5214844
3fr4,6.19,7.1835938
2g63,8.17,8.6875
5ai1,6.47,6.7695312
2pix,4.3,4.3984375
4fhi,7.0,7.046875
4jpa,8.48,8.53125
4mlx,3.19,3.3574219
1q1y,7.7,7.7304688
4mra,4.47,4.4648438
4y2s,4.28,4.40625
2vx9,7.44,7.2578125
1utz,5.85,6.6210938
4z7i,8.11,8.015625
3i97,5.52,5.9101562
4k76,5.35,6.2734375
4oyb,5.8,6.0703125
4qvw,5.38,5.9257812
4p44,7.8,8.046875
1bxr,3.4,3.8027344
3efj,7.41,7.6132812
1vr1,6.89,6.4765625
3ekq,6.75,8.03125
1bp0,5.4,5.2929688
4knj,7.95,8.09375
4qp2,3.03,3.6855469
4uvc,6.88,7.4609375
4kb8,7.89,7.8945312
4uco,7.0,7.515625
4e3h,7.05,7.4179688
3l5e,7.57,7.2460938
3b1u,5.72,6.0625
3uyr,6.9,6.5117188
2x2r,7.12,7.3007812
2ra0,7.8,8.40625
1d6n,4.5,4.4882812
3k1j,6.4,6.8554688
1uyd,3.7,3.7851562
1v2h,5.3,6.1757812
3wk6,5.2,5.921875
3fui,6.8,7.1796875
2j83,4.21,4.7578125
2onz,8.89,10.0859375
1v1k,4.46,4.9453125
1b9t,5.1,5.4765625
2ylq,4.3,4.546875
4ngt,8.41,8.8984375
4ezt,5.13,6.0234375
2uxu,4.74,5.4648438
2ycm,3.56,3.4785156
2q2y,8.8,9.3828125
3rsv,9.15,9.34375
4rrs,6.68,7.6015625
3dgn,6.21,6.5390625
4e96,6.66,7.328125
3sap,7.59,8.0078125
4d62,2.44,2.75
3ovz,8.06,7.9414062
4zly,5.46,5.8476562
3e7o,6.92,7.0507812
3prz,7.59,7.375
3zbx,8.22,8.328125
2xtk,3.79,4.1523438
4oow,5.37,6.2773438
1nu8,5.42,6.0351562
4h3b,5.17,5.2421875
3v78,5.54,6.4453125
2h9t,4.7,5.1601562
3hky,7.1,7.5039062
1y1m,1.82,2.09375
4tjy,6.44,6.8789062
4gjd,8.52,8.9609375
4qok,5.19,6.3242188
1njd,5.57,5.8632812
3kid,3.18,3.546875
5bvo,8.3,8.234375
4u0a,4.3,4.640625
5alu,7.66,7.6835938
1i9n,8.66,9.6171875
3fi2,7.6,7.5078125
1tkc,4.85,4.8085938
2y7k,4.93,5.7929688
4m13,6.7,6.65625
4l7o,4.88,5.078125
3k7f,7.7,7.875
4b7q,9.74,9.234375
3o4l,5.09,4.3476562
4j4v,6.36,6.734375
4d2v,7.43,7.484375
3hg1,4.74,5.6015625
3zmu,4.3,4.3632812
2m0o,5.38,5.1484375
4ctj,2.51,3.140625
1m0q,3.89,4.6679688
1i7g,6.0,6.40625
2a2g,7.0,6.2617188
2xjx,9.15,8.9375
3wka,4.54,4.4140625
3zpu,8.38,7.625
1gfw,7.82,7.8007812
4r75,7.24,7.4726562
4cbt,7.3,7.5390625
3dwb,6.19,6.0351562
4amx,2.19,2.2382812
4ot6,5.92,6.0273438
5a5s,5.9,5.65625
1fiv,6.59,5.8554688
1utr,8.0,7.734375
1nvr,8.11,7.9726562
1p2a,7.92,8.296875
4zsm,2.4,2.7285156
1b3g,6.7,6.2382812
4ikt,6.17,6.1601562
4nxs,7.37,7.1289062
4usi,4.41,4.640625
4h4m,8.52,8.4375
4occ,8.7,8.2890625
4piq,7.1,6.3476562
1kdk,9.05,9.5625
3pj3,5.25,5.4765625
3ob1,5.42,5.1679688
1ny2,2.76,2.7128906
4pul,6.84,6.7539062
4g34,7.93,7.8398438
4og7,6.94,6.6523438
4xyn,5.89,5.0273438
3b3c,3.98,4.2539062
4nbn,4.36,4.3398438
4rrv,7.4,7.1367188
2iw4,9.3,8.2890625
1haa,8.7,8.78125
3f68,5.06,4.9960938
4ttv,6.68,6.8359375
5akg,4.46,4.796875
3mwu,8.05,8.046875
1mcz,3.0,3.0839844
7prc,5.21,5.2773438
3tk2,4.62,4.7148438
1re1,5.21,5.0351562
4f3h,6.38,6.1132812
3gc7,9.22,8.734375
4qtc,6.4,6.4023438
2pj7,7.77,7.8046875
3ern,1.72,2.21875
4qhc,6.7,6.59375
3ur0,7.15,7.6679688
2z8e,8.0,7.2773438
1mnc,10.34,10.40625
3fu5,4.12,4.0078125
4dru,8.62,8.3515625
4az6,9.1,8.953125
5d11,7.55,7.3984375
1g9s,3.61,3.9121094
2rly,3.57,3.0917969
1g9a,5.3,4.9296875
4hyi,8.52,8.40625
2c8y,4.0,4.3125
3lgp,8.7,7.9960938
4lqy,3.89,3.7558594
2g72,6.5,7.359375
3jq7,5.92,6.8789062
3e4a,8.77,9.4140625
4ebv,5.38,4.9960938
3hs8,5.3,4.5078125
5cp9,3.51,3.3085938
4ucc,4.32,4.5742188
3bla,8.7,8.6953125
3qgw,5.89,5.9296875
3l9l,6.78,6.8398438
1bm2,6.96,6.9101562
3djf,6.1,6.0742188
1o2r,5.21,5.2304688
2b7f,7.3,7.1875
2xdk,3.6,3.7734375
3ivv,5.43,5.234375
4gjc,7.05,6.6757812
5dhh,9.18,9.5859375
1u9l,5.02,5.2578125
4jmg,8.82,8.25
4m8t,6.43,6.2421875
2qmf,8.52,8.375
2rin,4.0,4.2851562
4uac,6.54,6.2539062
4aw5,6.12,6.5976562
2bkz,8.15,8.2890625
1ec3,9.04,8.7421875
3u6j,8.21,8.921875
2hhn,7.49,7.2734375
1ctr,6.0,5.8789062
2p83,7.96,8.34375
3gxt,4.74,4.6289062
3gzn,8.0,7.4023438
2rib,2.82,2.9082031
4yv1,3.08,3.6445312
2of4,7.09,6.9492188
2b7d,8.7,7.9140625
2zg3,2.06,2.0234375
2mip,8.46,8.3984375
2kaw,4.97,5.109375
1gi4,7.19,7.2695312
3tza,5.5,5.5859375
3h06,3.53,3.578125
4o2f,6.41,6.15625
1ui0,7.06,7.3046875
4qf9,4.43,4.5585938
1ze8,7.68,7.4726562
3nzw,5.82,5.6210938
4lpf,3.51,3.4121094
4y8y,9.15,8.953125
4xct,8.17,8.09375
3aig,6.0,6.3554688
2bdy,7.77,8.0546875
4fyh,4.85,5.1445312
3eu5,7.49,7.5859375
3v3b,7.26,7.3125
4f9u,6.03,5.8789062
2vth,3.92,4.2695312
1m51,4.73,5.3867188
1g36,7.17,7.2773438
2e9v,7.9,7.4570312
3skf,8.3,7.8476562
4mz5,6.1,6.0820312
3g3n,6.29,5.3007812
4h1m,7.11,6.75
2h21,6.54,6.4726562
1jut,7.32,7.3710938
4hw7,7.21,7.2773438
2h5j,7.91,8.21875
3uix,6.82,6.34375
1xgj,6.0,5.1640625
1xqc,7.2,6.5546875
2hqu,5.14,5.1367188
3q96,8.54,7.8125
1gui,6.28,5.5
3s6t,7.35,7.0351562
3nxq,8.15,8.4375
3hfj,4.44,4.3398438
5c6o,3.7,3.7773438
3inh,7.7,7.5703125
1k3q,6.52,6.0039062
4ek9,4.42,3.6933594
3v4x,6.15,5.3554688
1w4l,8.4,8.4296875
3g2u,5.27,4.875
4djx,7.23,6.5195312
3km4,8.89,8.1484375
2p95,9.37,8.4375
4yti,7.89,7.0898438
1prl,4.23,3.859375
4q4i,7.33,7.0078125
2lwi,3.11,3.4003906
3v7t,7.21,6.859375
1rbo,12.72,9.7734375
3jzf,5.3,5.296875
2h15,5.67,5.4921875
1met,9.4,8.1171875
4r6x,5.27,4.9453125
4ci3,6.81,6.4414062
2op3,6.31,6.5429688
3vi5,5.68,5.5195312
4au7,4.76,3.8867188
2a29,2.85,2.9199219
3kb3,6.82,6.3164062
5auw,5.05,4.9960938
2c3j,6.18,6.1914062
4wop,4.76,4.4296875
4qyg,8.39,7.5234375
4rlw,4.87,4.7421875
2f9v,7.82,7.9023438
2zjf,7.72,6.6523438
3q2m,3.8,3.9179688
1fig,6.22,5.9179688
1hge,2.27,2.1523438
4ovf,4.13,4.0195312
3bl2,5.8,5.3671875
4w4s,5.02,5.2382812
4nj9,6.97,6.4804688
4qfn,4.12,3.7460938
1o4f,3.52,3.390625
4ge1,6.43,6.1289062
4ehe,8.49,8.1484375
1h24,6.3,5.5703125
3anq,6.74,6.2265625
2ica,7.7,7.484375
2fie,5.46,5.1054688
2g00,9.74,10.0390625
3cda,7.58,7.6445312
2j34,7.82,7.0820312
4b7n,8.78,7.6289062
3sff,6.7,5.875
3atl,4.76,4.1796875
5cbm,7.77,7.7421875
4bb4,6.72,6.1640625
4ibd,3.67,3.6484375
2qi4,10.44,9.0234375
3r2y,8.07,7.5078125
3w0l,7.02,6.3046875
2p2h,7.17,6.6289062
4cc6,6.64,6.6015625
4lwu,8.3,7.9023438
4c4i,7.66,7.6289062
4ibf,4.43,4.0507812
3we4,7.82,7.3046875
2r0z,5.47,5.390625
2vqj,6.44,5.9960938
5alk,6.6,6.8515625
1efy,8.22,7.7890625
1lag,6.3,5.4648438
3r5m,4.34,4.59375
1br6,3.22,2.7265625
2xhm,6.8,6.609375
4lnp,3.67,3.1875
1re8,9.52,9.6875
5d9l,7.62,7.4023438
2xxw,6.41,6.8515625
3fuj,3.63,3.6953125
3e8n,7.72,7.9453125
2izx,9.4,7.1484375
3dcs,7.94,7.2421875
4pl5,4.96,4.6171875
3fpd,6.15,6.3632812
3my1,5.45,5.3554688
1l2z,3.69,3.15625
2jal,4.82,4.3789062
2fqo,6.43,6.3671875
1cyn,7.68,7.0195312
3bfu,6.27,6.1640625
1hi4,4.49,4.1679688
2w26,9.4,9.453125
2csm,4.3,4.1054688
1cim,8.82,8.0859375
1o39,7.13,6.6796875
4r7m,7.96,7.3359375
4msk,7.2,7.2460938
4ifh,5.21,5.8476562
1agm,12.0,12.046875
4o24,4.3,4.0742188
3gfw,7.57,7.546875
1axs,7.77,7.4492188
3p5l,7.39,7.8085938
1onp,7.52,7.1484375
4pyy,7.23,6.890625
4o2a,5.74,6.4335938
4er4,6.8,6.6289062
1cil,9.43,8.046875
3jyr,5.54,5.5429688
3d0e,8.4,7.9375
2bqv,8.05,7.7929688
3uib,6.8,6.4726562
3o0u,7.92,7.703125
1o2s,5.47,5.8867188
2fgh,6.55,6.71875
1tuf,4.05,3.9140625
1utn,3.49,3.2050781
3ejq,8.57,8.6328125
2usn,6.51,6.7070312
2gv6,7.34,7.6289062
4riv,7.0,6.8164062
3ob0,3.0,3.5839844
1qq9,2.06,2.3300781
2xbx,7.82,8.4765625
3ehn,1.92,2.4355469
2oaz,8.7,8.6953125
3zya,7.0,6.84375
4gj2,8.6,8.2421875
3kpu,3.16,3.2695312
4oyt,2.81,2.8085938
2qn2,4.55,4.5
2vxj,4.17,4.5625
1y8p,6.08,5.6054688
1pot,5.49,6.1601562
4yfi,6.3,6.8007812
3ttj,6.68,7.0742188
4zbi,6.51,6.7109375
2oh4,8.46,8.671875
1gar,10.0,9.859375
1cet,2.89,3.3066406
1ua4,4.22,4.8164062
2zkj,5.48,5.546875
1m9n,6.92,6.8242188
3eyu,7.62,6.9609375
3ncz,7.82,7.6601562
3l1s,8.7,8.75
1zeo,6.68,6.4375
4hkn,5.96,6.4609375
1ntk,10.49,10.28125
3e62,4.39,4.4296875
2hdq,1.4,1.1113281
4wyy,6.0,6.3203125
4lkd,5.35,5.09375
4do3,4.1,4.5039062
4z1s,6.1,6.421875
4rx9,7.89,7.5585938
4xyc,7.51,6.6953125
3qar,6.49,6.5
1n3w,6.96,6.921875
2pqj,8.2,7.3554688
3krl,9.1,8.6953125
3dg8,4.7,4.4804688
3sc1,4.38,4.9296875
1els,10.82,9.0078125
4mzl,5.62,5.671875
3nk8,3.0,3.2988281
3zhx,6.68,7.0234375
1ujk,6.57,6.9492188
4j4o,6.9,6.5820312
5cf6,8.09,9.0859375
4e34,6.01,5.9804688
4j03,7.59,7.203125
3wgw,5.89,6.1875
1n7i,6.59,7.1796875
2vtd,4.07,3.8476562
1yid,5.0,5.421875
4li8,8.12,8.4765625
3w54,9.7,9.875
2ien,9.0,8.7734375
2c92,5.68,5.9140625
4p7e,4.76,4.9570312
4xm8,3.02,3.2695312
1rv1,6.85,7.2617188
1ekb,6.0,6.0078125
1t4s,2.44,2.8574219
1g27,8.15,8.3125
4olc,6.19,6.6835938
5cav,6.67,7.1132812
3zt3,2.86,3.3144531
3rz1,8.74,9.296875
3rz3,5.76,5.8476562
5aic,4.3,4.6054688
1a7t,1.64,1.8330078
2qd7,9.1,9.0546875
4qgi,3.9,5.5742188
4w5a,3.77,4.078125
4f20,3.29,3.5859375
3cgf,6.57,6.3046875
3bc4,5.35,6.1054688
2wd1,7.09,7.5351562
1kzn,8.92,8.6796875
2yj9,7.02,7.4023438
4ay6,5.12,5.2851562
4hs6,7.52,7.6367188
2fky,8.59,8.6796875
3drp,9.7,9.359375
1ca8,9.49,10.03125
3rz8,8.17,8.5234375
4r6w,5.27,5.4804688
4qiz,8.15,7.90625
3gb2,7.47,7.6289062
4gkc,6.82,6.7695312
4raq,6.72,6.6992188
4ok5,4.51,4.9453125
3w5e,7.96,8.265625
2uw3,4.1,4.1679688
5am3,8.3,8.203125
2aqb,3.3,4.25
2gyi,7.0,6.7070312
3d2r,5.48,5.5820312
1ywh,7.79,6.9453125
3db8,7.0,7.1796875
4gy5,6.82,6.5859375
4fhh,7.46,7.4453125
3fa3,5.6,5.6601562
2gc8,5.51,6.0898438
2qbw,7.25,6.8203125
3cgy,3.15,3.3945312
3djv,4.55,4.7226562
1o2z,6.11,6.3242188
2y4m,6.46,6.3867188
2cer,9.22,9.171875
3d94,6.8,7.1992188
4rg0,7.3,7.4257812
1zm6,4.35,4.3359375
3fpm,5.05,5.6757812
4uma,5.41,5.8710938
2m3z,6.57,6.9648438
3sl4,7.57,7.7851562
4hzm,4.63,3.8769531
4qrh,5.15,5.2890625
1c5t,4.1,3.46875
2rol,4.62,3.9296875
1uw6,7.34,7.4726562
4qij,5.54,5.7695312
4wwp,6.92,6.9375
3fqk,7.09,7.3828125
4lil,4.9,5.09375
2pvj,8.1,7.8554688
4q08,6.3,6.2382812
3p5k,7.12,7.1484375
1uwb,8.34,8.3359375
2oxd,6.82,7.2539062
2i4d,11.68,12.046875
2qqs,6.4,5.875
4j84,4.69,5.2304688
1qwu,3.22,3.3359375
1hih,8.05,8.4609375
2h2d,5.37,4.984375
4q1y,10.35,10.203125
2rcn,6.0,5.6992188
2a4r,7.82,7.921875
3oot,8.7,8.546875
3d25,7.66,7.2734375
4qwj,5.77,5.4375
2r9x,4.85,4.4453125
4x7n,8.22,8.5625
4ou3,4.41,4.1953125
4ks1,8.82,9.5390625
2toh,4.15,3.4199219
2v5x,6.66,6.8046875
1ru2,6.49,6.1367188
1fdq,7.27,6.703125
3ook,8.4,8.703125
3s00,4.92,4.8554688
4bb9,6.0,5.4375
3kfa,7.6,7.8007812
2zv2,6.3,7.0390625
1bt6,5.7,5.125
4nrc,3.62,3.1699219
3saz,6.1,5.5703125
2y06,6.1,6.5976562
3eax,4.92,5.2890625
4wkp,9.55,9.9765625
3g4k,6.54,6.7226562
2i0v,6.8,6.25
2bvr,3.7,4.3398438
2qq7,5.24,4.7382812
3sji,5.69,5.734375
4dgg,6.1,6.0429688
1u3r,8.3,8.359375
4qlu,8.08,7.4296875
1kvo,7.89,7.7617188
4k2g,7.7,7.1914062
4bea,8.3,7.7734375
1zz2,5.22,4.9570312
4gq4,7.66,7.15625
2e9c,5.96,5.8476562
3kai,5.41,5.3945312
3ohf,7.03,7.3007812
2xn7,10.0,10.6875
1pa9,4.6,4.421875
4hwr,6.74,6.1601562
2yol,6.89,6.7929688
4uvv,7.49,7.78125
3upf,6.7,6.40625
1c7e,6.3,6.8632812
2y0j,7.92,7.8398438
3uec,4.21,4.3203125
3d1f,5.74,5.8984375
1hiy,3.08,3.2324219
2fxr,7.6,7.7890625
1q0b,5.17,4.8125
2xl3,5.25,4.8671875
2x8d,6.1,6.2773438
5dah,5.3,5.0390625
3t01,4.48,4.2695312
4psq,6.36,6.65625
3q4b,9.33,8.9140625
4k6z,8.7,8.5859375
2bqw,8.52,8.0390625
2osm,6.2,6.0742188
3m9f,11.15,10.625
1rtl,5.59,5.328125
4avg,7.22,7.265625
4wgi,5.35,5.84375
1njb,5.8,5.5546875
3bxh,4.03,4.1796875
3q43,7.37,6.9179688
3c4e,4.0,3.9121094
3sm1,5.84,5.5664062
4mn3,5.75,6.2734375
4x7i,7.69,7.6640625
3lpj,6.92,6.4609375
5dhj,6.7,6.671875
2xru,7.51,8.0
4ly9,8.15,7.5898438
4wq2,6.3,6.1132812
4bqx,6.52,6.5
1lvc,6.0,5.5429688
3l7c,2.44,2.9960938
2ozr,9.17,8.984375
3jpv,6.92,6.84375
4dlj,5.92,6.1953125
2ypo,4.68,4.0507812
2q15,7.96,7.796875
2xui,15.0,13.4765625
2xu1,7.66,7.9296875
4pfu,6.17,6.203125
5ctc,6.35,6.21875
2y36,6.42,5.8671875
4x0z,3.15,2.9296875
4e4l,8.77,8.7421875
1n7j,6.43,6.25
2vwv,4.8,4.9335938
4azf,6.35,6.5429688
3dkf,8.57,8.28125
3rdv,4.91,4.3671875
4gvd,4.57,5.0703125
3igb,4.42,4.3710938
5cap,7.28,7.0078125
3e81,1.43,1.2441406
2clv,7.88,7.5273438
2gph,5.3,5.3242188
1bbz,5.82,5.71875
2wbb,6.04,5.6953125
4ju6,6.17,6.0703125
4dma,6.19,5.6796875
3i3b,2.23,2.3027344
4lp9,6.21,5.59375
4d1d,5.74,5.7460938
3d20,8.3,9.203125
1tpz,6.19,5.7109375
3tic,8.87,8.390625
4pnt,5.82,5.6796875
5c7d,5.11,4.7109375
2xp2,9.0,8.4453125
2vaq,8.52,8.6328125
3fvk,8.82,7.9257812
4b71,5.89,5.3203125
4g93,3.52,3.34375
3oz1,8.7,7.9648438
4lng,5.62,4.7617188
2rny,3.66,2.625
1me4,6.84,6.2578125
2y4s,6.15,5.5898438
4oyi,4.72,4.1640625
4omk,4.4,3.9667969
2lya,4.19,3.8515625
3kek,8.36,9.03125
4uzd,9.22,8.5625
1w31,3.6,3.2675781
2ycs,8.87,8.1171875
4mha,8.28,7.2578125
1g52,9.54,9.5546875
2qu2,5.43,5.4609375
3wd9,8.08,7.9375
5akh,6.59,6.171875
3m6r,7.49,7.1914062
2ya8,5.75,5.6601562
2ces,7.25,6.3085938
3ggw,5.54,5.2148438
3l8s,7.0,6.9257812
3thb,8.7,8.734375
4btm,5.39,5.078125
4man,11.0,10.7578125
3q71,5.22,4.6757812
4knz,5.07,5.1992188
4kp5,6.08,5.4726562
3r91,7.04,6.7070312
3rf5,5.63,5.9492188
2pj9,7.92,8.1015625
4qsv,2.0,1.9277344
3r6t,5.86,5.7226562
3bkl,6.17,5.671875
1riw,7.55,7.0351562
3cqu,6.82,6.9882812
2w0j,6.62,6.8789062
3ieo,6.48,5.4960938
4l6s,8.52,8.1171875
1tcw,6.02,5.6132812
3v4j,5.04,4.453125
1xnz,6.62,6.4414062
1jwt,7.85,6.8867188
2vr4,5.68,5.0
1t29,6.05,5.1367188
4loq,8.15,7.3007812
1ujj,6.1,5.2382812
1mu8,9.0,8.796875
4gw8,6.06,5.6367188
2r7g,6.05,5.9140625
3hxd,5.05,4.5507812
2f2c,6.35,5.375
2qtu,9.28,9.890625
3zcl,8.0,8.265625
4dkr,6.52,6.4179688
3rvi,7.96,7.3398438
1vrt,7.1,6.3515625
2fx7,7.7,6.8242188
2xsb,4.96,4.3085938
3bv3,9.34,9.046875
3ud5,3.82,2.8886719
2i6b,7.17,7.0039062
3c9e,8.0,7.3085938
2wi6,6.64,6.4960938
3nnv,7.57,7.3476562
4unq,6.62,6.2226562
4cc5,4.42,4.09375
4u6c,5.0,4.703125
3hqz,9.38,9.09375
1h3a,6.55,6.203125
1d6v,6.17,5.421875
2iko,5.45,5.2421875
4jfj,5.68,5.078125
3ru1,4.85,5.046875
2e7f,6.1,5.0273438
3wf5,7.09,6.8828125
1yda,6.55,6.21875
3fas,6.77,6.0117188
4lnb,6.56,6.3359375
3bft,6.49,6.3125
3voz,6.85,7.078125
3bh9,6.93,6.8164062
1pxh,8.74,8.4375
4g2y,6.0,5.4414062
4l7r,5.02,5.3671875
3rt6,7.15,6.8867188
2a3x,6.92,5.2578125
1pwy,4.05,3.6328125
4nzn,6.38,5.8359375
1kne,5.6,5.0195312
2nn1,5.82,5.2773438
4mcv,8.89,7.875
5cjf,9.59,8.7578125
3k84,8.52,8.2578125
5a82,5.6,5.1875
3tb6,5.08,4.6523438
3efk,7.85,7.6601562
3bz3,8.82,8.453125
4el9,5.36,5.0429688
4yv9,6.4,5.3984375
2w08,3.42,3.4355469
2l6j,6.26,5.7070312
2x6x,3.68,3.4277344
3fnm,4.71,4.453125
4ztm,7.6,7.6875
4od0,9.04,8.8671875
2xcs,7.85,6.6914062
1npw,8.7,8.1015625
1c4v,10.8,9.8671875
2o4n,7.82,7.1054688
4clp,1.27,1.0966797
4dfw,7.85,7.390625
4x6o,8.72,8.7890625
2ans,5.92,5.8203125
3ti3,8.74,8.9921875
5am0,5.88,5.5546875
4mk0,5.2,5.53125
3fi3,7.92,7.8789062
4jzb,6.47,6.4335938
4del,7.68,7.140625
4bw4,6.2,6.1679688
4luv,2.85,3.1894531
3vws,3.65,4.1328125
2wuu,7.16,7.3125
2dxs,7.34,6.796875
2ypi,4.82,4.8046875
4uvy,8.26,8.5859375
4kpz,2.71,2.6777344
3uw4,7.77,7.875
2psv,7.24,7.1171875
1y2h,7.25,6.7304688
1ga8,1.8,1.6357422
1at6,4.07,4.0664062
2lcs,6.7,6.4257812
4xty,9.21,8.796875
3gjq,5.33,5.2539062
1zxv,6.1,5.9921875
3m35,7.22,6.4492188
3lir,6.92,6.359375
1rhk,9.11,8.6484375
4jwk,8.32,8.5859375
3g4f,4.52,4.515625
2w8w,2.12,2.1289062
4q9s,3.81,3.8164062
3qzv,4.16,3.6835938
3k3a,7.08,7.0390625
3iub,4.54,4.9257812
3r7o,8.36,7.9375
2v16,8.22,8.4921875
4e8z,6.64,6.6601562
2rqu,4.63,4.8125
4o3c,2.59,2.6230469
2vf6,8.52,7.8945312
4aza,6.99,6.3164062
1tnk,1.49,1.6425781
2q54,9.01,9.1875
4w53,3.99,4.6054688
3u92,7.48,7.3320312
3oyw,4.11,3.921875
2f7o,7.44,7.8125
1q6p,8.52,7.734375
1t5a,4.62,4.5625
2vvs,7.34,7.0742188
3l3m,8.22,7.71875
5bvf,9.72,9.328125
2wvz,4.02,3.7070312
1sri,6.08,6.3632812
1lyb,11.42,11.4375
5aer,4.4,4.2617188
3rhk,6.26,5.9101562
4o4g,8.05,7.625
4wpn,6.68,6.8945312
3r5j,6.96,7.1289062
3u6i,9.0,8.7734375
4rss,8.77,8.5703125
3sud,9.85,10.2890625
4ayx,3.7,4.1210938
2yg2,6.05,5.1875
2p0x,6.31,6.140625
3kmy,4.49,4.734375
3wkd,3.77,3.6289062
3ms4,3.28,3.4277344
3lqj,5.37,5.9804688
4no9,7.82,7.7304688
2uw0,7.7,7.6015625
4dtt,5.54,5.7851562
2qo1,5.57,6.3085938
4mny,5.71,6.0625
4tw7,7.59,7.1484375
1akq,9.1,9.4296875
2p3i,3.48,3.3125
1mzc,10.22,9.4765625
4mzh,7.18,7.234375
2nn7,6.52,6.453125
3e7a,10.0,9.59375
3run,5.44,5.5117188
2clm,3.55,3.7519531
2qzl,8.1,7.5039062
2f4j,5.66,5.8828125
3feg,4.35,4.7851562
3kqy,4.82,4.9414062
3kv2,7.32,6.6640625
4bxu,7.0,5.8515625
4dfg,11.74,11.125
4kqr,3.9,4.1054688
4b85,4.06,4.4765625
1k9r,3.3,3.5546875
5djv,7.11,6.7148438
4rpv,8.52,8.7578125
3bkk,6.08,6.0703125
4ia0,7.11,7.765625
3qw7,5.74,5.6796875
2x4z,8.57,7.8398438
3rvg,8.3,7.7382812
1b38,6.6,6.578125
2qbx,5.22,5.2734375
3sdk,6.8,6.515625
4g16,6.85,6.40625
4um3,7.54,7.8242188
2f14,9.19,8.8046875
4mwb,6.49,6.9179688
4gvc,4.71,4.796875
4cpy,6.31,7.0625
3uij,4.7,5.2578125
4bf6,8.35,8.078125
4cxy,4.93,5.0
2ghg,8.82,8.0703125
5abe,3.05,2.8300781
3fej,6.13,5.6992188
4j0z,7.11,7.1328125
1xr8,6.7,6.7304688
2q6h,3.6,3.1777344
1qsc,3.68,3.5976562
1g7q,6.06,5.984375
3rni,5.17,5.3359375
2p2a,6.12,6.2773438
1yrs,6.35,6.0429688
1jsv,5.7,5.3710938
3kr5,7.89,7.25
4zo5,9.82,9.1015625
3n2v,7.51,7.2109375
2vt3,4.15,3.9335938
3tjc,7.51,7.0742188
3vuc,9.05,9.328125
3hab,8.38,8.3515625
3mpm,7.52,7.953125
4hxz,6.05,5.8398438
4tkb,5.59,5.1796875
4x49,4.53,4.1875
2eum,6.7,6.1328125
3d8y,3.4,3.859375
2h23,4.67,4.9609375
2y57,6.89,6.9960938
3fal,6.78,6.390625
2b54,7.7,8.109375
4igk,4.55,5.2109375
1ta2,8.52,8.875
2gmx,7.11,7.3203125
3zt1,2.7,2.5058594
4bo9,6.51,6.6484375
3oyl,6.7,6.7851562
3zot,5.95,5.8007812
4bjc,7.85,7.5859375
1w8l,0.49,0.34643555
1soj,6.62,6.15625
3k5c,7.77,7.984375
4awf,5.57,5.0742188
2wi1,2.4,2.8007812
5abg,8.05,8.609375
4j70,5.24,5.59375
1lhd,9.62,8.9765625
4r02,7.41,7.109375
1mxu,5.4,5.0390625
1uz8,4.96,4.921875
2x7x,5.7,5.5820312
2vcg,5.77,5.734375
3qtq,5.51,5.7773438
3bm6,7.59,7.4375
3i28,8.22,7.65625
4c6x,3.76,3.4199219
5cqj,4.81,4.5429688
2i4w,11.59,10.9609375
4xiq,7.07,6.4882812
3qts,5.51,5.1171875
3b8r,9.22,8.6875
2l0i,4.82,3.8945312
3t4v,6.3,6.21875
3ewu,4.62,4.453125
4u6y,7.08,7.2226562
3cs8,5.77,6.2382812
4mk2,6.14,5.3320312
3que,8.82,8.1640625
2w6n,6.9,7.0039062
4qpl,7.41,7.4375
2jbv,3.54,3.6621094
1p4r,8.1,7.6171875
1h2u,7.89,7.390625
4hmh,6.21,5.9023438
1hp5,6.55,6.5390625
5aiv,6.19,6.109375
3at3,8.04,7.1289062
3zmt,4.55,4.796875
3u6h,9.0,8.7734375
4rfz,7.4,7.265625
1g2o,10.55,10.59375
3wtn,7.04,6.9101562
2wmx,6.07,5.8203125
3cjf,8.2,8.28125
2e7l,7.54,7.4648438
3tfu,3.28,3.4296875
1ppw,4.3,4.3945312
1cea,4.96,4.2617188
4gtm,8.04,7.5820312
4ncn,5.67,5.4414062
4b6o,7.0,7.53125
4gki,4.46,4.75
4ft2,5.64,6.3164062
2p8o,4.85,4.6914062
1jqe,6.44,5.9101562
2won,6.2,6.5351562
4y87,7.24,7.5546875
3lgs,4.61,4.5859375
3u93,6.31,5.65625
2q70,8.08,8.609375
1gz4,3.7,3.8125
1wok,7.48,7.0117188
4r5x,5.26,5.390625
2avo,8.85,8.3515625
1w6h,9.3,9.0546875
1gt1,6.0,6.1367188
4cby,7.7,7.6523438
1akv,11.59,11.4609375
3sz1,4.66,4.8554688
1km3,4.91,4.90625
4dsu,2.82,2.2167969
2euf,7.82,7.7539062
4u91,6.83,6.7265625
1iyl,9.0,8.8203125
4btx,6.54,6.1796875
2o4k,10.46,11.0
2y8q,5.82,5.5390625
2yj8,8.19,7.7148438
2y4a,4.38,4.2460938
3o3j,6.4,6.265625
2fj0,7.66,7.1484375
3ovn,2.55,2.2871094
1a9q,6.17,5.515625
4x61,9.0,8.7890625
2cgx,4.81,4.0429688
2io6,7.52,7.3515625
1rlq,5.1,5.1640625
4a23,5.89,5.6523438
4kzb,2.89,2.5253906
1h1b,9.8,9.71875
2jf4,8.15,8.4609375
3p76,8.68,8.765625
4uoh,4.77,4.71875
4lxb,8.15,8.265625
3nzi,5.59,5.4570312
3r92,7.02,7.015625
2osc,7.77,7.4335938
3v2w,7.11,6.9453125
3g5v,7.8,7.0742188
2yof,4.6,4.6484375
2i40,5.8,6.1992188
2x4o,4.77,4.84375
2kmx,4.08,4.2695312
4tyt,7.7,7.8789062
4tki,6.38,6.2617188
1puq,7.28,6.9570312
3g6h,8.19,8.21875
4trw,4.14,4.1875
1ele,6.85,6.9882812
2jjr,8.2,7.8554688
3t8v,6.59,6.453125
4us3,5.32,5.3320312
1q6k,7.59,6.9414062
4q46,3.77,3.9589844
1e5a,7.64,7.6210938
5am2,5.01,5.2070312
2q64,8.52,7.125
1gaf,8.0,7.7226562
2y1w,6.33,6.3398438
4obz,5.72,6.0351562
4lkj,6.7,5.8867188
4azg,7.1,6.9414062
4nh7,8.4,8.203125
2xlc,2.3,2.3144531
1bxl,6.47,6.1015625
3tcp,8.37,8.609375
3rdh,5.03,5.3945312
2q8s,6.73,6.5390625
3nzc,7.02,6.7382812
1juy,7.66,6.9921875
2kwn,5.13,4.4609375
2fl2,8.7,9.1484375
3tsz,4.46,4.5195312
4ajo,7.03,6.2304688
2iu0,6.89,6.671875
4nj3,6.52,6.3515625
4hws,9.1,8.8046875
2vba,4.6,4.5742188
1jp5,9.22,8.328125
2wmv,5.04,4.53125
3q8d,7.22,7.6132812
1y0x,8.7,8.921875
4his,8.09,8.109375
5d7r,7.89,8.1953125
2ojf,6.96,6.6289062
1o2o,6.36,6.1015625
4f39,5.7,5.7382812
4ybm,6.85,6.3125
3b3x,3.6,3.2519531
3et7,7.77,7.0664062
4tzn,6.52,5.7578125
1o3k,6.77,6.1796875
1doj,8.96,8.75
2pvu,6.31,5.4492188
3nyd,3.48,3.6855469
3n87,4.96,4.1757812
1u65,7.58,8.0625
1a1e,6.0,5.953125
3o9v,7.74,7.6328125
2jkm,7.75,7.0820312
1zsr,9.82,9.953125
1err,8.11,8.296875
4qr4,6.6,6.953125
4qz3,5.51,5.7421875
1w1v,2.2,2.2324219
1kl3,5.86,5.5820312
4a4x,7.23,6.28125
2vwf,5.06,4.1953125
1pi4,7.43,7.3789062
4nbl,6.33,6.390625
1gt5,6.1,6.234375
2nqi,6.11,6.3320312
3tv4,6.96,6.5273438
4j93,4.7,4.4296875
4g17,7.54,7.9140625
2o22,7.17,6.7460938
2ea4,7.34,6.3671875
4pnw,5.05,4.65625
4wt2,10.42,9.6796875
3hp2,6.17,6.1679688
2vi5,3.96,3.3300781
2xeg,10.7,9.4375
3wnt,6.28,5.8359375
2i0a,11.4,10.9296875
2aa6,9.41,8.40625
4re2,4.98,4.21875
1zrz,5.24,5.1445312
1q95,7.57,6.5546875
3pjg,3.55,3.578125
4re3,8.57,7.7460938
2fzk,3.6,3.53125
1bma,4.59,4.4492188
3pz3,6.85,7.0351562
4da5,6.44,6.34375
3pm1,5.93,5.75
3a73,3.38,3.3476562
2uzj,4.57,4.6640625
4r6t,7.52,7.328125
3ckp,6.35,6.0117188
3zm9,7.42,7.3476562
1hmr,6.55,6.1914062
2eg8,4.5,4.4648438
4mw0,7.41,7.5039062
4pzw,6.96,7.0390625
1ih0,5.0,4.6171875
2p94,9.17,8.546875
1a61,8.62,9.09375
4lyw,6.63,5.90625
4i32,7.24,6.8867188
1qfs,9.48,9.71875
2ohl,3.05,2.5292969
3plu,5.77,5.6523438
1g74,6.52,6.328125
1bmb,6.15,5.9101562
4dfb,4.6,4.3007812
5ceq,7.38,7.296875
3lnz,9.31,8.671875
4gs9,5.66,5.0585938
3pch,5.4,4.9257812
2uzo,4.57,4.875
4cg9,6.21,6.078125
1bky,3.84,3.4296875
4h1e,8.52,8.2109375
3d32,6.45,5.9960938
2frd,4.54,4.3671875
3jqf,4.46,4.28125
3el1,9.64,8.515625
4n1b,5.96,5.734375
4ret,7.59,6.9101562
3b8q,9.3,9.5625
2j87,4.85,4.3710938
4kn0,7.4,7.7070312
4ezk,8.2,8.0
1lxf,4.1,3.6855469
4uia,6.72,6.9257812
4q1n,9.7,9.1640625
1uy9,4.82,5.0195312
3f88,8.64,8.8828125
2cll,4.3,4.3710938
3vbt,4.43,4.6015625
4o37,6.16,6.0742188
4meq,3.6,4.0390625
1a4h,5.92,6.3007812
3ty0,7.08,6.5546875
2wji,5.02,5.6015625
4e9d,7.7,7.0351562
3fv8,6.8,6.8554688
4rqk,5.82,6.0859375
4ux4,7.01,6.7578125
4iur,5.58,4.7578125
4j8t,6.77,6.921875
3arg,7.26,7.2382812
2ovz,7.89,8.3984375
1mq5,9.0,9.7265625
4bo8,6.92,7.171875
4x6s,5.24,5.8867188
2cgr,7.28,8.1640625
3dya,8.52,8.4140625
1wdr,2.52,2.1777344
3bls,5.14,5.3007812
4ahv,1.82,2.4941406
3m94,5.08,5.328125
1qti,6.44,6.9179688
5ai5,7.03,6.8632812
2cem,7.92,8.515625
1x7r,8.05,8.7265625
5ap0,8.26,8.609375
3ifo,7.26,7.5234375
1jeu,6.82,6.6523438
1oko,4.54,4.6210938
1af2,3.1,3.8398438
3hrf,4.99,5.4296875
3g2s,6.22,6.7695312
3ts4,8.72,8.75
4jkw,4.16,4.5820312
4fns,6.7,6.46875
3k4d,5.11,6.3710938
3ith,8.1,8.0625
4m8y,9.96,9.6328125
3so9,8.56,8.53125
2fyv,3.52,3.8847656
4bbf,8.66,9.1171875
1l7x,4.04,3.9882812
3vtc,7.89,8.078125
4yur,9.8,10.046875
3k5d,7.28,7.6679688
2wa4,4.74,5.3789062
3bcn,7.12,7.5859375
4agc,10.7,10.2890625
4aof,7.1,7.0820312
2ph8,5.74,5.9882812
4lge,8.46,9.078125
4mxa,8.92,9.2890625
4l34,6.94,7.5117188
2x52,4.24,4.703125
2r5d,10.15,10.1484375
3g2l,3.87,4.1835938
4n99,3.67,3.8378906
5aln,6.57,6.296875
1o5g,4.96,5.1132812
4bfd,7.02,7.3046875
1ml1,4.28,4.0351562
4a4e,3.32,3.1953125
1ec2,10.0,10.0859375
2qcm,3.35,4.1601562
1ywr,7.89,8.1015625
2ycr,7.16,7.1171875
2wzx,6.0,6.4296875
3ua8,7.85,8.2734375
4bs5,8.22,7.7539062
3g2y,2.0,2.8476562
3zuk,7.46,7.5195312
1sqt,6.2,7.0507812
3jzs,8.1,7.4257812
4cjq,3.59,4.3515625
2c4f,7.7,7.7695312
4bgk,6.28,7.0703125
3rv4,2.3,2.8457031
4gg7,8.2,8.7421875
3rwi,6.94,6.6132812
4j78,4.65,5.5390625
4je7,6.4,6.84375
1ai4,2.5,2.8359375
3ho2,6.95,7.0039062
4qz0,5.46,5.984375
1u3s,8.85,9.1171875
3ine,6.77,7.4023438
1ag9,9.0,8.78125
4b0b,3.33,3.5429688
2rc8,6.52,6.6835938
3mtb,4.63,4.8476562
4o10,7.11,8.265625
3nf6,3.53,3.8398438
3bi6,7.82,7.6875
4hvi,7.16,7.53125
2vqm,6.01,6.0234375
1xxh,6.11,5.6210938
4l0t,7.18,7.0859375
4x11,2.22,2.6601562
4pnm,5.85,6.078125
4wbo,4.2,4.8828125
2i1r,5.01,5.4921875
4bs0,5.7,5.4101562
4rz1,7.4,8.0390625
3udr,4.96,6.0195312
3n3l,3.3,3.6699219
4urz,2.52,2.7910156
1qja,6.38,6.7109375
5a2k,6.35,6.2890625
2ada,13.0,12.828125
3s1h,4.77,5.4765625
1ov3,6.72,7.0
2jle,6.42,6.890625
2ym3,6.0,6.3164062
2j4a,10.6,10.1640625
2o4h,6.52,6.125
2pvk,8.3,8.6640625
4mbf,5.77,5.8164062
3zt4,2.8,3.0546875
3ny3,4.71,4.8320312
1ecq,3.0,3.0683594
3l5d,4.11,4.7578125
4uzh,5.01,5.4414062
4o45,4.15,4.46875
3a1d,4.12,3.8652344
2cn8,5.46,5.1992188
1v1m,3.94,3.609375
1v2s,4.17,4.1953125
2oji,7.07,7.2265625
3khj,7.55,7.7773438
3wyy,8.49,7.9765625
4lko,8.22,8.8125
1maw,1.1,0.7128906
1pyw,7.7,7.5664062
4aom,7.07,7.1679688
2ajd,10.8,11.921875
2yi5,7.41,8.0
4cxx,5.68,5.5273438
2yke,5.96,5.65625
3osi,5.22,4.71875
1jd6,7.39,6.59375
4z0q,8.17,8.0234375
4op2,5.93,5.7421875
1o4p,2.6,2.6230469
4fyo,7.33,7.4296875
4yc0,4.13,3.6757812
2v11,8.52,8.6875
3bjc,6.96,6.8554688
4qwr,5.93,6.125
5alr,7.07,6.5820312
2yim,3.92,3.2460938
1d8f,7.74,7.671875
4anm,7.55,8.1875
3t6j,6.36,6.2734375
2qa8,6.0,5.5664062
4cfu,4.0,4.25
3wto,6.92,6.8828125
3ly2,8.3,7.265625
1c4y,7.92,7.4765625
4fob,8.3,8.4609375
4ezw,6.0,5.7421875
2g96,4.28,4.2851562
4asy,4.22,3.6542969
1t1s,5.15,5.0898438
2x7d,6.7,6.5039062
4cmo,9.07,9.15625
4b8o,8.4,8.46875
2ylc,7.89,7.0703125
4ac3,3.96,4.2421875
4xm6,4.05,3.7382812
2oc7,5.85,5.8359375
4a7c,8.22,8.203125
4dho,3.93,3.8808594
4i0s,7.44,7.1367188
2oi3,6.64,6.484375
5alj,5.56,5.3320312
4mo4,4.22,4.4492188
4v24,8.37,8.34375
3ske,7.77,7.3398438
3kn0,3.6,4.15625
4zj5,7.66,7.328125
2drc,9.89,9.203125
4fz3,3.73,3.5136719
3hav,3.77,4.015625
1g3d,5.55,5.3828125
4n7m,5.47,5.3203125
1xxi,5.52,4.9375
2w3l,7.52,7.5195312
4rwl,8.1,8.46875
3avb,4.07,3.5136719
5e8r,8.7,8.0390625
4jmu,5.47,5.2578125
3fdt,4.52,4.3125
1y3a,5.41,5.5351562
3rwf,6.52,6.2890625
1pfy,8.15,8.59375
5c8n,7.55,7.8085938
4qye,5.92,5.4726562
4d2s,7.7,7.6796875
4gzf,8.36,9.4609375
1okx,6.8,6.5703125
2euk,6.6,6.6367188
4jjm,7.57,8.0390625
1zls,7.0,6.921875
2qk5,8.1,8.15625
4gj8,3.3,3.0546875
11gs,5.82,5.59375
3bu8,6.92,5.890625
4qvl,6.53,6.4375
4io6,4.82,4.3046875
1y8o,5.89,5.484375
2xvn,3.95,3.5996094
2i0g,9.72,9.59375
3ri1,5.3,4.9375
4wmu,6.74,6.0585938
3tdz,6.82,6.6914062
2v86,4.46,4.296875
1gi7,4.51,4.328125
4lc7,4.93,4.7460938
3so6,5.39,5.3398438
3uw5,7.85,7.6757812
2o4s,10.51,10.0
3u8m,8.89,8.671875
4l4z,5.68,5.0859375
4cwb,6.09,5.7460938
4w9n,4.26,3.7929688
4jfk,6.44,6.125
4ewh,9.52,9.015625
4ny3,4.31,4.1015625
4pv5,6.54,6.1289062
2viq,5.89,5.6484375
3uqg,5.0,4.5117188
1bv9,9.96,11.5
1fkg,8.0,7.6015625
1hq5,5.65,5.3945312
4ys7,9.0,9.1796875
4fzc,8.4,8.7109375
2h03,7.05,6.859375
2hzi,7.15,7.0390625
3ccw,7.87,7.9023438
2x8i,6.72,6.4101562
4mg8,6.48,6.4882812
5afk,3.88,3.6132812
1e1v,4.92,4.5
4lv2,8.0,8.1484375
2q6b,9.52,9.0390625
3arf,7.19,7.1171875
4l7n,4.84,5.0390625
4ymx,7.1,6.796875
4jik,7.74,7.7304688
2pjc,8.72,7.8359375
3owd,7.52,7.0546875
4zup,6.77,6.84375
4e3b,6.05,6.0507812
4c38,7.76,8.90625
4bqh,5.59,6.09375
1jk7,8.52,9.2734375
4tsz,7.0,7.2578125
4e4a,2.05,2.0527344
1iep,7.0,7.703125
4l7f,6.8,7.0664062
4j1f,7.92,8.7421875
2vur,4.52,5.2460938
4ban,8.61,8.4140625
3bel,7.85,8.5546875
3hyg,7.03,7.3359375
4b6f,3.3,3.8046875
1kyv,5.92,6.4023438
2evm,6.16,6.1484375
3pd8,6.46,6.0703125
4omc,10.78,10.921875
4fvq,6.0,6.4570312
1b6h,7.82,8.203125
2i3i,7.3,7.828125
2uwo,8.7,8.71875
3n5h,5.7,5.796875
2a5u,8.1,8.546875
3o8p,6.46,6.4609375
2o63,6.11,6.1914062
4zyc,6.42,6.5546875
2r59,8.19,8.40625
2fix,6.24,6.4335938
4oc5,7.07,7.1484375
3mwe,1.54,1.4033203
2x2c,7.72,7.453125
4m5l,4.72,4.9179688
4twc,7.4,7.53125
2wxm,7.4,8.1953125
4xqu,6.07,5.84375
2k3w,5.24,5.7265625
2gg9,5.46,5.140625
3h52,4.85,4.9023438
3ioe,3.27,3.3359375
4o6w,8.52,7.8320312
3udq,6.0,6.4023438
1sln,6.64,5.8515625
1hef,9.0,9.7890625
3ft2,7.36,8.1015625
4ivk,3.85,3.6621094
3okp,4.72,4.3710938
3i6o,10.35,10.296875
4r3c,7.0,7.4570312
3fts,3.67,3.2558594
4ln2,3.61,3.5488281
1bo5,3.6,3.359375
5avi,6.06,6.21875
1xn2,10.52,10.78125
2aeb,8.3,8.203125
2x4r,4.77,4.7382812
3mhc,7.96,7.7148438
1nu3,4.0,3.6113281
4hcz,4.44,5.03125
4anx,7.74,7.9726562
2wgs,5.6,5.9570312
3u8d,6.33,6.375
3fx6,6.8,6.8867188
4rxe,6.64,7.203125
4zec,5.82,6.4296875
1b74,1.3,1.0009766
4q90,2.15,2.2480469
2gtk,6.6,6.6914062
4nhx,5.72,5.6796875
2jjk,8.05,8.0625
5auy,5.8,5.4179688
1c87,4.2,4.4960938
3iw8,4.87,4.9375
4pyn,4.52,4.0195312
3t2p,3.6,3.5722656
3ndm,7.96,7.5078125
3i51,7.7,7.7773438
1li3,4.25,4.9648438
1ouy,8.37,8.3359375
1k1p,7.92,7.8125
3n2e,4.96,4.8671875
4kzc,8.09,8.3515625
3mct,4.07,3.9980469
3mv5,6.74,6.7929688
3g5d,7.96,8.1640625
2xgs,3.28,3.3183594
3meu,6.3,6.0703125
4obp,7.77,7.6601562
4u1b,5.31,5.1640625
2wih,7.35,7.8164062
4o3u,6.4,5.9960938
3fxv,7.03,7.671875
1n1v,3.85,4.1289062
3krw,7.38,6.8671875
4eb9,8.27,8.2421875
4ge6,7.47,7.8867188
3m3r,6.32,6.4765625
4frk,8.1,8.390625
3i81,7.89,7.8242188
1o46,8.0,8.0234375
3vhv,6.29,6.9296875
1zaf,7.7,8.328125
4ozn,5.4,5.4570312
1wur,6.66,6.6289062
3vv7,5.34,4.8710938
4nrp,4.59,5.0117188
4og4,6.02,6.2148438
3px9,3.42,3.625
1zkk,4.48,4.7421875
3moe,4.3,4.203125
3mof,3.07,3.2421875
1zoh,7.0,7.5390625
3p3g,9.74,10.5078125
2bba,7.15,6.4882812
4hyf,7.6,7.6054688
1abt,5.85,6.0078125
1a50,6.7,6.234375
4qvv,5.15,5.515625
3nht,7.01,6.5195312
2z7h,6.94,7.2695312
4v1f,7.7,7.5820312
2ajb,5.5,5.609375
4jiz,5.62,5.734375
3gwv,2.6,3.0410156
4l02,7.7,7.7070312
2qlf,8.85,8.78125
2r64,7.52,7.6054688
3b5j,5.68,5.2851562
3wzq,6.23,5.4257812
3lpg,6.16,7.0
4caf,7.12,6.546875
4lm0,3.25,3.4824219
4k66,3.26,3.609375
2idk,5.54,5.5351562
2r4f,8.82,8.734375
4rj5,7.18,7.2773438
3py0,6.89,6.9960938
4bpj,6.0,6.4296875
3lvp,8.7,8.125
4xkb,6.1,6.046875
1lzo,4.54,4.4609375
1wc6,4.0,3.9082031
4cu8,4.47,4.5273438
4aa0,7.46,7.4335938
1m2x,4.15,3.9472656
3q4l,7.26,7.6210938
4uiv,7.8,7.4257812
1o2g,6.12,6.328125
3zsy,3.23,3.1640625
3njy,5.77,5.90625
3tia,8.51,9.34375
3igv,7.6,7.625
6gch,4.7,4.765625
4ks2,9.34,9.4140625
4i5c,8.82,9.1953125
3exh,4.88,4.3125
3fql,7.15,6.796875
3hfv,4.87,5.4335938
2xe4,7.16,7.578125
3d4f,7.72,7.7617188
3ska,7.49,7.2109375
4j0a,6.8,6.234375
4cl6,5.39,5.4492188
1imx,3.52,4.0117188
2rjs,2.28,2.1464844
2ph6,7.57,7.1914062
1a37,6.92,7.4570312
3iet,6.85,7.4453125
3mbl,7.74,8.1171875
4gne,2.47,1.8613281
3zrc,5.27,5.7734375
4qxs,5.96,5.7539062
4rlt,4.96,4.7382812
1kat,6.0,5.7929688
4g0l,5.19,5.6328125
3wtl,7.04,7.0820312
4elb,8.3,7.9257812
4d2r,5.48,4.921875
3udp,5.22,5.1679688
4e5i,5.3,4.6679688
2lsk,4.89,4.8867188
3avn,3.3,3.6621094
1aht,6.21,6.6171875
4ht2,6.54,5.8789062
2wl0,7.8,8.953125
3c4f,5.72,5.4140625
2vvt,5.24,5.125
3wp1,4.85,5.1875
4exh,6.15,6.0742188
4ykj,4.43,3.890625
4o09,7.7,7.4804688
2oz2,5.71,5.921875
1pu7,3.1,3.3164062
4in9,4.97,4.8046875
4umr,3.8,4.1640625
1vjb,7.89,7.4648438
4zla,7.3,7.3632812
1f4g,6.48,6.3476562
2ovx,8.7,8.2734375
1swn,12.0,11.90625
2woa,5.94,6.1523438
1ftl,6.0,5.8398438
4jai,8.4,8.390625
4y2j,3.1,2.9160156
3uxm,4.7,4.6992188
4e3j,8.92,8.7265625
3t4n,4.14,4.546875
4a4q,9.4,9.671875
4awi,6.0,5.9765625
1rsd,6.52,6.1914062
2olb,5.54,6.0859375
1o3e,7.96,8.3828125
4yrs,3.07,2.8574219
2ihq,8.49,8.75
3nnx,7.96,8.0546875
2fq6,7.1,7.484375
2y71,7.37,7.4179688
1hbv,6.37,7.2304688
3oof,7.3,7.5273438
4hej,4.62,4.7578125
1x81,9.19,9.34375
4xy2,8.1,7.7851562
2jg8,6.3,6.0820312
2fdd,8.32,9.4140625
3lzb,7.2,6.6875
1f7b,4.6,4.5976562
4tsx,4.99,5.15625
1w2k,6.46,6.6601562
2f4b,7.3,8.140625
3n5u,5.92,6.7460938
4ce1,4.38,3.9042969
2pjl,6.72,6.5273438
4eo4,6.35,6.5703125
4ezq,5.2,5.4648438
2exm,4.11,4.0390625
3qk0,8.7,9.109375
3kmc,6.4,6.578125
2x7s,5.78,5.484375
4x7j,7.39,6.7460938
3d7z,7.92,7.9296875
4wk7,7.13,7.046875
3max,6.05,5.7851562
4qwf,6.0,6.5703125
1r1j,8.64,8.6015625
4k5n,3.9,3.8710938
4anv,6.36,6.4101562
3ckt,6.32,7.2304688
4gnf,3.35,3.5
3ccn,6.92,6.984375
4yha,6.65,6.8125
2vey,7.37,6.7851562
2zir,8.19,8.703125
2ay2,1.88,2.5546875
4cd4,6.58,7.3984375
2xk4,4.77,4.7070312
7kme,4.4,4.984375
3d9k,4.72,5.1953125
3rqg,4.64,4.5078125
2ybs,4.59,4.7304688
3hrb,7.68,7.640625
4x1r,6.4,6.3359375
4fr3,7.15,7.7929688
3l0v,7.64,7.4648438
1ol2,6.28,6.3671875
2j2u,7.33,7.3867188
4l2k,6.44,6.4765625
3wz7,5.74,5.6796875
4nro,5.02,4.9960938
4nra,4.19,4.1523438
2rgp,7.52,7.625
1nl4,9.41,9.1640625
1tjp,4.42,4.0351562
1e6s,3.22,2.9804688
2uyw,13.0,12.6015625
4mo8,8.0,8.1171875
1h1p,4.92,5.296875
3qd0,8.5,8.7265625
1c2t,6.59,6.5390625
3ex2,3.7,3.6328125
3mxs,5.01,4.8515625
1m7q,8.59,8.75
2d2v,1.0,0.85058594
1j17,5.22,5.6054688
5al1,4.28,5.171875
3me9,6.3,6.1679688
3wci,6.57,7.2304688
1mrs,3.96,4.4335938
3nzu,8.85,8.2109375
3mrx,3.39,3.4921875
3bxs,5.1,4.9960938
2hwg,3.55,3.6152344
3k15,4.92,4.921875
4uu8,6.54,7.1445312
3qiy,5.34,5.5976562
4dhl,4.48,4.5195312
1w83,7.19,7.7851562
2c4w,4.7,4.6601562
1b11,7.39,7.5625
4x6k,5.31,5.65625
2iku,7.1,6.21875
1w7g,5.1,5.5429688
2zns,6.54,6.7734375
2qky,9.61,11.0546875
3l6x,4.4,4.421875
2wcx,7.6,7.828125
3wqv,5.21,5.2773438
3wyl,8.85,9.1328125
4jr3,6.66,6.9101562
4dx9,5.3,5.4726562
4tkj,6.04,5.828125
3k8c,2.92,3.296875
4dfu,4.6,4.4335938
4rx5,8.52,8.2890625
2w5i,4.54,5.2421875
3s0j,3.77,4.2265625
3o84,7.24,6.9804688
2x2k,6.52,6.8398438
4lbo,5.77,6.1132812
3dbu,8.06,7.5039062
5djr,4.86,4.8828125
5e8f,8.64,8.03125
4y29,6.25,5.9609375
4npv,7.46,8.0703125
3unk,4.82,5.078125
4e1m,7.26,7.0117188
1q3w,8.4,8.5703125
2iv9,4.34,4.7695312
4pce,5.15,5.0898438
3gcs,7.25,7.6835938
2uyq,5.68,6.0898438
4erk,4.57,5.1210938
1oeb,6.93,6.5039062
2etm,6.67,6.4414062
1iau,7.1,7.8046875
2owb,6.36,6.9765625
3v1r,7.68,7.5703125
2avm,5.7,6.3828125
2fx9,7.77,7.9609375
4kxb,4.12,4.546875
2z4o,9.57,10.28125
3at1,3.18,3.6640625
3bhx,9.15,9.59375
2ioa,5.49,5.546875
2jld,10.4,10.5078125
2cia,6.43,6.3945312
2vci,7.68,8.1171875
1s9t,6.82,7.140625
4avt,8.06,7.4648438
2f3r,6.3,6.4765625
4c37,7.71,8.2890625
2pk6,10.89,11.125
4x7k,8.4,8.5234375
1wdn,6.3,6.3242188
1gvw,6.96,7.25
2x9e,6.74,7.2382812
4yt7,8.77,8.1796875
3mzc,6.65,6.9921875
3ivq,4.12,4.8515625
4jss,3.3,3.2773438
5byi,7.51,7.5820312
2wxv,8.7,8.4296875
2wu7,6.28,6.34375
4jbo,7.62,7.9726562
4mgv,7.12,6.7070312
4x0f,7.0,6.8164062
3s5y,7.41,8.3046875
2jbk,6.4,6.2148438
2wij,3.2,3.5625
3zyh,4.29,4.4648438
2vts,7.52,7.6054688
4hhy,8.72,9.2890625
3pb9,6.58,6.0
2rk7,4.05,4.1015625
3ow4,7.66,8.0625
4dow,5.02,5.5039062
3piy,6.54,6.84375
1dm2,7.15,7.203125
1dqx,11.05,12.9921875
1dl7,6.49,6.4921875
4hwb,9.24,9.3828125
2qrk,4.26,4.2890625
4uu5,5.04,5.671875
3gbq,5.46,5.9296875
1o43,5.66,5.703125
2qw1,3.9,3.8945312
4rcg,5.03,4.9492188
2vle,7.1,7.40625
3ntp,4.92,5.0117188
4os1,5.6,6.1210938
3i9g,8.96,8.2109375
2ynn,5.17,5.453125
4oef,4.76,5.2734375
1h61,4.89,4.4570312
4inb,6.05,6.0351562
1llb,6.05,5.4570312
3ppk,8.85,9.15625
5ab9,6.33,6.328125
4u8w,11.24,11.390625
1ugp,2.89,2.8359375
4cku,6.82,6.6445312
4d1y,7.13,7.0546875
2wzs,3.85,3.5332031
5ap6,7.88,7.4492188
2vwz,6.1,6.1328125
4wyz,4.3,4.4882812
4a1w,7.3,7.484375
4xta,5.43,5.0820312
4wlb,6.74,6.2929688
2puy,4.52,4.2265625
3rpy,5.32,5.3164062
1i7i,6.7,5.8398438
4ajw,5.86,6.09375
1mrw,9.7,10.96875
3l4z,6.72,6.3945312
4afg,8.3,9.203125
4l9i,4.89,4.9375
4d8e,7.01,7.2734375
3m6f,8.6,8.125
2ltw,4.22,4.4960938
4y8c,7.96,7.65625
2qrl,4.0,3.4140625
1dar,4.96,4.5507812
4ds1,4.75,4.890625
5caq,8.57,8.5625
4c61,8.4,8.2578125
4nrt,6.0,5.8828125
3ips,7.19,6.9375
2y3p,5.89,6.1601562
1pzi,4.22,3.7148438
4l7d,6.12,5.421875
1lyx,4.54,4.6953125
1mdl,3.09,2.7441406
2qnp,6.41,6.25
2bb7,5.67,5.234375
3haw,6.0,6.0507812
1u9w,8.46,8.734375
3g9n,5.74,5.546875
4qlq,8.18,7.9765625
3ole,7.83,7.21875
5edr,7.46,7.4375
5bui,7.05,6.96875
3zmm,9.14,8.734375
1svh,6.44,5.9960938
2h8h,8.57,7.8828125
1yys,6.33,6.6835938
1nax,6.43,6.28125
4dij,7.52,7.078125
4deh,6.21,5.7421875
1d04,4.59,4.7304688
3exe,6.96,6.2148438
4ona,8.15,7.5820312
3ds0,4.83,4.9414062
4e90,8.1,8.1953125
3ggc,5.44,5.1367188
3f07,5.54,5.4882812
2xyu,5.35,4.8554688
3d3p,8.5,8.234375
3u1i,5.25,5.703125
2ok1,6.26,5.9375
1ryf,8.8,9.046875
1mrx,7.26,7.9140625
3t6r,5.66,6.1367188
4zk5,8.43,8.484375
4q18,6.13,5.8984375
4b7j,7.95,7.6601562
3az9,6.0,6.140625
3qcl,5.4,4.875
4ciy,4.57,5.0195312
4zzx,6.9,6.2460938
3ouh,7.1,6.875
1sqp,8.2,7.5273438
4nja,6.22,6.1640625
1m6p,5.1,5.7070312
2xmy,9.96,8.6796875
3pp0,7.96,7.5625
2oc0,7.82,7.609375
4tn2,6.92,7.265625
2wf4,7.89,7.8007812
4klv,3.78,3.53125
1o4d,3.52,3.4355469
2rjr,1.94,2.0488281
1lvu,5.32,5.859375
4ynl,4.62,4.5507812
1ugy,3.72,3.6230469
4bjb,6.66,6.2734375
3ns9,8.52,8.6953125
4m5k,5.23,5.1640625
1c3e,6.59,6.2890625
2d0k,5.02,5.3398438
3d1y,8.22,7.7578125
4di2,8.26,7.9492188
2vfz,3.61,3.4570312
4leg,4.55,4.3203125
2uym,5.51,4.875
3ig7,7.2,6.8671875
3t8w,7.54,7.40625
4fe9,3.0,2.78125
3pz1,6.14,5.5507812
3w2s,8.16,7.4101562
3wtk,6.53,7.234375
3dp3,5.82,5.578125
1w14,8.52,8.3046875
2l98,3.61,3.3183594
1d4w,6.92,7.3710938
1rry,4.1,3.9863281
2w3k,10.1,9.3828125
4m8x,10.2,10.765625
2qbs,6.68,6.7421875
1i00,6.34,6.09375
2gv2,8.3,7.8515625
3nhi,8.43,8.0234375
2r0h,3.51,2.921875
3a2c,6.9,6.4140625
4rhu,6.16,6.0
4zbf,7.13,6.6054688
4xpj,5.09,4.6640625
2amv,8.8,8.0546875
4ptg,8.23,7.7617188
4gbd,11.32,10.7109375
4wz4,6.44,6.0976562
2wzy,10.72,9.46875
4nah,6.31,6.1132812
1gux,6.96,6.4414062
3sus,4.15,3.9589844
4ge7,8.15,7.4492188
1bmq,7.42,7.2148438
3tct,8.52,8.6875
4j0p,7.29,7.6210938
1yp9,5.11,5.3984375
1g1e,7.54,7.25
3b0w,5.7,5.453125
1njc,5.55,5.4453125
3pe1,9.65,9.3046875
2rip,7.19,6.7265625
3qc9,6.06,5.4765625
4jfw,6.34,5.59375
4afe,7.14,6.8515625
2gst,6.07,6.0078125
1ce5,4.74,5.0703125
3m6p,8.35,8.1953125
2d1o,7.7,7.8398438
1czr,9.0,8.2265625
4u03,5.77,5.4257812
3vjm,9.43,9.8203125
4lsj,9.57,9.125
4yyi,4.19,4.1054688
1ff1,4.92,4.8515625
1tlo,4.0,3.5332031
2c57,3.43,3.7441406
4rse,6.4,6.7617188
4w4z,7.52,7.3007812
2qmd,8.3,8.0703125
3lp7,5.44,6.1015625
3f8e,7.23,6.484375
5a6n,4.28,3.7226562
4kiw,5.12,4.953125
3wav,6.74,6.328125
4a7i,8.7,8.5234375
2z9g,6.15,6.0546875
1tnh,3.37,3.28125
3i06,9.7,9.828125
1jys,3.52,3.1777344
4xxs,7.28,6.6367188
1py2,7.22,6.7109375
1gz9,3.51,3.2734375
4klb,4.16,4.3203125
4bzn,5.84,5.9414062
3ryw,6.24,6.375
4ehm,5.85,5.8632812
1h0w,4.89,4.171875
4jx7,6.91,6.9804688
1m13,7.57,6.1757812
1nlo,5.47,6.03125
4gwk,3.34,3.6347656
1hvh,7.96,8.3203125
4hzw,8.88,9.3125
1w1t,2.96,3.4472656
1fmb,10.0,8.40625
1zz3,6.54,6.4804688
4e5g,4.67,4.640625
3djp,4.2,3.953125
1uho,9.22,9.046875
4xqb,3.79,2.9042969
2ggx,3.49,2.9960938
4k4j,6.12,5.296875
1bn3,9.89,9.0546875
1u8t,4.26,4.3632812
1ybg,4.8,4.609375
1zky,6.25,5.78125
2btr,7.02,7.4023438
1zc9,3.22,3.1015625
4y94,6.62,6.4804688
5boy,5.6,5.609375
4na8,8.82,9.03125
4r4t,6.26,5.90625
4hni,7.49,7.1054688
4i0t,7.59,6.9960938
4at3,8.4,8.1015625
3nuj,9.39,9.6640625
4acu,7.39,6.9335938
3q0z,7.7,6.765625
2zm3,6.21,6.0390625
2gm1,7.0,7.2578125
2qcf,3.49,3.3046875
3bhb,8.47,8.9453125
4pms,8.1,8.1171875
3v3m,5.32,5.3671875
2hj4,5.37,5.8242188
5cf8,8.96,8.71875
4kp6,9.09,9.171875
4ztn,7.72,7.078125
4mjo,6.22,6.1132812
2r6y,9.49,8.7734375
3h1z,4.66,5.1640625
2hmh,7.15,7.3671875
3evd,6.91,7.1015625
2b1q,1.59,1.3613281
2wxg,9.15,8.7421875
3ds9,7.39,6.7226562
1unh,7.0,7.1835938
2jbj,9.7,9.3984375
1fe3,7.33,7.125
1yw8,8.0,7.4609375
1a1c,6.4,6.5898438
4nw5,7.7,7.5664062
1v2p,4.73,4.8554688
4zdu,5.77,5.9179688
4eke,4.48,4.3476562
2xae,7.3,7.0898438
1hkm,8.72,8.734375
4xit,7.27,7.515625
1xuo,7.16,6.8671875
1ad8,6.6,6.1210938
4cki,5.96,5.8710938
4mro,7.06,6.5117188
3aya,4.33,4.6289062
4w9o,7.77,7.4882812
3ay0,3.04,2.3652344
4eqj,5.6,5.359375
1p04,7.4,7.46875
3wyk,7.64,7.8242188
4qw4,6.95,6.8476562
1ett,5.89,5.9609375
5ah2,10.08,11.1640625
3dv1,6.23,6.4765625
3ubx,7.6,7.1132812
3hx3,8.0,7.578125
1eoc,6.05,7.078125
1i8h,4.54,4.671875
1azg,4.8,5.3554688
5a3h,4.57,5.0664062
4d8c,8.7,8.6328125
3ess,6.39,6.5507812
1jmg,6.07,5.953125
3zkf,6.02,6.421875
1q5k,7.42,7.3085938
1sc8,7.44,7.9726562
4i6f,8.3,8.609375
1xlx,7.6,6.9140625
2ohu,5.38,5.453125
4z46,2.82,2.9804688
4dpi,7.11,7.3359375
3aqa,4.55,5.2734375
4p58,4.6,4.7226562
1mu6,8.38,9.140625
3gxz,7.89,7.1132812
2ojj,8.7,8.8515625
1amn,13.82,15.484375
4hv7,3.52,3.6660156
3liw,7.6,7.9648438
1v41,4.7,5.234375
4yik,6.89,6.6015625
3iob,3.42,3.5351562
2o3p,5.96,5.9765625
1xh3,5.51,6.2304688
1bl6,6.8,6.5507812
3iqj,4.93,5.875
3eq9,7.39,6.984375
4j24,7.3,7.1054688
1qbn,5.85,5.8632812
2wi4,5.81,5.796875
2kff,3.61,3.7480469
4gfn,8.3,8.375
4dhn,3.89,4.1875
1o4l,1.4,1.6523438
2d1n,8.15,7.8203125
3ert,9.6,9.453125
1vkj,4.85,5.2617188
2w97,0.96,1.5205078
3qpn,7.77,7.9023438
1icj,2.22,2.6152344
1w3j,6.32,6.90625
1jq8,6.0,6.15625
4u6x,6.38,6.1015625
2vvc,8.52,8.8125
2zga,6.32,7.2421875
3dpf,7.24,7.5390625
1g9b,5.3,5.3320312
2o9r,1.68,1.4130859
1wcc,3.46,3.9082031
3kqm,3.77,4.453125
9icd,3.9,3.6835938
3h6z,5.82,5.7460938
3lxg,8.14,7.9921875
4qz2,5.21,5.0039062
2ieh,6.96,7.078125
2qg2,5.4,5.8125
3uh2,6.0,6.1796875
4k3p,5.8,5.8789062
1o2k,6.92,7.2773438
3fvh,6.35,6.796875
4txc,6.62,6.5664062
3ddf,4.66,4.984375
1nq7,6.8,6.4921875
2p99,5.94,6.0039062
2ael,6.29,6.8828125
4m14,6.7,6.7421875
4mib,9.7,8.953125
2bmk,5.62,5.7304688
3ft8,7.52,7.4453125
4ehv,2.29,3.0761719
3zos,8.89,8.84375
4oiv,5.08,5.015625
3vqu,7.43,7.65625
1nj1,7.6,7.9765625
1h60,4.7,4.5742188
1ka7,6.22,6.3515625
2xba,7.63,7.5820312
2ai7,6.4,6.046875
3v3l,6.43,7.1171875
3elc,2.69,2.6113281
3ddq,6.68,7.0820312
1l5s,3.26,3.3066406
2x6i,6.08,6.2539062
4wno,6.8,7.484375
4eft,4.07,3.9023438
1b4z,5.23,6.0585938
3udn,5.15,5.546875
2mlm,5.21,5.2265625
3neo,5.92,6.2148438
3rjm,6.61,6.9140625
4z7s,8.22,7.7226562
1dth,8.22,8.15625
1db5,6.82,6.5742188
4mw9,7.02,6.7929688
2fqy,6.57,7.171875
4zme,4.3,4.2890625
2oh0,7.74,6.6679688
1yxd,5.3,4.6601562
4ir6,6.08,6.4414062
4yw7,6.89,7.03125
1ms7,6.77,7.0820312
3ifp,7.61,7.453125
1gt4,6.52,6.3320312
2y1x,7.57,7.9570312
3nuo,9.8,10.1484375
2m0v,5.97,5.8554688
2auz,9.46,8.8828125
1vjy,7.64,8.109375
3ibu,9.15,9.21875
3cpj,4.72,4.609375
3pd3,4.44,5.1875
2wk2,6.82,6.5078125
3gjw,8.3,8.0
4g5y,2.77,3.3164062
2w73,6.52,6.1328125
1aid,4.82,4.8046875
1c8l,8.16,8.2109375
2ai8,6.8,6.9023438
4x9v,7.85,8.21875
2zgx,6.74,6.2148438
4i2z,4.87,4.5820312
1qs4,5.64,5.4648438
3s1y,6.22,5.8398438
4yhf,8.34,8.6796875
4yl0,8.22,8.3359375
4y6r,5.48,5.859375
3zh8,6.47,5.6445312
4lm5,6.82,6.3007812
3oad,9.62,9.53125
3fxw,5.96,6.5
3lmp,6.21,5.6640625
3iqi,4.41,4.5390625
3kyr,6.72,6.7851562
3qox,6.57,6.265625
1f4x,5.59,5.2890625
4r3s,8.22,8.5078125
4dwk,6.22,5.90625
3eju,6.6,6.859375
1bcj,3.7,4.3867188
2jds,8.2,8.734375
1o0f,5.3,5.28125
3f8s,7.89,7.2734375
3rah,7.92,7.734375
3b9s,5.3,4.9453125
4qjm,8.17,7.90625
3zm5,6.74,6.59375
3zmj,4.93,4.7851562
1xor,6.41,6.1757812
4mbi,8.15,7.8085938
1dkd,5.7,5.25
1gu1,4.52,4.0898438
5afx,5.92,6.3632812
2hwi,5.52,5.6875
4d88,7.31,6.84375
1o4r,2.41,2.2617188
3kqc,8.66,8.53125
4o0z,7.24,7.3828125
1h00,4.42,4.6171875
3ckz,8.72,8.3984375
1flr,10.0,9.40625
3fyz,5.8,6.0585938
3dvp,5.0,4.96875
2x7o,7.47,7.4609375
1w51,6.3,5.7382812
4nw2,4.54,4.7382812
2p33,7.24,7.4609375
2xi7,5.14,5.3164062
4ajk,3.11,2.8359375
1gj4,4.07,4.1445312
3w2q,7.18,7.390625
2c9b,5.54,5.2109375
2pwc,6.57,6.5742188
2gg7,5.76,5.6835938
3hmv,7.3,6.9023438
4tzm,6.7,6.6015625
3in4,7.52,7.5
1n2v,4.08,3.9980469
3p9m,5.0,5.9609375
1yly,7.82,8.1015625
1ing,2.0,2.421875
3bc3,6.81,6.7890625
4lh6,4.11,4.2929688
1mj7,8.35,8.0625
3k41,0.82,0.55615234
2cv3,6.57,6.2460938
4na9,7.39,7.4492188
1hs6,5.38,5.3632812
4j2c,5.25,5.3007812
1l2s,4.59,4.859375
2q2c,6.38,7.2265625
5c6v,4.8,4.3671875
3t0m,3.94,3.7832031
2i47,8.66,8.3828125
4ww6,10.21,10.296875
4pde,6.44,6.546875
1t2v,6.4,7.0585938
2rfh,6.82,6.6289062
3twx,5.26,5.2851562
3wzj,8.18,8.3828125
2cc7,8.01,7.7773438
1njt,4.82,4.5976562
4amz,9.82,9.6796875
2vj1,5.3,5.4570312
3lco,6.84,6.6992188
3ava,4.4,4.2265625
3kc3,6.8,6.4335938
4xm7,3.57,3.0898438
1hgi,2.68,2.609375
3ljj,6.52,6.4882812
3ohh,7.74,7.6328125
1hn2,6.0,5.8203125
3fzs,5.82,5.9335938
4jjq,5.03,5.0078125
4gts,7.89,7.5234375
4m7j,6.11,5.7734375
2xcg,8.05,7.2929688
3tcy,4.62,4.8125
5bml,8.0,7.46875
4hyh,9.0,8.5859375
4gk7,7.9,7.359375
4bfr,7.64,7.4921875
3oeu,7.51,7.5234375
4u0u,5.82,5.4726562
3peq,7.5,7.3203125
1xoq,9.17,9.0390625
4p4j,6.15,5.9921875
4igt,7.89,9.1953125
3dej,8.0,7.0117188
1g3b,5.74,6.0195312
4j3m,7.68,7.7265625
4tlr,8.52,8.53125
2xhs,6.0,6.0039062
3p55,7.1,7.5898438
3lj7,8.34,9.640625
4zei,5.88,6.890625
4uwg,8.15,8.09375
1ru1,4.74,5.1210938
2xfi,7.82,7.734375
3nc4,4.58,4.3554688
3fn0,4.4,4.3203125
4an1,10.26,10.3359375
3ad7,2.52,2.171875
1o6i,3.19,3.0585938
1uy7,3.7,3.5195312
4dxg,7.06,7.9023438
3s0o,4.48,4.5859375
2nxd,5.66,6.609375
4y3b,4.87,4.7460938
1ghz,4.8,4.7734375
2rfn,8.3,8.0859375
3n1w,3.3,2.9316406
4wke,8.1,8.5390625
4cpu,7.53,7.6875
3tpp,7.82,8.5390625
2isc,8.42,8.734375
2qzk,7.57,7.4726562
3wv3,7.62,8.1640625
4dr9,8.0,8.296875
2vwm,7.03,7.5078125
3d1z,8.8,10.3125
2xp4,3.74,3.7695312
3zj6,6.66,5.8125
2e95,7.1,6.7265625
2hl4,7.64,8.03125
3hdn,7.2,7.5078125
3mg8,8.92,8.6953125
4aze,8.11,7.9257812
4h4b,2.7,3.0117188
2fs9,8.52,9.453125
1ba8,9.0,9.2734375
3u7l,7.28,7.6757812
4kc2,3.31,3.5703125
2e99,6.16,6.5976562
1yt7,9.89,9.90625
2wic,5.39,5.6015625
4hpy,9.92,11.078125
4dy6,4.4,4.6484375
3tl5,7.85,8.765625
1di9,5.3,5.203125
4jxv,4.51,4.5898438
2fw3,6.42,6.4804688
1kwq,9.21,9.515625
4z83,7.4,7.7148438
4x8g,6.0,6.0859375
3u4u,8.52,10.0703125
4brx,6.49,6.6484375
4bhf,3.46,4.3164062
4jg1,6.63,7.1875
4rn2,5.82,6.1484375
1m74,7.0,7.0820312
2zx9,10.27,10.3046875
1k2i,3.11,3.2871094
2ksb,3.12,3.7011719
3wf9,6.25,6.6523438
3iqg,4.6,5.3085938
4b1d,7.49,7.34375
1n1m,5.7,6.2890625
4k43,6.88,6.7148438
2za0,6.64,6.5195312
1kmy,5.1,5.0898438
2xx4,7.1,7.34375
2hr6,4.82,4.6835938
4qbm,4.58,4.8164062
1m1b,4.66,5.0078125
1o47,8.4,8.3984375
4nms,4.94,5.3554688
5c29,6.06,5.9453125
4bbh,7.1,7.1953125
4avh,7.23,8.0390625
4lkh,3.0,2.9394531
4bky,7.92,8.5078125
1dzk,6.1,6.1367188
3gl6,4.68,5.3710938
1h9z,5.42,5.71875
4lno,2.62,2.7070312
1vyj,7.0,7.09375
4luo,3.24,3.5371094
1nl9,5.96,6.2617188
3rwd,8.0,7.5742188
2gga,1.96,1.9677734
1yy6,6.07,7.0664062
1agw,4.7,5.9023438
1ph0,6.92,7.0390625
2ork,2.85,2.5507812
3piz,5.46,5.5820312
3pcb,2.4,2.7734375
3elj,5.3,5.359375
3g0e,7.7,7.5273438
2r23,3.72,4.2851562
3ud7,4.74,5.3046875
1tvr,7.48,7.8671875
4bqg,6.22,6.4726562
2qlb,5.89,6.3398438
4e3g,4.97,5.390625
3rxb,2.66,2.4882812
5cs5,1.58,2.5390625
3sdg,5.55,5.3515625
3gss,5.82,5.9140625
5a2j,5.85,5.6796875
3f69,6.0,5.5429688
1eou,7.44,7.734375
3wuv,5.17,5.4648438
1hti,5.13,5.9140625
3tgs,5.39,5.0507812
2wxi,8.15,8.34375
2uy5,5.49,5.1796875
3ral,7.0,6.7109375
3fkv,7.57,7.859375
1pxo,8.7,8.4453125
4rt1,6.14,6.1953125
3iu9,6.62,7.0039062
4z1n,8.23,8.9375
1qjb,6.38,6.6875
4lxk,8.4,8.4296875
4pri,4.03,4.5742188
2or9,6.3,6.6875
3fqa,0.49,1.0351562
1vja,7.7,8.0234375
1etz,7.24,7.0039062
4mwq,9.1,9.1796875
1n43,10.55,10.6328125
1hgj,1.66,1.7539062
3k3e,7.66,7.7890625
1lhv,8.91,9.0859375
3hik,6.35,6.953125
4qt2,6.32,6.2070312
3avm,3.3,3.8457031
2vjx,4.96,5.1445312
3s75,6.82,7.6171875
4pgh,4.89,5.2460938
4k8s,7.44,8.1640625
1me7,7.19,7.3789062
2va5,4.07,3.6074219
4x21,7.44,6.9921875
3bcs,5.21,5.3007812
4ps5,6.54,6.6992188
4qwl,6.18,5.9414062
4k3o,4.44,4.4375
3bxz,6.72,6.375
3rj7,7.6,7.7070312
2ima,6.52,6.5078125
4aa1,4.12,3.6328125
3if7,7.21,7.3359375
2xcn,6.92,6.578125
3ffp,7.14,7.1640625
3vsx,8.85,8.8828125
5e1e,7.66,7.4453125
3nq3,3.78,3.6386719
1w1g,7.68,7.7578125
1ow4,5.68,5.5429688
3s8l,5.64,5.7109375
5axp,9.03,9.125
4eh4,2.81,2.5410156
3q2a,5.3,5.9179688
4gdy,7.08,7.5390625
4ql1,7.03,7.2070312
2hvc,8.82,9.34375
1g2a,8.0,8.1015625
2vtj,5.72,5.9960938
4zlz,7.0,6.9101562
4ke0,7.77,7.8203125
4joe,3.56,3.9082031
1tsv,4.8,4.859375
4cgj,2.84,2.7363281
1jif,6.2,5.8789062
3b8h,4.2,3.6855469
4hmk,6.1,5.953125
4o44,7.85,7.2617188
3faa,8.15,8.0390625
3asx,7.7,6.6445312
1r1i,8.54,9.0703125
4b0g,7.82,7.671875
4ogn,10.0,10.2890625
1yc4,6.55,6.0742188
4g8n,7.2,7.0507812
4etz,6.3,6.8085938
3rm8,6.15,5.4296875
1oz0,7.7,7.1367188
1uh1,5.48,5.359375
4twy,3.97,4.5585938
2gbf,7.92,7.7070312
2qmg,9.15,8.9140625
1sqc,6.85,7.625
3itu,4.4,4.59375
3ipe,6.82,7.2734375
3g4i,9.04,8.9765625
5aok,2.7,2.6992188
1ek1,7.77,7.8828125
1t7f,5.74,6.0625
3veu,7.26,7.5546875
1aku,6.13,6.7421875
4q9o,5.77,6.2304688
4oks,4.48,4.1445312
3zev,8.64,8.2421875
4ael,7.92,8.09375
5cgd,9.3,9.015625
4umn,7.2,7.9960938
4eg7,7.34,7.2148438
2aoj,4.66,4.2851562
3aox,9.08,8.8125
3k26,3.4,3.6621094
4bah,8.7,8.5234375
1h27,5.6,5.6640625
2uxx,3.3,3.6230469
5auz,4.01,4.0390625
1h8l,7.47,7.8710938
3th8,6.25,5.8046875
3vb4,4.31,4.3125
4q6d,7.36,7.0390625
4ju4,6.47,6.328125
2pbw,8.25,8.125
4c6z,3.45,3.3144531
4to8,1.24,0.5546875
2gd8,7.41,7.2734375
1ghy,8.1,8.7265625
4tmp,5.43,5.453125
4rll,5.02,4.9765625
4jq8,8.1,7.9335938
4zg7,8.7,9.625
4pji,3.7,3.5273438
1g9r,5.7,5.6210938
3hhk,8.22,8.3515625
2jiu,7.56,7.1015625
4eh3,3.53,3.0683594
1qw7,3.6,3.671875
2q7o,7.92,8.3984375
4b2d,3.7,4.5546875
4ehg,7.19,7.03125
3th0,4.12,4.6015625
4rj7,7.66,7.0234375
4mq1,7.92,7.984375
2g70,7.77,7.9179688
1a85,4.52,4.328125
3sbi,7.92,7.8671875
2jh5,6.44,6.484375
4yl3,8.15,8.125
5cgj,5.22,5.5390625
2o4j,10.1,9.7734375
4kln,7.7,7.1796875
4flh,9.0,8.859375
1ywi,3.43,3.9316406
3r0h,5.92,6.328125
4ylj,8.22,7.9726562
2r3p,6.05,6.0234375
4i12,6.39,6.5
4jlj,6.13,6.4257812
3v4t,4.11,4.2695312
3qtv,4.65,4.703125
4azp,5.9,5.859375
2xo8,4.33,3.765625
4mds,5.21,5.0429688
4jg8,8.6,9.2109375
4mwx,7.12,6.703125
4xgz,7.62,7.5351562
2kfx,4.0,3.5742188
4wt6,7.92,7.9921875
4htx,8.33,8.515625
1c3x,3.68,3.5078125
4oho,7.77,7.59375
16pk,5.22,5.1796875
4iuu,5.65,4.9023438
4abe,3.4,3.0683594
2qwb,2.74,2.7402344
4ab9,3.33,3.609375
3g45,8.36,7.9453125
1rhu,8.52,8.5859375
4gk2,8.8,7.9257812
1fgi,5.0,5.3945312
1jn4,4.95,5.3359375
4bo7,7.0,7.1484375
3m59,5.24,5.1953125
4eoy,6.49,6.484375
3f9y,4.49,4.0703125
2r3h,4.7,4.5117188
1xp9,8.89,8.046875
4kii,6.23,6.3359375
3s7a,8.96,8.890625
2ves,7.7,7.5859375
2pr9,7.37,7.9296875
3iqh,4.59,4.9414062
1o2u,5.85,5.9960938
2igy,6.95,7.0859375
4mbc,6.4,6.4140625
5c6p,3.7,3.5703125
3i5z,8.7,8.828125
5ar8,8.1,8.2421875
4ono,5.19,5.3515625
4url,6.3,6.4609375
4rab,7.4,7.0
3coh,8.4,8.8125
4mcc,6.25,5.8789062
2y1n,4.77,4.2460938
4mm8,6.11,6.53125
5bot,4.41,4.4101562
1gjb,6.35,6.8203125
4jog,3.72,3.6699219
3gpe,5.74,6.1132812
3kgt,5.51,5.0507812
2g79,6.92,7.1835938
2mkr,6.27,5.9960938
4cix,4.47,4.7539062
1juj,6.96,7.0429688
4eki,10.0,10.5703125
3gf2,1.7,1.5449219
3k22,7.9,8.28125
2zof,8.15,8.890625
2c1q,13.0,11.765625
1tkb,8.0,8.015625
1gww,3.59,3.7167969
3hv6,5.64,6.2617188
4nka,6.51,6.4375
1qb1,6.77,7.5195312
2zq1,6.62,6.9921875
2nxm,5.19,5.1484375
1x38,8.77,9.703125
2wib,4.93,4.8476562
1l8g,6.22,6.4492188
4eg4,7.89,7.7539062
4rux,7.92,8.5625
2r38,7.44,7.015625
4wyp,3.36,3.3554688
4qqc,7.34,6.9804688
2xg3,4.74,4.2265625
3djx,2.81,3.1171875
3pkc,6.02,6.5859375
3fu6,3.97,4.25
4d8i,6.69,6.2382812
3qup,6.32,6.40625
4urw,2.8,2.4726562
4int,5.8,6.0429688
4o61,4.3,4.7890625
4umt,6.14,6.46875
4mdt,5.0,5.7109375
1xoe,7.39,7.1484375
4no8,7.15,6.9375
3d9z,8.7,9.046875
1apb,5.82,5.7109375
4ega,7.19,7.5742188
2ybp,4.62,4.765625
4yll,6.92,6.7695312
3ft3,7.36,6.5625
5aol,2.32,2.3710938
3vw7,8.1,8.734375
2k7l,6.15,6.6640625
2aac,2.22,2.296875
4nxu,5.54,5.34375
4owv,4.35,4.4101562
4kby,6.73,8.0546875
2jkq,8.11,8.3671875
4ynb,10.37,9.40625
4acg,9.66,9.2421875
4ca8,6.68,6.546875
1uyc,4.39,4.2382812
2jfz,5.24,4.8710938
2vcq,6.04,6.0351562
2xef,9.84,9.5703125
4jyu,8.0,7.859375
4zsa,7.82,7.796875
4gw1,6.37,6.09375
2h4n,8.7,9.078125
1xh5,5.47,5.8632812
2be2,8.7,8.265625
1lqd,8.05,7.1015625
4q06,7.66,7.328125
1k08,5.34,5.6054688
1i9m,8.48,8.7109375
1r58,6.96,7.046875
4cu1,4.71,4.890625
3udm,4.48,4.1875
1gfy,5.08,5.1054688
3hng,6.74,6.3867188
2g1y,7.05,7.5742188
3h78,4.24,3.6582031
4djh,9.49,9.640625
4lg6,6.74,6.9648438
3ee2,4.19,4.0898438
3dx3,6.52,6.8867188
3r21,6.74,6.8125
1o35,5.0,5.078125
3v0l,5.52,5.53125
2pql,7.28,7.1914062
4j0y,6.36,6.8320312
2cgf,6.41,6.3085938
2bw7,5.7,6.3945312
4apr,6.7,6.5976562
2xn5,6.69,6.2460938
1f1j,8.8,9.34375
1oe8,5.52,5.3984375
4knx,5.49,5.5078125
5afm,4.15,4.40625
2bdf,7.17,7.4335938
3d6p,3.75,3.7050781
2buc,7.0,7.671875
2c0o,5.91,6.0039062
4css,8.46,8.328125
3r7q,6.97,6.7460938
4o07,7.38,7.2070312
4zz3,6.0,5.6171875
3djo,4.39,4.5820312
4ng9,7.12,7.3398438
2xne,6.72,7.09375
4y2q,2.92,3.7539062
2vwu,6.46,6.9609375
5dhg,9.14,8.71875
1kv5,4.22,4.6015625
4nvp,7.57,7.4414062
3zqt,4.41,4.3710938
4fli,5.44,5.3398438
4mww,3.67,3.9335938
4h71,4.45,4.4453125
2ydt,5.52,5.7773438
2m3o,5.3,5.2578125
4ibe,4.15,3.9160156
3uf9,2.11,1.8417969
4h42,3.47,3.75
3ml2,8.05,8.6640625
5aag,7.34,7.6875
4gw5,5.46,5.96875
8a3h,4.06,4.0625
4lzr,4.7,4.9296875
3wti,5.9,6.2304688
2jmj,5.04,5.7070312
2q80,4.6,4.34375
2ylo,4.88,4.7773438
4jr0,8.2,8.984375
1x8t,7.8,8.5234375
2wc4,5.29,5.9257812
3gi4,10.8,10.296875
2i4t,9.0,9.1796875
2ank,7.33,7.609375
2r6w,9.36,9.4765625
1ow7,5.4,5.4960938
3bu6,5.89,7.0859375
2byr,8.55,8.875
2vj9,6.74,7.6523438
3tt4,8.28,8.03125
3wd1,7.66,7.2109375
3cvk,8.0,8.1953125
3thd,4.05,4.25
2lkk,6.7,6.9023438
2w1f,8.23,8.53125
3shy,7.04,7.6875
2lgf,5.57,5.6992188
3mvm,8.41,8.171875
3fq7,2.52,3.2578125
3bbf,5.28,4.7734375
4mjq,3.71,4.0078125
1npz,7.89,8.0390625
3zmg,7.64,7.65625
2a58,4.92,4.9492188
4as9,4.79,5.21875
3ryv,7.07,7.4453125
2xas,5.89,6.9101562
3pka,6.27,6.6289062
2i4j,6.16,6.2148438
2ygu,6.49,6.1132812
2ow7,4.85,6.2382812
1a07,6.4,6.09375
3gbe,5.0,5.0273438
1c9d,6.3,6.921875
1aqj,6.47,6.3085938
4e20,8.22,8.8125
4dju,5.44,5.7578125
3zmi,5.95,6.0664062
4z89,4.69,4.9609375
2xnn,4.3,4.171875
4x0u,7.4,7.25
1m2r,6.46,6.0117188
2dbl,8.7,9.03125
2ez5,5.52,5.0390625
2y76,6.36,6.5390625
3l38,7.0,7.3203125
2jo9,4.28,4.546875
1zlv,6.15,6.6015625
3tge,10.15,10.2734375
1qm5,5.82,5.9921875
2b9a,8.05,8.3046875
4loh,6.96,7.1210938
5ap7,6.29,6.7539062
2h2h,4.98,5.4296875
1f0u,7.16,7.3476562
3nyx,7.49,8.359375
1c5q,6.36,5.8476562
2y5k,6.66,6.8398438
5a46,7.66,8.265625
1tsl,6.15,6.0507812
1l5q,3.97,3.7714844
1fv9,5.0,4.7109375
2w6q,4.6,4.2734375
4e3m,9.7,10.0390625
3hww,7.12,7.71875
3kf4,9.3,8.578125
4y8d,8.05,8.7109375
1hxw,10.82,11.0390625
4m5r,3.0,3.0097656
4e81,5.24,6.0
1w22,6.76,6.9921875
2o7v,5.96,5.484375
3ehx,7.6,7.2851562
1pdq,5.3,5.5507812
3gpo,5.3,5.7070312
4xhv,4.3,3.8457031
4fny,7.8,7.3125
3n46,4.3,4.5585938
1s4d,6.49,7.0546875
3rxl,2.62,2.7871094
3zvy,5.1,5.6953125
2boi,4.32,5.1132812
3mfv,2.52,2.75
2x39,8.66,7.8867188
1xh7,6.82,6.7382812
3vfq,5.19,5.28125
4jda,6.29,6.2539062
3vva,9.32,8.921875
2yir,9.77,10.3203125
4y2v,4.04,5.1210938
1elc,6.66,7.171875
4r4i,6.27,6.09375
1t7j,8.7,8.71875
3ddp,7.14,7.1171875
1nw5,5.21,5.6992188
4dmn,5.64,5.8789062
3tku,5.72,5.90625
4dxj,7.42,7.5273438
4ehz,8.0,8.0078125
3l0e,8.0,8.296875
5afn,4.47,4.8125
2chz,7.8,8.1796875
3qsd,7.19,6.9609375
4dvi,6.72,6.953125
4yo8,10.52,10.9921875
2zx5,12.33,12.0703125
1ftj,6.09,6.1210938
4i7j,3.32,3.4121094
1cps,6.66,7.1289062
4rd3,6.47,7.2070312
2pzy,7.47,8.0078125
3rxg,2.15,2.0625
1mmq,7.52,8.0234375
3f8c,7.68,7.578125
4aj2,2.38,2.3105469
4pni,6.09,6.3007812
3oy0,8.0,8.1796875
4j51,6.59,7.0976562
4lkt,5.9,6.0898438
3e63,5.8,6.5664062
2zz2,4.54,4.234375
1rgk,4.31,3.6132812
4z2b,7.76,7.875
1ke0,5.38,5.3671875
3cde,7.66,7.6445312
4ce2,3.84,3.5878906
4zpf,6.74,6.4960938
2xzq,6.59,6.546875
3g2t,7.0,7.2304688
2vl4,6.01,6.3125
1r1h,8.92,8.625
2oah,7.96,9.0234375
1leg,7.95,7.65625
1r0x,3.83,3.3847656
1c5x,6.68,6.4101562
5alh,7.07,6.9375
4r1v,9.0,8.96875
2q7y,4.3,4.4921875
1l6y,3.66,4.1289062
3agl,7.8,7.09375
4bvb,4.48,4.5976562
2wtj,6.15,6.5546875
4g2w,8.8,9.140625
4c73,4.92,4.8828125
1czo,4.55,4.6054688
3dz6,7.82,8.2109375
1a86,4.0,3.71875
4p1r,8.39,8.8984375
3b7u,7.74,7.4453125
1o41,3.05,2.6132812
4ele,7.88,8.3125
1qj1,8.05,8.0234375
2va7,6.7,6.9023438
3lp0,6.96,6.8710938
3tpr,7.7,8.203125
2c97,6.14,6.0664062
2a14,5.7,5.515625
1wht,3.7,4.0507812
3k9x,8.4,8.4375
1b6p,8.52,7.7734375
3byo,8.15,8.5078125
4d8n,5.74,5.6328125
2znt,9.3,8.28125
2pem,3.64,3.7949219
1mm7,7.7,7.8515625
2w9i,7.48,8.0859375
4f7j,5.24,5.3554688
3isw,4.05,4.015625
3bvb,5.49,6.0273438
1w25,6.3,6.2226562
2wkz,8.77,8.46875
1h37,7.23,7.3554688
4iti,6.36,6.703125
4nuf,5.3,5.7539062
2vj8,8.7,8.421875
2hz0,6.48,6.7578125
2zju,5.81,5.6523438
4vgc,6.9,7.3476562
3bzf,4.52,4.6210938
1ukh,6.38,6.7148438
3myq,7.52,7.5507812
1ik4,7.41,7.7304688
4l4l,8.3,8.59375
5ale,5.95,5.9804688
2e9d,5.89,6.2304688
3su2,7.35,7.0078125
4kon,6.48,5.765625
3ctr,5.16,5.2226562
4wmx,4.85,4.1796875
2in6,7.64,7.4453125
2qhr,7.39,7.5078125
4yuz,5.04,4.9921875
4op3,8.15,7.546875
3itc,1.6,1.1064453
1br5,2.7,2.3925781
3ujd,4.69,4.8085938
3coj,5.28,5.328125
2i4z,5.7,5.1601562
2p3b,8.48,8.265625
3lcd,7.4,7.3867188
3qi3,3.78,3.9472656
2a4l,6.4,6.3007812
3q2g,8.46,8.5703125
3fmr,7.97,7.8789062
5ct1,1.52,1.1308594
3bbt,6.15,6.3164062
4c52,5.68,5.1953125
4czs,5.0,4.890625
2chm,8.26,8.1796875
3mle,5.24,5.984375
2jdu,6.72,7.046875
7gch,5.7,5.9960938
1yms,5.92,5.84375
1vjd,3.54,3.8671875
5ak0,7.68,7.6796875
3s43,8.6,8.8984375
1yqy,7.62,7.0039062
2pq9,8.11,7.4179688
2vpp,6.12,7.0859375
1xxe,5.41,5.6757812
3su3,9.13,9.3203125
3odk,3.14,3.6035156
1dmt,8.7,9.953125
4p6g,8.11,7.6523438
3tu1,6.6,6.84375
4u6e,3.3,3.8730469
2xu5,6.89,7.8945312
2jiw,4.59,4.9296875
1h9l,3.12,3.3945312
3atk,2.85,3.2597656
2wqp,5.51,6.046875
3skc,8.8,9.5625
3ui2,6.37,6.2265625
4up5,2.6,2.9726562
1h79,4.89,4.96875
1wax,4.07,4.0820312
1n94,8.96,8.8828125
4e28,5.89,6.359375
2z60,8.05,8.8671875
2boj,5.77,5.6054688
2mpa,8.04,7.7890625
4cfe,7.22,7.3945312
1k6t,7.62,8.2421875
4ztl,5.92,6.2148438
4nwd,5.4,6.0664062
5hvp,7.7,7.3398438
1owe,6.2,6.6445312
2rk8,3.64,3.3769531
3r7r,8.74,9.796875
3v2x,5.35,5.0195312
1lcp,6.64,6.8242188
2vmf,5.85,5.8476562
4x8p,5.48,6.4335938
4bqs,4.21,4.3320312
1qnh,6.06,6.8125
3g15,7.0,6.7695312
3umx,6.62,7.2109375
1ikv,6.28,6.9375
4ngh,7.52,8.109375
1pph,5.92,6.1601562
2v83,4.47,4.2109375
1rgl,4.43,4.9570312
4hcu,8.0,7.9882812
4fri,5.55,6.5078125
1p03,8.19,8.6953125
1v0m,5.1,5.6875
3ivh,7.33,7.7226562
4ufz,6.31,6.6210938
4ciz,7.29,7.203125
1gah,12.0,12.859375
4tmr,7.22,7.5898438
5c7f,3.98,4.1757812
2q3z,7.22,8.0546875
4qw0,5.14,5.0976562
4bo0,6.7,6.8828125
1jdj,2.3,2.7441406
1xb7,6.22,6.7109375
4bdb,4.07,4.2109375
4u0n,5.77,6.0351562
1f92,6.19,6.3632812
3cph,6.48,6.5898438
4pow,6.3,6.9921875
3huc,5.99,6.3945312
3p9j,7.51,8.09375
4ezx,5.8,6.3320312
3rg2,4.2,5.3320312
3ans,6.25,6.484375
1sps,8.52,9.015625
5aes,2.89,4.0351562
3rwe,7.37,7.6015625
1p2g,2.13,1.7919922
2vnt,8.0,8.1484375
3cso,5.77,7.3945312
3w07,3.38,3.8125
3sl8,6.54,7.2851562
4cjp,3.32,3.9941406
5ea4,8.11,8.46875
4jn4,5.86,5.5273438
3rz5,7.89,8.578125
4x6h,7.66,7.6953125
4bnv,7.52,8.1875
1d5j,9.15,9.125
2jq9,4.48,4.9296875
1gwv,2.57,3.2226562
3gy7,4.52,4.4296875
2iw8,6.99,7.0234375
1gzg,3.05,3.1230469
3r69,4.43,4.9453125
4mp7,5.74,5.6796875
4nal,5.66,6.2070312
3afk,3.6,3.8554688
1o44,8.52,9.3359375
4b6c,6.16,6.5898438
3s76,5.05,5.6171875
4x3e,5.47,6.296875
4det,5.68,5.9648438
1j19,7.79,7.8945312
4ra1,5.94,6.7460938
1lf9,12.0,11.765625
1iup,2.54,2.5039062
1pdz,3.7,3.2089844
2fsv,4.6,5.4453125
4ymj,7.0,7.3710938
4bdc,4.93,5.1601562
2ow3,8.52,9.5234375
4x3i,3.17,3.1425781
4oz3,4.55,5.3984375
2g5u,8.49,9.578125
4lh3,1.52,1.5712891
3rbu,9.43,9.109375
4bcn,7.92,8.6328125
2e2p,4.74,4.2460938
4oba,9.4,9.171875
3m8t,4.0,4.171875
3wzu,5.89,6.515625
3fc8,5.39,6.3710938
4zpg,7.26,7.046875
2c1b,6.4,7.1171875
3dgo,6.74,6.75
4os6,6.44,6.21875
4lmu,7.26,7.2070312
1gj5,4.96,5.0
1ohr,8.7,9.8515625
3f7h,7.09,8.09375
3e6y,5.6,6.7265625
3qri,9.1,8.9765625
3ezv,5.98,6.15625
1ggd,5.8,5.6132812
4qfr,8.13,8.0234375
3h0y,8.22,8.0859375
2qi0,7.38,7.4453125
1o2y,5.85,6.1601562
2oag,8.47,8.171875
2z7r,9.52,9.4453125
4jzi,7.4,7.1914062
3ppj,8.7,8.7109375
2xxr,6.55,6.6328125
2vta,3.73,3.9433594
4lh7,4.47,3.7539062
4wx6,9.0,9.4375
3g0d,8.3,8.28125
1aq1,8.15,7.8242188
3u18,6.09,6.4335938
3fuh,2.7,3.015625
2jup,3.81,4.4257812
4ccd,4.49,4.7695312
4hbm,7.92,7.8632812
5cqu,6.54,7.3125
3nu9,9.05,8.5
4n6z,7.8,7.6523438
2c3l,5.07,5.2226562
3r9o,4.0,4.0351562
2xbj,8.52,8.90625
2fjp,8.37,8.6796875
3lqi,5.16,5.859375
4lgg,8.52,8.8984375
1qpb,1.36,0.97998047
3dp1,5.0,4.8554688
3tfn,6.57,6.6992188
3da9,5.51,5.7695312
1t13,7.38,7.4023438
1jd0,8.24,8.2421875
1b5i,7.05,7.359375
3f66,6.05,6.7226562
4eym,4.01,4.2382812
4wx4,9.22,8.8828125
3ask,6.43,6.4257812
5ai8,3.9,3.7109375
2yhy,5.6,5.6171875
2baj,8.4,8.3203125
3rtp,8.15,8.6875
1hiv,9.0,9.0703125
3mvh,9.3,10.046875
4itp,7.27,7.34375
1s3k,6.62,6.3945312
2xwy,5.22,5.578125
1h35,7.54,7.9765625
2adu,7.74,7.1367188
3gep,3.75,3.1894531
3nga,8.0,8.59375
2ynr,5.77,6.2265625
3fcl,3.5,3.5878906
4clz,4.37,4.6640625
1u9v,8.22,7.8398438
4ufl,2.64,2.9257812
4kvm,5.05,4.9140625
1nyy,4.68,4.6757812
3fmz,8.08,8.046875
3s0b,6.49,6.9492188
3iww,7.96,8.40625
3tvc,7.74,7.7304688
5c13,6.1,5.71875
4esg,5.56,5.5351562
2p7z,6.58,6.828125
3i5n,7.85,7.7382812
3hwx,7.86,8.0546875
3sgt,3.82,4.2421875
4bnu,7.7,8.3984375
4rwk,7.19,7.2695312
2qhc,8.96,9.5390625
2fvc,7.49,7.5429688
1xos,4.7,4.7695312
2qft,5.26,5.3007812
4b70,5.2,5.8320312
3axm,5.07,5.484375
3a4p,7.55,7.734375
3aau,5.05,5.4609375
3l81,4.53,5.0039062
1fq7,5.43,4.7460938
3sw9,5.38,5.2148438
3wdd,6.11,6.0195312
1pcg,7.6,7.09375
4a4f,2.88,3.0273438
2wpa,8.1,8.25
4umc,3.44,3.4355469
3mz3,7.83,7.59375
1uvt,7.64,7.9960938
3unn,4.4,4.484375
3oui,4.9,5.3789062
2jc0,4.7,4.953125
4tk3,5.1,5.7695312
5er2,6.57,6.8320312
2yem,7.81,7.6445312
4cs9,2.1,2.359375
3h3c,6.85,6.6015625
4o12,8.7,8.234375
4iid,5.62,5.5
4ayt,3.7,4.109375
3g72,9.1,8.8515625
4jz1,6.7,6.9921875
4a95,5.76,5.3867188
3s8o,6.85,6.9179688
4x24,9.78,9.953125
1rzx,4.1,4.5078125
4rrq,5.47,5.6445312
1b32,7.1,7.3632812
4m84,7.31,7.34375
4b3u,5.33,5.609375
3hvc,6.22,6.1992188
1c88,5.29,5.0195312
5fl6,7.36,7.1484375
3sna,4.14,4.1796875
2wks,6.89,7.3398438
3nf7,3.47,3.6328125
4fpk,4.24,4.8203125
3fue,2.82,2.6640625
2v12,9.05,9.28125
2cgv,4.56,4.8632812
1czl,9.15,8.7265625
1btn,4.4,4.1132812
4alu,7.77,7.5078125
3nsh,6.33,6.6484375
3jvk,3.93,4.59375
4urn,4.46,4.515625
2y7z,8.7,8.6640625
1oiy,7.19,6.7890625
1oi9,7.16,7.0234375
2xye,8.34,8.3046875
1oxq,6.3,6.2734375
3rtx,3.86,3.1933594
3lcu,3.52,3.2304688
3rq7,7.77,7.921875
2zjw,7.7,8.1171875
1gnn,5.68,5.2421875
3lle,4.97,5.0195312
3fv7,5.64,5.9570312
2ei6,7.39,7.4335938
1pbk,9.05,9.4140625
4e7r,7.7,7.9414062
4ngr,7.55,7.015625
1nox,7.05,6.578125
2ig0,4.71,4.640625
1ikt,3.4,3.5761719
4m2w,7.28,7.6640625
3zi8,5.66,5.015625
2c5o,5.19,5.1757812
4p5d,5.82,5.6835938
2vhq,3.85,4.4882812
2fl6,7.42,7.7226562
4hlm,6.77,5.8515625
4b4g,6.76,6.3867188
4ge9,8.8,8.9609375
4eox,9.55,8.7578125
4b72,6.2,6.9453125
4k67,3.43,3.1328125
1gvk,3.05,3.296875
2y2p,4.7,4.3671875
3vv8,4.77,4.2226562
2aof,4.55,4.203125
2k00,4.62,4.3945312
2viy,5.74,5.7617188
5bvw,8.82,9.3046875
2zb0,6.62,6.7851562
3ddb,4.02,4.0664062
3sax,6.57,6.6992188
2cf9,7.82,7.6914062
3c5u,8.19,8.5234375
3cpb,4.6,4.6132812
4m5j,4.84,4.8359375
3cf9,4.83,4.5625
3wig,8.64,8.5703125
1o5e,5.74,5.4179688
4gtq,8.3,9.484375
4p4d,5.74,5.359375
1o5f,6.07,5.4960938
2bks,7.43,7.59375
4zhm,8.05,7.4101562
2jsd,7.77,8.046875
4pp3,7.82,7.8945312
2pg2,5.77,5.6914062
1qaq,4.74,4.125
4z8m,7.44,6.9921875
2xni,7.37,6.1953125
1a94,7.85,7.1914062
2qnb,5.34,5.4101562
5ddf,6.17,6.125
2b4m,3.53,3.3769531
1ulg,4.21,4.4023438
3fdm,8.7,8.6640625
1yvh,7.37,7.28125
1rej,8.3,8.1484375
1gym,2.7,2.6816406
1bhx,6.84,6.6289062
2r5q,8.57,8.1328125
4ks4,7.14,6.6328125
1rjk,10.0,10.3984375
2y8i,5.89,6.2070312
4pox,5.43,5.1210938
4glr,9.46,9.3671875
1yw7,5.85,6.0
3qcx,7.2,7.125
3efs,5.34,5.21875
1t4j,5.1,5.0390625
2cng,6.96,7.0234375
2ou7,3.81,3.6601562
2gfa,4.98,5.0
3ej5,3.57,3.3125
1n8u,6.03,5.9296875
1tve,5.68,5.7851562
1xgi,4.85,4.3710938
3m1s,9.0,8.6796875
2yjw,5.12,5.1054688
4kxm,5.59,5.0546875
3m55,6.21,5.9257812
4bbg,8.32,8.109375
3qj0,5.2,4.65625
4dro,5.41,4.8164062
4loj,6.52,6.5273438
1xmy,7.3,7.1367188
3a1e,2.66,2.5859375
3bl7,8.4,7.8046875
2r3g,6.1,5.8945312
3r8z,4.31,3.6582031
3qtz,7.3,7.8320312
4y79,7.96,8.34375
3qqu,8.62,8.5546875
4yt6,7.96,7.8710938
4aw8,7.66,7.8828125
1h26,5.54,5.125
1hv5,8.3,8.421875
3zyr,5.34,5.4921875
4ezl,8.59,8.7578125
5fjw,5.4,4.609375
2ama,8.0,7.1484375
5alc,8.13,7.9453125
1l0a,4.62,4.5859375
5c5t,3.13,3.5820312
4iic,4.85,4.5664062
4e1n,7.17,6.4570312
4bci,8.22,7.8242188
1kzk,10.39,8.875
1c83,4.85,4.625
4alx,7.28,7.140625
3s7m,8.0,7.9375
1i91,8.94,9.1171875
4nmt,4.85,5.0976562
1bwb,8.42,7.765625
3n4l,7.23,6.5976562
4f7l,8.0,7.6679688
3mj5,6.49,7.1132812
2ds1,8.47,7.9492188
4gg5,9.03,8.5234375
1owj,7.32,6.6992188
4okp,2.7,2.8046875
2qtn,3.42,3.5410156
2z4z,5.73,6.3789062
2r3c,5.66,5.5039062
4q6e,6.18,6.5039062
1o49,6.36,6.3085938
3f39,1.78,1.9619141
2it4,1.62,1.4960938
5akl,7.07,7.2773438
2f80,8.18,7.453125
2ha7,3.36,3.2089844
1qbq,8.3,8.2109375
3rl3,7.17,7.46875
2byp,9.06,9.734375
2f7p,6.6,6.4101562
4m7b,6.7,5.8554688
3uol,8.51,8.7890625
1zvx,9.22,9.2578125
4g3g,8.43,8.8984375
3i73,5.49,5.2421875
4jyv,7.77,7.1679688
4lp6,8.27,8.0078125
1rtf,3.04,2.8476562
2w85,5.04,5.0234375
1z6d,2.34,2.515625
3bsc,4.48,4.4882812
2wxq,7.47,7.3828125
4hy4,8.57,8.3828125
1xk9,6.85,6.4609375
1zp5,2.92,2.421875
4oon,7.52,7.8398438
2alv,4.15,4.546875
4bt3,3.12,3.1835938
3b2w,9.22,9.828125
4f1q,4.95,4.6875
3upy,5.62,5.5234375
4ere,8.38,8.203125
1yyy,5.09,5.2148438
3iok,7.96,7.7695312
4ju3,7.07,6.765625
1so2,9.57,8.71875
1ec1,8.92,8.9609375
1amw,4.54,4.828125
4u5v,3.05,3.0976562
3wb5,4.57,5.2695312
3krj,8.96,8.921875
1d4y,11.1,10.4453125
4li6,6.97,7.1015625
4ljh,4.71,5.09375
4a4h,2.77,3.0175781
1zd3,3.3,3.3769531
1bji,8.7,8.75
4o3f,5.56,5.9296875
4ps0,4.04,3.5175781
2vr3,4.98,4.4726562
2sim,3.42,3.3828125
1eve,8.24,7.7148438
4y5h,7.82,7.7304688
1p1o,5.76,5.0390625
3hxe,5.33,5.7773438
3su6,6.02,6.0703125
2who,7.7,7.71875
3otq,7.39,7.6171875
2azb,7.19,7.6289062
4yrg,2.7,2.7265625
2wj1,8.72,9.078125
4wmc,8.05,7.640625
1j7z,7.7,6.5703125
1inf,5.0,5.0390625
1fbm,6.22,6.2382812
4gj7,6.77,7.03125
4hnf,6.15,5.8867188
3f19,7.19,6.9960938
2er0,6.38,6.1601562
4wri,9.01,8.28125
3dp0,5.85,5.8476562
3hit,8.19,8.84375
2wtw,8.19,8.921875
3lpf,6.68,6.5820312
5a3u,8.32,7.7539062
4eon,6.05,5.6171875
4b83,5.15,4.4726562
4hyb,6.46,6.34375
3fj7,3.71,3.5605469
4ucr,3.3,3.3398438
3zly,3.52,3.328125
1nym,5.4,5.6875
2nng,5.36,4.7773438
4wf4,3.11,3.3164062
2is0,6.7,6.5429688
3c6w,5.62,5.2578125
2i0d,12.1,11.2734375
4a4w,7.72,8.0625
3iux,7.6,7.5546875
3atw,7.01,6.546875
3fw3,7.37,7.2539062
3ax5,5.85,6.0273438
5axq,10.1,10.375
3hku,8.3,8.796875
3b2t,5.21,5.1875
4hfp,7.38,7.2734375
4px6,8.4,8.3125
4mt9,10.0,9.34375
3rhx,6.08,5.8125
4n00,8.02,7.6757812
3qpp,7.92,7.8671875
3mqf,5.24,4.84375
4dea,6.59,6.9921875
4xii,6.6,6.6289062
5em6,8.4,8.359375
4h3q,5.1,4.9023438
9hvp,8.35,6.7773438
2jb6,10.96,10.6875
4lyn,7.22,7.1015625
4euv,6.3,6.1484375
4qpa,7.43,6.7265625
2k0x,5.68,5.203125
4mlt,2.85,2.8847656
1ljt,5.15,5.1015625
4pzv,5.7,5.234375
1bty,4.74,5.1015625
4ryc,7.1,6.8984375
2cnh,7.23,6.7734375
4rx8,7.46,7.0078125
1gbq,2.46,2.4179688
1jii,9.0,9.03125
5aia,5.2,5.6210938
3ama,6.53,6.703125
2wsx,2.41,2.2480469
4d1c,5.7,5.4335938
3moh,2.84,3.1210938
4pzh,8.0,7.796875
3hk1,6.17,6.515625
3fsj,3.95,4.1523438
2y8c,6.4,6.1757812
4l2x,7.41,7.3476562
3agm,9.09,8.234375
3zns,7.41,7.9882812
3bv2,9.36,9.234375
2kbr,4.6,4.296875
1a28,8.29,8.484375
4bco,6.88,6.8515625
1b42,4.01,3.6914062
3e37,5.39,6.1367188
1yi3,5.4,5.4570312
3oay,1.7,1.8134766
1utp,1.44,1.4365234
3zsq,4.96,5.3164062
4gv1,8.52,8.6484375
1h39,6.54,6.5273438
2v2q,4.15,3.9042969
3psd,8.52,9.2890625
2az8,8.22,7.59375
3sv2,4.19,4.2578125
2brp,4.0,3.8671875
3ncg,6.82,6.2539062
1n3i,8.89,9.359375
4hrd,8.82,7.7539062
3r5t,8.58,8.46875
1ur9,5.77,5.6601562
4aa4,8.05,8.0546875
1lv8,5.46,4.7695312
5yas,3.26,3.0
4j06,5.34,4.9648438
4o3b,6.09,5.4414062
3wbl,4.64,4.6171875
1wbv,3.79,3.6757812
2qiq,4.1,4.2578125
3ejs,6.6,6.6757812
3q4j,6.21,5.6796875
5std,10.49,9.7265625
1b56,6.1,6.3632812
2j7d,7.13,7.5078125
2jh6,7.77,8.3125
3dy6,6.9,6.9960938
2ohp,4.03,4.3164062
4lke,5.37,5.0898438
4pd7,3.92,4.1484375
4ef6,2.92,3.0507812
1fpi,5.89,5.8789062
1ove,9.13,8.8359375
1v7a,8.01,8.0390625
2w54,6.98,5.7617188
3sgx,5.49,5.7578125
4ba3,5.54,5.4726562
4yas,3.41,3.1679688
4nan,4.72,4.9609375
1b7h,8.02,6.8632812
2gh9,6.0,5.515625
3gi6,11.22,10.6875
4k6i,6.2,6.1796875
2on6,6.76,6.609375
1lst,7.85,7.921875
3iu7,4.8,5.5234375
1thl,6.42,7.1484375
3ibc,4.91,4.65625
4g0a,7.6,7.0234375
4jyc,6.7,6.875
5ak2,8.41,8.7734375
3v2o,5.31,4.9101562
3qbn,8.23,7.8710938
2q63,7.18,6.4882812
1h0a,5.44,5.3632812
3uvq,7.77,7.4882812
3jy0,8.3,8.359375
1w12,7.85,7.0585938
3tc5,5.17,5.7109375
3sx4,8.52,8.578125
3adv,3.03,2.8085938
4uil,7.24,7.078125
3b82,4.43,4.109375
3bh8,7.95,7.2617188
1eat,7.82,8.0
1pxm,7.22,7.1328125
4dpf,6.4,7.1914062
2zo3,10.0,10.171875
2c5y,6.6,6.234375
3iwy,7.28,8.0234375
3pvw,7.27,6.6289062
3txo,8.05,7.8828125
5azg,5.54,5.59375
4ppc,9.03,9.6796875
2fwp,2.92,3.0957031
4jv7,6.0,6.015625
4j7e,4.85,4.9492188
3k48,6.31,6.2578125
2r3m,8.0,7.75
2fl5,8.74,9.0390625
1b2i,5.51,5.15625
4r6v,7.45,7.5585938
3n7h,4.5,4.8789062
1ft4,6.57,5.9023438
4j3d,8.28,7.828125
4oty,7.4,7.90625
3rwp,9.22,8.7890625
3wfg,6.92,7.3671875
1z1r,9.22,9.5625
4pd6,4.44,4.8046875
1inh,2.3,2.6328125
3au6,7.92,8.1953125
3uih,3.92,3.734375
3k83,7.66,7.7539062
1wxz,8.07,7.8359375
1bqo,7.74,7.5273438
2wk6,3.32,3.3535156
2ot1,4.0,4.0585938
3emg,8.05,8.1171875
4qag,5.32,5.6796875
2x8e,7.85,8.1171875
1dzj,5.89,5.9570312
1swi,3.1,2.7773438
3jzc,8.53,8.8984375
2ydo,7.51,6.9140625
4r4q,5.09,5.4960938
2ay8,2.24,2.2109375
1pmn,8.15,8.796875
3eio,6.65,6.609375
1wqv,6.89,6.9804688
4at4,7.92,8.421875
3rwj,7.8,7.421875
4dpy,5.37,5.7265625
3l7a,4.33,4.5976562
2ewa,7.94,8.234375
3zcz,6.77,6.5078125
2wxn,7.68,7.96875
4nnw,6.61,6.765625
1b52,7.12,7.2578125
3f38,2.62,3.28125
4nxo,7.22,7.5351562
2r9m,8.82,8.546875
2xbw,8.0,8.3671875
3zk6,6.34,5.75
1yt9,8.3,7.9101562
2zm1,6.66,6.8046875
3vx3,7.82,7.734375
4dgr,5.04,4.890625
2zvj,5.74,6.1914062
3fci,5.89,5.7421875
4x8n,6.62,6.2929688
4z2i,7.44,7.6796875
8cpa,9.15,9.0625
1o37,6.82,6.7460938
3arn,5.41,5.9453125
2uw5,7.51,8.7734375
2v5a,6.82,7.0117188
3gwx,5.4,5.4179688
2fhy,5.96,6.109375
3s72,6.4,6.4726562
4pd8,6.03,5.6875
2vev,6.52,6.828125
3rcj,6.1,6.4296875
3qkd,8.38,8.015625
4pyo,4.52,4.8125
3qzq,5.64,6.1328125
4wrb,6.19,5.9570312
2aoc,4.89,4.6757812
1uyk,4.77,4.7265625
1oit,8.52,9.09375
4d63,1.64,1.2548828
1gqs,6.3,6.515625
2c4v,2.6,2.7304688
2fci,7.15,7.1523438
2a3a,2.82,2.7382812
2xs0,5.15,5.140625
4qz7,5.65,5.7929688
3qcq,6.8,6.9257812
3owj,6.07,7.0664062
3m89,6.16,5.4179688
1wzy,6.25,6.0546875
2w8g,6.0,5.6445312
4hxl,5.66,5.8867188
4p0x,5.92,5.8710938
4aph,5.4,5.203125
4orx,3.53,3.7460938
3te5,4.91,5.9257812
2f71,5.6,6.2304688
2vgc,5.24,5.5585938
1mtr,8.4,7.65625
4cik,6.43,6.7460938
4hzt,6.12,6.8515625
1thz,5.15,5.5507812
2z1w,4.08,4.4414062
4i8x,2.64,2.9980469
2ceq,7.28,6.9609375
2hdr,1.72,2.1640625
4mw4,6.5,6.4296875
4yab,5.07,5.3125
3rxm,3.63,3.5410156
1lb6,4.08,4.3710938
4o71,4.74,5.1015625
4yux,3.74,3.7265625
1ll4,7.22,7.0273438
2cf8,8.1,8.8359375
3c1x,7.35,7.8671875
4o2e,8.0,6.5078125
4mw1,7.72,7.8789062
4xx3,7.25,7.8867188
4k6u,4.14,4.296875
2rox,4.98,5.1484375
4b14,6.22,6.6445312
3ll8,6.4,6.0898438
3u51,5.51,6.1132812
2etr,6.82,6.8554688
2vtn,6.07,6.0117188
1rwq,10.0,10.34375
3wyx,8.37,8.4296875
4len,7.4,7.4101562
5cas,8.85,9.03125
3sl0,2.7,2.7597656
3f35,3.16,3.2871094
2of2,6.68,7.4960938
4y2p,2.66,2.8671875
1ogg,5.19,5.1210938
2vtp,8.52,7.75
4qb3,5.47,5.3007812
2j95,8.4,8.8515625
1jvu,5.15,4.8398438
3b1t,5.66,6.0625
1qiw,7.74,8.3203125
2obf,8.85,8.96875
1ugw,3.09,3.1230469
3r0i,6.92,7.078125
1y91,7.23,7.4140625
4zwy,8.7,9.3046875
1c5f,6.07,6.3710938
4q1a,9.3,9.6796875
3v51,8.55,8.203125
2gvf,7.6,7.375
1hyo,4.07,4.4101562
4x6y,7.72,7.6171875
1g3e,5.38,5.375
4o97,8.52,8.796875
3cyu,7.22,7.7109375
4fck,1.26,1.3242188
3alt,2.92,2.78125
3uil,6.0,5.6992188
5cxz,6.26,6.1132812
2ha0,4.43,4.2382812
4cfl,5.88,5.6210938
4oyp,3.0,2.8222656
3qcj,6.3,6.640625
3fvg,6.89,7.5039062
3f9n,5.89,6.5390625
4ps3,8.7,9.328125
2hy0,9.19,9.3984375
3ueo,4.03,3.9511719
3dpc,4.36,3.9746094
1ke8,6.0,5.8476562
3zxe,3.35,3.8789062
1mto,6.96,6.6835938
4qh7,5.94,6.5390625
4p90,7.19,7.7226562
3gjs,4.99,5.140625
2ax9,9.52,8.7421875
4o2c,8.0,7.2382812
1xs7,7.6,8.21875
3fl5,7.28,7.3710938
5cfa,6.54,6.4296875
3o9l,9.66,10.125
1bux,4.85,5.1914062
2vpg,5.68,6.3828125
4bjx,7.66,7.65625
5d9p,3.2,3.2070312
3q44,6.31,6.6367188
3cib,7.85,8.09375
1zsb,0.6,2.2734375
3d7d,7.85,8.328125
1rw8,6.76,7.3164062
3i7i,6.21,6.6171875
1zgb,8.06,8.5625
2r7b,7.22,7.4765625
1kv2,10.0,9.6171875
4u73,5.18,5.3515625
2i0y,7.62,7.7773438
3sow,5.14,5.25
1jjk,11.06,11.3828125
5eds,5.54,5.8125
1t79,6.04,7.0078125
4jdf,2.19,1.9619141
3q1x,5.33,5.0585938
4el0,4.49,4.3554688
2pcu,3.04,3.8320312
2hpa,4.6,4.8671875
2r2b,4.2,4.1289062
3ogx,6.48,6.765625
4pra,5.66,6.453125
1qx1,2.12,2.8984375
2vwy,7.05,6.90625
1hk2,6.77,6.5976562
4nnn,6.57,6.4648438
3udd,7.1,7.4375
2fuu,5.57,6.3359375
1nhz,6.08,6.1640625
4ejl,5.14,5.1171875
3djk,10.59,11.28125
2bes,4.24,4.3828125
3k3h,7.06,7.6875
5alt,4.88,4.8710938
4wph,5.8,6.9570312
4m2r,8.49,8.71875
4ikr,6.23,6.3554688
2o9k,4.11,5.21875
3kag,5.18,5.4921875
3fzr,7.96,8.2265625
3ce0,6.15,6.7929688
1o9k,6.47,7.1757812
3vbx,4.77,5.2304688
4dk5,8.4,8.875
1eef,2.92,2.8632812
2h4k,5.49,5.34375
3rv6,4.68,5.0117188
1t1r,5.4,5.5664062
2hmv,7.7,8.140625
2hdx,6.26,6.3828125
1kcs,7.0,7.15625
2xu4,6.47,6.6953125
3i3d,1.99,2.4179688
1xuc,7.14,7.2148438
1dub,5.8,6.34375
2a31,1.01,0.90234375
3fc2,9.06,8.984375
2r0y,3.0,3.4746094
2bgn,5.7,6.7304688
3tif,5.38,5.9609375
3tlh,8.82,9.6015625
3vf8,6.82,7.1523438
3mj1,7.82,8.2734375
1nc6,8.0,8.3984375
4ipi,5.32,5.0742188
2ykc,6.11,6.7539062
2ccs,5.7,6.09375
4p6e,5.89,6.046875
1uy6,3.7,3.9375
3ap4,3.92,4.2617188
4azc,5.86,6.1015625
2qpj,6.35,7.453125
2xqq,4.82,4.953125
3q5h,6.25,7.4179688
5d12,7.37,7.4804688
4tun,5.41,5.640625
1q41,7.66,7.625
4h2j,5.32,5.9140625
4rrn,7.32,8.125
2zx7,10.49,10.9296875
3itz,8.85,8.5703125
3usn,6.15,6.2421875
3vzd,6.3,6.5
3iaf,2.92,3.3925781
1v11,3.98,4.0546875
3dst,9.08,9.1484375
4h4e,6.68,6.9257812
4mc9,9.44,9.2265625
5aux,5.0,4.875
2iyf,3.75,4.9257812
4dt6,7.23,8.109375
4d9p,3.84,3.3476562
1kll,5.2,5.3046875
2xix,2.3,2.5410156
2cma,6.73,6.8203125
2c1a,6.77,7.3632812
4u93,7.89,8.4140625
3p8h,5.3,5.5820312
4zun,4.59,4.734375
5alv,4.36,4.3710938
3v7s,7.05,7.9296875
4jjg,8.7,8.5234375
3ta1,3.25,3.5898438
1q4x,9.48,10.1171875
4mr3,5.94,6.40625
4zlo,4.92,5.0625
3zha,6.0,6.3984375
3dsu,7.03,7.9648438
2yiq,7.9,8.1171875
3ijy,6.04,6.3945312
4l7h,3.7,3.8066406
2vhj,3.9,3.3730469
3i6z,7.3,6.7929688
4tjw,6.02,5.9414062
4zph,7.51,7.3203125
1atr,6.96,6.5585938
4lte,7.22,7.3320312
4w57,4.85,4.5742188
3btl,5.96,6.0703125
2f6j,5.57,5.7226562
4gsy,6.92,6.8164062
3kyg,7.46,7.609375
2odd,3.96,3.6171875
3ms2,3.72,4.109375
2xgo,3.0,3.0449219
1v2r,3.55,3.1171875
2w1e,7.92,7.5703125
2imb,4.22,3.9042969
2xm8,6.8,6.90625
2pmn,5.2,5.6015625
3gfe,8.49,8.265625
4u6w,4.21,4.5976562
5ajz,5.7,5.765625
1q63,5.85,5.6640625
2qtg,5.08,4.6328125
3s22,5.46,5.0976562
4ow0,6.82,6.4140625
2jh0,8.7,8.6875
2isv,7.43,8.15625
1jg0,5.3,5.2929688
3vhk,4.6,4.65625
2ovv,7.92,8.6796875
2z5t,5.62,5.265625
3eyf,7.03,7.5390625
2wyi,4.74,4.7734375
4nh9,6.43,6.4804688
4civ,4.95,4.6328125
3kqb,9.3,9.546875
1kr3,5.0,5.3710938
4hy9,7.1,7.1054688
5c4o,8.21,8.7421875
3qw8,5.1,4.7265625
4kbc,7.85,8.09375
4mg5,5.34,5.390625
2bow,4.0,4.3164062
4wy1,5.29,5.2773438
3ipu,7.32,7.5820312
2xnp,6.44,6.2304688
2ql5,8.1,8.2734375
1v0p,6.89,7.140625
1gx0,4.22,4.6992188
4jht,4.99,4.3085938
4djw,6.28,6.0703125
2nww,5.48,5.1679688
2uz9,5.71,5.2148438
4x9w,6.85,6.9648438
4mc2,8.19,8.046875
2vfk,3.71,4.0625
4hod,6.1,5.7695312
1zpc,6.6,6.875
3bum,6.49,6.0429688
3pj2,5.14,5.0585938
3i0s,9.0,8.7734375
1x8b,7.01,7.3203125
2vnp,9.92,10.3515625
2zlf,4.51,4.40625
1heg,7.74,7.515625
4iqt,6.11,6.21875
2g9r,6.08,5.4335938
3osw,6.15,6.3359375
3qpo,6.61,7.28125
5e1s,7.92,7.7070312
3psb,8.52,8.4140625
1fyr,5.62,5.5351562
3zze,8.89,8.6875
1qi0,2.35,2.6699219
2er6,7.22,8.2109375
4oew,6.82,6.8984375
4yz5,2.83,3.4492188
2xaf,4.64,4.4609375
3io7,7.77,7.4140625
3vje,8.01,8.1015625
4eb8,9.82,11.0078125
1gwm,4.1,4.03125
1dbj,7.68,7.6015625
3d2e,6.42,6.25
4ln7,7.39,7.7109375
2wyn,5.55,5.2460938
2il2,7.1,7.1328125
4b60,5.43,5.8125
3bmy,7.52,8.0625
4mg9,5.68,5.4726562
1tft,8.3,7.6132812
3mo5,6.87,7.4101562
2xvd,8.7,8.6796875
2y9g,3.77,3.8085938
4e1e,6.31,6.6289062
1cpi,7.41,7.0117188
2gcd,5.52,5.5195312
3o9f,12.7,13.109375
2d06,4.08,3.6113281
1z3c,4.0,3.2460938
2xwe,6.02,5.984375
2vcb,5.26,5.3867188
2z50,4.95,4.6992188
1fcy,8.52,8.8203125
1k1y,3.22,2.9003906
3db6,6.14,6.2890625
3cen,8.26,7.890625
3vru,10.0,9.296875
3nes,5.62,5.71875
1b6k,8.74,8.984375
3imc,2.96,2.8046875
2ra6,4.52,4.6601562
4awq,6.32,6.6992188
3zo4,6.83,6.9140625
4qn9,4.41,3.9023438
3oev,8.13,8.46875
2r6n,9.0,8.53125
3eta,7.85,8.296875
2hwo,6.9,6.8789062
3h2f,4.06,3.9863281
4fxy,7.54,8.0078125
3cf8,4.9,4.5703125
4ie6,5.55,5.5625
3cjo,8.66,8.4609375
3jzp,6.6,6.2304688
4gs6,7.15,6.5
1oq5,7.68,7.8359375
4p2t,5.43,5.8945312
3th9,7.7,7.8398438
4o5g,4.3,4.515625
4aq3,7.43,7.484375
4r5n,7.12,7.3398438
2b1i,6.82,6.453125
2anl,6.96,6.9453125
2qmj,4.21,4.4414062
4wsy,7.77,7.6601562
3juk,4.89,5.8203125
2bz6,7.09,7.4570312
4ehr,7.89,7.9179688
3gc4,7.6,8.375
5em7,7.72,7.515625
2w1d,6.04,5.671875
3old,5.9,6.0
3eq7,9.09,9.1796875
3ekn,8.4,8.65625
2zu3,6.1,5.9765625
4bj8,8.29,8.734375
3sov,4.21,3.5351562
2a4w,8.29,8.28125
3jzb,9.01,9.859375
3ijh,4.0,3.6269531
1ni1,9.05,9.203125
1o2p,4.85,4.765625
4r1e,7.28,7.3476562
3bwk,3.94,4.078125
4gah,6.1,6.3085938
2fo4,7.22,7.2421875
4x8s,1.89,1.7744141
4hdc,8.92,8.984375
4uiz,4.7,5.0039062
3el7,6.32,7.5351562
3kqd,9.4,9.3671875
3frg,8.4,8.5078125
4b3b,3.6,4.0234375
4j0v,7.55,7.7265625
4kc1,2.91,2.8125
3ncr,4.11,4.2734375
2h13,5.35,5.3710938
2jbl,5.89,6.1445312
1epp,7.16,7.2382812
3efr,5.08,4.5976562
4old,2.7,2.8398438
2jkh,8.05,8.3828125
4iif,5.18,5.3984375
2gnf,5.22,5.0078125
3kqw,4.01,4.4023438
2uzl,6.21,6.265625
4jlh,5.4,5.3632812
4asd,9.28,8.8984375
3r0w,4.52,5.5859375
2pe1,8.3,8.734375
1jld,6.73,6.359375
3d9n,4.05,4.1289062
4bdf,4.09,4.0429688
4der,6.31,5.7382812
1vcj,4.59,4.5273438
2nmz,8.37,8.0234375
4hlh,5.96,5.3828125
3k8d,5.77,5.2773438
1azx,9.4,10.15625
3veh,4.96,5.1914062
2dri,6.89,7.265625
4j7i,5.06,5.2148438
2gvd,7.0,7.40625
1a69,5.3,5.5234375
2w4i,6.3,6.3203125
1vj9,7.55,7.1640625
1sle,6.17,5.3867188
3shv,6.66,7.5117188
4xs2,5.82,6.3828125
2vto,6.85,6.4765625
3ls4,6.3,6.875
4ef4,5.35,5.3828125
4f6u,6.15,6.3007812
4wy6,5.97,6.046875
3fum,3.77,3.5957031
2loz,4.06,4.5117188
4d0x,8.1,7.859375
4tpt,7.04,6.8632812
3sdi,8.33,8.7109375
4p0w,5.96,5.7382812
4kyh,5.92,6.1679688
3wt7,8.75,8.75
4ago,4.81,4.8320312
1qng,7.89,8.2265625
3ara,6.49,6.3046875
4ede,7.38,7.8554688
2on3,9.0,8.453125
2p8n,3.15,3.2050781
4xv2,8.27,8.6015625
4byj,6.57,6.7734375
3sug,6.21,6.1132812
4ii9,6.03,6.7070312
1w1y,2.62,2.2441406
2yq6,7.35,7.5117188
3c45,9.68,9.4453125
3ud9,4.67,4.5195312
1nfw,8.96,9.046875
4dko,6.52,6.6679688
2ydk,8.15,7.9023438
4dhr,4.57,4.7539062
4mk7,6.36,6.5546875
1zfp,7.59,7.7460938
1vyf,8.05,8.4765625
4jof,4.17,4.484375
2c02,4.04,4.3085938
4lbu,6.56,6.3320312
4aj4,3.89,4.0117188
1il3,2.55,2.0566406
13gs,4.62,4.8476562
3fqs,7.39,7.4023438
1pus,7.28,7.4960938
4huo,4.7,4.7617188
2o5k,7.82,8.0
3tg5,4.7,5.1328125
1vru,7.0,6.8515625
2khh,6.56,6.6054688
4gk3,7.25,7.0859375
1xon,10.68,10.1953125
4qqi,5.52,4.546875
4bgg,7.82,8.5078125
3o88,6.37,6.4609375
3bg8,5.89,5.9960938
4jln,7.78,7.3789062
1hsl,7.19,6.9179688
1hrn,8.05,8.0859375
3n35,3.37,3.0371094
4pnc,5.43,5.5429688
5am5,5.74,5.9140625
3d0b,6.54,6.6992188
4j26,5.44,4.9414062
1usk,6.4,6.7109375
4pft,8.64,7.2851562
3u4w,8.4,7.9492188
2o8h,7.6,7.265625
1tfq,7.92,6.8085938
3td4,5.66,5.0234375
8gpb,3.6,3.0605469
4ipn,3.39,3.828125
1d2e,6.0,6.359375
3bmn,4.46,3.6015625
2qi5,10.85,10.609375
2j79,5.96,5.7304688
3uod,7.31,7.8554688
3ktr,6.15,5.9609375
4ij1,5.4,5.8554688
3vrt,8.57,7.9726562
1w5v,8.15,9.0078125
4mzj,5.8,6.4375
1iy7,6.19,6.3007812
3tpx,9.35,8.5546875
3mjl,2.44,2.7441406
2zcs,8.22,8.3046875
4prh,4.6,4.9335938
3m11,7.37,7.4335938
4pnl,5.52,5.3828125
4agl,3.65,4.4296875
3qtx,7.15,7.1835938
3gk1,4.1,4.3789062
1uys,3.6,4.375
2wwj,4.48,4.7695312
3ubd,5.54,5.609375
3hbo,5.09,5.6171875
4uvu,5.92,5.6992188
2bet,2.77,2.9140625
4dhs,4.8,4.9492188
4alv,8.15,8.2109375
4pqn,9.15,8.7578125
3lhs,9.0,8.484375
3vry,8.11,8.6640625
4ivs,7.36,7.8671875
1oxg,10.57,10.125
2vtm,3.0,2.9726562
5al4,6.52,6.5039062
1noj,3.15,3.171875
3uvw,5.17,5.2929688
3l9h,8.1,8.15625
3vhd,9.28,8.859375
3uqp,7.31,7.9335938
4o0x,7.17,6.578125
4ekg,8.77,8.8515625
1zs0,6.15,6.1992188
4cfv,4.63,4.7226562
3d7h,10.22,9.3359375
4qpd,7.82,7.0664062
2lo6,3.95,4.3320312
3tei,6.3,6.1679688
4n3w,3.5,3.9667969
4ps7,7.41,6.6289062
1nhw,4.84,5.328125
4qew,7.07,7.1367188
2mow,5.96,5.8671875
4puz,8.11,7.703125
2bpm,8.7,8.2734375
4qo4,8.3,8.203125
4iz0,4.0,4.4726562
3dei,7.4,7.1210938
3p44,8.01,7.1875
2giu,8.82,8.6953125
3gk2,2.7,3.4160156
4gxs,4.0,4.3007812
2kfg,2.92,3.0605469
1dhi,7.26,7.421875
3g2h,3.82,4.0703125
3cic,8.52,8.1875
4h1j,5.92,6.203125
3h2o,4.59,5.3710938
4m5h,4.54,4.8359375
2f81,10.52,9.3125
3sut,7.85,7.5664062
2fum,6.1,6.5898438
3nf8,3.0,3.5859375
3kqt,5.34,5.2460938
3nu4,8.82,8.8984375
4qxj,5.9,5.9023438
4yne,8.52,8.3828125
1ax2,3.99,4.0429688
3k8q,11.28,11.3984375
3cd7,7.84,8.015625
3mhl,7.25,7.3554688
1pb8,5.15,4.78125
2hrm,3.56,3.7519531
4ez5,6.52,6.9140625
3wcg,6.85,7.2382812
4an3,9.22,9.1640625
4a6v,5.72,5.9726562
1m83,3.4,3.6347656
1jlx,5.8,6.2148438
2y7x,8.89,8.546875
4awg,5.96,6.0
1juq,4.25,5.1914062
1o5c,5.22,5.3789062
3ual,5.81,5.6953125
3b28,8.47,8.578125
2uy0,6.92,6.2695312
2xno,5.93,6.2265625
3uvm,7.52,7.7695312
4jg0,6.76,7.0
3hdz,7.29,7.1796875
1nw4,9.07,7.71875
2z4r,7.62,7.4375
3u4h,4.25,3.6738281
1qwe,5.92,5.8515625
2w47,4.98,6.1367188
4kza,3.7,3.8984375
2mwo,4.7,5.2265625
1y2d,5.7,5.5351562
3uwk,4.24,4.3945312
4odf,10.0,9.625
2nmb,6.28,5.6835938
4bt9,3.84,3.3417969
3vg1,7.26,6.3984375
1rmz,8.0,7.7382812
5akj,5.86,5.2070312
4i6h,8.3,7.734375
1htg,8.42,7.9765625
3vvz,4.58,4.5976562
3ekx,9.41,8.0546875
3li2,9.0,8.2578125
4gye,6.85,6.0976562
3dkj,5.7,6.015625
1csh,7.55,7.46875
4qta,6.7,6.1601562
4bxk,7.95,7.7695312
3gxy,5.59,5.4179688
2lko,5.67,5.1054688
3mxf,7.31,6.5625
4a6s,5.2,5.2617188
3kyf,6.78,6.484375
3odi,7.82,6.7265625
2wnl,6.0,6.0273438
4x7q,7.85,7.5585938
1ax0,3.13,3.1816406
4yw2,2.8,2.7460938
1mhw,7.35,7.3710938
4lpb,8.0,8.109375
2fde,9.15,8.3046875
1cx9,6.75,6.171875
4ndu,2.74,2.5664062
4o3t,4.37,4.6992188
2zlg,5.59,5.3671875
4bcq,6.83,6.7421875
1fvv,8.0,6.9570312
2tpi,4.31,3.9980469
1k27,9.0,10.1015625
3cpc,5.3,4.8007812
2vex,6.74,6.484375
4o4y,7.81,7.3242188
4qz4,5.01,5.0039062
3l3q,7.27,7.4335938
3ppm,9.54,8.6953125
2nmy,8.37,7.9570312
4fcb,8.54,8.203125
3eko,6.7,6.5859375
4j3j,7.51,6.8164062
2ate,7.07,7.2304688
4zy6,8.3,7.8125
4kz4,4.15,4.1523438
2pri,2.91,3.4023438
4x6x,8.64,8.09375
3wqh,8.48,8.1171875
4e5h,6.37,6.0898438
3s2v,6.8,5.9570312
3wqw,5.23,4.0625
4q1x,11.15,10.2890625
3avf,3.53,3.1875
2mwp,6.05,5.3867188
3o0j,7.19,7.1445312
4s2i,9.0,8.796875
3rxe,4.76,4.359375
1ezq,9.05,8.78125
3bxg,4.96,4.890625
1tl7,7.92,7.6171875
1i7c,6.4,6.453125
3wjw,3.87,3.9160156
4l8m,9.0,9.1484375
2qyk,5.48,5.3476562
3qkl,8.05,7.3867188
4i9z,7.74,7.5820312
2qu5,8.06,7.734375
1xog,6.39,6.9375
1tl1,6.42,6.5
1csi,8.8,8.265625
2w10,6.77,6.1835938
1hkk,7.4,7.3085938
3l8v,8.1,7.1328125
2bts,7.7,6.8085938
3a3y,9.15,8.8359375
4yuw,5.77,5.46875
3uxl,5.57,5.0976562
4fcf,8.62,8.3125
3d2t,7.12,6.1953125
4i11,4.57,4.6835938
4wuy,7.82,7.6601562
4mmf,6.53,6.1523438
3sw2,8.33,8.25
2gz7,6.52,6.1054688
4abk,5.72,5.4414062
2zjv,5.14,5.3320312
2w76,5.0,4.890625
2rt5,6.72,7.265625
4nhc,7.34,5.9765625
4ocp,6.1,6.0351562
3rxj,3.06,2.9824219
1amk,4.3,4.0625
3rkb,6.42,6.5820312
3pke,3.6,4.0703125
2qyn,6.24,6.4375
3qaq,7.0,6.3046875
2wf1,8.7,8.421875
2vmc,2.94,3.1816406
4o2b,5.74,5.796875
3ard,6.76,6.5625
1utc,4.55,4.2226562
1tyr,7.0,6.6679688
4rhy,5.95,6.109375
1z6j,8.03,7.9453125
1pxl,6.05,6.0859375
3zs0,6.7,6.84375
2wfj,7.15,6.28125
3pb3,6.22,6.3945312
4hxj,4.13,3.5898438
4b9h,5.35,5.46875
2fai,6.24,5.8515625
2feq,8.86,8.1328125
3s78,6.47,6.6367188
2avs,7.57,6.65625
4mrf,1.95,2.34375
3nsq,5.21,4.8476562
4ddm,2.46,2.1972656
5ael,7.41,7.0742188
3iw7,5.64,6.0859375
5a3o,4.73,4.8476562
4pzx,6.0,6.4765625
3m3c,4.06,3.953125
3zn1,4.54,4.3945312
2o7e,6.22,6.7617188
2brn,5.26,6.2929688
1hvl,9.95,9.3046875
4mmm,3.82,4.4804688
4abu,6.28,5.9765625
2qln,5.43,5.6054688
3ia6,8.52,8.3515625
4k2y,3.33,3.5742188
1sbg,7.74,7.125
4e3i,8.89,8.734375
4hld,9.3,7.9296875
2h5i,8.89,9.5390625
4d1a,4.72,4.1171875
3n5j,5.22,4.8867188
2glm,5.37,5.5117188
2ntf,6.52,6.6054688
4kyk,4.74,5.2070312
4azi,7.45,7.7617188
4eqc,8.1,8.5859375
2w8y,9.09,8.421875
2g5t,9.09,8.2421875
1z4u,7.15,7.03125
3zqe,4.23,4.3867188
1d1p,3.6,3.3398438
4jt9,8.14,7.5820312
2xxt,8.05,8.796875
3zpq,7.17,7.1601562
1w11,8.22,7.8242188
3o9g,12.3,12.6640625
3way,7.66,7.3671875
2sfp,1.7,1.9384766
1u6q,5.88,6.21875
1y2k,7.68,7.4765625
2vtl,4.01,4.6835938
4hvg,7.77,7.3710938
3tvw,4.43,5.625
4dds,5.01,5.2460938
1y2a,7.34,7.5546875
1os5,6.85,6.9804688
2hb9,4.82,5.1015625
4b77,5.1,4.9960938
1g54,8.82,9.46875
2jxr,7.05,7.2929688
3tay,3.38,3.3867188
5bue,8.52,8.1171875
2erz,5.66,5.4960938
3mfw,3.52,3.2480469
1v16,3.87,3.8222656
2ad5,3.96,3.9394531
3f3w,7.47,6.90625
2z94,5.85,6.0234375
4k42,6.55,6.75
3iad,9.0,7.875
1bq3,5.4,5.6914062
1sve,8.3,6.8007812
1yon,4.21,4.1015625
4eeh,4.35,5.1875
3iqu,4.77,4.96875
3zm4,5.96,6.3007812
4d2w,4.51,5.1132812
1s17,8.3,7.7304688
1nlt,4.92,5.546875
4fl2,3.66,3.3046875
3hq5,7.8,8.171875
4az3,8.3,9.0703125
3ipq,7.57,7.7148438
3vd7,4.48,4.5234375
4ofb,5.43,5.34375
2r43,6.0,5.6367188
4g8o,7.66,7.3554688
1ai7,4.09,4.4296875
3mta,4.3,4.4179688
4pkw,4.65,4.9960938
3ut5,5.74,5.796875
4qhp,8.05,8.140625
4u58,2.0,1.8027344
4b35,2.89,3.3300781
2xuc,4.1,3.984375
2yoh,4.96,5.578125
2pt9,4.46,4.5039062
4jsa,4.96,4.5898438
2g24,5.4,5.34375
3mks,5.72,5.6601562
4qkx,7.07,6.7773438
2fah,1.3,1.5341797
3zki,5.92,6.546875
3u3z,5.36,6.1914062
1i8j,4.41,3.9785156
2p9a,5.18,5.3515625
3fc1,8.0,8.1875
1zyr,5.74,4.8828125
3mtd,3.47,3.9238281
3bti,6.14,7.2304688
2xck,6.15,6.4179688
4pf3,7.29,6.9765625
1hos,8.55,8.7109375
3p7a,6.28,6.40625
2x6w,7.1,6.6367188
4qn7,9.08,8.84375
4a4g,2.99,3.3359375
1if7,10.52,9.9296875
1rth,6.4,6.8984375
2w8j,2.96,3.6757812
2lha,5.19,5.1601562
2iwu,5.92,6.6484375
4ww8,10.17,10.84375
3ft4,5.93,5.953125
5c5h,6.4,6.4023438
2pu0,7.82,7.6523438
3kjf,4.87,4.9648438
3bux,5.63,5.6328125
3cho,6.55,6.6484375
2rfy,5.22,5.265625
4eh6,2.46,2.5019531
4qga,7.92,9.2265625
1mfa,5.04,5.5507812
3avj,3.3,3.2363281
1o2v,5.85,6.15625
4uv9,6.01,5.9765625
4enx,6.26,6.7617188
2las,5.74,4.8828125
3sfh,7.05,6.8007812
1me8,7.19,7.2382812
3umw,8.52,8.390625
2f34,6.89,6.9140625
4gfd,9.48,8.7265625
2f1a,3.14,3.5136719
4cnh,8.4,8.1953125
3q7j,4.52,4.9921875
3elm,9.72,9.28125
2bcd,10.22,9.8671875
2xc0,6.72,6.2734375
1s89,5.24,5.3398438
1qy2,5.74,6.0703125
2w87,4.65,4.6445312
3apc,7.44,7.4335938
3po6,7.06,7.1679688
1z3v,4.11,4.1171875
4fxj,3.62,3.8300781
4q8x,3.57,3.7578125
1lah,7.52,7.4492188
1c5o,3.49,3.53125
2auc,4.08,4.4921875
2z7g,8.95,7.8046875
3fhb,5.7,5.578125
4a7j,7.0,6.8671875
4acx,7.11,7.234375
2dw7,4.7,4.3789062
2r3l,7.0,6.59375
4ks5,6.89,6.7382812
3qs5,4.71,4.6132812
1p4u,5.3,5.9570312
1h6h,5.3,4.7578125
1rne,8.7,8.4296875
3eqy,8.05,8.109375
1k3n,4.99,4.7148438
4ual,8.4,8.28125
3c79,7.2,6.890625
2oc2,8.52,7.8007812
3gsm,6.48,6.1445312
2hai,6.28,6.140625
1idg,7.19,6.375
3zmv,4.26,4.2539062
4k5m,3.71,3.5820312
3rsb,6.4,6.0976562
2x2i,8.7,7.1757812
3qvv,4.42,4.6835938
2pj6,7.31,7.6015625
3rk7,6.7,6.625
830c,9.28,8.3515625
1jm4,5.0,5.4296875
4jfz,7.15,7.2265625
1bn1,9.34,8.46875
3eyg,8.8,8.578125
3v01,7.6,7.4140625
4ach,7.66,6.84375
4fod,8.92,8.7578125
4m5g,5.01,5.46875
2r9s,6.82,7.0390625
3pz4,8.22,7.7617188
4d83,7.26,7.4960938
3p79,5.64,5.8125
4rd6,6.28,6.4960938
2ks9,2.04,2.0097656
1mfd,5.31,5.0546875
5als,7.72,6.8164062
3x00,9.08,9.125
5fl4,7.0,6.5585938
4c1t,7.15,7.0
4kp0,8.65,7.921875
1ikw,8.6,8.375
1hqh,6.3,6.2226562
2aoi,4.01,3.9960938
1d5r,1.82,2.4296875
4ay5,6.27,6.09375
4wy3,3.62,4.0234375
3wiy,6.21,6.71875
1b55,7.4,7.3476562
4oz1,5.62,5.6875
4qsk,5.1,5.0
3gww,0.45,1.1162109
3aaq,3.3,3.0917969
3hfz,4.89,4.6796875
1ouk,9.89,8.6953125
2vvv,8.22,7.7890625
2vrx,7.35,6.828125
4qc1,4.99,5.0859375
1h1s,8.22,8.2421875
4z6h,6.21,5.9492188
4p4t,4.39,4.3945312
2wap,6.64,6.7929688
3in3,7.22,7.328125
4wpf,6.6,5.9882812
3ztc,4.56,3.9082031
1lqe,5.82,5.5703125
3wnr,6.28,6.5390625
3e51,7.85,7.703125
3r0y,4.84,4.9257812
1pf7,10.14,8.6875
3su0,6.79,7.1015625
4k60,3.24,3.3632812
2vip,5.28,5.3710938
7cpa,13.96,13.453125
5cnm,6.81,6.7265625
3wc7,8.26,7.796875
2q38,5.23,5.0820312
4mk8,9.0,8.125
2p0d,7.0,7.7617188
1txr,7.74,7.3828125
1xnx,6.38,6.7539062
3arz,6.0,5.5
2cbj,8.27,7.4570312
3v66,8.89,8.6484375
1d7i,3.6,3.8632812
4uy1,4.7,4.9570312
1awi,4.05,3.4726562
1vj5,6.92,6.3671875
3ow3,6.13,6.2773438
2ymt,8.0,7.1601562
4tk0,5.55,5.7421875
3lil,8.08,8.203125
2ydw,7.34,7.3359375
4pxf,3.1,3.5605469
4ylk,6.74,6.859375
2f1g,7.54,7.1054688
2z97,6.0,5.8945312
3kr1,5.74,5.734375
187l,3.37,3.8222656
2xup,12.39,10.9140625
1j01,6.47,5.53125
4hj2,2.53,3.1835938
3zdh,7.35,6.8046875
1pz5,5.4,5.1992188
2j6m,7.96,7.4570312
1pxi,4.77,4.65625
3rbq,6.27,5.9921875
4j1e,7.72,7.9023438
4xip,6.63,7.1445312
4io5,5.03,5.2109375
3mp6,5.96,6.203125
1l6m,8.1,7.4335938
3rcd,7.77,8.2265625
3kga,7.21,8.046875
4xc2,5.37,6.2617188
4iqu,6.24,5.7539062
3anr,6.46,6.5585938
4i0d,6.21,6.4257812
2itt,8.77,8.5
3e1r,5.82,5.25
4h5e,6.07,6.5429688
1x7a,7.89,8.21875
3bm8,3.54,3.2519531
2y6s,6.99,6.7617188
3d1g,5.0,4.9882812
5bvn,8.82,8.875
4bf1,8.62,9.1328125
5a2i,5.06,5.1875
3ebb,5.3,5.1132812
1zm7,3.0,3.7128906
5dgu,11.35,11.0703125
4cpt,7.7,8.0078125
4tya,2.39,2.1230469
1e1y,5.6,5.7070312
3mea,6.3,6.671875
3g42,6.85,7.1875
3ujb,5.1,5.25
3ocg,8.52,8.515625
1shc,7.28,6.9492188
3e3c,5.62,5.6445312
1w9u,6.09,6.2304688
2wf5,6.0,5.7226562
1d3p,7.39,8.0078125
1okl,6.03,6.3125
1cze,2.62,2.8359375
4f0c,6.27,6.4882812
3vf7,9.1,9.75
1bra,1.82,2.1347656
2qic,5.48,5.71875
3vby,4.55,4.5390625
2ay6,3.11,3.015625
1zlw,5.89,5.5859375
2wlz,4.6,4.5898438
3dpd,5.78,5.4023438
2fv9,7.22,7.34375
4xy8,6.4,6.5
4rio,9.0,8.515625
2x3t,6.05,5.6367188
1s5z,3.21,3.984375
4bhn,8.2,7.9648438
1bnw,9.08,9.4921875
3qx9,4.05,4.1171875
1szd,4.54,4.4921875
1t48,3.46,3.4433594
1pw6,5.22,4.6757812
3c94,6.87,6.9570312
3d9v,8.22,8.5078125
1xk5,6.0,6.3125
3wth,6.29,6.0898438
1b3h,6.21,6.1015625
4rvt,5.72,5.0859375
3lxo,4.82,5.0546875
1acj,8.09,8.7421875
1n0s,7.45,7.15625
3oy3,7.45,7.671875
4h5c,7.55,7.5390625
4y62,2.95,3.2167969
1rwx,7.37,7.8085938
3iny,3.66,3.5800781
4f7v,5.38,5.1875
1afl,6.28,6.65625
3m54,5.89,5.96875
3qvu,3.55,4.09375
2oqs,5.89,6.234375
3ti8,9.05,8.5078125
4o7f,4.89,5.28125
1qf2,5.92,5.6875
3mbp,6.8,6.6367188
3ry8,3.34,3.3164062
2f18,4.1,3.9570312
2j75,6.65,6.9648438
1uvu,5.0,5.2773438
1f28,7.8,7.875
4ucv,2.88,2.9804688
5d7e,3.82,3.5820312
2j50,7.89,7.390625
1bcd,8.7,8.203125
3lcv,4.74,4.9296875
2vo4,4.94,4.859375
4egh,3.26,3.6542969
1cka,5.72,6.1171875
4az2,7.33,7.5898438
4m3q,7.77,8.2265625
3hc8,8.54,9.6171875
4cwp,6.77,7.0585938
3eys,5.52,5.140625
2zq0,6.82,6.3554688
3ksq,9.42,8.9609375
4bcw,4.0,3.9042969
4kjv,7.74,7.6601562
2vx1,6.66,6.3710938
4bao,8.37,8.7578125
3r8i,5.35,6.0859375
4hwt,4.3,4.15625
3rz9,6.92,7.2929688
4c8r,6.82,6.421875
4l2f,6.23,6.2929688
2duv,7.06,6.9179688
4gcj,7.7,8.4453125
4dvf,6.89,6.3554688
3st5,11.3,10.8984375
4ez3,4.35,4.4882812
4g1f,7.77,7.9375
2pgj,3.59,3.4726562
2cct,5.02,6.2265625
4kn2,7.27,6.9960938
2zaz,6.4,6.0351562
4k8o,3.77,3.7265625
3oaw,8.15,8.3203125
3fbr,4.82,4.7109375
1bjv,5.54,5.6171875
3gcu,6.78,7.0390625
4ngs,8.12,7.5429688
4o0a,6.72,6.9335938
2bu5,7.78,8.484375
3iaw,5.8,5.7578125
9lpr,5.7,5.9140625
1r5h,6.74,6.5703125
1p05,5.96,6.1757812
1p06,6.27,6.4101562
5alx,5.48,4.71875
3qkv,7.44,6.53125
3oka,4.72,4.2734375
5ai9,6.61,6.2617188
3aho,7.05,7.4804688
1qji,4.85,5.0234375
3mp1,6.1,5.6054688
4wm9,6.92,6.8164062
2rg6,8.66,8.40625
3tfp,6.47,6.4101562
2xng,7.22,7.3359375
4jj8,6.14,6.390625
4os2,6.7,5.8554688
3m8u,4.89,4.328125
4b05,7.58,6.7421875
1osg,7.52,6.6757812
4op1,6.89,6.6914062
3gta,4.28,4.4648438
3eks,5.7,5.7695312
4xir,6.94,6.6484375
3fqh,6.24,6.0
3gpj,5.11,5.0703125
2y34,7.1,6.7734375
4qfs,6.05,5.9570312
1o3b,7.13,6.390625
1m5b,8.01,6.9296875
4xsy,5.3,5.1875
4aif,4.84,4.9101562
3r22,7.77,7.3164062
2zas,7.86,7.7539062
4zy4,7.66,6.8203125
2qrq,5.1,4.5078125
4wzv,9.37,9.1953125
3aza,5.13,4.4179688
3kvx,6.83,6.7304688
4qht,4.94,5.0625
4oyg,5.18,4.4726562
4waf,5.0,5.109375
1okv,6.17,5.9882812
2y7p,5.47,5.4414062
4yk5,7.64,7.4257812
3g1m,6.3,5.6914062
2f0z,4.77,4.3632812
4w7t,6.05,5.3789062
2c68,5.74,5.9296875
5acw,3.84,3.2871094
4qxt,7.8,7.828125
4wsj,7.33,6.6484375
4btu,9.3,8.1875
2r3t,5.85,5.484375
3rqf,4.41,4.3476562
4tu4,3.76,4.484375
4izy,8.52,8.40625
2rkm,3.9,3.7207031
4p4f,6.77,6.1132812
4cq0,5.09,4.6875
4ua8,6.26,5.9296875
4h2o,5.52,5.5273438
3cl0,7.07,6.921875
1g7p,7.05,6.6328125
1z3j,8.0,7.8984375
4hbx,5.72,5.734375
4joh,3.35,3.3789062
3rup,1.57,1.5908203
2ll6,10.0,8.765625
3caj,8.1,7.9101562
5dtj,4.47,4.2617188
4q4o,7.46,6.9882812
1lhw,9.08,8.2578125
4qp8,6.55,5.9609375
4mzo,6.57,6.5078125
4n1z,9.14,9.5234375
5ab0,7.59,7.6796875
1qon,8.96,8.203125
4mep,5.33,5.6328125
3pd2,5.47,5.171875
1c84,5.0,4.6914062
1urg,5.82,5.6992188
3s2a,8.09,7.9296875
1wu1,7.74,7.609375
3tz4,5.49,4.5585938
4qvn,5.1,4.8320312
3pma,5.4,5.3632812
3puk,4.74,3.8183594
2pjb,7.72,7.8320312
2zym,6.14,5.9726562
2w7y,6.08,5.9179688
3vtd,7.92,7.1640625
4pg9,7.8,7.7109375
4ovg,3.69,3.3632812
2c6i,4.96,4.6289062
4hw3,6.49,6.1523438
2zu5,7.0,6.9414062
2wxk,9.3,8.3515625
3axk,4.15,3.7910156
3o1g,9.0,8.6953125
1w4p,4.74,4.3476562
4izm,6.66,7.0585938
5d1t,5.77,6.0664062
5al5,7.15,7.109375
4c1m,7.8,7.9921875
3wha,9.32,9.375
3pty,5.44,5.7695312
1vsn,9.7,9.0625
2oc9,7.96,6.8984375
1w0z,7.68,7.1796875
3c1n,5.5,4.6171875
2d41,6.82,6.3710938
1ebw,9.05,8.5078125
4lxd,7.23,6.5351562
4l23,7.75,7.2890625
1o2j,6.92,6.1328125
5dgz,7.85,6.9609375
3ur9,6.31,6.0117188
3omg,4.72,4.6640625
4qsx,1.74,1.6162109
3dne,5.22,4.5429688
3q8h,4.15,3.5957031
2gbi,8.52,7.9570312
4iax,9.56,9.8203125
3sfi,6.4,6.21875
4hzz,8.08,7.953125
2xk3,5.68,5.78125
2oyk,5.3,5.0585938
4kio,6.3,6.484375
4is6,6.2,6.2382812
1xh4,7.47,7.0039062
1unl,6.7,6.4726562
1owk,7.63,7.328125
3new,5.0,5.015625
4wf2,8.1,8.5859375
3luo,6.95,6.65625
4o9w,7.16,6.8671875
2d3z,6.64,6.2226562
4l31,6.79,6.7109375
5ctb,7.64,7.421875
4a9n,5.82,5.9765625
1eix,11.06,10.296875
6apr,7.77,6.84375
4oeg,5.05,4.8320312
1zpa,8.4,8.0078125
4ec0,6.07,5.6171875
3o23,6.3,6.2539062
4dpt,7.3,6.0546875
2wzf,7.0,6.8632812
2isw,7.43,7.9804688
3eka,3.0,2.8046875
1onh,8.21,7.9257812
2vmd,3.02,3.2421875
2gvj,9.52,10.0390625
4aa2,3.97,3.8027344
4mh7,5.23,4.7773438
2g0g,6.29,5.703125
3q72,5.8,5.7734375
3c43,7.72,7.8671875
3ekr,7.52,7.5351562
1tvo,6.85,6.9023438
4io2,6.7,6.6289062
1j4p,4.99,4.9453125
223l,3.4,2.6835938
2ccb,7.45,6.75
2xtn,7.4,6.9414062
3t09,3.8,3.6171875
2veu,7.0,7.1328125
3hv7,7.92,8.359375
2lbm,6.57,7.3710938
4u0i,8.22,8.1484375
4tnw,3.78,3.53125
3c3o,4.36,4.6210938
3dux,7.0,6.8554688
2rg5,8.51,8.5390625
4xjt,5.14,5.4726562
1z1h,8.4,8.4609375
3pp1,8.49,8.4140625
2qzr,7.26,6.8554688
3r4o,8.15,8.2734375
4kmd,5.41,5.5820312
3oil,5.68,5.6171875
3amb,6.18,5.6875
2a3b,3.33,3.15625
4gb9,6.27,6.4375
1k06,5.34,5.3398438
4yv0,3.28,3.2089844
3h9k,7.85,7.7851562
3muk,3.42,3.4394531
4l70,5.66,5.5703125
4y73,9.52,9.1875
3k98,9.0,8.78125
3g9e,7.72,7.2890625
4aia,3.66,3.8828125
3t0w,7.3,6.8164062
3e5u,5.85,5.5820312
3rm4,5.77,5.40625
1xh6,7.32,7.1875
4eos,6.05,5.7578125
4dkt,4.8,4.96875
2az9,7.66,6.9375
2c6n,6.88,6.75
4bnt,3.86,4.5976562
3hxc,5.28,4.5039062
3cow,6.9,6.5078125
4x63,6.77,6.8203125
3lc5,6.57,6.328125
1n5z,4.36,4.6523438
1gx4,3.24,3.2753906
3tzm,7.77,7.3945312
2xk7,5.82,5.6210938
4ool,6.85,6.9804688
3nm6,1.35,1.3789062
1u9x,8.15,8.0234375
1bwa,8.6,9.0859375
3kah,6.59,6.8046875
2ito,6.91,6.6328125
3wcb,7.74,6.9765625
1tsm,6.0,5.7265625
1g9c,5.3,5.515625
4pku,4.52,4.8320312
2pj4,7.89,7.7226562
1xsc,4.3,3.7695312
4l58,4.68,4.4179688
2pcp,8.7,8.3515625
2krd,2.7,3.0996094
4mf1,9.15,8.96875
4b32,3.34,3.2773438
3gw5,9.33,8.921875
3zjv,6.27,5.7773438
1j07,7.68,6.9921875
4wsk,6.43,6.7578125
3q32,8.74,7.625
5dls,8.36,8.75
3m37,9.04,8.7109375
4cli,8.89,8.1171875
3kx1,7.0,7.0585938
4l7g,4.0,4.0585938
1o2w,5.85,5.5976562
4msu,5.85,5.2070312
4eok,5.07,4.71875
3s3n,7.06,7.3125
3vf5,9.34,8.515625
3dc2,3.02,3.4335938
3r2b,8.4,9.1328125
4qls,7.44,6.9257812
4csy,3.06,3.1855469
4yrc,2.7,2.9707031
3blu,3.46,3.1953125
4ca5,9.39,9.9296875
3gvu,8.0,7.2421875
2g01,5.91,5.9570312
3inf,7.4,6.9101562
1zge,7.3,6.7070312
3iqv,5.18,4.625
1tc1,2.7,3.09375
1xug,7.05,7.2226562
4l7j,3.7,4.3554688
3qi4,3.93,4.2578125
3tl0,6.59,6.7890625
2nsx,7.2,7.6367188
4w9s,6.82,6.8476562
3h8c,7.72,8.15625
1v0o,5.26,5.5976562
3cd0,7.57,7.71875
1b4h,5.46,6.0078125
1qvt,4.38,4.4765625
1kkq,6.62,6.2109375
2bq7,7.05,7.34375
3zw3,7.47,7.3359375
1jq9,8.45,8.5234375
2w1h,7.28,7.28125
4cwt,6.75,7.375
2doo,7.17,7.3320312
4xqa,4.99,5.0742188
4fs3,7.85,8.3125
3wgg,4.4,4.5625
3nin,4.91,5.71875
4n7h,5.48,5.4960938
2evl,6.7,7.1054688
1bnv,8.77,9.21875
4b3d,2.68,2.4960938
1vwn,5.82,6.3789062
3bmq,5.49,5.1796875
4bg1,6.31,5.9257812
4zba,5.51,5.4765625
1q7a,7.19,7.78125
2v8w,6.82,6.6875
3l5b,3.91,3.5195312
1c50,6.48,6.4921875
4jje,7.64,7.8828125
5ak6,3.49,3.25
3s0d,7.05,7.3671875
3bun,6.21,6.4765625
4k75,4.25,4.2304688
4mhz,6.87,7.3476562
3ml5,8.52,8.578125
2viw,7.14,7.265625
4est,5.02,4.921875
4prg,7.15,7.0117188
3i6m,6.46,6.9023438
2hwp,7.14,6.7265625
2v85,4.46,4.78125
4jq7,6.41,6.9726562
4ibc,2.98,2.7285156
2w9r,5.32,5.0585938
2cej,8.62,8.7890625
2lto,3.11,3.6035156
3gwu,4.71,4.4648438
4fxz,7.03,6.5234375
2jqi,5.0,5.8789062
2ban,9.0,8.8046875
3du8,6.84,6.5742188
4flj,5.13,5.1835938
3fei,7.7,7.5546875
4io3,6.06,6.8203125
1c3b,7.57,7.3398438
4mi6,4.31,4.6914062
1q66,5.77,5.6484375
3sv7,6.08,6.0585938
3spk,8.52,9.0625
3hw1,3.06,3.0566406
4wef,2.59,2.6074219
3tz2,5.24,5.5351562
1e8h,5.68,5.5351562
2h6q,5.11,5.8320312
2gtv,5.15,5.8085938
1kug,3.8,3.8203125
1y19,6.77,6.9414062
3c10,6.52,7.078125
1yhs,8.0,8.21875
3ho9,6.1,6.5742188
1pf8,7.51,7.6835938
4jpy,4.43,4.4257812
1o6q,7.64,7.9960938
2cji,8.22,8.578125
1atl,6.28,6.8945312
3iue,5.82,6.0820312
4ith,6.5,6.3828125
1dqn,8.0,8.546875
2ha2,4.66,5.3710938
3lkj,4.6,4.3867188
1r2b,4.94,5.7617188
2w0s,3.3,3.8125
4aa7,5.7,5.5234375
1ype,8.1,8.140625
1skj,5.15,5.2148438
2qtr,5.49,5.3632812
3rxf,2.6,2.7695312
3uxd,4.41,4.4921875
1kna,5.15,5.28125
3ihz,6.8,7.6328125
4x8v,6.89,6.7460938
3qxc,5.77,5.6328125
2w6z,2.82,2.8183594
4awp,7.09,7.8125
4a4o,8.05,8.4765625
3ery,5.66,6.4414062
3pe2,9.76,10.1171875
4oyo,3.52,3.6308594
4gk4,7.85,7.7460938
4d2d,3.47,3.4707031
2yhd,4.64,4.6171875
1xlz,6.02,6.1445312
4mwy,7.05,7.2070312
1zz1,6.02,6.1210938
4i6b,5.93,6.3554688
5dit,6.15,7.2695312
4zhl,6.47,6.7695312
1yds,5.92,5.8398438
4pyq,5.36,5.4101562
4pis,7.22,7.6328125
4gtt,8.22,8.484375
3jq9,6.4,6.7148438
4ido,4.93,4.6757812
1il5,2.66,3.1113281
2x85,3.89,4.3671875
4jp9,7.62,7.8242188
4ayu,4.73,5.4179688
4dkq,6.6,6.3515625
3wkc,3.71,3.4082031
6gpb,4.85,5.5234375
3rde,7.46,7.8554688
4exz,7.54,8.0546875
1lol,6.39,6.4375
2y8o,5.12,5.3554688
5aku,6.82,6.3867188
3zpt,8.51,8.5703125
2gg3,6.24,5.7460938
4qgf,7.16,7.5429688
1al7,7.8,6.75
1nnu,6.82,6.3242188
4nyt,2.39,2.4277344
3wp0,4.99,4.6328125
4yog,5.74,5.1796875
3vgc,5.51,6.2851562
4n84,6.29,6.640625
3ken,5.4,5.7226562
2zz1,4.54,4.46875
3dnj,6.82,6.6171875
2viz,6.22,5.8789062
1ydk,5.89,5.65625
2mps,5.41,5.046875
3ttm,8.52,8.2578125
2wuf,4.29,4.1796875
3m58,5.48,5.3554688
3h2n,3.67,3.6582031
2jbu,3.4,3.5839844
4acf,5.8,5.6914062
2r3n,7.15,6.796875
1t32,7.42,7.0507812
1g6r,4.27,4.046875
4x2s,6.55,6.71875
4flp,6.72,6.0859375
4e5j,4.73,4.4648438
4nyj,3.49,3.2265625
4nym,3.55,3.3398438
4tk5,7.49,7.2617188
3l9m,7.3,6.9921875
1w0y,6.42,6.0625
4fse,7.4,7.0703125
4bcd,7.48,7.15625
3mvj,5.49,5.3046875
3kpw,4.85,4.34375
3zlr,9.26,8.15625
4jj7,6.4,6.4960938
3h2m,3.67,3.921875
4em7,5.11,4.6054688
4ock,5.08,5.2539062
4lps,5.74,5.5820312
5aml,9.15,9.0
2ym5,6.37,6.046875
2ltv,5.16,5.0898438
3g6m,1.71,1.4707031
1xmu,9.08,8.90625
4jv9,5.74,5.1367188
4i9i,8.1,7.1640625
2nwl,8.7,8.71875
2ohk,2.7,2.5566406
4phw,10.0,9.5078125
1cgl,6.87,6.734375
1i9l,8.48,7.9296875
3fr2,6.23,6.2148438
3fvl,6.07,5.7304688
4jv6,6.66,6.7226562
2er9,7.4,7.3007812
2z5s,5.66,5.9140625
4jql,6.0,5.6132812
4ra5,8.4,7.9804688
3er5,9.0,9.078125
2b1r,1.0,0.70214844
3az8,6.0,5.8476562
4zjw,6.66,6.9257812
1dwd,8.18,7.4960938
4qvx,11.0,10.9765625
2gde,8.24,7.8632812
4rvl,7.38,6.84375
2uzb,6.92,6.0585938
2ltz,5.35,5.3515625
3olf,7.7,7.5664062
1ydb,8.24,8.8125
4hy1,8.7,8.0546875
2p2i,7.42,7.6289062
4amy,10.82,9.9453125
4ov5,7.43,7.4414062
4w9p,7.8,7.2539062
4an0,10.7,9.8671875
3wke,8.89,8.7578125
3kwj,9.3,9.34375
4o15,8.7,8.28125
1kav,5.82,5.0859375
1k6c,7.48,6.9453125
4nwm,8.1,8.171875
4rrf,3.62,3.5273438
3nuy,3.46,3.7519531
4fmu,6.44,6.0351562
3suf,7.56,7.5859375
3ppp,5.22,4.6484375
2p8s,7.68,8.0703125
4k2f,7.4,7.0
4o1b,6.41,6.515625
3e0q,5.89,4.96875
1xfv,3.89,3.78125
2j4z,7.19,7.5351562
1vot,6.6,6.7304688
3w2t,7.53,6.90625
2v59,7.74,6.9140625
1fj4,4.59,4.359375
2q9m,7.21,6.3398438
4e6d,8.92,9.015625
2g19,5.85,5.7226562
2gqn,5.35,5.125
3sn8,5.65,5.8203125
3qqk,4.82,4.7539062
4x48,6.77,6.9570312
4djy,8.27,7.4804688
4ojq,3.3,2.9609375
1ai5,3.72,3.4863281
1ngw,7.68,7.6601562
3sio,8.0,8.09375
4wk2,6.94,6.4140625
5cgc,9.3,9.3515625
2e1w,7.96,7.3085938
3r00,5.07,5.109375
4jsc,7.13,6.8125
3dp2,5.82,5.6210938
1qaw,5.12,5.0625
4kv9,3.84,4.2226562
4x1f,7.97,8.484375
4o7a,4.72,4.5820312
3pup,8.22,8.1640625
3zc6,9.22,9.1015625
1tsi,3.48,3.6933594
4pkv,5.25,5.5
1ntv,5.82,6.046875
2c5x,6.6,6.9140625
4wh9,3.0,3.1914062
3kf7,7.4,7.4179688
3lbl,7.44,7.7578125
3p1d,2.64,2.8144531
4e0w,7.48,6.9648438
2xk8,5.62,5.5585938
3qo3,6.9,7.1054688
4l7u,5.66,5.8320312
2c6g,3.37,3.8320312
2a4g,7.18,6.859375
3ao5,2.23,2.1269531
4x13,3.3,3.46875
4ap0,8.0,7.6484375
3i0r,8.52,8.5234375
2y58,5.5,5.4453125
4lv4,5.0,4.9648438
1uti,5.62,5.3242188
4yzc,8.52,8.578125
3d1e,5.77,5.5195312
3u2q,8.22,7.9960938
1ym4,7.41,7.9179688
4j6i,8.85,8.703125
2bub,7.05,7.0
3nww,8.15,8.625
1q5l,3.22,2.859375
4uwf,8.15,8.578125
4i1c,8.1,7.5976562
4h39,6.68,7.0039062
3t4h,5.28,4.7890625
2wf2,7.59,8.0625
4pre,3.74,3.8398438
4os5,4.63,4.328125
4p7s,7.42,7.8632812
4fem,4.06,4.2460938
2vd0,4.94,5.046875
4dwg,7.24,7.3984375
2w0x,3.2,3.4511719
4n7e,6.48,7.1015625
3ibn,7.61,6.9023438
2cvd,6.1,6.4609375
1fl3,6.8,7.4257812
1f0q,6.0,6.1132812
3zlq,6.04,5.6835938
2uzv,5.87,5.8476562
3uw9,4.56,4.7304688
2yc0,2.82,2.7441406
1fhr,4.0,4.265625
4aj1,3.11,3.7167969
2kce,6.17,6.3710938
2p4i,8.0,8.015625
2qi3,10.2,10.7109375
4pr5,5.66,5.4257812
2cni,7.68,7.5664062
4hv3,3.94,4.2304688
2wqb,6.27,6.453125
4kil,6.3,6.0859375
2xkf,6.06,6.3007812
3wvm,5.71,6.1601562
4uuq,7.54,7.4609375
4x9r,7.82,9.2890625
3tkz,5.92,5.5742188
4pz8,5.92,5.7890625
2wi2,3.46,3.3867188
2p3o,2.77,3.4121094
3gqz,2.17,2.265625
1q6s,7.92,8.2421875
2lsv,5.27,5.9101562
4dai,6.96,7.2460938
3vc4,7.62,8.671875
4z2o,4.51,4.3085938
2jkp,4.23,4.8046875
3nuu,3.77,4.0117188
4qw5,6.35,6.9023438
4bid,8.1,8.1640625
3evf,6.77,7.3867188
1xws,8.0,8.5234375
5aly,6.73,7.0703125
3ozp,6.62,6.7148438
2a5s,6.7,6.8242188
4fgx,7.14,7.203125
4pjt,9.24,9.6640625
3b8z,6.54,6.6445312
2nm1,7.47,7.6289062
3hs9,6.31,6.3632812
1cwc,7.8,8.59375
4pm0,7.35,7.2226562
3eq8,9.06,8.3515625
3q77,8.22,8.1796875
3qti,7.85,8.046875
4g0c,7.92,8.375
2v13,7.59,7.8125
2wxp,8.52,8.6015625
4v05,9.7,9.0078125
3rul,6.85,8.1875
4jx9,8.62,8.53125
3muf,6.49,6.3789062
4i7b,5.7,5.9023438
4ewn,6.7,6.4492188
3ed0,6.35,6.46875
2pl0,7.21,7.609375
1p93,7.72,7.53125
4l2g,6.68,6.7695312
3azb,4.92,4.75
1k2v,4.44,4.734375
4aua,5.14,5.5078125
3hac,8.17,8.328125
3h8b,6.29,6.328125
4dpu,7.3,7.3476562
4yoi,6.48,6.125
1aqc,5.34,5.3164062
3vjk,9.43,9.8828125
3hb8,5.12,5.09375
4dcx,4.5,4.8007812
4b1c,7.1,6.7578125
3hxf,4.96,5.4804688
4oya,6.44,6.625
4jkt,7.09,6.9296875
3ew2,6.67,6.3359375
4k6w,5.35,5.7695312
1sqi,7.7,7.4179688
4ceb,2.97,2.5273438
4g8m,7.89,6.9140625
1p6e,2.92,3.1464844
3sb0,5.26,5.7890625
3iut,6.34,6.6015625
4pkb,6.94,6.796875
1zd2,3.3,3.2265625
3v5p,8.96,8.4296875
2z92,9.1,8.765625
3l16,7.48,6.96875
1fo3,6.7,6.453125
3qmk,6.1,6.1875
4ll3,11.57,11.296875
4ayv,9.17,8.7890625
2oyl,6.3,5.7539062
4gzp,7.84,7.296875
3irx,9.0,8.265625
2uw8,4.11,4.2109375
4yee,6.49,7.2421875
1ndj,12.16,12.7421875
3zmq,6.44,6.28125
3hqw,7.46,7.328125
3blt,3.54,3.1953125
3n49,5.15,5.4960938
1lor,11.06,8.859375
4pf5,5.48,5.9921875
1f3j,5.22,5.5546875
4ok3,4.15,4.125
3bug,3.18,2.4472656
3gjt,6.77,6.9609375
4u2w,6.0,6.3632812
1jiz,8.7,8.1015625
4ykk,2.77,3.2109375
4rsk,4.32,4.3125
4otf,8.22,7.9804688
1ogz,5.85,5.6484375
3r0t,9.04,8.953125
3d28,5.85,6.1328125
1det,4.3,4.0820312
2aj8,6.2,7.109375
2lpr,8.89,8.328125
4tpw,4.69,4.3242188
3g9l,6.13,5.8359375
4dhm,3.78,3.4042969
4xv9,6.72,7.2578125
3pkb,6.21,5.6640625
1jmf,5.77,5.4296875
4wrq,5.34,4.8945312
3t6y,5.52,5.4570312
1pb9,3.62,3.9550781
3tvx,4.14,4.8398438
1xn3,7.4,7.1367188
3zim,8.17,7.6835938
4c16,4.96,4.984375
4fz6,6.9,6.53125
3dx0,7.44,6.734375
5c8m,7.19,6.8828125
2vwn,8.0,7.5976562
4abb,4.51,3.7871094
4uwk,9.0,8.578125
2r2w,4.47,4.3632812
4km0,6.04,4.984375
3nmq,9.7,9.2734375
1f57,5.64,6.0507812
4qw7,6.28,5.9179688
2zbk,5.7,5.8398438
1mpl,3.77,3.7011719
4zh3,4.4,3.8125
1o4m,1.4,1.7382812
1v2w,4.01,3.8417969
3wuu,5.14,4.359375
3s73,8.7,8.265625
4mvx,7.24,7.09375
3g1d,3.48,3.4824219
2zv9,8.05,8.1875
2dq7,8.32,7.71875
2weh,5.95,5.0976562
2l75,6.05,6.0742188
1zea,5.22,5.6953125
3s9y,6.44,7.2578125
4lnw,7.04,6.796875
2v54,4.6,4.2109375
3shb,6.03,5.5351562
2xjj,6.51,5.7929688
3p50,4.62,4.2070312
4d08,8.0,8.2421875
4dzy,5.62,5.109375
3tvl,4.0,3.6972656
3suv,4.55,4.1445312
1ayv,8.0,8.015625
3dxm,6.0,6.0117188
1lkx,5.15,4.9882812
5d6q,5.24,5.2929688
3fh7,7.6,7.359375
4w50,5.85,7.1875
3nii,4.23,3.6992188
4crl,9.71,9.5390625
4ear,9.82,9.296875
4qwx,6.27,6.109375
2w2i,6.04,5.7890625
4bw3,6.3,5.796875
3dcr,8.2,8.8125
2x6y,4.59,4.3984375
1db1,9.26,8.78125
4jnm,8.52,8.8046875
4hu1,7.54,7.1875
3wpn,4.36,4.0976562
2y6o,7.6,7.234375
2qaf,5.36,4.7539062
5bv3,7.17,7.1875
4qoc,9.92,9.7890625
1o42,8.05,7.3867188
4tk4,5.1,5.1875
1tbz,9.8,10.03125
2fgi,7.34,7.15625
1njs,7.82,7.6757812
4ayy,8.17,7.75
2a3w,5.42,4.8984375
3o64,9.4,9.578125
3zlw,3.7,3.2617188
1cqp,5.62,5.4101562
4zzy,5.6,4.9609375
3s71,8.64,7.9960938
2ohr,4.0,3.6347656
4je8,5.21,4.5546875
3ebo,4.72,3.921875
4gii,8.74,7.9570312
1y2f,4.92,4.7460938
5cyi,5.88,6.1640625
3gt9,3.96,3.7558594
1hk3,6.59,6.3242188
4ocz,9.18,9.3828125
1bjr,7.68,7.765625
2pj1,8.01,8.3125
4qev,7.66,8.0625
5ald,5.97,6.03125
4h3i,8.52,8.5859375
1rdn,1.84,1.6416016
4jpe,7.32,7.2421875
4qzx,6.26,6.1210938
4g3f,8.36,8.359375
4giu,5.33,4.8320312
3byu,9.1,8.84375
1g7v,6.4,5.6875
4tpp,8.59,8.03125
5diq,5.17,5.109375
2k62,4.7,4.4882812
4ijp,7.8,7.703125
3k3i,5.72,5.515625
2xxx,6.41,5.9570312
4zz1,7.89,7.4257812
1b58,6.59,6.8867188
1bkj,6.77,5.78125
3w9r,6.18,5.9960938
4aac,8.17,7.7539062
5cxh,8.3,8.5546875
2h2j,5.38,4.8867188
4zh2,5.0,5.15625
1if8,9.64,9.1640625
4c4e,7.6,8.0078125
4f9v,6.03,6.046875
2ycf,10.52,10.1796875
2aie,5.66,5.8984375
4zed,5.12,5.1328125
3nti,5.22,5.65625
4b82,4.39,3.7109375
1ct8,6.52,5.75
1m5f,7.83,6.5507812
4ngp,7.96,8.21875
1tl9,5.52,5.1835938
3avg,3.3,2.6835938
1oy7,5.36,5.3671875
3t07,7.8,7.5625
3chr,7.21,6.4140625
3nif,5.1,4.8554688
1tr7,6.82,6.625
1bug,4.37,4.0117188
3tdu,5.67,6.4414062
3nw3,6.49,6.1679688
3eid,6.35,5.9648438
3o86,7.15,6.9882812
1h3c,6.51,6.3203125
2z52,5.57,4.5117188
3ml4,5.33,4.59375
3l2y,4.49,4.46875
3pp7,3.94,3.9511719
4msg,10.0,10.015625
4i7l,3.99,4.1289062
4exg,8.07,7.7773438
2y9q,6.15,5.75
2xg5,4.66,4.3945312
3mg4,9.3,9.2265625
1fo2,4.7,4.546875
4wup,9.82,9.6171875
3msl,5.15,4.9804688
3rjw,7.57,7.3984375
4g55,4.92,4.8359375
4mr5,6.6,6.484375
4j74,4.59,3.921875
4i31,9.32,8.0078125
3kgu,5.92,5.3710938
4x47,2.85,3.2050781
3oqf,7.04,7.3242188
3cfs,5.96,6.1132812
2nq7,5.54,4.921875
3gus,6.05,6.1601562
2chx,7.74,7.6757812
4dj7,6.3,6.3515625
1axz,3.2,2.9335938
3qdd,8.77,8.8984375
3l7g,3.3,2.9765625
1lkl,5.81,5.6640625
3f7u,6.61,6.6015625
4ymg,4.68,4.25
1xdd,6.7,6.5117188
3s7f,5.43,5.0390625
1esz,6.52,6.3242188
4idt,7.0,6.859375
2wl5,4.52,4.109375
4o7b,4.7,4.8789062
3g8e,5.35,6.4179688
3sl1,3.59,3.2519531
4e67,6.48,5.1367188
2wi5,6.05,5.921875
2agv,7.7,7.890625
1mik,6.35,6.5898438
4u5l,2.4,2.5566406
4ybs,7.24,7.0195312
3zmp,5.67,5.6132812
4mw2,6.7,6.5429688
1q1g,8.57,8.03125
4eg5,8.1,7.8203125
2pe2,8.4,8.7578125
2b7a,9.0,8.859375
2gvz,6.89,6.5
3exo,4.62,4.1640625
1fhd,6.82,5.7695312
2xn6,8.8,8.453125
4umu,6.19,6.6914062
4rsp,5.44,5.5703125
3opm,6.62,6.9921875
4b9k,6.17,5.6875
3ej1,6.92,6.4257812
3i5r,4.4,4.4960938
3dm6,7.43,7.5976562
2wbd,6.64,6.7148438
3rbm,6.57,6.3359375
4lk6,5.2,4.7382812
4bnx,7.7,7.1992188
1ida,8.7,9.3515625
4gm8,9.0,9.4140625
2f01,13.0,14.90625
2lh8,4.18,3.8769531
3fh5,7.06,6.5273438
1a4q,5.44,4.8515625
4j8s,5.7,5.15625
4kup,5.22,4.9609375
1a4w,5.92,5.3632812
1e34,2.88,2.3730469
2uyi,6.32,5.9648438
3g58,9.28,8.75
4ovz,6.31,5.3203125
2b4l,4.77,4.9570312
3cj3,4.24,3.9101562
2zdx,3.19,3.1347656
1om2,4.7,5.0429688
2f9b,6.52,6.359375
1bmk,7.6,7.6601562
4otg,7.59,7.0546875
3vbv,5.0,5.5585938
1c1u,8.25,8.7734375
4gbz,3.11,2.8125
4dk7,7.7,7.484375
2x81,8.3,8.5859375
2ay7,2.3,2.1191406
1f4y,6.08,6.5
4ad2,6.2,6.4921875
3oe9,8.18,8.2578125
3bki,5.12,5.3554688
4omd,9.01,8.453125
3s2p,7.17,7.9726562
4bi2,4.03,3.9003906
1iwq,8.06,8.84375
3ip9,5.62,5.5976562
3zy5,6.64,6.359375
4pb1,2.82,2.8242188
4q0a,6.48,7.0
5alm,6.53,6.1328125
4wki,8.3,8.21875
2v2v,4.07,4.3632812
4nzm,6.85,6.6835938
1z4n,4.52,4.640625
4fab,8.06,8.734375
1jev,6.89,6.7539062
4gly,5.11,5.703125
1nd5,8.4,9.2109375
5eay,4.47,4.8515625
1v2m,4.29,4.0820312
1uef,5.49,5.6171875
1okw,5.25,4.9726562
4bde,4.8,4.8085938
4oru,3.68,3.3476562
2z4w,6.01,5.59375
3oq5,4.55,4.2382812
4r17,7.68,7.3867188
3qps,5.6,5.421875
1z6p,6.05,5.8476562
4b5b,6.41,6.4023438
2oc1,5.37,5.3125
4mzf,7.35,7.5195312
1wvj,6.73,6.3984375
4no6,6.11,5.7070312
4y6s,5.03,4.3828125
1q6m,7.89,7.2539062
3iit,8.02,8.0546875
1sje,8.22,7.8828125
3wcf,7.28,7.3476562
4uiy,5.6,5.4296875
3el0,7.47,7.6289062
5dk4,8.7,9.2578125
3lxs,8.1,7.3359375
2qlj,5.36,5.4492188
3mi3,5.45,5.7226562
4apo,4.91,4.6484375
4ge5,6.57,6.6875
2vl8,4.52,4.9140625
3ozj,5.11,5.2460938
3hs4,8.0,8.0078125
1w4q,5.26,5.0546875
4rro,7.59,6.703125
1p02,7.17,6.953125
3h0a,7.48,7.5820312
1nkm,7.3,7.0507812
4nwk,8.7,8.515625
2fwz,7.3,6.8632812
4e9u,5.82,5.3632812
3vv6,3.8,3.6855469
4m48,6.81,6.03125
3pdc,7.49,7.2265625
3hy5,7.7,7.171875
1k3t,4.19,4.046875
4n98,3.55,3.1191406
4jfe,4.51,4.21875
2pks,4.96,4.8710938
1bwn,7.06,6.4453125
4uro,8.4,8.171875
4ocv,5.08,5.3984375
2e9n,8.21,8.4765625
4uwl,8.57,8.625
4awj,2.0,2.1679688
4cga,6.4,6.1796875
3uvk,6.8,6.6796875
5c7a,3.31,3.4414062
2xhr,8.32,8.6015625
5agv,9.7,8.8125
4nrk,7.62,7.2539062
3h5b,10.0,11.6015625
1w8m,1.6,1.015625
1s39,7.7,8.046875
3mg6,7.89,7.1953125
3ibi,8.59,7.8632812
4krs,6.52,6.5195312
1xom,7.96,8.1875
1uwf,6.82,6.7617188
2jdh,6.51,6.1640625
1r5n,5.42,5.046875
2ww2,4.85,5.6367188
2i6a,9.05,8.375
4txe,5.62,5.5546875
3uik,4.97,4.953125
4oq5,6.3,6.203125
2hog,9.52,9.53125
4dkp,5.72,5.703125
3as3,3.8,3.9355469
3pxq,4.43,4.3867188
1ckb,5.28,5.390625
1phw,3.3,3.3984375
3u4i,3.89,3.796875
3bym,8.22,7.8632812
3ckb,2.98,2.7617188
3rxo,4.08,4.0039062
2ykb,5.96,5.703125
2oqi,8.49,7.9609375
2vcx,7.68,6.9570312
3mw1,9.09,9.59375
2an5,5.68,5.4570312
1ong,8.05,8.0390625
3ukr,4.92,4.703125
3p8e,5.15,5.2890625
4nze,6.8,6.5117188
3ex6,3.66,3.6308594
1a5h,6.3,6.6953125
3t2c,4.6,4.2773438
3ttz,8.4,8.3671875
2xuz,7.4,8.09375
4y2t,3.82,4.796875
2nqg,6.48,6.6210938
4o5b,8.3,8.0546875
5c83,6.8,6.5078125
3n1v,3.3,3.4316406
3kqa,4.85,4.1601562
2vv9,7.77,8.0703125
3kc1,9.0,8.9296875
4e35,4.62,4.2851562
2qp6,6.68,6.5859375
3jzg,4.4,4.4375
1f8a,5.0,5.4023438
1gu3,4.32,4.71875
3ij1,4.7,5.4648438
4ogi,7.43,7.546875
1fkw,5.05,5.1171875
2vtr,5.82,5.9570312
3p3u,6.48,6.6914062
4qbb,7.52,8.078125
1xhm,6.33,6.9257812
2ycq,9.85,9.796875
5ew3,8.92,9.28125
1tng,2.93,3.0917969
4fil,7.47,7.2773438
4dhp,4.44,4.5664062
3l54,8.15,8.09375
1r10,3.83,3.8359375
3upz,5.6,5.9257812
4ly1,7.26,7.6914062
4gtp,7.94,7.9453125
2nxl,6.27,6.7617188
4r5b,6.73,6.8515625
3lq8,9.4,8.9765625
2lsp,3.56,4.2070312
3l17,8.28,8.2734375
4udb,9.15,8.28125
3dhk,7.33,7.1289062
5ek0,7.68,7.96875
3cr5,4.19,4.484375
3pn3,6.4,6.2890625
2hs2,8.31,8.9921875
4ncg,7.96,7.8945312
3f6g,4.72,5.375
3qt7,7.31,8.0703125
4dhq,4.49,4.6914062
5akk,4.0,4.2734375
3p8z,6.09,6.0039062
2qju,4.1,4.625
4pdk,8.22,8.1640625
4p4e,6.74,6.8671875
3h85,5.22,4.484375
3t84,6.97,6.984375
2bdl,7.82,7.5742188
2oqv,8.4,8.7578125
2lyw,4.52,4.4609375
4km2,5.84,5.8867188
4prb,3.88,4.0078125
1rxp,7.14,7.1132812
2zg1,2.1,3.2324219
3jsw,7.18,7.484375
1n7t,6.82,6.8085938
4mvn,5.46,5.421875
2pv2,5.91,6.6054688
4mw5,7.35,7.25
2p93,8.82,8.640625
1lf3,7.0,6.8125
4xsx,5.0,4.8007812
1zpb,6.07,6.6640625
3aqt,6.72,8.0703125
2uvm,7.1,6.2734375
1rq2,2.52,2.7050781
4x6j,7.8,7.9804688
4oo9,9.07,8.984375
3fw4,9.4,10.1015625
220l,3.4,4.3984375
3f5l,3.72,4.3242188
1ykp,2.96,3.4101562
4kab,4.03,4.2382812
4kz7,2.49,2.5097656
1w3k,4.3,4.7773438
4jne,5.86,5.9335938
4llp,4.8,5.2695312
3gk4,3.92,4.203125
2pze,6.08,6.015625
1o3j,6.77,6.9609375
3hkt,5.39,5.7734375
3w69,7.24,7.4257812
3rpv,7.15,7.546875
3ffu,6.44,7.0859375
3h5s,8.3,8.7109375
5ai6,4.4,3.8710938
1meu,6.1,6.640625
3mrv,3.74,3.8925781
3qx5,4.2,4.4453125
1rdl,2.24,2.3300781
4x5y,8.03,8.2109375
1x7q,6.73,7.1132812
4q4e,6.72,6.875
4g0y,2.3,2.9394531
3wyj,6.44,6.8007812
4abi,8.2,8.75
4bti,9.7,9.25
1p17,2.82,3.1542969
4cmu,9.7,9.734375
1nq0,10.32,10.2421875
3nrm,8.4,8.5546875
3b24,4.38,4.2773438
4wy7,6.78,7.1875
4qsm,7.41,8.5625
5em5,6.58,6.90625
2jdm,5.4,5.7695312
2w6c,8.41,8.765625
1qka,5.92,5.9648438
1nl6,11.32,12.109375
4z8a,4.76,4.9765625
4bh4,1.49,1.0644531
2yog,4.51,4.1601562
4qw6,5.85,6.0546875
2p3d,6.74,7.4492188
2q93,6.25,6.1367188
3mxy,6.41,6.625
4e4x,8.15,8.6640625
3nw5,5.08,5.4179688
2ykj,6.21,6.59375
2wa8,5.42,5.4804688
2m3m,5.02,4.6953125
3atm,3.06,3.7421875
2y55,3.87,3.3535156
4oc3,8.28,8.109375
2hz4,5.47,5.5429688
2gm9,7.39,7.7617188
2pv1,7.14,8.21875
3amv,7.97,8.453125
2yex,10.0,10.078125
3ivi,7.92,7.828125
4zud,8.16,8.4140625
3lf0,5.71,5.7929688
3aav,6.62,6.4101562
2x6d,7.92,7.9648438
4mwe,5.91,6.140625
4j17,7.27,7.3398438
2gni,5.64,5.5117188
5bnj,8.7,8.5234375
186l,4.85,4.2265625
3fat,7.64,7.3164062
3hqr,5.52,5.6757812
1lqf,8.3,7.8007812
3ipa,6.22,6.328125
4wz5,5.51,5.4765625
4v1c,4.6,4.765625
3khv,1.85,2.4316406
2rcu,6.68,6.8828125
1ghv,4.35,4.2539062
1ppx,7.28,8.0703125
2obj,7.3,7.1640625
4io7,3.68,4.2578125
3qcs,6.5,7.2578125
4d1s,7.66,7.8828125
3oxi,5.66,5.3984375
3le6,7.46,7.6992188
4bcp,6.25,6.2539062
1fq8,6.03,5.625
1o5m,8.72,8.390625
3oaf,8.8,8.921875
2x2l,5.28,5.359375
3ivx,5.74,5.9023438
4db7,6.56,6.75
2igw,1.31,2.0253906
1ndv,5.92,5.8085938
4whh,7.4,7.4492188
4ibi,4.14,3.7851562
1kdw,5.54,6.0859375
4bak,8.91,9.5078125
2bgr,3.6,3.6054688
3po1,4.02,4.6640625
2or4,5.02,5.8632812
1juf,5.85,5.75
2wik,3.18,3.3164062
4x60,9.0,9.40625
1ttv,6.8,6.90625
3hek,8.27,8.46875
2x4s,4.2,5.0820312
1b39,6.92,6.9257812
1drv,6.54,7.1132812
1bmm,7.1,7.5117188
3kjn,5.19,4.4960938
2wig,3.43,3.3984375
1f0s,7.74,7.6875
4abj,7.47,7.8554688
2g5p,8.42,8.53125
3s7l,7.1,7.6953125
3pxy,5.23,5.1132812
4x8o,6.6,6.0664062
2cbr,6.85,5.953125
4pci,5.12,5.2539062
3el8,7.6,7.4023438
1p0y,1.0,1.1367188
2qn3,5.36,5.5195312
1koj,6.7,6.640625
1ykr,6.25,6.7578125
1njj,2.1,1.9111328
4xtz,9.82,9.6015625
3tjd,9.0,8.2890625
4igr,7.2,7.8945312
4wh7,2.3,2.2148438
3sv8,7.91,8.1875
4uxj,5.42,5.15625
2aei,7.07,7.15625
2h2g,5.04,5.375
1i43,3.7,3.8613281
4g2j,7.96,8.296875
4dbm,7.62,8.7265625
3vf3,5.86,5.8710938
4f1s,8.7,8.8203125
2bmv,2.0,1.7949219
1joc,4.62,4.5195312
4c6u,4.59,5.0585938
5afj,4.38,4.7421875
4lar,4.68,6.0625
5bvd,9.8,9.5078125
1mv0,4.03,3.5722656
3lau,4.52,3.9746094
2hmw,7.7,7.796875
3qxh,5.24,5.140625
2p3a,7.96,8.9453125
4nku,4.67,4.671875
4bcf,8.15,8.203125
4rxh,5.91,6.5234375
1uu7,4.85,4.6875
1k03,6.0,6.3789062
2gfk,4.52,4.7421875
2q89,6.3,6.6640625
1ths,7.54,7.6757812
4c1g,5.14,5.1367188
2wti,7.04,7.328125
1ny0,5.85,6.0273438
4l53,7.55,7.4101562
2nv7,8.3,8.109375
4axm,7.89,8.1015625
4kne,5.9,5.71875
1w2h,5.0,5.5703125
4pp5,7.74,7.4882812
4fht,6.17,6.4648438
3c89,6.07,6.4179688
2c8w,8.43,9.390625
1ahx,3.92,4.2460938
3r8v,5.54,5.3242188
3suu,8.52,9.390625
4ym2,2.85,2.6855469
4njd,4.84,5.078125
1fls,7.48,7.5898438
1x07,3.28,3.3984375
4c35,6.25,5.921875
4zsp,5.74,5.3945312
2l6e,6.0,5.3476562
4lm3,2.92,2.5976562
2gnl,7.24,7.1835938
4bw1,5.9,5.7265625
4jin,5.64,5.8554688
5cy3,7.8,7.5390625
1pig,9.15,8.3515625
4k4e,7.62,6.9257812
4k9h,7.12,7.2382812
2r8q,3.24,3.4667969
1a1b,6.4,5.90625
4bdg,4.12,4.6835938
4us4,5.32,5.5039062
4qk4,6.6,6.1601562
4xnw,7.74,7.375
2vd4,4.74,4.6914062
3sjo,5.78,6.1328125
3vha,7.4,7.1484375
2knh,5.15,4.6015625
4j8m,7.32,7.7382812
2rok,4.35,4.28125
3kb7,8.15,8.140625
4j1c,7.31,7.6445312
3daj,5.54,5.1601562
1pu8,3.1,2.5371094
1hpx,11.26,10.9375
2bj4,4.47,4.5820312
2pov,7.12,7.4140625
4z2l,5.85,6.1796875
3wff,6.18,6.9140625
2h44,5.77,5.5390625
4mex,6.7,6.109375
1nnk,5.46,5.6171875
3shc,5.72,6.0859375
3mo2,6.61,6.3320312
5ccl,4.77,4.4960938
3rm9,4.77,4.96875
1uyg,4.27,4.0
4daf,7.12,6.7929688
1fh8,6.89,7.0351562
2py4,6.7,6.7109375
2f5t,5.17,4.6875
2z4y,6.15,5.9140625
3ps6,7.74,7.6015625
3dv5,7.66,7.2890625
3hxi,6.33,6.2382812
2l8j,5.52,5.671875
3tu9,5.12,5.375
4xu3,9.5,8.578125
5ap2,8.48,8.6484375
1vwf,6.51,6.4570312
1csr,7.38,7.59375
1yye,8.57,8.4765625
1yyr,6.29,5.9570312
2zxg,8.82,9.1875
4f4p,9.22,8.828125
1xr9,7.15,6.7148438
4app,7.19,7.4648438
3zls,4.4,4.1289062
4jaz,5.04,4.7695312
1h4n,4.92,5.1914062
4ofl,7.66,7.9921875
2yis,8.77,9.0390625
1upf,4.6,4.4179688
1xur,5.18,4.4960938
2q5k,11.3,11.0390625
2vcw,3.05,3.2714844
2fjm,6.85,7.28125
3lfn,5.5,5.0703125
2nnp,8.37,8.359375
3rt8,6.35,6.7460938
2k1q,6.22,5.8085938
4ufj,4.28,4.734375
5ajo,4.96,3.9550781
3avl,4.18,3.6269531
3l08,10.22,10.5390625
4rj8,7.77,7.2851562
4h85,5.15,5.328125
1nja,6.31,6.2226562
4ca6,6.74,6.9804688
4tkg,6.85,6.9335938
4eny,7.05,7.15625
4jg6,6.44,6.171875
2vvo,2.2,1.9501953
1kti,3.43,3.5878906
5dms,4.53,4.328125
2hmu,7.7,7.4453125
1mfi,5.59,4.953125
3tmk,6.87,5.9179688
4bbe,8.44,9.1015625
2x2m,6.77,6.6796875
4u5n,2.48,2.3945312
4r0i,6.52,5.8867188
2v57,7.1,6.6757812
4a22,8.49,9.046875
3ex3,4.44,4.609375
4uiu,7.9,7.8671875
4x3u,5.09,4.9882812
3pwh,8.72,9.0078125
3doz,5.7,5.0859375
1ind,10.05,9.90625
1p7m,4.38,4.7265625
3q4c,6.43,6.3984375
4e3o,6.51,6.1445312
3d14,7.66,7.59375
1gjc,6.35,6.0703125
3zxr,7.7,6.8867188
1bxo,10.0,9.6015625
2joa,5.96,5.9023438
3b7i,5.82,5.8515625
4nhy,5.64,5.2929688
3svv,6.94,6.7109375
2ath,6.82,6.1835938
4lwc,6.72,6.8085938
2ow6,2.7,2.4414062
4qxq,5.7,5.765625
3ms7,3.43,3.2246094
4ruu,7.54,7.2421875
1ibc,10.25,9.59375
4jck,2.37,2.2109375
2tsr,7.54,8.15625
4o91,6.83,7.0195312
3pd9,6.22,6.5390625
4xx9,5.08,4.96875
1sjh,8.05,7.6875
1s5q,5.28,5.234375
5clm,7.36,7.2382812
2ivz,6.04,5.5820312
4a7b,7.4,7.2578125
1w3l,6.28,6.4335938
4pid,4.62,4.8125
2j7g,7.0,6.40625
3i91,3.3,3.2871094
1m4h,9.52,8.90625
4djs,7.89,7.75
2b07,6.43,7.046875
1g5f,2.64,2.9140625
2asu,9.0,8.5234375
1jbd,6.92,6.9101562
2x4u,4.32,4.8398438
4n5d,3.22,3.2753906
1cj1,8.8,8.640625
3ti6,9.27,8.53125
4jal,4.6,4.7148438
2wxj,9.0,8.7890625
4zs2,5.49,5.5664062
1lgt,6.1,6.4375
3cf1,6.64,6.0039062
4wbg,5.55,5.7734375
1wkm,0.82,1.0498047
5ak4,4.23,4.3828125
4ee0,8.63,9.078125
3h98,8.3,7.796875
1n95,8.92,8.890625
5akz,5.26,5.7734375
5bve,11.0,10.5546875
4wq3,7.0,6.9882812
3d4y,5.7,6.2773438
2viv,6.28,7.0429688
3d3x,4.16,4.2109375
3otx,4.53,4.3945312
3fcf,4.4,4.6328125
2g1q,7.36,6.8984375
2xke,5.38,5.359375
3e3u,7.89,8.0078125
4byi,8.05,7.734375
2yz3,6.66,6.546875
3kab,3.2,3.5546875
3skk,4.47,4.3984375
2w0z,4.03,3.7910156
1j4r,7.72,8.1640625
1lhe,9.54,8.9609375
3bva,6.52,6.3828125
3eky,9.64,10.46875
3avi,3.3,3.4433594
3h0s,6.2,6.1210938
1d4t,6.19,6.625
4nmr,3.53,3.5917969
2xow,5.22,5.7851562
1zsf,9.92,8.640625
1h36,7.74,7.4453125
2qc6,7.0,7.0820312
1fpy,6.0,5.4960938
5dde,7.19,6.8320312
2wf0,6.68,7.1757812
4mfe,2.27,2.6367188
2xk9,10.15,10.484375
3s3i,7.8,7.5507812
1ya4,4.82,5.328125
3q6z,3.72,4.1992188
4edy,5.83,6.1992188
1uvs,5.4,5.5
3skg,8.1,8.265625
4l1u,5.26,5.5195312
4msa,3.3,3.2871094
3bea,8.15,7.6171875
1snk,9.6,9.9296875
1y3y,5.64,5.5039062
3vbg,7.48,7.9882812
4rvr,6.87,7.0
3kme,6.14,6.65625
1k4h,5.11,5.9296875
3q92,7.92,8.015625
2yne,8.57,8.2578125
1oai,5.0,5.0898438
4q3r,6.27,6.3085938
3rwg,8.55,8.84375
3chc,4.09,4.6640625
3sn7,9.15,9.2578125
4hra,10.1,10.4453125
2wd7,4.97,5.1289062
4eg6,7.37,8.03125
4y16,7.43,6.3476562
1rri,5.82,5.8554688
3ayd,4.19,3.9414062
2y1d,6.82,6.6054688
1hte,5.64,5.8789062
2ph9,5.89,5.7773438
4jn2,11.68,10.6953125
3eyh,7.7,7.6132812
4fl3,3.82,4.2460938
3fh8,6.74,6.7265625
2ql7,6.26,6.8632812
1sre,3.85,3.7148438
2xh5,7.57,7.578125
3mkf,4.77,4.7421875
2qrm,4.03,4.3320312
3gws,10.09,11.2890625
2aw1,7.37,7.1796875
1nlj,9.8,10.484375
3d27,4.25,4.7070312
1i8i,7.66,8.1328125
3o95,8.28,8.1875
3atv,5.34,5.7929688
3hp9,4.59,4.2851562
1gag,6.12,6.109375
1nqc,7.3,6.8515625
4fgt,5.41,5.4804688
4ory,3.53,4.0078125
1kqb,4.0,4.3710938
3ii5,7.62,7.1914062
4omj,5.26,5.0742188
3hf8,6.51,6.875
1iig,1.57,1.3798828
3ob2,4.59,4.2539062
4btb,5.01,5.0078125
1j5i,3.64,3.765625
4wwo,7.42,7.609375
4g0k,5.37,4.703125
2psj,7.7,7.5742188
5dda,5.78,6.03125
3mg0,9.25,8.7578125
1ktt,5.82,6.0078125
3qce,5.6,5.7265625
1py5,7.29,7.5976562
1nde,7.82,8.515625
4elg,8.16,8.8984375
3u78,5.6,5.7304688
1td7,4.37,4.1054688
2w78,8.57,9.109375
4des,5.85,6.0273438
3n4b,7.02,7.4804688
4uyg,7.6,8.21875
2mov,7.4,7.765625
4w52,3.76,4.2148438
1rbp,6.72,6.8515625
1vwl,5.63,5.2734375
4ce3,3.96,3.9882812
2c90,3.48,3.7480469
4j0r,6.41,6.453125
2qyl,6.19,6.421875
4cwn,5.59,6.1992188
2ria,2.57,2.3574219
1fvt,7.22,7.5429688
4jfm,5.48,5.4921875
5dj5,5.6,5.6445312
4muv,5.76,5.9570312
2pj8,7.74,7.9296875
2opb,8.74,8.1953125
4tyb,1.7,1.5117188
3lgl,6.05,6.328125
3biz,7.24,7.4765625
2iit,8.59,8.6015625
2yc3,6.85,6.953125
1egh,5.7,5.9648438
3lpp,6.22,6.5898438
1b9s,3.18,3.0351562
3phe,7.8,7.8320312
1pxj,4.89,5.0898438
3wdc,7.92,7.71875
4yo6,5.66,6.1210938
4an9,7.36,7.5976562
2x6k,5.64,6.2617188
3shj,7.47,7.1640625
3vs3,9.37,10.2109375
3tdh,4.26,4.1328125
4jv8,5.85,5.9492188
3ful,3.7,3.7382812
2aia,5.41,5.6328125
4myq,7.49,7.6914062
2w0p,6.52,5.6992188
4j77,5.47,5.8203125
2kp8,4.0,4.09375
2b5j,9.1,10.3203125
4zb6,6.28,6.0742188
1pxk,5.66,5.9257812
1yvx,5.1,5.5664062
3qak,8.32,8.1796875
3sbh,7.28,7.7226562
4f6x,5.09,4.9570312
1nms,6.7,7.5078125
1yej,7.46,7.7421875
4y2x,6.29,7.4179688
1h5u,6.75,7.1132812
3bmo,5.27,5.5429688
4bis,5.85,6.0625
3el4,7.17,7.6992188
3cfv,6.05,5.5429688
1v2k,6.19,5.3984375
2bmg,7.74,8.171875
3c8e,4.15,4.1289062
3o4k,7.62,7.6601562
3cbp,5.6,6.046875
2hny,5.93,6.2226562
2i7c,5.07,5.0117188
3s74,8.4,9.3125
3fzc,5.39,5.5273438
4dcy,4.52,4.609375
3pcu,5.29,4.6484375
3kfn,4.74,3.7109375
2ivu,6.43,6.9414062
2bak,7.43,8.109375
1aj6,5.92,5.7421875
4pz5,6.92,6.765625
4bdk,5.44,5.40625
2zc9,6.74,7.75
4b8p,6.85,6.6289062
3efw,8.4,8.6328125
4xua,4.59,4.359375
3udy,5.7,5.6484375
1rsi,4.42,3.640625
2uw4,5.28,5.5195312
4gao,5.74,5.4726562
3kwb,7.77,8.546875
3be2,8.7,8.03125
2r1x,4.8,4.7070312
3pkd,6.12,6.1679688
3nfk,3.8,3.375
2yaz,5.14,5.234375
1wdy,7.89,7.71875
4usj,4.0,4.3710938
3u8j,8.51,8.9453125
1v2q,4.13,4.3007812
4kod,5.36,5.828125
4anu,7.68,7.9882812
4dgm,5.92,6.5273438
3llm,4.74,4.390625
1no6,4.41,4.5507812
1g6s,5.15,4.9882812
1lek,8.89,8.1796875
3lfs,5.6,6.0585938
3nw6,8.15,8.9140625
3u6a,6.49,6.2226562
3d9m,3.48,3.3027344
4yrt,2.78,2.71875
4pkt,4.83,4.8046875
4drm,5.24,4.9023438
4u79,6.4,6.4023438
2jdl,9.43,9.1953125
3t2q,3.66,3.484375
2aoe,7.62,7.484375
4qjw,7.8,7.7890625
1ody,8.1,8.3984375
1nwl,2.39,2.6699219
2hd6,7.8,8.1796875
3cyy,4.77,4.5507812
2v3d,3.94,4.625
2y77,6.6,7.4179688
3o99,10.82,11.65625
1u3q,8.46,8.4375
4clb,6.55,7.0820312
4itj,6.42,6.6796875
4ocq,4.61,5.1015625
4n8d,4.92,4.6914062
4whl,6.4,6.0039062
4cc3,4.14,4.15625
4hkp,4.55,5.15625
2xfj,7.89,7.59375
4zxy,6.4,6.7773438
4ppa,9.1,8.8671875
3p2k,4.7,4.796875
4ymq,5.8,6.1757812
1p01,9.46,9.4140625
4py1,7.19,6.9765625
3gur,8.0,7.8164062
1sh9,6.03,5.5703125
3t1n,6.1,6.109375
3gnv,7.03,7.109375
3a29,7.89,8.0625
2xb7,9.19,8.7109375
4oem,5.3,5.7890625
2fs8,7.6,7.84375
4ktc,9.0,9.15625
4xum,4.67,4.7421875
3l3x,6.15,5.765625
5aep,7.17,7.8671875
4ngq,8.8,8.328125
4aji,3.55,3.8261719
2qwf,5.67,5.5859375
4e3l,8.52,8.8046875
4bdj,5.14,5.625
3kvw,6.89,6.8203125
2rke,4.08,4.96875
2brc,5.05,4.8164062
3e8r,9.74,9.796875
4kif,4.84,5.25
2r3j,8.0,8.5859375
4kow,4.31,4.53125
1ws4,3.0,2.9804688
3nf3,6.2,5.3789062
1o0n,4.09,4.9101562
4y32,4.05,4.171875
2j2i,6.7,6.4414062
1g42,3.01,2.3320312
2w17,8.7,8.9765625
4urv,2.77,2.5898438
4z2j,6.43,5.9296875
3h0e,8.15,7.5703125
4q0k,4.87,4.3632812
4a4l,7.82,8.234375
1wbw,4.36,4.4453125
3is9,6.42,7.0117188
1h8y,7.7,7.9765625
4lwt,5.41,5.3671875
4yad,5.6,5.6132812
4y6m,7.15,7.3125
4hct,7.14,7.1875
3hvg,2.7,2.6230469
2vwc,6.62,6.3359375
1nfs,9.92,10.4921875
4mz4,7.89,8.3984375
1pip,5.0,5.6523438
4ym4,4.47,4.2734375
4i2w,3.92,3.90625
3e9h,7.55,7.7539062
2zva,7.96,8.4140625
2j7f,6.35,6.078125
3r5n,5.78,5.7851562
4lpg,4.25,4.34375
2zhd,6.54,6.609375
4o6e,9.0,8.4453125
2xf0,4.52,5.265625
4x7o,8.7,9.265625
1bdr,6.68,6.125
4eh8,2.2,2.2011719
4z84,5.82,6.5742188
1k6p,7.36,6.6992188
3chg,3.99,3.7949219
2c4g,5.94,6.4179688
1vea,7.52,7.9609375
3wkb,4.21,4.0585938
2itp,7.95,7.9921875
5c84,6.19,6.1953125
1z6f,4.89,4.15625
3mhm,7.0,7.3007812
4quo,7.92,7.1953125
3d4q,10.52,10.8359375
2ao6,9.28,9.0703125
3dt1,8.62,8.96875
1fao,7.37,6.9296875
1wuq,8.27,8.328125
2gnj,5.22,5.859375
4nl1,3.89,3.6582031
4ded,7.42,7.3554688
1shd,6.17,6.546875
4mss,6.4,6.5507812
1tys,5.49,6.5820312
1hk4,5.31,4.9335938
2bq6,10.15,9.9140625
1nz7,7.12,6.8242188
4mic,5.3,5.7226562
3rqw,2.7,2.796875
3bra,2.7,2.5429688
3wf6,7.48,7.7929688
1m5c,6.3,7.0039062
2wxf,6.74,6.6757812
3d04,6.05,5.5664062
3lm1,4.7,4.5664062
3npa,3.87,3.4238281
2vc7,3.36,3.8359375
1zuc,8.77,8.6171875
3rik,2.47,3.0644531
4lv3,5.49,5.5
3bgb,6.05,6.9140625
4hl5,6.35,6.1757812
4ie5,4.82,5.5546875
3szm,6.4,6.1875
2y4k,5.46,5.6289062
1iem,7.7,7.1210938
1svg,8.7,8.5078125
3ws8,6.68,7.5234375
1x11,6.49,6.453125
2kdh,2.96,2.9140625
1oky,8.19,8.28125
4g9c,8.64,7.8789062
4efs,8.6,9.2421875
3mhw,2.3,1.828125
3kid,3.18,3.09375
4jfl,4.98,5.1992188
1h37,7.23,7.734375
1i8i,7.66,6.9296875
2jq9,4.48,4.6132812
3p55,7.1,6.7773438
3zkf,6.02,6.0976562
3rvi,7.96,7.9335938
1noi,3.15,3.1367188
3djx,2.81,3.3554688
3ezr,5.0,5.0585938
1q84,11.05,11.609375
4rcg,5.03,5.5507812
3ttp,9.12,9.171875
3iqg,4.6,4.7265625
3o6t,5.22,5.453125
3e90,7.39,6.8789062
3r6t,5.86,6.3632812
5aux,5.0,5.5625
4e4l,8.77,9.015625
3u6a,6.49,6.8320312
1mqi,7.63,7.7734375
3nef,5.94,5.7890625
1hkk,7.4,7.2578125
1w76,6.15,6.1523438
5ct1,1.52,1.6484375
4uyf,7.6,7.7382812
3c4h,5.7,5.6757812
1v2t,4.71,4.515625
3pz1,6.14,5.9335938
3pch,5.4,6.0664062
4kin,8.32,8.4765625
2c8x,6.66,6.6015625
2pu0,7.82,8.2734375
1pf8,7.51,7.2734375
4q6d,7.36,7.1914062
3otx,4.53,4.7460938
4oyk,6.74,6.4921875
3avz,7.19,7.3007812
4x0f,7.0,7.3867188
3fat,7.64,6.8476562
3udm,4.48,4.546875
4o04,6.16,6.2070312
3m37,9.04,9.078125
3ook,8.4,8.4375
2cm7,6.68,7.1132812
4kz3,2.77,2.2480469
3vws,3.65,3.4199219
3kmm,9.7,9.640625
1m9n,6.92,7.15625
2fgh,6.55,6.578125
1gj5,4.96,4.96875
2bt9,6.19,6.4023438
3ern,1.72,1.6396484
3axm,5.07,5.171875
2g6q,5.82,5.6328125
1vr1,6.89,7.671875
3pb8,5.24,5.9804688
4aua,5.14,4.8515625
1qj7,8.1,8.2734375
4a9r,7.8,8.1875
1wum,5.29,6.125
1o4l,1.4,1.5263672
3zls,4.4,4.328125
4l1u,5.26,5.5351562
4umc,3.44,2.9433594
3zeb,6.13,6.8242188
3ked,2.44,2.453125
1xp6,9.4,10.0546875
2r59,8.19,7.984375
4ypf,2.7,2.890625
2xh5,7.57,7.7109375
5a5z,4.08,3.9589844
4o4r,6.06,6.0898438
3meu,6.3,5.9140625
1dxp,7.57,7.9414062
4db7,6.56,5.6523438
1rdl,2.24,2.3515625
3rwq,7.46,7.453125
1std,10.33,10.5546875
2wed,6.1,6.0390625
3o8h,6.24,6.7773438
3h2o,4.59,4.484375
2qi3,10.2,10.1953125
4kc4,3.23,3.2089844
4j9a,8.22,8.3359375
3lhj,9.51,9.875
4dei,9.0,9.4375
1f9e,8.7,8.6640625
2jdy,4.37,4.6484375
4m3q,7.77,8.1875
4w53,3.99,4.1171875
4hw3,6.49,6.65625
2p1c,7.68,7.0039062
4nxs,7.37,7.6953125
2e93,6.96,6.9726562
1nhv,5.66,5.546875
2yoj,8.3,8.640625
4e4x,8.15,7.9609375
1y0x,8.7,9.203125
4b2i,3.0,3.0546875
4do4,7.29,6.9648438
4zg6,6.33,6.328125
3q72,5.8,5.78125
2o0u,5.49,5.46875
3s3i,7.8,8.1640625
4n5d,3.22,3.2265625
4l7f,6.8,7.0703125
4eh2,3.16,3.6777344
3m8u,4.89,5.453125
4yl0,8.22,7.9804688
3upx,8.12,7.8085938
4zj5,7.66,7.2304688
4zla,7.3,7.0664062
1tg5,7.92,8.484375
4w7p,7.49,7.3085938
4fcb,8.54,8.625
2xx5,6.7,6.703125
1a37,6.92,7.2929688
1hbv,6.37,6.3828125
3nil,3.46,3.8925781
3ccb,4.52,4.75
2jbu,3.4,3.0429688
2rm0,4.03,3.921875
1q4w,6.46,6.078125
4i7d,7.0,5.5664062
4hni,7.49,8.015625
4fiv,6.52,7.0078125
3nzk,9.27,8.5390625
4qhp,8.05,8.96875
4j1i,7.4,7.3164062
3btc,5.75,5.4726562
2vew,7.19,7.7460938
5ajx,7.96,8.0390625
2xiy,2.44,2.3359375
4pz5,6.92,7.5117188
2jiu,7.56,7.859375
1msm,10.48,9.4140625
1jyc,4.34,4.546875
1br5,2.7,2.1914062
2w10,6.77,7.1757812
4rn1,5.0,5.28125
4c6v,4.59,4.5195312
2pj5,7.82,7.578125
3ue4,8.96,9.1328125
3tiw,7.67,7.5507812
3wti,5.9,6.0507812
4krs,6.52,6.9179688
1e5a,7.64,7.78125
3frz,8.15,8.4140625
3l4u,7.52,7.1875
3v6s,9.12,9.1875
3h0w,6.22,6.6132812
4ysl,5.8,5.3828125
1ce5,4.74,4.765625
4qev,7.66,7.2851562
5afm,4.15,4.40625
4gpk,7.52,7.4492188
2c6e,9.1,9.234375
1mns,4.17,4.2382812
4w9d,4.99,5.0195312
4m1d,7.64,8.0078125
5ap0,8.26,8.328125
2o9k,4.11,3.75
4r6v,7.45,7.5507812
1r58,6.96,7.203125
3w9k,6.32,6.234375
3tay,3.38,3.5644531
2y68,3.6,4.015625
3amb,6.18,6.3203125
4w9o,7.77,8.0390625
1pq6,8.1,8.1875
3rwj,7.8,6.7421875
1eed,4.79,5.3242188
2qqs,6.4,6.7304688
4awp,7.09,7.2421875
1pfy,8.15,7.9726562
4mm9,5.68,5.6054688
3m57,5.4,5.3476562
2hmb,5.59,5.375
5aki,6.12,5.6953125
3mbz,5.8,5.7265625
3p2h,5.44,5.5898438
4uvw,7.72,8.390625
1k08,5.34,5.90625
3byu,9.1,9.296875
3rak,6.89,7.7539062
3hdz,7.29,7.140625
1gx4,3.24,3.3242188
4mr4,5.94,5.8945312
4igk,4.55,5.1054688
1ym2,8.0,8.53125
1r6z,5.0,5.4570312
2no3,8.05,8.328125
3wb4,4.44,4.1914062
2h9t,4.7,4.375
4pce,5.15,4.6054688
4lh3,1.52,1.2529297
4a4h,2.77,2.5976562
2zns,6.54,7.3203125
3bfu,6.27,6.3945312
1f2o,1.91,1.3603516
2x95,4.95,5.1601562
4o5g,4.3,3.953125
4ks4,7.14,7.8085938
5bq0,7.82,7.921875
2oxn,7.44,7.9453125
4ran,7.15,7.4414062
1wug,5.8,5.5429688
2vgc,5.24,4.9570312
1no6,4.41,4.3007812
2dwx,3.74,3.7773438
4r4q,5.09,4.71875
2wjg,7.1,6.859375
4o0x,7.17,7.3007812
2zas,7.86,8.3515625
2wf5,6.0,6.15625
1c4y,7.92,7.4296875
4rn2,5.82,5.8164062
2v0n,6.3,5.71875
4m3f,5.31,4.859375
3aho,7.05,7.0117188
2xuc,4.1,3.734375
4z7q,4.29,4.1445312
4kza,3.7,3.8613281
1a94,7.85,7.8164062
3e7o,6.92,7.125
3rxb,2.66,3.0019531
3skh,6.05,5.4882812
1d6s,4.11,3.9667969
4aoi,8.4,9.078125
4ccd,4.49,4.0078125
5bnj,8.7,8.6875
1ya4,4.82,4.9726562
5ar5,6.3,6.6484375
4m5o,6.42,6.1484375
2onb,5.57,5.546875
2piz,6.77,6.8320312
2f01,13.0,11.2109375
4ca7,7.36,7.5859375
3wyx,8.37,8.7265625
2hog,9.52,9.25
1r10,3.83,3.8632812
3rl4,5.42,6.0039062
4hwt,4.3,4.6289062
2jh6,7.77,7.6757812
4drn,5.24,5.0898438
4leg,4.55,4.3476562
3q92,7.92,8.6796875
4ua8,6.26,6.6015625
2lkk,6.7,6.671875
3c3q,4.32,4.2695312
4o76,6.89,7.0
2w26,9.4,9.4765625
2ewp,7.1,8.1328125
3zqt,4.41,4.6484375
4jvq,6.2,6.125
3s0d,7.05,6.5234375
1oyq,6.96,6.7773438
3q6k,8.37,7.1679688
3t0m,3.94,3.6933594
3hu1,6.89,6.5859375
4rqk,5.82,5.8125
3pj1,7.32,7.6640625
4mm8,6.11,6.0898438
1hk2,6.77,6.3867188
3ctj,7.46,6.859375
3vp1,5.48,5.125
3irx,9.0,8.6953125
4bj8,8.29,7.71875
2vk2,6.89,6.5507812
4bqy,5.96,5.9414062
1m74,7.0,6.4492188
2xxw,6.41,6.125
1jvp,5.8,5.4296875
2gnh,6.83,7.4335938
1nq7,6.8,6.4570312
4dj7,6.3,6.3984375
4fcm,3.94,3.75
4he9,8.46,9.2734375
1tpw,3.3,3.4238281
1ql9,5.35,5.2695312
4msg,10.0,9.28125
4qh7,5.94,5.6132812
2qft,5.26,4.3554688
3u5l,6.19,5.84375
2hpa,4.6,4.1210938
2qlb,5.89,5.4726562
4p0n,8.66,8.546875
3g5v,7.8,7.7265625
3ral,7.0,6.84375
2v6n,5.86,5.4453125
1kmv,6.95,6.8320312
3ftw,2.78,2.9882812
1qhc,7.57,6.8046875
2lha,5.19,5.0976562
2chx,7.74,7.3710938
4aof,7.1,7.5390625
1gui,6.28,6.3125
1w51,6.3,5.7851562
2xbw,8.0,8.21875
1zyj,5.82,5.9726562
1b6m,8.4,8.21875
1unh,7.0,6.859375
4qsx,1.74,1.2861328
2vj1,5.3,5.7421875
4qwi,5.36,5.2617188
3ts4,8.72,8.34375
4lnf,2.62,2.875
2c02,4.04,4.0742188
3fn0,4.4,4.8554688
2wzy,10.72,10.578125
2ceq,7.28,7.0976562
1ywr,7.89,7.6171875
1lvk,5.92,5.4375
1zls,7.0,6.9179688
5am3,8.3,8.03125
4otf,8.22,7.2617188
1kc5,7.0,7.1875
4mny,5.71,5.5898438
4ww6,10.21,9.5
1rzx,4.1,4.3164062
2zdm,6.41,6.3203125
2xru,7.51,7.4335938
1lf9,12.0,11.1875
4jib,7.35,7.2539062
1y4z,7.24,7.1992188
4lsj,9.57,9.6171875
4z9l,8.8,8.078125
2jbp,8.07,7.7226562
2qnx,5.62,5.203125
3ion,8.1,7.78125
4kqq,3.9,3.9023438
3mxs,5.01,5.0273438
2l75,6.05,5.5273438
2oz6,5.26,4.4296875
1y2e,6.8,6.421875
3ux0,6.26,5.3007812
4uvy,8.26,7.234375
2pj8,7.74,7.9492188
4erq,7.12,7.046875
4xta,5.43,5.2890625
1gpy,4.7,4.4296875
3vsx,8.85,8.515625
2g63,8.17,7.7890625
1h9z,5.42,5.484375
4uil,7.24,7.0976562
2vr3,4.98,4.8828125
2xke,5.38,5.171875
3uqr,7.24,6.6601562
2b1r,1.0,0.94091797
2q70,8.08,8.1796875
5edr,7.46,7.5703125
4ucc,4.32,3.6894531
1os0,6.03,5.3945312
3ikd,6.75,5.7265625
3rbm,6.57,6.1367188
2w76,5.0,4.4375
2p93,8.82,8.9375
2c1n,4.11,4.3007812
4e3i,8.89,8.2265625
4trz,5.03,4.5859375
4u7q,9.74,10.28125
1j4q,6.44,5.7851562
2vv9,7.77,6.984375
4tpt,7.04,7.140625
4kpz,2.71,2.6660156
4mk0,5.2,5.015625
2qlf,8.85,8.2265625
1w14,8.52,8.3359375
4mao,7.33,7.0859375
1n95,8.92,9.375
4bdj,5.14,5.453125
4op1,6.89,5.9453125
4zyi,8.1,7.4414062
4fmq,5.05,4.8164062
1tyn,9.7,9.046875
2aod,5.66,6.0625
2vr4,5.68,5.0351562
2vgo,6.3,6.3789062
1c5t,4.1,4.3242188
2f1a,3.14,3.6015625
2b4m,3.53,3.3457031
4up5,2.6,2.7226562
3n7h,4.5,3.7714844
3sv2,4.19,4.2070312
1hi3,4.19,4.3984375
2z7g,8.95,8.9765625
3l08,10.22,10.109375
4j81,4.5,4.2304688
3qcy,7.7,6.9492188
1iup,2.54,2.5703125
1gi6,6.22,6.6132812
1m48,5.09,4.8554688
4od0,9.04,8.3828125
2pr9,7.37,8.21875
3mam,4.12,3.8359375
3srv,7.5,7.7617188
4fvr,6.0,5.5820312
2h03,7.05,7.1640625
1aqi,5.62,5.4023438
4gm8,9.0,8.6640625
3biz,7.24,7.1328125
4eki,10.0,9.953125
4uyh,6.3,6.375
4i72,9.05,8.1484375
1eol,13.42,12.140625
4kb8,7.89,7.46875
2kzu,4.22,3.9648438
4fmn,6.1,5.6835938
1o43,5.66,5.4609375
3s2v,6.8,6.4179688
4mvx,7.24,6.9960938
1mdl,3.09,3.1894531
5afl,3.4,2.9023438
5aom,2.9,2.9589844
3d04,6.05,5.5703125
3kc0,7.92,8.1015625
4zjw,6.66,6.4570312
1ykr,6.25,5.7617188
3g2u,5.27,5.3203125
4qls,7.44,7.6875
1nfs,9.92,8.8203125
3piy,6.54,6.5703125
1h2u,7.89,7.3398438
3fej,6.13,5.9804688
1hgj,1.66,2.5449219
4rse,6.4,6.6445312
4yc9,8.89,8.2890625
3az8,6.0,5.6640625
4mbi,8.15,7.890625
4crl,9.71,9.1640625
3ljt,6.89,6.90625
4ww8,10.17,9.359375
1ing,2.0,1.890625
1zsb,0.6,0.8120117
3r01,5.24,5.8164062
3vhc,8.89,8.5390625
4uvb,5.49,5.6992188
1mmp,6.07,5.515625
2b53,6.22,6.21875
1qnh,6.06,5.3007812
3ati,3.73,3.75
1wm1,6.3,5.6679688
3ihz,6.8,7.3203125
3s76,5.05,5.2773438
4w9g,5.26,5.3203125
2wtx,2.89,2.7929688
3g2h,3.82,3.6542969
3k48,6.31,5.7226562
4u6w,4.21,4.0820312
1g3c,5.8,5.7890625
2uzj,4.57,4.8789062
3wsy,6.36,6.2695312
3eig,7.68,7.453125
1t4e,7.1,7.3125
1db5,6.82,6.921875
2jh0,8.7,8.2265625
2nn1,5.82,5.4648438
3rx5,6.27,6.3945312
4lbo,5.77,5.6914062
2x6w,7.1,7.75
3bft,6.49,5.8359375
1k21,8.38,8.6640625
1zpc,6.6,6.3867188
1els,10.82,12.1328125
3st5,11.3,11.234375
3rwi,6.94,7.3945312
4ocp,6.1,6.0039062
1jmg,6.07,6.03125
4gwk,3.34,3.4902344
4v24,8.37,8.734375
4uxh,5.96,5.9609375
2wl5,4.52,4.8203125
3ebo,4.72,4.7773438
1nnk,5.46,5.265625
1qf0,7.38,7.6484375
2y56,6.51,6.2929688
4ch8,5.99,6.15625
1njj,2.1,2.3066406
5ai8,3.9,4.2382812
3oyw,4.11,4.3476562
4giu,5.33,5.0390625
2flu,7.7,6.8125
4lbu,6.56,6.1210938
3s53,9.64,10.8046875
4led,2.3,2.2714844
4z2k,5.78,5.5507812
1v0l,7.55,7.0742188
4dt6,7.23,6.9960938
1ym4,7.41,7.640625
3hf6,7.59,7.6835938
3s7m,8.0,7.3710938
2exm,4.11,4.15625
2itk,7.69,7.546875
5e1o,5.43,5.3398438
3wab,7.47,6.9140625
4hyi,8.52,8.546875
4x5z,7.63,7.5039062
4e1n,7.17,6.9648438
3vp2,5.1,4.5742188
4qgf,7.16,7.2734375
4e67,6.48,6.6640625
4n8r,5.0,4.9882812
4h3i,8.52,8.734375
4i0z,6.33,6.359375
2y2p,4.7,4.8398438
4b7q,9.74,8.875
1okw,5.25,5.2539062
3sn8,5.65,5.4804688
3m8p,8.68,8.3125
1noj,3.15,2.9589844
3g1m,6.3,6.53125
2gg2,6.6,6.1953125
2etk,6.82,6.875
1ct8,6.52,6.0
2brm,5.89,5.5585938
3b9g,4.72,4.5625
2jk9,6.82,6.953125
2zx5,12.33,13.8359375
2loz,4.06,3.8242188
1qb9,7.44,7.859375
1fgi,5.0,5.3007812
4anq,6.22,6.2148438
3tzd,4.28,4.0390625
3hk1,6.17,6.1445312
4own,4.22,4.0
3qqk,4.82,4.8515625
3fvg,6.89,7.359375
2vwv,4.8,5.2617188
4j0r,6.41,6.7265625
3oy3,7.45,7.1835938
4clp,1.27,1.0947266
4b6p,7.13,5.8125
4qp1,3.61,3.8710938
4xxs,7.28,6.9453125
3imy,9.7,9.515625
1vyz,6.54,7.140625
3ncr,4.11,4.3671875
5alt,4.88,4.4921875
3fum,3.77,3.9199219
4gv8,6.49,6.4882812
4aj1,3.11,3.1152344
4cli,8.89,9.2265625
2yem,7.81,7.4921875
1zlw,5.89,6.1289062
1xka,6.88,6.6171875
2exg,4.3,4.7460938
3ipu,7.32,7.5820312
3njy,5.77,5.6992188
3k7f,7.7,7.9882812
1ai4,2.5,2.2851562
4pyq,5.36,5.2421875
3t2p,3.6,3.7402344
4jne,5.86,5.828125
3psl,6.89,6.5585938
3hnz,7.72,7.3710938
3jzs,8.1,7.8632812
2gv2,8.3,7.7304688
3r8z,4.31,4.4726562
4pni,6.09,6.2929688
3ril,3.84,3.6914062
4rwk,7.19,6.8203125
2r1w,4.6,4.6640625
2f6j,5.57,5.8007812
2cf9,7.82,8.109375
4ht2,6.54,6.734375
3ozj,5.11,4.9765625
3art,4.43,4.7304688
1o3d,7.13,7.265625
5boy,5.6,5.8046875
4mwv,9.4,8.734375
2gvj,9.52,9.1796875
4nyi,3.06,3.1835938
2r2w,4.47,4.765625
3tn8,6.13,6.1445312
5abp,6.64,6.3242188
1lol,6.39,6.1953125
4r6w,5.27,5.2109375
3bgs,9.42,9.640625
4i47,6.92,6.7070312
4rn6,5.1,5.3828125
3hkn,5.35,5.2773438
4um3,7.54,7.3046875
4hw7,7.21,7.25
3k3i,5.72,5.6875
3jq7,5.92,6.2460938
2kgi,6.12,6.328125
3nlb,7.46,8.109375
4nrl,8.62,9.2109375
3ui2,6.37,6.3164062
4exz,7.54,7.4804688
5c0k,2.92,3.0722656
4xii,6.6,6.265625
1u3q,8.46,8.484375
2vnm,8.52,8.7421875
2ei6,7.39,7.0859375
4piq,7.1,7.9023438
4ppc,9.03,9.09375
3odi,7.82,7.4726562
3mvl,7.89,7.984375
2az8,8.22,8.375
2axi,6.85,6.0664062
4y2u,3.24,3.0839844
1utt,4.0,4.078125
4n3l,7.0,7.0273438
1xzx,10.22,10.8515625
1bil,9.3,8.8828125
3wig,8.64,9.203125
1axs,7.77,7.7148438
3mz3,7.83,7.8554688
1w3l,6.28,6.3125
4hys,7.26,7.2421875
4cpw,7.5,7.5234375
1onh,8.21,7.8554688
2gg8,4.6,4.6796875
2c9b,5.54,5.4726562
2d3z,6.64,6.9414062
4wmy,7.07,7.2304688
3m56,4.15,4.0703125
4yve,7.0,6.921875
3tmk,6.87,7.0546875
3twv,4.76,4.8984375
4o6e,9.0,9.0390625
3nin,4.91,4.4140625
4a4x,7.23,7.1601562
4ra1,5.94,5.8242188
4xmo,8.7,8.390625
2g0g,6.29,6.890625
1k4g,5.85,5.7695312
2ez7,4.36,3.8964844
4mm7,3.63,3.5742188
2it4,1.62,1.6425781
1efi,1.92,1.8105469
3d8y,3.4,3.6582031
4eo4,6.35,5.9921875
4btm,5.39,5.3945312
4jp9,7.62,8.1796875
2pem,3.64,3.3945312
4wri,9.01,9.078125
2lty,5.38,5.7148438
4uix,7.3,7.8398438
3csl,7.22,6.796875
4bqw,7.48,7.6523438
1gjd,5.22,5.8867188
2vqm,6.01,5.7851562
2z5s,5.66,5.0546875
1c9d,6.3,6.6757812
1i48,5.7,5.78125
5am1,8.52,7.8828125
4q3s,6.59,6.8164062
4o15,8.7,8.5859375
1gvk,3.05,3.1503906
3f3t,4.59,4.2695312
4aom,7.07,6.7382812
3osw,6.15,6.7578125
4a4f,2.88,2.6113281
3fql,7.15,7.4492188
4uxq,7.8,8.1640625
4nus,8.3,8.53125
3e7a,10.0,10.171875
5agj,6.15,5.8242188
4dai,6.96,7.1640625
1o49,6.36,5.8671875
4do5,5.83,5.6484375
4wy3,3.62,3.5996094
2qu5,8.06,7.5742188
3ddq,6.68,6.7890625
2bmg,7.74,8.0390625
1fwv,3.72,3.8105469
2x6y,4.59,3.9707031
3d25,7.66,6.9453125
2ai8,6.8,7.484375
4da5,6.44,6.8828125
1m0o,2.31,2.1191406
1ke3,6.7,6.78125
4mnv,4.94,4.9765625
1qj1,8.05,7.4492188
4j77,5.47,5.3398438
1xlx,7.6,8.2109375
2nq7,5.54,5.5820312
1nok,3.15,2.8535156
4fcq,7.0,7.5195312
1kuk,3.91,3.9589844
4ocq,4.61,3.8730469
2ate,7.07,7.3359375
4qge,9.3,9.40625
4ib5,6.25,5.8828125
1icj,2.22,2.4882812
1k9r,3.3,3.1621094
4zj6,8.52,8.0078125
1ybg,4.8,4.5585938
4e96,6.66,6.6171875
3ddp,7.14,7.3984375
3th0,4.12,4.4375
4caf,7.12,7.1210938
4mha,8.28,8.5390625
2fs9,8.52,7.9648438
1sts,5.0,5.4101562
3zzh,3.36,3.2402344
4gv1,8.52,8.96875
2ntf,6.52,6.1289062
4nw2,4.54,4.90625
1ogd,3.03,3.1445312
1u9e,8.24,6.953125
2zym,6.14,5.7109375
4o28,7.54,7.3632812
2qn3,5.36,5.6679688
3ksq,9.42,9.9765625
3kqr,4.43,4.8789062
2piy,7.7,7.2148438
3e85,5.38,4.875
3spk,8.52,7.9101562
3dxj,6.22,6.6054688
3bc5,8.3,8.609375
4qtd,5.97,5.3359375
3g70,9.4,8.40625
3wqv,5.21,5.7851562
1zkk,4.48,5.046875
9hvp,8.35,7.328125
1nym,5.4,5.421875
3wqm,6.25,6.1796875
4npv,7.46,7.5351562
3jdw,3.6,3.2832031
4djh,9.49,8.9921875
4omc,10.78,10.40625
1t69,6.32,5.9882812
2clf,3.55,3.6347656
2avi,15.22,13.5703125
1nlp,4.96,5.5585938
3qmk,6.1,6.03125
1ilh,7.39,7.3046875
4qj0,7.32,7.6835938
3uh2,6.0,5.9765625
3h1x,5.89,5.875
2wxd,5.48,5.6796875
1n1v,3.85,3.5996094
3vru,10.0,10.0390625
2vcq,6.04,5.8359375
3rxd,3.73,3.6152344
2cgx,4.81,5.0820312
1c5x,6.68,6.6875
4qxo,5.51,5.0546875
1f7b,4.6,4.7226562
4pr5,5.66,5.828125
4i6q,7.52,7.6875
4md6,7.77,7.609375
2vur,4.52,4.4882812
4zjr,7.54,7.3242188
2q89,6.3,6.609375
3bgl,8.35,8.5625
2fx7,7.7,7.40625
4byi,8.05,7.8671875
1hpo,9.22,8.640625
3ds4,4.19,4.1679688
1g5f,2.64,2.7402344
4ybt,7.0,7.5
3ikc,7.46,7.53125
1hty,1.4,1.3349609
2pmk,5.92,6.1132812
4rvt,5.72,5.5
1sw2,7.22,7.1640625
1bjv,5.54,5.7265625
2y36,6.42,6.09375
4z6i,6.31,6.5
3jrx,9.0,9.2109375
4nk3,6.33,6.0820312
2z4r,7.62,7.5273438
3jpx,3.63,3.5136719
1b9j,5.96,6.3476562
3rkz,7.08,6.7265625
4mnw,5.76,4.9960938
1c3r,6.4,6.0742188
1q5l,3.22,3.5410156
2xzw,5.29,5.5117188
4dew,7.0,6.6640625
4zmf,3.96,3.5566406
2oic,8.4,9.1875
3eq7,9.09,7.9023438
5aad,6.67,6.1875
1tow,6.24,6.1132812
3uo9,7.1,7.3164062
1lhf,8.09,8.328125
4q3t,6.48,6.5429688
2wxj,9.0,8.625
2lct,5.14,5.4726562
1rdt,6.7,6.875
1dfo,6.7,6.515625
1inq,6.27,6.2617188
1g4k,5.7,5.390625
4xqa,4.99,5.0820312
4us4,5.32,5.1835938
4jrg,6.71,7.5664062
2ddf,7.39,7.921875
4d8e,7.01,6.9570312
1v2k,6.19,6.125
4kot,5.46,5.3359375
1dar,4.96,5.9140625
2r3w,6.89,7.015625
4dhu,5.3,5.7421875
1pwq,4.96,4.8945312
5ai5,7.03,7.2265625
2btr,7.02,6.8007812
4ciz,7.29,7.0390625
1amw,4.54,4.5429688
5em6,8.4,8.2109375
2who,7.7,7.1796875
3ztc,4.56,4.3476562
4li5,6.26,6.3085938
4i4f,6.19,6.0585938
3ogp,7.44,6.9882812
3kme,6.14,6.2734375
4mgb,5.44,5.9414062
4nat,6.48,7.4375
4q90,2.15,2.3886719
1yly,7.82,8.28125
4eh3,3.53,3.8046875
3hxb,5.39,5.53125
2lcs,6.7,6.890625
4d0w,7.7,7.7773438
4jai,8.4,8.203125
4afg,8.3,8.015625
4wym,4.0,4.1875
1jiz,8.7,8.6796875
1lt6,3.3,2.8300781
2ha4,2.7,2.5195312
1uyd,3.7,3.4316406
3pju,4.88,5.2109375
3okv,6.23,6.7539062
3zm9,7.42,7.984375
3s00,4.92,4.9726562
4f7j,5.24,5.0742188
2o4l,9.22,9.0390625
4pp7,7.96,7.9765625
3afk,3.6,2.9121094
1o2z,6.11,5.7265625
5ali,7.07,7.4882812
2yb9,9.22,9.6640625
2xdw,8.37,7.8476562
3c4e,4.0,4.3320312
3f2a,7.24,7.8203125
4x47,2.85,2.8574219
5eds,5.54,5.9140625
3ig6,7.6,7.7070312
3k27,4.44,4.703125
4i7j,3.32,3.1113281
1b74,1.3,1.5683594
3zrm,6.89,6.4375
3ff6,7.15,6.40625
3s4q,8.4,9.828125
3puj,4.51,4.3984375
4wt2,10.42,10.7109375
4iku,5.75,5.5117188
2wmr,4.28,4.1523438
4kmd,5.41,5.3085938
4gdy,7.08,7.3007812
4jfj,5.68,5.7890625
1ff1,4.92,4.4179688
4n6h,9.28,8.75
4x7i,7.69,7.4296875
1rwq,10.0,9.8671875
4qg7,8.0,8.15625
3kmy,4.49,4.7890625
4z0q,8.17,7.8007812
3kw9,9.0,9.5234375
4w7t,6.05,6.0546875
1b4d,4.81,4.8867188
3ewu,4.62,4.0234375
2vqt,6.0,6.0742188
3ckp,6.35,5.9804688
3bys,9.3,9.015625
2xdm,7.49,7.7578125
3zdh,7.35,8.28125
2qk5,8.1,7.8085938
1cwc,7.8,8.0546875
1t3t,4.96,5.1914062
3fe7,7.12,7.3632812
4bg1,6.31,6.2460938
2w68,4.74,4.796875
5afn,4.47,4.484375
4umq,5.38,5.2421875
2gj5,8.32,9.0546875
4y2y,5.05,5.203125
2xsb,4.96,4.4492188
4rxe,6.64,6.6796875
5edq,8.7,9.1015625
4ejn,8.3,8.46875
4pl5,4.96,4.6640625
1kdw,5.54,4.9257812
4xu1,9.49,9.8125
1f92,6.19,6.5507812
4nym,3.55,3.4296875
4os5,4.63,4.4414062
2vx9,7.44,7.6328125
1sfi,10.0,9.0546875
3rhx,6.08,6.4492188
4kp5,6.08,6.0820312
2uz6,8.77,8.6953125
1rti,4.77,4.8671875
2g1q,7.36,7.9570312
1zfp,7.59,6.8671875
2aw1,7.37,7.359375
2oc0,7.82,7.5
1hnn,6.24,6.5507812
1yyr,6.29,5.8554688
4wpn,6.68,6.609375
1q6s,7.92,7.78125
4mex,6.7,6.921875
4rro,7.59,6.9453125
2z7i,7.0,7.4140625
4n9b,5.28,5.7929688
4fi9,7.34,7.4375
2xaq,5.96,7.125
2qo8,8.47,8.5234375
1njc,5.55,5.5195312
1oay,5.92,5.6875
1x70,7.74,7.6171875
3hv4,6.51,6.484375
1i7m,9.64,8.625
4drk,5.08,5.578125
3kqb,9.3,9.6875
3hio,6.52,6.9726562
1tok,2.47,2.6386719
1g30,6.85,6.6484375
3e62,4.39,4.6171875
1vea,7.52,7.3203125
1pxh,8.74,8.625
4fn5,6.76,6.8007812
1w83,7.19,7.0195312
1njb,5.8,6.2578125
1tl7,7.92,8.2265625
3t3y,5.47,5.6601562
1jm4,5.0,5.234375
4whr,4.12,4.4414062
1hkm,8.72,8.6328125
4mw1,7.72,7.5234375
4u0g,5.29,5.7109375
4zsm,2.4,2.6835938
1o4i,2.64,2.8652344
1ove,9.13,9.3515625
3b28,8.47,9.3203125
2l1r,3.57,3.7011719
3ow4,7.66,7.0976562
4yym,3.62,3.6933594
4aa1,4.12,4.7070312
5em8,5.96,6.609375
2gnf,5.22,5.2773438
2y06,6.1,5.9335938
1kl3,5.86,6.0273438
2w6z,2.82,3.1679688
2bvx,8.7,9.03125
2ynr,5.77,5.640625
3hq5,7.8,7.765625
1pxj,4.89,5.0
4a9n,5.82,5.875
2h2d,5.37,5.65625
3pe1,9.65,10.0703125
2g96,4.28,4.0195312
3jqf,4.46,4.5195312
4b4q,5.75,5.4882812
3t7g,5.2,5.4921875
1p4r,8.1,7.8007812
4tmr,7.22,7.078125
1p1o,5.76,5.9804688
4tw8,5.58,6.1210938
4gg7,8.2,8.0703125
3uii,5.0,5.5742188
3daz,7.93,7.4335938
3v6r,6.15,5.9375
1ntk,10.49,11.0234375
4f08,6.6,6.328125
1yz3,8.81,7.9375
4x6s,5.24,5.0898438
1ikt,3.4,3.9023438
4uva,5.75,5.0039062
4l0t,7.18,6.7851562
4dt2,4.37,4.5
4nhy,5.64,5.6367188
1yrs,6.35,6.2890625
4ie7,5.05,4.6210938
5acw,3.84,3.9472656
2itt,8.77,8.84375
1hqf,5.0,5.8710938
4c5w,5.48,5.0625
3g0d,8.3,8.78125
1ga8,1.8,1.8408203
1iew,4.59,4.5546875
4ask,7.22,6.9570312
2p3c,7.62,8.2578125
3liw,7.6,7.109375
1fwe,5.6,5.7695312
2bvd,6.0,5.34375
1ugw,3.09,3.2832031
3my5,4.19,4.53125
3s9t,6.82,6.7460938
4pee,8.32,7.6523438
3r7b,6.15,6.2773438
2znt,9.3,9.3203125
4loq,8.15,7.9882812
2gz8,5.52,5.4570312
1nlo,5.47,4.6523438
4tky,5.7,5.625
4j1k,7.89,7.921875
4mx9,8.59,8.734375
3krw,7.38,7.7578125
2b1q,1.59,2.1640625
4x1s,6.87,6.9492188
3chs,7.77,7.5507812
4hxz,6.05,5.5429688
4au8,6.26,6.5664062
1my4,6.98,6.9335938
2qc6,7.0,6.8242188
4yyn,3.96,3.4960938
4z46,2.82,3.0917969
2uy0,6.92,6.9101562
4aji,3.55,3.7148438
1kwr,6.6,6.9921875
3mlb,4.8,5.0976562
2nxl,6.27,6.2421875
1o2y,5.85,5.8203125
1rwx,7.37,7.296875
4dfl,6.17,6.5234375
5avi,6.06,6.34375
4nkt,5.97,6.2265625
1la3,4.0,3.7167969
6fiv,8.08,8.0078125
1a1c,6.4,6.1875
3zs1,6.4,6.8007812
2etm,6.67,6.484375
3r7o,8.36,7.9101562
3mo0,6.81,6.9960938
4xgz,7.62,8.71875
4o9w,7.16,7.2617188
2hwi,5.52,5.7265625
3exo,4.62,4.5390625
3bkk,6.08,6.53125
3qpn,7.77,7.5703125
4rvl,7.38,7.0703125
3dux,7.0,7.2148438
3kqm,3.77,3.5683594
4hrc,8.92,8.8125
3kvw,6.89,7.3242188
4agl,3.65,3.3964844
2xhr,8.32,8.2734375
4ede,7.38,7.0703125
2yc0,2.82,3.0234375
1pwy,4.05,3.8398438
4e6d,8.92,9.03125
2xpb,5.7,5.8828125
3zsy,3.23,3.1230469
3o88,6.37,6.7929688
1s26,3.07,2.7695312
4ga3,7.52,7.4179688
3rdh,5.03,4.65625
5ddf,6.17,5.9257812
3k97,8.0,8.2890625
5d1r,4.84,4.3320312
2aei,7.07,7.1757812
5ek0,7.68,7.3984375
1wxz,8.07,8.5
4rra,4.87,4.1054688
4rll,5.02,5.3085938
2y7x,8.89,8.9140625
4eqj,5.6,5.5703125
4tju,5.44,5.25
1h1s,8.22,9.03125
2wgs,5.6,5.3007812
3cj3,4.24,4.4492188
4jzb,6.47,6.296875
1ryf,8.8,8.9765625
3doz,5.7,6.2929688
4kif,4.84,4.3515625
2gl0,4.82,4.9960938
2ay5,2.59,2.4765625
4gk4,7.85,7.2226562
1sm3,4.62,4.859375
3tkm,9.0,8.625
3ms9,5.22,5.015625
4l58,4.68,4.8046875
1oyn,6.26,6.5625
3ws9,7.04,7.2773438
2q6f,5.44,5.9726562
2gz7,6.52,6.5859375
1d3v,6.96,6.8164062
3dnd,4.8,4.3007812
1fj4,4.59,4.3828125
2gqn,5.35,5.1171875
3exf,6.54,6.2304688
2q7o,7.92,6.5390625
4ow0,6.82,7.3359375
4lh6,4.11,3.7421875
4q3q,5.89,5.65625
1fpp,8.0,8.6640625
3jzg,4.4,4.2226562
2lya,4.19,4.1679688
4wmx,4.85,5.34375
2j9a,5.89,5.9257812
4p0w,5.96,5.828125
1utp,1.44,1.2695312
3dcr,8.2,8.2734375
1cj1,8.8,9.046875
3dcw,9.0,8.59375
1eas,7.74,7.0351562
3qt7,7.31,7.0507812
3h2m,3.67,3.5625
1vyg,8.0,7.7539062
3muk,3.42,4.1601562
2viz,6.22,6.8203125
4e34,6.01,6.65625
3kxz,7.46,7.4101562
2yaz,5.14,4.9296875
1oir,7.49,7.5703125
3iut,6.34,6.9492188
2ymt,8.0,7.1367188
4f3i,7.44,7.515625
4der,6.31,6.2382812
3wcb,7.74,8.34375
2l98,3.61,3.4042969
1u59,7.25,7.5039062
4cpq,7.74,8.109375
4kn7,7.62,7.546875
2azc,6.74,6.7539062
1ugy,3.72,3.9707031
2lpr,8.89,9.125
3zsw,2.7,3.0097656
2x91,6.74,6.734375
3d0e,8.4,9.2265625
2h2g,5.04,5.1210938
1jyi,4.0,4.3242188
1l0a,4.62,5.0664062
4lts,8.36,8.3203125
4b74,7.66,7.9921875
2oq6,3.6,3.7792969
2xfk,8.52,8.203125
3cow,6.9,6.8125
1ype,8.1,7.8828125
5aku,6.82,6.5976562
4bbh,7.1,7.4804688
2brc,5.05,4.6953125
2vh0,8.51,8.1640625
2vd7,5.38,5.9453125
4e5h,6.37,6.6445312
1qx1,2.12,1.9570312
3o9h,12.1,11.96875
4b3u,5.33,5.8789062
3g86,8.3,8.4609375
3mrx,3.39,3.0742188
3s0n,6.74,6.5859375
2xkf,6.06,6.0898438
1ft4,6.57,7.3671875
2x4o,4.77,4.5234375
3qtx,7.15,6.4492188
3dg8,4.7,4.5859375
3lqj,5.37,4.8632812
4eg7,7.34,7.671875
4u73,5.18,5.375
4n3r,6.82,7.7851562
3drp,9.7,9.6875
2zz6,6.72,6.2617188
4a6l,8.0,8.359375
4l7c,5.13,4.9726562
3gpj,5.11,4.9101562
3eft,7.92,7.828125
3pj2,5.14,4.9101562
6gch,4.7,4.6328125
3vbv,5.0,4.9414062
3ove,6.57,6.5703125
3hv7,7.92,8.078125
3sna,4.14,4.4765625
4x2l,4.44,4.453125
1qr3,6.59,6.4921875
4f6s,5.49,4.9921875
4bcd,7.48,7.4414062
4u6e,3.3,3.5917969
3r6u,4.52,4.109375
4gtv,7.42,8.203125
1w1d,6.52,6.3203125
3u6w,6.92,5.9765625
4kab,4.03,3.7714844
4qb3,5.47,5.1640625
4bgy,2.96,3.3828125
2v5a,6.82,6.828125
1y3a,5.41,5.6367188
2zgx,6.74,6.7929688
1t7d,6.03,5.5039062
3t3e,5.99,5.703125
3hpt,8.19,8.453125
2ajb,5.5,5.2773438
1x8d,2.21,1.8564453
5a6n,4.28,4.4648438
4mds,5.21,5.3398438
1dtt,8.3,7.78125
4hvs,7.8,7.3789062
4xy8,6.4,5.8789062
3hs8,5.3,5.9375
4bpj,6.0,5.6992188
4iic,4.85,5.5625
4obq,7.19,7.0234375
4oty,7.4,7.8046875
4nru,6.94,7.2617188
4p4d,5.74,5.8320312
2qu3,6.23,5.71875
2pj9,7.92,7.828125
2a2x,7.69,8.2109375
4g8r,7.66,7.0429688
3ftv,2.93,2.5
3bl9,7.18,6.703125
5dgu,11.35,11.625
4u0e,6.92,6.78125
4a23,5.89,5.7421875
3fuj,3.63,2.8652344
4wn5,7.41,7.8554688
4oyo,3.52,3.9765625
4dmn,5.64,5.375
3prz,7.59,7.6835938
4q1n,9.7,9.25
4oba,9.4,9.875
3shc,5.72,5.6875
2w3k,10.1,10.1328125
1swn,12.0,11.59375
1gwq,7.12,7.3867188
4mg8,6.48,6.8515625
2obo,7.24,6.8398438
4rlw,4.87,4.9414062
1n9a,8.66,9.2890625
4fyh,4.85,4.9765625
4hgc,10.0,11.203125
1xt3,5.7,5.21875
1rej,8.3,7.8828125
3ws8,6.68,6.359375
2xhs,6.0,6.6796875
3qt6,5.37,5.4375
3mn8,6.17,6.9335938
2fgu,9.18,9.6328125
2nno,6.4,7.2773438
4n7j,5.47,5.4296875
2e9a,6.04,6.3398438
3udk,4.49,4.375
1c3e,6.59,6.421875
3kx1,7.0,6.9296875
3oob,4.67,4.4570312
4jzf,6.76,6.9570312
4xm6,4.05,4.5078125
3t84,6.97,6.3554688
1ke2,7.35,7.828125
4x13,3.3,3.8359375
4tln,3.72,3.4785156
4aif,4.84,4.3359375
2hrm,3.56,3.53125
4uoh,4.77,4.6757812
3dcv,8.52,8.28125
3ds6,9.1,8.9453125
1g85,5.48,5.9023438
4rxz,6.74,6.4726562
5cyi,5.88,5.7695312
1syo,9.0,8.1796875
3l7c,2.44,2.3027344
2f4b,7.3,7.3515625
4anu,7.68,7.7773438
2o3z,5.7,6.015625
4aq4,6.17,6.3320312
4usj,4.0,3.8984375
4nzb,4.17,4.34375
3g19,6.67,6.9960938
2j2u,7.33,7.6171875
3rv4,2.3,1.4863281
3mvj,5.49,5.2460938
3upk,4.3,4.2109375
2osf,3.83,4.2304688
3r9n,5.85,5.6328125
4ty1,9.26,8.2109375
2xda,6.22,6.3828125
3vva,9.32,8.6484375
4dpu,7.3,6.703125
3dk1,9.74,10.078125
2c9d,6.32,6.4257812
3v01,7.6,7.3632812
4qzx,6.26,6.1132812
3e37,5.39,5.03125
4h38,6.04,6.2578125
2j3q,6.15,5.71875
3dst,9.08,7.8632812
3f66,6.05,5.46875
1w10,7.55,7.2265625
4heu,10.01,8.8828125
5aix,7.92,7.9726562
3ru1,4.85,4.4179688
2rgp,7.52,6.6210938
4g8n,7.2,6.7070312
3qak,8.32,8.3359375
2epn,7.22,7.2304688
4wwo,7.42,6.390625
4z2o,4.51,4.7226562
1wbg,3.0,2.8925781
4x2s,6.55,5.6367188
2r03,5.15,4.71875
2iiv,8.18,7.3554688
1zhl,5.0,4.5664062
1z3v,4.11,3.1992188
3k05,4.85,5.0
2xdk,3.6,3.5664062
3ckz,8.72,8.0859375
3l8x,8.0,7.5078125
2aov,7.04,6.7070312
4p10,8.1,7.2265625
4mwb,6.49,6.0664062
2or4,5.02,4.6757812
1dwd,8.18,8.6015625
1k6p,7.36,7.2578125
3zsz,2.7,3.1269531
2toh,4.15,3.9921875
1q6m,7.89,7.4140625
4bs0,5.7,4.8867188
4wz8,7.21,6.96875
4hpi,4.85,4.6835938
4ikn,4.85,4.7070312
2qic,5.48,5.4179688
2be2,8.7,7.8359375
1jzs,6.6,6.8242188
3nzx,5.17,5.1015625
5ael,7.41,7.078125
4std,10.33,10.1484375
4utx,5.24,5.6953125
3kyf,6.78,6.7070312
2gg0,5.77,5.9648438
2oag,8.47,7.8046875
3rup,1.57,1.1865234
1c50,6.48,6.1367188
3ujd,4.69,3.6464844
2vnt,8.0,7.3789062
1gsz,7.21,7.0117188
5ct7,7.15,6.7578125
3e01,7.52,7.046875
3bv3,9.34,8.6484375
3f3v,7.14,6.4101562
2y8i,5.89,5.7578125
4o3f,5.56,4.8085938
4kxn,6.1,5.7539062
3vtc,7.89,7.3710938
1j4p,4.99,5.1132812
3lik,8.72,8.4296875
4aa0,7.46,7.09375
2o9a,3.81,3.7167969
4lj3,9.0,8.71875
2nnk,8.37,8.75
2qtn,3.42,3.2089844
1a09,6.7,6.1367188
3gsm,6.48,6.078125
2h1h,4.52,4.6484375
4y32,4.05,3.4101562
4asd,9.28,8.078125
4xub,5.97,5.65625
1g2l,7.24,6.6992188
3nk8,3.0,2.5332031
4zxx,8.1,7.5859375
2wmv,5.04,5.0703125
3o84,7.24,6.7578125
2x52,4.24,3.7285156
4i6f,8.3,7.8867188
5aep,7.17,6.8359375
4uwf,8.15,7.890625
5d11,7.55,7.0078125
3zmq,6.44,6.4492188
2xeg,10.7,9.734375
3rv3,2.0,1.8183594
2zyn,5.92,5.6015625
1gnj,7.04,7.3046875
3qaq,7.0,6.859375
5ai9,6.61,5.9726562
4lgu,8.68,8.1875
3ewz,4.1,4.0039062
1b8n,10.52,9.1640625
2bz5,6.15,6.1445312
3e3c,5.62,5.2070312
3ay9,8.34,7.8515625
2pj7,7.77,7.6445312
4lg6,6.74,6.4882812
4jhz,6.02,5.8125
1gt4,6.52,6.1054688
4n07,6.46,5.9882812
1lev,5.6,5.2226562
3r92,7.02,6.6289062
1nvr,8.11,7.4453125
4xs2,5.82,5.2421875
3atm,3.06,2.8789062
1xk9,6.85,6.4414062
4zme,4.3,4.1875
3ud7,4.74,3.9902344
4i31,9.32,8.6015625
1ule,5.92,5.7851562
2gfs,6.15,5.9882812
4r1v,9.0,8.5859375
3fpm,5.05,4.6132812
5aen,7.22,6.0351562
1nfy,8.89,8.8203125
3muf,6.49,6.5820312
1ghy,8.1,7.0078125
3vsw,6.89,6.3242188
3usn,6.15,5.9375
3qem,7.22,6.3554688
1zlv,6.15,6.6171875
188l,3.33,2.5292969
4jlg,8.7,8.3828125
3f17,8.63,8.1015625
1uyk,4.77,4.3984375
2y4s,6.15,5.8828125
1xp9,8.89,7.6484375
1pmx,5.14,4.1289062
2r3t,5.85,5.6757812
1amk,4.3,4.5117188
2w3l,7.52,6.9882812
3cf9,4.83,4.765625
3jyr,5.54,5.5625
2xy9,9.19,8.5546875
1n4m,6.72,6.9296875
1maw,1.1,0.703125
2vaq,8.52,8.6953125
4ge9,8.8,8.7265625
2fjp,8.37,8.53125
1bzf,8.3,8.2578125
4x11,2.22,2.1308594
4djp,10.55,9.3125
4wp7,6.1,6.0703125
4lq9,4.85,5.3203125
3rzb,4.0,4.0898438
4jfm,5.48,5.8242188
2i0d,12.1,11.140625
1uze,8.9,8.125
4pdk,8.22,6.75
3nww,8.15,7.9726562
4oee,5.76,5.2070312
1tc1,2.7,2.6230469
2vd1,6.86,6.59375
1dl7,6.49,6.0195312
3smq,5.02,4.9296875
4qsv,2.0,1.890625
2ykj,6.21,6.2773438
3qtv,4.65,4.78125
3v5g,7.13,7.2148438
2qtg,5.08,5.4570312
2or9,6.3,6.6523438
4aml,2.1,2.3125
3bl7,8.4,8.7421875
3t4h,5.28,5.375
1d4p,6.3,6.6796875
2ewa,7.94,7.5742188
3apc,7.44,6.390625
3jy0,8.3,7.9023438
1xm4,10.39,10.875
4b84,4.66,4.8632812
4nh9,6.43,6.515625
4b11,5.64,5.2734375
2woq,2.88,2.6757812
3pwd,6.66,6.7460938
2yfx,8.09,8.1953125
4w5a,3.77,3.5195312
3mks,5.72,5.6640625
2qmg,9.15,8.8203125
3zly,3.52,3.53125
3dkf,8.57,8.203125
2e9d,5.89,6.09375
2lsp,3.56,3.0644531
1tng,2.93,3.7558594
3caj,8.1,7.6601562
3ttj,6.68,6.5546875
2gv6,7.34,7.0429688
1ewj,7.49,7.3828125
2w6u,5.0,5.484375
2imb,4.22,3.9414062
2g1r,7.7,7.8046875
3ufl,6.82,6.2929688
3thb,8.7,8.03125
3h26,4.49,5.09375
4hlh,5.96,6.015625
2ynd,7.49,7.0078125
1fh8,6.89,6.3789062
2xk4,4.77,4.8164062
2wk2,6.82,7.4375
1pb9,3.62,3.5410156
2jjr,8.2,8.625
3ti4,6.02,5.9609375
1hti,5.13,4.4921875
3otq,7.39,6.953125
3ryy,7.42,6.7773438
1h6e,6.15,6.5859375
4a4g,2.99,3.3574219
4lk7,5.04,4.8046875
4hgs,8.3,8.6875
1wb0,5.35,5.3554688
5bve,11.0,9.8515625
3che,5.29,5.515625
3txo,8.05,7.7421875
1ryh,7.56,7.5273438
3rni,5.17,5.4570312
4dvi,6.72,7.1015625
1yq7,7.09,7.1640625
1atl,6.28,5.9570312
3rkb,6.42,6.1210938
4ohm,7.55,7.6640625
3b1u,5.72,5.53125
1xow,9.28,8.4765625
3q3b,7.76,7.703125
2jkh,8.05,8.3203125
4w4v,6.94,6.5507812
3bym,8.22,8.1484375
1e1y,5.6,5.515625
2clv,7.88,6.8203125
2wot,7.36,7.0585938
4azi,7.45,7.4726562
4wq2,6.3,6.0585938
3px8,3.64,3.9042969
3zm4,5.96,5.6835938
3tk2,4.62,4.8007812
2gfa,4.98,4.8554688
2l7u,3.98,3.5898438
2xib,7.26,7.1132812
3g42,6.85,6.5625
2fjm,6.85,7.4765625
1jmi,6.06,6.1757812
1nw5,5.21,5.3632812
4n7e,6.48,6.2109375
2bqw,8.52,8.5
1uy9,4.82,4.390625
4j0a,6.8,6.8671875
4mzk,5.31,4.9882812
5fl4,7.0,6.7617188
4waf,5.0,4.8984375
4ew2,6.68,6.5898438
2asu,9.0,9.7265625
4cae,7.74,8.375
3su4,6.26,5.6210938
3ayc,4.24,4.4570312
3fdn,7.48,7.53125
1azx,9.4,8.6015625
3bl2,5.8,5.2070312
2d06,4.08,4.3867188
1e72,3.22,3.0371094
4e3k,9.1,9.125
3el4,7.17,5.9101562
1i5d,8.0,7.7578125
1b8o,10.64,10.8125
3gyn,7.21,7.53125
3qsd,7.19,7.3007812
3ara,6.49,6.8320312
1czc,2.82,2.8300781
3tjd,9.0,8.9609375
4kn2,7.27,6.90625
3f07,5.54,5.8789062
4yll,6.92,6.5703125
1o4h,2.44,2.4882812
3gjs,4.99,4.7304688
3qcs,6.5,6.8945312
4o9s,6.55,6.7734375
4z7n,5.04,4.9179688
5d12,7.37,7.1289062
4g0k,5.37,5.1523438
2yof,4.6,4.9453125
4ok5,4.51,4.6992188
1bn1,9.34,8.6484375
3vdc,4.92,5.3710938
3bi6,7.82,7.0390625
1ayu,9.15,8.578125
4n70,12.0,11.3046875
4y67,6.93,6.6445312
2q7m,8.8,8.4609375
3ll8,6.4,6.0703125
4j09,4.77,5.0
4est,5.02,5.2304688
4e90,8.1,7.7421875
2y55,3.87,3.7734375
1pi5,7.77,7.7851562
5e2p,8.8,8.28125
1f2p,1.9,1.8662109
3sus,4.15,4.0742188
3avk,3.3,3.4941406
4abv,6.07,6.2109375
4qlq,8.18,7.9570312
4i2z,4.87,4.9726562
4dju,5.44,4.8320312
1ai5,3.72,3.703125
3ob1,5.42,5.2578125
2ywp,8.15,7.7929688
3new,5.0,4.5507812
3d7d,7.85,7.2890625
1lb6,4.08,4.3125
4ono,5.19,5.484375
3mpm,7.52,7.9921875
2qh6,6.0,5.609375
3uat,6.66,6.4726562
4e3n,10.3,9.4609375
4oon,7.52,7.4609375
4wpf,6.6,6.5585938
3nox,8.66,8.25
1iyl,9.0,8.296875
5ak6,3.49,3.5898438
1njt,4.82,4.4414062
4o3c,2.59,3.0800781
4uiv,7.8,6.7109375
4rvk,7.87,7.5585938
3ozp,6.62,6.421875
1c84,5.0,4.5898438
2lnw,5.85,5.6757812
1lv8,5.46,5.5546875
4ieh,7.85,7.515625
4ago,4.81,4.1640625
1fkn,8.8,8.0390625
3t6b,6.36,6.2304688
1yqy,7.62,7.1132812
1nj1,7.6,7.3085938
3pd3,4.44,4.2578125
1lpz,7.6,7.1445312
2ll6,10.0,9.2734375
4u0i,8.22,7.6992188
1dmb,5.74,5.1289062
3tdh,4.26,4.2421875
2wfj,7.15,6.1992188
4lge,8.46,8.3828125
3udv,5.59,5.2382812
1f5k,3.74,3.8027344
4c70,3.52,3.4785156
4kww,5.55,5.96875
4eu0,6.4,6.515625
4b14,6.22,6.203125
4y87,7.24,6.6171875
2og8,9.3,8.546875
2pmc,4.19,3.8828125
2x8i,6.72,6.2304688
5ci7,6.92,6.1445312
1jev,6.89,6.6171875
4nka,6.51,6.2695312
4jjs,6.7,6.1992188
1o5f,6.07,5.890625
3c6u,8.87,8.3984375
2r02,5.1,5.28125
3ia6,8.52,8.6171875
4fmo,5.53,5.6015625
3g2y,2.0,2.3613281
4luv,2.85,3.3242188
4kju,8.22,7.8125
4lrh,9.72,9.546875
3i97,5.52,5.4335938
1oko,4.54,3.8964844
4ufh,6.42,6.296875
2xp5,3.44,3.5078125
3b67,8.85,8.703125
3qcf,5.6,5.6953125
3oyl,6.7,7.1835938
2lbm,6.57,6.3046875
3cqu,6.82,6.0507812
4uwh,8.52,8.0703125
3mg0,9.25,8.9140625
5amg,8.22,8.046875
1bnq,9.49,8.8515625
3uzc,9.61,9.046875
3b2t,5.21,5.1953125
4elb,8.3,7.5976562
1dqx,11.05,9.6875
5bue,8.52,7.5546875
4f70,5.74,5.9296875
2yk9,5.09,5.0078125
2hwp,7.14,6.78125
2zoq,6.05,6.0039062
1iih,2.89,2.3691406
4hnp,6.78,6.7460938
4c72,5.09,5.0117188
2o9i,7.4,6.96875
3p4r,2.72,2.296875
4la7,6.57,5.9609375
2r05,5.15,4.4453125
3e0p,7.92,8.15625
4acd,8.31,8.078125
3tne,5.72,5.75
5d6p,5.6,5.1484375
2g00,9.74,9.0625
3t07,7.8,7.6132812
4b6s,6.01,6.0117188
1iht,8.46,8.9765625
3cp9,7.32,7.4453125
4okg,9.32,8.71875
4zsq,5.65,5.6992188
1ols,5.82,5.2226562
2v5x,6.66,6.0117188
1p06,6.27,5.734375
1cyn,7.68,7.7929688
2xf0,4.52,4.0585938
1pi4,7.43,7.8515625
4ly9,8.15,7.9179688
4bfd,7.02,7.234375
2uzv,5.87,5.6054688
4ptg,8.23,7.8007812
1jvu,5.15,4.984375
3cbs,7.24,6.8164062
4yyl,5.01,5.125
4li7,6.11,5.8828125
2xiz,3.89,3.7675781
3gk2,2.7,3.0078125
1ppc,6.16,5.796875
3f33,3.34,3.3242188
3zep,7.66,7.0859375
4jwk,8.32,8.34375
2nsl,4.68,4.5546875
4ngn,7.55,8.4609375
2yi5,7.41,7.0234375
2j4a,10.6,10.1484375
3uvk,6.8,6.1210938
3ew2,6.67,6.671875
3nif,5.1,5.34375
4dcd,5.75,5.9414062
4lkm,6.34,6.5429688
3hrb,7.68,7.4140625
3v2w,7.11,6.7734375
1dzm,5.41,5.1210938
5cf5,8.6,7.921875
3lbl,7.44,7.4257812
3sug,6.21,6.2773438
3kqw,4.01,3.734375
2gj4,6.5,6.3242188
4r6x,5.27,5.296875
2duv,7.06,7.0078125
3fl9,1.11,1.6181641
1n94,8.96,8.5625
1o39,7.13,6.8710938
3veu,7.26,7.2265625
2uwp,6.81,6.8867188
5am4,6.95,7.3007812
3rw9,5.96,5.453125
1o8b,2.68,2.2871094
5c4t,7.66,7.2695312
1hp0,6.7,5.9375
1bug,4.37,5.2070312
3n2v,7.51,7.7851562
3cic,8.52,7.7148438
3i5n,7.85,7.2148438
2ans,5.92,5.7109375
3hyg,7.03,6.8671875
2fuu,5.57,5.8007812
1o4e,3.3,3.34375
1uw6,7.34,7.015625
5azg,5.54,5.6875
1njs,7.82,7.2890625
1h28,6.52,6.3984375
4l2k,6.44,6.0976562
1uj0,4.57,4.9257812
2wxp,8.52,7.9609375
3vnt,8.66,8.953125
1f3j,5.22,4.78125
2vcg,5.77,6.2265625
3cda,7.58,7.0742188
1u71,7.48,7.390625
4a6s,5.2,4.7226562
5auw,5.05,4.7851562
2fzk,3.6,4.28125
3tv7,7.52,7.2773438
3pz2,6.14,5.9648438
3fhr,6.68,6.828125
4b4g,6.76,7.4609375
1z4n,4.52,4.5351562
2e5y,5.85,5.984375
1slg,3.9,4.0898438
1uye,3.7,4.171875
3jzf,5.3,5.2734375
1jao,5.92,5.96875
4q9m,7.18,7.7148438
3k5d,7.28,7.203125
1s17,8.3,8.5078125
3r4p,7.96,7.1914062
4jsr,8.4,8.4296875
2z92,9.1,9.375
3qox,6.57,5.9414062
2vmf,5.85,5.96875
1nzl,7.15,6.7070312
1met,9.4,10.3203125
1uom,7.72,8.40625
4mcv,8.89,8.3515625
4rcd,9.15,9.6171875
3l6h,5.4,5.5
1b4h,5.46,5.4296875
3bum,6.49,6.2265625
2fyv,3.52,3.6757812
1jij,8.52,8.03125
4r93,7.8,7.9570312
4axm,7.89,7.4804688
3eio,6.65,7.3945312
3h1z,4.66,4.8359375
2y3p,5.89,5.6210938
4myh,4.64,4.7148438
1i6v,5.0,4.5078125
4fri,5.55,4.6914062
4trc,4.52,4.2695312
3po1,4.02,3.78125
1e6q,3.15,2.8027344
4e26,6.4,6.2773438
3sff,6.7,7.1289062
4ie6,5.55,4.7695312
1wva,6.57,6.53125
2zu3,6.1,5.4453125
3e63,5.8,5.1445312
4vgc,6.9,5.671875
1tr7,6.82,6.5703125
1gx8,6.37,6.03125
1kyn,5.39,5.0390625
2o4h,6.52,6.3007812
3ds3,5.22,4.921875
3dcs,7.94,7.453125
3zmj,4.93,5.1054688
3uvm,7.52,6.4960938
1h0w,4.89,5.078125
1ogz,5.85,6.0976562
1o4p,2.6,2.4042969
2dbl,8.7,7.6679688
1os5,6.85,6.6328125
1bji,8.7,8.6796875
1cr6,8.51,8.859375
4k3h,6.85,6.7226562
3u9n,7.0,7.0859375
1o0d,8.21,7.828125
4hco,4.32,3.9472656
2ow0,6.7,6.2109375
4w4w,7.46,6.6875
1yon,4.21,4.1171875
4ax9,9.57,8.640625
4h7q,5.06,4.7578125
4bkz,7.57,7.0390625
2go4,5.15,5.1171875
1tu6,9.08,9.2109375
3kb7,8.15,7.140625
4xv3,7.92,7.5117188
1w3j,6.32,5.6992188
3ha6,5.68,5.0664062
2nnp,8.37,8.296875
1gca,6.7,6.3242188
1km3,4.91,4.4960938
3cf8,4.9,4.5390625
4uru,2.22,2.0957031
3sur,4.15,4.0546875
3s3o,7.57,7.2578125
1qti,6.44,5.6210938
4el9,5.36,4.8476562
3svv,6.94,6.9726562
4itj,6.42,5.6914062
4cjp,3.32,3.0957031
4lnb,6.56,6.1953125
2xln,4.48,4.2460938
4b7n,8.78,8.3125
1jpl,5.0,4.7148438
3suw,4.7,4.6484375
3m17,7.4,6.828125
2oyl,6.3,5.6445312
1sr7,10.1,9.3125
3e2m,9.4,8.7421875
4eny,7.05,6.3476562
4rxd,6.52,6.2421875
2qo1,5.57,5.1054688
3n1c,5.22,5.3515625
3l4x,6.89,6.6835938
2xnp,6.44,6.484375
4pyv,6.7,6.2109375
2pj0,8.09,8.453125
2oc9,7.96,7.609375
2q55,8.69,8.015625
4nrq,3.46,3.3144531
2wxl,8.34,8.40625
2z8e,8.0,7.2382812
1bra,1.82,1.6357422
4x60,9.0,8.7734375
1g52,9.54,9.15625
4f9u,6.03,5.8515625
3mhc,7.96,7.8710938
1yhs,8.0,7.3398438
2bza,2.8,2.4316406
2oxy,6.52,5.46875
3rxk,2.68,2.0136719
5ccl,4.77,4.4101562
3qkd,8.38,8.03125
1n3z,4.2,4.140625
4s1g,9.22,8.3359375
2pu2,4.43,4.2851562
4p4e,6.74,6.2890625
3ncz,7.82,7.0898438
3lc5,6.57,5.7304688
2wei,8.47,8.3984375
3msj,3.11,3.3144531
2rok,4.35,4.1992188
5alh,7.07,5.9453125
4lkt,5.9,5.2578125
4wvt,5.31,5.4140625
4s2i,9.0,8.2890625
2uyw,13.0,11.109375
2wzm,5.22,4.9257812
2jdv,8.2,8.140625
5a14,7.3,7.0664062
1fq6,7.86,7.5078125
2xfj,7.89,8.265625
1o5r,8.12,8.09375
1hk4,5.31,5.1992188
2jdl,9.43,9.484375
2w67,4.96,4.203125
4k1b,11.52,12.5078125
1p05,5.96,5.4648438
4d8s,6.49,5.8320312
2qp8,8.1,7.484375
1ftl,6.0,5.3398438
1prl,4.23,4.5234375
3hkw,8.64,7.4570312
3p8e,5.15,4.5742188
4oex,5.84,5.7265625
2on3,9.0,8.109375
3oxi,5.66,5.34375
4e5j,4.73,5.0195312
3c84,7.85,7.0898438
4uvu,5.92,5.484375
1x8t,7.8,7.0703125
1kds,5.77,5.3164062
5d7c,6.85,6.71875
2bzz,6.43,6.0351562
1f40,6.0,5.9882812
2uz9,5.71,5.2578125
1a0q,7.57,7.046875
4qga,7.92,7.984375
2w0s,3.3,2.5136719
3zo2,7.1,6.7070312
2h3e,5.7,4.8359375
3t3g,5.49,5.1875
1oiu,6.68,6.703125
2hhn,7.49,7.4179688
4b4n,3.44,3.5234375
4mr3,5.94,6.0273438
3wgw,5.89,5.3125
4i10,6.77,6.9257812
4wm9,6.92,7.3242188
4azc,5.86,6.1796875
4ksy,8.42,7.8710938
3kpv,3.74,3.78125
3a4o,8.89,8.7890625
4cpy,6.31,6.3515625
1bxl,6.47,6.0585938
3jzc,8.53,9.171875
4fz3,3.73,4.0
4urw,2.8,3.1367188
1g5s,7.32,7.4179688
2r5b,8.6,8.3828125
1ux7,3.0,3.2148438
4jg0,6.76,6.5625
4azg,7.1,7.109375
4i4e,6.3,6.1210938
3mtb,4.63,4.46875
3f15,8.1,7.7460938
2cmb,7.19,6.8242188
3blu,3.46,3.4882812
1oy7,5.36,5.640625
3tvx,4.14,4.2851562
1v0m,5.1,4.3046875
2b07,6.43,6.3984375
1zd5,4.87,5.0429688
2xo8,4.33,4.3710938
2mpm,5.89,5.8476562
1di9,5.3,5.4179688
4hz5,5.92,5.4648438
4rao,6.0,5.8984375
3mxr,4.95,5.3867188
1re1,5.21,5.3320312
1cqp,5.62,5.4648438
4bie,6.6,7.0546875
2rr4,4.78,5.1367188
4b83,5.15,4.734375
1o0o,5.1,5.5273438
3dnt,4.74,4.9414062
3d45,5.68,5.8359375
4oti,7.37,7.5039062
1w0x,5.3,5.1171875
2vo4,4.94,5.2226562
1qka,5.92,5.3867188
3il6,6.57,6.6914062
3iu7,4.8,5.2460938
3lnk,5.94,6.1015625
1e1v,4.92,4.8203125
3shy,7.04,7.078125
2fqo,6.43,6.3203125
3qpp,7.92,7.859375
4aia,3.66,3.4882812
2i3i,7.3,7.5742188
2bks,7.43,8.625
2r2l,9.0,8.2734375
5ak3,5.07,4.7265625
3b7j,5.17,5.5898438
3rg2,4.2,4.1484375
1j1a,7.54,7.8125
2a31,1.01,1.6962891
3ndm,7.96,8.0390625
4ztm,7.6,7.0703125
2fq6,7.1,7.203125
3bbt,6.15,6.0546875
3mpt,6.6,6.2226562
3tl0,6.59,6.40625
4lxb,8.15,7.8984375
4bio,5.12,5.0546875
3snl,9.15,8.6484375
4y0a,2.31,2.5488281
2i0v,6.8,6.6367188
2ybt,4.7,4.2460938
1hqh,6.3,6.3828125
1qwf,6.35,6.6992188
4emv,8.3,8.015625
3ov1,5.2,5.4375
5bvw,8.82,8.21875
2ax9,9.52,9.046875
1jmf,5.77,5.3359375
2a5s,6.7,6.9140625
3c2f,2.0,1.8945312
1pmu,6.23,6.2265625
2y34,7.1,6.65625
1mmq,7.52,8.1015625
3ro4,6.23,6.1367188
9abp,8.0,7.8984375
1eoj,13.77,12.671875
4riv,7.0,7.4414062
4z7f,7.53,7.0234375
6lpr,7.3,6.0976562
4erk,4.57,4.390625
3vp3,4.95,4.640625
3eg6,5.77,5.7539062
1bwa,8.6,8.9609375
4fcf,8.62,8.671875
5djv,7.11,7.4375
3l5c,5.15,4.9453125
4l10,7.15,6.9609375
3zcl,8.0,7.6640625
4jg7,6.92,6.4453125
1k22,8.4,7.8476562
4glr,9.46,8.328125
3s7l,7.1,6.515625
4um9,8.07,7.6757812
3hek,8.27,7.8164062
2vtp,8.52,8.1953125
4bch,7.66,7.3632812
2i4w,11.59,12.421875
4y5h,7.82,7.3359375
4hg7,7.05,6.9335938
4qn7,9.08,8.9375
4ab9,3.33,3.5136719
3kab,3.2,3.2363281
1juj,6.96,6.9921875
1pxi,4.77,5.0195312
4jbo,7.62,7.6015625
4jze,8.15,8.3828125
4at4,7.92,8.1015625
3avb,4.07,3.9414062
4yat,5.03,5.1132812
3q3k,8.13,8.421875
3ibi,8.59,8.6953125
1zz1,6.02,5.5507812
3tnh,6.46,5.9453125
4lnp,3.67,3.96875
1u8t,4.26,4.1289062
2nww,5.48,5.375
2qfu,4.18,5.0273438
3vrw,9.39,9.578125
1ny2,2.76,3.0742188
4ykk,2.77,2.5839844
3ckr,5.3,5.2734375
5ai6,4.4,4.4960938
1sbg,7.74,7.328125
4dfg,11.74,12.4921875
4esg,5.56,5.8359375
1hvs,10.3,10.1796875
2pj3,8.18,8.0859375
1tkc,4.85,5.0820312
1oz0,7.7,7.7304688
3h2a,3.96,3.5644531
2zx7,10.49,10.1328125
3shz,7.44,7.3398438
3nyx,7.49,7.2226562
1gu3,4.32,4.21875
2zq0,6.82,7.3242188
1clu,8.27,7.9179688
4dsu,2.82,2.4648438
5abf,4.85,5.0664062
4djr,11.52,11.71875
4je7,6.4,6.1523438
4w55,4.74,4.5546875
2vfz,3.61,3.9179688
1np0,3.57,3.9414062
1ao0,4.96,5.0703125
4gm3,9.0,7.9726562
4ds1,4.75,5.2460938
4cpx,7.77,7.9765625
4qtb,6.7,6.8203125
4cjn,4.76,4.6875
3n3j,8.48,8.0
4cl6,5.39,5.890625
3kqe,8.09,8.0390625
3qs1,7.96,7.78125
1g9r,5.7,6.6992188
1j4r,7.72,7.9140625
1vyj,7.0,7.5234375
4iti,6.36,6.640625
1o47,8.4,8.921875
3wfg,6.92,6.5195312
5ddb,7.09,7.5390625
4awg,5.96,6.1757812
4j4v,6.36,6.7226562
4ydq,6.52,6.3320312
1bju,4.8,4.8398438
3bxf,5.54,5.4492188
3ck8,3.84,3.578125
4yog,5.74,5.9335938
4j4n,6.88,7.0976562
2osc,7.77,8.046875
2w5g,6.07,6.0039062
3ueo,4.03,4.4179688
2cct,5.02,4.9882812
1dbb,9.0,8.5078125
4xar,6.97,7.2734375
4mw2,6.7,6.8710938
3eko,6.7,6.4414062
2m41,5.1,4.2539062
3l7a,4.33,3.9394531
3dtc,7.59,7.4414062
4yk5,7.64,8.125
2vtn,6.07,5.9179688
4ase,11.0,10.4921875
3qvv,4.42,4.6367188
4ael,7.92,7.765625
2ff1,8.21,8.03125
2y7z,8.7,8.7578125
3qtf,6.96,7.0976562
4u90,6.54,7.7304688
4pzx,6.0,6.4375
4mjq,3.71,3.5429688
2ow2,8.22,7.671875
2xd6,6.19,5.96875
3pxy,5.23,5.515625
4avw,7.62,7.7890625
4i5h,8.7,8.484375
4rj5,7.18,7.7929688
4oz1,5.62,5.59375
4xkb,6.1,6.2304688
2ga2,5.52,5.78125
8gpb,3.6,3.734375
1d7j,3.3,2.8808594
2glm,5.37,5.2890625
3bra,2.7,2.4160156
1bmm,7.1,6.7421875
4r4i,6.27,6.7734375
1j36,7.74,8.3203125
1svh,6.44,7.1132812
2pl9,4.17,4.5273438
2fme,6.98,6.953125
4u6x,6.38,7.2070312
4qvv,5.15,5.0390625
4msa,3.3,3.6503906
1ol1,4.68,5.0390625
4gwi,3.69,3.8066406
3er3,7.09,7.8398438
4b6c,6.16,6.2265625
1a5g,10.15,9.984375
3at4,8.1,7.5664062
4o0t,5.54,5.6992188
4dcv,4.59,4.859375
1kdv,6.22,5.9765625
2wbb,6.04,5.8945312
5c6p,3.7,3.40625
1al7,7.8,7.984375
5akl,7.07,6.34375
3qps,5.6,5.6484375
2gcd,5.52,5.1953125
1z9y,7.19,7.3046875
4ibf,4.43,4.5742188
4inb,6.05,5.3945312
2ph8,5.74,5.5546875
3uxg,3.96,3.640625
4gih,8.32,8.4375
4bcw,4.0,3.8476562
3gl6,4.68,5.09375
1g54,8.82,8.4453125
4mi3,4.12,3.5800781
1hlf,5.64,6.4335938
3ljj,6.52,6.2382812
1gaf,8.0,8.71875
4gg5,9.03,8.546875
3q4j,6.21,5.8789062
4bdd,4.43,4.3789062
4zbi,6.51,6.1835938
1zog,7.15,6.5429688
4c1e,7.14,6.9335938
3fq7,2.52,3.1074219
3nc4,4.58,4.5234375
4x7q,7.85,7.0429688
3pb3,6.22,6.7617188
4x9v,7.85,7.3710938
1d04,4.59,5.03125
2cmc,5.76,5.7265625
1mes,7.7,8.1328125
1qvu,4.46,4.3320312
4mrh,1.9,1.484375
2zv2,6.3,6.4140625
3u6i,9.0,8.875
4z2j,6.43,5.875
2ycm,3.56,4.0273438
3aw0,5.24,5.1210938
4apo,4.91,5.1875
3ay0,3.04,2.3007812
1a7c,4.0,4.15625
1bwn,7.06,6.6875
1biw,6.98,6.6328125
3atk,2.85,2.7539062
4gtm,8.04,7.7578125
4jx7,6.91,6.5859375
2io6,7.52,7.703125
1y2b,4.09,4.1484375
4kup,5.22,5.171875
5cao,7.42,7.609375
3tf7,3.52,3.6171875
4qp9,7.15,7.5664062
2prj,4.49,3.7832031
3tam,8.43,9.0234375
3bzi,5.74,5.6992188
1c29,6.33,6.1132812
4ool,6.85,6.6054688
4l9i,4.89,4.390625
1lqf,8.3,9.0546875
3c89,6.07,5.8867188
2e95,7.1,6.8671875
2z9g,6.15,5.9609375
1bl4,8.74,8.4453125
3ogm,7.32,7.28125
3waw,6.24,6.71875
2rkf,9.08,10.0
3tkh,7.33,6.9804688
4avu,7.85,7.15625
4k55,5.51,5.3085938
4klb,4.16,3.9570312
1ciz,7.44,7.7851562
2v54,4.6,4.375
3lzz,3.84,3.5527344
3tww,5.38,5.2695312
2ew6,4.97,4.5078125
4zum,6.57,6.4921875
4tun,5.41,5.796875
3rm8,6.15,6.1289062
4j6i,8.85,9.1015625
1u3r,8.3,8.421875
2mji,4.25,3.8671875
2ly0,4.8,4.7382812
1a46,5.7,5.5976562
4l70,5.66,5.6953125
4bxk,7.95,7.5859375
1xp0,9.0,8.796875
4p6g,8.11,8.9453125
1f4y,6.08,5.8828125
1sqi,7.7,7.890625
2bxt,8.52,8.703125
4mjr,3.55,4.0664062
3rk7,6.7,6.9140625
4pvt,6.52,6.4921875
2ves,7.7,7.671875
4yef,5.35,5.3710938
3k16,5.8,5.5742188
2xs0,5.15,4.9179688
3zt1,2.7,2.7480469
2cc7,8.01,8.4140625
1nnb,5.0,4.421875
1f47,4.67,4.4414062
2p83,7.96,8.640625
1xlz,6.02,5.5390625
1eei,3.15,3.0898438
2ydo,7.51,7.3046875
1zhk,4.45,4.5039062
5dl1,5.0,4.890625
4tpp,8.59,8.1484375
4amx,2.19,1.8339844
3djk,10.59,10.8046875
4a1w,7.3,7.9335938
1ztq,8.89,9.0625
2qwf,5.67,5.7539062
4re9,4.92,5.2421875
3o96,7.24,7.1054688
2cfd,7.49,7.84375
3doy,5.82,5.703125
1ka7,6.22,6.1601562
1a1b,6.4,6.4609375
4g0p,3.01,2.7441406
4ek9,4.42,4.5820312
4kmu,7.92,8.25
1riw,7.55,7.8710938
4bti,9.7,8.9296875
2d1n,8.15,8.2578125
3nnw,8.05,8.1953125
3oeu,7.51,7.1953125
3ua8,7.85,8.140625
1b1h,7.03,6.9375
4mji,4.09,4.5195312
3pa3,9.0,9.6015625
3t5i,6.82,7.3632812
2ks9,2.04,2.2910156
4mqp,4.98,5.1953125
3cj5,6.34,6.953125
2kwn,5.13,5.53125
3umw,8.52,8.2734375
4o4y,7.81,7.828125
3arf,7.19,7.9101562
4cku,6.82,7.0390625
3tku,5.72,5.3554688
3dcq,5.23,4.7109375
3ddu,7.4,7.203125
2ya7,3.14,3.0449219
4c1t,7.15,7.1523438
2zdz,6.15,6.3125
3av9,3.36,3.6191406
4o1b,6.41,6.96875
2z4y,6.15,6.1757812
4hod,6.1,5.578125
2rl5,8.4,8.46875
3dgl,6.6,6.1132812
4bf6,8.35,7.9453125
2pcp,8.7,8.3203125
1f1j,8.8,7.8789062
3sfc,8.52,8.671875
4lm1,3.23,3.2695312
2fzc,2.7,2.4238281
3n6k,6.74,7.2148438
4pkv,5.25,5.28125
2c92,5.68,6.1289062
3g3d,4.74,4.8632812
4o1d,7.62,7.8320312
3h23,4.71,5.0507812
1egh,5.7,6.3242188
1owk,7.63,7.9101562
4ap0,8.0,8.1640625
4nw7,6.63,6.6132812
3omc,5.0,4.4726562
2jal,4.82,4.9765625
1rt1,8.1,7.59375
3vh9,6.24,6.5234375
3obx,3.89,3.8769531
3u9c,5.89,5.4257812
3qx5,4.2,3.7773438
3opr,6.59,6.484375
3v2o,5.31,5.0742188
4frs,8.77,8.8828125
3ika,7.85,8.171875
3iiy,4.8,4.0429688
4j08,6.66,6.6601562
4qht,4.94,5.1796875
1m0q,3.89,3.7070312
2byp,9.06,8.96875
1x7e,5.97,5.9140625
1u9l,5.02,4.0703125
2a4z,6.6,6.0273438
5alc,8.13,7.7734375
4qpd,7.82,7.265625
4yuw,5.77,5.0351562
2vvv,8.22,7.7148438
3rsv,9.15,8.2890625
1qy5,6.7,6.7304688
1b58,6.59,7.0351562
2pj2,7.92,7.7070312
4ezy,5.65,5.109375
3ayd,4.19,3.9882812
1b3g,6.7,7.1679688
1swi,3.1,3.7460938
4ijl,3.87,3.7949219
1wbw,4.36,4.7148438
4uvc,6.88,6.0390625
2w05,9.0,7.8007812
1qja,6.38,6.0039062
3kdb,9.85,9.390625
4mdq,5.92,6.2734375
3itz,8.85,8.640625
4e5f,4.82,4.8554688
4mep,5.33,5.4375
4mr6,6.6,6.9921875
3vw0,4.67,4.2109375
2yg2,6.05,6.0820312
4nrm,3.2,3.4121094
3ery,5.66,6.1914062
3r5j,6.96,6.4570312
2is0,6.7,7.09375
4nrb,4.42,3.5058594
5fl6,7.36,7.1289062
4zlo,4.92,4.6210938
2flr,6.1,5.4414062
1p01,9.46,8.9453125
1my2,7.77,8.296875
3qts,5.51,5.6132812
3w9r,6.18,6.7421875
5bvf,9.72,10.1328125
4jfi,4.74,4.5664062
3daj,5.54,4.9140625
1ao8,8.22,9.671875
3m54,5.89,5.9296875
4k0o,3.0,2.8808594
3iqu,4.77,5.0859375
2xhm,6.8,6.8164062
1bxq,7.38,7.1171875
3h5s,8.3,7.546875
4r5x,5.26,4.9726562
3stj,4.8,4.7734375
3pjc,7.57,7.6953125
4uyg,7.6,7.0742188
3zbf,7.52,7.3242188
3fz1,7.92,7.1835938
5dj5,5.6,5.9140625
2f3f,6.72,6.5625
4cu8,4.47,4.1953125
4u6z,5.41,5.8125
1m4h,9.52,9.5625
4ded,7.42,7.3007812
4gah,6.1,6.078125
1snk,9.6,9.0234375
1hn2,6.0,6.46875
4gts,7.89,8.140625
4xtz,9.82,9.53125
2pj4,7.89,7.5976562
2xpk,11.3,11.359375
1x7b,8.39,8.4453125
2csm,4.3,4.5976562
1kat,6.0,5.2460938
2e9v,7.9,7.25
3iw7,5.64,5.4296875
4ai8,4.0,3.578125
2h5e,8.25,7.5507812
3oys,8.05,8.28125
4wyz,4.3,3.9960938
2yjw,5.12,4.9375
2ra0,7.8,8.109375
3gqz,2.17,2.6367188
1uk0,8.1,7.7773438
3hy5,7.7,7.7070312
4tx6,5.59,5.6640625
5cf6,8.09,8.5859375
2r0z,5.47,4.859375
4hnn,5.7,5.5664062
3oap,6.26,6.4335938
4l7h,3.7,3.5449219
3i81,7.89,7.9296875
3i7b,7.18,7.4570312
4tw7,7.59,7.7578125
4deb,6.43,6.5273438
5dls,8.36,8.28125
1mtr,8.4,8.484375
1bm6,7.89,7.6679688
1ibg,8.55,8.546875
2gst,6.07,6.4414062
4lkd,5.35,4.828125
3eju,6.6,7.5117188
2ito,6.91,6.8125
3l4v,6.72,6.6132812
2x5o,4.07,4.5078125
1br6,3.22,3.984375
1z2b,6.4,6.65625
3pp7,3.94,4.4960938
2c4f,7.7,7.8984375
4mwu,8.49,8.90625
1jg0,5.3,5.375
2q2a,7.41,7.3828125
1y98,5.43,5.9570312
2r1x,4.8,4.8164062
3qx8,2.86,2.6210938
4qf8,7.51,8.1328125
4ifi,5.48,5.6992188
2df6,5.98,5.5664062
1tsl,6.15,5.9804688
3ska,7.49,8.078125
2z4w,6.01,6.0820312
3rxa,2.85,2.9902344
4zhl,6.47,6.4335938
3ttz,8.4,8.6953125
2ptz,7.82,7.7148438
4ll3,11.57,11.375
2oj9,6.41,6.6601562
2c5o,5.19,5.2109375
1wbt,6.47,6.9765625
3v5j,7.96,7.265625
1gar,10.0,10.265625
4zim,8.62,8.9921875
4rn0,6.59,6.5507812
1p6d,2.94,2.8535156
4wj7,4.89,4.75
3ivv,5.43,4.3984375
3k26,3.4,3.59375
4mk2,6.14,6.1289062
1nc6,8.0,7.7109375
5ak4,4.23,4.6015625
2wor,3.9,3.8339844
4xua,4.59,4.734375
3oz1,8.7,9.0078125
2os9,2.24,2.2128906
3zn1,4.54,4.7265625
1cbr,9.4,10.0390625
4ps3,8.7,8.65625
3nf6,3.53,3.59375
3d9v,8.22,8.5078125
2xz5,4.01,4.0234375
3va4,4.4,4.4296875
2vt3,4.15,4.2695312
1h1r,5.64,5.9570312
2sfp,1.7,1.7412109
2jbl,5.89,5.9335938
2byi,6.34,6.4726562
2jkp,4.23,4.53125
3obu,4.3,4.703125
4ej2,2.49,2.9238281
1o3k,6.77,6.4335938
4qaa,6.44,6.1679688
1o45,9.6,9.125
3c94,6.87,7.4257812
4anx,7.74,7.640625
3s77,7.21,7.7148438
1yid,5.0,5.171875
1zpa,8.4,8.2578125
3qj0,5.2,5.1835938
5aaf,7.44,7.1953125
1n1m,5.7,5.7734375
3n51,7.82,7.875
4ucr,3.3,3.0957031
4n5t,8.15,8.65625
1t49,4.66,4.59375
3kqd,9.4,9.1484375
2pl0,7.21,6.6679688
3qsb,5.08,5.1953125
3s2a,8.09,8.1015625
1p57,4.4,4.734375
4g90,4.51,4.5117188
1pfu,2.72,2.8300781
2aq7,3.3,3.0585938
4daw,7.08,7.1367188
1nja,6.31,5.9414062
2m3m,5.02,4.7460938
3wk7,3.9,3.8671875
1zm6,4.35,4.984375
3t8w,7.54,7.9140625
2uym,5.51,5.5117188
1nl6,11.32,10.0546875
1flr,10.0,9.421875
3mg4,9.3,9.53125
1u3s,8.85,8.2265625
3npa,3.87,4.6054688
4jmh,8.68,8.671875
2oc4,7.07,6.2851562
2g2r,7.89,7.703125
4mk8,9.0,8.7578125
2hxq,6.84,6.6210938
4frk,8.1,7.6953125
2am9,8.41,8.7734375
1xn2,10.52,10.203125
3g0c,5.7,6.0273438
3zm5,6.74,6.7890625
4pvo,6.31,6.1992188
1z1h,8.4,8.125
3jzk,5.91,6.2617188
3a2o,9.08,8.5234375
4fk7,5.24,5.328125
3pdh,6.74,7.5117188
3ivq,4.12,3.9921875
4ebw,5.06,5.171875
4nzo,6.77,7.203125
4r4t,6.26,6.046875
5tln,6.37,6.7734375
4g93,3.52,3.2773438
1dhi,7.26,7.328125
1q3d,7.82,8.25
3p2e,6.22,6.2929688
2va6,6.17,6.0429688
1epo,7.96,8.25
3h0q,6.07,6.0625
1jys,3.52,3.2558594
4bsq,9.15,9.4921875
1wdy,7.89,7.8046875
1tnh,3.37,3.4414062
1pot,5.49,5.7382812
4yvc,5.96,5.4179688
4b82,4.39,4.125
1h62,4.77,4.7773438
2yq6,7.35,8.234375
2x85,3.89,3.859375
2y7w,4.98,5.1367188
4eb8,9.82,10.15625
1xxe,5.41,5.7460938
1qfs,9.48,10.46875
8a3h,4.06,3.8847656
1c86,4.7,5.390625
2qa8,6.0,6.1367188
3i6m,6.46,7.1875
2i1r,5.01,4.7421875
4nhc,7.34,8.140625
4uzh,5.01,4.5039062
1qiw,7.74,8.1328125
4nmp,4.04,4.2421875
4e5g,4.67,4.6523438
4iks,5.14,5.046875
4dwb,5.74,5.7734375
4qz1,5.44,5.2070312
1sln,6.64,6.8085938
3ffp,7.14,7.2539062
1xnx,6.38,6.5390625
2p3a,7.96,7.7773438
5bvn,8.82,8.609375
1t31,8.64,9.03125
1shd,6.17,5.6992188
4k3k,2.35,2.4648438
1d4t,6.19,6.5859375
4r5n,7.12,7.2148438
2fts,7.05,7.15625
1m21,6.52,6.3398438
1bt6,5.7,6.0585938
2j9l,4.0,4.015625
4yjn,7.92,8.015625
3sl5,7.66,7.8320312
1ctt,4.52,4.484375
3i7i,6.21,6.5195312
3wc7,8.26,9.265625
4mk5,6.35,6.6289062
4ozl,4.97,5.4101562
4j2t,7.96,8.46875
1ox9,5.21,6.0273438
4cc2,4.33,4.078125
4yas,3.41,3.0136719
3s6t,7.35,7.3710938
4eqf,6.81,7.2851562
1c5y,4.2,4.5
3dog,7.4,6.7226562
3i3b,2.23,2.8222656
4qvp,6.05,5.9804688
2xuz,7.4,7.9804688
2g24,5.4,5.9023438
1utc,4.55,4.765625
4o10,7.11,7.1171875
4aq6,4.8,4.7382812
4ncm,7.0,7.2070312
2hvx,7.54,8.2109375
3hs9,6.31,6.2890625
4abh,4.15,4.5820312
2ay7,2.3,2.4023438
4uua,5.24,5.0859375
4oar,10.42,10.9375
2yir,9.77,9.8203125
1b6p,8.52,8.8359375
3bmo,5.27,5.1796875
2gek,7.52,8.1640625
1tka,6.1,5.7148438
2uw7,7.74,8.4765625
4wh9,3.0,3.484375
4qf7,8.6,8.96875
3isj,3.68,3.5585938
2f1g,7.54,7.5898438
4cnh,8.4,8.78125
4jkt,7.09,6.7421875
4bao,8.37,8.9296875
1xh4,7.47,7.359375
1bqo,7.74,7.984375
4n8d,4.92,5.1757812
4x34,6.12,6.203125
1stc,8.1,8.4140625
4w9n,4.26,4.1875
3a4p,7.55,7.6015625
1gny,4.14,4.2109375
4aft,6.47,6.4414062
3nzu,8.85,9.6328125
3zrk,6.89,6.1445312
2yiv,2.78,3.3164062
3zrc,5.27,4.9882812
3nzw,5.82,5.3867188
3k8c,2.92,2.9472656
3gjq,5.33,5.640625
4km2,5.84,6.0820312
3uef,4.68,4.0429688
3zyr,5.34,5.3554688
4c68,6.17,6.25
1o4a,6.92,6.9257812
1mui,11.89,12.046875
6rnt,2.37,2.3671875
3wi6,5.33,5.0820312
2xfi,7.82,7.6679688
4ju3,7.07,7.2109375
4mhz,6.87,6.3476562
2b1p,8.52,8.078125
2vrx,7.35,7.4179688
4q3r,6.27,6.796875
2z4o,9.57,9.6015625
4iuv,5.72,6.015625
4irx,6.12,6.5625
4pns,4.52,4.7382812
3vry,8.11,9.078125
4deg,8.22,8.2890625
4j1c,7.31,7.21875
4kzl,6.15,6.0898438
3w55,7.1,7.1992188
4prj,7.14,7.0390625
1h79,4.89,4.2929688
2clh,4.06,4.0234375
2w1g,8.52,7.9140625
4uvv,7.49,7.4921875
1xmu,9.08,8.8671875
4uwk,9.0,8.6640625
3v8w,8.07,7.703125
2cmo,6.4,6.1992188
3be2,8.7,7.9570312
1aqj,6.47,5.7382812
1il3,2.55,2.5136719
4cby,7.7,7.4570312
4p0b,6.54,6.2539062
2f6v,4.43,4.1640625
5c8m,7.19,7.1523438
2wk6,3.32,3.1875
3d78,7.64,7.65625
2yhd,4.64,4.5625
3i6o,10.35,10.3515625
2h5d,8.19,8.078125
4zls,9.09,8.8671875
4ylk,6.74,6.8710938
4jbp,7.39,7.2734375
1y0l,9.0,7.9375
3sdi,8.33,8.359375
2mg5,6.15,6.2148438
1rhq,7.75,7.0
1tkb,8.0,8.2265625
4j17,7.27,7.4960938
3rz9,6.92,6.0117188
1a4q,5.44,5.3515625
3qs6,4.89,5.4726562
3miy,7.68,7.0976562
2r8q,3.24,3.265625
2j75,6.65,6.7070312
1vik,9.52,7.9960938
3da6,8.7,8.078125
3wf8,6.63,6.1640625
3ut5,5.74,5.203125
4awf,5.57,4.7929688
3f0r,6.89,6.9023438
3nfk,3.8,3.9589844
4umr,3.8,4.03125
3dpf,7.24,7.3242188
2ydi,6.82,6.5742188
2g9r,6.08,5.3476562
1d5r,1.82,1.6689453
4og8,7.25,7.0429688
4dzy,5.62,5.3945312
4d1c,5.7,5.609375
2xxn,6.41,5.8007812
3nu4,8.82,8.3046875
2bkt,7.64,7.296875
4ega,7.19,6.4023438
2won,6.2,5.4335938
2gfd,6.28,5.8203125
4ibj,4.33,3.875
4gjc,7.05,7.046875
3k8d,5.77,5.3632812
1pzo,3.32,3.1054688
4na4,6.92,6.7148438
4alw,7.57,7.1835938
1ftk,4.84,4.953125
2jdo,6.64,6.4335938
1cwb,7.89,7.3828125
1zsf,9.92,8.0546875
5av0,3.55,3.4316406
3ij1,4.7,4.2539062
1dbj,7.68,6.9375
3u3f,5.1,4.25
3v8t,9.52,8.953125
3t01,4.48,3.671875
2xx2,7.3,7.28125
1h4n,4.92,4.125
4ot6,5.92,5.2109375
4a2a,4.35,4.5742188
3wdd,6.11,5.46875
1i41,4.57,3.8867188
4lwc,6.72,6.4882812
3f69,6.0,5.9609375
2hh5,7.49,7.2304688
1xff,4.82,4.6171875
3uvq,7.77,7.7304688
1csi,8.8,8.7421875
2rg6,8.66,8.0859375
1ws5,3.03,2.7421875
4eox,9.55,8.765625
4bw4,6.2,5.5117188
4at5,7.42,6.9453125
4bs4,8.22,7.3984375
4tyo,7.1,6.7539062
2vti,6.18,6.359375
3t8v,6.59,5.8945312
1o9e,4.18,4.3710938
6cpa,11.52,10.7890625
1oq5,7.68,7.453125
4x6i,8.0,7.0429688
1lnm,8.7,7.9296875
3lf0,5.71,5.0820312
1py2,7.22,6.6875
1mu6,8.38,8.046875
1y1z,3.08,2.9316406
2i5j,6.3,6.1484375
1ms6,9.52,8.5
4meq,3.6,3.5898438
3pi5,6.02,6.125
4lm0,3.25,3.3925781
4b1c,7.1,7.1679688
4flp,6.72,6.6132812
4gjd,8.52,7.8125
2ica,7.7,7.1523438
1if8,9.64,8.53125
1dtq,8.22,7.8554688
1acj,8.09,7.9179688
3qar,6.49,6.3476562
1txr,7.74,6.8554688
1g74,6.52,6.2773438
3fnu,6.16,5.5273438
3nwe,7.6,7.421875
2vto,6.85,5.9609375
3sgx,5.49,4.8085938
2vtt,7.36,6.7148438
4oag,6.3,5.8085938
1tmm,6.64,6.40625
2xe4,7.16,6.4140625
2rnx,3.4,3.6425781
1nhw,4.84,4.0351562
4gvd,4.57,4.453125
2zxd,5.22,4.9921875
1ucn,5.22,5.4179688
4yyi,4.19,4.0859375
1g3d,5.55,5.6640625
4qxj,5.9,6.0820312
4mib,9.7,9.953125
4c6u,4.59,4.9335938
1sdu,10.07,11.0859375
4ycl,8.15,8.1015625
3k0k,5.43,5.7226562
4mc9,9.44,9.46875
2bpy,7.4,7.6875
3in3,7.22,7.796875
1yy4,8.6,9.703125
2i40,5.8,5.6992188
2ggd,3.8,3.859375
3u81,4.44,4.9257812
3cm2,6.47,6.9140625
2glp,5.01,5.0976562
4ktu,6.16,6.5117188
4yml,8.35,9.390625
4xxh,5.0,5.2773438
1g46,8.8,9.40625
4ghi,7.09,7.1367188
2op3,6.31,6.203125
1x11,6.49,7.3085938
4kxl,6.22,5.9765625
3upz,5.6,5.34375
2gg3,6.24,6.375
3d27,4.25,4.4335938
4oyg,5.18,5.359375
4j1h,6.11,6.234375
3thd,4.05,4.5585938
4ddm,2.46,2.9589844
4c3k,4.97,5.6328125
1m5c,6.3,6.421875
1g2m,7.4,7.2695312
4eok,5.07,5.65625
1ew9,3.22,3.0429688
4cwn,5.59,6.0429688
1kdz,8.22,8.625
1qjb,6.38,6.7304688
4x1f,7.97,8.2265625
4bhz,4.27,4.625
2ogy,4.48,4.8398438
2p53,7.46,8.1953125
1bxo,10.0,10.71875
3itc,1.6,1.4589844
5d1t,5.77,5.7070312
3gen,9.14,9.671875
2wo9,7.21,7.875
1ke8,6.0,6.53125
4x3s,5.89,6.0585938
4y83,7.77,7.4492188
2puy,4.52,4.3632812
5abg,8.05,8.3359375
3fqk,7.09,7.7539062
2brp,4.0,4.0390625
4wmv,4.03,4.1953125
5cxh,8.3,8.640625
3m6p,8.35,8.2890625
3ztx,7.74,8.2578125
4rj3,7.03,7.21875
2b1z,7.1,6.8476562
4i12,6.39,6.421875
4jwr,6.21,5.8984375
3rz5,7.89,8.40625
1ov3,6.72,7.0820312
4rx8,7.46,6.9726562
3u10,5.44,5.9023438
4wef,2.59,3.1289062
3ie3,6.68,7.1210938
4k75,4.25,3.8300781
3jwq,7.6,8.234375
4z8m,7.44,7.6328125
2d0k,5.02,5.0742188
4txs,3.0,3.1269531
2w2u,4.46,5.1523438
3mhw,2.3,2.859375
2wap,6.64,6.5117188
1caq,7.72,8.640625
4ac3,3.96,4.6601562
4r1y,6.4,7.1679688
2bed,8.15,8.4609375
3p3u,6.48,6.5585938
2ofv,9.7,9.4140625
4tyb,1.7,2.3632812
4bb9,6.0,6.8828125
3avi,3.3,3.2890625
3l5d,4.11,4.359375
4b5t,3.33,3.4433594
4a7i,8.7,9.6796875
3c43,7.72,8.203125
4h3f,9.0,9.109375
4jk6,7.19,7.0859375
3lqi,5.16,4.546875
4mo8,8.0,8.3984375
1lyb,11.42,11.296875
3ny3,4.71,5.5078125
3mhm,7.0,7.2539062
4o3a,2.59,3.0546875
1nd5,8.4,7.8164062
4hej,4.62,4.3242188
6std,8.64,9.7421875
2yj8,8.19,8.625
1hsl,7.19,7.7539062
4dho,3.93,4.0351562
2g94,9.52,9.65625
1nw7,5.09,5.0078125
3br9,7.21,7.578125
1re8,9.52,9.5390625
4n1b,5.96,6.1914062
1fvv,8.0,8.4453125
1o4m,1.4,1.5380859
2qbw,7.25,7.0585938
3buw,5.83,5.7460938
4uwg,8.15,7.9648438
4jfk,6.44,6.6328125
1l5r,4.77,5.3945312
1kna,5.15,4.7578125
2chw,4.77,5.1132812
1npw,8.7,8.9375
3iaw,5.8,5.7734375
3opp,6.28,6.3554688
1w0z,7.68,7.9335938
4ie5,4.82,4.6328125
4kij,4.3,4.9023438
4i5c,8.82,8.6796875
3c7q,7.68,7.1601562
3hjo,6.52,5.84375
3au6,7.92,8.1328125
4o07,7.38,7.6015625
4ks5,6.89,7.0117188
3gs6,6.59,6.6640625
2v3u,3.0,3.4628906
3vzv,8.04,8.0234375
1xh5,5.47,5.875
4v11,6.49,6.390625
1e9h,7.46,7.171875
1nlj,9.8,9.625
3kc3,6.8,7.078125
2i6b,7.17,6.9492188
2uvm,7.1,6.9296875
2ayp,8.15,7.7617188
1xsc,4.3,4.1171875
4lko,8.22,7.2695312
3sxf,8.6,8.3671875
2byh,6.59,6.4023438
3h52,4.85,4.3671875
2a14,5.7,5.890625
4xc2,5.37,4.7109375
2xg5,4.66,4.6015625
3qo2,6.85,6.4179688
1w6y,5.36,5.1875
4ezt,5.13,5.4375
1g50,6.28,6.1523438
3sjt,6.06,5.875
1w11,8.22,7.7695312
4q7v,3.59,3.3242188
2jko,8.11,7.5117188
2x24,6.48,6.359375
3l3a,6.38,6.5507812
3c2r,3.11,3.28125
5cgc,9.3,9.578125
2cgf,6.41,6.296875
4aoc,4.27,4.2148438
1rst,4.43,4.3320312
2qmj,4.21,3.9003906
4s3f,6.24,6.6875
4m5n,5.12,4.828125
2hz4,5.47,5.2734375
4gj2,8.6,8.4609375
2wd3,7.07,6.5429688
4dko,6.52,6.4414062
2gm9,7.39,7.1289062
4o4g,8.05,7.96875
3w2q,7.18,6.9492188
3twu,5.62,4.8203125
1pqc,7.0,6.859375
4knb,7.33,7.2851562
4j8t,6.77,6.75
1tl9,5.52,5.6054688
3rtx,3.86,3.46875
3bgb,6.05,6.140625
4res,7.85,7.0546875
4tw9,7.7,7.875
4dem,7.55,7.1953125
1heg,7.74,7.7851562
3vo3,8.85,8.515625
4pd6,4.44,4.3164062
3wvm,5.71,6.2226562
2p3d,6.74,6.5546875
1r78,8.52,8.0390625
2v12,9.05,8.78125
2w0p,6.52,6.703125
2h4k,5.49,5.6210938
3g4g,9.04,9.6484375
2i3v,6.55,6.75
4b0b,3.33,3.6777344
2wyn,5.55,5.25
3p3t,7.24,7.2382812
3l0e,8.0,7.8671875
3hvg,2.7,2.7558594
3gpe,5.74,5.4570312
2r9x,4.85,4.7539062
3pup,8.22,8.796875
4mot,7.3,7.0625
4ljh,4.71,4.6914062
3efr,5.08,5.6640625
1j4k,4.0,3.7578125
4hvb,9.95,10.5390625
4hbv,4.64,4.8945312
4glx,7.8,6.8046875
4rrf,3.62,3.8183594
4wx4,9.22,9.328125
4tmp,5.43,5.2460938
2qoa,7.28,7.7148438
4gjb,4.0,4.4140625
3n3l,3.3,2.6796875
3fty,3.21,3.3144531
4ehr,7.89,7.8398438
4drm,5.24,5.0859375
2g9u,6.08,6.3554688
3ryx,8.14,7.8671875
3ow3,6.13,6.2578125
4abi,8.2,6.828125
4g9c,8.64,9.1015625
5a81,5.54,5.2734375
3ejq,8.57,8.5703125
1wvj,6.73,7.203125
2tpi,4.31,4.109375
3nmq,9.7,9.703125
4dsy,4.43,4.3789062
3qk0,8.7,8.640625
3u6j,8.21,8.234375
2zm1,6.66,5.9414062
2w1h,7.28,7.1367188
4aro,6.8,6.609375
2evc,6.54,6.9726562
4eyj,6.21,6.3398438
4az6,9.1,8.9453125
2jc0,4.7,4.6992188
4imz,6.92,6.6328125
3fqe,8.3,8.1328125
4gvu,7.52,8.2109375
2fxv,5.35,5.203125
4qy8,7.19,7.265625
3jy9,9.0,8.640625
4zz3,6.0,5.9648438
3kr2,5.14,4.3945312
4ztn,7.72,8.0
3cs8,5.77,5.6679688
4xyn,5.89,5.6015625
4a51,6.73,6.6054688
4jit,6.64,7.2929688
3ejs,6.6,6.953125
2ydj,8.3,8.015625
3zsq,4.96,5.515625
1c3b,7.57,7.2929688
4idv,7.4,7.4257812
3kpu,3.16,3.4199219
4prp,5.66,5.1992188
2f4j,5.66,6.3789062
3gf2,1.7,1.8496094
2fx6,3.7,3.4199219
3hkt,5.39,5.3671875
1bgq,8.57,8.34375
1gz4,3.7,3.5410156
3qfy,6.12,6.1875
2zyb,7.7,7.46875
3hdm,7.4,7.4765625
1ro7,3.18,3.5683594
2w6q,4.6,4.359375
3bar,5.7,5.7460938
3li2,9.0,9.1328125
3g0e,7.7,7.4140625
2f34,6.89,6.9648438
2qln,5.43,5.3203125
2e9n,8.21,8.984375
4mcc,6.25,6.2773438
1c83,4.85,4.78125
4cqg,9.39,8.71875
4jck,2.37,2.1367188
4oel,7.0,6.5898438
3f88,8.64,8.0234375
4cmt,9.7,9.78125
1uu3,6.12,5.8867188
4qpl,7.41,7.2773438
3eor,1.4,1.2832031
1il5,2.66,2.3359375
3n7s,7.7,7.515625
3ekv,9.41,9.4609375
4er1,6.62,7.1210938
2fdd,8.32,7.6835938
4rh5,6.9,6.4101562
4awm,5.72,5.2460938
2h2j,5.38,5.3398438
2ivu,6.43,6.7929688
4mz5,6.1,5.8984375
1b40,7.28,6.6523438
2llo,5.82,5.3828125
4i0t,7.59,7.5
1abt,5.85,5.6914062
2i4x,11.72,11.8203125
3vtb,9.3,8.8046875
2k0g,6.97,6.3632812
4bbf,8.66,8.0703125
3avm,3.3,3.2890625
4b7z,4.31,4.3164062
4ikt,6.17,6.1210938
4gz3,5.74,6.234375
3wmc,6.51,6.703125
2khh,6.56,6.3984375
1uh1,5.48,5.4335938
2an5,5.68,4.953125
4o55,5.3,5.4804688
4ruu,7.54,7.6875
4z1n,8.23,8.1328125
4gvm,6.11,5.890625
2x7s,5.78,5.5117188
4qip,5.15,5.5976562
4o44,7.85,8.140625
4o78,5.34,5.3554688
2gbg,7.25,7.375
4ie4,5.48,5.453125
4ff8,6.4,6.3945312
3nzi,5.59,5.4140625
5e0l,6.4,6.4335938
2a3c,4.43,3.9453125
4dhp,4.44,4.7578125
1lzo,4.54,3.6464844
4kip,8.15,8.296875
1ujk,6.57,5.6953125
3owb,7.72,7.3710938
4wmc,8.05,8.2578125
2i4d,11.68,11.203125
4pgb,7.48,6.125
1jwm,3.57,3.6601562
1jn4,4.95,4.140625
2jsd,7.77,7.0546875
4pis,7.22,7.390625
4q0l,7.7,8.0078125
3opm,6.62,6.4921875
1ivp,7.52,8.0625
4an9,7.36,7.1171875
3p4f,5.66,5.859375
4dfw,7.85,7.7773438
3qbh,6.82,6.7382812
4i9r,6.95,6.9921875
1a2c,6.3,7.1523438
3bvb,5.49,6.9101562
1ml1,4.28,4.0546875
4j51,6.59,6.2460938
1k6t,7.62,7.9609375
2d1o,7.7,7.5703125
2j9h,3.39,2.9042969
4bdt,8.96,8.8671875
2giu,8.82,9.359375
4keq,3.82,3.6523438
1meu,6.1,6.15625
3d4q,10.52,10.6796875
1z5m,7.52,7.4414062
1is0,7.0,6.0273438
4bo0,6.7,6.5820312
2ohr,4.0,4.0234375
4p45,7.8,7.53125
3ryz,8.62,8.4453125
3n46,4.3,4.0859375
3sv6,7.46,7.6992188
2pmn,5.2,4.484375
4jve,7.07,6.7226562
2z5o,6.0,5.8984375
4pfu,6.17,5.3710938
4dro,5.41,5.1757812
1kdy,6.38,6.140625
3rqf,4.41,4.7695312
1mzs,5.15,4.875
1s9v,4.0,3.8203125
3kf4,9.3,9.1171875
1v2v,3.37,3.359375
4nga,7.77,7.7695312
1oiq,5.54,4.8359375
2psx,5.77,5.7617188
4yv0,3.28,3.2402344
3orn,9.62,9.875
3oaf,8.8,9.296875
4bco,6.88,6.7734375
1zxc,8.1,8.2734375
2iog,8.1,7.515625
4lkh,3.0,2.5917969
4qxr,6.0,6.5390625
3qck,5.24,5.6875
1xbc,7.92,7.5625
3s71,8.64,8.5625
2zjf,7.72,7.6015625
1x7q,6.73,6.7226562
5dia,10.46,10.890625
4bo3,6.52,7.1289062
1kzn,8.92,9.1640625
2w0z,4.03,4.3515625
2c9t,7.48,7.4140625
3if7,7.21,6.8125
4pri,4.03,4.4882812
1p5e,4.81,4.4921875
4wvl,6.88,7.3085938
4fht,6.17,6.2265625
3anq,6.74,6.3046875
4x21,7.44,7.71875
1bzs,8.0,7.3359375
4bak,8.91,8.7421875
3l1s,8.7,8.8046875
4o13,7.82,8.15625
2evl,6.7,6.984375
2w77,9.19,7.5898438
3dgo,6.74,7.0546875
1jik,9.7,10.0390625
2a4g,7.18,6.7890625
3fsm,7.0,7.6875
3v31,5.8,5.640625
4bkj,8.72,8.375
1yvh,7.37,7.4296875
2olb,5.54,6.1367188
2fj0,7.66,7.953125
1s5q,5.28,5.171875
1vij,9.52,8.7578125
3ftq,5.33,5.2773438
4j8m,7.32,7.1953125
2y6c,5.0,5.1523438
4hup,4.82,4.6328125
4dbn,8.15,7.8125
3uvn,6.59,5.8515625
2a0t,4.82,4.671875
3d8z,3.37,2.6738281
1mqg,6.28,6.5
1j80,6.52,6.4296875
1fhr,4.0,3.7578125
2amv,8.8,8.734375
1y6a,7.66,7.34375
4x8p,5.48,5.078125
3mbl,7.74,7.578125
4jju,6.29,6.609375
2vpg,5.68,5.5195312
3nnx,7.96,7.7421875
1t2v,6.4,6.3515625
3met,6.0,6.0195312
1a1e,6.0,6.4179688
3hzy,7.0,6.8515625
2xcn,6.92,6.65625
1yci,4.08,3.4804688
3iny,3.66,4.0273438
4iax,9.56,9.328125
3efs,5.34,5.640625
4uub,4.76,4.3125
3ow6,6.66,5.9726562
4j84,4.69,4.2265625
2co0,5.48,5.5234375
1t1r,5.4,5.2265625
4cps,8.27,8.4140625
3wqh,8.48,8.046875
4qz7,5.65,5.4453125
3haw,6.0,5.4414062
3h85,5.22,4.8867188
1o2x,5.85,5.0898438
5alg,7.52,7.6601562
3zpt,8.51,8.1640625
2f14,9.19,8.484375
3d4y,5.7,3.2695312
3vqh,5.92,5.3671875
1ok7,5.92,5.4101562
4arw,7.13,7.2265625
4kz5,2.0,2.3496094
4c4g,8.22,8.1015625
1fbm,6.22,5.8710938
2zkj,5.48,5.5351562
2pks,4.96,4.640625
3k5g,8.6,8.7265625
3juk,4.89,4.8242188
3ibc,4.91,4.8789062
4unr,8.7,8.5703125
2v3e,6.52,6.3476562
4c16,4.96,4.9609375
3q7j,4.52,4.4179688
3u3z,5.36,5.1367188
2c4v,2.6,3.1660156
3rul,6.85,6.5742188
2ltx,5.39,5.1875
1z3j,8.0,7.1210938
1h35,7.54,7.2734375
1inc,9.34,7.5039062
1uxa,2.3,2.5898438
2x2r,7.12,7.1992188
3k39,8.08,8.203125
1tou,6.0,6.015625
1etz,7.24,6.8671875
4rj4,7.8,7.4335938
4joo,4.43,4.4804688
1rjk,10.0,9.4296875
4agc,10.7,10.140625
2e27,9.35,9.171875
3g3m,5.96,6.0039062
2x81,8.3,8.515625
4pn1,6.17,4.75
4klv,3.78,4.078125
3dsz,7.77,8.1484375
3ask,6.43,6.2617188
3nrz,5.34,5.3320312
4y2j,3.1,3.4375
2jkt,6.51,7.015625
3t2q,3.66,3.8808594
3ip9,5.62,5.7929688
1okx,6.8,7.96875
4ou3,4.41,4.6796875
3s8o,6.85,6.8164062
4gxs,4.0,3.9375
3upi,8.22,8.5625
4jn2,11.68,12.5546875
4ryg,8.1,8.328125
4mx5,4.55,4.796875
1xm6,6.38,6.4609375
4uac,6.54,6.078125
4tu4,3.76,3.3574219
4e0w,7.48,7.203125
3iub,4.54,4.4296875
4qwl,6.18,6.5664062
3cid,8.3,7.9804688
4qtc,6.4,6.6484375
2pvv,3.36,3.2167969
4bhn,8.2,8.0703125
3qup,6.32,6.6601562
3o1e,5.74,5.3398438
4zud,8.16,8.171875
3ddg,6.0,4.8203125
3a29,7.89,7.578125
4j8r,7.7,7.8984375
2j7x,8.77,8.8515625
2oc7,5.85,5.6796875
4q07,8.14,8.3671875
3rt6,7.15,6.7265625
3vtd,7.92,7.5039062
2xzc,5.64,5.296875
1n3i,8.89,7.96875
4clb,6.55,6.1484375
2x2m,6.77,6.6914062
3dga,4.52,4.2851562
4m13,6.7,7.3085938
2a3b,3.33,3.1621094
1rev,7.48,7.4101562
2h6k,5.06,5.46875
3tdu,5.67,5.5078125
4jj8,6.14,6.46875
1bmb,6.15,6.0859375
4q46,3.77,3.8125
3mea,6.3,5.8984375
4men,3.9,3.8710938
4ayw,4.0,4.8242188
4gtt,8.22,7.234375
2nsx,7.2,6.1953125
3byo,8.15,7.90625
3oil,5.68,6.0117188
3o0g,6.22,5.8359375
1lkl,5.81,6.2109375
5efa,4.83,4.7265625
1o34,5.74,5.8554688
3arb,6.63,6.4375
3d7m,6.44,6.6757812
1tv6,5.4,5.2578125
4csj,8.31,8.8046875
3ii5,7.62,7.6484375
1gja,5.42,5.3007812
3tyq,8.3,8.0859375
1f4g,6.48,6.2578125
1kv2,10.0,9.375
3kdu,6.46,6.2890625
3zzf,0.4,0.9199219
2zlf,4.51,4.8828125
1ung,6.8,6.4296875
3emh,6.85,6.5429688
3b8r,9.22,9.2734375
1cin,8.73,8.6015625
2xup,12.39,12.515625
3oxc,8.41,8.0703125
4mss,6.4,6.5117188
4udb,9.15,8.921875
3jxw,9.0,9.1796875
4f6x,5.09,5.2109375
4fkk,9.3,8.296875
2wez,7.64,7.953125
2vtm,3.0,3.0292969
5a3h,4.57,4.5976562
5aoj,4.68,5.2929688
4bgh,8.4,8.3359375
1o2j,6.92,7.15625
1tys,5.49,4.7304688
4p75,4.1,4.3203125
1pl0,8.22,8.5703125
2l8r,3.92,4.1640625
1err,8.11,7.40625
3jzb,9.01,8.6015625
5c13,6.1,5.9492188
2m0o,5.38,5.6601562
4btl,5.6,6.1640625
4pra,5.66,6.1796875
4etz,6.3,6.5351562
3v49,8.02,8.4765625
3rpy,5.32,4.96875
3kfa,7.6,8.265625
1rt9,10.25,10.5546875
2aeb,8.3,8.21875
3dd8,7.85,8.0703125
1ymx,4.85,5.1601562
2h9m,4.46,4.8164062
4nw5,7.7,7.8789062
4mra,4.47,4.453125
1hkj,8.59,8.921875
3l6x,4.4,3.9414062
3n35,3.37,2.9609375
2k1q,6.22,6.1484375
4b32,3.34,3.1269531
4cp7,8.11,8.265625
1fsg,5.02,5.1835938
4rsc,6.63,6.5664062
5dde,7.19,7.46875
3krd,8.17,8.625
2xbx,7.82,7.4375
4li0,6.59,6.671875
2f70,4.47,5.09375
2x4r,4.77,4.7695312
3i91,3.3,3.2109375
2iw9,8.05,8.3046875
1ga9,7.08,6.75
4xyc,7.51,7.453125
4ufi,6.2,5.5820312
1o4n,1.4,1.5791016
3dbs,7.12,6.953125
3u18,6.09,5.890625
3rwc,8.12,6.9609375
3shj,7.47,7.2148438
2rib,2.82,2.5527344
1cw2,6.15,5.7421875
1k1o,6.17,7.09375
3kqo,3.85,4.0585938
1n8u,6.03,6.546875
3nkk,4.7,4.875
4ybs,7.24,7.7890625
3ls4,6.3,7.1367188
1bux,4.85,5.0273438
3avj,3.3,3.7558594
3o4l,5.09,6.1601562
1jwu,5.34,5.6640625
3p7b,7.74,7.0976562
2pow,7.2,8.109375
4mka,9.0,9.4140625
2lk1,4.09,4.328125
1xkk,8.52,9.484375
3cph,6.48,7.0585938
1m1b,4.66,4.8398438
2bxu,7.15,7.7734375
1br8,4.74,5.8320312
1kkq,6.62,6.5351562
2a3i,6.05,5.8632812
4nah,6.31,6.6601562
1utn,3.49,3.0371094
1swp,11.0,11.203125
1oxq,6.3,6.8984375
220l,3.4,4.171875
2itp,7.95,8.0859375
3rbq,6.27,6.421875
2wc3,6.08,6.53125
2fs8,7.6,8.25
3luo,6.95,7.6210938
3fxw,5.96,6.0351562
3nij,4.89,5.875
4msk,7.2,7.3164062
4y2v,4.04,4.3203125
2bmc,7.57,8.6015625
4c6x,3.76,4.3671875
3wtk,6.53,6.8125
1fpi,5.89,6.34375
2xyu,5.35,5.546875
3vbx,4.77,5.3984375
3l5b,3.91,4.5351562
1gbt,2.0,2.1386719
2qtb,8.32,8.7265625
2wi1,2.4,2.4414062
4y2t,3.82,3.9667969
1mxl,3.81,3.9375
1hk3,6.59,7.0
1mwn,6.7,6.7265625
2l6e,6.0,6.9257812
4nnr,7.26,7.3125
4hdp,7.51,8.71875
3fyz,5.8,6.2382812
3kqc,8.66,8.9453125
2ohl,3.05,3.5585938
3n5e,6.82,6.7695312
2w7x,7.62,7.4648438
1x8j,6.96,7.3671875
2q1l,7.91,8.3203125
3clp,3.69,3.7675781
4nni,5.5,5.75
2il2,7.1,7.0664062
3ok9,11.23,12.1015625
3kaf,6.08,6.609375
4kjv,7.74,8.1015625
2r3n,7.15,7.921875
3m8t,4.0,4.0195312
1cil,9.43,10.3125
3k23,8.2,8.4921875
4wyy,6.0,6.3945312
3qd4,8.2,8.375
3hl7,7.64,8.21875
4uxj,5.42,5.5742188
4pxf,3.1,3.0976562
4q4o,7.46,7.71875
4aj2,2.38,3.1328125
4jk5,7.55,7.609375
4b5d,7.89,8.3125
4u71,5.22,5.0664062
4bae,8.52,8.8828125
1r0x,3.83,4.2070312
4hv7,3.52,3.3085938
3eht,5.17,5.234375
3r5n,5.78,6.0390625
4az3,8.3,8.0859375
4ov5,7.43,8.0703125
1k27,9.0,9.5234375
4xuc,5.96,6.3515625
4eb9,8.27,9.0703125
2aou,7.73,7.6210938
2wd7,4.97,4.5859375
3mpf,6.37,6.3710938
3g0g,8.3,9.4609375
4ddy,5.62,6.234375
4rrq,5.47,6.046875
4lys,4.34,4.4570312
1xor,6.41,7.0390625
2ckm,8.82,9.109375
4l7o,4.88,4.9101562
4n4v,8.7,9.2265625
1ghv,4.35,3.9550781
3le6,7.46,7.4179688
2m3o,5.3,5.0585938
4jql,6.0,5.7734375
4nb3,7.66,8.9296875
1lxh,7.19,7.9179688
2zg1,2.1,1.9775391
3u8d,6.33,6.9101562
4h4b,2.7,3.0644531
3nan,8.22,7.9882812
4gsy,6.92,7.1796875
4w4s,5.02,5.1953125
3zlx,3.8,4.0898438
4c66,4.1,4.9492188
4obz,5.72,6.4296875
2jnw,6.11,6.8789062
1xot,5.42,6.125
1mq1,6.59,6.8515625
2vtr,5.82,6.4570312
2nm1,7.47,7.9296875
5hvp,7.7,7.96875
2cgu,4.87,4.75
3ilq,5.21,6.3867188
4f1l,5.12,4.9453125
4ny3,4.31,4.2851562
3moh,2.84,3.2363281
3mwe,1.54,2.6757812
4oru,3.68,3.9980469
3fu3,2.84,3.7285156
3jzr,7.44,8.34375
4au7,4.76,4.8164062
4mga,5.86,5.640625
3o9b,12.3,12.1328125
4qiy,7.3,7.2578125
3px9,3.42,3.6308594
4b6f,3.3,3.2851562
3eky,9.64,9.7890625
3v3b,7.26,7.2617188
3sm1,5.84,6.0078125
3p44,8.01,8.3046875
3psb,8.52,8.5
2o9j,6.92,6.90625
3d1z,8.8,8.53125
3hvc,6.22,6.4296875
3zuk,7.46,7.7304688
4m2v,7.44,7.8671875
4acx,7.11,7.0585938
1eb1,10.43,9.9453125
1ydk,5.89,5.84375
4io8,6.64,6.8867188
4h4e,6.68,6.96875
3kqt,5.34,5.5390625
4m8e,7.89,8.0234375
4rt0,5.5,4.96875
4bt3,3.12,2.8808594
4bdk,5.44,6.0234375
4qkd,4.09,4.5273438
2flh,3.97,4.09375
1pdz,3.7,3.4023438
1qaw,5.12,5.3085938
4jyv,7.77,8.296875
3fzc,5.39,5.3710938
4o0r,7.44,7.75
4jq7,6.41,6.2304688
2qrh,4.71,4.4335938
1bqn,6.22,6.46875
3g5y,7.46,7.3242188
1tmn,7.3,7.6171875
3gwu,4.71,4.859375
4o0z,7.24,7.3671875
2hz0,6.48,6.2851562
3pxq,4.43,4.3398438
2oym,5.0,5.203125
1szm,5.53,5.1015625
3ppm,9.54,9.7421875
3s22,5.46,5.5546875
3udj,3.62,3.8925781
3nsq,5.21,5.6835938
4ymx,7.1,7.7265625
1zoe,7.4,7.796875
4mhs,5.29,5.2539062
4oas,10.0,10.0546875
3dpe,7.24,6.8554688
4ijp,7.8,7.6796875
3bea,8.15,7.3203125
1ekb,6.0,5.6796875
3st6,3.62,3.5703125
1ld7,8.96,9.203125
4acf,5.8,6.2578125
3qlc,5.43,5.53125
4kz0,5.38,5.296875
2zwz,7.79,7.484375
3rxe,4.76,4.6367188
1xoq,9.17,8.890625
3g2w,5.66,5.9882812
1s9t,6.82,6.5820312
3hha,7.9,8.0859375
2lsv,5.27,5.4570312
1vrt,7.1,6.8710938
4joe,3.56,3.4746094
4bhf,3.46,3.4257812
4dv9,6.72,6.953125
4nbn,4.36,4.46875
2wf2,7.59,7.4257812
2o1v,5.3,4.8984375
2clx,4.88,4.2929688
3kig,6.61,6.5625
1w1g,7.68,7.9414062
4wsk,6.43,7.015625
4bdf,4.09,4.2382812
4k2y,3.33,3.2714844
4bdb,4.07,4.5546875
4hnc,3.17,2.7929688
4ps7,7.41,7.5429688
4qp6,3.46,3.6601562
4pji,3.7,3.515625
3h9f,7.92,8.671875
4ndu,2.74,3.3007812
1b0f,7.7,7.7578125
1i8j,4.41,4.1992188
3mtd,3.47,3.7207031
4cd4,6.58,6.0742188
4pnt,5.82,5.609375
4hzz,8.08,7.7265625
2jaj,4.6,4.2929688
4kc1,2.91,2.4375
1sqn,9.4,9.53125
1rek,6.7,6.9921875
4or0,7.46,7.375
4zom,8.52,8.65625
4ehz,8.0,8.140625
3s9z,6.22,6.25
1h3b,6.85,6.8359375
1r5h,6.74,6.9492188
2iko,5.45,5.1757812
1rbo,12.72,12.921875
1i80,6.41,6.1445312
3igv,7.6,8.40625
1nzq,7.96,8.1171875
4jzi,7.4,7.9726562
3qo9,5.92,5.7734375
4c73,4.92,4.90625
1ero,8.23,8.609375
4ngs,8.12,8.6640625
4dce,6.76,6.5078125
5can,6.91,7.140625
4o05,7.43,7.5625
2lbv,7.59,8.078125
3wdz,6.92,7.171875
3fzs,5.82,6.4023438
2m3z,6.57,6.3710938
4pmm,7.57,7.5507812
3v5p,8.96,9.5234375
2xu4,6.47,6.5507812
2ydm,7.44,7.9492188
1i72,7.26,7.171875
4ohp,7.46,7.9101562
4xjt,5.14,5.0898438
1wbo,3.0,3.1113281
3mfv,2.52,3.0019531
1kf0,2.55,2.9921875
2kfx,4.0,4.2773438
1uyf,4.52,4.3945312
4o7e,5.24,5.359375
3saz,6.1,6.0859375
3rse,7.0,6.875
2avq,4.39,4.1054688
2ydv,7.86,8.234375
3fu5,4.12,4.4921875
3k5i,4.7,5.0351562
3i8t,3.22,3.3847656
4pow,6.3,6.265625
3gcu,6.78,6.6445312
1pq3,7.52,7.0
1nu8,5.42,5.2773438
1lhu,8.83,8.09375
2isw,7.43,6.5546875
4exg,8.07,7.6484375
3g4k,6.54,6.3945312
4cgj,2.84,3.1699219
4dgn,6.46,5.9609375
3u8h,6.49,6.5507812
1rhj,8.04,7.8554688
4yp1,5.04,4.6523438
1ta6,9.13,8.8828125
2c1a,6.77,6.9765625
3oj8,8.36,8.15625
2xqq,4.82,4.0898438
3te5,4.91,4.609375
4eo6,8.7,8.015625
2gg9,5.46,5.8046875
2oxd,6.82,6.1835938
4ipn,3.39,4.0273438
1owi,7.55,7.6640625
3s45,8.49,8.2421875
3pm1,5.93,5.7421875
1j01,6.47,6.421875
3sv7,6.08,6.2148438
3okh,5.24,5.4765625
4pl4,5.27,4.9492188
4qo4,8.3,8.296875
3bsc,4.48,5.0703125
1hrn,8.05,8.0078125
3ad7,2.52,2.7011719
3g9l,6.13,5.9453125
2x0y,4.6,4.5234375
1f0r,7.66,8.203125
5ct2,2.92,3.4179688
1lor,11.06,11.0625
3l58,8.1,8.0859375
3g2s,6.22,6.2734375
4urx,2.89,3.1621094
2ovz,7.89,7.6835938
2cf8,8.1,7.8789062
1mqj,5.32,5.265625
3nuo,9.8,9.53125
1hvr,9.51,8.8515625
1qbt,10.62,9.71875
1i7i,6.7,6.6210938
3cjf,8.2,8.9765625
4u2w,6.0,6.3125
5afx,5.92,5.9921875
3emg,8.05,7.9453125
1tvr,7.48,7.4882812
2xs8,4.61,5.125
2i47,8.66,8.484375
3ehx,7.6,7.4960938
5cnm,6.81,5.9804688
5d9k,8.4,7.7109375
1oky,8.19,7.5585938
2xb9,6.77,5.9570312
4ocx,11.44,11.3203125
4psx,6.47,6.9375
3vw2,4.75,4.2851562
1bai,7.7,7.6484375
1onp,7.52,7.5351562
2oqv,8.4,8.6328125
2yoh,4.96,5.0117188
2jb6,10.96,10.78125
2r3g,6.1,5.9179688
4j70,5.24,5.0664062
2qe2,7.77,8.4140625
1pdq,5.3,5.8359375
4x3i,3.17,3.2636719
4fxp,4.09,4.5351562
1eub,8.72,8.1484375
5ai4,3.47,3.3847656
4py1,7.19,7.109375
3w32,7.12,7.0507812
2irz,7.92,8.03125
3l5f,6.22,6.3320312
3msk,4.59,4.5664062
3vrv,10.54,9.984375
3upf,6.7,6.7773438
4ahr,2.19,2.3300781
4a22,8.49,8.546875
3wcl,6.59,6.3359375
1jwt,7.85,8.171875
2o4z,6.25,6.109375
2of2,6.68,6.6992188
4ibm,5.74,5.3046875
3fhb,5.7,6.1054688
2q2y,8.8,7.8945312
3cen,8.26,8.0078125
4lop,8.15,7.9335938
2q93,6.25,5.9257812
4hbm,7.92,7.7734375
4qwk,6.27,5.5039062
2p3o,2.77,3.4570312
4us3,5.32,5.4101562
2ms4,4.82,4.5351562
1o4d,3.52,3.765625
4f6w,7.52,7.1875
3iux,7.6,7.515625
1owe,6.2,6.3085938
2lzg,7.77,7.6015625
3o8p,6.46,6.5039062
4jt8,7.48,7.078125
2aoi,4.01,3.6699219
3wt5,9.54,9.4921875
5cbm,7.77,7.1445312
4nak,5.85,5.6445312
1p6e,2.92,2.5761719
2cer,9.22,8.9140625
3vi2,3.77,3.6054688
4mw0,7.41,8.125
1x0n,7.7,8.53125
3uf9,2.11,2.296875
3iob,3.42,3.28125
3f6h,4.72,5.5078125
3zmh,5.28,6.0351562
2e7f,6.1,6.0429688
5am6,6.73,6.6914062
1g27,8.15,8.09375
3lzu,10.06,10.21875
3mle,5.24,5.3984375
3pfp,6.44,6.5117188
4bo1,7.3,7.4257812
2w3o,6.72,6.8007812
4j8s,5.7,6.640625
2vnn,8.7,8.1015625
4agd,8.41,8.5078125
3evf,6.77,6.6640625
1y19,6.77,7.234375
1bzh,6.77,7.3476562
4gqr,3.96,3.8652344
4rrr,4.44,4.796875
1uod,3.11,2.390625
5alk,6.6,6.90625
3nw6,8.15,7.53125
3dri,4.42,4.6210938
1g9c,5.3,5.5039062
3zst,1.72,2.0820312
3gbe,5.0,5.7226562
2aay,2.92,2.7226562
4fnz,7.8,8.1875
5c6v,4.8,4.5859375
2ofu,9.0,9.921875
1dth,8.22,8.75
3kcf,7.46,6.953125
4ajw,5.86,5.8554688
2jld,10.4,10.734375
2wgi,4.07,4.484375
1bma,4.59,5.0664062
4nau,9.06,8.84375
1yw2,6.85,7.9492188
4qz3,5.51,5.3515625
5c7f,3.98,3.9921875
2x6e,7.82,7.6875
1g7q,6.06,6.0585938
1q7a,7.19,7.1171875
4ezk,8.2,7.5
4lh7,4.47,4.6835938
4ys7,9.0,8.640625
4p72,4.09,4.5703125
1utm,3.01,3.0175781
3ggj,6.0,6.78125
4yux,3.74,4.0625
4y2q,2.92,3.3222656
3h0z,8.37,7.2929688
2q80,4.6,5.0234375
3p79,5.64,5.546875
2qtt,4.32,4.4492188
4hbx,5.72,5.6484375
3dm6,7.43,7.5
4yti,7.89,7.9765625
4g0a,7.6,7.6601562
2r9m,8.82,9.3125
3nf7,3.47,3.6894531
3ml5,8.52,8.515625
2qf6,6.49,6.484375
3kad,5.12,5.4296875
3k22,7.9,8.6953125
4cd5,6.71,6.9648438
1ow7,5.4,5.8945312
1ec1,8.92,9.234375
4a7j,7.0,6.1953125
1gfw,7.82,7.9804688
4baq,9.01,8.90625
4i7p,3.5,3.234375
1jaq,4.48,4.6367188
2qci,8.34,7.3320312
3pn1,6.96,7.5664062
3v30,3.74,4.078125
4ykn,8.0,7.5234375
4lvt,10.36,10.90625
1xbb,5.3,5.6054688
4zzd,6.6,6.703125
2a5u,8.1,8.265625
1s3k,6.62,6.9765625
1avd,15.0,15.6015625
4ai5,2.92,2.8476562
2jdt,6.77,6.7304688
3tif,5.38,5.5351562
3fk1,2.62,3.1523438
1ofz,4.62,5.0585938
2bdj,9.35,9.1640625
2w6t,8.57,9.4609375
4ght,5.78,5.5625
4nrc,3.62,4.046875
3nw7,8.28,8.90625
2fm2,8.15,8.4140625
3m53,5.31,5.0898438
4hhz,7.72,7.9140625
3f70,4.85,4.9804688
4axa,8.0,8.2578125
3uoj,7.29,7.7851562
4f5y,5.43,5.0429688
1phw,3.3,3.4472656
2xog,3.43,3.9960938
3dct,6.95,7.2617188
3sax,6.57,7.0390625
3koo,7.82,7.7539062
2wa8,5.42,6.1210938
4bnt,3.86,3.7753906
3vbt,4.43,4.59375
3blt,3.54,3.8027344
4yrt,2.78,2.8789062
4acu,7.39,7.6484375
1aze,4.22,4.8554688
3zqi,7.19,7.0390625
4k69,7.4,7.75
3le8,6.07,7.1132812
2k3w,5.24,5.6171875
4bdc,4.93,5.7695312
3kwj,9.3,9.3359375
3wk6,5.2,5.3554688
2lko,5.67,5.484375
4cjr,3.1,2.7089844
4jaj,5.26,5.2890625
2wxm,7.4,7.5195312
2bj4,4.47,5.0507812
4bqx,6.52,6.6914062
1fdq,7.27,7.3203125
1nlt,4.92,4.9179688
3wzn,7.0,6.5117188
4g69,5.98,5.3164062
1ik4,7.41,7.0585938
4iq6,7.24,7.3632812
4jjg,8.7,7.9453125
4m8y,9.96,9.4296875
1o5c,5.22,5.5625
2w17,8.7,9.2734375
1uef,5.49,5.4648438
2qnp,6.41,6.0039062
3rwd,8.0,8.3046875
2y71,7.37,7.2734375
2v2v,4.07,4.3203125
3ps6,7.74,7.9179688
4r6t,7.52,7.1328125
2qmd,8.3,7.5664062
3eu7,6.18,5.9414062
4x6h,7.66,7.453125
4amw,1.55,2.0214844
4xmr,4.07,4.4335938
3zos,8.89,8.8671875
4dmw,4.94,4.5742188
3fsj,3.95,3.6894531
4frj,6.55,6.3007812
3gxt,4.74,4.859375
3i4a,4.28,5.1132812
1sz0,9.0,8.515625
3n5k,9.7,9.359375
5c8n,7.55,7.5234375
4c0r,4.91,4.8632812
1uv5,8.3,8.1015625
4m5h,4.54,4.8125
4qw3,6.61,6.2460938
4z88,5.39,5.5664062
2h23,4.67,4.5664062
4w4z,7.52,8.03125
3ot8,8.05,8.140625
3d3x,4.16,4.1445312
3tki,10.3,9.8671875
2wpb,2.89,3.3789062
3bi1,9.92,10.5078125
1hps,9.22,8.15625
4kp0,8.65,8.65625
3chr,7.21,7.359375
1b51,7.37,6.71875
1ebg,10.82,10.2109375
4e3f,2.52,2.9179688
4u5j,5.53,6.1328125
3ebi,7.1,6.8945312
2pzy,7.47,7.5429688
4whl,6.4,6.3671875
4i67,6.35,5.8007812
3ty0,7.08,7.7460938
3v2x,5.35,4.9335938
4bdh,4.11,4.1992188
4dfn,7.7,8.2265625
4ery,7.27,8.28125
5afk,3.88,4.1210938
4qfr,8.13,7.6835938
4buq,8.14,6.9570312
3piz,5.46,5.953125
3oy1,7.8,8.1640625
4kzc,8.09,8.8359375
4x63,6.77,7.4453125
4wzv,9.37,8.921875
4non,5.24,5.65625
3g58,9.28,9.234375
4alx,7.28,7.28125
4l7d,6.12,6.5703125
4q08,6.3,6.1640625
3eq8,9.06,9.0546875
2ria,2.57,2.2910156
4hmk,6.1,6.2929688
4i7k,3.04,2.5917969
5cc2,4.1,4.2929688
4jv9,5.74,5.2265625
3vfq,5.19,5.484375
3dab,6.68,7.265625
4v05,9.7,10.0625
4uco,7.0,7.140625
2jbo,8.07,7.90625
4q9z,7.26,7.1054688
1w1y,2.62,2.890625
8cpa,9.15,9.1015625
3odk,3.14,2.7246094
1t7r,5.96,6.234375
2w8y,9.09,8.4609375
2cji,8.22,7.9335938
2c68,5.74,5.921875
4mo4,4.22,4.4726562
2v83,4.47,3.7832031
4prb,3.88,4.015625
4hki,6.85,6.9453125
1q72,6.85,6.5625
1okv,6.17,6.1796875
4tyt,7.7,7.1367188
1xn3,7.4,7.0820312
4dr9,8.0,7.9804688
2vwy,7.05,7.2851562
1f8b,5.4,4.640625
1gzc,3.49,3.3046875
2p9a,5.18,5.3046875
4b6u,5.11,4.921875
3ctt,6.35,6.2421875
4d8i,6.69,6.6914062
3pce,2.0,2.0371094
4mg6,5.62,5.8125
2bdl,7.82,7.34375
4euc,6.1,6.1835938
3pkd,6.12,6.1445312
1wvc,4.46,4.0703125
4nie,7.7,7.7148438
3hwx,7.86,7.4570312
3lcv,4.74,5.2539062
2l11,4.82,4.9179688
2fo4,7.22,6.8125
4auj,7.74,7.609375
2cne,8.77,9.1796875
3drs,9.3,9.015625
4zzx,6.9,6.2421875
3gta,4.28,3.7753906
3p3s,7.59,7.4140625
1wht,3.7,3.890625
4qew,7.07,7.1015625
3t09,3.8,4.2578125
4j7i,5.06,4.9335938
4x5y,8.03,8.3671875
4cqf,4.3,4.2304688
3uyr,6.9,7.0195312
1xoe,7.39,7.53125
4n6y,7.04,6.7304688
1bcj,3.7,3.6347656
2i1m,7.62,7.3554688
3g7l,6.72,6.4648438
3o1d,5.74,5.7734375
3b4p,5.4,5.3007812
2a4r,7.82,8.0390625
2zq2,6.56,6.6640625
3uo5,7.41,7.25
4rio,9.0,8.4765625
4xh2,8.22,8.71875
2rfn,8.3,7.9296875
4c35,6.25,6.0625
3wiz,8.36,9.0625
3sdk,6.8,7.5234375
3poa,7.0,6.6171875
3ig7,7.2,6.7539062
2zdx,3.19,3.34375
5bot,4.41,4.7773438
3wff,6.18,5.6445312
3tti,8.22,8.40625
2ylo,4.88,4.9765625
3vf8,6.82,7.46875
2xaf,4.64,4.3867188
3nuj,9.39,8.5859375
1o2s,5.47,5.5117188
4ivt,6.0,5.8398438
3zyh,4.29,4.3085938
4d88,7.31,7.4882812
4ibb,3.57,3.2324219
2wb5,9.13,9.375
5e1s,7.92,8.03125
3nrm,8.4,8.5625
3l7g,3.3,3.1621094
4pde,6.44,6.765625
2y07,6.22,6.4921875
2o7e,6.22,6.453125
2xhx,6.6,6.65625
2ltz,5.35,4.9570312
3qzt,4.0,4.4296875
1wtg,7.03,7.625
1adl,5.36,5.6914062
2vww,6.62,6.9726562
3fup,7.66,7.8789062
5al4,6.52,6.3046875
5cwa,4.77,4.2929688
3gus,6.05,5.875
3c7n,6.7,6.828125
4kmz,8.57,9.1171875
1qpb,1.36,1.1044922
1td7,4.37,4.7304688
3wut,6.49,6.5546875
2f6t,4.62,4.6132812
1kfy,5.28,5.5273438
3pj3,5.25,5.6171875
4obo,7.11,7.3125
4bv2,3.74,3.578125
1stp,13.4,14.5625
4qz6,5.53,5.53125
1l5s,3.26,3.3613281
3i3d,1.99,1.828125
3cvk,8.0,8.828125
3wyl,8.85,8.3125
1bdl,5.85,6.6445312
1hy7,5.39,5.078125
1xpc,8.77,9.0234375
1wok,7.48,7.1523438
4g4p,6.89,6.765625
3djo,4.39,4.5585938
3nf9,3.54,3.3574219
4qrc,6.34,6.9296875
4hu1,7.54,7.375
1x76,8.72,8.390625
4hy4,8.57,8.421875
1x78,7.85,6.6523438
3r7r,8.74,8.6484375
3u6h,9.0,9.2578125
4hfp,7.38,7.8671875
1kcs,7.0,7.1679688
3c1x,7.35,6.8320312
1rww,8.3,7.8632812
1w2g,4.57,4.6367188
3i5r,4.4,4.5195312
2pv1,7.14,7.2109375
4xcb,5.47,5.6914062
5agu,10.0,9.5390625
4mxc,8.17,8.765625
2c2l,5.55,5.9765625
3ehn,1.92,2.140625
5akz,5.26,5.4101562
3uxl,5.57,5.8828125
3i9g,8.96,8.59375
2f0z,4.77,5.0507812
1kyv,5.92,5.828125
4xty,9.21,9.4375
4cff,6.4,6.1757812
3uyt,7.85,8.1328125
4drp,5.41,5.2265625
4mwx,7.12,7.6132812
3m11,7.37,7.1484375
2qiq,4.1,4.2773438
2hha,6.91,7.375
4x0u,7.4,6.9453125
2ay1,2.29,2.0546875
1pz5,5.4,5.0039062
1ui0,7.06,7.4765625
1tfq,7.92,7.6054688
1nl9,5.96,6.609375
1jut,7.32,7.0625
2ew5,5.9,5.5507812
1m5f,7.83,8.3203125
1v2h,5.3,4.8007812
2wl4,4.19,3.90625
1thr,5.38,5.4882812
2v58,9.09,8.96875
4rfy,7.0,7.5820312
3ind,5.82,5.921875
2ban,9.0,8.5859375
1lst,7.85,7.9765625
4nmt,4.85,4.2929688
4eej,7.15,8.1640625
1rq2,2.52,2.3964844
5ece,8.05,7.7734375
4pgc,5.88,6.3554688
4b6e,2.3,2.3691406
4yw7,6.89,5.84375
4zec,5.82,6.0273438
1pus,7.28,7.171875
2f3e,6.81,6.1757812
2cll,4.3,4.5117188
4qr5,7.22,6.9960938
4a50,7.91,7.6445312
4gh6,7.68,7.5507812
3pvu,6.54,6.5703125
4a95,5.76,5.5703125
4ruy,7.89,7.3203125
4p4i,7.46,6.8085938
1g4j,8.7,8.484375
3fuh,2.7,2.6308594
3olf,7.7,7.6640625
2uy4,4.68,4.546875
4lkf,5.37,5.1328125
4m3d,5.41,5.6757812
1fo2,4.7,4.265625
4bo4,6.89,6.5
3iqj,4.93,4.5742188
2ad5,3.96,4.34375
4b9k,6.17,6.296875
1ijr,5.44,5.2070312
2r7b,7.22,7.3710938
2b7a,9.0,9.296875
4u6y,7.08,7.6679688
4h4m,8.52,8.2109375
4gxl,5.28,5.2265625
1aku,6.13,5.5507812
4gee,9.0,8.609375
5ceq,7.38,6.9570312
4qn9,4.41,4.7851562
3qkv,7.44,7.3671875
4acg,9.66,9.3671875
1e5j,4.0,3.734375
1sps,8.52,8.359375
3h0a,7.48,7.5429688
4ryl,7.28,7.6992188
4qxt,7.8,7.3710938
2xxx,6.41,6.0507812
4b0g,7.82,7.6757812
4o2a,5.74,5.8945312
3pka,6.27,5.6171875
3vhk,4.6,4.2617188
3v4t,4.11,4.2109375
4f4p,9.22,9.4375
4puj,7.46,7.421875
2qhc,8.96,9.03125
4hwb,9.24,8.75
3nik,3.45,3.3203125
4h5c,7.55,7.1796875
2o7v,5.96,5.9140625
4qgh,9.0,9.1328125
1a50,6.7,6.96875
3v43,4.63,4.0195312
4b3d,2.68,2.6757812
4l2x,7.41,7.234375
1zeo,6.68,6.6445312
1o4k,2.92,2.6132812
3i4y,7.05,7.3046875
4mz6,5.02,4.4921875
1xuc,7.14,7.3125
3ohh,7.74,7.0585938
2xck,6.15,6.2539062
3mp1,6.1,5.8828125
4hy1,8.7,9.0078125
2opb,8.74,8.5
3d9l,4.17,3.7617188
3ex3,4.44,5.140625
1llb,6.05,6.0117188
3plu,5.77,5.4648438
1wc6,4.0,4.0234375
5aml,9.15,8.9375
2ds1,8.47,8.5625
1tt1,8.15,7.7851562
1toj,3.39,3.5351562
1q6n,7.64,7.3476562
3oy0,8.0,8.4296875
5a83,6.8,6.8945312
3vqs,7.75,7.3007812
3krj,8.96,8.78125
2jdn,5.56,5.0078125
4z1s,6.1,5.953125
4l0i,6.57,6.5820312
1h3a,6.55,6.4960938
4e3l,8.52,8.6875
3rwh,7.4,6.890625
2nn7,6.52,5.9375
1x38,8.77,7.6445312
1z6f,4.89,4.65625
4c61,8.4,8.1640625
1p02,7.17,7.6601562
4ezq,5.2,5.1289062
3twd,7.74,6.984375
3og7,7.51,7.2773438
1ndj,12.16,11.6875
4kz8,2.8,2.9433594
4flj,5.13,5.4257812
4r74,8.1,7.75
3oe6,8.09,7.96875
1ms7,6.77,7.21875
4i0s,7.44,7.2304688
3w5e,7.96,7.578125
1i1e,5.03,4.9960938
2fdp,7.59,7.5507812
4bcc,8.05,8.1796875
2wxf,6.74,7.3164062
4mbf,5.77,5.515625
3r24,5.25,5.1679688
2aof,4.55,4.5117188
1jld,6.73,6.3984375
3i60,8.7,8.625
4bw3,6.3,6.125
1tkt,6.15,5.5742188
4y8y,9.15,8.8359375
3o0e,5.74,6.6210938
2q96,5.92,5.8710938
4de7,4.8,5.0
1vjd,3.54,3.6894531
4edz,8.08,7.8046875
2xgs,3.28,2.9101562
4li6,6.97,6.9726562
2y6s,6.99,6.4414062
4jhq,7.74,8.203125
4cc5,4.42,3.9902344
2bba,7.15,8.1328125
4bg6,7.16,7.1757812
4pkt,4.83,5.0820312
2wev,8.0,8.0546875
3bze,6.0,6.9453125
2xj2,7.18,7.3632812
4zba,5.51,5.4609375
4jkw,4.16,4.4140625
3cfv,6.05,6.1679688
3tu7,8.09,7.8984375
1z6j,8.03,8.1953125
4d08,8.0,8.7421875
3vfa,9.19,9.203125
4mz4,7.89,8.4609375
4o2e,8.0,9.1328125
4e1z,8.52,8.484375
3kag,5.18,5.796875
4m5i,5.17,5.1640625
3eml,8.74,9.4296875
3hzk,6.7,6.6640625
2vtj,5.72,5.7734375
4m5u,7.96,7.6875
1njf,5.99,5.875
3g4f,4.52,4.7734375
4q9y,5.68,5.6445312
3ips,7.19,6.9960938
4xx3,7.25,7.2851562
3fci,5.89,6.2578125
3uzd,5.05,5.4804688
1npv,8.24,8.453125
3zm6,6.52,6.5585938
5d6q,5.24,5.3007812
4knz,5.07,4.8320312
4q3u,6.44,7.125
1wbv,3.79,3.4785156
4n7h,5.48,5.8046875
1lrt,5.64,5.796875
3cho,6.55,6.8476562
1p03,8.19,8.25
1b6l,8.3,9.0
3hfj,4.44,4.828125
3qn7,6.8,6.0976562
3bm8,3.54,3.6894531
4yvz,5.52,5.4765625
2fci,7.15,7.890625
1dzk,6.1,6.7226562
1w2k,6.46,6.7382812
4zh4,4.22,4.6757812
4r5g,5.22,5.4375
4jn4,5.86,5.96875
3ued,4.53,4.5039062
2uy3,3.22,3.2460938
5ald,5.97,5.7617188
2mpa,8.04,8.625
4xsy,5.3,5.7265625
4rsk,4.32,4.359375
2xel,3.9,3.8066406
2gbf,7.92,8.1015625
4yrg,2.7,2.4375
4dgm,5.92,6.2148438
1a9u,7.32,7.6914062
4l7g,4.0,4.2929688
1nfx,8.52,9.0
1rp7,8.52,8.3203125
2g97,6.82,6.6445312
3d7g,7.77,8.25
3b2w,9.22,8.8984375
4oc4,6.98,7.6523438
3sv9,5.0,4.9609375
4tkj,6.04,6.3046875
4nwc,5.76,4.765625
4e49,5.11,5.1367188
1j17,5.22,4.9804688
2fwp,2.92,2.7011719
3sbi,7.92,7.875
3iqh,4.59,4.4804688
3kej,7.12,7.0976562
3chg,3.99,4.0664062
2oc2,8.52,8.328125
4xit,7.27,7.6445312
4uzd,9.22,9.4921875
3gws,10.09,9.9453125
4m6u,2.74,2.7109375
5cav,6.67,6.6132812
2pe1,8.3,8.3828125
4ksq,7.31,7.8164062
2y2i,4.59,5.2265625
4oz3,4.55,5.4335938
4bnx,7.7,7.1523438
2hd1,3.3,3.5039062
4hlc,6.76,7.1054688
2ohp,4.03,4.453125
2vpp,6.12,5.9492188
4zg9,7.59,7.8515625
3n7r,7.7,7.8320312
4idz,4.36,4.7421875
1il9,3.4,2.9101562
3zya,7.0,7.5273438
3vd7,4.48,4.3515625
1r9l,5.4,5.8085938
5yas,3.26,3.4375
4qye,5.92,6.28125
2x2l,5.28,5.515625
4dkq,6.6,7.0351562
1tkx,7.54,7.5585938
2vtl,4.01,3.9902344
3d1y,8.22,7.4140625
1q83,12.39,14.0546875
3qqu,8.62,8.3671875
4zs2,5.49,5.2851562
3lbk,6.04,6.2851562
4j82,4.35,4.6601562
4lp9,6.21,6.4257812
4l32,6.84,6.8984375
4ay5,6.27,6.84375
2h9n,3.94,4.0
4ual,8.4,8.921875
1c5q,6.36,6.3828125
2yit,9.54,9.0625
5c4o,8.21,7.8007812
1l83,3.4,3.2128906
2qaf,5.36,5.1054688
3rz7,8.96,9.3984375
1w70,3.7,3.5429688
4fz6,6.9,7.4414062
3rv6,4.68,5.0273438
4rx5,8.52,8.140625
1o0n,4.09,4.4179688
4hkp,4.55,4.0195312
2y1o,5.09,4.5898438
5alm,6.53,6.3085938
4ks2,9.34,8.5390625
4hbp,8.42,7.0507812
4yab,5.07,5.2265625
4tk3,5.1,4.8359375
1yt7,9.89,9.59375
2e9c,5.96,5.6171875
4tn4,6.33,6.0859375
4wxi,8.08,7.5898438
4fns,6.7,7.0078125
4u58,2.0,2.0917969
1vzq,7.44,6.7109375
4c4n,6.1,5.6875
1b3h,6.21,5.75
3r2f,8.85,8.375
3lce,3.81,3.4785156
4pnm,5.85,5.5351562
1r1i,8.54,8.125
2ykc,6.11,5.7734375
3q4b,9.33,8.953125
1uyi,5.39,5.4453125
3dc2,3.02,2.3398438
1m2q,6.1,5.4179688
2i3z,8.7,7.921875
4e81,5.24,4.828125
2wuf,4.29,3.9707031
3bls,5.14,5.2695312
3n75,7.89,8.0390625
3m5e,7.37,6.7695312
4llp,4.8,4.5742188
3r02,9.0,8.1796875
1oqp,7.3,7.1835938
3wd9,8.08,7.9882812
4tlr,8.52,8.0703125
2y4m,6.46,6.140625
3hyf,5.92,6.0078125
2kp8,4.0,3.9960938
4qzw,5.15,5.1054688
1vwl,5.63,5.3398438
3uvw,5.17,4.8984375
3n23,8.52,8.140625
1db1,9.26,8.9453125
3dzt,7.22,6.3046875
2va5,4.07,4.2148438
2oqi,8.49,7.8710938
3b24,4.38,3.6464844
2c6n,6.88,6.9882812
4m14,6.7,6.8554688
1nf8,7.82,7.1914062
4wt6,7.92,7.3046875
4yw2,2.8,2.4355469
1s5z,3.21,3.2148438
2fx8,6.52,6.1132812
2j4q,4.46,4.359375
3fr4,6.19,6.015625
2bz6,7.09,7.4257812
1vwf,6.51,5.390625
1k1y,3.22,2.8398438
3uol,8.51,7.5820312
4j1e,7.72,7.1992188
4f9v,6.03,5.96875
5als,7.72,7.6640625
3d7f,9.3,8.703125
3are,6.21,6.4257812
4pl0,4.4,4.6992188
3h59,7.89,7.0507812
3eax,4.92,5.140625
3zxh,8.52,8.4609375
4l4l,8.3,6.703125
4yl3,8.15,7.8710938
1c5f,6.07,5.6289062
2nqg,6.48,6.6289062
3q32,8.74,8.1953125
3dng,8.13,8.2265625
4gzt,7.77,7.3515625
4m6p,7.27,7.8046875
3m8q,9.52,8.7734375
3iod,4.1,3.625
4o2c,8.0,8.5
3ce3,8.74,8.0703125
2fw3,6.42,6.1875
3djf,6.1,6.1015625
2z97,6.0,5.9296875
1o2w,5.85,5.8476562
3rqe,4.77,4.609375
4acm,6.68,6.7695312
4op2,5.93,5.515625
3vi5,5.68,5.6445312
3evd,6.91,6.640625
2jdu,6.72,6.9804688
4rd6,6.28,5.9804688
4k5l,4.96,5.0703125
4hbn,6.1,5.9023438
3ck7,4.05,3.8300781
1ydb,8.24,7.3164062
4zip,9.68,8.4921875
3tei,6.3,6.234375
3veh,4.96,4.4882812
1l6s,4.41,3.9355469
2p94,9.17,8.2421875
4hl5,6.35,5.9765625
3t85,7.95,7.7226562
4k6v,4.63,4.0234375
1o42,8.05,7.2773438
3k3h,7.06,5.7851562
1nyx,7.04,6.7851562
4u01,8.46,7.890625
2bbb,8.62,7.9492188
2xuf,14.39,14.1015625
3zmv,4.26,4.3164062
4r0a,4.26,4.3007812
1g48,8.41,8.0859375
5am2,5.01,3.9140625
4gly,5.11,5.5859375
3r00,5.07,4.5
4y2b,8.36,8.171875
3t4p,5.19,4.9921875
456c,9.77,9.609375
4gtp,7.94,7.359375
1ogu,7.47,6.9960938
1qbr,10.57,11.09375
3v3v,5.34,4.8984375
5amd,8.55,8.046875
4fhh,7.46,6.9726562
2kmx,4.08,3.8613281
3sw2,8.33,7.9960938
1pun,7.28,7.1640625
4wvu,5.71,5.4257812
4o70,4.72,4.6132812
4p44,7.8,8.5
3q6z,3.72,3.890625
4mzh,7.18,6.6367188
4pzh,8.0,8.3359375
3adu,4.14,4.3164062
4omd,9.01,9.703125
2hiz,6.95,6.1875
3hp2,6.17,6.3945312
3t70,6.3,6.4335938
5ak5,7.07,7.7460938
1m7i,5.4,4.9609375
1jn2,4.09,4.5429688
3r5t,8.58,8.78125
1wuq,8.27,8.484375
4kni,7.78,7.8398438
2c80,5.33,5.453125
3mjl,2.44,2.8398438
3r2b,8.4,8.28125
4y2s,4.28,4.3203125
3p9t,6.2,6.2382812
4qsh,5.1,5.1953125
4r18,7.68,8.28125
4w9j,6.23,6.3828125
3lj7,8.34,7.2851562
3bhx,9.15,9.1328125
3jqg,4.74,5.2695312
1a0t,1.3,1.1777344
3ta1,3.25,3.8203125
4a4e,3.32,3.4550781
4j45,5.77,5.6992188
3ua9,7.25,7.703125
2ovv,7.92,7.8007812
2pov,7.12,7.59375
4oc2,8.28,8.1484375
1xh9,7.77,8.703125
1r2b,4.94,5.1210938
4ce2,3.84,4.1367188
3a5y,7.96,7.6914062
5cvd,6.41,6.7734375
3p9h,5.06,4.5195312
4ogv,8.05,8.0390625
4oef,4.76,4.8203125
4f3k,10.16,9.921875
3d62,6.1,5.9140625
4jpy,4.43,4.7460938
3iaf,2.92,2.7714844
2qzx,8.22,8.625
1gi4,7.19,7.2617188
2ooz,5.15,5.2851562
1e6s,3.22,3.3789062
1sme,11.22,11.6484375
4cdr,5.1,4.625
2g8r,3.99,3.7089844
3gt9,3.96,3.6582031
4m8x,10.2,9.84375
3h0v,4.82,4.9023438
1bsk,4.12,3.9296875
4mn3,5.75,5.53125
4m2w,7.28,7.8203125
3rcd,7.77,7.4960938
4lxm,7.06,6.9570312
3r0w,4.52,4.6796875
3hu2,7.22,7.2304688
4pmp,6.4,6.5585938
3sd5,6.58,6.9882812
2w8g,6.0,6.4648438
2x2c,7.72,7.96875
1zfk,7.92,8.7890625
1pw6,5.22,5.1835938
2j79,5.96,6.375
2hb9,4.82,4.6914062
3t4n,4.14,4.2617188
4erz,7.06,7.2109375
5am7,7.19,7.2226562
2o8h,7.6,7.3515625
4x7j,7.39,7.0859375
2wkz,8.77,9.0625
4xpj,5.09,5.1367188
4d2w,4.51,4.8515625
1izh,7.7,6.7109375
2rka,3.0,2.7265625
3el7,6.32,5.953125
4loy,8.09,9.0703125
5a3u,8.32,7.8789062
3uwk,4.24,4.7109375
4z8a,4.76,4.7851562
2zgm,1.79,2.0058594
4mse,6.16,5.9648438
4j24,7.3,7.7890625
3n4l,7.23,7.3398438
1v0o,5.26,5.78125
3rvg,8.3,8.4296875
2vjx,4.96,4.90625
5ajw,6.98,6.7851562
1b6h,7.82,7.9882812
4jz1,6.7,6.7773438
3d9m,3.48,3.1738281
3wmb,5.37,5.515625
5bui,7.05,7.4257812
1toi,4.05,4.4960938
2wou,7.14,7.3359375
3n1w,3.3,3.2792969
3k5u,6.51,6.5585938
2qv7,3.66,3.5859375
3vs3,9.37,9.171875
3ns9,8.52,8.0390625
1bm7,7.52,7.65625
2hvc,8.82,8.03125
3t5u,7.59,7.625
4l23,7.75,8.296875
2p2h,7.17,7.1367188
4tya,2.39,2.5449219
4m8t,6.43,6.03125
4gq4,7.66,8.453125
1my8,7.46,7.1914062
2rc9,7.4,7.078125
4m7c,6.12,6.9101562
4k5y,8.17,7.59375
2x2k,6.52,6.8828125
1o79,6.39,6.2265625
4xtt,7.37,7.3671875
1elb,7.15,7.171875
4lte,7.22,7.4648438
2kbr,4.6,4.515625
4io7,3.68,3.8984375
3lp4,4.88,5.1679688
2i5f,5.12,5.3359375
4kil,6.3,5.921875
2ony,6.68,6.7109375
4os7,4.62,4.0703125
3hwn,8.7,8.1953125
4oew,6.82,6.2148438
3fh5,7.06,6.8632812
4prn,5.66,4.421875
3rsr,4.36,3.9199219
3axk,4.15,4.171875
3o9l,9.66,9.96875
2zx8,9.64,9.390625
5ea5,8.06,8.546875
2r3m,8.0,7.9375
4ycw,5.68,5.3945312
4l2f,6.23,5.9882812
3qxm,7.48,7.3085938
1mn9,4.62,4.6367188
4f65,8.6,8.703125
1uvr,6.0,5.2851562
6cha,4.4,3.8945312
1rhu,8.52,8.4140625
4nmr,3.53,3.6699219
4ih3,4.82,4.5625
4mf0,8.08,7.7695312
2r2b,4.2,4.078125
2w85,5.04,5.15625
3vbw,5.22,5.0039062
4kiw,5.12,5.1640625
3k83,7.66,7.921875
3d9o,3.0,3.1015625
1ohr,8.7,8.4453125
2nv7,8.3,8.4609375
4jss,3.3,3.15625
1gwr,6.6,5.6875
3co9,8.0,8.3671875
1c3x,3.68,3.65625
2cn8,5.46,5.1953125
1xom,7.96,7.0195312
1hvl,9.95,9.140625
4j3j,7.51,7.3515625
4nvp,7.57,6.2265625
2xwd,6.96,7.1171875
4w9s,6.82,6.8828125
3so9,8.56,8.09375
4jlm,7.64,7.8632812
2wf3,7.72,8.2578125
2chz,7.8,7.9296875
4pf3,7.29,7.5585938
4jyt,7.4,7.296875
3gol,7.09,6.71875
3hmp,5.49,5.5820312
2j6m,7.96,8.21875
1ym1,6.24,6.3476562
2zdt,8.02,7.0546875
8lpr,6.62,6.5585938
2b8v,7.01,7.234375
4an3,9.22,9.1328125
2jkm,7.75,7.6210938
1fpy,6.0,5.3242188
1m13,7.57,7.4960938
3hmo,7.52,7.3671875
2yns,7.6,7.3320312
2dxs,7.34,6.7148438
4eh9,2.26,2.1035156
3f7b,7.19,6.8476562
3tzm,7.77,7.1601562
2cni,7.68,7.5195312
4ere,8.38,8.09375
4n4s,6.88,6.8007812
1u6q,5.88,6.109375
2xx4,7.1,6.796875
4in9,4.97,4.296875
4ya8,6.1,5.7890625
1o9k,6.47,7.2539062
2fde,9.15,8.8203125
4y2p,2.66,2.34375
2rcw,8.1,8.203125
3zi0,7.4,7.4882812
4cxy,4.93,4.9492188
4zwy,8.7,8.015625
3sm0,6.13,5.7304688
1mau,11.3,11.015625
2o64,6.47,5.6992188
3c10,6.52,6.3828125
1g9b,5.3,4.9257812
3cd0,7.57,7.8085938
1esz,6.52,7.3515625
4bf1,8.62,8.8359375
4lq3,6.35,6.8164062
2q92,5.96,6.109375
3vyf,8.8,8.9375
4mic,5.3,5.3203125
4utn,6.15,4.78125
4bnu,7.7,7.2382812
3bet,5.82,5.59375
3g35,4.68,4.8515625
2ksp,4.24,4.3203125
4abj,7.47,7.4492188
4jff,9.22,6.3984375
2uw6,6.55,6.5273438
4x68,6.57,7.0351562
1vja,7.7,6.671875
1zc9,3.22,3.0195312
2ow1,9.0,9.1875
1hiy,3.08,2.7714844
3ft4,5.93,5.2382812
3v04,7.89,7.6601562
1p2g,2.13,2.1542969
4dkt,4.8,4.6523438
3rdv,4.91,5.0703125
3qci,5.42,5.6757812
2cnh,7.23,6.6484375
4bhi,7.05,7.2578125
3jzo,8.52,8.0234375
4obv,0.75,1.1748047
4bzo,7.89,8.2109375
4e1m,7.26,7.3945312
2r23,3.72,3.4921875
3l3x,6.15,5.7109375
4xct,8.17,8.5078125
3g76,6.64,7.0703125
5aia,5.2,5.5546875
4jvi,5.3,6.2109375
3v5t,8.22,7.9648438
2las,5.74,5.734375
5aiv,6.19,5.8125
4y8c,7.96,7.875
1o4j,2.36,2.1699219
4prd,4.6,3.7949219
4d63,1.64,2.1347656
4qfg,5.48,5.7734375
3oui,4.9,4.7070312
3p4v,5.1,4.9414062
4wno,6.8,7.078125
4k8s,7.44,7.2539062
4i0d,6.21,5.8828125
4oys,8.82,9.296875
4hws,9.1,8.6171875
3zmi,5.95,6.4921875
4x8n,6.62,6.953125
3nf3,6.2,6.6367188
2vhj,3.9,4.0820312
4dpt,7.3,7.5546875
1ci7,7.05,7.25
4tk0,5.55,5.5117188
2qhn,6.01,5.9570312
2ooh,5.89,5.5859375
4jc1,4.3,4.0546875
3sl0,2.7,2.8808594
2yjx,5.12,4.9960938
3r04,6.92,6.765625
4d8z,6.29,6.234375
3eqb,1.82,1.09375
3dy6,6.9,6.3867188
4bqt,5.79,6.9023438
2hs2,8.31,7.546875
3gy7,4.52,4.6171875
2y2h,4.57,4.3867188
4gmy,7.55,7.9023438
3ti6,9.27,8.9609375
3uo6,7.82,7.4257812
2lp8,7.52,6.2617188
4i5p,6.42,6.4804688
2f7p,6.6,6.2578125
3tl5,7.85,7.6367188
1k3t,4.19,4.109375
1rri,5.82,5.390625
3pd9,6.22,6.78125
4ge5,6.57,6.2890625
3jqa,4.46,4.015625
1lhw,9.08,8.0625
3wnr,6.28,6.3359375
2r0u,9.0,8.9453125
3twx,5.26,4.921875
2nwn,6.3,5.5273438
4ks1,8.82,8.6640625
3v5l,8.15,7.8085938
3mg8,8.92,8.7734375
2wib,4.93,4.6015625
3v7t,7.21,7.03125
3o3j,6.4,5.828125
4awj,2.0,1.9628906
3chp,5.27,5.3867188
3du8,6.84,6.78125
4loo,8.15,7.609375
3kr1,5.74,5.046875
2uwo,8.7,9.0703125
2m0u,6.44,7.0351562
4di2,8.26,8.0390625
1kz8,6.08,5.8398438
1czk,8.82,9.75
1d7i,3.6,3.5898438
3pjt,4.88,4.96875
5aph,7.22,6.6757812
1idg,7.19,7.1210938
1ftj,6.09,5.2695312
4aph,5.4,5.1015625
4jvb,7.41,7.1171875
1gt1,6.0,5.8242188
3dpo,8.26,8.6953125
1gvu,9.0,9.8203125
3rwf,6.52,6.4492188
2a4w,8.29,7.9179688
1juy,7.66,8.046875
1imx,3.52,3.640625
4avs,3.49,3.6992188
1g7p,7.05,6.5546875
3ifp,7.61,7.5078125
2zjw,7.7,7.921875
2fsa,5.3,5.0195312
4mzs,7.92,7.8984375
2r7g,6.05,6.7148438
2vcw,3.05,2.8417969
1o3c,7.13,7.4375
1lfo,6.7,6.859375
1j15,3.84,3.9921875
5ak2,8.41,7.6601562
2rcx,9.0,9.1953125
1o38,6.82,6.3242188
3dt1,8.62,9.0703125
4qbm,4.58,4.2265625
4zzy,5.6,5.125
1gt3,6.46,6.515625
2zx6,10.6,10.8984375
3m94,5.08,5.0585938
2ko7,5.19,5.0195312
2g9q,6.4,6.34375
1zsh,7.07,6.8671875
4mp2,5.45,5.6132812
2aog,6.28,6.0742188
1a4m,13.0,12.25
4w52,3.76,3.3632812
1ibc,10.25,9.4375
1h5u,6.75,6.7617188
3sl4,7.57,7.3007812
4xqu,6.07,5.5429688
2bqv,8.05,7.7890625
2y1w,6.33,6.2890625
4u5l,2.4,2.3652344
4ia0,7.11,6.3476562
3sbh,7.28,7.96875
2x8d,6.1,5.125
3k8q,11.28,11.6640625
4eh7,3.28,3.3652344
4mgv,7.12,7.4296875
2pk5,10.7,10.921875
1t4s,2.44,2.9824219
1g9s,3.61,3.6191406
1x81,9.19,9.515625
4mc2,8.19,8.203125
3dbd,7.38,7.3320312
1iky,8.26,7.8945312
1epp,7.16,7.515625
4na7,9.7,9.2109375
3sow,5.14,5.375
3gwx,5.4,5.6757812
4wz4,6.44,6.171875
1drk,6.82,6.6992188
4uyd,4.1,4.296875
5c7a,3.31,3.3183594
1ikw,8.6,8.4140625
3g4i,9.04,8.59375
4ks3,6.37,6.5820312
4gfn,8.3,8.2265625
3u4h,4.25,4.0585938
3o0u,7.92,8.4140625
2pax,6.74,6.640625
4ith,6.5,6.4335938
3vhe,8.21,8.0859375
3brn,8.7,8.6640625
4jfz,7.15,6.5507812
4io5,5.03,5.21875
2gtk,6.6,7.40625
3ans,6.25,6.3046875
4rfz,7.4,7.4726562
4mzj,5.8,5.6953125
2h2e,3.0,3.2324219
3fw4,9.4,10.1875
2jk7,7.17,7.1289062
4oyt,2.81,3.3613281
4ep2,5.35,5.8359375
3qc9,6.06,6.5
4qwj,5.77,5.5078125
2zz1,4.54,3.8105469
1rhm,5.76,5.8789062
2fxr,7.6,8.7734375
3osi,5.22,5.2421875
4wtu,9.52,8.90625
3mw1,9.09,8.703125
4j0s,6.42,6.2070312
3zbx,8.22,8.0390625
4f14,4.89,4.7695312
2wji,5.02,4.6484375
3pp0,7.96,7.1679688
2zir,8.19,7.859375
4ebv,5.38,5.3398438
1q41,7.66,7.46875
4iaw,9.63,9.859375
4jfe,4.51,4.2890625
5ajy,6.3,6.4765625
3k5k,7.64,7.9023438
4ah9,2.46,2.4199219
3l38,7.0,7.4414062
4fjz,6.29,6.25
3nnv,7.57,7.5898438
4olc,6.19,5.8476562
4i9s,6.79,6.9570312
5d9p,3.2,3.0507812
2wpa,8.1,8.1328125
4dea,6.59,6.7460938
2jds,8.2,7.8828125
1lcj,9.0,8.4296875
4fhi,7.0,7.3125
4k63,4.22,4.6015625
1vjb,7.89,8.3125
1s89,5.24,4.9765625
3e8n,7.72,7.8320312
4j8g,4.19,4.15625
4dcx,4.5,4.7929688
2y80,8.05,7.8710938
4zun,4.59,4.2382812
1cet,2.89,2.7871094
1om2,4.7,5.0
1zkn,4.51,3.9980469
2j4z,7.19,7.28125
3l4t,5.42,6.2539062
3m6f,8.6,9.078125
1swk,12.0,12.25
2wkt,4.31,4.25
1zzl,8.3,8.2265625
5djp,5.15,5.0078125
1mu8,9.0,9.0234375
1e37,3.7,4.1992188
1r17,6.42,6.8789062
1v2s,4.17,4.6289062
4zk5,8.43,9.0078125
4n84,6.29,6.3125
2h8h,8.57,8.0703125
1y3w,5.77,5.8710938
4rwl,8.1,8.140625
3mxy,6.41,6.2773438
2wxk,9.3,8.890625
1gqs,6.3,6.5585938
1aq1,8.15,7.8046875
3omm,7.43,6.9726562
1hk1,5.64,5.9414062
1d1p,3.6,3.4804688
2xc0,6.72,6.6640625
3tt0,9.05,9.1484375
1y8p,6.08,6.3398438
1erb,8.1,7.8125
1kti,3.43,3.8496094
4civ,4.95,4.7695312
4r3b,6.25,6.3164062
2d1x,5.1,5.1953125
2qrg,5.18,4.4335938
3o6m,7.48,6.78125
4dpf,6.4,6.3203125
3rl3,7.17,6.8554688
1ida,8.7,8.5859375
1fls,7.48,7.203125
3qw6,3.52,4.0351562
4kz7,2.49,2.1855469
1agw,4.7,4.7070312
4rd0,6.62,6.6835938
4q1d,7.78,7.171875
2qn2,4.55,4.6328125
3u1y,8.67,8.9453125
1g3e,5.38,5.0546875
2xp3,3.0,2.5742188
1ctu,11.92,11.421875
1vkj,4.85,4.9335938
3w8o,7.62,7.71875
3cpb,4.6,5.0117188
3fck,4.0,4.1367188
4ju6,6.17,6.328125
1pwu,5.68,5.8828125
4hy9,7.1,7.2382812
4qt1,8.15,8.4453125
3wzu,5.89,6.2148438
3hy9,7.77,7.3671875
3rzi,5.33,5.734375
2gzl,4.82,4.8164062
3u8j,8.51,8.40625
5em5,6.58,6.7148438
4jx9,8.62,8.8828125
3elj,5.3,5.375
4ffs,10.44,11.140625
4e93,6.93,7.3359375
4u0u,5.82,5.5429688
1fl3,6.8,7.5429688
1lyx,4.54,4.7773438
2bmz,3.7,3.2226562
4qag,5.32,5.6523438
3zmu,4.3,4.4101562
3c6t,8.68,8.8671875
2w78,8.57,7.4882812
4ql1,7.03,6.4023438
3w33,7.44,8.1171875
4gmc,7.74,8.25
5fjx,4.96,4.5703125
4b72,6.2,6.3789062
2iku,7.1,7.9492188
1g2a,8.0,8.1796875
4q7w,2.64,2.4082031
4mwc,5.87,6.1171875
4jik,7.74,7.8359375
1o2r,5.21,5.6992188
5abh,8.77,8.7890625
3v3m,5.32,5.5
1lhv,8.91,8.6171875
4x3u,5.09,5.2460938
3evc,6.91,6.390625
3qtq,5.51,5.6601562
4rlt,4.96,4.46875
4mzl,5.62,5.671875
3hw1,3.06,3.0800781
2cbj,8.27,8.0703125
1rr6,10.25,9.453125
4eu3,0.82,0.89453125
3vf7,9.1,9.265625
4x7k,8.4,8.5234375
3ex2,3.7,3.5878906
1osg,7.52,7.265625
1tfz,8.15,8.109375
4pz8,5.92,6.6484375
4el5,5.37,5.296875
1d5j,9.15,9.2109375
2ya8,5.75,5.7929688
3mdz,9.1,9.5
4f7n,7.1,7.2304688
1hp5,6.55,5.4648438
4zz1,7.89,7.9375
3qkl,8.05,8.1875
3cr4,4.28,4.3867188
3n45,3.3,3.28125
4fcr,9.4,8.796875
5c4u,8.72,8.8984375
3i90,3.3,2.8828125
3ovn,2.55,2.1328125
4pp9,7.37,7.7890625
4cu7,7.59,7.46875
1xo2,6.07,5.703125
3q1x,5.33,5.3164062
3kl8,6.92,7.3867188
3chq,7.7,7.984375
1thl,6.42,7.140625
2p95,9.37,9.765625
2er0,6.38,5.9921875
3hqr,5.52,5.6132812
1c1r,7.63,8.234375
1b39,6.92,6.75
1z6p,6.05,5.9453125
1hs6,5.38,5.6601562
4blb,5.35,5.578125
4tn2,6.92,6.6328125
1v2q,4.13,4.8164062
2r3o,6.22,6.5976562
4qsu,2.0,2.1914062
1q6k,7.59,8.1328125
1di8,6.0,6.875
3ftu,3.61,3.8203125
3vye,8.11,8.9921875
4p74,5.0,4.5
3l3l,7.48,8.21875
4ok6,4.85,4.5
3fuk,3.02,3.1855469
4nal,5.66,5.8242188
4qq5,6.32,6.5976562
5f2k,6.16,6.0117188
1om1,6.77,6.8632812
1b46,5.28,5.2773438
2w47,4.98,5.2851562
4fev,5.42,4.9882812
2q15,7.96,7.5664062
3r6g,7.6,8.140625
1z34,3.38,2.9160156
4pvv,6.48,7.0859375
2uzl,6.21,6.4453125
2ybs,4.59,4.2734375
1prm,4.23,4.4570312
2y5l,6.48,6.3007812
4j52,8.52,8.6328125
2w08,3.42,3.34375
4ycv,5.82,5.5898438
2pvj,8.1,8.6015625
2qe5,5.79,5.9804688
2yne,8.57,8.6953125
3cjo,8.66,8.5078125
3l9m,7.3,6.8085938
2i4t,9.0,8.6640625
4nj3,6.52,6.7148438
4j1p,7.05,7.0195312
5bvk,4.0,4.0273438
2k31,8.7,8.1015625
2yog,4.51,4.421875
4ofb,5.43,6.4414062
2p8n,3.15,3.2910156
1axr,3.27,3.4355469
1u9v,8.22,8.4921875
4ozn,5.4,6.203125
3q4c,6.43,6.5546875
1w3k,4.3,4.7578125
4m4q,7.96,7.953125
4bty,7.7,7.4726562
4qvq,5.2,5.5625
2rt5,6.72,7.1367188
2qju,4.1,3.9980469
1awf,6.01,6.4375
4ibd,3.67,3.4101562
1mj7,8.35,9.125
3bh3,6.15,5.5742188
1yy6,6.07,5.7421875
4c4f,7.59,7.4921875
4zuq,6.89,6.3945312
4wbo,4.2,3.8828125
1rgl,4.43,3.8476562
2fes,9.01,8.9140625
1d3d,9.09,8.5546875
1pbq,6.27,6.2382812
1c5c,6.96,6.9023438
1ong,8.05,6.9726562
4aw5,6.12,6.0351562
4nld,7.7,7.7226562
3pcb,2.4,1.7705078
4avt,8.06,8.90625
3ur9,6.31,6.1015625
3mj5,6.49,6.28125
4pnr,6.34,6.1328125
3wdc,7.92,7.765625
4hct,7.14,7.328125
1btn,4.4,4.8046875
4eft,4.07,3.6894531
3u51,5.51,5.2578125
3fpd,6.15,5.8828125
3oka,4.72,4.3125
2ylp,4.3,4.3046875
4h85,5.15,4.546875
4rfd,8.05,7.6015625
3gk1,4.1,3.8085938
3g2i,4.86,3.4804688
2lh8,4.18,3.5117188
4bci,8.22,8.3125
4pl3,6.54,6.203125
1ayv,8.0,7.9648438
4oiv,5.08,4.3398438
4aqc,9.05,8.765625
1soj,6.62,5.8710938
2gni,5.64,5.6132812
2mip,8.46,7.1679688
4ke0,7.77,7.6914062
1a4w,5.92,5.5898438
5bpe,5.95,5.9375
1wbs,6.2,6.7773438
4l0v,6.63,6.140625
1h1b,9.8,9.5859375
5e1e,7.66,7.734375
4a7b,7.4,7.0742188
3cso,5.77,5.4023438
2wzf,7.0,6.8515625
5apj,7.4,7.5820312
4y62,2.95,2.6074219
1u0h,6.96,7.1445312
3lj3,9.03,9.40625
5a5o,3.0,2.5839844
1lah,7.52,7.15625
4mp7,5.74,5.8320312
1y6q,11.7,11.5390625
4qyg,8.39,7.8320312
2f8i,7.26,7.4726562
4b3c,2.68,2.1679688
4fc0,7.16,7.1523438
3nga,8.0,7.9101562
2l65,4.22,4.3203125
4qz0,5.46,4.8828125
2xaj,3.77,3.7363281
4jda,6.29,6.5234375
4i0f,6.35,6.3046875
2vvt,5.24,5.0585938
1tnj,1.96,1.6992188
1utr,8.0,7.4179688
4pkr,4.82,5.5507812
3fl8,7.27,6.8320312
3m3x,6.82,6.5742188
3wv1,11.41,10.7734375
3abu,5.62,6.0351562
2vwu,6.46,6.7617188
1fkf,9.4,8.578125
3qcx,7.2,6.828125
4ehm,5.85,5.453125
4a6c,7.92,8.0703125
3u0t,9.52,8.75
1rsd,6.52,6.328125
5lpr,6.57,6.5117188
3t6j,6.36,6.7070312
3l3z,4.87,5.0234375
1oxn,5.68,5.3710938
2i0e,8.7,8.671875
4tsx,4.99,5.4296875
3lc3,5.23,4.6210938
5ctc,6.35,6.4179688
3qxh,5.24,5.2421875
4ce3,3.96,4.0546875
2y1d,6.82,6.1171875
2aa6,9.41,9.640625
2wr8,5.44,4.171875
4c6z,3.45,2.8964844
4ezl,8.59,8.375
3bxh,4.03,3.4921875
5al3,4.96,5.0585938
4fll,5.29,5.296875
3i6z,7.3,7.453125
4awk,6.89,7.1015625
2uzb,6.92,6.4765625
3ovz,8.06,8.234375
1ykp,2.96,2.6523438
4hra,10.1,9.375
4tv3,8.72,8.484375
4bqs,4.21,4.8632812
3k84,8.52,7.859375
4mxa,8.92,8.78125
1uu8,5.05,4.984375
2ojf,6.96,7.4648438
3m6r,7.49,7.2773438
2wik,3.18,3.125
4dhn,3.89,3.5996094
1h2t,7.89,8.0546875
5bms,6.34,6.0117188
3nkx,5.12,5.0859375
3rmf,4.09,3.9296875
3l59,3.7,3.3203125
3fee,6.64,7.0898438
4unq,6.62,6.2929688
4f1q,4.95,4.7929688
3zev,8.64,8.2890625
4qjo,7.4,7.4882812
2b54,7.7,7.5078125
4owv,4.35,3.7675781
1tom,8.3,8.0703125
4izy,8.52,7.9414062
2yex,10.0,10.4375
3my1,5.45,5.8671875
3tjm,5.2,5.5117188
4kpx,7.3,7.1523438
4jjm,7.57,7.4453125
3f82,8.34,8.703125
2fda,6.3,6.8125
2ea2,7.8,7.484375
1tpz,6.19,6.2148438
3pr0,9.54,9.203125
4kio,6.3,6.3671875
4z2p,4.6,4.8476562
3kfc,8.55,8.203125
4qp7,5.23,5.3945312
3ske,7.77,7.2695312
3nht,7.01,7.1992188
3r2y,8.07,7.3398438
4e8w,6.09,6.09375
4hai,8.1,7.8125
3fqa,0.49,0.4555664
4z2b,7.76,7.8671875
3lmp,6.21,5.71875
4nbl,6.33,6.4648438
2ha3,3.03,3.5117188
4o12,8.7,8.328125
4od7,5.08,4.6835938
4az0,7.42,7.1171875
3d4l,7.49,7.40625
4xqb,3.79,3.8652344
4o0j,4.89,4.703125
3d7z,7.92,7.3554688
4uyn,8.4,8.546875
4q4r,6.43,6.2460938
4j04,4.96,4.8203125
4hs8,7.92,7.1875
4e3h,7.05,6.7421875
3p4q,6.52,6.1601562
3ith,8.1,8.296875
3t19,8.66,8.328125
1d4l,8.77,8.890625
4c52,5.68,4.9726562
3u2q,8.22,8.53125
2a3a,2.82,3.0390625
3i7c,7.74,7.6835938
3cpj,4.72,5.0039062
5e8r,8.7,8.8046875
1ajv,7.72,7.40625
1tps,8.0,7.6875
4mw7,5.0,5.203125
3tcy,4.62,4.3789062
2vci,7.68,7.46875
4cfv,4.63,5.2226562
4eh8,2.2,2.3808594
3olg,7.84,7.875
1g36,7.17,7.5703125
1zm7,3.0,3.265625
2pk6,10.89,10.265625
4xm7,3.57,3.8945312
3bxg,4.96,4.6914062
1nhz,6.08,5.8984375
3fvl,6.07,5.9140625
3km4,8.89,8.2890625
1mfi,5.59,5.2578125
1h27,5.6,6.171875
4flk,5.25,5.6015625
1eix,11.06,11.6484375
4n3w,3.5,2.9257812
4hmh,6.21,6.2109375
3adv,3.03,2.8984375
4i7b,5.7,5.734375
4y8z,10.4,11.0
3snd,5.08,5.0507812
4ehe,8.49,7.9648438
2ieo,8.49,8.5703125
1i32,5.7,5.3242188
1qb1,6.77,6.3398438
3s2o,5.05,4.90625
1k03,6.0,6.453125
3gi4,10.8,9.75
2i0h,8.05,8.7109375
1n7j,6.43,6.7109375
1qwu,3.22,2.7226562
4jg6,6.44,6.7226562
4pre,3.74,4.609375
3zki,5.92,6.5429688
4jjq,5.03,4.8046875
4nro,5.02,4.6875
3hc8,8.54,8.6640625
2c4g,5.94,6.0898438
2obj,7.3,7.5039062
4ck3,3.57,3.59375
3fr5,6.35,6.4140625
3deh,6.83,6.8085938
1l7x,4.04,4.0859375
2h21,6.54,6.3359375
2pg2,5.77,5.859375
4g0c,7.92,7.7578125
3up7,8.21,8.3359375
3kdt,6.59,7.2265625
3aqt,6.72,6.9726562
5fiv,7.66,7.7226562
1ktt,5.82,5.734375
4zvi,6.33,6.5117188
4rj6,7.12,6.9257812
3pd2,5.47,4.578125
2qoe,7.6,7.3867188
5dhj,6.7,6.8398438
4qme,6.52,6.625
4j93,4.7,4.421875
4mu7,8.85,8.4765625
4q6f,5.6,5.703125
4z3v,8.4,7.7773438
5cs3,2.15,2.3144531
4kg1,6.56,6.6328125
3vi7,7.39,7.234375
2f9b,6.52,6.34375
4duh,5.18,4.40625
4ylu,4.0,4.3671875
3aav,6.62,6.9765625
1ppm,5.8,5.4414062
4do3,4.1,3.9902344
3uhm,8.44,7.4921875
4otw,9.28,9.5234375
1w22,6.76,6.8007812
4ynl,4.62,4.203125
4n8e,7.7,8.609375
3ocb,8.3,8.3046875
2rf2,8.44,7.8789062
3gxz,7.89,8.234375
3su6,6.02,6.6054688
3wk5,4.82,4.1679688
2v2q,4.15,3.921875
2jkk,8.2,8.2890625
4tjw,6.02,6.2226562
1w7g,5.1,5.1679688
4qz5,5.26,5.265625
4a0j,6.0,5.7695312
4bnv,7.52,7.5742188
4qsm,7.41,7.40625
1m5d,5.04,5.1914062
3i7g,6.37,6.453125
4qgi,3.9,3.3320312
4ynd,8.55,8.984375
2hyy,6.77,6.0351562
1jeu,6.82,6.7265625
3bcs,5.21,5.1484375
4b6q,7.55,8.1875
3oqk,6.38,5.7421875
4pqn,9.15,8.921875
2xi7,5.14,4.7539062
1dub,5.8,5.2929688
2bts,7.7,7.1640625
2f5t,5.17,4.8085938
4m84,7.31,7.46875
3wzp,6.82,6.4726562
3qc4,8.7,8.8046875
5a4c,8.24,7.8242188
2wuu,7.16,6.8710938
3c2u,2.9,3.3105469
1v0p,6.89,6.5039062
4b80,4.4,4.2226562
3iok,7.96,8.046875
1wun,7.21,7.0898438
2wtd,6.68,6.7148438
1zz3,6.54,6.375
2doo,7.17,6.4492188
4ipi,5.32,4.375
6tim,3.21,3.4140625
3f8f,6.63,7.0351562
1w4p,4.74,4.5703125
1lgt,6.1,5.640625
2xc4,8.05,8.3203125
3ifl,8.08,8.5078125
1nu3,4.0,4.1484375
1bwb,8.42,8.625
3nus,3.51,2.84375
4gql,9.59,9.3203125
4fse,7.4,6.8476562
1okl,6.03,5.7382812
4u1b,5.31,5.3671875
5a85,5.3,5.3007812
3f7z,7.19,7.3242188
1j81,7.1,6.8945312
5aib,3.8,2.9101562
5egm,8.62,9.09375
2hy0,9.19,9.046875
3wqw,5.23,4.625
3wzk,7.24,6.9960938
3eka,3.0,2.4082031
4wf6,6.3,5.765625
4o3u,6.4,6.1328125
3lgp,8.7,8.6484375
2vcj,7.68,7.8945312
4eh5,3.09,2.7988281
4feq,5.96,5.4648438
4bck,8.4,8.625
1f28,7.8,7.9492188
1xh3,5.51,5.609375
2fr8,3.15,2.9726562
2jnp,6.89,6.5898438
3sud,9.85,10.0546875
3n0h,6.21,6.15625
3ao2,3.77,3.734375
2vwf,5.06,4.9960938
4dbm,7.62,7.40625
4q1f,8.04,8.1328125
3g3n,6.29,6.2109375
1me4,6.84,6.7109375
4qfn,4.12,3.1660156
3rx7,6.03,5.8085938
4r0i,6.52,6.3671875
4phv,9.17,8.3984375
4jal,4.6,4.5
4z7s,8.22,8.265625
4pzv,5.7,5.7773438
2r5d,10.15,9.71875
3dv1,6.23,6.203125
2r9b,6.57,6.671875
3vw6,7.85,7.203125
3pwh,8.72,8.65625
4v04,8.11,7.3789062
2p59,7.3,7.078125
3tgs,5.39,5.0585938
3zo1,6.0,5.1914062
2hd6,7.8,7.4140625
4zyc,6.42,6.7851562
2p7z,6.58,6.5507812
5c42,8.72,8.2890625
4lxd,7.23,7.0585938
2osm,6.2,6.2890625
1kwq,9.21,8.9296875
2lsr,5.24,5.7421875
5bv3,7.17,7.4023438
2euk,6.6,7.0742188
3bh9,6.93,6.1835938
4g2j,7.96,7.5039062
4igq,4.52,4.0429688
3wyy,8.49,8.7734375
4eg5,8.1,7.5742188
1qtn,7.3,6.8242188
3bu1,8.15,8.0546875
2w6p,6.48,6.5625
3t3h,5.71,5.2148438
3bux,5.63,5.4882812
1fta,6.36,6.0039062
4bcj,7.96,8.3359375
3vbq,9.33,8.71875
2wd1,7.09,6.359375
2kfh,2.62,2.8457031
3v0p,6.28,5.2773438
4zy4,7.66,7.2460938
5caq,8.57,8.7421875
2xey,5.19,4.8984375
4yrd,4.57,4.0742188
4jpe,7.32,7.9023438
2hds,2.0,2.1542969
2pyi,3.75,3.5253906
1sj0,9.1,8.875
3gbq,5.46,5.6054688
3nsh,6.33,6.5742188
4w5j,7.24,7.5390625
3qri,9.1,8.796875
4av0,6.98,7.234375
4ptc,8.96,8.8984375
2x6x,3.68,3.6367188
3dkj,5.7,6.2734375
2yme,7.66,7.890625
2vu3,7.33,7.5625
3hrf,4.99,4.9921875
11gs,5.82,5.6484375
1elc,6.66,6.5039062
4nxo,7.22,7.2851562
1pro,11.3,11.6796875
4wnk,6.42,6.8164062
3dz4,6.4,6.4140625
3twj,7.84,7.4296875
1g7f,5.47,5.625
4cqe,8.43,8.125
2r4b,7.18,7.2070312
1y2a,7.34,8.453125
5cfa,6.54,5.6289062
2fky,8.59,8.140625
4ivk,3.85,3.546875
1ag9,9.0,9.265625
2ay2,1.88,1.9599609
3lmk,5.94,6.1835938
1jfh,2.05,2.3554688
2y1x,7.57,8.4140625
1koj,6.7,7.2617188
4ps0,4.04,4.234375
2jxr,7.05,7.7890625
4hbw,5.32,5.0234375
2q95,5.8,5.5429688
2za0,6.64,6.8164062
3qiz,5.21,4.8867188
1ft7,5.18,4.8085938
4m7b,6.7,6.921875
3vuc,9.05,9.828125
4q1a,9.3,9.7890625
3uvo,7.0,6.0585938
4rz1,7.4,7.140625
4des,5.85,6.28125
2pri,2.91,2.8359375
5c7c,5.26,5.3945312
3ni5,7.55,6.7265625
4nks,7.17,6.546875
3fmz,8.08,8.328125
4rgd,3.94,3.5214844
4knj,7.95,8.5390625
4fpf,4.41,4.1601562
1uyg,4.27,4.7226562
1m6p,5.1,5.2304688
2pv2,5.91,5.8164062
1b9t,5.1,5.40625
1bzy,8.34,8.8671875
4xjs,7.12,7.1601562
1ypg,8.0,7.8085938
3qcj,6.3,6.390625
4omj,5.26,4.4609375
2bak,7.43,7.4023438
4x69,7.66,8.2578125
4c1c,4.97,4.5976562
3prf,8.85,9.265625
2r3l,7.0,6.6953125
3ap4,3.92,3.5957031
1mpl,3.77,4.1210938
3jqb,6.02,5.9492188
1qbo,7.74,7.2382812
2qhz,7.28,7.3007812
1zhy,6.52,6.7929688
3da9,5.51,5.9609375
2wig,3.43,3.0527344
4w57,4.85,5.0898438
2qcm,3.35,2.8144531
3agm,9.09,8.5625
1g9d,5.3,5.96875
4dpi,7.11,7.3867188
3fcf,4.4,4.3046875
2nmz,8.37,7.9804688
3owk,5.82,5.703125
4xt9,6.8,6.703125
3fxv,7.03,7.0195312
2vip,5.28,5.4101562
3eql,5.3,5.6523438
3qd0,8.5,7.6484375
2qlq,6.63,6.9453125
1pye,6.41,6.6054688
3iqi,4.41,4.2460938
2in6,7.64,7.9179688
2oo8,9.0,9.0
2xwy,5.22,5.3476562
2h42,8.62,8.0
3zrl,6.8,6.90625
2q2c,6.38,6.7382812
1m5b,8.01,8.25
3ms2,3.72,3.6523438
3t4v,6.3,6.21875
1sm2,8.0,8.40625
4i8n,4.46,4.5585938
4twt,8.0,8.03125
3udr,4.96,4.9023438
3el0,7.47,7.6835938
1qji,4.85,5.7695312
4jht,4.99,5.1328125
2f2c,6.35,6.7890625
2w7y,6.08,6.796875
1k1p,7.92,7.6210938
3oli,7.38,7.546875
4u2y,3.99,3.8183594
4twy,3.97,3.9589844
2nnq,8.7,8.5625
1lag,6.3,6.6328125
1bmn,8.44,9.4921875
4odf,10.0,9.46875
1moq,3.46,3.375
2avv,9.26,9.4375
3zs0,6.7,6.7382812
1v1j,4.82,5.3828125
3moe,4.3,4.5546875
3mo8,3.1,2.9355469
3ads,5.01,4.8789062
2uxu,4.74,4.9882812
2avo,8.85,9.8046875
4bgk,6.28,6.3867188
4mi6,4.31,4.3710938
3cde,7.66,7.3164062
1kmy,5.1,5.0234375
2ai7,6.4,6.5078125
3aya,4.33,4.5742188
2qrq,5.1,5.3242188
1a5v,3.1,3.0527344
2fjn,7.41,7.3359375
4x5r,7.85,8.4765625
4ykj,4.43,4.2109375
3qlm,6.37,6.8164062
1iep,7.0,7.1953125
4l7n,4.84,5.4960938
3nfl,4.38,4.4179688
2q72,2.68,2.9003906
3fc2,9.06,8.984375
2i2b,2.44,2.2578125
3rx8,6.21,6.7929688
2pix,4.3,4.4921875
2zxa,8.35,8.7421875
1hms,6.37,6.3671875
3acx,5.7,6.140625
3szb,4.92,5.0703125
1y2c,6.57,7.3710938
4kcg,8.3,8.0078125
5aok,2.7,2.6835938
4qyy,7.3,7.5117188
1cze,2.62,2.6289062
2qtr,5.49,5.5859375
2o4p,10.72,10.8125
5c84,6.19,6.5234375
1g1e,7.54,7.8320312
4i6h,8.3,8.46875
3ho9,6.1,5.9257812
4cl9,7.3,7.6015625
2w8f,6.3,6.4726562
3lir,6.92,7.3632812
3cgo,5.52,5.75
2oh0,7.74,7.3203125
1e00,6.1,6.578125
4oc6,7.07,7.4414062
1hbj,8.52,8.8828125
5dgz,7.85,8.1171875
3oyn,7.6,7.1210938
3o0j,7.19,7.140625
3tc5,5.17,4.8007812
1kzk,10.39,12.0234375
1fiv,6.59,7.2148438
1d8e,6.6,6.6210938
3uvx,4.34,4.421875
1zzz,5.14,5.6171875
1agm,12.0,10.8046875
4wj5,6.29,6.2773438
3udq,6.0,6.1640625
4na9,7.39,7.9726562
2xml,3.3,3.7460938
3aid,6.86,7.5898438
1o6r,7.1,7.515625
1yxd,5.3,5.4179688
2q9n,6.37,6.3476562
3tib,6.89,6.8398438
4u0b,4.3,4.6523438
1lox,5.52,5.5351562
3kga,7.21,7.296875
2bmk,5.62,5.6484375
3zjv,6.27,5.96875
1b9v,3.65,3.8242188
3g45,8.36,8.875
1v41,4.7,4.1796875
4alv,8.15,8.3359375
4jt9,8.14,8.3828125
3hqw,7.46,7.5898438
3v1r,7.68,7.1953125
1z3t,3.94,4.1210938
4hzt,6.12,6.3789062
3cwj,8.0,7.6015625
1gah,12.0,11.6171875
4jls,5.66,5.9492188
1h39,6.54,6.3710938
1ftm,7.61,7.65625
1ypj,7.02,7.4648438
3q5h,6.25,6.03125
1g2o,10.55,10.7890625
1n7m,5.71,5.296875
1bim,8.92,9.046875
4yuy,3.34,3.7851562
4mi9,3.42,3.1855469
4dcs,5.1,4.8085938
4zy5,7.59,7.5234375
1y2j,7.48,7.4335938
2r3j,8.0,8.25
2jbk,6.4,7.6445312
3ifo,7.26,7.1757812
2w8w,2.12,2.9765625
2psv,7.24,7.8125
1t5a,4.62,4.6992188
3rik,2.47,2.8515625
2r3y,5.49,5.2734375
4gw5,5.46,5.71875
2fqw,6.68,7.671875
4k78,4.79,4.8125
4k8a,4.02,3.8769531
3fxb,5.85,5.9414062
2ghg,8.82,8.6015625
4usw,2.69,2.8945312
3w2o,5.08,5.6132812
4b9w,4.17,3.8867188
1orw,7.6,6.9765625
1lf8,5.46,5.9101562
2xv1,5.99,5.6992188
4oc0,6.5,6.1171875
1no9,7.62,7.4023438
1ysi,7.44,7.8085938
3rxp,2.08,1.9716797
4rx9,7.89,8.6796875
3dp3,5.82,5.4101562
3f7u,6.61,6.5703125
5aoi,3.03,3.1542969
2xn6,8.8,9.0859375
3l3m,8.22,8.703125
1pph,5.92,6.9257812
1xdd,6.7,6.4023438
1b4z,5.23,5.71875
3fi2,7.6,7.7148438
2fsv,4.6,4.6640625
3le9,8.22,8.53125
2ovq,7.15,7.4882812
5dd9,6.11,6.40625
6cgt,6.0,7.2226562
3t0w,7.3,6.96875
3fr2,6.23,5.9257812
3i0s,9.0,8.53125
2ql5,8.1,8.8046875
4kox,4.77,5.15625
2x7d,6.7,6.6640625
2l3r,4.66,5.25
1k4h,5.11,5.125
4xyf,9.0,9.8984375
1qj6,7.74,7.2851562
4fem,4.06,4.0859375
3sh1,7.39,7.1679688
3rjc,5.24,5.6210938
3cii,6.1,6.2695312
2rcb,6.79,7.0117188
2o5k,7.82,7.7851562
2c1q,13.0,13.3828125
4qwf,6.0,6.1875
4bnz,6.59,6.6953125
1fao,7.37,8.296875
2cgr,7.28,7.4648438
1rsi,4.42,4.515625
4ci3,6.81,6.421875
4fxj,3.62,3.1445312
1xnz,6.62,7.03125
1bqm,7.35,7.5
2ph6,7.57,7.46875
2j83,4.21,4.7421875
1mm6,7.7,7.4179688
1urg,5.82,6.109375
3kdd,8.46,8.921875
3rtp,8.15,8.75
3k00,5.77,5.9960938
2krd,2.7,3.3613281
4jxw,4.72,4.71875
3hfb,7.52,8.1796875
1htf,6.83,8.3359375
2qnz,5.42,5.796875
3gcv,7.13,7.3320312
1sc8,7.44,7.515625
3r0t,9.04,8.8828125
2c4w,4.7,4.4609375
2qcd,3.4,3.2324219
4gk7,7.9,8.046875
2z4z,5.73,5.6796875
3fal,6.78,7.2148438
1ih0,5.0,5.3203125
3hj0,5.71,5.640625
3cl2,7.59,8.5
4b5b,6.41,6.1601562
2hzi,7.15,7.0351562
2vl1,1.35,1.5576172
3oe8,8.14,8.3046875
1upk,6.4,6.2851562
3f35,3.16,3.0292969
4bid,8.1,7.8984375
1ssq,6.0,6.1484375
1afk,6.62,6.453125
3wgg,4.4,4.5898438
3pj8,7.4,7.4765625
2xas,5.89,6.2148438
2llq,5.82,6.046875
2f6z,5.32,5.3515625
2w6n,6.9,7.4804688
4r95,7.85,7.6835938
3loo,6.07,6.2773438
4xdo,4.08,4.6953125
3nam,8.46,8.109375
3kvx,6.83,7.1445312
4yc0,4.13,4.1796875
2pnx,5.1,5.5429688
3gep,3.75,3.8710938
3mna,7.39,7.0546875
2ao6,9.28,9.3203125
2z7r,9.52,9.4765625
4hgt,7.4,7.4648438
3iww,7.96,7.875
4xsz,5.6,5.2304688
4mmm,3.82,3.8515625
4k4f,6.7,7.171875
3dxk,6.33,7.2226562
4ucu,3.35,3.1210938
2az5,5.27,5.2617188
2wu7,6.28,6.4570312
4x3r,11.07,11.328125
3sz9,5.27,5.0859375
5ais,6.24,6.578125
3q2g,8.46,8.53125
3dgq,4.92,5.4726562
4mzf,7.35,7.6875
2bve,3.67,4.0742188
4ps5,6.54,6.609375
2yke,5.96,6.28125
3dpc,4.36,4.7734375
2lto,3.11,3.1015625
1wdr,2.52,2.6757812
2g9x,7.35,7.2929688
4x49,4.53,4.4960938
4xu2,9.23,8.8671875
1dud,4.82,4.8476562
1m0b,8.82,8.890625
5ctb,7.64,8.2578125
2e98,6.23,6.3710938
5d1u,5.96,5.9882812
2x7x,5.7,6.109375
4io4,4.61,4.6757812
1f90,7.92,8.25
4z1q,7.82,7.4375
3ghe,5.89,6.1835938
3n49,5.15,5.140625
3tdc,8.27,8.234375
4dma,6.19,6.5234375
4y29,6.25,5.9492188
2p09,6.35,6.4960938
4po7,7.07,7.9921875
1l2z,3.69,4.2109375
4bic,7.3,7.1367188
4n6z,7.8,7.875
3nti,5.22,5.6328125
2vi5,3.96,4.5585938
4lno,2.62,2.2871094
1hqg,3.0,3.3300781
5ajo,4.96,5.4335938
3ad8,3.16,3.4746094
4nzn,6.38,6.2304688
3vrt,8.57,8.7734375
3ao5,2.23,2.0898438
2fv5,11.7,12.1640625
2pt9,4.46,4.671875
1a4k,8.0,7.9609375
2xto,6.2,6.1679688
5ddd,6.59,6.5429688
1csr,7.38,7.1757812
3arn,5.41,4.9453125
1qpl,8.51,7.7421875
4asy,4.22,4.5117188
4onf,8.92,8.015625
3d4f,7.72,8.0234375
4x14,2.92,2.8730469
3kze,3.95,4.0703125
4hnf,6.15,6.1484375
3s3v,6.23,6.7226562
4uv9,6.01,4.4296875
2ltw,4.22,4.4335938
4hwp,7.76,8.125
4y6p,7.16,6.984375
2v96,4.54,5.015625
3lil,8.08,7.9648438
1cgl,6.87,6.5703125
2zfi,3.46,4.109375
3llm,4.74,5.0742188
2odd,3.96,4.3945312
4c1y,3.6,3.3789062
3b7r,7.7,6.9335938
4o74,7.6,7.0117188
4uv8,6.47,5.4101562
1ogg,5.19,5.2695312
3gww,0.45,0.60058594
1o2t,7.85,7.4335938
4ryd,11.26,9.8046875
3hl5,4.47,4.3867188
2vpo,5.42,5.671875
3fh8,6.74,6.2578125
4qvm,6.35,6.3945312
3inh,7.7,7.59375
4e9d,7.7,7.8710938
1z9h,3.0,3.2109375
4yv5,6.22,6.2734375
4b81,4.92,4.8203125
4hby,5.36,5.6835938
3u0d,10.0,9.8984375
3c8a,6.18,5.671875
2r3h,4.7,4.65625
1w7x,8.4,8.3671875
3asx,7.7,7.3398438
3g6g,8.55,8.3125
4pku,4.52,4.6679688
3jzp,6.6,6.5664062
4dk5,8.4,8.609375
1lzq,8.39,7.7304688
1ugx,5.91,5.671875
1b5g,8.0,7.7148438
4h3c,5.72,5.7265625
4nku,4.67,4.6601562
3lq5,6.96,7.1679688
1b6k,8.74,7.8515625
1q5k,7.42,7.7304688
1g1d,9.44,9.203125
3ess,6.39,5.6992188
1haa,8.7,9.59375
4x6x,8.64,8.2578125
4o0y,7.22,7.4921875
1c8k,6.0,6.328125
4dh6,7.77,7.625
4zsr,4.44,4.6484375
3ffg,9.08,8.4765625
4hvh,7.72,7.65625
4ctj,2.51,2.8769531
5e2o,8.7,8.2578125
3zze,8.89,8.359375
2c6g,3.37,3.6054688
4m6q,8.21,8.6640625
3u1i,5.25,5.1367188
3rsb,6.4,6.46875
3d50,4.77,4.7773438
4m5l,4.72,4.4921875
1ha2,5.54,5.46875
3e6y,5.6,5.3671875
3svj,6.93,6.3476562
2vwc,6.62,6.7304688
3th8,6.25,6.9179688
1qng,7.89,7.5429688
2pvn,9.46,8.3984375
3d32,6.45,6.5351562
4cki,5.96,5.7617188
1bnv,8.77,8.703125
4aa2,3.97,4.4492188
4lmn,10.3,10.8515625
3gfw,7.57,7.6328125
4xm8,3.02,3.3867188
4q9s,3.81,3.4824219
1nkm,7.3,7.25
2op9,5.66,5.6953125
1nqc,7.3,6.6328125
3lhs,9.0,8.59375
2zxb,5.3,4.5703125
2ksa,3.06,2.9960938
3ekn,8.4,7.8476562
2imd,8.3,7.8007812
3ual,5.81,4.9804688
3h03,3.87,3.7519531
2p7a,6.1,6.1054688
4g2w,8.8,8.90625
1bm2,6.96,6.5390625
3fu0,2.28,2.0351562
4oq3,8.1,8.578125
3r21,6.74,6.4335938
1g35,8.14,7.203125
1c4v,10.8,9.390625
3phe,7.8,7.75
1h2k,2.92,3.1953125
3qvu,3.55,3.3730469
4bw1,5.9,5.7773438
3uqf,4.7,4.8085938
1d09,7.57,7.5195312
3k3a,7.08,7.0351562
4z84,5.82,5.8203125
2vzr,4.28,4.234375
3r9d,4.15,4.5078125
1bhf,4.38,4.515625
1sjh,8.05,7.796875
4txe,5.62,5.6992188
1hih,8.05,7.9570312
2j95,8.4,8.6015625
2g79,6.92,6.8945312
4kfp,8.0,8.84375
4rxa,5.74,5.7070312
3nii,4.23,4.609375
2py4,6.7,6.9101562
4p4f,6.77,7.4960938
2e92,6.89,7.2734375
4rkx,5.1,5.0273438
3os3,6.63,6.9960938
1tsm,6.0,5.765625
1rs4,7.17,7.203125
4btw,7.15,7.1015625
1h24,6.3,6.328125
3r6c,4.72,4.8476562
3i0r,8.52,9.125
2a3w,5.42,5.3320312
3fgc,3.92,4.0742188
4ii9,6.03,6.5429688
4qjp,8.6,8.5078125
4d2d,3.47,3.4589844
1ppw,4.3,4.2578125
4wki,8.3,8.578125
2ajd,10.8,10.5
2jiw,4.59,5.046875
4nmo,4.83,5.5664062
1w8l,0.49,0.47265625
4c5d,5.4,5.7265625
2jjk,8.05,7.90625
3wf9,6.25,7.3164062
4oho,7.77,8.40625
4ijh,4.33,4.5976562
2wsx,2.41,2.7773438
3tv6,8.32,8.6015625
1rd4,7.74,8.0546875
4k6u,4.14,4.140625
3zpu,8.38,8.9140625
4kp4,5.17,5.7226562
1y3g,7.4,7.4453125
1eef,2.92,3.3417969
3qi2,7.35,7.4453125
2h13,5.35,5.5234375
3wv2,7.92,7.4179688
3ccc,8.1,7.6445312
2p98,6.19,6.2109375
2vc7,3.36,3.8359375
3qw7,5.74,6.1523438
4bzr,7.6,7.6367188
4ona,8.15,7.6601562
4yz9,7.7,7.0585938
4mr5,6.6,6.4414062
2v86,4.46,4.3203125
1bkj,6.77,6.421875
2f89,6.48,6.859375
5cjf,9.59,10.109375
4uxl,10.6,11.3046875
4idt,7.0,7.046875
4bqh,5.59,5.3554688
1zky,6.25,6.5039062
3sjo,5.78,5.6445312
4lbp,4.94,5.8085938
4f1s,8.7,9.1015625
1h25,5.74,5.0078125
1h36,7.74,7.7734375
1hos,8.55,8.9609375
3uli,7.15,6.9804688
4ajk,3.11,3.3164062
3rth,5.21,5.2539062
1v1k,4.46,4.75
3o9d,10.72,11.640625
3ddb,4.02,3.6113281
2p3b,8.48,7.21875
3lk0,3.16,3.0800781
3m1j,4.82,5.515625
2vuk,3.9,4.7265625
1a99,5.7,5.7578125
2pj1,8.01,7.9179688
2z5t,5.62,5.8164062
1efy,8.22,8.2421875
1o0m,5.15,5.1210938
2vgp,6.85,6.484375
4zro,6.16,6.25
4int,5.8,5.8984375
2e99,6.16,5.4570312
3huc,5.99,6.2421875
4gzp,7.84,8.96875
3gz9,8.4,8.640625
4aj4,3.89,3.453125
1yuc,6.91,7.3125
3cx9,4.89,4.9335938
2ie4,10.0,10.6015625
3lhg,7.7,7.4726562
3poz,7.64,8.5703125
4p4t,4.39,4.25
3oe0,8.6,8.296875
4qr3,5.85,6.171875
3ap7,3.0,2.4804688
4o2f,6.41,6.3242188
2o4k,10.46,8.265625
4ygf,7.68,7.4335938
1jh1,4.39,4.5859375
3dei,7.4,7.8515625
3h21,4.7,4.3203125
4lp0,8.0,8.6328125
3kjq,5.88,6.1015625
3d2r,5.48,5.4023438
4fsl,7.7,7.7890625
4ci1,6.6,6.984375
3dhk,7.33,7.375
1qcp,7.52,7.6640625
3d6p,3.75,3.9902344
3uxd,4.41,4.4375
5c29,6.06,6.3671875
4mw4,6.5,6.4609375
1xur,5.18,5.6875
4cts,5.0,4.9492188
3bki,5.12,4.984375
4oem,5.3,4.7265625
3db8,7.0,7.5039062
4e6c,4.82,4.6328125
4k3q,3.94,4.2578125
1ogx,6.09,6.3789062
1kqb,4.0,3.9960938
1hxb,9.92,11.203125
4j0v,7.55,8.03125
2xvd,8.7,8.875
3g1v,3.19,3.6992188
4b9h,5.35,5.6289062
4nwk,8.7,8.828125
4uvx,7.96,7.8320312
4eg4,7.89,6.9023438
3wv3,7.62,7.7578125
4f7v,5.38,5.1640625
4wwn,6.07,6.1679688
3qtw,6.19,6.6015625
3vb7,4.31,4.09375
4nyf,7.31,7.8359375
3g32,3.71,3.5664062
4yt6,7.96,6.90625
3h5u,8.52,7.96875
3g0i,3.6,3.7753906
3fc8,5.39,5.2304688
2w54,6.98,7.0234375
2xk7,5.82,5.953125
3hkq,5.34,5.9335938
1gzv,6.57,6.0429688
2aia,5.41,5.34375
3idp,8.8,8.625
5ap3,7.03,6.9921875
4dve,9.52,10.0
3sni,7.96,7.5820312
4cy1,6.74,6.0585938
4n9c,3.9,3.9355469
2ll7,8.8,7.9335938
4h3q,5.1,5.3007812
1y2f,4.92,4.90625
4qvn,5.1,4.96875
1h26,5.54,4.8125
4zur,7.17,7.4804688
3h0s,6.2,5.9648438
3lw0,6.4,6.4296875
1gai,8.0,9.2578125
3egt,8.9,8.671875
3ryw,6.24,6.6953125
1h3c,6.51,6.40625
5alw,5.15,4.8476562
3b7u,7.74,8.2734375
3eou,7.01,6.8867188
4rcp,5.35,5.5429688
2oz7,7.85,7.7109375
1cnw,7.72,7.4804688
1puq,7.28,6.7226562
2np8,7.38,7.3632812
2gu8,8.59,8.390625
4ajn,7.16,7.1484375
1o4b,5.7,5.7460938
1it6,8.39,8.703125
4pd8,6.03,6.1796875
4hyb,6.46,6.7421875
2xch,6.43,6.3671875
1uys,3.6,3.4667969
1rxp,7.14,6.5742188
1n4h,6.55,6.5703125
1k06,5.34,5.1640625
1o4r,2.41,2.5488281
2i4z,5.7,5.8828125
4guj,3.05,3.6269531
3s9i,5.7,5.7695312
3dx3,6.52,6.4453125
2pyy,4.6,4.6289062
5a00,7.52,7.90625
3fzr,7.96,8.09375
1xws,8.0,7.3632812
1h8y,7.7,7.625
1kel,7.28,7.0703125
1y3p,4.82,5.0546875
3tws,5.52,4.8085938
4j3m,7.68,7.3515625
3mv0,3.85,3.4414062
2c0o,5.91,6.2734375
4yps,7.12,6.4179688
1w0y,6.42,6.671875
1jil,8.4,8.015625
4lov,7.77,7.7070312
4jlj,6.13,6.7109375
1akv,11.59,11.609375
1i3z,6.88,6.7070312
2ca8,4.66,4.9101562
1zge,7.3,7.1484375
3u4i,3.89,3.7929688
5a2j,5.85,5.8476562
3rk9,6.28,6.40625
2vvu,8.1,7.875
2pe0,7.1,6.9492188
1xuo,7.16,6.9335938
4zh3,4.4,4.1015625
2izx,9.4,9.6953125
3lm1,4.7,4.515625
1pu7,3.1,3.796875
3nuu,3.77,4.078125
3eov,7.2,6.796875
4xhk,8.3,8.484375
2w16,10.0,10.21875
4nrt,6.0,5.75
3zps,8.3,8.421875
4ad2,6.2,6.328125
4dvf,6.89,6.328125
4idn,5.24,5.1757812
4oq6,5.48,5.3359375
1yei,7.46,7.515625
2vcb,5.26,5.3789062
5afv,5.59,5.390625
1zkl,5.09,4.6914062
4k8o,3.77,3.8378906
1v2m,4.29,3.7226562
3jyj,5.74,6.21875
3eyl,6.6,6.6210938
1oeb,6.93,6.5976562
4xir,6.94,6.734375
4x3t,4.54,4.546875
3pn4,6.85,7.4257812
3wav,6.74,7.2695312
2w70,4.92,4.7734375
1owd,8.2,8.34375
3u2k,7.52,7.1875
4pmt,6.0,6.6054688
4uib,9.0,8.4375
4nh7,8.4,8.5625
4b7j,7.95,8.6328125
3g34,2.96,2.7558594
3dpd,5.78,5.8554688
3ql9,6.3,5.5625
3e81,1.43,1.3701172
4mro,7.06,7.640625
3n87,4.96,5.3945312
4orx,3.53,3.2675781
2v0c,5.68,5.9101562
4mm6,6.69,7.34375
2v7d,6.59,6.4648438
4nmx,6.18,5.71875
2o7n,7.82,8.4609375
2ypi,4.82,4.9179688
4y79,7.96,7.8554688
1njd,5.57,5.5117188
3kv2,7.32,7.2226562
5c2e,8.7,8.625
1kr3,5.0,5.4335938
3hf8,6.51,6.3203125
4zdu,5.77,5.7617188
4ezo,6.52,7.453125
1d8f,7.74,7.8671875
4lm3,2.92,2.6894531
3k3b,6.7,6.3359375
1owj,7.32,7.2226562
4a6w,5.72,5.8945312
3ufa,5.0,4.984375
4btk,6.62,7.0039062
3vx3,7.82,8.546875
4a9u,7.22,7.4257812
4kc2,3.31,3.4941406
3ahn,7.05,6.7109375
4a6v,5.72,6.0664062
4b3b,3.6,3.6328125
3o75,6.68,6.7148438
2i80,5.4,5.4882812
2qm7,5.89,5.4257812
1o4g,2.3,2.0996094
1mkd,6.8,6.6289062
4azp,5.9,6.0
1gww,3.59,3.6796875
5dqe,3.63,3.3867188
2joa,5.96,6.1289062
4afj,6.4,6.6757812
1t1s,5.15,5.015625
1g9t,3.28,3.4746094
3ekr,7.52,8.3984375
3qi1,7.66,7.8085938
3dsu,7.03,7.0078125
1so2,9.57,9.4140625
4pct,7.15,6.8984375
4pnk,6.6,6.5429688
1f57,5.64,5.953125
1tlo,4.0,3.7265625
4dmy,9.0,9.421875
1rql,2.75,3.4902344
3sou,5.68,5.4648438
4k67,3.43,3.5429688
3wf7,6.69,7.2109375
2hiw,8.1,7.9023438
3hii,6.54,7.1757812
2of4,7.09,6.9648438
3we4,7.82,7.7109375
4pnn,4.52,4.7421875
1lcp,6.64,6.8125
3bg8,5.89,6.5742188
4fs3,7.85,7.5507812
4oyb,5.8,6.4101562
1b3f,6.89,6.578125
4anw,7.74,7.34375
4d1s,7.66,7.9023438
2y8l,5.82,5.515625
1cpi,7.41,7.1992188
2gbi,8.52,7.8632812
3r8i,5.35,5.3203125
3ipy,6.29,6.2109375
2a4l,6.4,6.7109375
4xy9,5.33,5.6367188
1e55,4.12,4.421875
4myd,4.55,4.9101562
1k9q,3.15,3.6035156
5est,6.52,6.8476562
2lwi,3.11,3.1542969
5dk4,8.7,7.7929688
1jws,4.85,4.2695312
1o5p,10.0,9.5703125
3hcm,3.3,3.4980469
2bu5,7.78,7.8554688
2x09,3.76,4.9921875
2xp2,9.0,7.8945312
2ewb,6.1,6.4414062
5e0m,5.28,5.7851562
3td4,5.66,5.7304688
1rhk,9.11,9.1640625
1tsy,4.96,5.0546875
3pax,5.0,5.0546875
2c6k,6.14,6.3164062
4bfy,6.92,7.0390625
3gc7,9.22,9.6875
3anr,6.46,6.6914062
2ank,7.33,7.2460938
3mww,7.24,7.15625
3f3w,7.47,7.8671875
3kr5,7.89,7.8046875
1au2,7.89,8.125
1rgk,4.31,4.9882812
3sfi,6.4,6.546875
4hhy,8.72,9.0859375
2h5i,8.89,8.890625
3wde,6.91,7.5859375
2qcn,5.0,5.3164062
2b4l,4.77,5.078125
3m2w,8.52,8.734375
3mo5,6.87,7.3242188
4rad,7.1,7.3203125
4ewh,9.52,9.625
1wkm,0.82,1.0263672
2az9,7.66,7.203125
4v1f,7.7,8.28125
5ar8,8.1,7.9296875
3ffu,6.44,7.1484375
2xk3,5.68,5.9140625
2c90,3.48,3.3476562
2oyk,5.3,6.0117188
4ucd,4.0,4.5273438
1sle,6.17,6.21875
1bxr,3.4,3.6679688
3uwo,6.36,6.546875
4kb9,11.0,9.75
1wv7,7.26,7.0703125
3vf3,5.86,5.8203125
3mvm,8.41,8.1328125
2anm,8.74,8.2734375
4wrs,9.4,11.140625
1m51,4.73,4.4492188
1b9s,3.18,3.4667969
3hzm,5.52,5.3320312
2boi,4.32,4.8359375
4j3i,5.74,5.2929688
2xm2,4.62,4.953125
4cfl,5.88,5.5273438
3bun,6.21,6.9023438
2i4p,5.7,6.078125
1xs7,7.6,7.0
3cpc,5.3,5.4296875
2qbu,6.19,6.3320312
3k37,8.92,8.59375
4crj,5.96,5.7148438
1r1j,8.64,9.1640625
1q66,5.77,5.8125
4b78,5.0,4.8007812
3bm6,7.59,7.6757812
2y1g,6.15,6.2539062
4o5b,8.3,8.4375
4prg,7.15,6.59375
4q6r,6.68,7.0117188
1hww,7.7,7.0
2xk1,5.74,5.5078125
2fpz,3.96,3.8417969
1t46,6.43,5.9609375
4l4m,8.0,7.59375
4cs9,2.1,1.5332031
4azy,6.7,6.328125
1o6h,6.73,6.8828125
3iuc,5.66,4.9921875
3dda,3.88,3.6191406
2xbj,8.52,8.8359375
2kpl,6.64,6.125
4fe6,10.0,11.03125
2ilp,4.82,4.9492188
4qnb,6.59,6.8203125
2ja3,4.0,4.046875
4r76,7.85,8.0546875
2srt,6.64,6.3867188
1c1u,8.25,8.03125
1wss,7.77,7.5039062
2ce9,6.03,6.015625
4phw,10.0,10.6796875
4kx8,7.13,6.390625
4r17,7.68,8.0234375
4u44,8.1,8.1484375
2y6o,7.6,7.4140625
4lv3,5.49,5.078125
2fm0,9.4,9.1640625
3sgt,3.82,4.0234375
4gii,8.74,8.2265625
1lqe,5.82,5.5390625
4qgg,9.0,8.2578125
1y2k,7.68,7.1796875
4hso,4.66,4.5429688
1m83,3.4,2.8125
2rk7,4.05,3.7128906
4asj,7.55,7.0664062
2f7o,7.44,7.1171875
3qio,6.84,6.8945312
4ucv,2.88,2.6210938
1hvy,6.54,6.2695312
3hxi,6.33,6.140625
3q43,7.37,6.8085938
4x9r,7.82,7.2460938
2xk9,10.15,10.1953125
4p1u,8.52,8.078125
3wha,9.32,9.0546875
2adu,7.74,7.015625
2c8y,4.0,3.9882812
4cc6,6.64,6.4921875
1ukt,2.25,2.8144531
3wc5,8.7,8.828125
1iwq,8.06,7.5390625
3sx9,8.89,9.0859375
1o36,5.96,5.6914062
3uik,4.97,4.3359375
1zub,6.57,5.4375
4o45,4.15,3.9707031
2x9f,7.21,7.5429688
4k6t,4.1,4.6757812
1inf,5.0,5.0859375
4zph,7.51,7.453125
4erw,8.15,7.75
4i1c,8.1,7.875
3p3g,9.74,9.65625
1yvf,7.0,7.4414062
4v01,8.11,7.8203125
2zm3,6.21,6.5507812
2ybp,4.62,4.7382812
4deh,6.21,6.0117188
2ylq,4.3,3.8183594
4gsc,5.85,5.4453125
3c7p,10.0,9.9609375
2wi4,5.81,6.2773438
2gg7,5.76,5.9648438
4nrp,4.59,5.0742188
1vcj,4.59,4.546875
3d1e,5.77,5.3710938
4ge1,6.43,6.1054688
2nxm,5.19,4.4921875
1v3x,7.62,7.1875
4uof,4.84,4.2773438
2z3h,4.64,4.2304688
4ayt,3.7,3.734375
3ies,9.92,9.3203125
4ce1,4.38,4.0117188
2mkr,6.27,6.1367188
3zpq,7.17,7.390625
4fxz,7.03,7.125
1mrx,7.26,6.8671875
4j78,4.65,4.8007812
4bbe,8.44,8.1171875
2v0z,9.22,9.046875
2iuz,5.55,4.8554688
2k0x,5.68,5.8007812
3o87,7.6,8.1171875
2y2k,5.16,5.2578125
4auy,7.74,7.2578125
4xip,6.63,6.4960938
1nq0,10.32,10.0625
4og4,6.02,5.5976562
4zqt,5.64,5.4414062
4bo6,6.74,6.8203125
6gpb,4.85,4.28125
2pbw,8.25,8.1875
4g16,6.85,6.3945312
2l12,4.26,3.8710938
3np7,4.02,3.9296875
3cl0,7.07,8.046875
3ibn,7.61,8.078125
4zyr,5.7,5.8476562
1i43,3.7,3.671875
3qa2,6.68,6.9492188
1w31,3.6,3.5898438
1v0n,7.55,8.1484375
3m2u,7.0,6.5195312
4mwr,9.39,8.71875
2yjb,7.02,6.9882812
4dzw,7.89,8.09375
9icd,3.9,3.4101562
1bap,6.85,7.1953125
4h1j,5.92,5.9101562
3c45,9.68,10.3671875
3snc,4.39,3.84375
3mg6,7.89,8.2578125
3bbb,7.0,6.578125
3kyr,6.72,6.6289062
5c3k,3.96,4.7382812
1awh,6.08,6.7109375
3qxc,5.77,5.2695312
3gss,5.82,6.0859375
1ggd,5.8,6.1171875
2h5j,7.91,8.3828125
4gu9,4.37,4.6757812
2er6,7.22,6.7734375
4dxj,7.42,7.3710938
2o5d,5.15,5.109375
3e8r,9.74,9.5625
2c3j,6.18,6.5703125
2w12,4.65,4.4804688
3l4w,6.0,5.8085938
3sha,5.59,5.140625
1hvj,11.4,10.7734375
4k42,6.55,6.890625
3bim,5.88,6.4804688
3g6z,9.7,8.828125
4bds,7.6,7.7734375
4x9w,6.85,6.5429688
3dx0,7.44,7.171875
3spf,3.86,3.7734375
1c8v,6.33,7.3671875
2dua,4.77,4.8242188
4njd,4.84,4.984375
4n7m,5.47,6.2265625
2vx1,6.66,6.7148438
3gn7,8.3,8.5234375
5cep,6.84,6.6132812
2erz,5.66,5.9257812
4pml,4.52,4.9140625
1c5o,3.49,4.2695312
3bcn,7.12,6.2265625
2k7l,6.15,5.9570312
4ca6,6.74,7.3085938
3ggc,5.44,5.7226562
2vwz,6.1,6.5742188
5cs5,1.58,2.3359375
2y2j,4.8,4.7617188
4cxx,5.68,5.6132812
1j19,7.79,8.1953125
4kql,8.77,8.34375
1yye,8.57,8.703125
4nvq,8.48,8.7421875
3fkt,5.55,5.9179688
4ux6,5.92,5.7890625
1pop,9.0,8.515625
3s0o,4.48,4.4921875
1aw1,1.05,1.4003906
3c3r,4.39,4.0898438
1g32,6.11,5.9335938
4rvr,6.87,6.7890625
1zrz,5.24,5.7734375
3kry,10.0,9.8515625
4ciy,4.57,4.890625
4dow,5.02,4.6835938
3rin,8.89,9.1640625
3szm,6.4,6.7382812
2vvs,7.34,6.84375
1b52,7.12,6.9570312
2cgw,4.76,4.4140625
2r43,6.0,6.1757812
3qj9,7.0,7.2578125
3bh8,7.95,7.8476562
3l4z,6.72,6.7148438
2jfz,5.24,5.3671875
1hgt,6.82,7.5039062
4knm,8.0,8.09375
3zpr,6.65,6.21875
4g3f,8.36,8.3984375
4cwt,6.75,6.5
4ty8,2.03,2.3261719
2w92,4.55,4.5859375
3zt4,2.8,2.9609375
1gz3,3.7,3.9238281
3zn0,4.97,4.9804688
4pkw,4.65,4.8398438
2ydt,5.52,5.4882812
1zea,5.22,5.7382812
2zzu,7.41,7.2773438
2a3x,6.92,7.4765625
4k6z,8.7,8.9296875
2zxg,8.82,8.7734375
3o7u,7.28,7.0429688
2o1c,4.72,4.8125
4lxk,8.4,8.734375
3l9l,6.78,6.7695312
3h6z,5.82,5.953125
4qiz,8.15,8.4609375
1zd4,3.6,3.4394531
4l7l,6.0,5.8085938
4j2c,5.25,5.6132812
3u0p,5.68,5.1523438
1dbk,8.1,8.1875
1s64,8.4,8.8125
3dpk,8.39,9.359375
3pab,4.7,5.171875
1d8m,8.51,8.0546875
1jt1,3.4,3.2988281
4elg,8.16,7.5546875
1zom,7.52,7.8710938
4urz,2.52,2.5039062
1zp8,8.77,9.0390625
1mxu,5.4,5.5898438
2w0d,8.7,8.6484375
2nn8,3.59,3.8300781
5ajv,6.24,6.4140625
1w4q,5.26,5.546875
4wnp,8.1,8.9296875
3unn,4.4,4.7851562
3so6,5.39,5.3945312
3oki,7.15,7.1289062
3bxs,5.1,5.3125
3shv,6.66,5.9257812
4oq5,6.3,6.3242188
3hnb,5.11,5.46875
3aau,5.05,5.640625
1i9p,8.41,8.1484375
4m2r,8.49,8.5390625
2ow6,2.7,2.7890625
2qnb,5.34,5.2421875
1jqe,6.44,6.4023438
3hfz,4.89,4.453125
3rxj,3.06,2.8125
4tzn,6.52,5.984375
1jp5,9.22,9.2734375
5aag,7.34,7.390625
2cen,8.3,7.7265625
1ahy,3.36,3.1875
3uoh,7.89,8.03125
4qkx,7.07,7.3203125
3w2p,5.09,5.5820312
1fv9,5.0,4.90625
4hxj,4.13,4.6835938
1klu,7.6,8.25
1k2v,4.44,4.8398438
3eq9,7.39,7.6953125
4wz5,5.51,5.6523438
4ttv,6.68,6.4453125
2ym6,6.06,6.7734375
4q1y,10.35,11.75
4eym,4.01,4.6210938
2p7g,6.53,6.7539062
2bro,5.85,5.8515625
5cs2,8.4,8.40625
4h1e,8.52,8.5390625
1x7a,7.89,7.5234375
3ump,2.99,3.2324219
2bdf,7.17,6.640625
2yhw,5.6,6.1171875
1xmy,7.3,6.7617188
1q65,5.46,5.3710938
1oj5,6.1,6.3828125
3iit,8.02,8.8046875
2p33,7.24,7.6796875
2ynn,5.17,5.0429688
3iw8,4.87,5.8007812
2b1v,5.74,5.3984375
1rne,8.7,8.515625
1h8l,7.47,6.7421875
4pul,6.84,7.1640625
4u4x,5.01,5.2578125
1d7x,8.52,9.5234375
4bxu,7.0,7.1875
4e4a,2.05,2.1621094
1hq5,5.65,6.515625
4p5d,5.82,5.3945312
1x8s,5.1,4.9609375
1g3f,6.37,6.6445312
1rt2,8.22,8.3125
2c5y,6.6,6.9296875
3vc4,7.62,8.0546875
223l,3.4,3.4609375
1o2n,6.09,6.78125
1ez9,5.1,5.4296875
4g68,7.92,8.6328125
4y3b,4.87,5.1132812
4cix,4.47,4.2460938
4ouj,2.86,3.515625
2zmd,7.01,7.25
1ikx,8.15,7.84375
2r75,6.15,6.0
2wo8,6.28,6.7734375
4nud,7.07,7.0742188
4y2x,6.29,6.328125
4whs,4.12,4.4414062
4emr,7.49,7.71875
4x1r,6.4,6.9414062
4dhq,4.49,4.7734375
2p8s,7.68,7.65625
4eev,8.33,8.3515625
3sk2,3.61,3.9277344
4yz5,2.83,2.8828125
3q44,6.31,6.34375
3bwj,6.5,6.96875
4i80,7.62,6.9921875
2xu3,6.8,6.9765625
3as1,4.02,3.7539062
3rxo,4.08,4.2617188
3uw5,7.85,8.046875
4kod,5.36,5.703125
3pd4,4.48,4.4414062
3pz3,6.85,6.9375
3bkl,6.17,5.8085938
4n1u,8.3,8.6171875
4mvw,7.55,7.7578125
3hhm,7.92,8.28125
3fud,2.7,3.2578125
1v2r,3.55,4.0703125
3qx9,4.05,3.8652344
4g3g,8.43,8.953125
4oow,5.37,5.2773438
4z93,7.35,7.8554688
4i71,7.74,8.015625
4oaz,5.77,5.5820312
2iyf,3.75,3.765625
3pp1,8.49,8.9921875
2pre,6.65,6.9609375
3wth,6.29,6.5898438
1iq1,7.46,8.421875
3nxq,8.15,7.8476562
1fm9,9.0,9.4765625
4k2f,7.4,7.9921875
2y4l,6.3,5.6523438
4ucs,4.21,4.5625
4inh,6.25,6.3671875
3pd8,6.46,6.40625
4oya,6.44,6.7304688
2jf4,8.15,8.46875
1fl6,7.43,7.9453125
4mb9,8.0,7.9375
1y2h,7.25,7.2421875
2xct,4.51,4.3867188
2w5i,4.54,4.7382812
3udn,5.15,5.5
4b8p,6.85,6.78125
3chf,5.37,5.2695312
3jwr,8.07,7.3007812
4wkc,12.68,12.1796875
3dz2,4.15,3.8886719
2arm,7.68,7.359375
3jrs,4.28,4.140625
4u45,8.0,7.5
4psh,8.89,9.1328125
2o9v,3.54,3.4765625
4fm7,7.24,6.7851562
1you,9.06,8.25
1ru2,6.49,6.359375
2k62,4.7,5.109375
4yzm,5.27,5.5390625
3hww,7.12,6.6289062
4xnw,7.74,7.3085938
4hva,5.89,5.8320312
2q94,6.43,5.8085938
3asl,5.76,5.4140625
3d2e,6.42,6.0820312
2v95,8.3,8.0703125
1fvt,7.22,7.1757812
1yw8,8.0,8.109375
1m7q,8.59,7.7265625
4bo9,6.51,6.1914062
1rtl,5.59,5.640625
2wj2,8.33,7.8125
2x7t,6.63,6.0546875
2q5k,11.3,10.6875
4i6b,5.93,5.8398438
3pxe,5.7,5.9101562
3nf8,3.0,2.8769531
2z78,6.12,5.5234375
1iau,7.1,6.8359375
3lpg,6.16,5.890625
4qw7,6.28,5.9179688
1m5e,7.7,7.3359375
4dds,5.01,4.6171875
4dpy,5.37,4.8164062
3mof,3.07,3.0664062
3u4r,7.41,6.328125
4o36,6.36,6.0390625
4bfz,6.26,6.5195312
4ppb,10.0,9.6796875
2ces,7.25,6.65625
3l0n,2.77,3.28125
2np9,5.57,4.8789062
2boh,8.52,8.6484375
3tll,4.39,4.3125
3fhe,8.6,9.1328125
3kwb,7.77,8.0625
3n8n,4.57,4.5664062
3ixg,7.57,7.28125
3wtn,7.04,6.0351562
1xq0,6.34,6.3789062
4xum,4.67,4.7734375
1z6q,6.7,6.4804688
3cy2,7.22,7.7539062
4lkl,6.09,5.9023438
1q9m,6.48,6.0898438
2ym4,5.82,5.7109375
7gch,5.7,5.4492188
3wuv,5.17,4.6054688
1kdk,9.05,8.4453125
4kp6,9.09,8.609375
1yvx,5.1,4.6484375
3tv4,6.96,6.65625
2wxn,7.68,7.1679688
3zke,6.8,6.4023438
3kyg,7.46,7.015625
4a4o,8.05,7.8554688
2xyn,8.4,8.8671875
3c6w,5.62,5.75
1fax,7.39,7.0507812
3e7b,9.8,8.96875
1w5v,8.15,8.328125
2bdy,7.77,7.5703125
2uy5,5.49,4.859375
4uu5,5.04,4.6328125
4l2g,6.68,6.6953125
4f63,6.3,5.8320312
4oue,3.3,3.9804688
1gmy,7.35,7.3085938
2xba,7.63,7.1171875
3ful,3.7,3.8398438
2xp7,5.77,5.5898438
1kv5,4.22,4.2421875
5ap7,6.29,6.3007812
4jln,7.78,7.2421875
4jg1,6.63,6.5078125
1p2a,7.92,7.8632812
1b2m,3.73,3.6445312
5btr,5.14,5.65625
1o46,8.0,7.4375
3s3n,7.06,6.5390625
2eg7,5.89,6.0429688
2y8q,5.82,5.7890625
4as9,4.79,4.796875
1qan,4.48,4.25
3q2m,3.8,3.7714844
1h1h,5.22,5.265625
4r75,7.24,6.328125
1b7h,8.02,6.578125
2nq6,5.82,6.0
4xue,5.3,5.0742188
4tki,6.38,6.2578125
4u0w,3.0,3.4863281
4uat,5.89,5.6875
4q99,6.28,6.421875
4q2k,7.48,8.0703125
3snb,4.38,4.171875
4og6,6.71,6.8320312
3skg,8.1,7.9492188
3bx5,8.46,8.2109375
3tv8,7.15,6.5117188
3ti1,3.89,4.078125
2w06,7.08,6.8671875
1l6m,8.1,8.109375
3tia,8.51,7.953125
4uct,3.12,3.2988281
1qsc,3.68,3.4433594
2liq,5.85,5.7382812
4ntj,7.36,7.4882812
4iur,5.58,5.359375
2ada,13.0,12.234375
1g6s,5.15,4.6679688
3pa4,8.52,8.03125
4egh,3.26,3.2617188
3e5u,5.85,5.9921875
3zhf,3.92,4.390625
2v87,4.6,5.03125
3uda,5.01,5.3984375
3m36,9.82,9.6640625
2uxi,7.3,7.296875
1xon,10.68,10.2890625
2qlj,5.36,4.9882812
4n4t,7.31,6.9960938
3q8d,7.22,6.3867188
3wzj,8.18,7.6015625
3f9y,4.49,4.6757812
5c4s,8.42,8.03125
4u8w,11.24,11.2578125
3lpj,6.92,6.4335938
4hkk,5.54,5.984375
3s3r,8.68,8.7734375
2ez5,5.52,5.3828125
2byr,8.55,8.1015625
3nal,8.1,6.9726562
4cpu,7.53,7.4960938
4o09,7.7,7.2226562
5bs4,11.0,10.3828125
3k1j,6.4,6.140625
2k2g,8.12,8.859375
5ahu,6.78,6.4335938
2bkz,8.15,7.75
4r91,6.37,6.4140625
3faa,8.15,8.140625
1xgj,6.0,6.1367188
4crf,9.3,9.0625
2w1e,7.92,7.4882812
4z83,7.4,6.984375
3zmm,9.14,8.4921875
2wbd,6.64,6.4960938
4m48,6.81,6.53125
3wns,5.96,5.9414062
4n7y,6.26,5.5234375
1qbn,5.85,5.5820312
1rmz,8.0,8.5703125
4x3h,4.23,5.0546875
3rah,7.92,8.0859375
1czr,9.0,8.6171875
4x8s,1.89,2.1855469
1k2i,3.11,3.4550781
4qvy,5.09,5.1367188
3khv,1.85,2.5332031
2e2r,8.26,8.7265625
3v5q,7.4,6.984375
2hdu,2.3,2.4902344
4nw6,8.4,7.7890625
1gu1,4.52,4.28125
4p6e,5.89,5.8164062
2vhq,3.85,3.9277344
3aqa,4.55,4.2929688
2wqp,5.51,5.40625
3lkz,6.15,5.7539062
3ml4,5.33,5.3085938
4anv,6.36,6.2539062
4cd6,3.59,3.5820312
1d4k,9.22,8.390625
2rfy,5.22,5.0273438
4k3m,3.55,3.7558594
3alt,2.92,3.7363281
5am5,5.74,5.2578125
3dow,4.94,5.2304688
3iej,6.66,6.7148438
3h2n,3.67,3.8847656
1w6r,6.15,5.9101562
3q8h,4.15,4.1054688
2wu6,7.53,8.25
3nwb,7.96,7.90625
3n4b,7.02,6.9765625
1qk4,4.21,4.4492188
1uyh,4.84,4.765625
3k4q,5.34,6.0
4btx,6.54,7.0195312
3wt7,8.75,8.1328125
2l8j,5.52,4.84375
3c39,3.96,4.296875
3sqq,5.32,5.9023438
1ll4,7.22,7.2617188
1gwv,2.57,2.8242188
4anb,8.18,7.9023438
1k3n,4.99,5.1875
3okc,4.44,4.2382812
1mqd,6.77,6.3320312
4fgx,7.14,6.96875
5c5h,6.4,6.4921875
3q77,8.22,8.0078125
2qu2,5.43,5.53125
3ho2,6.95,6.7617188
2poq,4.42,4.7148438
4i5m,8.06,7.9492188
4puk,7.28,6.8867188
3hl8,4.49,4.5429688
2iqg,8.3,8.1171875
3su2,7.35,7.1523438
1aj6,5.92,5.3632812
4nze,6.8,7.0078125
1jlq,8.15,7.7929688
2p8h,7.15,6.8945312
5akg,4.46,4.7382812
2kup,6.7,7.078125
3b5j,5.68,5.7226562
3q6s,6.74,6.7109375
3u78,5.6,5.9804688
2pzi,6.1,5.609375
4ngh,7.52,7.4492188
2phb,9.49,9.21875
2sim,3.42,3.59375
4qlt,8.6,8.3046875
3msc,3.31,2.953125
1w6j,8.19,8.109375
2v57,7.1,6.6210938
4fgz,2.87,3.3222656
4qqc,7.34,7.2421875
4htp,5.62,5.7304688
3gwt,11.1,11.6328125
1f0s,7.74,7.078125
3eyg,8.8,8.4140625
4fmu,6.44,5.9648438
1ke1,7.25,7.0429688
2j34,7.82,7.8789062
3qwc,4.26,3.9765625
2c8w,8.43,8.1328125
4gj7,6.77,6.5546875
3d1x,8.66,8.5
4mc1,7.85,8.6875
1nwl,2.39,3.0527344
1b55,7.4,7.84375
2ww0,5.3,5.8789062
1oar,7.4,7.96875
4y5s,3.73,4.296875
4eg6,7.37,7.8789062
4kqr,3.9,4.4804688
5bwb,5.3,5.9648438
2h15,5.67,5.0078125
5alf,6.69,7.1679688
3s3q,8.77,9.6484375
2uuo,3.77,4.4296875
4jsc,7.13,7.6679688
4x1q,5.3,6.5859375
2iws,6.36,7.0703125
1lgw,4.0,3.9160156
4tte,3.69,3.9179688
2w1d,6.04,6.8007812
3uz5,7.22,7.5664062
5aes,2.89,3.2421875
2zju,5.81,5.7148438
3uih,3.92,4.40625
2gdo,9.49,9.390625
2q6c,7.78,8.1640625
1bdr,6.68,6.8632812
4dtt,5.54,6.0039062
4i7c,8.22,8.859375
2onz,8.89,8.8515625
4tk2,3.72,4.1210938
2we3,4.43,4.7382812
1drv,6.54,6.484375
2kdh,2.96,3.2988281
2aac,2.22,2.3242188
4wv6,4.98,5.2421875
2w0j,6.62,6.4765625
4ts1,4.94,5.4882812
2wl0,7.8,7.5507812
3ntp,4.92,5.1953125
3hr1,9.43,10.7578125
3iet,6.85,7.3984375
1rpj,6.48,7.046875
4igt,7.89,8.0078125
3zo4,6.83,6.796875
4kbc,7.85,8.140625
4byj,6.57,6.6484375
4r3s,8.22,8.0859375
2pjt,6.07,6.0117188
4eos,6.05,6.6835938
2y9g,3.77,3.8925781
4okp,2.7,2.9335938
2ohk,2.7,3.0625
4fl2,3.66,3.7910156
4meo,3.6,3.6113281
1o9d,5.6,6.1132812
2hs1,8.48,9.2109375
4d52,3.11,3.5664062
3rpv,7.15,7.3554688
2z52,5.57,5.6171875
3v7c,5.74,5.8789062
4i9z,7.74,7.8242188
2bq7,7.05,7.4101562
4pkb,6.94,6.640625
3ctq,7.4,7.4609375
3khj,7.55,7.8789062
4q1s,4.17,4.7265625
1r5n,5.42,5.3984375
3run,5.44,5.5703125
3ijg,4.27,4.25
2oqs,5.89,6.1484375
4lke,5.37,6.0039062
1way,3.4,3.9277344
3sji,5.69,5.796875
3btr,5.3,5.3203125
2xcs,7.85,8.3984375
3umx,6.62,7.03125
1apw,8.0,8.421875
3hg1,4.74,5.765625
4ehv,2.29,2.4726562
3eys,5.52,4.9609375
4ovz,6.31,6.4179688
4afe,7.14,7.234375
4k5o,3.98,4.65625
1xap,8.7,8.984375
4q4q,5.79,6.0546875
4z90,4.66,5.4140625
2vwn,8.0,8.3984375
4l0b,7.17,8.125
4u0n,5.77,6.046875
2vx0,6.24,6.6914062
5d1j,7.32,8.453125
4ovg,3.69,3.6738281
3tf6,6.4,6.8945312
4bgm,6.21,6.2851562
4fyo,7.33,7.7890625
2pou,7.42,8.046875
2qi0,7.38,7.875
2c6o,8.22,8.2734375
4aza,6.99,7.4257812
3gur,8.0,9.015625
1py1,4.4,4.7421875
1czo,4.55,4.1875
2isv,7.43,7.5664062
3h9k,7.85,8.421875
2c1b,6.4,6.953125
4fpk,4.24,4.2851562
4g8y,4.59,4.9414062
5awj,9.68,9.5859375
3rv7,4.85,4.9765625
3b3c,3.98,5.4453125
3s68,8.66,8.671875
4lkk,5.92,6.2851562
4umu,6.19,6.8476562
2g1y,7.05,7.6523438
4umn,7.2,7.9414062
2r3f,6.3,6.9453125
4app,7.19,8.1640625
4pks,4.82,4.8945312
3jup,5.58,5.796875
3i51,7.7,7.3476562
3igb,4.42,4.6914062
3jsw,7.18,7.7382812
1him,7.7,7.5664062
3kek,8.36,8.6640625
3c5u,8.19,8.0703125
3ti5,8.95,9.25
4gj9,3.3,3.3535156
4ee0,8.63,8.3203125
3zxr,7.7,7.921875
3p9m,5.0,5.8007812
1rdj,1.66,1.8896484
2h6q,5.11,6.03125
3ik1,4.85,5.5742188
2xah,3.55,3.8261719
4zsa,7.82,8.5390625
3eos,8.4,8.609375
4a16,9.37,9.1484375
4uro,8.4,9.2109375
1x8r,6.12,6.0625
3myq,7.52,8.5390625
4jgv,6.57,6.5429688
2bfr,5.25,5.8710938
2baj,8.4,8.7734375
4a9s,7.21,7.625
5dhh,9.18,8.6796875
2mps,5.41,5.5195312
3dne,5.22,5.5117188
3ixj,9.49,9.9609375
4lbl,4.96,4.7382812
4rs0,6.0,5.9257812
3l4y,7.0,7.3046875
4x1n,6.42,5.546875
3wk4,5.13,5.1953125
4jv8,5.85,6.1484375
4mg9,5.68,6.140625
2r0y,3.0,2.9003906
4fil,7.47,7.9140625
2xu1,7.66,7.546875
2v2h,3.77,4.03125
3coh,8.4,9.328125
4pgd,6.92,7.2148438
4iu1,4.3,4.0976562
2x6j,7.44,7.609375
1a4h,5.92,6.03125
4d89,8.7,8.203125
4b12,4.99,5.1367188
4iwd,9.0,9.6171875
5c5t,3.13,3.8417969
4rcf,8.4,8.609375
2vvc,8.52,9.15625
4e3b,6.05,6.6757812
4r92,7.41,7.6914062
1at5,4.19,4.0429688
2zvj,5.74,5.9570312
1t08,5.51,6.0703125
3wiy,6.21,6.5546875
4b9z,4.09,4.6484375
4ret,7.59,8.828125
1rrw,4.55,4.4375
2xno,5.93,6.5859375
2y4a,4.38,4.4023438
3v8s,6.19,6.2382812
4lpg,4.25,4.6953125
4z1e,8.24,8.5078125
3at1,3.18,3.46875
2xjj,6.51,6.7148438
3dla,3.46,3.8320312
3s9y,6.44,6.7617188
2cex,4.7,4.6601562
3g1d,3.48,4.0898438
2b7f,7.3,7.9882812
2r5q,8.57,8.46875
2b2v,4.77,5.3046875
1aq7,6.05,6.0546875
1d6n,4.5,5.2890625
3d1g,5.0,5.4726562
1jd6,7.39,7.4375
4pnl,5.52,5.9648438
2ay8,2.24,2.4316406
1rs2,4.3,4.7734375
4h58,6.72,6.546875
2zz2,4.54,4.8632812
1mfa,5.04,5.1601562
4mbp,5.64,5.5742188
4q4s,6.95,7.0742188
1tbz,9.8,9.7265625
2vxj,4.17,4.8320312
1ke7,8.05,8.40625
3ezv,5.98,6.0898438
4uy1,4.7,5.0195312
4pv7,6.63,6.0625
4x24,9.78,9.109375
4qxs,5.96,6.3320312
1nw4,9.07,8.7734375
4d83,7.26,8.65625
3g0b,8.15,8.4375
4hvg,7.77,8.1953125
1akr,9.09,9.359375
4b77,5.1,5.0
4im0,7.72,8.2421875
4eh6,2.46,2.3378906
4xcu,8.22,8.578125
1fig,6.22,6.2773438
3rxi,3.06,3.0546875
4pax,6.4,7.0625
4rj7,7.66,7.6640625
2g6p,6.22,6.7773438
4k5n,3.9,4.25
3m59,5.24,5.1796875
2o9r,1.68,1.8945312
3ax5,5.85,6.2148438
2y76,6.36,6.7539062
3tv5,5.32,5.4101562
2brn,5.26,5.390625
2zof,8.15,8.21875
4nra,4.19,3.8730469
1y6b,7.42,8.0078125
3bti,6.14,6.7617188
3mrv,3.74,3.796875
1wdq,1.98,2.421875
1e2l,4.29,4.75
3hqz,9.38,9.8515625
3zy5,6.64,6.9570312
3e64,7.11,7.4492188
3feg,4.35,5.0039062
4hiq,8.21,8.0625
3tdj,5.25,5.3125
4mww,3.67,4.1289062
1jjt,8.05,8.6796875
4ef4,5.35,6.0703125
3jq8,4.46,4.1914062
4c9x,7.32,7.4101562
3u4o,7.28,7.0039062
4bvb,4.48,5.1015625
4tpw,4.69,5.0742188
2y57,6.89,6.9257812
3r9h,4.0,3.5605469
3t2v,6.99,7.2734375
3umo,3.89,4.0859375
4mqu,8.4,8.3125
1l5q,3.97,4.2226562
1p93,7.72,7.4804688
2aux,9.3,9.3828125
1pbk,9.05,9.6171875
5ak0,7.68,8.03125
1ms0,2.91,2.6601562
4l51,3.0,2.8710938
4q4e,6.72,6.2070312
4l7b,5.64,5.5039062
4ggl,9.0,8.984375
1o0f,5.3,5.4882812
2dri,6.89,7.2460938
2ym3,6.0,5.7265625
2hnx,7.08,6.9570312
4ggz,10.18,7.9375
4ezw,6.0,6.0507812
4whh,7.4,7.5507812
4ih6,4.74,4.6796875
3pcc,3.62,3.7714844
1qq9,2.06,2.2363281
4w9p,7.8,7.8085938
2wos,3.9,3.5488281
3gqo,5.41,5.3398438
1i9l,8.48,9.4921875
3pn3,6.4,6.96875
4rxc,4.48,4.7304688
3g8i,7.42,7.6210938
4iqt,6.11,6.6914062
2y2n,4.57,4.25
1py5,7.29,7.6796875
2idw,8.89,8.640625
3kdm,7.0,6.7929688
1rgj,8.31,7.5898438
5auv,4.51,4.4804688
2gkl,5.35,5.9921875
2ot1,4.0,4.3632812
2p3g,6.9,7.015625
4awo,7.62,7.8828125
4itp,7.27,7.8671875
2yde,3.72,4.3320312
1fhd,6.82,7.2382812
2d41,6.82,7.2460938
4m2u,8.04,8.1484375
2nnv,7.52,7.5234375
4ifh,5.21,5.4453125
2fqy,6.57,6.9882812
3ldw,7.97,8.0625
1qvt,4.38,3.7363281
4l09,6.07,7.0429688
4zpf,6.74,6.6289062
4lwt,5.41,5.375
2fwy,6.7,7.0
1fh7,5.24,5.59375
3ava,4.4,4.3125
1wzy,6.25,6.6132812
2g5p,8.42,8.546875
2w1f,8.23,8.328125
4g2y,6.0,6.7773438
1urw,8.52,7.9375
1o5g,4.96,5.3632812
3lgs,4.61,5.1132812
2pgj,3.59,3.359375
4ca5,9.39,8.7734375
1i8z,8.9,8.8046875
1uu7,4.85,5.109375
4pd9,3.33,3.2128906
4i9i,8.1,8.109375
2rfh,6.82,6.8320312
2cv3,6.57,7.0078125
2q9y,4.44,4.3984375
1csh,7.55,7.2929688
3su3,9.13,9.234375
4rd3,6.47,6.0546875
3ioe,3.27,3.640625
4zpe,6.35,6.8710938
1nnu,6.82,7.1054688
3juo,5.07,5.5820312
2ohs,4.4,4.0429688
2h6b,5.39,6.2109375
3io7,7.77,7.546875
5aol,2.32,2.2851562
4qta,6.7,7.4570312
2i0a,11.4,11.5078125
2p16,10.1,9.65625
1hc9,8.72,8.046875
2wej,6.08,6.1601562
2ork,2.85,2.9453125
1c5p,4.68,5.0195312
5dah,5.3,5.1796875
3gs7,5.44,5.4921875
3r5m,4.34,3.9296875
5ea4,8.11,8.328125
3il5,5.8,6.1835938
1ywh,7.79,7.6875
4dn0,5.72,5.390625
4igr,7.2,6.5898438
3pqz,4.46,4.3398438
4gb9,6.27,6.078125
1zh7,6.3,6.4921875
2j7g,7.0,6.5429688
3suu,8.52,8.703125
3zxv,7.31,7.515625
4pyn,4.52,4.34375
5axq,10.1,10.1953125
3e0q,5.89,6.0625
4bh4,1.49,2.3925781
3c72,4.64,4.4179688
3ng4,5.43,5.4335938
5al1,4.28,4.59375
2hr6,4.82,4.5390625
5clm,7.36,7.5351562
3g15,7.0,7.1640625
3zlv,3.52,3.734375
2itz,8.59,8.46875
1jr1,8.22,7.9921875
3hau,6.38,6.9921875
4j4o,6.9,6.8554688
3t3c,10.23,10.7109375
4jyc,6.7,6.5625
4wf2,8.1,8.2890625
2vth,3.92,5.3476562
2zdn,6.25,6.0117188
4pte,7.13,7.7148438
4l4z,5.68,5.7382812
4oz2,3.0,2.6953125
3tge,10.15,10.109375
4e3g,4.97,4.9023438
4fbx,7.66,7.5195312
1jq9,8.45,7.9804688
3chc,4.09,3.3457031
3h98,8.3,7.4375
4p7m,7.41,7.0507812
1o48,6.35,6.328125
4k3n,7.96,7.625
4bi1,4.16,3.7578125
4bjc,7.85,7.6523438
1bio,5.54,4.7851562
2qrl,4.0,3.8613281
2woa,5.94,5.9648438
4mf1,9.15,9.3125
3n2u,7.84,7.1992188
3hlo,6.21,6.6367188
1jet,7.25,7.8046875
1em6,8.22,6.8203125
1t13,7.38,6.671875
2afx,5.15,4.9023438
2cm8,5.87,5.5078125
4dy6,4.4,4.296875
5e8f,8.64,7.4101562
1xhy,6.18,5.515625
4dkr,6.52,6.3789062
2pqj,8.2,7.328125
1ocn,6.39,5.8398438
3aje,5.03,3.6386719
4wx6,9.0,9.2421875
1pmv,6.82,6.9140625
3kqp,3.42,2.7246094
2oph,7.8,7.2890625
3e9h,7.55,7.0195312
3bz3,8.82,8.7265625
2q7q,5.3,5.1054688
2zu4,7.42,6.7070312
2zc9,6.74,6.1796875
3ma3,7.22,6.9804688
4hj2,2.53,1.9306641
4h42,3.47,3.4101562
3lea,9.1,8.2421875
1i90,8.89,8.9609375
4mrd,3.37,4.3398438
1pmn,8.15,7.6484375
2hwg,3.55,2.6347656
4b13,5.7,5.296875
3pcg,2.3,2.1367188
1dzj,5.89,6.4375
3mj1,7.82,8.265625
2jg8,6.3,6.2382812
2zis,8.55,9.34375
3ejt,7.36,6.265625
3h78,4.24,3.7128906
4qzs,7.05,6.484375
3sym,4.57,3.8710938
4aba,3.82,3.9550781
4ctk,2.0,1.4091797
3qnd,4.85,4.9960938
3sdg,5.55,4.7148438
2qyn,6.24,5.6992188
1hdt,7.76,7.453125
4ksp,8.8,7.7617188
1t5f,4.22,4.296875
3wf6,7.48,7.328125
3rey,8.0,7.703125
4uda,7.59,7.7929688
3lxl,8.3,8.046875
2vwm,7.03,7.3710938
4wke,8.1,7.671875
3efk,7.85,7.0742188
3wcf,7.28,7.0820312
1mpa,8.04,7.140625
3vw7,8.1,7.5859375
3sn7,9.15,8.9921875
1usn,7.74,7.9414062
5cxz,6.26,6.2070312
3r69,4.43,4.2304688
4x6n,8.82,8.234375
3w1f,8.44,7.75
3w0l,7.02,5.1484375
2oji,7.07,6.8164062
4k3l,2.96,3.0703125
4bis,5.85,5.8828125
4an0,10.7,9.9765625
3nq3,3.78,3.7910156
4v27,6.66,6.9492188
3f5p,6.85,6.9765625
3tpu,4.32,4.3710938
5akj,5.86,5.9882812
4mq1,7.92,7.625
1dqn,8.0,8.2421875
2vl4,6.01,6.015625
3nyn,6.0,5.7539062
4pio,5.7,5.2929688
4p0v,5.92,5.3671875
4l1a,8.27,7.9960938
3od0,7.92,6.734375
3cib,7.85,8.0390625
4kln,7.7,7.6210938
5ar7,6.49,6.0195312
4jyu,8.0,7.6210938
4ko8,7.15,6.6757812
2ha2,4.66,3.96875
1w84,4.46,4.5195312
2i0g,9.72,10.5078125
5fwg,6.72,6.0
1iem,7.7,8.078125
3nex,6.0,5.3710938
3sfh,7.05,6.859375
1h9l,3.12,3.328125
16pk,5.22,5.1210938
4ph4,7.74,7.6132812
4hcv,6.4,7.09375
4p7e,4.76,4.3554688
4wk7,7.13,6.6445312
3ry8,3.34,3.5898438
4p4s,4.94,4.640625
2g72,6.5,6.5976562
2h5a,5.1,5.0664062
2yer,7.7,6.9140625
1ros,8.77,8.8046875
2hjb,4.39,3.7675781
2wyi,4.74,4.6835938
4rvm,9.0,8.5546875
1w7h,3.0,2.0878906
5cgj,5.22,5.4609375
3upy,5.62,5.6992188
2bcd,10.22,11.390625
2ggx,3.49,3.7148438
4nnn,6.57,6.171875
3oev,8.13,8.1953125
2pu1,5.85,6.8671875
4eyr,6.63,7.0820312
4h2m,5.21,5.3632812
4ayu,4.73,4.359375
4mlt,2.85,3.421875
4lwu,8.3,8.7421875
2jkr,6.07,6.5117188
1a4r,6.66,7.0703125
3p78,6.96,6.9570312
4qps,6.52,6.2929688
2fie,5.46,6.1328125
2uxx,3.3,4.40625
4u70,5.02,5.2929688
4ca8,6.68,6.8164062
4bj9,7.35,7.0390625
4j0t,6.74,7.2460938
4oyp,3.0,3.3339844
3bwk,3.94,3.8183594
2ohv,6.46,6.75
4em7,5.11,5.0703125
3r0i,6.92,6.9882812
4dgb,3.89,4.1679688
1nhg,7.3,7.8125
8abp,8.0,7.9921875
3kec,7.24,6.1875
3qu0,7.7,7.8710938
4o2b,5.74,5.421875
2qnn,7.15,7.0351562
4o72,6.0,5.8320312
4pnu,4.89,4.8476562
1htg,8.42,8.3046875
1w2h,5.0,5.0117188
4nzm,6.85,6.7773438
3dp0,5.85,5.828125
4fxf,5.19,5.015625
2wyj,9.0,8.6640625
5ar4,6.7,6.484375
5c6o,3.7,3.8769531
4k3o,4.44,4.421875
3nm6,1.35,1.5996094
2gph,5.3,5.0898438
2bow,4.0,3.7949219
4jr0,8.2,7.6640625
4ez3,4.35,4.4296875
2uzn,7.52,7.515625
4o7b,4.7,4.625
4mq2,7.01,7.3515625
4gy5,6.82,6.8203125
4pox,5.43,5.6367188
2ybk,4.62,4.7382812
2mov,7.4,7.234375
2qt5,5.03,4.7695312
1bn4,9.31,9.0625
4qjm,8.17,8.0390625
1ntv,5.82,5.9335938
3fvk,8.82,8.5859375
3s7b,6.3,6.6054688
3zvt,5.92,6.59375
3jq9,6.4,6.203125
4bh3,1.92,2.3886719
2q3z,7.22,7.0742188
1lhc,10.4,9.671875
4urm,8.05,8.5234375
3lzb,7.2,6.4492188
4d8c,8.7,8.890625
3mi3,5.45,5.4257812
3isw,4.05,4.484375
2wmx,6.07,6.1679688
2vtq,6.85,7.3828125
3kdc,9.28,9.734375
4kzb,2.89,3.1933594
4wks,2.7,3.4316406
1eve,8.24,7.9453125
6rsa,4.4,4.3789062
1klg,7.89,7.1328125
4x7o,8.7,9.0234375
4dwk,6.22,6.4960938
3hky,7.1,7.2265625
3mhl,7.25,7.3554688
4uwl,8.57,8.875
3pck,6.7,6.28125
4ym2,2.85,3.5097656
4rr6,6.0,5.7773438
2qi1,7.3,7.7265625
4g1f,7.77,7.7617188
3me9,6.3,6.4804688
4hgl,8.1,7.625
1q1m,5.16,5.71875
2ww2,4.85,4.7070312
2r0h,3.51,3.8007812
4mrg,2.96,2.8554688
2ym7,6.89,6.9453125
4gd6,7.38,7.2695312
2yiq,7.9,7.3398438
3f81,7.13,7.2070312
2ima,6.52,6.8242188
4bcs,6.99,7.2148438
5al5,7.15,6.9453125
3v7d,6.39,5.5664062
4f39,5.7,5.421875
2ity,7.27,8.0703125
4ode,10.0,10.328125
4ht6,6.21,6.203125
4exh,6.15,6.0234375
1mq5,9.0,9.6875
4ogt,10.0,9.5546875
2f3r,6.3,6.3046875
3e1r,5.82,6.1171875
4z2g,6.66,6.1875
4kwo,6.45,6.7773438
3tpx,9.35,9.1328125
3u7l,7.28,7.5
3f34,3.16,3.0644531
4euv,6.3,6.1992188
3dnj,6.82,6.6757812
4nct,7.55,8.015625
1af2,3.1,3.5644531
4rt1,6.14,6.4179688
4qwx,6.27,6.4453125
4k7i,2.82,2.6464844
3rwg,8.55,7.046875
2wq4,2.57,2.9648438
5eay,4.47,4.4414062
1xud,8.1,8.59375
3bva,6.52,7.125
4hp0,6.12,5.5390625
1ouk,9.89,9.7578125
1jtq,8.07,8.1875
4uns,6.7,7.2421875
1s50,7.2,6.8320312
4xbd,6.4,6.5351562
1cka,5.72,5.8164062
3mxf,7.31,7.4335938
4ef6,2.92,3.3535156
2yga,4.61,5.1367188
2w71,6.48,6.703125
1pyn,5.49,5.90625
1o32,5.74,5.6679688
4qp2,3.03,2.9570312
3fqs,7.39,7.3710938
1e02,6.15,6.1757812
3n2p,7.82,8.0234375
2kce,6.17,6.5429688
3azb,4.92,5.5742188
4abk,5.72,5.7382812
1swg,7.36,8.1953125
3qi4,3.93,4.609375
5ake,7.82,8.2890625
4mjo,6.22,6.6757812
1wax,4.07,3.9179688
4r4o,5.82,6.2617188
4p5e,5.55,6.0195312
4d2s,7.7,8.2109375
1pum,3.05,3.2597656
1j14,4.49,4.3203125
4wa9,8.42,8.953125
3gcq,6.47,6.3554688
1qwe,5.92,6.1835938
4hy5,8.89,9.015625
1ec0,8.49,8.3515625
4e5d,6.22,6.203125
1ngw,7.68,7.8359375
3vid,6.21,6.7734375
1n43,10.55,10.9765625
4hdb,8.05,8.53125
2j7d,7.13,7.6328125
4ezj,8.42,8.9296875
3et7,7.77,7.9414062
3k3g,2.85,2.6054688
1pr1,5.3,5.8242188
2wgj,8.7,8.1796875
4y6s,5.03,5.2109375
4o2p,6.7,6.5234375
4ci2,6.75,6.8242188
2nta,4.8,5.0390625
4x6y,7.72,8.1171875
2a0c,7.3,7.5546875
3t1l,3.26,3.4414062
3gcs,7.25,7.71875
3unz,7.8,7.8867188
1uy6,3.7,3.8105469
1oau,7.7,7.8476562
2y7i,5.54,6.0976562
1mm7,7.7,7.5507812
3g4l,8.24,8.71875
4lv4,5.0,5.296875
2xcg,8.05,7.40625
1il4,2.85,2.7773438
1r5w,5.54,5.8398438
4wy7,6.78,6.9726562
1nox,7.05,7.3867188
2rin,4.0,4.25
3vzg,1.72,2.0546875
1obx,5.72,5.8632812
1u9x,8.15,9.140625
4ozj,5.4,5.8359375
2qbx,5.22,5.4882812
4bks,3.82,4.3828125
3uig,5.32,6.140625
2ydk,8.15,7.890625
5c7e,5.0,5.328125
1j07,7.68,7.8984375
4i0r,7.85,8.421875
1t7j,8.7,8.890625
1o4o,2.46,2.7246094
4yoz,6.8,6.6757812
3nyd,3.48,4.0546875
4ayv,9.17,9.0
2avs,7.57,7.3007812
4hyh,9.0,9.3984375
3k5c,7.77,7.6523438
4b35,2.89,3.0976562
3qgw,5.89,6.1953125
3ckb,2.98,3.0605469
3o9p,6.52,6.2070312
2y77,6.6,6.8085938
4k19,8.36,7.9492188
2y8c,6.4,5.9335938
4iut,5.72,5.765625
4pp5,7.74,7.7539062
1c5n,4.7,5.3789062
4lj8,5.82,6.234375
4oeg,5.05,5.0039062
1utl,2.47,2.734375
3rde,7.46,7.3359375
3s5y,7.41,7.1132812
4wk2,6.94,6.9921875
1jq8,6.0,6.3398438
2o48,6.01,6.5546875
3nw5,5.08,5.3789062
1w1v,2.2,2.0566406
3t1m,3.04,3.4257812
4bcf,8.15,8.21875
2hdx,6.26,6.6328125
4x8v,6.89,7.484375
1iy7,6.19,6.5703125
2wf1,8.7,8.453125
2dw7,4.7,5.0117188
2bge,2.8,2.7304688
1w1p,2.3,1.8564453
2gvz,6.89,6.9179688
4c1m,7.8,8.1484375
1a52,9.86,10.3203125
3w54,9.7,10.8515625
2esm,6.28,6.5390625
3vv6,3.8,3.8730469
4xv1,8.38,7.234375
4je8,5.21,5.671875
4lqy,3.89,3.8730469
2xde,5.47,5.6171875
3pkb,6.21,5.9375
3ti8,9.05,8.46875
3pty,5.44,5.3789062
2qpj,6.35,6.1679688
4ft2,5.64,5.84375
2buc,7.0,6.6015625
1h00,4.42,3.9667969
2oi3,6.64,6.203125
1qf4,6.18,6.375
1q54,5.85,6.1796875
3bt9,5.71,5.3125
2emt,6.7,6.6953125
2a58,4.92,4.5664062
4mm5,7.74,7.8320312
4ayx,3.7,3.59375
4j44,5.73,5.7539062
3t82,7.0,6.7617188
2o4j,10.1,9.65625
2std,9.85,9.6796875
1p17,2.82,2.7285156
1pxo,8.7,9.21875
1tvo,6.85,6.8007812
4anm,7.55,7.390625
2bz8,5.6,4.6914062
4qyo,8.22,7.78125
3uzp,7.89,7.1015625
4yee,6.49,5.4023438
2jdk,6.54,6.6289062
4d0x,8.1,8.03125
4jje,7.64,7.1445312
3mfw,3.52,3.4375
2xnn,4.3,4.2929688
4pms,8.1,8.2109375
4m3m,9.05,9.28125
3h0b,5.49,5.671875
1hk5,5.24,5.4570312
3eid,6.35,5.8710938
2azr,3.64,4.1523438
3bug,3.18,3.4726562
3tpp,7.82,7.7773438
3qpo,6.61,6.3320312
3l9n,8.07,7.71875
3g2v,6.52,6.1992188
1z3c,4.0,3.9082031
4utv,5.09,5.1601562
4yp8,7.89,7.9335938
4qjw,7.8,8.0546875
1ttm,7.35,7.8671875
3mwu,8.05,7.7617188
3p5k,7.12,7.5039062
3s0j,3.77,3.7324219
10gs,6.4,5.8476562
4tkn,5.89,6.0195312
3eyf,7.03,7.3476562
4ez5,6.52,6.3789062
4re3,8.57,8.328125
4txc,6.62,6.6171875
3wq6,4.59,4.8398438
2gh7,13.0,12.8671875
4pd5,2.86,2.5625
3nzs,7.12,6.578125
3old,5.9,5.9492188
1k3q,6.52,6.4335938
3zvy,5.1,4.484375
2yjc,7.66,7.5273438
4gw8,6.06,5.5625
1rpa,6.0,5.1484375
2fgi,7.34,6.984375
1u9w,8.46,8.6484375
4mbc,6.4,5.9804688
2wnl,6.0,5.4609375
4hfz,5.72,5.7460938
2y58,5.5,5.1445312
2e2b,7.96,8.7265625
2ygu,6.49,7.0390625
4ec4,7.6,7.0429688
5byi,7.51,7.1367188
4zbf,7.13,7.1015625
2cbs,8.22,8.09375
8hvp,9.0,8.703125
3kce,4.8,4.5429688
3dyo,2.3,2.75
2zif,4.37,4.34375
4cfx,5.06,4.9179688
5cte,7.8,7.6328125
4kn0,7.4,7.3867188
3dv5,7.66,7.4492188
1oi9,7.16,7.0507812
5cnj,6.84,6.1054688
2hfp,8.52,8.0859375
1xxi,5.52,5.6796875
4csy,3.06,3.3613281
4tqn,6.11,5.8828125
2xix,2.3,2.2773438
2ha7,3.36,3.375
3lxs,8.1,8.1484375
3qs8,4.74,4.609375
5akh,6.59,6.3789062
3l2y,4.49,4.9414062
4f7l,8.0,7.6132812
3hvj,8.7,8.7578125
1i9q,8.41,8.65625
3esj,3.03,2.8730469
1dmt,8.7,8.859375
4hxw,8.7,9.015625
4bqg,6.22,6.3125
4ju4,6.47,6.2617188
2ggb,4.92,4.90625
4jv6,6.66,6.2109375
3hng,6.74,7.28125
3t3d,4.91,4.6953125
3nth,4.32,4.6054688
3ipx,6.92,6.6484375
3f39,1.78,1.5595703
2vxa,5.6,5.75
4imq,5.82,6.28125
4mvh,8.35,7.6015625
1pxm,7.22,6.8867188
1ax1,3.29,3.1582031
3erd,9.9,9.0390625
2fum,6.1,6.1757812
5bvo,8.3,8.484375
3mf5,5.36,5.4296875
3zha,6.0,6.09375
3fi3,7.92,7.5429688
4i7f,7.0,7.1835938
3d28,5.85,5.5429688
5ap4,6.46,6.7460938
4jzr,7.8,8.3203125
2bys,9.52,8.8984375
4msl,6.15,6.15625
4f8j,5.07,5.0546875
3wp1,4.85,5.1171875
4ixh,8.21,8.3203125
2owb,6.36,6.5976562
3k98,9.0,8.8828125
4hvd,8.85,9.1875
4aze,8.11,8.4765625
4tzm,6.7,6.2734375
2vie,7.48,7.1015625
4jvj,7.66,7.5742188
4wwp,6.92,6.9882812
1i7c,6.4,6.6289062
4k64,3.0,2.9472656
3uod,7.31,7.2265625
2brh,4.64,5.40625
3g9n,5.74,5.6445312
1lqd,8.05,7.8945312
4len,7.4,8.015625
2c97,6.14,6.3125
4uau,5.89,5.484375
1hii,7.28,7.8867188
2nyr,4.66,5.1328125
3az9,6.0,6.0429688
4dgr,5.04,5.765625
1tkz,6.62,6.609375
1ch8,7.0,6.671875
2pwr,6.59,6.4335938
4d1b,4.44,4.25
2mnz,5.19,5.3632812
4d8a,3.42,3.8261719
4joa,7.54,6.8125
1lf3,7.0,6.890625
1xge,4.68,4.4648438
1vsn,9.7,9.421875
2qch,3.6,3.5058594
1ke6,8.24,8.09375
3hdk,4.76,5.7578125
1uwh,7.66,8.203125
2zbk,5.7,6.0429688
1x6u,3.22,3.5429688
1i5r,8.52,8.640625
3obq,3.54,3.7832031
2xlc,2.3,2.3945312
2iok,9.0,9.1875
1joc,4.62,4.6132812
2yi0,8.12,7.4140625
1a9m,6.92,7.9140625
2p4s,9.51,9.0390625
3o57,10.1,9.421875
3d20,8.3,8.3828125
3kwz,8.4,7.9179688
4jaz,5.04,4.7382812
4yrc,2.7,2.7421875
4wrq,5.34,5.40625
2cnf,6.62,6.5625
4o97,8.52,8.6875
2xp8,4.82,5.6210938
4lpb,8.0,7.5664062
3py0,6.89,6.609375
2x6k,5.64,6.078125
4avj,7.44,6.9882812
3dhv,2.96,3.0742188
2i03,9.0,8.75
3fl5,7.28,7.2734375
5ap2,8.48,8.71875
3gk4,3.92,4.53125
1oif,7.72,8.1640625
3qxv,8.4,8.203125
4bgg,7.82,7.578125
4zuo,6.41,6.7304688
1o35,5.0,5.0625
2cgv,4.56,4.7226562
3m3c,4.06,4.5976562
4dlj,5.92,6.0390625
3gv6,3.3,3.6425781
1g3b,5.74,5.6210938
2bw7,5.7,5.7265625
2hwo,6.9,6.5664062
4ipj,4.87,4.25
2qbs,6.68,6.4609375
2ym5,6.37,6.4296875
4xj0,9.52,9.875
4al4,6.89,7.6640625
3hit,8.19,8.15625
2oi9,5.7,5.9414062
4ojq,3.3,3.3164062
3o86,7.15,7.2929688
3ik3,8.7,8.609375
4b71,5.89,6.2695312
3r0y,4.84,4.4609375
2xab,9.27,9.234375
4yzu,5.05,5.6171875
2qd9,7.89,7.578125
1v2l,4.29,4.7617188
2uzd,6.74,6.8867188
3k15,4.92,5.0390625
3s8l,5.64,5.9960938
4h71,4.45,4.2578125
2lsk,4.89,5.1328125
4tzq,6.52,6.5976562
4iif,5.18,5.0976562
2e9o,7.7,8.2734375
4o7d,3.0,2.6582031
2qyk,5.48,5.5507812
1v79,7.89,8.453125
1ke5,6.25,6.1171875
2uyq,5.68,5.125
3k0h,4.6,4.796875
5abe,3.05,2.8554688
4fe9,3.0,2.9863281
4zly,5.46,4.6796875
3nba,3.41,3.5078125
5c26,6.77,6.5273438
3q4k,7.05,6.578125
5cp9,3.51,4.453125
4aw8,7.66,6.7929688
1ysg,3.52,3.0253906
4owo,4.47,5.1484375
4zzz,7.06,7.0820312
4efs,8.6,8.65625
4n9d,7.72,7.140625
2fwz,7.3,7.28125
2f10,3.48,3.1582031
1cim,8.82,9.2265625
2x4z,8.57,8.9140625
3hy7,6.97,7.125
3s1g,5.19,5.515625
1jje,8.43,8.65625
3uvl,5.69,5.7929688
4hwr,6.74,7.0273438
4wmu,6.74,6.8476562
2z4b,9.36,9.234375
2xae,7.3,7.171875
3fuc,9.72,10.015625
3qxp,7.7,7.5117188
2jjb,7.92,6.8398438
2p0x,6.31,6.6523438
1ax0,3.13,3.2617188
2h9p,3.72,3.9609375
2bmv,2.0,2.1835938
4nj9,6.97,7.2539062
1zyr,5.74,5.9335938
2hai,6.28,6.484375
3p58,7.6,7.375
3sie,7.88,7.6601562
4q1x,11.15,11.015625
3bbf,5.28,5.3671875
2q7y,4.3,4.5351562
3rxl,2.62,2.546875
4iuu,5.65,5.2382812
4ay6,5.12,4.6484375
3el8,7.6,7.3671875
1rdn,1.84,2.1367188
2qi4,10.44,11.5625
3vzd,6.3,6.4492188
2hk5,7.34,6.734375
3ocp,7.57,7.1757812
2uw0,7.7,7.6367188
2i7c,5.07,4.8125
4px6,8.4,8.5703125
3hhk,8.22,8.140625
3dz5,8.15,8.125
2y9q,6.15,6.7109375
3wf5,7.09,7.640625
1ec2,10.0,9.0546875
1fq4,6.4,6.75
4e8z,6.64,6.4570312
4umt,6.14,6.4492188
2xzq,6.59,6.4375
3wix,6.27,6.109375
4mcd,5.33,4.9375
1uwf,6.82,6.3671875
4o61,4.3,3.8554688
2pv3,5.25,5.2929688
4avg,7.22,7.578125
3mt7,4.03,4.4609375
5a0e,6.53,6.7148438
3dek,7.57,7.7070312
3h5b,10.0,10.0
1ax2,3.99,3.5488281
4yfi,6.3,6.4101562
3cwk,6.6,6.0742188
2idk,5.54,5.40625
4k5z,3.0,2.71875
1rlp,5.1,4.7460938
3h3c,6.85,7.125
3ft5,4.82,5.2382812
1tl1,6.42,6.625
4x6j,7.8,7.1679688
4gja,5.92,7.234375
3ken,5.4,6.1992188
2y8o,5.12,5.0273438
1i7z,6.4,6.1289062
2brg,5.21,4.703125
2wly,6.6,6.8164062
2hzn,7.39,7.546875
2waj,6.4,5.9375
1hv5,8.3,8.9296875
4o0v,8.48,8.8515625
3zk6,6.34,6.3320312
4r3c,7.0,6.9140625
4his,8.09,7.8945312
4bs5,8.22,8.4375
3mbp,6.8,7.4492188
2br6,2.96,2.7421875
1y3x,5.14,5.4648438
5d9l,7.62,7.2265625
1czq,4.54,4.8476562
1f8c,7.4,6.7851562
3rm9,4.77,5.2148438
4es0,6.99,6.4765625
1fyr,5.62,5.7460938
7kme,4.4,4.6640625
4xx4,7.36,7.078125
3dz6,7.82,6.9921875
4um1,5.77,6.1171875
2v88,4.09,5.0976562
1r5g,7.52,7.7460938
4l8m,9.0,9.0
1jrs,6.4,6.4921875
3ovx,7.51,7.6914062
3gfe,8.49,8.53125
4ijq,7.52,6.8710938
2x2i,8.7,8.3671875
3mt9,4.59,4.484375
4rlk,5.02,5.3867188
2iw4,9.3,9.21875
3eb1,4.79,4.796875
4puz,8.11,8.6953125
2vev,6.52,6.9257812
2yel,7.28,7.453125
1yds,5.92,5.5898438
3s1h,4.77,4.4023438
1zgv,6.0,5.9257812
1rth,6.4,6.4765625
2bes,4.24,4.9492188
3sw8,4.5,4.2148438
1qft,8.77,9.5078125
2bjm,3.7,3.9101562
3db6,6.14,6.3671875
3arg,7.26,7.1679688
1g42,3.01,3.1328125
3cfs,5.96,5.6835938
3ij0,4.88,4.9101562
2qcg,4.0,3.984375
4wet,3.35,3.3164062
4u5n,2.48,2.9453125
3wnt,6.28,6.375
4p0x,5.92,5.3789062
4io6,4.82,5.15625
4omk,4.4,4.734375
2m0v,5.97,5.9570312
1fsw,6.49,6.0546875
2xm9,8.05,8.875
2wij,3.2,3.4785156
3fue,2.82,2.703125
5bsk,6.22,6.5664062
1a07,6.4,6.5117188
2vw2,3.3,3.34375
3tfk,5.01,5.90625
2rox,4.98,4.90625
3ly2,8.3,8.4765625
1ej4,7.3,7.3789062
3agl,7.8,8.4296875
4oc5,7.07,7.5859375
1vyw,7.43,7.4140625
1z6d,2.34,2.5898438
3oct,8.3,8.8515625
1fcy,8.52,9.0390625
3rj7,7.6,7.4609375
3ppk,8.85,8.984375
1jd5,6.62,6.484375
2wf4,7.89,6.6484375
1ezq,9.05,9.734375
4pci,5.12,5.1289062
1ajn,2.63,2.4394531
3tvl,4.0,4.1210938
3fqh,6.24,6.4453125
3fmr,7.97,8.140625
7abp,6.46,7.1328125
2mlm,5.21,5.2460938
3tiy,4.77,4.1445312
2xag,4.55,5.0117188
2ceo,10.0,10.171875
3fea,7.44,6.84375
3ds0,4.83,5.0976562
1hvi,10.92,10.203125
4mpe,6.37,6.5429688
4g11,5.0,5.6171875
1q3w,8.4,8.453125
1doj,8.96,8.5859375
1pxl,6.05,6.1210938
4ozo,3.83,3.3496094
2c69,4.59,4.46875
1uk1,7.22,7.46875
5akw,6.39,6.0742188
1wu1,7.74,8.359375
3qs4,4.68,4.5
4kqo,6.78,7.1796875
4q1c,8.7,8.890625
3eqy,8.05,7.3710938
2viq,5.89,6.1679688
3qw8,5.1,6.0820312
4z6h,6.21,6.2695312
4j1f,7.92,8.2890625
4joh,3.35,3.6191406
4jfw,6.34,5.8085938
3sxu,5.05,4.8710938
3iu9,6.62,6.9765625
4ayy,8.17,8.359375
1cps,6.66,6.9375
4os1,5.6,5.890625
4s3e,6.11,5.75
4m5j,4.84,5.65625
1n4k,10.05,10.609375
3cyu,7.22,7.671875
3igg,7.18,7.140625
1ywi,3.43,3.578125
4u6c,5.0,4.3515625
3rjw,7.57,7.2851562
2w0x,3.2,3.6972656
4mho,5.08,5.6484375
3suf,7.56,7.9726562
1e03,9.4,8.6640625
1qs4,5.64,5.65625
1fo0,5.59,6.6757812
2xnm,6.8,6.6328125
4jxv,4.51,4.6523438
1awi,4.05,3.7988281
4g0z,2.21,2.5390625
2xpa,5.39,5.4726562
4e7r,7.7,7.921875
2z50,4.95,5.5390625
4wph,5.8,6.09375
2zx9,10.27,10.3515625
3b3x,3.6,3.3476562
2qi5,10.85,12.140625
4u0c,4.31,4.375
4lm5,6.82,6.8398438
4hpy,9.92,10.234375
2jt6,7.6,8.2578125
1rdi,2.06,1.9814453
4jfv,6.28,6.2890625
4g5y,2.77,2.609375
1d2s,9.74,9.7734375
3jzq,6.96,6.515625
3hhu,7.39,7.1679688
1jjk,11.06,11.4296875
3pxz,5.23,4.75
2f3k,7.89,8.03125
2ohu,5.38,5.5625
3a73,3.38,3.5976562
1ybo,3.8,4.1523438
1oe8,5.52,5.109375
4nwm,8.1,8.421875
3iu8,6.24,5.9609375
3t2c,4.6,4.8867188
2gh9,6.0,5.9609375
3hd3,7.0,6.1992188
4j7d,4.7,4.7304688
2vot,7.14,6.7617188
4lkg,6.8,6.9179688
3rq7,7.77,8.328125
2eg8,4.5,4.6679688
4p6w,9.15,9.203125
5d1s,5.02,5.1132812
4h3g,8.22,7.890625
3krx,7.38,7.859375
3qcl,5.4,6.4375
3bhb,8.47,8.84375
1x39,9.22,9.484375
4ufk,3.89,4.6328125
3h9o,7.15,7.46875
4k9h,7.12,7.0390625
4rss,8.77,8.9296875
13gs,4.62,4.4335938
5d7e,3.82,4.1445312
1qf2,5.92,5.6875
4esi,4.15,4.6367188
5fjw,5.4,5.640625
1rbp,6.72,6.8085938
2ael,6.29,5.8359375
3shb,6.03,6.5195312
4fic,4.7,4.6640625
1pa9,4.6,4.7382812
7lpr,7.18,7.296875
3pa5,8.7,9.453125
3fvn,6.77,6.3203125
1r6g,9.21,9.34375
1eoc,6.05,6.7109375
4djw,6.28,5.9101562
4loh,6.96,6.8046875
1b42,4.01,3.453125
2ycs,8.87,8.71875
2qw1,3.9,3.1699219
4ock,5.08,4.9140625
4og7,6.94,6.78125
2w6m,4.67,4.6835938
2tmn,5.89,5.7890625
3b82,4.43,4.8085938
4bek,4.39,3.7753906
4btu,9.3,9.6796875
4l33,8.15,8.03125
2qlm,5.64,5.4609375
2cfg,7.44,6.8398438
3rt8,6.35,6.0820312
1jbd,6.92,7.1601562
3oag,9.51,9.6640625
4urk,5.96,5.875
2mwp,6.05,5.7773438
1zp5,2.92,2.9765625
3sad,5.96,5.578125
1ba8,9.0,8.484375
5ah2,10.08,11.6015625
4lc7,4.93,4.8085938
4ceb,2.97,2.7402344
1inh,2.3,2.234375
2gmv,6.2,6.3632812
1ilq,4.89,4.7421875
2z1w,4.08,4.2773438
4og5,6.52,6.8476562
2ok1,6.26,6.8867188
4qw5,6.35,6.5429688
2upj,7.39,7.6445312
1xh8,5.77,5.4804688
4hv3,3.94,3.6484375
1oth,7.0,7.2226562
4umj,5.57,5.59375
4ge4,8.11,7.9179688
2vf6,8.52,7.7734375
4yoj,6.39,6.453125
1u32,7.01,6.6601562
7prc,5.21,4.7070312
5dda,5.78,5.984375
4qyh,8.89,8.5859375
2eum,6.7,6.6679688
4uce,3.17,3.3066406
3i5z,8.7,7.7421875
1ek1,7.77,7.9804688
1jak,5.57,4.9921875
2xbp,5.02,4.7695312
3bl1,5.6,5.6445312
5ajp,5.3,5.390625
4er4,6.8,7.28125
2v3d,3.94,4.5585938
3tic,8.87,8.09375
3m55,6.21,5.984375
184l,4.72,4.9882812
2f80,8.18,8.1328125
1hsg,9.42,9.3984375
4abe,3.4,3.2050781
4ymg,4.68,4.96875
4xya,5.86,5.5859375
4rhu,6.16,6.71875
4kon,6.48,6.1601562
3wka,4.54,4.1171875
4f64,7.2,7.9296875
3exe,6.96,6.8476562
1sdt,9.27,9.6875
4dtk,8.52,8.09375
186l,4.85,4.6640625
4kii,6.23,6.9296875
2qq7,5.24,5.7734375
2zhd,6.54,6.578125
2wey,7.12,7.109375
3kjf,4.87,4.78125
3hv5,7.02,7.0625
3fyk,7.4,7.234375
3ncq,5.36,5.3046875
4ejf,5.1,4.9882812
3ds1,5.7,5.890625
3wke,8.89,8.390625
3o23,6.3,6.6601562
3t1n,6.1,6.15625
2vd0,4.94,4.5039062
2gde,8.24,8.140625
4qf9,4.43,3.9296875
3hqy,7.94,7.5820312
2y7k,4.93,4.5742188
3nhi,8.43,8.3671875
2vio,4.4,3.5117188
1qpe,7.7,7.765625
2q8g,7.06,7.5039062
1mfd,5.31,5.2304688
4e3j,8.92,8.8359375
4w4y,6.46,6.0585938
3q3t,7.43,6.75
4pg9,7.8,8.2890625
4xx9,5.08,4.7109375
3abt,4.77,4.8359375
1rin,3.15,2.8847656
4p1r,8.39,8.1171875
3c9e,8.0,7.3515625
4tww,4.2,4.5429688
3ekx,9.41,10.46875
4i9o,5.72,5.2460938
2jdp,6.6,6.2929688
1t7f,5.74,5.4882812
4qvl,6.53,6.9765625
7cpa,13.96,12.890625
3r2a,6.12,6.0585938
1ghz,4.8,4.6640625
4osf,5.44,5.5117188
2q8i,3.4,3.7597656
1nl4,9.41,9.484375
3kqa,4.85,4.9335938
4a4c,3.61,3.7910156
4g34,7.93,7.8320312
2zva,7.96,7.640625
4jg8,8.6,8.234375
2nng,5.36,5.4882812
2c3k,7.59,7.2617188
1zsr,9.82,9.0546875
4d8n,5.74,5.6835938
4r1e,7.28,7.65625
2gh6,4.95,5.625
1fzk,8.4,8.1953125
2xne,6.72,7.2109375
4qws,6.5,6.7382812
3o9g,12.3,11.59375
3ml2,8.05,7.4257812
3zj8,3.9,3.8398438
4wop,4.76,4.515625
3fh7,7.6,6.8828125
3pke,3.6,2.8066406
1u2r,5.41,4.8476562
2wcx,7.6,7.8632812
3ugc,6.02,6.0742188
3fun,6.72,6.140625
5a3o,4.73,4.6796875
2v11,8.52,7.40625
1avp,7.92,8.1328125
4czs,5.0,4.8710938
5cal,7.66,7.6328125
1b2i,5.51,5.015625
4o42,4.66,5.2109375
1li3,4.25,4.15625
3d2t,7.12,6.921875
1q4x,9.48,9.6953125
4yv1,3.08,3.3203125
3g2t,7.0,6.7421875
4apr,6.7,6.78125
2adm,5.7,5.6796875
3owl,6.17,6.1640625
3kwn,6.82,6.5039062
3nzc,7.02,7.0078125
3ti3,8.74,8.7578125
2qzl,8.1,8.03125
2pgl,3.59,3.6894531
1ebw,9.05,9.625
3p50,4.62,4.9101562
3hmv,7.3,6.8398438
2ylc,7.89,8.15625
3wkb,4.21,4.9804688
3kjn,5.19,5.5820312
3vb6,4.41,3.9707031
2azm,5.66,5.546875
4tk5,7.49,7.1484375
3bu6,5.89,6.4492188
2i72,7.43,6.5976562
4lyn,7.22,7.7226562
3zmp,5.67,6.28125
3as3,3.8,3.6601562
4ufm,3.72,3.6230469
1uml,7.52,7.7890625
3m3r,6.32,6.7109375
2qk8,7.91,7.9257812
4bky,7.92,8.1171875
2e1w,7.96,8.078125
4c1h,4.09,4.2304688
4pv5,6.54,6.6796875
2zfs,6.54,6.5234375
4dkp,5.72,5.8125
4dhf,7.55,7.2851562
1xug,7.05,6.9296875
3t03,6.8,6.9335938
1x8b,7.01,6.6835938
1ke0,5.38,5.5039062
4ikr,6.23,5.7226562
2j7w,6.66,6.1640625
4av5,7.21,7.0039062
3vd9,4.0,4.0273438
1zxv,6.1,6.4921875
1o41,3.05,3.6660156
1mh5,9.21,9.1484375
4wx7,7.4,6.9609375
5ew3,8.92,9.03125
1qi0,2.35,1.9375
4u93,7.89,7.9101562
1tcw,6.02,6.0234375
5cgd,9.3,8.765625
1tuf,4.05,3.4550781
4kn4,7.24,6.9570312
4z89,4.69,5.0117188
3c3o,4.36,3.921875
2gmk,3.23,3.0429688
3g08,8.16,7.9765625
3ej5,3.57,3.2773438
1sje,8.22,8.25
4zl4,7.86,8.234375
5er1,6.02,6.1132812
4ibi,4.14,3.9257812
2uw3,4.1,4.34375
1evh,3.22,3.6660156
2vin,3.0,2.625
4b00,8.61,8.203125
4y46,7.96,7.4023438
3vjc,7.72,7.6523438
3tyv,8.1,7.1523438
3gjd,7.33,6.8242188
4nmv,4.95,5.5585938
5a2i,5.06,4.734375
4pnw,5.05,4.9492188
4ddl,8.31,7.8007812
1fzq,7.62,7.3671875
4yoi,6.48,6.7109375
5ceo,9.3,9.09375
3uix,6.82,6.8945312
1yyy,5.09,5.4570312
3r9o,4.0,4.2578125
4ln2,3.61,2.9375
2w1i,8.92,8.2734375
4fci,1.26,1.6347656
2fr3,8.7,8.8984375
3hp9,4.59,4.2890625
1axz,3.2,2.7070312
3r42,4.08,4.2890625
4nyt,2.39,2.4746094
3pe2,9.76,10.109375
3wtl,7.04,6.8984375
3tfn,6.57,6.6835938
1tet,6.08,6.03125
3q4l,7.26,7.3945312
2wa4,4.74,4.3164062
4abu,6.28,6.0546875
3t6y,5.52,5.7226562
3frg,8.4,8.2734375
2ow9,7.52,7.0429688
3dxh,3.19,2.9765625
2ovy,8.4,7.9570312
4u0s,6.8,7.0234375
4qok,5.19,6.0585938
4v25,7.08,7.046875
2xk6,5.8,5.5625
3nuy,3.46,3.2246094
1lhd,9.62,10.015625
4tz8,3.3,3.515625
2zit,4.46,4.8476562
2reg,5.64,5.4804688
4ngm,10.35,10.5390625
1gfy,5.08,4.9570312
1s39,7.7,8.2109375
1qxw,5.15,4.8828125
2ojj,8.7,7.9375
3l13,7.82,8.1953125
1gfz,4.0,4.4335938
3d9p,4.54,4.953125
4f8h,4.24,4.5664062
4f6u,6.15,6.3046875
4kiq,7.64,8.015625
1nfw,8.96,8.6015625
4jog,3.72,3.8046875
4c9w,6.11,6.3984375
3qrk,7.24,7.0976562
2jqi,5.0,4.7382812
3gxy,5.59,5.8789062
4wr8,6.23,5.9960938
4muw,8.01,8.0859375
3qi3,3.78,4.1601562
5bpa,9.0,8.3359375
2oz2,5.71,5.9335938
3mj2,7.82,8.3203125
4mg7,6.36,6.0039062
4b0c,2.07,2.1425781
3ldq,5.36,5.7773438
3uw4,7.77,7.265625
4gw6,6.2,6.1679688
1gym,2.7,2.8359375
4ps1,6.66,6.375
2ql7,6.26,5.96875
4fli,5.44,5.3398438
3m93,6.62,6.4257812
4dwg,7.24,6.8515625
4uma,5.41,5.6914062
4bjb,6.66,6.25
3tvc,7.74,7.6601562
3a1t,4.83,4.796875
2y7p,5.47,5.8007812
2ycq,9.85,10.03125
3mt8,4.55,4.7734375
2v85,4.46,4.6484375
3f6e,2.38,2.1347656
4ach,7.66,7.3476562
3qnj,6.0,6.6640625
3sw9,5.38,5.8945312
1dis,11.0,11.2734375
4x8g,6.0,6.3320312
4fgy,6.3,5.96875
1tyr,7.0,6.71875
4o3b,6.09,6.2578125
1oe0,5.16,5.2734375
4b60,5.43,5.5546875
5ea7,7.96,7.890625
2xrw,5.15,5.4375
1mmr,5.4,5.4375
3rk5,5.4,5.3242188
2x4t,5.13,4.9765625
2xl2,5.25,4.71875
1mik,6.35,7.0625
1zlu,7.0,7.5976562
4bjx,7.66,7.1679688
1xbo,6.04,5.8476562
3r4o,8.15,7.8007812
1lt5,2.7,3.3789062
3wym,9.52,10.09375
1o44,8.52,9.1484375
3que,8.82,8.6015625
2d2v,1.0,0.9995117
4jq8,8.1,8.0078125
3ecn,3.16,3.5800781
2w2i,6.04,6.03125
3t2t,2.4,2.9804688
4yl1,6.67,6.4570312
1hmr,6.55,5.8632812
4i73,6.72,6.9101562
1nax,6.43,6.9375
1jii,9.0,8.5390625
4ogi,7.43,7.25
2hmh,7.15,6.890625
2o3p,5.96,6.0625
4ktc,9.0,8.8359375
4r5b,6.73,6.7304688
2mwo,4.7,5.46875
3d14,7.66,7.15625
1qbq,8.3,8.53125
4d2v,7.43,7.4140625
3dya,8.52,8.453125
4os4,4.87,4.5273438
1uxb,2.15,1.7988281
4kby,6.73,6.6914062
3zqe,4.23,4.0703125
4b6o,7.0,7.1210938
3n9s,5.26,5.015625
2zlg,5.59,4.796875
4y8d,8.05,8.1484375
3oxz,8.07,7.8125
3ex6,3.66,3.34375
7std,10.72,10.0078125
1ppx,7.28,7.2929688
4ocz,9.18,9.2578125
4kbk,8.18,7.5898438
4g8o,7.66,7.3671875
4qir,6.95,6.3984375
1w8m,1.6,1.6494141
3unj,4.96,5.125
4mnx,4.75,5.125
4b85,4.06,4.3632812
4dfu,4.6,4.3789062
2wih,7.35,7.3398438
2aq9,7.3,7.0507812
3oad,9.62,9.3671875
2bua,4.52,4.4882812
2bok,6.55,7.28125
2f71,5.6,5.3710938
3bi0,7.85,7.0351562
2uup,3.98,3.4902344
1amn,13.82,12.1484375
3hac,8.17,8.34375
3ug2,8.25,7.8398438
2qky,9.61,9.6640625
2xyr,6.13,6.0898438
2rny,3.66,3.265625
4ln7,7.39,7.6914062
3zvw,3.9,3.6171875
4bgx,1.77,1.703125
1ycm,8.0,7.9609375
3rm4,5.77,5.1132812
1osv,3.48,3.5039062
2lo6,3.95,4.140625
3kpw,4.85,5.4257812
3h0j,6.49,5.921875
1au0,7.66,7.4921875
2p99,5.94,5.4101562
4tsz,7.0,7.3398438
4qwu,5.51,5.4296875
1hsh,9.42,8.2734375
2vfk,3.71,3.6425781
5acx,5.05,5.1523438
4aa7,5.7,5.3046875
3fdm,8.7,7.109375
2zcs,8.22,8.1015625
2ea4,7.34,6.4101562
1ny0,5.85,5.8398438
4ufl,2.64,2.8671875
5agv,9.7,8.3125
4mmf,6.53,6.3398438
1ua4,4.22,3.65625
1i00,6.34,5.9570312
3iwy,7.28,6.8671875
4km0,6.04,6.1367188
2wti,7.04,7.2421875
2rjs,2.28,1.9570312
1apb,5.82,5.6523438
4gao,5.74,5.2109375
2qoh,7.7,7.5703125
1at6,4.07,3.8144531
3wk9,4.15,3.7695312
1qxy,4.8,4.8476562
4zei,5.88,5.453125
2br8,7.49,6.5546875
5alr,7.07,7.1523438
1wdn,6.3,6.2421875
4xkx,9.05,9.203125
3umq,4.62,4.8789062
3py1,6.89,7.1484375
2f81,10.52,9.8515625
2bvr,3.7,3.8808594
3uxm,4.7,4.8242188
1unl,6.7,6.1875
2vsl,8.4,6.703125
2viw,7.14,6.4960938
1sld,6.57,5.6796875
1bnm,10.0,10.015625
3r0h,5.92,5.875
4yhf,8.34,7.8164062
3ixk,8.18,7.6484375
4abd,4.4,4.4648438
1ind,10.05,8.3125
2wyg,8.7,7.8046875
4ge7,8.15,7.9257812
1w12,7.85,7.7773438
3bmy,7.52,6.9921875
4wsy,7.77,7.3515625
4jjf,8.0,8.0234375
4fck,1.26,1.4648438
2xtk,3.79,3.2011719
3h89,7.64,7.3945312
3kqy,4.82,4.5078125
3g8e,5.35,5.046875
4ogn,10.0,10.1015625
4kov,3.75,3.7617188
4cfe,7.22,7.390625
3cf1,6.64,6.2890625
3fei,7.7,7.3632812
5dhg,9.14,8.5
2znu,8.11,7.5976562
5alv,4.36,4.0195312
3of8,9.22,9.109375
4hy0,6.7,6.8515625
3qtu,7.15,6.6132812
2wzx,6.0,6.1132812
3rl8,5.98,5.4296875
5am0,5.88,5.7773438
2wtc,6.51,6.5742188
2pq9,8.11,6.9492188
3odl,7.21,7.6875
3hiv,8.12,7.4375
4oo9,9.07,8.9296875
4rce,8.7,8.53125
2xxt,8.05,7.84375
4mti,8.92,8.2890625
1n5z,4.36,4.4453125
3ooz,7.85,7.3632812
1qb6,6.06,5.6796875
2ym8,7.89,7.9023438
3b7i,5.82,5.7773438
4ocv,5.08,4.953125
2pj6,7.31,7.2382812
3iad,9.0,8.671875
1zfq,7.52,7.03125
2vmd,3.02,2.7304688
1rhr,8.1,7.6992188
3gpo,5.3,5.5429688
1t37,4.35,3.9492188
1h3h,6.66,6.4960938
3in4,7.52,7.0664062
4c36,7.7,7.2890625
1joj,4.22,4.2070312
1a8t,5.8,5.5
4mt9,10.0,10.5234375
4ido,4.93,4.390625
3wzq,6.23,6.2539062
4ij1,5.4,4.59375
1szd,4.54,4.28125
3blr,8.19,7.8398438
1zaf,7.7,7.71875
5c83,6.8,6.3164062
4hyf,7.6,6.9257812
4qsk,5.1,4.703125
3v4x,6.15,5.3867188
4tw6,4.21,3.6601562
3zns,7.41,6.9882812
5a5s,5.9,5.7929688
4hyu,8.21,8.7421875
1kf6,6.7,6.7890625
4l53,7.55,7.4492188
3ipe,6.82,7.2226562
1usk,6.4,6.3359375
1aht,6.21,6.7578125
3pkc,6.02,5.9101562
4kxm,5.59,6.2148438
4cg9,6.21,5.9804688
4ahv,1.82,1.8291016
3ipb,6.7,6.5117188
1r1h,8.92,8.8515625
4ibk,4.3,4.3476562
2ajl,7.89,7.2148438
2wzz,5.4,5.0117188
1hxk,3.4,3.0273438
1a61,8.62,9.046875
3lp7,5.44,5.2421875
4prh,4.6,4.5078125
4l7j,3.7,4.0585938
4uia,6.72,6.2109375
5ea6,7.41,7.2890625
3ff3,3.57,3.1992188
2xez,5.82,5.6367188
2ykb,5.96,5.8476562
1ke9,6.18,6.65625
3s2p,7.17,6.796875
1al8,5.32,5.6445312
3r4n,6.89,6.8945312
2p8o,4.85,4.9804688
2wks,6.89,6.40625
4cmu,9.7,8.65625
1gi1,5.47,5.671875
3ps1,10.17,9.6796875
4urv,2.77,2.5839844
1j37,8.96,8.375
1i9m,8.48,8.5546875
4k3p,5.8,4.921875
4gw1,6.37,6.7265625
4old,2.7,2.8847656
4p90,7.19,7.7148438
3kgq,2.3,2.2792969
1gz9,3.51,3.2910156
2hxl,7.92,8.1171875
3pcn,3.66,4.3203125
4u82,5.72,5.1484375
1tl3,6.2,6.0117188
4gj8,3.3,3.796875
3sv8,7.91,7.7070312
2pja,8.66,9.2890625
2gvd,7.0,6.59375
3eu5,7.49,8.1015625
3oq5,4.55,4.265625
1mrs,3.96,4.1523438
3v4j,5.04,5.1328125
2x4u,4.32,5.15625
4eeh,4.35,4.4648438
2p2i,7.42,7.8398438
1h8s,5.81,5.734375
1idb,7.96,8.1328125
5c11,6.47,6.3242188
1uvt,7.64,8.125
2wxi,8.15,7.3164062
2q7u,8.7,8.46875
4lxa,8.7,8.4140625
3jsi,8.68,8.3125
4mma,6.04,6.4414062
5agi,4.34,4.2148438
4iid,5.62,5.5234375
2bet,2.77,2.6777344
4bde,4.8,4.4492188
4j26,5.44,5.890625
3cd5,7.9,8.1484375
4jj7,6.4,6.1875
4mmp,7.71,8.0703125
1c88,5.29,5.0664062
1ths,7.54,6.5976562
1t32,7.42,8.0
2pjb,7.72,7.2460938
4zpg,7.26,7.5351562
4mx0,6.73,7.3632812
3a3y,9.15,8.28125
2pfy,6.52,6.40625
4dhs,4.8,4.78125
4wyo,6.95,7.4375
3kwf,8.17,7.8007812
3g9e,7.72,7.125
3gsg,2.7,2.6152344
1s19,9.51,9.5078125
1lke,7.52,7.640625
1cs4,5.57,5.4648438
3ip6,6.6,7.0703125
1ld8,8.46,8.8125
3bpr,4.95,5.1757812
1nhx,5.68,4.890625
4hn2,6.89,6.5625
3lpf,6.68,6.53125
4ury,2.22,2.4355469
1n1t,3.85,4.015625
4izm,6.66,5.8320312
2f8g,8.7,8.109375
3zj6,6.66,6.8164062
4mzo,6.57,6.9453125
2ycf,10.52,11.0234375
2uze,4.33,4.1484375
1x07,3.28,3.1503906
3ert,9.6,9.96875
3f7i,7.34,7.0078125
4eoy,6.49,6.703125
1juf,5.85,5.25
2ha6,4.32,4.8789062
2bb7,5.67,5.6835938
3ivh,7.33,7.8710938
4fak,4.28,4.9492188
4mm4,6.37,6.03125
4jpa,8.48,8.25
3rxm,3.63,3.4511719
2jh5,6.44,5.9453125
3o99,10.82,10.859375
2ph9,5.89,6.2460938
3cyy,4.77,4.71875
3rqg,4.64,5.1523438
4ybi,6.6,7.15625
4pyo,4.52,4.2617188
2wvz,4.02,3.703125
1sqp,8.2,7.7695312
2bfq,6.89,6.0390625
4qwg,5.97,6.0625
4m5g,5.01,4.7734375
2w6o,4.22,3.9609375
4p58,4.6,3.8476562
2ihq,8.49,8.25
2l1b,3.96,3.4238281
1d2e,6.0,5.4335938
4f20,3.29,2.6914062
4dxg,7.06,6.7851562
4yne,8.52,8.15625
3o9v,7.74,7.8046875
4p0a,4.52,4.09375
4o24,4.3,3.9472656
4yt7,8.77,8.546875
2cbr,6.85,7.046875
4mdr,4.39,3.7089844
3fnm,4.71,4.3789062
3oc0,6.28,6.4726562
4l4v,5.78,5.8632812
3b8z,6.54,6.4375
1n1g,2.3,2.1914062
3ms4,3.28,3.5527344
3qel,6.49,6.1367188
1g98,5.7,5.6484375
3qd3,8.0,7.8359375
2xa4,8.52,8.2578125
2clo,4.06,3.4785156
3b8h,4.2,3.7421875
2bgd,5.0,5.3867188
1ets,8.22,8.1953125
5bry,11.82,12.125
1sqb,7.95,7.4492188
3ipq,7.57,7.5898438
2jbv,3.54,3.3125
3s3k,4.01,3.9003906
3tcp,8.37,7.9296875
2jo9,4.28,3.9785156
3ibl,7.84,7.375
4h2j,5.32,5.5625
1ca8,9.49,9.6015625
1f8a,5.0,5.4179688
3qai,8.1,7.4804688
3qti,7.85,8.0078125
2xk8,5.62,5.3554688
3qtz,7.3,7.2382812
4qjr,7.1,6.8671875
1vjc,3.58,3.4824219
4pf5,5.48,4.8867188
1d4y,11.1,10.0703125
3q2h,9.16,9.015625
1tnk,1.49,1.6552734
2ha0,4.43,4.3554688
4elc,3.2,3.1269531
1bkm,5.74,5.5195312
1tnl,1.88,2.15625
4tkb,5.59,5.6796875
1v16,3.87,4.140625
4y85,7.89,7.5429688
3ah8,9.82,9.390625
1srg,5.3,5.2148438
1pwp,6.3,5.921875
4o7c,5.0,4.9335938
4zed,5.12,5.1132812
2w97,0.96,0.9916992
3e51,7.85,8.140625
2e7l,7.54,7.8007812
2hah,8.0,7.96875
4u7t,5.67,5.9257812
4c4h,8.22,8.2265625
2ccu,6.13,5.7148438
3lnj,6.66,6.0585938
4uiy,5.6,5.8945312
5al2,6.44,6.5117188
2vc9,8.44,8.796875
1oe7,5.52,5.3398438
4abb,4.51,4.2617188
5buj,8.3,8.625
1bmk,7.6,7.4296875
4htx,8.33,8.3984375
3cbp,5.6,5.6171875
3owd,7.52,7.390625
7gpb,5.52,5.0664062
4clz,4.37,4.2539062
1vru,7.0,6.8203125
3t1a,8.37,7.5898438
2iw8,6.99,6.9023438
2h44,5.77,5.2890625
2vyt,2.74,2.3730469
2aj8,6.2,6.3515625
4h75,6.6,6.4882812
3psd,8.52,8.296875
2pwc,6.57,6.203125
2haw,4.92,4.9101562
1gjb,6.35,6.1953125
3n4c,8.02,8.328125
1ljt,5.15,5.1367188
3drr,9.4,9.21875
2rjp,7.0,7.0742188
4oth,8.05,7.296875
3ej1,6.92,6.8945312
4rsp,5.44,5.5
4knr,5.74,5.7851562
3lgl,6.05,5.59375
4y94,6.62,6.0039062
2zmj,7.52,7.9023438
2obf,8.85,9.140625
5aae,7.46,7.6171875
4c1u,7.09,7.4726562
3uh4,7.96,7.3710938
5cqu,6.54,6.4570312
3ccn,6.92,7.109375
2fix,6.24,5.9960938
3lpu,5.86,5.4179688
3ud8,5.38,5.6640625
4j86,3.77,3.4003906
2vle,7.1,7.1992188
4j06,5.34,5.2148438
4l0l,7.27,6.7851562
4mjp,3.88,4.015625
4wey,3.5,3.2304688
2zu5,7.0,6.9179688
2jt5,7.74,7.8476562
4mw5,7.35,7.1953125
4cmo,9.07,8.4765625
1dx6,6.19,6.9179688
3ud9,4.67,3.7539062
2wxo,7.05,6.6875
4iqu,6.24,6.2734375
4n5g,5.0,4.9375
1k6c,7.48,8.0078125
3mp6,5.96,5.9335938
4bda,5.57,6.0078125
2ow7,4.85,3.9882812
4xbo,4.59,4.3320312
4mgc,6.32,6.4375
1xn0,6.24,6.140625
3i1y,8.15,8.0234375
3cwe,6.92,6.96875
1vj9,7.55,7.9257812
3dp2,5.82,5.75
3wyj,6.44,6.9257812
3qk5,7.74,8.359375
1c2t,6.59,6.2148438
2r6w,9.36,9.09375
3t6r,5.66,5.1679688
4mh7,5.23,4.9609375
1fe3,7.33,7.1484375
1fq7,5.43,5.8789062
5er2,6.57,6.5234375
3cn0,5.51,5.4960938
4qz4,5.01,5.8125
3kc1,9.0,8.828125
3ns7,8.33,8.453125
1nxy,7.19,6.765625
1q6j,7.8,7.7890625
4quo,7.92,7.5546875
4q1b,8.72,8.359375
2z60,8.05,8.3046875
2uyi,6.32,6.5820312
3cr5,4.19,4.1796875
2ay3,3.55,3.6660156
3vjm,9.43,10.015625
2rly,3.57,3.4121094
2k46,4.58,4.3828125
1lkx,5.15,5.2421875
1ody,8.1,8.7265625
3n0n,7.3,6.9140625
3h8b,6.29,6.5664062
2rjr,1.94,1.890625
2evo,7.17,7.0742188
2ycr,7.16,7.3242188
3kgt,5.51,5.6914062
1q1g,8.57,9.90625
2rcu,6.68,6.296875
3f36,2.89,2.5800781
1jqd,5.16,5.25
1leg,7.95,7.7539062
3fcb,5.31,5.0703125
2peh,5.96,6.3945312
3mkf,4.77,4.8984375
2y59,6.44,6.7382812
3p8h,5.3,5.5117188
1g3m,10.0,9.96875
3v0l,5.52,5.7421875
4n99,3.67,3.359375
3e6v,6.83,6.390625
2rnw,2.98,2.9746094
1ow6,5.4,5.1796875
3tdz,6.82,6.8085938
3p1d,2.64,3.0058594
4jh0,9.03,8.5234375
1ouy,8.37,8.5390625
3t3i,4.77,5.3320312
4hxm,6.1,5.9570312
4fvq,6.0,5.7617188
3inf,7.4,7.109375
6apr,7.77,8.1875
1bhx,6.84,7.3203125
2yz3,6.66,6.3671875
1c12,8.72,8.5078125
2w73,6.52,6.953125
1q4k,6.55,6.1171875
2fzz,10.52,10.1796875
4m5m,4.74,5.2929688
2wqb,6.27,6.0859375
3o6l,7.51,7.8945312
2bq6,10.15,10.6015625
1b38,6.6,6.1640625
3sc1,4.38,4.4257812
1q8w,5.24,5.0664062
4wh7,2.3,2.6425781
1uho,9.22,9.0
2w87,4.65,4.0039062
4e3o,6.51,6.8359375
1p10,6.7,6.5390625
3avh,3.3,3.3496094
4lwv,8.22,8.2578125
4k76,5.35,5.046875
2ay4,2.91,2.9570312
2q11,6.05,5.7695312
4d62,2.44,2.3417969
3h0e,8.15,7.7109375
3ur0,7.15,7.1992188
4na8,8.82,8.8671875
2pcu,3.04,3.3398438
3zvv,3.04,3.4140625
2nns,6.05,5.8125
2ogz,7.08,7.125
1sre,3.85,3.4199219
4whq,4.12,4.484375
4u5v,3.05,3.2851562
2ax6,7.57,7.46875
1ihy,3.74,4.1679688
2yc3,6.85,6.8164062
1ynd,8.44,7.828125
2igx,7.27,6.8046875
1gag,6.12,6.5664062
4aaw,6.3,6.0429688
3k54,9.0,9.203125
2iit,8.59,8.5859375
1om9,4.15,3.7734375
2xgm,3.0,2.9726562
2gfj,3.82,3.9160156
3vhu,7.31,7.3945312
3p4w,4.57,5.1796875
3n5u,5.92,5.9570312
4o7a,4.72,4.8398438
1jk7,8.52,8.2421875
1yet,5.92,6.3164062
3ivx,5.74,6.1914062
1v7a,8.01,7.640625
2r5a,2.6,2.2207031
3gxl,7.6,7.6132812
1q6t,8.3,8.2734375
1auj,8.25,7.3710938
3aox,9.08,9.59375
4gtq,8.3,8.34375
4ty9,2.05,2.1992188
3wkc,3.71,3.9707031
4yax,5.82,5.8203125
4qw6,5.85,5.8789062
4d1a,4.72,4.6171875
4rpo,7.64,7.4179688
3oot,8.7,8.546875
3ttm,8.52,8.96875
1dwc,7.41,6.8242188
3kn0,3.6,3.7148438
4h4d,6.82,6.8554688
1pcg,7.6,8.2734375
2zsc,7.06,7.1015625
4dhm,3.78,3.9472656
4gvc,4.71,4.4960938
4mnq,4.43,4.0546875
4lps,5.74,5.421875
4i1r,4.65,4.2265625
1qy2,5.74,6.2148438
4w9q,6.85,6.6640625
2viy,5.74,6.21875
3u8m,8.89,8.34375
4djy,8.27,7.9140625
1m7y,10.96,10.8984375
2yig,7.1,6.8398438
2b9a,8.05,7.5195312
3f6g,4.72,4.9335938
1pig,9.15,9.7421875
3zhz,7.05,7.0585938
2qrp,6.2,5.9726562
2ama,8.0,7.7695312
3rqw,2.7,3.0292969
3d3p,8.5,8.3515625
4en4,5.52,5.84375
4jr5,8.15,7.921875
2a29,2.85,2.5097656
3tlh,8.82,8.234375
3zmg,7.64,7.3359375
3v78,5.54,5.6484375
2g5u,8.49,8.3671875
1qxz,4.72,4.5429688
5auu,4.68,4.4804688
3vvy,4.84,5.0976562
2qi6,10.57,10.171875
4cc3,4.14,3.9707031
1yej,7.46,7.4492188
2wq5,3.74,3.6503906
4hxs,5.39,5.5507812
4g0l,5.19,4.65625
4cc7,4.33,4.3320312
4lkj,6.7,6.59375
2xwe,6.02,5.9257812
1c87,4.2,4.3984375
2r3c,5.66,4.6328125
1bky,3.84,3.8476562
3q0z,7.7,7.4335938
1h08,4.55,4.4570312
2pe2,8.4,9.15625
4kow,4.31,4.5820312
4dum,7.02,7.8320312
4io2,6.7,5.9648438
3oof,7.3,6.8320312
3kmc,6.4,6.578125
5ajz,5.7,5.9296875
1m0n,2.22,2.2128906
3fc1,8.0,7.8046875
1mai,6.68,6.3945312
1qkn,8.47,8.2578125
1u0g,6.15,5.6796875
3pa8,5.75,5.7890625
2fl2,8.7,8.7421875
3ed0,6.35,5.9960938
4x0z,3.15,3.1425781
2wa3,3.0,2.9472656
3u4u,8.52,8.2265625
4pnq,5.0,5.1054688
4r5t,6.1,5.546875
4xv2,8.27,8.3515625
1pau,9.46,9.1484375
4o3t,4.37,3.9492188
2r38,7.44,7.375
4b70,5.2,4.953125
3dp1,5.0,5.0390625
2ydw,7.34,7.2265625
2ien,9.0,8.6640625
3cm7,6.57,6.5078125
3fzn,4.01,3.9101562
3rbu,9.43,9.0
3k2f,7.2,6.6289062
2z6w,7.87,7.3203125
3pz4,8.22,8.6328125
2jst,2.59,2.4082031
3c79,7.2,7.359375
2qzk,7.57,6.7617188
1pkx,6.92,6.7304688
3vp4,4.73,4.3945312
3iop,7.77,7.8554688
4ryc,7.1,6.9570312
4cpt,7.7,7.8007812
2mow,5.96,5.4960938
1sqc,6.85,6.7304688
3okp,4.72,4.9804688
1ukh,6.38,6.6015625
4op3,8.15,8.015625
5ap1,7.97,7.9882812
2k4i,3.84,4.3632812
2q6h,3.6,3.7871094
4jv7,6.0,6.3203125
4k6i,6.2,6.453125
4nrk,7.62,7.5546875
4n1t,9.1,8.8203125
3hzv,6.52,6.3320312
1o4q,2.49,2.2558594
3s75,6.82,6.7695312
4jzd,8.3,8.2734375
4rpv,8.52,8.1640625
3lvp,8.7,8.875
2vey,7.37,6.8867188
1a28,8.29,8.3984375
4bah,8.7,8.796875
1svg,8.7,8.25
1c70,10.3,10.453125
4muv,5.76,5.5546875
1cp6,5.0,4.9921875
1hgi,2.68,2.5332031
4w54,4.17,3.9179688
2nxd,5.66,5.8125
1gni,8.07,7.953125
3vyd,6.39,5.9296875
2ipo,5.06,5.1523438
1bmq,7.42,7.5664062
1jd0,8.24,7.9179688
5alo,6.13,6.0039062
3w2r,7.72,8.1796875
4url,6.3,5.7226562
4lgh,8.7,9.28125
4kom,7.0,6.6757812
4oks,4.48,4.015625
2x7o,7.47,7.7070312
2hmv,7.7,7.9453125
2nt7,6.52,6.0585938
1xp1,9.3,9.140625
4cjq,3.59,3.2304688
4jnm,8.52,8.796875
4bo8,6.92,6.5234375
1q0b,5.17,5.4335938
1b6j,7.92,7.9570312
1yk7,7.72,7.578125
4c38,7.76,8.3359375
1p28,5.42,5.9921875
2i19,7.8,7.8320312
4ckr,6.98,6.5195312
5d1w,5.12,5.1523438
2anl,6.96,7.0234375
3jzh,3.4,3.0625
3oik,6.17,5.953125
3fu6,3.97,3.921875
4yrr,2.7,2.6992188
2ha5,4.34,4.8046875
2qrk,4.26,3.625
1rm8,9.0,9.1484375
3rz1,8.74,8.578125
4ie0,5.08,4.65625
3u8w,9.0,9.234375
4uiw,7.3,6.8828125
1veb,7.41,7.2148438
4rux,7.92,7.4296875
3uxk,4.93,4.546875
4lh2,1.24,1.0683594
1k1m,7.4,7.0195312
4k6w,5.35,4.859375
1tmb,6.74,6.578125
3b0w,5.7,4.796875
4occ,8.7,8.53125
2xg3,4.74,4.4179688
1nj5,7.3,6.859375
3ole,7.83,6.96875
2nmx,5.57,5.9296875
3pdq,6.74,6.6523438
4os2,6.7,6.4804688
1w1t,2.96,2.5214844
3bc3,6.81,6.6015625
3zim,8.17,8.1796875
1p04,7.4,6.9804688
4kvm,5.05,4.8984375
4gbd,11.32,11.8828125
4gby,3.46,3.5566406
3hxf,4.96,5.0
1e2k,4.94,5.4609375
1aid,4.82,4.1914062
4eoi,6.05,5.703125
3fts,3.67,4.0078125
2i6a,9.05,8.9453125
1oiy,7.19,6.8945312
3i73,5.49,5.3632812
1kvo,7.89,6.9296875
1uyc,4.39,4.5
3ijh,4.0,3.640625
1gx0,4.22,4.0390625
1nyy,4.68,4.8085938
2r6y,9.49,8.5703125
2oh4,8.46,8.09375
2ewy,6.15,5.6992188
4xmb,7.36,7.40625
4ng9,7.12,7.0273438
2l84,7.72,7.28125
4a9i,4.9,4.6367188
3l8s,7.0,7.140625
2vl8,4.52,4.390625
2wm0,4.52,4.2460938
4bcp,6.25,5.4023438
4hkn,5.96,6.171875
3vap,8.4,9.0859375
1fpc,7.0,6.1796875
3qkm,7.42,7.6015625
4fea,6.47,6.2929688
1rv1,6.85,6.0078125
3fyj,8.3,9.0625
4d2t,6.0,5.4648438
1g9a,5.3,5.4804688
4ly1,7.26,7.1523438
3rtm,4.42,4.4726562
1g49,7.8,7.6367188
4zb8,6.03,5.5390625
4unn,6.38,6.4140625
1l8g,6.22,5.953125
2qve,2.32,1.9775391
4mx1,3.68,3.6972656
3znc,7.34,6.6757812
4lk6,5.2,4.9414062
4ark,7.2,7.109375
3vv8,4.77,4.734375
3q7p,5.8,5.2539062
2cli,4.3,4.3789062
2wf0,6.68,6.5742188
2yln,7.68,7.8320312
5cap,7.28,6.9375
3wp0,4.99,4.84375
4h39,6.68,6.7695312
4ir6,6.08,5.9101562
2pvw,9.52,9.609375
4rg0,7.3,7.5820312
2ath,6.82,6.7148438
3bmq,5.49,5.2929688
2xxr,6.55,7.6835938
4b1d,7.49,7.8828125
3ivi,7.92,7.5820312
4pry,7.7,7.6757812
2k2r,2.89,2.8964844
3eyu,7.62,7.8789062
3tza,5.5,5.7304688
4xiq,7.07,6.6328125
2kfg,2.92,2.3398438
1hyo,4.07,3.8066406
2v77,5.06,5.265625
2wi7,7.24,6.75
3ft8,7.52,8.0859375
1gi8,5.05,5.1015625
1a3e,8.46,8.609375
4rak,7.85,7.578125
5aly,6.73,7.1640625
2h96,6.64,6.8671875
4xh6,5.57,6.0039062
2ye9,6.22,6.234375
3th9,7.7,7.8242188
3znr,7.44,7.046875
2tsr,7.54,7.5195312
5e0a,6.59,6.3984375
2r9s,6.82,7.0039062
3rxf,2.6,2.7519531
3ine,6.77,7.296875
2vo7,6.77,7.0195312
1jsv,5.7,5.6445312
3rxh,1.8,1.8007812
2c5n,6.66,6.4335938
1o4f,3.52,3.6308594
1ocq,5.19,4.8085938
4r02,7.41,7.421875
1drj,7.4,8.3515625
3b8q,9.3,8.640625
4aci,2.22,2.625
3a1e,2.66,3.0742188
3uij,4.7,5.203125
2koh,5.22,6.03125
1h61,4.89,4.7070312
4nk9,8.51,9.703125
2gnj,5.22,5.1132812
3ms7,3.43,3.9023438
4w9e,5.15,5.203125
1ctr,6.0,6.1367188
1e34,2.88,3.234375
3w2s,8.16,7.8632812
3e3b,7.96,8.4453125
2o65,6.19,6.6523438
4hlf,6.06,6.2226562
2c6c,7.52,7.4140625
4xbb,5.0,5.1367188
3zot,5.95,6.546875
1uvu,5.0,5.4257812
4d2p,5.68,5.3867188
5aer,4.4,5.0390625
2ltv,5.16,4.515625
4qoc,9.92,10.0546875
4ipf,7.74,7.8867188
1i8h,4.54,4.5390625
4r07,5.32,5.7773438
3wbl,4.64,5.4335938
4e8y,6.09,6.2226562
2ke1,5.3,5.3046875
3ozr,5.15,5.1914062
3np9,4.4,4.3828125
4lpf,3.51,3.2792969
2vtd,4.07,3.7832031
3fuf,2.7,2.7421875
3vw9,7.96,7.3203125
3i4b,8.15,8.15625
2f18,4.1,4.125
3ddf,4.66,4.8085938
3r8u,5.3,5.0507812
1nms,6.7,7.2890625
4edu,3.99,4.15625
1aqc,5.34,5.9609375
4fcd,9.55,9.0
2v16,8.22,8.6484375
3vgc,5.51,5.9609375
3lnz,9.31,9.59375
2j7f,6.35,6.21875
3k3j,4.9,4.90625
2v22,5.39,5.1445312
5cbs,5.41,5.0039062
1lq2,8.77,9.09375
4e4n,9.05,9.0703125
2wi6,6.64,6.4882812
2qhm,6.18,6.453125
2cem,7.92,8.3984375
1g6g,6.28,6.9765625
1zgb,8.06,8.609375
2feq,8.86,8.25
1a5h,6.3,6.1171875
1n0t,4.91,4.9257812
3d0b,6.54,6.0664062
4qxq,5.7,5.7539062
2vqj,6.44,6.0078125
1mhw,7.35,7.2890625
4ea1,6.44,7.28125
3tu1,6.6,6.9609375
1gwm,4.1,3.9667969
1mqh,6.52,6.5546875
5c2a,8.32,7.8007812
1apv,9.0,8.5390625
3uph,7.82,8.28125
830c,9.28,9.4453125
2jmj,5.04,4.7070312
2c3l,5.07,5.2890625
4dfb,4.6,5.171875
2vpe,4.94,4.9960938
2k00,4.62,4.5117188
3rxg,2.15,2.6914062
2wxq,7.47,7.2148438
3iqq,5.54,5.7617188
4dx9,5.3,5.4492188
2aa9,2.92,3.1660156
3ehw,4.82,5.265625
4tjy,6.44,6.4140625
3qbn,8.23,7.6054688
2o4s,10.51,12.59375
3bel,7.85,7.6445312
4fab,8.06,7.8203125
4q8x,3.57,4.1796875
3lxo,4.82,5.1015625
3l54,8.15,7.5195312
4rrn,7.32,7.7070312
2b52,8.1,8.0859375
4umb,4.0,4.1679688
3coj,5.28,5.5195312
3lox,8.1,8.421875
1o2p,4.85,4.7226562
1fkw,5.05,4.9492188
3tjh,5.41,5.8203125
3aza,5.13,5.296875
3p76,8.68,8.9375
4n1z,9.14,8.9375
3lxg,8.14,8.2109375
2a25,4.62,5.2421875
4pid,4.62,4.8242188
2rg5,8.51,8.921875
2xef,9.84,10.3203125
4xkc,5.87,5.5429688
2cmf,7.55,7.3671875
3otf,6.08,6.1953125
2hrp,8.3,8.8984375
3zlw,3.7,4.40625
1atr,6.96,6.5390625
3t64,6.7,6.6484375
3heg,6.74,6.8398438
1b11,7.39,6.7695312
2r3p,6.05,5.9023438
1hge,2.27,1.6601562
3hav,3.77,4.6171875
1udu,9.05,8.5234375
4afh,9.54,9.015625
3rjm,6.61,6.6679688
4ory,3.53,3.3808594
4jin,5.64,5.140625
2rol,4.62,5.09375
4wrb,6.19,6.6015625
3ouh,7.1,7.3476562
4l7u,5.66,4.96875
4hmq,8.24,8.1015625
6upj,6.32,5.9765625
4hzm,4.63,4.5078125
3gdt,7.19,7.140625
3wq5,3.85,4.515625
4tpm,8.62,8.734375
3q5u,4.31,4.0039062
4mg5,5.34,5.2304688
4qr4,6.6,6.1796875
2xu5,6.89,6.8984375
3tiz,3.82,3.5019531
2b1i,6.82,7.3710938
3omg,4.72,4.9765625
4eop,6.05,6.703125
4lph,5.04,4.9335938
3bgq,7.96,8.3046875
4olh,8.3,8.2109375
4bib,6.6,6.78125
1yw7,5.85,5.6484375
2l0i,4.82,4.8945312
2o2u,6.4,6.5
4lch,10.62,9.2890625
2vts,7.52,7.03125
3k4d,5.11,5.046875
2uw5,7.51,7.8203125
1zuc,8.77,8.3984375
1iig,1.57,1.6435547
1mem,7.94,7.8515625
4q0a,6.48,5.9609375
1hi4,4.49,4.359375
4m7j,6.11,5.8984375
2bgn,5.7,5.46875
1exw,3.9,4.0820312
4rme,5.92,5.6953125
4wyp,3.36,3.4023438
4dhr,4.57,4.0507812
3lk1,4.26,4.4453125
2y5k,6.66,6.5351562
4bd3,4.54,4.671875
4e35,4.62,4.9414062
5alz,8.22,7.8125
2wxv,8.7,8.3515625
3c4c,6.8,6.9335938
2jkq,8.11,6.8867188
5d7r,7.89,7.6953125
3wch,7.05,7.1835938
3way,7.66,7.671875
2jle,6.42,6.1796875
4pp3,7.82,7.734375
4nxu,5.54,5.7890625
3efw,8.4,7.9335938
4l7r,5.02,5.0625
4c1w,9.41,9.5625
1thz,5.15,4.6757812
3kba,7.8,8.453125
4alu,7.77,7.6445312
4to8,1.24,1.8251953
2w6c,8.41,7.6054688
2wj1,8.72,8.0703125
4h3b,5.17,5.4296875
1ek2,8.2,8.1015625
3mrt,3.7,4.0078125
5d10,7.14,6.7148438
1utz,5.85,6.0703125
1q6p,8.52,8.4453125
1v1m,3.94,3.5703125
2zv9,8.05,7.21875
3dxm,6.0,5.359375
4ok3,4.15,4.1953125
3s74,8.4,7.4335938
2kff,3.61,3.5175781
4ux4,7.01,6.1640625
4ivs,7.36,7.1679688
1oss,4.79,4.890625
2yb0,3.85,3.6269531
2ay6,3.11,3.1894531
1i91,8.94,8.6875
3ggw,5.54,5.578125
3ob0,3.0,3.2871094
4bbg,8.32,7.5742188
3wkd,3.77,3.9433594
3dkg,5.0,4.8476562
4jbs,7.96,7.7617188
3bgp,7.04,6.4726562
3zlk,5.88,5.234375
3f9w,4.72,4.4335938
3d5m,8.0,7.921875
3o64,9.4,9.2734375
4uu8,6.54,7.3710938
3uvu,7.38,7.8359375
4jpc,7.03,6.9140625
4lyw,6.63,5.9101562
3s78,6.47,5.8242188
3wz7,5.74,5.4335938
3fzt,6.2,6.0898438
2ow3,8.52,8.1484375
1xr9,7.15,6.6328125
3f7g,7.37,6.6171875
3ncg,6.82,6.9101562
3p7a,6.28,5.9296875
5apr,7.77,7.2695312
3ptg,7.6,7.1914062
4zs3,5.18,5.3320312
3rpr,4.0,3.5410156
1pk0,7.57,7.796875
3g90,6.36,6.5703125
5alu,7.66,7.8125
3hs4,8.0,7.9179688
4y6r,5.48,5.7890625
4ajo,7.03,7.0039062
4gne,2.47,2.4941406
5ale,5.95,6.2070312
4wy1,5.29,5.28125
1xh7,6.82,6.6914062
1mx1,4.0,3.8886719
2xb7,9.19,8.9140625
4mdt,5.0,5.453125
4xt2,7.15,6.9804688
1ec9,3.1,3.3300781
4x7l,8.05,7.9804688
4qt0,6.29,6.0976562
1uu9,5.4,5.0585938
1t79,6.04,5.8203125
3cd7,7.84,8.125
1bcd,8.7,8.5234375
1n51,4.85,5.2226562
1dpu,6.0,5.4921875
1ujj,6.1,6.0742188
4btb,5.01,4.8398438
6prc,4.77,5.1210938
2b5j,9.1,8.609375
4u0d,4.31,4.15625
3ogx,6.48,6.6640625
4o37,6.16,6.0039062
1y91,7.23,7.2382812
3fui,6.8,7.9335938
2y1n,4.77,5.0390625
3ujb,5.1,5.2773438
4iho,5.1,5.53125
4y64,3.1,3.2363281
5e1b,4.84,5.0117188
4qt2,6.32,6.3046875
5axp,9.03,9.0859375
2wc4,5.29,5.578125
3g6m,1.71,2.0859375
3krl,9.1,8.859375
4j8b,4.79,4.7421875
4u5u,2.89,2.6308594
3nu5,8.35,8.609375
3uib,6.8,6.8085938
3d83,8.36,7.8320312
3rti,7.37,6.8828125
1xa5,6.5,7.0898438
1o1s,7.31,7.3945312
2wmu,4.38,4.4765625
2auc,4.08,4.2265625
2qcf,3.49,3.5527344
2hob,5.72,5.9765625
3c49,7.15,7.7890625
4l52,8.4,8.21875
3sb0,5.26,5.5195312
4qnu,6.4,7.0429688
4rqz,5.4,3.9960938
1pxk,5.66,5.7226562
3vje,8.01,8.3671875
1p7m,4.38,3.5117188
3c4f,5.72,5.5429688
2qpq,6.37,6.7890625
4dht,4.82,4.7734375
4ejl,5.14,5.1015625
3ibu,9.15,9.6640625
2ohm,3.51,3.3164062
4pnc,5.43,5.2929688
2ypo,4.68,4.0039062
2hdr,1.72,1.7822266
2w9i,7.48,7.8671875
2x6d,7.92,8.7109375
2rgu,9.0,9.171875
1usi,6.74,6.3085938
1w2x,5.14,5.4101562
5cfb,7.28,6.8554688
1bbz,5.82,5.6875
1uz8,4.96,5.1914062
3el1,9.64,9.8828125
1shc,7.28,7.1640625
4bw2,5.2,4.8828125
4lh5,6.7,6.2773438
5cy3,7.8,7.8007812
1vgc,5.92,5.7734375
3s72,6.4,6.5742188
3ch9,3.3,3.2109375
4ekg,8.77,9.96875
1tqf,5.85,6.203125
4ngr,7.55,7.4609375
2wtj,6.15,6.359375
1q1y,7.7,7.8554688
3bzf,4.52,5.1796875
4nuf,5.3,4.8632812
3p8z,6.09,6.0976562
4usi,4.41,4.1289062
2qd7,9.1,9.25
1ulg,4.21,4.2460938
1uy7,3.7,4.1289062
5d21,8.38,9.0078125
2ivz,6.04,6.703125
5alx,5.48,5.359375
3uwl,3.68,3.8222656
4hld,9.3,9.2421875
1xr8,6.7,6.671875
3i6c,4.92,4.8085938
3l0k,4.62,4.3515625
1l2s,4.59,4.6640625
3w2t,7.53,7.5976562
3qdd,8.77,9.3203125
3ijz,5.22,5.1132812
2psj,7.7,7.3789062
3n5j,5.22,5.171875
3m67,6.74,6.5078125
3vf5,9.34,9.875
4obp,7.77,7.5390625
3t0t,7.04,6.7304688
4bps,2.99,3.0703125
3m35,7.22,6.7070312
4iwz,7.29,7.5507812
4x7h,7.38,7.4882812
1c8l,8.16,7.84375
1gj6,7.0,6.7617188
3d1f,5.74,5.6367188
1qku,9.59,10.25
1jqy,4.92,5.1445312
4bdg,4.12,4.5664062
4hlk,5.96,6.1992188
4ncg,7.96,8.2421875
1bp0,5.4,5.7578125
4b1j,7.3,7.2460938
2fl5,8.74,8.0234375
3b95,5.15,5.2460938
4nl1,3.89,4.0
3ipa,6.22,5.7695312
4dru,8.62,8.7890625
3mv5,6.74,7.265625
1ikv,6.28,6.234375
5afj,4.38,4.6289062
3l0v,7.64,7.3789062
2gpp,5.7,5.5742188
2l6j,6.26,6.4179688
2wlz,4.6,4.7617188
3lle,4.97,5.2460938
4ewn,6.7,6.75
4c4i,7.66,7.4375
1s4d,6.49,6.7773438
3kbz,6.91,7.3789062
4d1y,7.13,7.1171875
1qca,5.27,5.3867188
4m5r,3.0,3.4375
3h0y,8.22,8.40625
3o2m,4.8,4.6835938
4zwx,8.7,8.8125
3g0f,7.66,8.296875
3p9j,7.51,7.59375
4w50,5.85,5.59375
3u93,6.31,6.90625
4d1d,5.74,6.0585938
4urn,4.46,4.53125
1bv9,9.96,9.4375
4af3,7.51,7.6015625
4rac,7.52,7.546875
3exh,4.88,5.1328125
1jmq,4.4,4.7539062
4m3g,6.26,6.6523438
4nnw,6.61,7.15625
4gui,3.64,3.4570312
2aqb,3.3,2.703125
5diq,5.17,5.0039062
3lp0,6.96,7.3398438
4lar,4.68,4.953125
3h2c,3.3,3.8789062
2ksb,3.12,3.2792969
3qtr,6.03,5.8125
1ow4,5.68,5.953125
1akt,8.49,9.0703125
4ydn,8.64,8.125
3rl7,4.74,4.9140625
3sz1,4.66,4.8867188
3lkh,6.1,5.6679688
4c4j,8.52,8.2890625
1gbq,2.46,2.75
3sio,8.0,8.6015625
4xuz,7.36,7.4453125
5djr,4.86,5.7109375
4xu0,9.11,10.171875
4f9g,5.62,5.5039062
1n9m,10.96,9.03125
3gp0,7.44,7.5234375
4tyl,3.22,3.3730469
3s43,8.6,9.0703125
4isi,8.14,8.0546875
1wbn,6.46,6.3320312
2g83,5.92,5.6679688
1ett,5.89,6.0234375
4l31,6.79,7.3203125
1h01,4.66,4.671875
3pcu,5.29,5.2421875
4gto,7.98,8.1484375
3rz8,8.17,8.1328125
3zlq,6.04,6.7773438
4q7s,4.42,4.5078125
3el9,8.4,8.3828125
3atu,8.3,8.328125
3fjz,4.05,5.0742188
3ka2,6.62,6.8085938
1t29,6.05,6.2265625
1h0r,3.7,4.171875
3nc9,6.48,6.921875
4avh,7.23,7.5664062
1rtf,3.04,3.3867188
1a86,4.0,4.078125
4x8t,2.05,2.65625
2exc,6.63,6.6523438
2hdq,1.4,1.4482422
3at3,8.04,8.1015625
4ch2,5.99,6.3007812
187l,3.37,3.6914062
4qvx,11.0,10.2890625
4e9u,5.82,5.546875
4x5q,9.0,9.4765625
3lfs,5.6,5.6640625
1b32,7.1,7.4140625
3avn,3.3,3.7363281
3w5t,4.52,4.46875
1tcx,6.95,6.9375
4l34,6.94,7.0625
2veu,7.0,7.3125
4hlw,5.38,4.6914062
3hiw,8.06,8.8671875
3uec,4.21,4.3046875
3fw3,7.37,7.4570312
4xe0,7.72,8.4453125
3q2a,5.3,4.9804688
4uuq,7.54,8.328125
4g0y,2.3,2.3730469
2vmc,2.94,2.9746094
4er2,9.3,9.3671875
4q4i,7.33,7.859375
4hdc,8.92,8.9921875
3i02,7.52,7.2265625
3bjc,6.96,6.9101562
3ctr,5.16,5.65625
1lek,8.89,8.4765625
1ele,6.85,7.7695312
3tt4,8.28,8.7265625
1a85,4.52,4.6367188
3uqg,5.0,5.3515625
4gq6,7.28,7.2929688
1wqv,6.89,7.2148438
4jof,4.17,3.9355469
4ayr,7.0,7.5234375
4kxb,4.12,4.3125
3g30,2.51,2.5527344
1p0y,1.0,1.5664062
2wtw,8.19,7.5546875
3zln,8.47,8.0625
3i28,8.22,8.0546875
4mk7,6.36,5.9882812
4u91,6.83,6.4492188
2ioa,5.49,5.6445312
2h02,6.49,6.09375
4w4x,6.99,6.75
3lpr,5.96,6.3398438
3vv7,5.34,4.9414062
1czl,9.15,9.7578125
1c6y,9.51,9.2109375
3msl,5.15,4.8007812
3gvu,8.0,7.1953125
2c57,3.43,3.0566406
3u92,7.48,7.7734375
1bnw,9.08,8.8203125
1irs,5.22,5.0
4p00,6.4,6.203125
1eat,7.82,7.9375
4qk4,6.6,6.6875
2vnf,5.52,5.6210938
4wht,8.1,7.2929688
4xy2,8.1,8.5390625
1a4g,8.4,8.296875
3is9,6.42,6.1171875
2va7,6.7,6.609375
4dgo,6.24,5.4492188
3vby,4.55,3.9140625
4pft,8.64,9.484375
4kwf,4.82,4.5078125
3zov,7.22,7.0234375
4f0c,6.27,6.1523438
5a2k,6.35,6.4882812
3kl6,8.46,9.3046875
4efg,7.26,7.1914062
3bgm,7.41,6.546875
4pum,6.73,6.625
3c8e,4.15,3.6757812
4bi0,4.23,3.9863281
3ljz,8.14,7.546875
1ndv,5.92,6.453125
4mwy,7.05,6.9765625
3g2l,3.87,4.6953125
4cga,6.4,6.3242188
3kr0,4.7,4.4882812
2x7u,5.27,6.078125
2xui,15.0,13.3828125
1skj,5.15,5.0273438
1bdq,6.34,5.9648438
2a5b,3.93,3.8027344
3tz2,5.24,4.34375
2g8n,7.2,7.0898438
5e4w,4.64,4.546875
5alp,7.07,6.4726562
3mqf,5.24,5.0273438
4hs6,7.52,7.296875
4kao,6.11,6.0820312
1u65,7.58,7.3867188
4cfw,6.29,6.3007812
1ecq,3.0,2.9492188
2ydf,7.66,7.4023438
3pix,7.0,6.796875
3kac,3.13,3.296875
2onc,7.89,7.5273438
5bml,8.0,8.046875
1d6v,6.17,6.2226562
3mb6,7.0,6.6953125
3pvw,7.27,7.2226562
1gux,6.96,6.0664062
4x50,7.75,7.1289062
1vj6,5.1,4.9765625
1kv1,5.94,6.1328125
2c6i,4.96,4.7851562
4fod,8.92,8.2890625
3u7s,8.43,8.3671875
1hte,5.64,4.8789062
1dhj,6.55,6.875
4zjj,8.0,7.484375
4yv9,6.4,5.7539062
4amy,10.82,10.4296875
4i74,6.72,6.7148438
3tkz,5.92,5.7265625
3aas,4.51,4.25
3s7f,5.43,4.5820312
3hfv,4.87,4.6875
1o2q,7.68,7.6445312
2off,6.52,6.4765625
3p3h,7.44,7.6523438
3nw3,6.49,6.21875
4mwq,9.1,8.765625
3f19,7.19,7.0117188
4pjt,9.24,8.8671875
3r91,7.04,7.3359375
1db4,7.24,7.3398438
4n9e,7.82,7.359375
4jok,4.07,2.8515625
4trw,4.14,3.8027344
2w3i,10.0,9.9921875
2xkc,5.59,5.5898438
2igy,6.95,7.0117188
1fkg,8.0,7.6015625
3zy2,6.46,5.9726562
2xgo,3.0,2.9648438
3erk,4.74,4.4648438
4crd,7.1,6.6210938
2kvm,3.96,3.3769531
3e73,3.15,3.4394531
1xos,4.7,5.1992188
1kne,5.6,5.078125
4is6,6.2,5.0195312
1nju,7.3,7.0390625
3uza,8.94,8.6171875
2qry,8.64,8.453125
2wwj,4.48,4.3085938
3vg1,7.26,7.0390625
2fkf,2.92,2.9511719
3mct,4.07,3.8417969
3gi6,11.22,11.625
3mzc,6.65,7.3671875
1str,4.77,3.9550781
3fdt,4.52,4.1953125
5alj,5.56,5.5898438
2alv,4.15,3.8378906
3jpv,6.92,6.9765625
3atl,4.76,4.1914062
4zo5,9.82,10.0
3img,2.96,3.0351562
3oyp,8.7,9.359375
1yt9,8.3,6.9101562
2x4s,4.2,3.8574219
1fwu,3.7,3.390625
3qs5,4.71,4.9570312
5brn,6.3,6.5078125
4mfe,2.27,2.6738281
3mb7,6.7,7.1953125
1lpk,7.55,7.40625
4hlg,6.51,6.6796875
3atv,5.34,5.3164062
4tkg,6.85,7.0234375
2jql,6.52,6.5351562
3hbo,5.09,4.4804688
2o22,7.17,7.0898438
3p23,4.42,4.5039062
4yo8,10.52,10.3828125
2xng,7.22,7.5351562
2xyd,6.82,7.3671875
3n7o,7.14,6.890625
1opi,7.3,6.4257812
4gcj,7.7,7.9882812
4kyk,4.74,4.6992188
4j3d,8.28,9.453125
4l6s,8.52,8.34375
4man,11.0,9.734375
1zpb,6.07,6.0117188
3tz0,5.04,5.3945312
3g8o,7.8,7.921875
1rw8,6.76,6.7929688
2g70,7.77,7.9921875
3hab,8.38,8.3671875
4q1e,8.17,7.6484375
2g9v,5.92,5.8242188
4i8x,2.64,3.1816406
2er9,7.4,7.40625
4pb1,2.82,3.03125
3eqr,8.7,8.34375
1xog,6.39,6.5507812
1mf4,7.99,7.9140625
4q0k,4.87,4.8398438
1gj4,4.07,4.0117188
1wur,6.66,7.3867188
4gs6,7.15,7.4726562
3hmm,7.6,7.078125
3dvp,5.0,5.109375
4ohk,8.3,7.9570312
1zz2,5.22,5.4140625
4oc3,8.28,7.765625
4qhc,6.7,6.5273438
1w80,4.54,4.15625
4nan,4.72,5.09375
4gki,4.46,4.9492188
4fr3,7.15,6.953125
2wic,5.39,5.8554688
4u03,5.77,6.21875
1z4u,7.15,7.3554688
2xj0,2.82,3.2304688
4det,5.68,5.7578125
2jdh,6.51,6.984375
4b4m,6.69,5.859375
1vyq,5.3,5.4492188
2yhy,5.6,5.515625
2e2p,4.74,5.0898438
4eqc,8.1,8.6640625
4q9o,5.77,6.4140625
3cfn,5.0,4.8867188
4od9,7.24,7.8164062
1h6h,5.3,5.5820312
1o3h,7.3,7.234375
2gg5,6.6,7.0664062
4jfx,6.44,7.3671875
4mpc,6.15,5.828125
3ppo,5.3,5.5898438
4j53,8.7,7.8476562
1eou,7.44,7.5507812
2igw,1.31,1.2998047
4mdn,6.22,6.1367188
3gc4,7.6,7.3125
1xqc,7.2,6.2578125
1q4l,7.4,7.828125
2hxm,5.22,5.328125
2uue,6.13,5.9882812
3lkj,4.6,4.8242188
2pjl,6.72,6.7617188
1we2,4.36,5.140625
1u2y,1.74,2.2421875
4k0u,7.26,7.5390625
2p3i,3.48,3.6035156
4egi,3.82,3.5839844
2rkn,7.22,7.3398438
3zmz,4.74,5.1484375
1fd7,1.85,2.3769531
4rxh,5.91,5.6210938
4n98,3.55,3.875
4qlv,7.85,8.359375
4mlx,3.19,3.4140625
4jdf,2.19,1.8212891
1oit,8.52,8.75
1cny,7.85,8.265625
3vd4,4.82,4.59375
4b8o,8.4,8.0859375
5c7b,3.0,3.2675781
3tb6,5.08,4.7773438
3cz1,7.26,7.4101562
2bgr,3.6,3.3359375
1qm5,5.82,5.953125
4lzr,4.7,4.6757812
3zcw,6.19,7.0585938
3lpb,7.38,6.703125
2vh6,9.7,10.75
2v10,9.4,9.7109375
4bpi,6.17,5.7070312
3unk,4.82,5.0546875
4os6,6.44,6.5234375
2oaz,8.7,8.78125
1tve,5.68,5.5664062
3vfb,9.04,8.6875
3udy,5.7,5.8632812
2r4f,8.82,8.5859375
4wf4,3.11,3.2265625
1y1m,1.82,2.0175781
2xzg,4.74,5.1015625
4p73,7.66,7.9179688
1umw,6.55,6.6953125
2fl6,7.42,7.4960938
4q18,6.13,5.890625
3f8e,7.23,7.2070312
3pkn,4.66,4.7734375
4j0y,6.36,6.2734375
4e70,5.28,5.3046875
1hvh,7.96,7.0742188
4qp8,6.55,5.859375
3nu9,9.05,9.3125
3lau,4.52,4.0742188
4aa5,7.8,7.5820312
1sqt,6.2,5.8828125
3skf,8.3,8.8515625
2qwb,2.74,2.6152344
2drc,9.89,9.6015625
1gvw,6.96,7.2304688
2ovx,8.7,8.34375
4tnw,3.78,3.8261719
4iz0,4.0,3.4746094
4zga,7.7,7.6523438
4knx,5.49,5.3945312
2qhr,7.39,7.2734375
4ms0,3.39,3.5820312
1jif,6.2,6.4609375
1d3q,6.54,5.640625
4p7s,7.42,7.3554688
5dit,6.15,5.9414062
4otg,7.59,6.96875
2xn7,10.0,9.1015625
2aie,5.66,5.3007812
3g6h,8.19,7.8359375
3l5r,7.42,7.4335938
2o63,6.11,6.375
1yp9,5.11,5.0234375
2iu0,6.89,6.6523438
2qmf,8.52,8.78125
5aic,4.3,3.7128906
3cd8,8.05,8.0625
3o9a,10.7,10.0703125
4oym,4.96,4.9140625
4i32,7.24,7.8046875
2i0y,7.62,7.4570312
4mw9,7.02,6.9179688
3avg,3.3,2.2558594
2xxy,7.89,7.3554688
1uym,6.0,5.3789062
4yzn,4.81,4.953125
3buh,3.66,3.7441406
4aig,6.52,6.6328125
4hxl,5.66,5.7109375
4k3r,3.59,3.6328125
1ckb,5.28,5.4296875
5efc,4.85,4.9414062
2x96,4.03,3.6640625
1o37,6.82,6.9492188
1ddm,5.77,5.3984375
1ugp,2.89,2.5625
1xfv,3.89,3.6171875
2h4n,8.7,7.6601562
2avm,5.7,5.1757812
2wzs,3.85,3.7128906
2h65,8.19,8.4375
3ud5,3.82,3.9628906
3gnv,7.03,7.1953125
4psq,6.36,6.078125
4lng,5.62,5.7304688
1v2p,4.73,4.7070312
1f0u,7.16,7.859375
4p4j,6.15,6.4101562
3b2q,4.55,4.328125
4tmf,5.48,5.0429688
4mbj,7.21,6.6640625
3r7n,6.15,6.4609375
3lq2,5.22,5.265625
3kgu,5.92,5.5625
3m9f,11.15,10.5234375
2xni,7.37,7.1953125
4o91,6.83,6.703125
4djs,7.89,8.0234375
1hiv,9.0,9.0
3chd,4.92,4.8125
3bjm,8.3,8.1640625
2r3k,7.0,6.8789062
4pzw,6.96,6.9179688
4bi2,4.03,3.4199219
1uwb,8.34,8.40625
3qg6,9.14,9.7109375
2g5t,9.09,8.8125
4gng,3.54,3.0488281
3aaq,3.3,2.9492188
4x8o,6.6,6.6796875
2y5f,8.7,7.921875
1waw,7.89,7.84375
4yx9,5.35,4.4882812
3w69,7.24,7.0976562
4tk1,3.72,3.9765625
2aoc,4.89,4.7851562
3sx4,8.52,8.4765625
2vba,4.6,4.5429688
4huo,4.7,4.1953125
3hik,6.35,6.1328125
2ccs,5.7,6.0820312
2yj2,7.92,7.375
5ea3,8.77,8.0078125
2ggu,3.03,3.1289062
4acc,7.7,7.3476562
2aoe,7.62,7.5820312
3dgn,6.21,6.8007812
4xrq,6.63,7.2695312
3jzi,5.3,5.1679688
1xdg,7.3,7.2382812
2etr,6.82,6.9492188
4jsa,4.96,4.7695312
4dus,8.3,8.015625
2qt9,8.64,7.9101562
4d85,6.85,6.4492188
1zvx,9.22,9.125
1g37,10.0,9.4609375
1vjy,7.64,7.4023438
1dzp,5.44,5.34375
1qm4,4.3,3.2988281
3ama,6.53,6.6523438
2f6y,3.87,3.5957031
1i9n,8.66,8.2265625
4mk9,8.05,8.0234375
3zjc,5.05,5.0273438
4enx,6.26,6.0625
2knh,5.15,4.9609375
4bo5,7.1,6.6445312
1m2x,4.15,3.6054688
2ccb,7.45,7.6796875
2f9u,7.39,7.3320312
3rdq,9.31,9.34375
3ens,8.05,7.5195312
4ewo,7.36,6.84375
5ab0,7.59,7.9648438
2cma,6.73,6.3476562
1bl6,6.8,6.9335938
4x6k,5.31,4.6054688
3fj7,3.71,3.3378906
3tpr,7.7,7.6835938
2ohq,4.6,4.3242188
3hv3,6.33,5.9179688
4dij,7.52,7.1914062
3sov,4.21,3.6035156
4xnv,6.79,6.6054688
3f68,5.06,4.4140625
3neg,5.94,6.3242188
2b1g,6.64,6.5078125
3q71,5.22,4.8710938
4tuh,4.0,3.3613281
2qn1,4.77,5.1054688
3drf,7.0,6.2890625
2zp0,7.6,8.0
4r7m,7.96,7.6523438
3o95,8.28,7.4882812
5cqj,4.81,5.0039062
4qij,5.54,5.0703125
3cqw,7.38,7.0898438
1izi,6.59,6.3242188
3ig1,6.14,6.1367188
2xp4,3.74,3.4101562
4ha5,7.24,6.8671875
4bb4,6.72,6.0742188
1xd0,7.12,6.4570312
4zxy,6.4,6.0429688
3vjk,9.43,8.578125
4ufz,6.31,5.6601562
3vjl,8.25,8.234375
3f38,2.62,2.5976562
2cvd,6.1,6.2539062
1n0s,7.45,7.4335938
3duy,5.85,5.3046875
4hxr,5.39,4.9882812
4nyj,3.49,3.4394531
4ba3,5.54,6.0898438
1v11,3.98,4.3125
1z6s,4.34,3.4785156
2w9r,5.32,4.671875
1mzc,10.22,9.3359375
1npz,7.89,7.5625
3lrh,7.35,7.0117188
4o1l,6.7,6.0898438
4d2r,5.48,5.3359375
3n5h,5.7,5.2460938
2hny,5.93,5.1875
1npa,8.7,7.875
1gi9,5.22,4.5234375
3g72,9.1,9.078125
2q8s,6.73,6.296875
1xhm,6.33,6.0625
1fq8,6.03,6.0195312
4uiu,7.9,7.859375
1sh9,6.03,4.9023438
3uvp,7.46,6.9140625
5akk,4.0,4.0195312
3k3e,7.66,7.34375
2rkm,3.9,3.40625
3nnu,7.32,8.09375
4ju7,6.17,6.4335938
3h8c,7.72,7.3242188
3iue,5.82,5.3007812
1azl,8.62,7.9453125
4bxn,8.0,7.8398438
1i7g,6.0,5.5898438
4cd1,4.89,3.9472656
3pgu,6.7,6.328125
4j5p,7.92,7.6445312
2v59,7.74,7.6210938
1bty,4.74,3.4277344
4h3j,7.05,7.4726562
2am2,5.1,4.5078125
3lxk,9.8,9.7265625
4xv9,6.72,6.5546875
4alg,6.3,6.0039062
2z7h,6.94,7.4453125
4mwe,5.91,6.2070312
5all,5.57,5.296875
1flm,9.37,8.65625
1e06,5.6,4.8085938
3bqc,5.73,5.7734375
2wva,10.7,10.65625
4qvw,5.38,5.234375
2zjv,5.14,5.1953125
4k7o,4.3,3.8144531
2viv,6.28,5.7460938
1o3b,7.13,6.9726562
2ozr,9.17,9.234375
3gzn,8.0,7.1523438
4e20,8.22,7.8164062
1n7t,6.82,6.0742188
3tsz,4.46,4.2851562
3vvz,4.58,4.1523438
4ris,6.05,5.6757812
2ftd,10.39,10.53125
2auz,9.46,8.453125
4wq3,7.0,6.4882812
1q9d,4.6,4.3867188
4gs9,5.66,5.3125
2jb5,9.22,8.5625
3kah,6.59,6.0976562
4jmu,5.47,4.9765625
3juq,4.91,4.34375
1gnn,5.68,4.5976562
2q64,8.52,8.203125
4k10,6.92,6.8671875
1r6n,7.4,7.1445312
4ele,7.88,7.3007812
4y8x,8.43,8.0
2iv9,4.34,3.7050781
1mto,6.96,6.5546875
3rwp,9.22,8.28125
4ab8,3.87,3.1601562
2w8j,2.96,3.0332031
4d3h,6.43,5.203125
4q6e,6.18,6.2265625
4yur,9.8,9.765625
3v7s,7.05,6.7890625
3ohf,7.03,6.9765625
4a4l,7.82,7.9804688
2gvf,7.6,7.1523438
2x3t,6.05,6.484375
4m1j,9.7,9.125
4ynb,10.37,9.9296875
3dp4,7.37,7.3125
4ir5,6.21,5.8007812
2yiu,6.89,7.734375
3lcu,3.52,3.1113281
4z2i,7.44,7.3671875
1ado,6.0,5.6171875
4o0a,6.72,6.75
4c7t,6.4,5.65625
4u0m,5.77,5.3710938
4ibc,2.98,3.0117188
4bb2,7.07,5.7460938
2qyl,6.19,6.1835938
3kd7,3.7,3.6464844
4qw0,5.14,5.25
4tpk,8.57,8.203125
4g3e,8.38,8.515625
2x6i,6.08,5.4648438
3bxz,6.72,6.3476562
4jmx,7.21,6.7929688
1ai7,4.09,2.7851562
3tfv,7.1,7.0195312
4nms,4.94,4.6054688
2fv9,7.22,7.0273438
4djx,7.23,6.9101562
4ban,8.61,8.3515625
3r16,7.3,7.2109375
3pb9,6.58,6.4101562
4fl3,3.82,3.2363281
1qaq,4.74,4.5234375
4fob,8.3,8.53125
4fxy,7.54,7.0507812
1yys,6.33,6.3046875
2frd,4.54,4.3320312
4ge2,6.05,5.5976562
4c8r,6.82,6.8789062
3mxe,10.01,10.1953125
1x9d,3.96,3.5605469
1bl7,7.72,7.40625
4no9,7.82,8.0234375
2r64,7.52,7.8164062
1syh,6.41,6.1601562
4cik,6.43,5.4414062
3fas,6.77,6.5703125
4l3p,5.92,5.53125
1erq,7.89,7.8320312
3vha,7.4,7.4765625
4uit,6.7,6.7773438
3l81,4.53,5.0039062
3p0g,10.08,9.7890625
3f5l,3.72,3.6289062
2g0h,7.64,7.3164062
5azf,4.44,4.3828125
2wxh,8.05,8.265625
2rip,7.19,6.9414062
1l6y,3.66,3.8007812
3f8s,7.89,7.8125
3t0l,4.52,4.4179688
4qem,7.8,7.3476562
2fzg,3.38,3.0996094
4aa4,8.05,7.8203125
4lgg,8.52,8.40625
3h91,3.73,3.7167969
3po6,7.06,6.6289062
2g01,5.91,5.7695312
3d7b,3.69,3.3417969
2mc1,4.15,4.125
4bfr,7.64,7.8164062
4o75,4.68,4.4882812
5aln,6.57,6.8046875
4eke,4.48,4.453125
3hec,4.47,4.1445312
4rab,7.4,7.5664062
4z7i,8.11,7.6796875
3gb2,7.47,7.3320312
3qo3,6.9,6.9882812
3s73,8.7,8.453125
2w9h,6.37,5.5625
3ri1,5.3,4.9609375
3iw5,6.08,5.9726562
4qsw,1.68,1.2373047
3e3u,7.89,7.9140625
3ewh,7.16,6.9414062
1pu8,3.1,2.7363281
4qfs,6.05,6.0429688
4wkp,9.55,9.25
3zc6,9.22,8.9453125
4e0x,7.12,7.796875
2pvu,6.31,6.2460938
3mke,5.66,5.9492188
4j3e,7.06,6.7226562
2i4j,6.16,6.2578125
3qrj,8.4,8.5078125
2oah,7.96,7.9648438
1pb8,5.15,4.3828125
3npc,8.34,8.171875
4bt9,3.84,4.1679688
3gwv,2.6,2.6953125
2ff2,8.21,7.2890625
5ai1,6.47,6.0742188
4ajl,3.8,3.6015625
2hf8,5.47,5.09375
3uil,6.0,6.4648438
4qpa,7.43,7.0664062
1xb7,6.22,5.7773438
1qon,8.96,9.3671875
2r6n,9.0,8.7578125
3r8v,5.54,5.015625
3src,3.89,3.5917969
1nzv,6.4,6.5117188
4emt,5.3,4.7460938
4whz,9.0,8.6875
4gzf,8.36,8.1015625
1gsf,5.0,4.5039062
1z1r,9.22,10.03125
4or4,4.57,4.1171875
1h1q,6.0,5.1171875
3ieo,6.48,6.7460938
2hmw,7.7,7.4375
4oct,5.05,4.8554688
2yak,8.7,8.703125
4wn1,8.29,7.734375
2q54,9.01,9.453125
4xu3,9.5,9.28125
4kyh,5.92,6.5859375
3zcz,6.77,6.421875
2g19,5.85,5.6367188
4edy,5.83,5.59375
3n1v,3.3,3.7421875
1w5w,8.8,8.9296875
5e1d,5.39,5.3046875
1ttv,6.8,7.1289062
2wxg,9.15,9.1328125
3ro0,4.5,4.328125
4mrf,1.95,2.4296875
3aig,6.0,5.5117188
1ur9,5.77,5.4257812
3wjw,3.87,3.5703125
3sr4,6.54,6.9882812
1n3w,6.96,7.4414062
4ibe,4.15,4.1796875
1z4o,4.52,4.5898438
4wlb,6.74,6.1796875
4du8,5.37,5.6289062
2q63,7.18,7.7734375
2fhy,5.96,5.578125
3u90,4.62,5.2148438
2zq1,6.62,6.6875
2fai,6.24,7.4882812
3o9c,12.05,12.1171875
1bo5,3.6,3.6875
4g55,4.92,5.0117188
1f4x,5.59,5.9609375
1tjp,4.42,4.1914062
4foc,8.52,8.578125
3iqv,5.18,4.6328125
3eoc,6.64,7.0898438
4raq,6.72,7.0390625
1qbv,5.39,5.6484375
4qz2,5.21,5.2070312
4fut,6.51,7.1289062
4b2d,3.7,3.8085938
4p02,6.4,6.5273438
3adt,4.55,3.8222656
1zoh,7.0,7.3242188
4zy6,8.3,8.3125
3neo,5.92,5.9179688
2y6d,7.1,6.9179688
4c4e,7.6,8.2578125
2b8l,7.82,8.59375
4joj,3.96,4.0859375
2q2z,8.7,9.0625
1gzg,3.05,2.7519531
2nmb,6.28,6.8398438
4el0,4.49,4.2539062
4ovh,4.85,4.671875
2pqz,5.67,5.390625
3ujc,4.59,4.4804688
1hlk,5.0,4.9726562
3pjg,3.55,3.8847656
4h5e,6.07,5.7382812
3t8s,8.55,8.8984375
4glw,6.1,5.8046875
1mv0,4.03,4.1640625
4axd,4.43,4.484375
1bb0,8.36,8.8515625
2rc8,6.52,6.0859375
3iiw,4.44,4.6679688
3mo2,6.61,6.5664062
1p4u,5.3,5.7617188
2yiw,9.1,9.859375
4hcz,4.44,4.6054688
1w4l,8.4,8.890625
1kug,3.8,4.46875
3ft2,7.36,7.1289062
3imc,2.96,2.28125
2rqu,4.63,4.5664062
1ad8,6.6,6.4375
3grj,3.0,3.2402344
2a2g,7.0,7.8359375
4zz2,8.04,8.421875
4d09,8.77,8.7578125
2xn5,6.69,7.0429688
1guw,5.72,6.0039062
4y6m,7.15,7.2460938
1f0q,6.0,6.3164062
2evm,6.16,6.15625
2gnl,7.24,7.5234375
2qzr,7.26,6.6523438
4mk1,4.8,5.25
4k9g,5.82,6.0273438
2b17,6.21,6.5117188
4az2,7.33,7.203125
3kai,5.41,5.9804688
3atw,7.01,7.640625
4rlu,4.82,4.5976562
3p3r,7.25,8.0390625
4e28,5.89,5.6796875
4bfp,7.82,8.8046875
4ztl,5.92,6.4023438
2f1b,3.0,3.28125
1rry,4.1,4.3710938
3eks,5.7,6.3984375
2yi7,8.32,8.9765625
3mnu,7.32,6.5429688
4qh8,4.89,5.3007812
4tk4,5.1,4.71875
1o2v,5.85,6.0390625
2cej,8.62,9.1640625
2bub,7.05,7.0976562
3rcj,6.1,6.1445312
3tvw,4.43,4.640625
2ze1,6.22,6.65625
3u4w,8.4,8.84375
4yo6,5.66,5.7265625
2vvo,2.2,1.9785156
4k2g,7.7,8.2109375
2qg2,5.4,5.5
2x38,6.89,7.578125
1jlx,5.8,5.3085938
1akw,8.59,8.453125
4wsj,7.33,7.7304688
3qce,5.6,5.7695312
4zsp,5.74,6.046875
4yha,6.65,7.0039062
4x61,9.0,8.6953125
4awi,6.0,6.1289062
4p4b,7.85,7.9453125
4hcu,8.0,8.90625
4e5i,5.3,5.7617188
2zo3,10.0,9.75
2v13,7.59,7.75
1fsy,6.82,6.6914062
1ylv,2.7,2.4277344
4bo7,7.0,7.0234375
2bpx,9.4,8.421875
3fbr,4.82,5.03125
1o2k,6.92,6.7890625
2wi5,6.05,6.5429688
3zxe,3.35,3.1132812
3ard,6.76,7.6328125
3tsd,3.66,3.7441406
3vqu,7.43,7.6445312
1juq,4.25,4.5351562
1q63,5.85,5.140625
1x7r,8.05,7.609375
1w6h,9.3,9.796875
2iw6,6.85,6.7929688
3r7q,6.97,7.0898438
2zdk,6.37,5.8945312
3m5a,4.96,4.0898438
2gej,6.64,6.4375
1tft,8.3,8.2578125
3ds9,7.39,6.9140625
4qwr,5.93,5.3164062
3k41,0.82,0.72802734
2a4q,7.18,7.703125
1css,6.1,6.5742188
3fv7,5.64,5.3671875
3t3v,8.52,8.75
4i11,4.57,4.1171875
3ikg,7.24,7.2382812
1ec3,9.04,9.125
3arz,6.0,5.8085938
2a5c,4.62,4.1484375
4yqh,8.05,7.9921875
3ryv,7.07,6.8320312
4lnw,7.04,6.2929688
4cxw,6.09,5.6875
4ps8,9.0,8.8203125
3ioi,6.28,6.3320312
3ggv,10.85,9.3203125
4r5v,6.15,5.421875
4io3,6.06,5.5117188
3d67,4.96,5.0859375
1h60,4.7,4.2265625
2xjx,9.15,9.40625
2fx9,7.77,7.234375
1y8o,5.89,5.4179688
3d94,6.8,6.3828125
2pze,6.08,6.2148438
4bo2,7.3,7.1328125
3s3m,7.4,7.265625
5ab9,6.33,5.984375
3bmn,4.46,4.3476562
2vj7,7.4,7.75
3l17,8.28,8.2734375
1sri,6.08,5.7226562
4gye,6.85,6.9140625
4tz2,3.46,3.109375
3l16,7.48,7.4414062
3iph,7.6,7.4648438
4yih,4.66,4.6367188
3u7k,7.07,6.6835938
3ljo,6.62,6.2695312
4wup,9.82,8.71875
7hvp,9.62,9.4140625
3kqs,5.2,5.40625
1qyg,6.85,6.8085938
4fgt,5.41,5.3789062
4j03,7.59,7.7734375
3peq,7.5,7.1875
1qw7,3.6,3.5097656
1urc,4.72,4.8398438
3a1d,4.12,3.9257812
4j73,4.56,3.8769531
3l3q,7.27,6.9375
2flb,5.74,5.8398438
4nja,6.22,6.15625
4g8l,8.0,8.5625
3al3,5.68,5.7265625
3s0b,6.49,5.8046875
1ahx,3.92,3.5078125
3rme,4.66,4.4492188
3buo,6.06,5.5234375
2aow,7.42,7.78125
3udd,7.1,7.2226562
2hm1,8.7,8.3984375
2c93,4.92,5.2929688
1lvc,6.0,5.8242188
1zaj,5.1,4.3007812
3mvh,9.3,9.0703125
5c91,3.61,3.4101562
3p2k,4.7,4.9726562
3bb1,3.6,3.5429688
3n2c,5.12,4.8671875
1pyg,5.52,5.328125
3x00,9.08,8.9140625
4q06,7.66,7.234375
1gt5,6.1,5.6367188
1me7,7.19,7.234375
1ru1,4.74,4.5585938
3wuu,5.14,4.7734375
1xoz,8.92,8.4140625
3zlr,9.26,8.7421875
3ubd,5.54,5.8085938
2xoi,3.34,3.359375
3di6,7.0,6.9726562
4gtr,8.3,8.328125
3i06,9.7,7.8945312
3lq8,9.4,8.984375
4rrs,6.68,6.2890625
3l6f,6.99,7.421875
3q96,8.54,7.7578125
3lzs,10.96,10.421875
1vyf,8.05,6.578125
3ogq,7.52,7.3984375
2j4k,4.85,4.3164062
3ppp,5.22,4.7617188
2jbj,9.7,10.3515625
1yvz,5.36,5.3242188
4bam,8.94,8.7578125
1w82,6.71,6.6015625
3nes,5.62,5.546875
3c1n,5.5,4.890625
2xp6,4.7,4.7148438
4qrh,5.15,4.9921875
2hwh,5.7,5.328125
4y7r,5.03,4.5390625
4j3u,6.34,6.484375
1g7v,6.4,6.2578125
2oei,3.91,3.1503906
1c85,4.64,5.0664062
4o6w,8.52,7.8554688
4qab,9.7,9.796875
2ra6,4.52,4.9921875
1oxr,5.19,5.0078125
1b56,6.1,6.0234375
4qc1,4.99,5.140625
4gj6,5.12,5.2890625
3ftz,2.7,2.6171875
2pjc,8.72,8.734375
1a9q,6.17,6.6640625
3twr,5.19,5.7421875
3hv6,5.64,5.7578125
3ggu,9.77,8.8359375
3own,7.47,7.765625
3jvk,3.93,4.0117188
1y3v,5.64,5.15625
4i33,8.33,7.9804688
1fzj,8.1,8.03125
1g05,8.51,8.7109375
3p7c,7.66,7.9335938
2hqu,5.14,5.5703125
1hpx,11.26,10.4375
3vhd,9.28,8.890625
3fmq,7.95,8.234375
1yms,5.92,5.40625
4fk6,9.7,10.3046875
3kb3,6.82,6.796875
4ewr,6.27,6.4023438
4qw1,6.11,6.25
4azf,6.35,5.9296875
1lvu,5.32,5.4882812
2vcx,7.68,7.7890625
3ft3,7.36,6.8671875
3kyq,4.22,4.0625
4jps,8.3,8.8359375
2zg3,2.06,2.25
2nw4,8.68,8.734375
3wci,6.57,6.7460938
4cp5,3.34,4.1523438
1d4w,6.92,6.6679688
2xkd,5.64,5.4375
5ap6,7.88,8.2734375
3ant,8.07,8.0859375
3c14,3.52,3.2753906
4jmg,8.82,7.828125
2vd4,4.74,5.0117188
4no8,7.15,7.25
1zs0,6.15,6.140625
3rv9,4.92,4.6523438
4z2l,5.85,5.8828125
4wcu,8.52,8.625
4at3,8.4,8.6796875
4k4e,7.62,7.53125
1xxh,6.11,5.7890625
4j79,3.1,3.2910156
3atp,4.45,4.7539062
2azb,7.19,7.515625
2zb0,6.62,6.9296875
4twc,7.4,7.15625
3su5,5.58,5.5
2lgf,5.57,4.9179688
1y3y,5.64,5.9257812
2c6m,6.46,5.8007812
3djp,4.2,4.0546875
2yjq,5.28,5.1367188
4qw4,6.95,6.0664062
4flh,9.0,9.1796875
3m1s,9.0,8.828125
4u6r,7.85,8.1953125
3amv,7.97,7.9882812
1tze,6.83,6.3789062
2vwx,7.4,7.3945312
1o6q,7.64,8.2265625
3fkv,7.57,7.796875
3mxc,6.54,5.8867188
2hug,5.97,5.5195312
1lxf,4.1,4.0820312
3l8v,8.1,8.3671875
3e9i,6.22,6.4257812
3r93,6.51,6.1679688
4ear,9.82,10.7265625
1los,7.19,7.8007812
1y2g,4.08,4.3945312
4k66,3.26,3.4707031
3iw6,5.48,5.3710938
4btt,8.84,9.1328125
1pf7,10.14,11.3515625
3vb5,5.34,5.3671875
2y67,3.53,3.3378906
1ozv,1.44,1.2294922
4ibg,3.97,4.3789062
3eqs,8.48,7.8203125
4hw2,7.26,7.0351562
3o1g,9.0,8.8046875
3mpe,7.4,6.5625
4yw6,7.08,6.6796875
3su0,6.79,6.765625
4tq3,5.49,5.5742188
4ymq,5.8,6.3359375
4pd7,3.92,3.5117188
4jbl,3.27,2.9433594
1vj5,6.92,7.2382812
3rhk,6.26,6.6484375
4wy6,5.97,5.8867188
1fmb,10.0,9.625
1d3p,7.39,7.28125
4lil,4.9,4.84375
4k4j,6.12,6.6796875
4dcy,4.52,4.0976562
5dgw,11.05,11.4296875
3d9z,8.7,8.6328125
1n2v,4.08,4.1796875
1e8h,5.68,5.6289062
4f3h,6.38,6.25
4m5k,5.23,4.9960938
3hxd,5.05,5.2539062
3lpt,4.91,5.0
4qqi,5.52,6.1679688
1h0a,5.44,5.7890625
2vj8,8.7,8.6796875
4cfm,4.74,4.859375
3f5j,4.28,5.234375
4why,8.1,7.8476562
4d9p,3.84,4.2304688
1ws4,3.0,2.96875
2kaw,4.97,5.0039062
3srb,4.19,3.7050781
2rk8,3.64,4.1054688
1mnc,10.34,10.328125
1sve,8.3,8.015625
4zg7,8.7,8.4140625
1uy8,4.12,4.40625
5std,10.49,10.0703125
3vfj,7.04,7.1210938
4u0a,4.3,4.1523438
5c7d,5.11,5.8867188
4q8y,2.64,3.0625
3o9f,12.7,12.6640625
4fzg,7.72,7.6171875
3dba,8.0,7.84375
3g2j,4.75,4.6445312
3wb5,4.57,4.5976562
4amz,9.82,9.5390625
3fx6,6.8,6.7460938
2y0j,7.92,7.875
4jnj,9.07,8.75
3v4v,7.38,8.078125
2agv,7.7,7.90625
4z2h,5.08,5.1796875
4j0z,7.11,7.3632812
3mta,4.3,4.4179688
3sut,7.85,7.609375
3e8u,9.42,9.5
3e16,5.24,5.0664062
4fbe,6.99,6.9296875
6abp,6.36,6.0742188
4e3m,9.7,9.546875
1mcz,3.0,3.1660156
2aoj,4.66,3.8476562
3s1y,6.22,6.6796875
3l9h,8.1,8.1015625
3cgy,3.15,3.2265625
3tg5,4.7,4.34375
4wbg,5.55,5.1445312
4ngp,7.96,8.125
1mxo,9.0,8.25
4k43,6.88,6.5820312
4oyi,4.72,4.7460938
2q38,5.23,5.4570312
3g2k,4.79,4.6171875
4gpl,5.89,5.9023438
3mg7,7.89,8.21875
2xye,8.34,8.421875
4wgi,5.35,5.953125
2jup,3.81,3.4824219
2nmy,8.37,8.609375
1qhr,6.89,7.1328125
1ol2,6.28,6.2929688
3hdn,7.2,6.7890625
1ezf,7.25,7.4257812
4uu7,6.08,6.3320312
3elc,2.69,2.9570312
5a5r,5.9,5.3828125
4j74,4.59,4.7929688
4p2t,5.43,5.7109375
4hvi,7.16,6.8554688
2oz5,6.48,6.5273438
3e4a,8.77,8.5625
2xvn,3.95,4.1210938
2pql,7.28,6.5546875
2vpn,6.72,6.2890625
2fb8,9.8,9.5390625
3vb4,4.31,4.0039062
4luo,3.24,3.3535156
4zup,6.77,7.375
3vhv,6.29,6.2617188
2xn3,5.92,5.875
3dwb,6.19,6.765625
1afl,6.28,6.1679688
2gmx,7.11,6.9023438
3d9n,4.05,4.3828125
2wp1,3.6,3.6386719
4ytf,8.15,7.6484375
4yzc,8.52,8.1015625
3v66,8.89,8.515625
3elm,9.72,10.3359375
4y4v,3.65,3.4160156
3lcd,7.4,7.6132812
1nde,7.82,7.828125
4ea3,9.57,8.6640625
4eol,6.05,6.015625
4j7e,4.85,4.6757812
1y57,5.79,5.5
2w1c,8.0,7.984375
4jiz,5.62,5.8632812
1qbs,9.47,8.6796875
1u9q,8.33,7.7617188
3hb8,5.12,5.3671875
1bgo,8.46,8.859375
1azg,4.8,5.15625
3dbu,8.06,7.6757812
1sqq,7.82,7.5390625
2qp6,6.68,6.4453125
1hxw,10.82,10.859375
2vj9,6.74,7.1328125
3mkn,4.12,3.6445312
3zhx,6.68,5.9648438
3o4k,7.62,7.4921875
1dg9,2.74,2.6660156
4e3d,2.3,2.3085938
3udp,5.22,5.5117188
1f9g,1.28,2.5097656
1jdj,2.3,2.2929688
5bvd,9.8,9.6484375
3diw,6.72,6.5703125
1kav,5.82,5.8554688
4n00,8.02,7.3476562
3lq4,5.22,4.9023438
4egk,7.72,7.8046875
2qi7,10.21,9.375
2j9n,4.7,4.5625
4an1,10.26,9.4453125
3kf7,7.4,7.3828125
2ig0,4.71,4.8398438
4kz4,4.15,3.7832031
5auz,4.01,3.7871094
1nhu,5.66,5.5703125
2zga,6.32,6.3945312
3m58,5.48,5.1015625
3qcq,6.8,6.4414062
3wyk,7.64,7.21875
3f9n,5.89,5.921875
3as0,4.55,4.5820312
3tjc,7.51,8.578125
4qtn,6.85,6.8046875
4css,8.46,8.4453125
2hj4,5.37,4.71875
2euf,7.82,7.8320312
3hp5,7.15,6.9257812
4mcb,5.82,6.0195312
1anf,5.46,5.6171875
3rum,5.77,6.1445312
4yad,5.6,5.78125
4re2,4.98,5.6367188
2bpm,8.7,8.328125
3vbg,7.48,7.0039062
4ahs,2.19,2.1875
2gm1,7.0,6.8515625
1b5i,7.05,7.2265625
4a4q,9.4,8.8671875
4a9m,6.3,6.3828125
4lv2,8.0,7.8125
4uiz,4.7,5.0742188
3ztd,4.02,4.2070312
4z68,6.49,6.9960938
1lhe,9.54,10.0703125
3lzv,10.59,10.65625
4wuy,7.82,7.953125
2h2h,4.98,5.4609375
2j2i,6.7,6.8867188
3wk8,4.31,4.2148438
1c7f,9.52,9.75
2gga,1.96,2.1875
3lpk,9.1,9.625
3qiy,5.34,5.3125
1o6i,3.19,3.2949219
1fo3,6.7,6.109375
1ggn,5.51,5.59375
2nqi,6.11,5.7929688
4utr,6.15,6.4765625
3fv8,6.8,6.8515625
2on6,6.76,7.6015625
3gw5,9.33,9.515625
4ngt,8.41,7.9296875
4cfu,4.0,3.8710938
2x6f,4.59,4.2851562
1a42,9.89,9.1796875
3max,6.05,6.1914062
4gk2,8.8,9.6171875
4brx,6.49,6.7109375
2rke,4.08,3.8476562
4g19,3.58,3.8242188
1uou,7.7,7.6367188
4daf,7.12,6.453125
1pyw,7.7,8.203125
2b55,7.02,7.1132812
2v8w,6.82,6.984375
4rx7,8.3,8.265625
1w25,6.3,7.0351562
4fny,7.8,7.5742188
2lyw,4.52,4.8710938
4fqo,5.16,5.1914062
4o77,5.6,5.7460938
1ph0,6.92,7.2695312
4ge6,7.47,8.109375
2ych,3.0,3.2617188
2aig,5.0,5.2539062
1h7a,4.72,5.28125
2j50,7.89,8.0546875
4x3e,5.47,5.234375
2vta,3.73,3.7011719
2y54,4.7,4.6679688
3hx3,8.0,8.6015625
1oh4,3.74,3.7871094
4n7g,5.66,5.3867188
1nmk,8.24,8.2578125
1af6,1.82,2.1367188
2kbs,5.0,5.9375
3lk8,7.71,7.703125
4k60,3.24,3.4882812
4myq,7.49,7.609375
3qzq,5.64,6.0664062
2za3,3.68,3.6425781
2rkg,8.09,7.6875
4loj,6.52,6.1640625
1my3,5.4,5.6015625
3bc4,5.35,5.7070312
1if7,10.52,10.9140625
3sue,9.08,9.4296875
3lfn,5.5,5.609375
3ce0,6.15,5.9921875
4y16,7.43,8.1875
2qrm,4.03,4.5585938
1xk5,6.0,5.9960938
2usn,6.51,6.3203125
2cia,6.43,6.9023438
1upf,4.6,4.1679688
2fah,1.3,1.7138672
3wto,6.92,6.765625
4del,7.68,6.8359375
4cbt,7.3,6.9765625
4msu,5.85,5.8046875
1vot,6.6,6.6445312
3krr,9.32,10.125
1o3e,7.96,8.59375
4rj8,7.77,7.8359375
4jfd,4.44,4.1796875
3ebb,5.3,5.7695312
3qkk,6.52,6.8007812
3eyh,7.7,8.59375
2zaz,6.4,6.9765625
2i0j,8.57,8.8125
4g2r,4.45,4.3398438
1uvs,5.4,6.203125
4jft,5.46,5.9765625
4o71,4.74,4.8554688
4pgh,4.89,5.1875
4lp6,8.27,8.1953125
1yc5,3.0,3.4316406
3d9k,4.72,4.484375
2c6l,6.57,6.015625
1ze8,7.68,7.5546875
4gk3,7.25,6.5742188
3sl1,3.59,4.0039062
4yv2,7.29,7.1796875
5ahw,5.17,5.359375
4gkc,6.82,7.5585938
2rku,8.3,8.25
4twd,5.08,5.2773438
2hl4,7.64,8.15625
4b95,4.28,4.328125
3dej,8.0,8.3203125
3v3l,6.43,6.046875
1yi3,5.4,4.8320312
3c0z,3.95,3.3515625
2d3u,6.92,6.4179688
1kll,5.2,4.5507812
4m3e,6.25,5.8359375
2x9e,6.74,6.453125
3zlo,8.82,8.3046875
1i33,4.12,4.0742188
4gnf,3.35,3.7460938
2x39,8.66,7.953125
1oxg,10.57,10.5
3ktr,6.15,6.1523438
1u33,4.6,4.4609375
1n46,10.52,10.5390625
2q9m,7.21,7.078125
4ec0,6.07,5.2734375
3lco,6.84,6.546875
4a4w,7.72,7.6601562
2isc,8.42,8.5703125
4cu1,4.71,4.3007812
4l02,7.7,7.2304688
2x7c,5.7,5.8945312
1y2d,5.7,5.0625
1udt,9.3,8.9453125
1yc4,6.55,6.6210938
4l5j,3.0,2.8144531
1vcu,3.85,3.8496094
3bqn,8.6,8.0
2vnp,9.92,11.078125
4kne,5.9,6.3554688
3b1t,5.66,5.7148438
4r5a,8.7,8.6953125
5ap5,7.97,7.7265625
3el5,7.72,7.625
2ihj,4.59,4.1015625
5ccm,8.4,8.328125
2q8y,3.99,4.8398438
4u79,6.4,6.2539062
3k5f,5.43,5.0117188
3er5,9.0,8.4375
3gjt,6.77,6.4960938
4jrv,7.54,7.5273438
3pma,5.4,4.9765625
4i9c,5.51,5.140625
2uxz,8.48,7.6992188
2xd9,6.46,6.5859375
3fa3,5.6,5.828125
4awq,6.32,6.1796875
4g2f,6.8,6.953125
3h22,5.1,4.6445312
4tkf,6.55,6.7617188
1bnu,9.7,9.046875
5auy,5.8,5.40625
4jr3,6.66,6.8632812
1ony,6.77,6.5859375
4f49,6.09,5.734375
4a9c,4.61,4.2148438
4zhm,8.05,7.5742188
4ofl,7.66,7.7539062
4c1g,5.14,4.8984375
2aox,7.42,7.3046875
1wn6,4.68,4.6210938
4gs8,7.0,7.0703125
4bea,8.3,8.609375
2qpu,3.6,3.1191406
4fzc,8.4,7.8632812
2c5x,6.6,6.9609375
3ob2,4.59,3.9648438
3ee2,4.19,4.28125
2gd8,7.41,7.828125
1xh6,7.32,7.1953125
4eh4,2.81,2.8476562
3gi5,11.22,10.609375
2oa0,6.92,7.4453125
4pda,4.21,3.6132812
5a5p,4.0,3.4316406
4gu6,7.36,7.46875
4zlz,7.0,6.8632812
2xmy,9.96,9.78125
3fvh,6.35,6.1445312
4aac,8.17,8.3671875
1ai6,3.97,3.8046875
3srg,5.7,5.9179688
4g2l,7.49,7.6015625
3rz3,5.76,5.140625
1o3j,6.77,6.7265625
2dq7,8.32,8.8359375
3rtn,7.13,7.421875
4eon,6.05,5.765625
3p3j,7.92,7.7304688
5a46,7.66,7.5625
5prc,4.89,4.9726562
4j0p,7.29,7.3789062
4bdi,3.64,3.4042969
4g31,9.4,9.09375
2eh8,7.96,8.2578125
3v51,8.55,8.5625
3zmt,4.55,4.0078125
4akn,6.1,5.8398438
3as2,3.44,3.2617188
4yuz,5.04,4.9140625
1j7z,7.7,7.9140625
4k5m,3.71,2.6210938
1nz7,7.12,6.6484375
2jqk,3.4,3.7519531
4ojr,7.42,7.4453125
3tct,8.52,7.9492188
1c7e,6.3,6.2226562
1nfu,7.74,7.609375
1sbr,5.0,5.25
3hqh,4.2,4.4414062
2aez,2.46,2.2519531
4bcg,8.15,8.4921875
3h2f,4.06,4.3164062
3oe9,8.18,7.9609375
1pzi,4.22,4.5351562
1xgi,4.85,4.4375
2yol,6.89,7.2421875
5dms,4.53,4.8164062
3lok,6.92,6.640625
1n8v,6.03,6.3046875
3m6q,7.32,6.9257812
1t4j,5.1,5.0703125
3bla,8.7,8.578125
4y73,9.52,9.515625
4ezx,5.8,6.0742188
3rwe,7.37,7.0195312
2p2a,6.12,6.2070312
2gc8,5.51,5.8125
4h1m,7.11,6.4414062
3hku,8.3,9.2734375
4yrs,3.07,2.6308594
3soq,4.57,4.0585938
1d9i,9.11,9.84375
2qtu,9.28,9.34375
1q95,7.57,7.265625
3ppj,8.7,8.4140625
4g8m,7.89,7.6523438
2gtv,5.15,4.8789062
1bjr,7.68,7.3710938
3d7h,10.22,10.328125
1zd2,3.3,3.9824219
1dkd,5.7,6.2695312
1j5i,3.64,4.3710938
4z7h,6.66,6.5585938
1siv,8.08,9.0234375
3std,11.11,11.8359375
1tsi,3.48,3.8398438
2vte,3.91,4.2460938
3bm9,6.72,6.640625
3hxc,5.28,5.6171875
9lpr,5.7,5.2070312
4a7c,8.22,8.4296875
3gds,6.51,7.21875
4zh2,5.0,5.171875
4pv0,9.07,8.90625
1t48,3.46,3.9492188
1zd3,3.3,3.6972656
2lyb,4.46,4.8085938
3odu,8.14,8.2109375
1kak,4.59,4.5078125
1mfg,4.3,5.328125
2xtn,7.4,7.1679688
2f9v,7.82,7.546875
4cft,4.95,5.0898438
4bcq,6.83,7.3476562
3ckt,6.32,6.484375
4ckj,4.84,5.0820312
4x6o,8.72,9.1484375
3wi2,7.04,7.4335938
1bn3,9.89,9.2578125
1exv,7.35,7.8945312
1gi7,4.51,5.1757812
1fw0,5.43,5.3945312
4ngq,8.8,8.546875
4ke1,8.6,9.265625
4pyy,7.23,7.0429688
3djv,4.55,4.5703125
3tu9,5.12,4.6875
4o7f,4.89,5.6523438
1pzj,3.49,3.7597656
4i2w,3.92,4.734375
2r6f,8.0,7.6953125
4x48,6.77,6.6367188
5ai0,3.69,3.5566406
1rlq,5.1,5.2890625
1hyv,2.3,2.4257812
4r8y,6.19,7.3632812
2bv4,3.22,3.6835938
3fcl,3.5,3.5351562
4pyx,6.14,6.2382812
4dk7,7.7,7.546875
1jj9,5.77,6.8359375
3cyw,7.77,7.7148438
2fvc,7.49,7.3710938
2nwl,8.7,8.125
1kl5,5.99,5.9609375
3oyq,7.99,7.5859375
3mag,4.07,4.3632812
3pdc,7.49,7.0546875
4nmq,4.49,4.5585938
3owj,6.07,6.1914062
4c37,7.71,7.9804688
1pip,5.0,6.3710938
3qzv,4.16,4.984375
2gfk,4.52,4.515625
3tfu,3.28,3.0351562
3f8w,4.08,4.0976562
2jj3,9.55,10.0859375
4qlu,8.08,8.03125
4cq0,5.09,4.765625
2wcg,6.38,6.703125
2z94,5.85,5.9179688
1cx9,6.75,6.8125
3g5d,7.96,8.2421875
4hrd,8.82,8.5859375
3r22,7.77,7.640625
4cj4,3.36,3.4277344
4ehg,7.19,7.6054688
5em7,7.72,7.7460938
4ym4,4.47,4.5
2iwu,5.92,6.109375
3oqf,7.04,7.0742188
1cea,4.96,5.7460938
3d1v,3.49,4.2382812
1odi,4.21,4.8867188
3btj,5.62,6.0
1pg2,4.96,4.7460938
2yim,3.92,4.3515625
4nhx,5.72,6.0429688
4u7v,5.49,5.453125
4qbb,7.52,7.4414062
3wpn,4.36,4.3320312
3ekq,6.75,6.7773438
2x8e,7.85,8.1171875
3hig,7.89,7.2578125
2xm8,6.8,6.703125
4a9t,7.15,7.1601562
1qf5,7.37,7.8203125
1o2g,6.12,6.5585938
3oaw,8.15,8.4375
4jlh,5.4,5.140625
2oht,5.04,5.1289062
3hxe,5.33,5.1953125
3sh0,5.66,5.8125
2y4k,5.46,5.28125
1a08,5.62,6.15625
4pm0,7.35,7.6289062
2o4n,7.82,8.4765625
4lww,7.54,8.09375
2xow,5.22,5.5859375
4nb6,7.22,7.671875
1c3i,5.8,6.1328125
4hzw,8.88,8.546875
1dva,8.07,8.25
2cng,6.96,6.953125
4no6,6.11,6.3554688
3btl,5.96,6.2539062
3n2e,4.96,4.9414062
3tz4,5.49,5.9921875
4efu,6.6,6.4882812
3bv2,9.36,10.4609375
2j87,4.85,4.4609375
2yay,6.1,6.0859375
4u5s,2.41,2.8476562
4my6,5.62,5.6796875
4ylj,8.22,8.9140625
1a69,5.3,5.59375
2yc5,7.46,8.1328125
3p5l,7.39,7.09375
3tfp,6.47,6.4257812
4hlm,6.77,6.2773438
2r3i,6.0,6.03125
4rhy,5.95,5.953125
1v2w,4.01,4.1875
1lhg,7.1,7.6132812
2clm,3.55,3.5546875
4gfd,9.48,10.1640625
4xsx,5.0,4.5234375
3l5e,7.57,7.7929688
3u3u,6.88,7.0351562
1oai,5.0,5.2226562
1g53,9.04,9.0234375
3rf5,5.63,6.0625
4ppa,9.1,10.2109375
1xz8,4.52,5.0273438
1n7i,6.59,6.5117188
3kfn,4.74,5.921875
2yis,8.77,9.203125
5csz,7.77,8.453125
1hef,9.0,9.90625
4b05,7.58,7.3242188
3suv,4.55,4.828125
3uw9,4.56,4.9648438
1jq3,6.7,6.5585938
3sl8,6.54,6.5898438
1o2o,6.36,7.5
1o2u,5.85,5.953125
1me8,7.19,8.4765625
2rcn,6.0,6.1484375
1gjc,6.35,6.3671875
3cth,6.96,6.9804688
1dm2,7.15,7.2070312
4mbl,8.54,8.5703125
4k6y,4.83,5.59375
3b9s,5.3,5.6289062
3wd1,7.66,7.0078125
2fys,4.36,4.8164062
4yy6,4.22,5.2851562
5c8k,7.7,7.703125
2wnj,6.48,6.3554688
1okz,8.3,8.3203125
2ay9,2.16,2.0917969
3c1k,9.44,9.2734375
1det,4.3,3.9980469
3avl,4.18,4.6054688
3b78,4.1,4.2851562
3uqp,7.31,7.8710938
4ovf,4.13,4.0195312
3puk,4.74,5.4140625
1ent,6.96,7.1132812
4wag,7.08,7.5664062
4x7n,8.22,8.109375
3qfv,5.77,6.0585938
3sap,7.59,7.4140625
4ywa,7.55,7.4296875
4b0j,2.15,2.4042969
2vex,6.74,6.8828125
2boj,5.77,5.9375
4dgg,6.1,6.453125
4c94,5.05,5.234375
2opy,4.52,5.1640625
3itu,4.4,4.6132812
4v1c,4.6,4.7226562
1i5h,4.28,4.15625
3v2n,6.1,6.5742188
1wcc,3.46,3.3476562
1ow8,5.4,5.515625
4kba,8.22,9.03125
3eta,7.85,8.2734375
2gyi,7.0,7.6132812
4az5,5.99,6.2109375
1me3,7.19,7.0585938
2oc1,5.37,5.2578125
4cwp,6.77,6.421875
4o4k,3.7,3.7597656
4pg3,7.85,7.7148438
4kwp,7.49,7.2226562
3qch,5.48,5.6367188
3fwv,5.64,5.9453125
3ubx,7.6,7.4570312
4ymj,7.0,7.2539062
3qip,6.89,7.2734375
3sgv,4.46,4.6835938
4kva,3.94,3.125
2jew,6.69,6.9375
3zh8,6.47,7.1875
3ukr,4.92,5.2460938
3efj,7.41,8.1171875
2uzo,4.57,4.390625
3m89,6.16,5.9453125
2rd6,8.3,8.6171875
3zi8,5.66,5.2070312
4lmu,7.26,7.6992188
1y20,5.32,5.5859375
1a7t,1.64,2.0078125
1o5m,8.72,8.953125
4l0s,6.84,6.8828125
4pov,8.28,8.3203125
5e1m,6.72,6.6367188
3zt3,2.86,2.59375
3skc,8.8,9.140625
4cwb,6.09,6.1132812
4li8,8.12,7.6328125
3zw3,7.47,7.6484375
3oay,1.7,2.1875
3ccw,7.87,7.5742188
4jnc,8.52,9.1640625
4kv9,3.84,3.4511719
4xhv,4.3,4.7929688
1o5e,5.74,5.5585938
3lpp,6.22,6.703125
2p0d,7.0,6.7148438
4mw6,5.78,6.4179688
3uok,9.1,8.796875
2wmw,6.41,5.6328125
4po0,6.92,6.5703125
2q6b,9.52,8.6640625
1w9u,6.09,5.6796875
2b7d,8.7,8.5546875
4mvy,7.54,7.2265625
5a82,5.6,5.34375
1yda,6.55,6.2773438
4yff,8.0,7.8046875
1r5v,4.48,4.5117188
4c1d,5.36,5.0859375
3ocg,8.52,7.9960938
3t9t,8.71,8.7578125
4rrv,7.4,6.7929688
3skk,4.47,4.1757812
4dhl,4.48,4.15625
5cf8,8.96,8.75
1ta2,8.52,8.515625
3voz,6.85,6.8671875
2ql9,9.03,8.8671875
4bzn,5.84,5.9375
1oim,5.32,5.25
3ot3,8.3,8.3984375
1h1p,4.92,4.9726562
4dk8,5.74,4.9101562
3wcg,6.85,7.015625
4mvn,5.46,5.6328125
3vf9,8.72,7.84375
1lf2,7.52,7.2578125
4hzx,9.3,8.4140625
3w07,3.38,4.3085938
4ybm,6.85,7.0
2wi2,3.46,3.203125
4l3o,6.0,4.921875
2w4i,6.3,6.3359375
4aq3,7.43,7.1171875
4f6v,5.8,5.796875
1uti,5.62,5.5429688
3t0b,4.3,3.3457031
3bu8,6.92,6.6054688
4e1e,6.31,6.8867188
3f7h,7.09,6.9375
2yj9,7.02,6.7109375
1abf,5.42,4.4648438
3k9x,8.4,8.2578125
5e2r,7.06,6.7617188
2am1,6.0,5.4609375
2xl3,5.25,5.1367188
2ou7,3.81,3.9042969
2weh,5.95,6.03125
1ni1,9.05,8.9375
3ijy,6.04,6.390625
2chm,8.26,7.875
1o3g,7.96,7.8671875
2uw8,4.11,3.7949219
4g17,7.54,7.359375
4ra5,8.4,8.1640625
5cas,8.85,8.4296875
1x1z,11.06,11.078125
2xdx,6.46,6.4453125
3t0x,8.0,7.9296875
3gjw,8.3,8.8046875
3cgf,6.57,6.6132812
2qki,6.41,6.3984375
1dif,10.66,11.046875
4ufj,4.28,3.6953125
4h2o,5.52,5.1640625
3qxd,6.15,5.9101562
2pvk,8.3,8.265625
2vj6,7.89,7.8632812
1vwn,5.82,5.1171875
2hb3,11.35,10.703125
4o43,4.3,4.2539062
2p4i,8.0,7.21875
4yik,6.89,7.1171875
4nwd,5.4,5.46875
4c1f,4.63,4.9140625
4k72,3.0,3.4511719
3gx0,3.48,3.8730469
3avf,3.53,3.4296875
4azt,4.17,4.0976562
2jdm,5.4,4.7382812
4ncn,5.67,5.8046875
4gbz,3.11,3.0
1tsv,4.8,5.0703125
4yay,8.54,8.296875
3f1a,7.21,7.2695312
4an2,9.05,8.6640625
2g78,6.92,6.7460938
4cd8,2.89,3.1679688
2yac,8.7,8.7578125
4hev,6.34,6.2421875
3v7x,8.57,8.3671875
4x1p,4.2,4.1640625
4qdk,5.85,5.4140625
1olx,4.33,4.625
2qwg,3.64,3.3925781
3f8c,7.68,6.9296875
2wi3,3.46,3.3144531
5dtj,4.47,4.3828125
2ieh,6.96,6.7929688
1mrw,9.7,9.9140625
2hmu,7.7,7.2304688
4h3a,6.29,6.3085938
1g6r,4.27,3.2246094
4e9c,5.96,6.0117188
4bcn,7.92,8.65625
3s7a,8.96,9.234375
3zyb,5.38,5.4804688
4h5d,6.24,6.5351562
4i7l,3.99,3.9707031
3iw4,8.68,8.671875
1bq3,5.4,4.9453125
4m3b,6.4,5.8867188
5cf4,7.4,7.3242188
2fle,7.85,8.3125
2uw4,5.28,4.3046875
4h36,4.27,4.578125
3a2c,6.9,6.7617188
2q1j,9.1,9.015625
2a8h,7.17,7.0351562
4ycu,5.48,5.2109375
1m2r,6.46,6.78125
1akq,9.1,9.5859375
3h06,3.53,3.8886719
2pzy,7.47,7.9921875
4er4,6.8,7.1171875
4b12,4.99,5.359375
3g08,8.16,8.1484375
3lq8,9.4,9.265625
5fwg,6.72,6.4765625
4jq7,6.41,6.8398438
5ceo,9.3,8.5
4d8a,3.42,2.9550781
3w1f,8.44,8.5
3vrw,9.39,9.6171875
4xx4,7.36,7.4609375
3evf,6.77,6.5078125
1py1,4.4,4.6914062
4joe,3.56,3.8066406
1gag,6.12,6.8867188
4knz,5.07,5.609375
4ayy,8.17,8.1484375
2oyl,6.3,5.8085938
4hy1,8.7,8.828125
4qme,6.52,7.3242188
4ufi,6.2,6.40625
3poz,7.64,8.0703125
4nrp,4.59,4.0117188
4kqq,3.9,3.9804688
2rjr,1.94,2.6035156
3nyn,6.0,6.0117188
2xnp,6.44,6.6289062
4nmt,4.85,4.859375
3ryv,7.07,7.1171875
4rrf,3.62,4.0898438
4uix,7.3,6.9375
4fn5,6.76,7.0117188
2g0h,7.64,7.6054688
2yj2,7.92,7.9140625
3g9e,7.72,7.4296875
4rlk,5.02,4.7734375
1c3r,6.4,5.6679688
2bfq,6.89,7.0625
3ikg,7.24,7.1210938
1r6g,9.21,9.1015625
2dxs,7.34,6.8398438
4ww8,10.17,10.4765625
3cid,8.3,8.875
3sgt,3.82,3.5761719
1lhe,9.54,9.265625
4x6k,5.31,5.75
4drk,5.08,5.484375
2vle,7.1,7.0117188
4aq4,6.17,5.9492188
4jn4,5.86,5.6054688
2lto,3.11,3.2460938
4rh5,6.9,6.5
1qwu,3.22,3.5449219
2y6c,5.0,5.3007812
3m36,9.82,9.859375
3fhe,8.6,8.4140625
3b4p,5.4,4.8789062
1vzq,7.44,8.234375
4whl,6.4,6.875
1esz,6.52,6.7539062
2llo,5.82,6.2265625
1hk5,5.24,4.9804688
4kza,3.7,3.515625
1tg5,7.92,7.796875
2rfy,5.22,5.5234375
2ria,2.57,2.4511719
2wot,7.36,7.2382812
4o3f,5.56,6.0820312
5dhj,6.7,6.9023438
1tou,6.0,5.9570312
3d9z,8.7,7.9882812
1c8v,6.33,6.8007812
1fj4,4.59,4.203125
3wcb,7.74,7.7578125
1vea,7.52,7.6171875
4lpf,3.51,3.5644531
4ejl,5.14,5.3789062
4o70,4.72,4.6835938
3w2p,5.09,4.890625
1c7f,9.52,9.84375
2w1c,8.0,7.6484375
3kdb,9.85,10.3671875
4ztl,5.92,5.90625
3wjw,3.87,3.9628906
1d2e,6.0,6.1367188
2q72,2.68,2.4375
2w70,4.92,4.5546875
3h85,5.22,5.3007812
4mw0,7.41,7.3007812
2vev,6.52,6.2734375
2x2r,7.12,7.109375
5auy,5.8,5.6835938
4dpi,7.11,6.921875
4z88,5.39,5.6210938
1jws,4.85,5.2304688
2tmn,5.89,5.4960938
3ess,6.39,6.3320312
4bxn,8.0,7.21875
1h01,4.66,4.7148438
1rpa,6.0,6.4101562
1b6p,8.52,8.3359375
5a2j,5.85,6.0703125
4m84,7.31,6.7304688
3f7g,7.37,7.734375
3veh,4.96,4.7421875
3s6t,7.35,7.3320312
1w7h,3.0,2.8984375
3t4h,5.28,5.1640625
4xsz,5.6,5.1328125
3mxs,5.01,5.1875
2b52,8.1,7.9921875
1fiv,6.59,6.7304688
2h65,8.19,7.171875
5e2o,8.7,8.640625
4cki,5.96,5.96875
1ymx,4.85,5.0039062
3rt8,6.35,6.1796875
3r5t,8.58,8.3515625
2feq,8.86,8.703125
2i7c,5.07,4.6132812
2ha4,2.7,2.8671875
4v27,6.66,6.7773438
3mg4,9.3,8.890625
2ydj,8.3,8.4375
4j81,4.5,4.5195312
2wuu,7.16,6.9609375
1zgv,6.0,5.7421875
2jkk,8.2,8.1171875
5c0k,2.92,2.7421875
4kju,8.22,8.390625
1eoc,6.05,5.8085938
1o3d,7.13,6.9296875
4yha,6.65,6.8046875
1xpc,8.77,8.3828125
4pda,4.21,3.6386719
1icj,2.22,2.3847656
3efw,8.4,8.0625
2p2a,6.12,5.7734375
4hkp,4.55,4.3242188
1hpo,9.22,9.7578125
3ue4,8.96,8.9921875
4zsm,2.4,2.515625
3zmh,5.28,4.875
2qhz,7.28,6.9257812
4f14,4.89,5.5234375
3eko,6.7,6.2070312
4kwo,6.45,6.890625
3gk2,2.7,3.09375
4htp,5.62,5.65625
2q7o,7.92,7.7382812
3qd4,8.2,8.3984375
3zo1,6.0,5.8867188
2ohs,4.4,4.9179688
1dkd,5.7,5.234375
4i71,7.74,7.7851562
3ocb,8.3,7.625
4mw5,7.35,7.3046875
2z6w,7.87,8.1796875
5am7,7.19,7.1679688
1gsz,7.21,7.1835938
1u3q,8.46,8.9140625
1m0q,3.89,3.6621094
4fod,8.92,9.03125
4awj,2.0,2.5976562
3mv5,6.74,7.1953125
4r3s,8.22,8.953125
3ii5,7.62,7.2148438
1czc,2.82,2.9042969
5a4c,8.24,7.6210938
2q96,5.92,5.7929688
3dab,6.68,7.453125
1xka,6.88,6.9414062
3gol,7.09,7.5742188
1rbp,6.72,6.8515625
4zzz,7.06,7.4179688
3m6f,8.6,9.046875
3lbl,7.44,7.5234375
4du8,5.37,5.1015625
4ctk,2.0,2.6523438
2vwc,6.62,6.4335938
3nox,8.66,8.859375
4nah,6.31,6.453125
4nhy,5.64,5.8710938
2ath,6.82,6.9179688
3lk0,3.16,3.4726562
2qoe,7.6,7.78125
3mxy,6.41,7.0664062
3b7r,7.7,7.9140625
1kv2,10.0,10.5859375
3iut,6.34,6.3710938
2c57,3.43,4.21875
3zs0,6.7,7.3984375
1b40,7.28,7.375
2xx4,7.1,6.7421875
1ahy,3.36,3.3242188
2qiq,4.1,4.265625
3du8,6.84,7.3554688
4um1,5.77,5.703125
3oc0,6.28,7.0351562
4ozo,3.83,4.4921875
3mt7,4.03,4.6757812
4wtu,9.52,10.25
1o5e,5.74,5.6953125
4yy6,4.22,4.3125
3pke,3.6,3.7597656
1n7i,6.59,5.7382812
4z2b,7.76,7.84375
1nl6,11.32,11.9609375
4g3e,8.38,8.40625
2pu1,5.85,6.28125
4dhn,3.89,4.4335938
4oc2,8.28,8.6015625
4crl,9.71,9.65625
3hv4,6.51,6.8164062
2fr3,8.7,8.6953125
4uv9,6.01,5.6445312
4erz,7.06,7.3671875
4p7s,7.42,7.5429688
4urk,5.96,6.1835938
4e28,5.89,5.9492188
1ekb,6.0,6.0546875
1unl,6.7,6.6132812
2wl4,4.19,4.4335938
3s0d,7.05,6.5898438
3p7a,6.28,6.4179688
4btb,5.01,5.125
4wyp,3.36,3.5410156
2l3r,4.66,5.25
4rd6,6.28,7.3085938
3mrt,3.7,4.28125
3zt1,2.7,2.9863281
2fdd,8.32,7.7109375
3n1c,5.22,4.84375
2yiw,9.1,9.5625
4i73,6.72,6.4882812
4ia0,7.11,7.15625
3tzd,4.28,4.6171875
4uof,4.84,4.7890625
3mb7,6.7,6.9414062
4mao,7.33,7.5507812
1pot,5.49,5.4960938
4ju3,7.07,7.3320312
4mvx,7.24,6.7304688
4ceb,2.97,3.2246094
3l4v,6.72,7.0078125
3b1u,5.72,5.2148438
2wig,3.43,3.2675781
3ow6,6.66,7.0234375
4h5e,6.07,6.3398438
2w0j,6.62,6.953125
3pa3,9.0,8.078125
2pj5,7.82,8.328125
2ya7,3.14,3.640625
2reg,5.64,5.8476562
3my5,4.19,4.4101562
4wnk,6.42,7.0859375
5ct7,7.15,7.1640625
4pnn,4.52,4.9492188
1ec3,9.04,8.828125
2wgs,5.6,6.0585938
4y8c,7.96,8.4375
2wxq,7.47,7.4882812
3r9n,5.85,5.8125
3n5e,6.82,6.796875
1o5p,10.0,10.21875
1los,7.19,7.1484375
4nym,3.55,4.125
2f89,6.48,6.375
3g45,8.36,8.1875
2y77,6.6,5.8125
1yyr,6.29,6.2109375
1osv,3.48,3.8125
3b2w,9.22,9.703125
3bx5,8.46,8.7890625
3mww,7.24,6.7539062
1vyz,6.54,6.1445312
2gst,6.07,6.0273438
2qe5,5.79,6.1289062
4uzh,5.01,5.5117188
3fu0,2.28,2.2792969
4jda,6.29,6.5117188
1bim,8.92,9.09375
2y1w,6.33,6.890625
3nth,4.32,3.8476562
2d1n,8.15,7.5117188
3uqr,7.24,7.4492188
1ai4,2.5,2.609375
4ran,7.15,7.0039062
3fdm,8.7,9.109375
4cu8,4.47,4.5859375
3lxk,9.8,9.1640625
3lkj,4.6,4.7148438
3uwk,4.24,4.0585938
4c61,8.4,8.265625
3vrt,8.57,8.9140625
2idw,8.89,8.375
3h78,4.24,4.65625
3e6v,6.83,6.9765625
4cxy,4.93,4.7265625
4bh4,1.49,1.8837891
2xbx,7.82,8.0390625
2y55,3.87,3.953125
3fcl,3.5,3.6367188
4h5c,7.55,8.1484375
2rf2,8.44,8.3046875
3l16,7.48,7.5898438
4tjw,6.02,5.9765625
2aay,2.92,3.0488281
4zz2,8.04,7.8554688
4en4,5.52,5.3984375
2zu3,6.1,6.078125
3kah,6.59,6.65625
1wax,4.07,4.1132812
2jdm,5.4,5.4375
5btr,5.14,5.1757812
2xwe,6.02,5.5820312
4w9p,7.8,7.609375
3veu,7.26,7.6132812
4dhs,4.8,4.96875
3udy,5.7,6.0234375
3i4y,7.05,6.84375
3ckt,6.32,5.5117188
2wm0,4.52,4.75
2lko,5.67,5.7851562
4ahs,2.19,2.5839844
4gvc,4.71,4.6757812
3zpr,6.65,6.4140625
3u8d,6.33,6.4609375
3gjw,8.3,7.6210938
3loo,6.07,6.234375
3ocg,8.52,8.421875
4u6w,4.21,4.6601562
2np8,7.38,7.2773438
1oir,7.49,7.765625
2w05,9.0,9.078125
3fa3,5.6,4.6953125
3c3r,4.39,4.9257812
4n8d,4.92,5.5546875
2gg5,6.6,6.3710938
4cae,7.74,7.9414062
2xpk,11.3,10.8984375
4jpy,4.43,5.0703125
4p0v,5.92,6.1171875
4ezy,5.65,5.875
3uxl,5.57,5.4609375
2wsx,2.41,2.5097656
1bn4,9.31,9.625
3suv,4.55,4.0117188
3vp3,4.95,5.1445312
3ffp,7.14,7.09375
1g1e,7.54,7.7890625
2z4y,6.15,6.4257812
4usi,4.41,4.53125
3wiz,8.36,8.265625
4e5f,4.82,5.09375
3o86,7.15,6.8359375
4idt,7.0,6.8632812
5dms,4.53,4.7460938
2e99,6.16,6.5117188
2yb0,3.85,4.4101562
2ien,9.0,8.6484375
3i51,7.7,7.1835938
2ke1,5.3,5.484375
2os9,2.24,2.5390625
3vjc,7.72,7.234375
4mwq,9.1,8.546875
3nf7,3.47,3.9082031
1dm2,7.15,6.8671875
4pxf,3.1,3.484375
3ibu,9.15,8.6171875
4gzt,7.77,7.5703125
3adu,4.14,4.0351562
1c2t,6.59,6.5
2gg8,4.6,4.2929688
2rd6,8.3,8.4453125
3k39,8.08,7.8710938
4mzf,7.35,7.5546875
4au7,4.76,4.6796875
2gyi,7.0,6.234375
4bb2,7.07,7.3710938
3as0,4.55,4.8671875
4b4g,6.76,6.8671875
3b8r,9.22,8.9375
3t85,7.95,8.6484375
2y5k,6.66,6.6445312
1w8m,1.6,1.7929688
4k6v,4.63,5.0664062
3o9p,6.52,6.6171875
3adt,4.55,5.2460938
1o4k,2.92,3.3085938
3g2v,6.52,6.5234375
4z7s,8.22,8.5390625
4ozn,5.4,5.6367188
3gus,6.05,6.3398438
3tgs,5.39,5.7773438
4nkt,5.97,6.046875
1rt1,8.1,8.03125
3g30,2.51,2.8808594
2zbk,5.7,6.640625
3dri,4.42,4.359375
2e7l,7.54,7.4257812
1jm4,5.0,5.1875
3u51,5.51,5.390625
4qfs,6.05,6.2617188
3owb,7.72,7.5820312
3tdz,6.82,7.2734375
1cwc,7.8,7.5546875
4a51,6.73,6.8359375
3mpt,6.6,6.6992188
1o3k,6.77,6.9335938
2yim,3.92,4.6484375
2wwj,4.48,5.328125
4bw4,6.2,6.2539062
1mu8,9.0,8.8359375
1vr1,6.89,6.9453125
1tow,6.24,6.2695312
2qci,8.34,8.6328125
4fil,7.47,7.8046875
1swk,12.0,10.8203125
1jn4,4.95,4.8085938
3p4f,5.66,5.3398438
3g6h,8.19,8.4921875
2frd,4.54,4.8945312
2mji,4.25,4.2773438
4u0a,4.3,4.4335938
4igr,7.2,6.6132812
4ec4,7.6,7.7617188
4lh3,1.52,1.5996094
2wq4,2.57,2.71875
2fde,9.15,10.7109375
1zsr,9.82,9.5859375
4anm,7.55,7.0273438
1x81,9.19,9.3046875
2nyr,4.66,3.9433594
3f7i,7.34,7.53125
1n4h,6.55,7.390625
4yzc,8.52,8.8984375
3c0z,3.95,4.4101562
4gxs,4.0,4.3007812
4q9s,3.81,3.5195312
4yps,7.12,7.3632812
2ye9,6.22,6.609375
1btn,4.4,4.6328125
2h2e,3.0,3.203125
2i5f,5.12,5.5976562
4u0c,4.31,4.2265625
2xyr,6.13,6.1054688
1zgb,8.06,9.2578125
3f3t,4.59,5.1132812
4tk5,7.49,7.9804688
1qxy,4.8,5.1757812
3rv9,4.92,5.1445312
6rsa,4.4,4.640625
4ngn,7.55,7.3515625
3l0e,8.0,8.734375
1ca8,9.49,9.4921875
3iaw,5.8,5.78125
2r2l,9.0,8.875
4n6z,7.8,8.1796875
3c1n,5.5,5.171875
3udr,4.96,5.5625
4wnp,8.1,8.9921875
3bls,5.14,5.2070312
3r6t,5.86,5.9453125
3ft4,5.93,6.171875
4yuy,3.34,3.8828125
3m3c,4.06,4.2695312
4oef,4.76,4.9023438
3sap,7.59,7.59375
2a3a,2.82,2.7109375
3d20,8.3,9.1328125
1w6j,8.19,7.7382812
4wsk,6.43,6.7578125
2wf5,6.0,5.796875
1l5r,4.77,5.53125
2f8i,7.26,7.296875
3vg1,7.26,7.3398438
2kaw,4.97,5.3710938
3l5b,3.91,4.3359375
3bsc,4.48,4.875
4kv9,3.84,3.9648438
1elc,6.66,7.0039062
2z8e,8.0,8.8046875
4flp,6.72,7.4804688
4p45,7.8,8.7109375
4hv3,3.94,4.5664062
4qok,5.19,5.0078125
2pja,8.66,8.6875
2gph,5.3,6.4140625
2xdx,6.46,6.75
1ol2,6.28,6.59375
3q2a,5.3,4.9296875
2r3n,7.15,7.71875
3kbz,6.91,7.8476562
2y1g,6.15,6.6171875
2gpp,5.7,5.9882812
4u0n,5.77,6.1210938
4bj9,7.35,8.1015625
2v22,5.39,5.6679688
3qzq,5.64,5.2109375
1sme,11.22,10.5
1zz2,5.22,5.1640625
1q1m,5.16,5.1875
4d89,8.7,8.28125
2r9b,6.57,6.84375
1o4e,3.3,3.4882812
4mzk,5.31,6.6953125
2ei6,7.39,7.6523438
2ieh,6.96,6.7929688
2vmd,3.02,3.34375
4c4f,7.59,7.125
4ndu,2.74,3.0957031
4qpl,7.41,7.4921875
3upy,5.62,5.6484375
3eyh,7.7,7.9335938
2ha5,4.34,4.7460938
3omc,5.0,4.5820312
4inh,6.25,6.421875
2yer,7.7,7.8554688
2ohp,4.03,4.3828125
1o6q,7.64,7.6796875
1zvx,9.22,8.2421875
1ya4,4.82,4.6679688
4dma,6.19,6.2695312
2ha6,4.32,4.4296875
5ale,5.95,5.75
3emh,6.85,7.5859375
1ove,9.13,9.171875
3u0p,5.68,6.0117188
1jwu,5.34,5.3046875
2vyt,2.74,2.6503906
2p7z,6.58,6.609375
4to8,1.24,1.2626953
1gja,5.42,5.7148438
3rwd,8.0,7.9140625
3rzb,4.0,4.1132812
3eta,7.85,7.875
1flm,9.37,8.8359375
4eoi,6.05,6.3984375
4ehg,7.19,7.1835938
4mot,7.3,7.6445312
3sl8,6.54,6.90625
2ydv,7.86,8.3203125
2wbd,6.64,6.6757812
4arw,7.13,7.0
4gq6,7.28,8.0546875
3bmo,5.27,5.1875
3v04,7.89,7.5625
3r2a,6.12,6.2539062
1bjr,7.68,7.7109375
1bn1,9.34,9.71875
3of8,9.22,9.3046875
1qvt,4.38,4.3359375
4wv6,4.98,5.1171875
4kab,4.03,4.7304688
2bpm,8.7,8.25
4x61,9.0,7.4921875
1qx1,2.12,2.3261719
2ccu,6.13,6.3164062
3lp7,5.44,5.15625
2qk8,7.91,8.65625
4psh,8.89,9.0859375
1a9m,6.92,6.953125
1tmb,6.74,6.2382812
1qbv,5.39,5.5664062
4n98,3.55,3.2753906
4bw3,6.3,6.5898438
4s1g,9.22,9.03125
2c90,3.48,3.734375
3ubd,5.54,5.8398438
5am3,8.3,8.5078125
1i7g,6.0,5.6289062
2x7u,5.27,5.4257812
2qwb,2.74,2.9355469
4qyy,7.3,6.5742188
4pd5,2.86,3.4921875
2jjk,8.05,7.9140625
1dzp,5.44,5.671875
1bky,3.84,4.3867188
4e34,6.01,5.6992188
1pu7,3.1,3.1074219
3biz,7.24,7.4765625
2qcm,3.35,3.4511719
2wfj,7.15,7.328125
1mcz,3.0,2.6894531
4jv9,5.74,6.1210938
4gui,3.64,4.0
4lps,5.74,6.2148438
3ukr,4.92,5.2773438
3q0z,7.7,7.3945312
3zcw,6.19,6.8632812
4r3b,6.25,6.3710938
2b7f,7.3,8.1484375
1swn,12.0,13.375
1bzf,8.3,7.8554688
3s7m,8.0,7.484375
2vot,7.14,6.8007812
4pp7,7.96,8.2578125
3u4h,4.25,4.5976562
2w6m,4.67,4.6210938
3k97,8.0,8.1015625
4gb9,6.27,5.796875
2wj2,8.33,8.7578125
3zmu,4.3,4.0703125
2w5i,4.54,4.6601562
3shv,6.66,6.5078125
2aez,2.46,2.7519531
4ret,7.59,8.1796875
3dog,7.4,7.0625
1tbz,9.8,10.21875
4dhf,7.55,7.8828125
1a37,6.92,6.8515625
3g0b,8.15,8.15625
2fwy,6.7,7.2695312
3olf,7.7,7.671875
4qvv,5.15,4.9726562
4zur,7.17,7.1796875
2nnk,8.37,8.3671875
3inf,7.4,6.9609375
1wb0,5.35,4.6875
3g6m,1.71,2.0761719
3mo5,6.87,7.2382812
4oq6,5.48,5.6328125
4djw,6.28,7.3554688
3sv2,4.19,4.125
4x7q,7.85,8.28125
1ets,8.22,7.8203125
1nw4,9.07,8.9921875
3nht,7.01,7.2070312
2fqy,6.57,6.5234375
3ebi,7.1,7.7070312
4cff,6.4,6.3007812
1q6s,7.92,8.40625
1n1m,5.7,5.6640625
4gwi,3.69,4.1445312
4dru,8.62,8.609375
3ggw,5.54,5.7539062
1kc5,7.0,8.0703125
4awk,6.89,6.3984375
4nw2,4.54,4.0390625
3oxz,8.07,8.765625
4wrb,6.19,5.6367188
3ral,7.0,6.9570312
1ohr,8.7,8.9765625
1mwn,6.7,5.5820312
2qn1,4.77,4.7421875
2c6n,6.88,7.2734375
4y8y,9.15,9.0
3ta1,3.25,3.578125
4jv6,6.66,6.359375
4n7g,5.66,4.75
3gs7,5.44,6.1914062
4tpw,4.69,4.7109375
1a4q,5.44,5.09375
3l3l,7.48,7.6640625
2h5d,8.19,7.8554688
5bue,8.52,8.6875
2qq7,5.24,5.6015625
1jjt,8.05,7.3828125
2flu,7.7,7.3046875
2pe0,7.1,6.7851562
1udu,9.05,9.2421875
1gwv,2.57,2.6347656
4x3e,5.47,4.703125
2ot1,4.0,4.3554688
3acx,5.7,5.8554688
1mq5,9.0,8.8515625
4msk,7.2,7.4453125
4gpk,7.52,7.890625
4dfw,7.85,7.8515625
3t2p,3.6,3.7285156
4z6h,6.21,5.9921875
2x3t,6.05,5.3632812
4pvo,6.31,6.296875
4kmu,7.92,7.7226562
3btl,5.96,5.609375
4fsl,7.7,7.7539062
4e8w,6.09,6.328125
3lq2,5.22,5.578125
3drp,9.7,8.828125
4y64,3.1,2.9648438
3lnj,6.66,6.765625
3myq,7.52,6.4375
2wu6,7.53,7.0585938
3p3u,6.48,6.7382812
2w77,9.19,8.25
4rfy,7.0,7.1679688
4xmb,7.36,7.1132812
4yp1,5.04,5.1640625
3ax5,5.85,5.4882812
4f1q,4.95,4.5507812
4od0,9.04,8.8828125
3el1,9.64,9.9375
1pxm,7.22,7.1484375
4mwb,6.49,6.40625
1w22,6.76,6.90625
4gfn,8.3,8.71875
3l3x,6.15,5.546875
4nyj,3.49,3.4355469
4x9r,7.82,7.984375
1a1c,6.4,5.9023438
1inc,9.34,9.3203125
3b7j,5.17,5.1523438
1lek,8.89,8.6484375
3h0z,8.37,8.09375
4drp,5.41,5.4648438
3oay,1.7,1.96875
1p6d,2.94,2.8417969
3opr,6.59,6.3242188
4jk6,7.19,7.5546875
2cbs,8.22,7.7148438
1kmy,5.1,5.4296875
4uib,9.0,8.734375
3e62,4.39,4.7148438
4qt1,8.15,8.171875
1bq3,5.4,5.65625
1tmm,6.64,5.9492188
4ps5,6.54,6.4492188
4lm3,2.92,3.0839844
4pnk,6.6,6.5351562
4qvl,6.53,6.75
3d1e,5.77,5.65625
3wbl,4.64,5.4492188
4z7n,5.04,4.9609375
3rvi,7.96,8.1640625
4iks,5.14,4.5703125
4prg,7.15,7.015625
4fbx,7.66,7.546875
2ohl,3.05,3.6425781
3ti6,9.27,8.671875
4hwr,6.74,6.6328125
1o42,8.05,8.3203125
4gj9,3.3,3.6269531
2q2a,7.41,7.15625
1o43,5.66,5.8007812
4ezo,6.52,5.3203125
4rse,6.4,6.7617188
4j24,7.3,7.15625
4li7,6.11,5.7460938
1a5v,3.1,3.1835938
3bgb,6.05,6.1445312
3m37,9.04,9.1015625
1dhi,7.26,6.2773438
1td7,4.37,4.7851562
4idn,5.24,4.984375
3fty,3.21,3.5195312
7std,10.72,10.796875
4je8,5.21,4.9882812
2ay7,2.3,1.9257812
1rww,8.3,8.0625
3rwj,7.8,6.9179688
2o9r,1.68,1.9863281
2cbj,8.27,7.6875
1no9,7.62,7.8671875
4bo1,7.3,7.6679688
2fes,9.01,8.90625
3tdu,5.67,5.6054688
4tmr,7.22,7.1132812
5al5,7.15,6.8164062
3i73,5.49,5.6875
4q3s,6.59,7.1992188
3tu9,5.12,5.3671875
3ual,5.81,4.625
1jsv,5.7,5.6757812
2h3e,5.7,5.6992188
1gi8,5.05,4.9765625
1b7h,8.02,9.0078125
3rtm,4.42,4.0546875
1zog,7.15,7.3085938
2v85,4.46,3.9570312
1c3i,5.8,5.2851562
2w16,10.0,9.8359375
4rxz,6.74,6.5078125
3ttj,6.68,6.125
2i47,8.66,8.2578125
4a9m,6.3,5.8359375
3ovz,8.06,8.03125
2xzc,5.64,5.8789062
2vpg,5.68,4.6484375
2yel,7.28,7.1054688
2bb7,5.67,5.6601562
3cr4,4.28,3.8261719
4d2w,4.51,3.8925781
2fl6,7.42,7.265625
2rk7,4.05,4.1523438
3ayc,4.24,4.0195312
4rj3,7.03,7.1015625
3znc,7.34,7.3789062
3hnz,7.72,6.7226562
3t19,8.66,8.28125
4otf,8.22,8.0390625
3hkw,8.64,8.734375
4ffs,10.44,10.203125
4bnz,6.59,6.6289062
2vtq,6.85,6.3242188
3jxw,9.0,9.3046875
4bbf,8.66,8.875
1g05,8.51,8.2734375
2e9d,5.89,5.953125
4acg,9.66,10.0
1nz7,7.12,7.0195312
4ddm,2.46,2.6269531
1b5i,7.05,6.359375
4aa1,4.12,3.7578125
4pct,7.15,6.6640625
4xx9,5.08,5.3671875
4i8x,2.64,2.9335938
4ojq,3.3,3.0859375
4o09,7.7,7.1679688
3arn,5.41,5.4492188
4wpn,6.68,6.6523438
4hcz,4.44,4.2851562
4or0,7.46,8.484375
4qlq,8.18,7.453125
3oyq,7.99,7.0976562
3q2h,9.16,8.640625
2y8q,5.82,5.6914062
3w0l,7.02,6.5742188
1tkt,6.15,6.7929688
3kpu,3.16,3.5585938
4eft,4.07,3.6210938
3qar,6.49,6.3632812
3eml,8.74,8.203125
4c72,5.09,4.9296875
3el9,8.4,8.5234375
2yde,3.72,3.2148438
4ci1,6.6,6.3984375
3pi5,6.02,5.7539062
3djk,10.59,10.0859375
4gj7,6.77,7.5976562
3iqj,4.93,4.296875
1aqj,6.47,6.359375
3ps1,10.17,9.515625
3sdg,5.55,5.5117188
4c36,7.7,8.046875
1cka,5.72,5.2929688
3umw,8.52,8.40625
3gc4,7.6,7.6757812
3wqw,5.23,4.875
4yti,7.89,7.5976562
4w9o,7.77,8.0546875
4zg6,6.33,6.15625
3vry,8.11,8.1484375
4jxw,4.72,4.9492188
3r0y,4.84,4.3007812
4od9,7.24,6.9609375
1cps,6.66,6.2578125
1o6h,6.73,6.3984375
4kba,8.22,8.6484375
3g9n,5.74,5.7304688
3gsm,6.48,6.296875
1g54,8.82,8.7109375
5ar4,6.7,6.421875
3osw,6.15,6.09375
4v24,8.37,8.6796875
3lqi,5.16,5.4140625
2lbv,7.59,6.328125
4oz2,3.0,2.84375
2ooz,5.15,5.3085938
1gi9,5.22,4.8671875
2vth,3.92,3.5507812
3f8c,7.68,7.4960938
4gvu,7.52,7.2148438
2ja3,4.0,3.8945312
1uw6,7.34,7.078125
3mvh,9.3,9.1328125
4aa4,8.05,8.0
1z3j,8.0,7.9882812
4a2a,4.35,4.5625
2d0k,5.02,4.828125
4mny,5.71,5.359375
4w9s,6.82,6.5390625
1ukh,6.38,6.2226562
2hwh,5.7,5.75
4u6y,7.08,6.7851562
1no6,4.41,3.7128906
4fyh,4.85,5.15625
4l0i,6.57,6.0898438
4m2r,8.49,9.1640625
4p0b,6.54,5.8164062
3udq,6.0,6.1757812
2vur,4.52,4.640625
3unn,4.4,3.9414062
1x70,7.74,8.1015625
2iu0,6.89,6.8046875
2f3e,6.81,7.125
4b05,7.58,7.5898438
1uxb,2.15,1.8056641
3chd,4.92,5.0117188
3gi6,11.22,11.1171875
2cfd,7.49,7.7539062
1mtr,8.4,8.046875
3hzm,5.52,5.0976562
3hr1,9.43,8.2890625
1a5h,6.3,6.6054688
3ara,6.49,6.0820312
4x6x,8.64,7.8515625
4a9u,7.22,6.3867188
4lmn,10.3,9.59375
4uuq,7.54,6.6132812
2pl9,4.17,3.3300781
4hz5,5.92,5.2890625
2zmj,7.52,7.3632812
3ask,6.43,5.8476562
2ygu,6.49,5.8515625
3psl,6.89,5.7929688
4r6x,5.27,4.5976562
4f6v,5.8,5.53125
3tv5,5.32,5.6054688
4ewn,6.7,5.9375
4i1r,4.65,4.0429688
2iwu,5.92,5.9570312
3st5,11.3,10.0078125
1i33,4.12,3.8027344
2gde,8.24,8.0859375
3axk,4.15,4.09375
3byo,8.15,7.7851562
4ask,7.22,6.8242188
4old,2.7,2.1914062
4b1j,7.3,6.984375
1bxq,7.38,6.1132812
2uw6,6.55,6.3789062
1uyi,5.39,5.1445312
2wf1,8.7,8.1875
5c42,8.72,8.3984375
1usn,7.74,7.71875
3o8h,6.24,5.6210938
4ybt,7.0,6.5390625
2za0,6.64,5.8359375
1i8j,4.41,4.5039062
4jbs,7.96,7.2265625
2c4f,7.7,6.4375
3q7p,5.8,5.3476562
3peq,7.5,7.1132812
4bxk,7.95,7.7382812
2pgl,3.59,3.5390625
3kgt,5.51,4.984375
4r76,7.85,7.890625
1h0w,4.89,4.6679688
4nw6,8.4,7.6640625
4j04,4.96,4.4179688
2k3w,5.24,4.375
1ym4,7.41,7.03125
4tz8,3.3,3.2050781
4mx9,8.59,8.4921875
3fh5,7.06,6.5234375
4gk7,7.9,7.671875
3hiw,8.06,6.8085938
4ggz,10.18,9.328125
3vru,10.0,8.5234375
3ogm,7.32,6.625
3vbg,7.48,6.4414062
1wu1,7.74,7.2304688
3pe1,9.65,9.015625
1oe7,5.52,5.6679688
4x8p,5.48,4.7109375
4jfm,5.48,5.171875
3u8m,8.89,8.9453125
1q84,11.05,10.15625
3pcu,5.29,4.921875
1y2g,4.08,3.7675781
1swg,7.36,6.75
3s8o,6.85,5.8789062
2x81,8.3,8.2109375
4hvg,7.77,6.5
4pry,7.7,7.3203125
4gsc,5.85,5.1796875
3ipb,6.7,6.2695312
1vkj,4.85,4.3320312
2lsp,3.56,3.1328125
2w6z,2.82,3.0976562
3tia,8.51,8.5546875
3h5u,8.52,8.21875
4yay,8.54,8.046875
3gs6,6.59,6.5546875
3qcs,6.5,5.546875
2gfk,4.52,4.40625
3tn8,6.13,5.7421875
2z78,6.12,5.4257812
4m14,6.7,6.5195312
4a4g,2.99,2.6191406
4hva,5.89,5.8242188
1ke9,6.18,5.3789062
3n0n,7.3,7.15625
3amv,7.97,7.71875
2o4l,9.22,9.1328125
1r17,6.42,6.09375
3py0,6.89,6.8359375
3cgy,3.15,2.7304688
1g98,5.7,5.015625
1fwe,5.6,5.8242188
2vqt,6.0,5.421875
2hzn,7.39,6.8164062
4d8c,8.7,8.2578125
2wf3,7.72,7.7578125
3e9h,7.55,7.1445312
3zvt,5.92,6.1367188
1lgw,4.0,3.9335938
4xua,4.59,4.140625
4pyq,5.36,4.59375
4at3,8.4,8.25
4zxy,6.4,6.0195312
3f07,5.54,4.671875
2ra0,7.8,7.3085938
4qyh,8.89,8.4375
2k62,4.7,4.0625
4rss,8.77,7.9375
3x00,9.08,8.625
2uw5,7.51,6.6328125
1uti,5.62,4.65625
3g2l,3.87,3.5058594
4deg,8.22,7.4921875
4nus,8.3,8.1484375
2e27,9.35,9.0234375
2ogz,7.08,6.6015625
2wgj,8.7,7.796875
2c80,5.33,5.0390625
3hxc,5.28,5.0507812
4abe,3.4,2.6367188
2jkh,8.05,7.4179688
4gw6,6.2,5.3320312
3mlb,4.8,4.0625
3qsb,5.08,4.5390625
1h25,5.74,5.2382812
3gy7,4.52,4.6796875
2jmj,5.04,4.9921875
3snb,4.38,4.8710938
1ilh,7.39,6.6875
4ajo,7.03,6.4765625
2ow2,8.22,7.4960938
3oy0,8.0,7.1015625
2i0h,8.05,7.1796875
2vcj,7.68,6.984375
3iux,7.6,7.1289062
4b8p,6.85,6.6796875
2xu1,7.66,7.1679688
3c10,6.52,6.4609375
4qpa,7.43,7.4960938
5dhh,9.18,8.71875
3h0e,8.15,7.875
2zq0,6.82,6.0820312
4mvh,8.35,8.265625
4ggl,9.0,8.375
2pjl,6.72,6.0585938
3new,5.0,4.890625
3n7h,4.5,4.6875
1koj,6.7,6.6445312
4ruy,7.89,7.8945312
4re3,8.57,7.578125
2oc0,7.82,7.265625
4eqj,5.6,4.9023438
1uyk,4.77,4.6757812
4oon,7.52,6.6757812
1dub,5.8,5.515625
2qu5,8.06,7.8710938
1o4p,2.6,2.5898438
1wdq,1.98,1.8730469
2w1f,8.23,7.859375
1x8b,7.01,6.5117188
1eou,7.44,7.3828125
1ozv,1.44,1.8095703
2c5y,6.6,6.1054688
2j50,7.89,6.875
4mr5,6.6,6.140625
3ken,5.4,5.046875
3uvm,7.52,6.46875
1lfo,6.7,7.0859375
4j0t,6.74,6.7382812
4az2,7.33,7.7265625
2yem,7.81,7.203125
3daz,7.93,7.6992188
3dhk,7.33,6.4375
2ada,13.0,10.921875
4hlg,6.51,6.5117188
3r6c,4.72,4.328125
3ts4,8.72,8.0078125
4x5y,8.03,7.9960938
3imc,2.96,3.5703125
2jg8,6.3,6.2304688
3c4f,5.72,5.953125
2y1o,5.09,5.3476562
4q6e,6.18,5.5
3n49,5.15,5.0
4umc,3.44,3.8417969
2v0z,9.22,9.140625
1ayu,9.15,9.359375
2k0x,5.68,5.4492188
3wb5,4.57,4.2773438
2xab,9.27,8.8515625
2oc9,7.96,8.078125
4mzj,5.8,5.9101562
5akg,4.46,4.3828125
4mh7,5.23,5.3828125
3isw,4.05,3.8417969
4qy8,7.19,7.1953125
3wc5,8.7,8.75
2k31,8.7,7.4140625
2i72,7.43,7.40625
3t4p,5.19,4.765625
1nlo,5.47,4.9765625
3pqz,4.46,3.5605469
4rqz,5.4,4.7070312
5agj,6.15,5.65625
3vzg,1.72,1.5527344
1yye,8.57,7.71875
2v5a,6.82,6.1835938
2gvj,9.52,9.3828125
3eyu,7.62,6.8632812
5alm,6.53,6.0703125
1k1m,7.4,6.9648438
4ty8,2.03,2.4960938
2j95,8.4,8.1015625
2osm,6.2,6.1171875
2jkr,6.07,5.6523438
4m8x,10.2,10.140625
4hyi,8.52,8.5703125
4ozl,4.97,5.03125
3pkc,6.02,5.9296875
2xnm,6.8,6.1445312
4mqu,8.4,7.1601562
2vto,6.85,6.6210938
3r7r,8.74,8.4921875
4jdf,2.19,2.0585938
3fwv,5.64,5.25
2qky,9.61,9.3046875
2wos,3.9,4.4414062
1p6e,2.92,2.9589844
3ska,7.49,7.2695312
4gcj,7.7,7.2265625
3fvg,6.89,6.6445312
3o7u,7.28,6.9296875
3q4l,7.26,6.8398438
3i4b,8.15,8.109375
4ybm,6.85,6.9375
3zw3,7.47,7.1054688
3btc,5.75,5.203125
5als,7.72,7.4921875
2yme,7.66,7.3476562
2aou,7.73,7.171875
1h35,7.54,7.0703125
4mdq,5.92,5.5976562
4o4g,8.05,7.7890625
2zgm,1.79,1.9990234
1bqm,7.35,6.984375
4iuv,5.72,5.8828125
4eyr,6.63,6.078125
4zo5,9.82,8.5078125
2r3t,5.85,6.015625
3bv3,9.34,8.8125
4pee,8.32,7.9140625
5auu,4.68,4.7695312
5dk4,8.7,8.6640625
3kqw,4.01,3.8457031
4nw7,6.63,6.515625
4kxb,4.12,3.9375
4j4n,6.88,6.3515625
4hlm,6.77,6.8945312
4nk3,6.33,6.234375
3w8o,7.62,7.6445312
1cr6,8.51,8.2578125
1pi5,7.77,7.8867188
3b82,4.43,4.5
4ux6,5.92,5.0546875
1o4o,2.46,2.8125
3al3,5.68,5.8164062
1ywh,7.79,7.9804688
1epp,7.16,7.7929688
5c8k,7.7,7.96875
4jib,7.35,7.4726562
4yvc,5.96,5.8007812
4acc,7.7,7.84375
1jbd,6.92,7.09375
1sdt,9.27,9.0078125
4qz3,5.51,5.8398438
1lev,5.6,5.3632812
3rqf,4.41,3.7949219
1tl9,5.52,6.3007812
4cl6,5.39,5.4765625
4btk,6.62,6.765625
3lpk,9.1,9.0546875
4m8e,7.89,7.7734375
8a3h,4.06,4.640625
2ihj,4.59,4.828125
4y16,7.43,7.7070312
1oxn,5.68,5.6289062
4cjq,3.59,3.0390625
2g70,7.77,7.765625
4d63,1.64,2.3085938
2l11,4.82,4.765625
1o3g,7.96,8.171875
4pv7,6.63,7.2460938
3hpt,8.19,8.390625
3llm,4.74,4.9375
4ci2,6.75,6.6328125
1q95,7.57,7.3203125
4tw7,7.59,8.34375
2xwy,5.22,5.2929688
3s43,8.6,8.53125
4nhc,7.34,6.5664062
2vvu,8.1,7.7109375
4yrs,3.07,3.0039062
3jzg,4.4,4.4765625
4pox,5.43,5.9257812
3ob0,3.0,2.9882812
2qmd,8.3,7.9179688
3ove,6.57,6.0976562
4jfk,6.44,7.4179688
2phb,9.49,9.2421875
3n4c,8.02,8.0625
3vw2,4.75,5.0390625
4fli,5.44,5.9257812
3t0x,8.0,7.7617188
4eu0,6.4,6.0390625
4ark,7.2,7.7773438
4b13,5.7,6.2578125
3tu7,8.09,8.6875
2ez5,5.52,5.46875
4v11,6.49,6.2265625
3c84,7.85,7.1835938
3mle,5.24,5.2109375
3d9v,8.22,8.2734375
2i5j,6.3,6.296875
3wv1,11.41,11.609375
2r1x,4.8,4.5859375
3afk,3.6,3.3378906
4pri,4.03,3.4863281
4qw4,6.95,6.5703125
1nhw,4.84,5.0
2ewp,7.1,7.59375
1pig,9.15,8.2421875
2pks,4.96,5.3789062
3c14,3.52,3.5703125
1lf3,7.0,7.0625
2fqw,6.68,7.7382812
4pyx,6.14,5.7382812
4aph,5.4,5.3945312
4lh2,1.24,1.7529297
2iiv,8.18,8.21875
4rj8,7.77,8.46875
3ed0,6.35,5.6445312
4exz,7.54,7.3554688
3bti,6.14,6.4726562
3udd,7.1,7.1054688
3rx5,6.27,6.4023438
1h2k,2.92,3.4824219
1h0a,5.44,5.5976562
1q1g,8.57,8.3046875
4qhc,6.7,7.3359375
2p4s,9.51,9.375
2uzj,4.57,4.5898438
2pv3,5.25,5.078125
2xno,5.93,6.03125
3dgq,4.92,5.1601562
4no8,7.15,7.3085938
3dwb,6.19,6.3085938
4xm7,3.57,4.4453125
1shd,6.17,6.5703125
2qu3,6.23,6.5585938
2w0p,6.52,6.8046875
1i43,3.7,3.8242188
3m59,5.24,4.6367188
1kf6,6.7,6.9882812
2r3i,6.0,5.9179688
4hzm,4.63,5.0039062
4c9x,7.32,7.7265625
3t3h,5.71,5.7578125
3fuk,3.02,2.8652344
2xp5,3.44,3.9160156
3s3n,7.06,6.8945312
1jlq,8.15,8.296875
4crf,9.3,9.203125
2qhm,6.18,5.8164062
4y5h,7.82,7.90625
3rxo,4.08,4.359375
4xqb,3.79,3.7773438
2pov,7.12,7.09375
3rjw,7.57,7.921875
2vcg,5.77,6.0234375
2xs0,5.15,4.8789062
4nan,4.72,4.65625
3q43,7.37,7.9648438
3s8l,5.64,5.8867188
3nq3,3.78,3.6132812
4myh,4.64,3.6699219
3npc,8.34,8.5859375
2fdp,7.59,7.3398438
2ohu,5.38,5.7421875
3ern,1.72,1.7412109
4cli,8.89,9.4609375
4h1e,8.52,8.1015625
2w1g,8.52,9.671875
1d6v,6.17,6.46875
1tmn,7.3,7.2539062
1efy,8.22,8.0234375
3ihz,6.8,6.8632812
4qls,7.44,6.8632812
2mps,5.41,5.9570312
4xjt,5.14,5.6015625
4quo,7.92,8.2578125
2wbb,6.04,6.2617188
3pxe,5.7,5.9414062
4d88,7.31,7.375
1oau,7.7,8.328125
2lct,5.14,4.9765625
3wq6,4.59,4.3242188
2wd7,4.97,4.9375
1jd5,6.62,6.8398438
3hl7,7.64,7.4453125
4ucr,3.3,3.1953125
2l6j,6.26,6.2578125
3fhb,5.7,6.0625
5e0a,6.59,5.953125
1pmn,8.15,7.75
2hmh,7.15,6.3320312
1lkx,5.15,5.1757812
4b70,5.2,4.9023438
3wkc,3.71,3.640625
4eg5,8.1,8.6640625
2zfs,6.54,6.875
1ong,8.05,7.6992188
4a4h,2.77,3.0722656
4mq2,7.01,7.0625
3gc7,9.22,9.7578125
1g9d,5.3,6.0703125
2cvd,6.1,6.359375
2vtd,4.07,3.9179688
5dde,7.19,7.328125
3pj1,7.32,7.375
3bkk,6.08,6.0742188
1vyw,7.43,7.1367188
3qx5,4.2,4.1796875
4yff,8.0,8.359375
1z6p,6.05,6.234375
3kdu,6.46,6.609375
4fe6,10.0,10.9296875
3tvl,4.0,3.7324219
3sdk,6.8,6.0898438
1usk,6.4,6.640625
1f7b,4.6,4.5625
1dth,8.22,8.078125
1zz3,6.54,6.6992188
3bgp,7.04,6.5507812
3v30,3.74,3.7617188
4fk7,5.24,5.0117188
1xos,4.7,4.8320312
4x8t,2.05,1.7939453
4bxu,7.0,6.9375
3u3u,6.88,6.1523438
2c6l,6.57,6.1914062
1a08,5.62,5.9101562
3m5e,7.37,7.078125
1pzi,4.22,4.09375
1hk2,6.77,7.015625
3q8h,4.15,4.2148438
2r6w,9.36,9.96875
4gii,8.74,8.9453125
2xm8,6.8,6.5507812
3wk4,5.13,4.9570312
3bki,5.12,5.2929688
1lv8,5.46,5.0546875
3ozj,5.11,5.2421875
4bt3,3.12,2.9746094
1l6m,8.1,8.625
4ha5,7.24,7.4492188
5fl4,7.0,6.8554688
4gjc,7.05,7.578125
1zd2,3.3,2.8867188
4wq2,6.3,6.0234375
3gen,9.14,8.6875
4u58,2.0,2.5117188
3odi,7.82,7.6757812
3lce,3.81,3.7636719
4k2f,7.4,7.2265625
3vv6,3.8,3.0371094
4dtk,8.52,8.484375
2amv,8.8,9.5625
3bu6,5.89,5.4257812
4kpx,7.3,8.203125
3c7n,6.7,7.2890625
4nrq,3.46,3.7285156
4ciz,7.29,7.4882812
2v16,8.22,8.5625
2ewy,6.15,6.1679688
4erw,8.15,8.3984375
4w4s,5.02,5.34375
1fkn,8.8,9.375
3bys,9.3,9.3046875
4qp7,5.23,5.0390625
2o8h,7.6,7.4765625
2nsl,4.68,4.4023438
4ibc,2.98,3.28125
3uoj,7.29,7.5390625
4mw2,6.7,6.6210938
4mx1,3.68,3.4160156
4w57,4.85,4.6992188
3d78,7.64,7.5351562
1t13,7.38,7.0390625
1y2c,6.57,6.6796875
2p7g,6.53,6.390625
4djs,7.89,7.65625
1bjv,5.54,5.78125
4cu1,4.71,5.5390625
3gcv,7.13,7.0351562
5auz,4.01,3.6855469
2fq6,7.1,7.2539062
3pty,5.44,5.9726562
1o9d,5.6,6.2851562
4hmh,6.21,6.2773438
4yrr,2.7,2.9804688
2c6o,8.22,7.8164062
1tfz,8.15,7.5820312
3btr,5.3,5.6992188
1xp1,9.3,9.4140625
5d7e,3.82,3.5546875
4x8g,6.0,5.65625
5dtj,4.47,4.6640625
2who,7.7,7.453125
4k5m,3.71,3.3261719
4utv,5.09,3.9980469
1qku,9.59,9.9921875
4rlt,4.96,4.0078125
4b6s,6.01,5.625
2viv,6.28,6.3632812
2g9q,6.4,6.1875
2woa,5.94,5.640625
2g19,5.85,5.9296875
3dpk,8.39,8.265625
4aua,5.14,4.7226562
1nl9,5.96,6.0117188
2cgf,6.41,6.359375
2qlb,5.89,5.2226562
2jk9,6.82,6.2421875
2va6,6.17,5.6953125
4km0,6.04,6.1757812
2va7,6.7,6.9648438
1wzy,6.25,6.7382812
5e0l,6.4,7.4335938
3hy5,7.7,6.9726562
4fev,5.42,5.0507812
1y8p,6.08,5.7539062
4e70,5.28,4.1875
4x6h,7.66,7.3007812
4lop,8.15,7.9765625
4lys,4.34,4.625
2g72,6.5,6.6523438
4cfx,5.06,5.1992188
4ufl,2.64,2.2324219
1x38,8.77,8.6875
2b1g,6.64,6.6757812
4kif,4.84,4.9257812
2wyn,5.55,5.1484375
3l3z,4.87,4.609375
4g8l,8.0,8.0078125
3oct,8.3,8.2109375
1i9m,8.48,8.34375
1bn3,9.89,10.0859375
3uo9,7.1,7.0039062
2zjv,5.14,4.703125
2br6,2.96,2.875
4ogi,7.43,7.9414062
3a29,7.89,7.7421875
2kbr,4.6,4.484375
3p55,7.1,7.2226562
1azx,9.4,9.328125
1mfi,5.59,6.0625
3s2p,7.17,7.6796875
4mo4,4.22,4.3046875
8gpb,3.6,3.5292969
5ea3,8.77,9.1015625
4qzx,6.26,5.6914062
1lf2,7.52,7.7539062
3sxf,8.6,8.265625
3wzn,7.0,6.890625
3g2k,4.79,4.5859375
5d9k,8.4,8.6796875
3oz1,8.7,8.4453125
1q6j,7.8,7.6953125
4lp0,8.0,7.6367188
3bh9,6.93,6.3398438
4d8e,7.01,7.1367188
3nif,5.1,4.9921875
4p2t,5.43,4.984375
3qxh,5.24,5.203125
2xpa,5.39,5.234375
3rxe,4.76,4.8515625
2xk9,10.15,10.3671875
3fqk,7.09,6.9726562
3skc,8.8,8.1328125
2zdk,6.37,6.5195312
3h8b,6.29,5.9296875
3ud5,3.82,3.6875
4izm,6.66,7.4179688
3rhx,6.08,5.6484375
3o9b,12.3,12.28125
1j1a,7.54,6.9570312
3k22,7.9,7.8476562
3lle,4.97,5.0429688
3dz5,8.15,8.28125
4lv3,5.49,5.6796875
2wej,6.08,6.4648438
1v2q,4.13,3.8398438
1h61,4.89,4.7734375
2w2i,6.04,6.3085938
3ifp,7.61,7.2578125
1inh,2.3,2.3652344
2er0,6.38,5.7773438
4y87,7.24,7.6679688
3pd9,6.22,5.9726562
4ezx,5.8,6.0117188
4n5d,3.22,2.8671875
4zyc,6.42,6.6328125
1fq8,6.03,6.3515625
3nw3,6.49,6.8164062
3rbq,6.27,6.078125
4ejf,5.1,5.0546875
2xa4,8.52,8.8125
4j3i,5.74,5.6328125
4gw1,6.37,5.8632812
4o7d,3.0,3.1035156
3t82,7.0,7.0820312
1o2k,6.92,7.03125
1xuo,7.16,7.1796875
2l12,4.26,4.3476562
3r2f,8.85,8.84375
2il2,7.1,7.7460938
2of4,7.09,7.0351562
2jdv,8.2,8.2265625
1bwb,8.42,9.0
1b56,6.1,6.0195312
4da5,6.44,6.2265625
4nmv,4.95,4.4960938
4ux4,7.01,6.9375
4ehz,8.0,7.96875
1gmy,7.35,7.6640625
2p93,8.82,8.3359375
3nzk,9.27,8.8671875
4g0a,7.6,7.4335938
1ida,8.7,9.1171875
4jfj,5.68,6.3476562
1o41,3.05,2.9667969
4i7d,7.0,7.296875
3e90,7.39,7.1640625
3q3t,7.43,7.7421875
4why,8.1,8.5546875
4e3d,2.3,2.296875
2ym3,6.0,6.171875
3iu9,6.62,6.546875
4csy,3.06,2.7753906
3ozr,5.15,5.2226562
3n2c,5.12,5.828125
4xv2,8.27,8.109375
3bi6,7.82,8.078125
4el9,5.36,5.6054688
2kpl,6.64,6.1640625
3gqo,5.41,4.9960938
2vj8,8.7,7.8984375
2llq,5.82,5.5585938
4lkl,6.09,6.0625
3oot,8.7,8.8203125
2o9a,3.81,3.5351562
1dg9,2.74,2.4804688
4l7l,6.0,6.4765625
3f88,8.64,9.0390625
1y2j,7.48,7.5820312
2mov,7.4,7.4960938
4nmq,4.49,4.3984375
3k9x,8.4,8.5078125
4g17,7.54,7.5429688
4bdb,4.07,3.9492188
2xxt,8.05,8.0703125
1xh8,5.77,5.7460938
3eht,5.17,4.8007812
3jqg,4.74,4.9179688
1syo,9.0,9.4609375
1bji,8.7,8.3671875
3d28,5.85,6.0234375
3msc,3.31,4.3554688
3g0c,5.7,5.5507812
4hyb,6.46,6.1328125
5cte,7.8,8.234375
4xh2,8.22,8.7109375
4duh,5.18,5.453125
2o22,7.17,7.3984375
4auj,7.74,7.3164062
3fup,7.66,8.078125
4ksy,8.42,9.140625
1rgk,4.31,3.9902344
3h2n,3.67,4.2226562
4tyt,7.7,7.5742188
4fqo,5.16,4.90625
3lmp,6.21,6.6992188
1udt,9.3,9.328125
3csl,7.22,7.0742188
2w26,9.4,9.1953125
3sqq,5.32,4.8203125
4u1b,5.31,5.2304688
5ctb,7.64,8.3125
3ked,2.44,2.4042969
2ael,6.29,6.3632812
3pr0,9.54,9.0390625
4uro,8.4,9.3125
2jbp,8.07,8.78125
4hiq,8.21,7.9296875
2fzz,10.52,9.9140625
2pwc,6.57,7.8632812
1jt1,3.4,3.3535156
3m55,6.21,6.3085938
2a3x,6.92,7.421875
4m5n,5.12,5.2148438
4mvy,7.54,7.7265625
5afm,4.15,4.1015625
1cj1,8.8,9.2109375
3djp,4.2,4.3203125
3fea,7.44,8.0859375
1bmm,7.1,6.8046875
3sn7,9.15,9.1328125
2j83,4.21,4.40625
1g9t,3.28,3.3359375
3l54,8.15,8.640625
4jlm,7.64,7.671875
3wav,6.74,6.9921875
1oyq,6.96,7.1992188
3dxh,3.19,4.09375
1wbv,3.79,4.3203125
2wk6,3.32,3.203125
1qbo,7.74,7.6914062
1i8h,4.54,4.5585938
5abp,6.64,7.4375
3d04,6.05,6.4765625
1uk0,8.1,8.96875
2o4n,7.82,7.8632812
4ifh,5.21,5.734375
3d1g,5.0,5.1171875
4bcn,7.92,7.9726562
2y2i,4.59,4.4765625
3uxm,4.7,4.5507812
1qi0,2.35,2.4316406
2a5c,4.62,5.3242188
1kv1,5.94,5.8515625
1z4n,4.52,4.1328125
2f3f,6.72,6.8515625
3chg,3.99,3.7109375
4kww,5.55,5.7226562
4jfv,6.28,6.2109375
3k3j,4.9,5.0117188
3w07,3.38,3.625
2cm8,5.87,5.1484375
2nn7,6.52,7.203125
1il3,2.55,2.3457031
4x0z,3.15,3.390625
1ai5,3.72,4.3007812
1ni1,9.05,9.0859375
4iif,5.18,5.3632812
3prz,7.59,7.0351562
4dpf,6.4,7.0546875
3ezv,5.98,6.4453125
3wtl,7.04,6.8164062
1iht,8.46,7.984375
3mhl,7.25,6.7929688
4wf4,3.11,3.3671875
4wmx,4.85,5.015625
4i0f,6.35,6.375
4rz1,7.4,7.0664062
4trw,4.14,4.0820312
3h0j,6.49,6.7851562
4h3g,8.22,7.9570312
1k1o,6.17,6.3164062
1xor,6.41,5.9257812
3vzv,8.04,7.6601562
3liw,7.6,6.8320312
1rdn,1.84,1.2998047
4bdg,4.12,3.6855469
3s74,8.4,7.8515625
4zro,6.16,5.6054688
1bhf,4.38,4.3242188
4rvm,9.0,8.328125
4z1s,6.1,5.3671875
4lbp,4.94,4.6914062
4j73,4.56,4.1015625
3nsq,5.21,4.6914062
3g2i,4.86,3.6328125
1q6p,8.52,8.3046875
3omg,4.72,5.7148438
4h1j,5.92,5.9648438
3vva,9.32,8.6328125
4qqi,5.52,5.7070312
4qw5,6.35,6.1484375
1kqb,4.0,3.5332031
4jg8,8.6,8.1328125
1soj,6.62,7.0703125
4qw0,5.14,5.1796875
5a46,7.66,7.4179688
2i3z,8.7,8.140625
4b7j,7.95,7.9101562
1k4h,5.11,5.1757812
3gjd,7.33,7.296875
2oqv,8.4,8.3125
1p17,2.82,2.5625
2xp6,4.7,3.9453125
2vh0,8.51,8.3203125
4f6u,6.15,6.109375
3vhk,4.6,5.2265625
5d9p,3.2,3.125
3ttp,9.12,8.515625
4z84,5.82,5.7890625
3t0w,7.3,7.2734375
3ipy,6.29,6.359375
1sw2,7.22,6.6601562
3nrm,8.4,7.7578125
2q9m,7.21,6.3984375
1zs0,6.15,6.3398438
4oyo,3.52,3.2324219
4nj9,6.97,6.9296875
2won,6.2,6.21875
2qhc,8.96,8.3984375
2yof,4.6,4.4804688
3gdt,7.19,6.8867188
4c9w,6.11,6.2226562
3zqe,4.23,3.6972656
2ow1,9.0,8.5546875
5dit,6.15,6.2617188
3nf6,3.53,3.0214844
1met,9.4,9.46875
1h8y,7.7,7.7148438
4tpp,8.59,8.1875
4xs2,5.82,5.546875
1h3a,6.55,5.8789062
3c39,3.96,3.9042969
2ckm,8.82,8.3203125
1njt,4.82,4.0390625
4l8m,9.0,8.96875
3b3c,3.98,3.8457031
2r02,5.1,4.3984375
1gx8,6.37,6.4257812
4oas,10.0,9.34375
4a23,5.89,5.7539062
2d06,4.08,3.8945312
2y8i,5.89,5.9804688
3sxu,5.05,4.7539062
1x76,8.72,7.9921875
2o3p,5.96,5.7734375
3ms7,3.43,3.0390625
4az5,5.99,5.7226562
4eg6,7.37,6.8359375
4u8w,11.24,11.125
2z4r,7.62,6.8867188
4cwb,6.09,5.1875
4jfd,4.44,4.4140625
3blr,8.19,7.9296875
4dgm,5.92,5.4648438
4pv5,6.54,6.9882812
3nxq,8.15,7.5585938
3pa4,8.52,8.515625
2jt6,7.6,7.734375
2euf,7.82,7.4375
3lc5,6.57,6.3085938
2j4k,4.85,4.4570312
1b6l,8.3,8.1796875
3lzv,10.59,8.75
4o12,8.7,8.75
4x6i,8.0,7.6953125
4hdb,8.05,7.3710938
1avp,7.92,6.9570312
3p2e,6.22,5.8984375
2f0z,4.77,4.4804688
4prd,4.6,5.3164062
2wk2,6.82,6.765625
4lxd,7.23,6.9648438
3dng,8.13,7.984375
2wmw,6.41,6.4335938
1fkf,9.4,10.0625
3uqg,5.0,4.6328125
2cbr,6.85,5.8007812
5acw,3.84,3.7148438
2qmf,8.52,8.09375
2xzw,5.29,4.7226562
3oag,9.51,9.71875
4qiy,7.3,7.078125
3mbp,6.8,5.7890625
1i9n,8.66,8.5078125
3rk7,6.7,6.421875
3dhv,2.96,2.875
3lpj,6.92,6.6328125
4pov,8.28,8.4765625
4i0r,7.85,7.953125
4e3g,4.97,4.3203125
4tk4,5.1,4.5390625
2o4j,10.1,9.0
4ysl,5.8,4.9140625
2ioa,5.49,5.453125
3th0,4.12,3.3398438
2q7q,5.3,5.765625
4ido,4.93,4.3867188
5ap7,6.29,7.1328125
2oht,5.04,4.6992188
2hmv,7.7,7.5273438
3ip6,6.6,6.453125
3neg,5.94,6.4296875
5am6,6.73,7.21875
1w6r,6.15,6.5
5cas,8.85,8.1875
1h37,7.23,6.828125
2p16,10.1,9.65625
1e5a,7.64,7.1054688
1atl,6.28,5.9375
4j1k,7.89,7.5859375
3u5l,6.19,6.2070312
2f6j,5.57,6.5
2wi1,2.4,2.6347656
3wha,9.32,9.609375
1rhm,5.76,5.6640625
1tkz,6.62,6.4492188
3pa8,5.75,5.8671875
4krs,6.52,6.6210938
3rt6,7.15,7.8046875
1z9y,7.19,7.3359375
4zup,6.77,6.9804688
4hnc,3.17,3.234375
3qbn,8.23,8.234375
1mf4,7.99,7.8515625
3gbq,5.46,6.1367188
3zlk,5.88,5.9414062
1c4y,7.92,7.6992188
3h0q,6.07,5.890625
2jqi,5.0,5.3085938
4yo8,10.52,11.1484375
1qf2,5.92,5.75
4n9b,5.28,5.5820312
1oss,4.79,4.4726562
3mpf,6.37,6.7148438
1i8z,8.9,8.765625
4xu1,9.49,8.9921875
5ci7,6.92,7.0117188
1g2a,8.0,8.0390625
2prj,4.49,4.6796875
3ws8,6.68,6.40625
5aol,2.32,1.9501953
3hu2,7.22,7.234375
4jps,8.3,8.1015625
4d0x,8.1,8.6953125
4mgv,7.12,7.3632812
4u93,7.89,7.5195312
4url,6.3,6.4960938
3jrs,4.28,4.328125
4crj,5.96,5.9140625
4h3a,6.29,6.2617188
4txe,5.62,5.2617188
2vgc,5.24,5.3398438
1o2w,5.85,6.3359375
2wxj,9.0,9.3203125
2gkl,5.35,5.21875
1f1j,8.8,8.734375
2ylc,7.89,7.8203125
5dj5,5.6,5.59375
1zyr,5.74,5.75
4qwj,5.77,6.0390625
3tg5,4.7,5.4101562
4bkj,8.72,8.265625
3lj3,9.03,8.6484375
1thl,6.42,6.34375
2ow9,7.52,7.921875
1ocq,5.19,5.2265625
2wo8,6.28,6.3867188
2p0d,7.0,7.1015625
2xc4,8.05,8.5859375
4igk,4.55,4.4414062
1bdr,6.68,7.0039062
4bae,8.52,8.5625
2jkp,4.23,4.3007812
2piy,7.7,7.65625
1h1q,6.0,6.2578125
2ych,3.0,2.9472656
2vnp,9.92,9.3671875
5bnj,8.7,9.0703125
2jq9,4.48,4.4296875
2ew6,4.97,4.8945312
1a07,6.4,6.3710938
1vyg,8.0,7.8203125
2qrl,4.0,3.9726562
1slg,3.9,4.1015625
4loo,8.15,8.421875
3iod,4.1,3.7050781
3fu3,2.84,2.6289062
1rdl,2.24,2.1523438
1a61,8.62,8.328125
1pmv,6.82,6.65625
2vcx,7.68,7.8398438
4ehv,2.29,1.9746094
1ua4,4.22,3.609375
2x6j,7.44,8.109375
3pck,6.7,7.4179688
3k00,5.77,6.4921875
2igy,6.95,6.9570312
3pch,5.4,5.6523438
4z7q,4.29,4.46875
4z46,2.82,2.5410156
1ybo,3.8,4.4140625
1oar,7.4,6.6953125
3k98,9.0,9.078125
4nie,7.7,7.2148438
3nga,8.0,8.4453125
3rqe,4.77,4.65625
3i97,5.52,5.2578125
3iu8,6.24,6.2929688
4f3h,6.38,6.2421875
3c2r,3.11,2.5644531
5em8,5.96,6.453125
3vb6,4.41,4.0429688
1wc6,4.0,4.2617188
4ocz,9.18,9.4375
3t8s,8.55,8.4609375
1lhv,8.91,8.890625
1jil,8.4,8.515625
3vc4,7.62,7.2148438
3h06,3.53,3.2675781
4dk8,5.74,5.8007812
2xbp,5.02,5.1992188
4pns,4.52,4.4335938
3k41,0.82,0.57421875
3qtu,7.15,7.2382812
3ff3,3.57,4.03125
5ew3,8.92,8.875
1avd,15.0,15.015625
1oxr,5.19,5.5234375
3hvc,6.22,7.0273438
1jqe,6.44,6.5
2vd7,5.38,5.5039062
3fjz,4.05,4.6210938
3r9d,4.15,4.0429688
4hby,5.36,5.8398438
5d1t,5.77,6.1210938
1bhx,6.84,7.1679688
5aph,7.22,7.2890625
4egh,3.26,3.6347656
1wht,3.7,4.0546875
2w67,4.96,5.21875
4jze,8.15,8.6171875
4b82,4.39,4.6367188
2vex,6.74,7.4023438
4gy5,6.82,6.3125
3mtb,4.63,4.71875
4z90,4.66,4.4726562
1qf4,6.18,6.8085938
2cmc,5.76,5.6835938
3ia6,8.52,8.6953125
5akw,6.39,6.7304688
2nmz,8.37,8.9140625
2j9h,3.39,3.5
4ovz,6.31,6.1015625
3d7b,3.69,4.1445312
4a6v,5.72,5.8242188
4qk4,6.6,6.1523438
5bvo,8.3,8.1171875
4ebv,5.38,5.5898438
4kvm,5.05,4.9921875
4xii,6.6,6.6796875
4r4q,5.09,5.2617188
2yol,6.89,7.3789062
2aac,2.22,2.0957031
4i8n,4.46,4.8828125
3cfv,6.05,6.21875
4ngp,7.96,7.921875
3i3d,1.99,1.2734375
3fum,3.77,3.9785156
1sbg,7.74,8.2265625
1wss,7.77,7.5351562
3spk,8.52,9.703125
3zot,5.95,6.4414062
4kz8,2.8,2.9003906
4pnq,5.0,5.7382812
2ntf,6.52,6.5859375
4k5o,3.98,3.8476562
3fvk,8.82,7.921875
4rwk,7.19,7.6015625
4qg7,8.0,8.3046875
1sqt,6.2,6.4023438
2w9h,6.37,6.125
4y2j,3.1,2.6386719
1h1h,5.22,5.2695312
1xxe,5.41,5.2695312
3kwz,8.4,8.3359375
4u71,5.22,5.6328125
2o4z,6.25,6.3945312
1pyn,5.49,5.8945312
1o2u,5.85,5.8007812
3krx,7.38,7.5585938
4mhz,6.87,6.5195312
2pl0,7.21,6.6367188
2xiy,2.44,2.5566406
3qzv,4.16,4.0898438
4lge,8.46,8.2109375
2ql7,6.26,6.7460938
2y2p,4.7,4.7382812
1y20,5.32,5.4296875
4g8o,7.66,7.6210938
3vnt,8.66,8.6796875
4f7n,7.1,6.6132812
3kqo,3.85,4.4765625
3lnz,9.31,9.453125
2wp1,3.6,3.8066406
3svv,6.94,7.8125
3ctq,7.4,7.1523438
4uwl,8.57,9.640625
1v2r,3.55,3.3515625
2f9v,7.82,7.484375
3vd4,4.82,4.9570312
1d2s,9.74,9.65625
3sut,7.85,8.5
3fi2,7.6,7.8164062
4dxj,7.42,7.6875
3g7l,6.72,7.171875
3ll8,6.4,6.9140625
4e1z,8.52,8.765625
1jq3,6.7,6.734375
4i80,7.62,7.4609375
4x6j,7.8,7.6289062
3d7z,7.92,8.5234375
5cep,6.84,6.9921875
1qj7,8.1,9.109375
2rgu,9.0,9.28125
4pni,6.09,6.0625
2cc7,8.01,7.9921875
2x8e,7.85,7.5703125
2aoe,7.62,8.1796875
1izi,6.59,6.7734375
4xub,5.97,6.078125
5ajo,4.96,5.4609375
4cnh,8.4,7.734375
1b46,5.28,5.34375
4dj7,6.3,5.9570312
1nyx,7.04,7.2734375
5a5z,4.08,4.1875
4uyd,4.1,4.328125
1d5j,9.15,8.4296875
4o4y,7.81,7.7734375
3imy,9.7,9.0234375
3eyg,8.8,8.5234375
3ogq,7.52,7.1835938
2qrq,5.1,5.015625
2zg1,2.1,1.4433594
3k4d,5.11,5.140625
1oay,5.92,6.2460938
4jnc,8.52,9.125
1fo0,5.59,5.65625
4b9z,4.09,4.2539062
1wdr,2.52,2.4042969
1bm7,7.52,7.8476562
5alz,8.22,8.4296875
4nxs,7.37,7.7148438
4qag,5.32,5.28125
4l0l,7.27,7.09375
4r4i,6.27,6.4921875
4ii9,6.03,5.8945312
3bh8,7.95,7.96875
3miy,7.68,7.2578125
3cpj,4.72,4.4570312
4tk3,5.1,4.9921875
1i5h,4.28,4.9257812
1ft7,5.18,4.8125
2hob,5.72,5.46875
4tkj,6.04,5.6445312
3s9t,6.82,6.9804688
3wqv,5.21,4.671875
5eay,4.47,4.7695312
4knm,8.0,7.546875
2f6y,3.87,4.171875
2k1q,6.22,6.4335938
1zh7,6.3,5.7265625
3jq7,5.92,6.1015625
3g4g,9.04,9.4453125
4ucu,3.35,3.4941406
3w2r,7.72,6.9804688
4i32,7.24,7.03125
4abi,8.2,7.8632812
3ut5,5.74,6.2890625
3hf6,7.59,7.6796875
2rny,3.66,4.6132812
4lxk,8.4,8.6796875
5cgc,9.3,9.4453125
2gg7,5.76,5.3789062
4rxc,4.48,4.2265625
1obx,5.72,5.4414062
1xr8,6.7,6.4140625
4gk4,7.85,8.484375
1a42,9.89,8.640625
2x9f,7.21,7.3007812
1ydk,5.89,6.1953125
5ald,5.97,6.2148438
4um9,8.07,7.875
1c5o,3.49,4.09375
3f66,6.05,6.265625
3bl1,5.6,5.40625
1t32,7.42,6.546875
2lcs,6.7,6.9765625
4dkq,6.6,6.1015625
3qrj,8.4,8.515625
5a00,7.52,7.6757812
1nq7,6.8,6.2382812
4oc4,6.98,8.265625
1uwf,6.82,6.4140625
4og5,6.52,6.1953125
3u6a,6.49,6.1484375
3kvw,6.89,7.1171875
2wzz,5.4,4.9375
3v8w,8.07,8.2109375
1maw,1.1,1.0361328
3u4r,7.41,6.9296875
4lrh,9.72,10.7890625
3twu,5.62,5.8359375
1jaq,4.48,4.4101562
1xn3,7.4,8.0546875
1oy7,5.36,5.1445312
4pio,5.7,6.0742188
4kz0,5.38,5.0117188
3gp0,7.44,6.90625
4b78,5.0,5.6054688
3t7g,5.2,5.5390625
1w5w,8.8,8.9765625
4jv7,6.0,5.4453125
4w4v,6.94,6.75
3db6,6.14,5.75
1mxo,9.0,10.171875
6cgt,6.0,6.515625
5cnj,6.84,6.1953125
3di6,7.0,7.0859375
4kxl,6.22,5.9101562
3k3a,7.08,6.890625
1h36,7.74,7.6132812
1iup,2.54,2.1777344
1g9r,5.7,5.7578125
1rek,6.7,6.3632812
1drk,6.82,6.7421875
4q99,6.28,6.7382812
5cf4,7.4,7.5429688
3pce,2.0,1.8046875
4p73,7.66,7.9296875
4r02,7.41,7.9296875
1fmb,10.0,10.65625
2vd1,6.86,7.015625
4qrh,5.15,4.953125
2hl4,7.64,7.2773438
3e8n,7.72,8.2265625
4men,3.9,4.2265625
3qk0,8.7,8.40625
1w2x,5.14,4.8085938
4cp7,8.11,7.78125
2jbu,3.4,4.1015625
1x7a,7.89,7.6914062
2eg7,5.89,6.0820312
3m5a,4.96,4.9335938
4hs8,7.92,8.15625
3fbr,4.82,4.59375
4r6t,7.52,7.4453125
1o2o,6.36,6.1015625
2qrp,6.2,6.2226562
1fw0,5.43,6.0390625
4gki,4.46,3.9765625
2clf,3.55,3.8046875
2p98,6.19,5.828125
1g5f,2.64,3.0253906
3bm9,6.72,6.5664062
4aa7,5.7,6.1640625
4jyc,6.7,6.2460938
4tw8,5.58,5.8320312
2ccb,7.45,7.1523438
4y2u,3.24,2.9335938
3ce3,8.74,8.828125
4dzw,7.89,7.4453125
3s4q,8.4,8.578125
1n3w,6.96,6.8632812
4jxv,4.51,4.4882812
1me7,7.19,6.4335938
4xhv,4.3,4.9492188
4o3a,2.59,2.0214844
4y5s,3.73,3.9121094
2p8s,7.68,8.0234375
3ryw,6.24,6.2851562
3be2,8.7,8.5234375
2w6u,5.0,4.7890625
1ao0,4.96,5.6015625
3kmc,6.4,6.3710938
3py1,6.89,7.0625
4de7,4.8,5.078125
2yhw,5.6,5.3867188
2cm7,6.68,6.3789062
4djh,9.49,8.6171875
3zo4,6.83,6.578125
4int,5.8,5.8007812
4ris,6.05,6.8320312
4clb,6.55,6.2421875
5ajw,6.98,7.2304688
3co9,8.0,7.8671875
3rik,2.47,2.6367188
4prb,3.88,3.7324219
3cth,6.96,7.3398438
3ckb,2.98,3.0253906
2vie,7.48,7.6835938
2vvv,8.22,7.5351562
4x3t,4.54,4.7148438
1noj,3.15,3.2148438
1e9h,7.46,7.1445312
6gch,4.7,4.5742188
3wyj,6.44,6.0117188
1zky,6.25,5.71875
2cgw,4.76,4.375
5dia,10.46,11.1015625
3wf8,6.63,6.1796875
2mc1,4.15,4.6992188
3gwx,5.4,5.84375
4tju,5.44,5.7460938
1fl3,6.8,6.1132812
2imd,8.3,8.5390625
1rtl,5.59,5.1640625
4op1,6.89,6.5078125
1w1d,6.52,6.6796875
4j03,7.59,7.4335938
4gmy,7.55,7.8007812
2ydo,7.51,7.84375
1d6s,4.11,3.6835938
4qp6,3.46,3.7636719
3bmy,7.52,7.6757812
3ck7,4.05,3.8359375
4k6y,4.83,4.7421875
1mzc,10.22,9.265625
1okl,6.03,5.4140625
7abp,6.46,6.4804688
2r4f,8.82,9.0703125
2r05,5.15,4.8398438
4fiv,6.52,6.4921875
2wxg,9.15,9.5859375
2m0u,6.44,6.4648438
4lkf,5.37,5.2617188
2uy3,3.22,3.9589844
3tsz,4.46,5.7617188
3vuc,9.05,8.5390625
3spf,3.86,3.4101562
4hzz,8.08,7.9726562
1hxw,10.82,10.375
1erb,8.1,7.703125
3wka,4.54,4.3554688
4egk,7.72,7.2421875
2v13,7.59,7.0664062
4dn0,5.72,6.4101562
1vcj,4.59,4.9375
2wxk,9.3,9.8515625
2zlf,4.51,4.71875
1ke2,7.35,7.2617188
3iue,5.82,6.2070312
3upi,8.22,7.765625
4x5r,7.85,7.7382812
2wih,7.35,7.1679688
2mwo,4.7,4.765625
3ivh,7.33,7.421875
1r6z,5.0,4.578125
4wp7,6.1,6.546875
4p6g,8.11,8.15625
1akq,9.1,9.71875
4p4e,6.74,6.1835938
2yhd,4.64,4.3242188
4la7,6.57,6.5
3axm,5.07,5.1523438
3kv2,7.32,7.328125
2p53,7.46,6.9960938
3mnu,7.32,7.75
1jpl,5.0,5.21875
1ez9,5.1,4.890625
4zuo,6.41,6.6757812
3rmf,4.09,4.0625
2vpo,5.42,5.4023438
4y3b,4.87,4.40625
1h8s,5.81,5.828125
3hrb,7.68,7.8359375
3qd0,8.5,8.453125
2fuu,5.57,5.171875
2aei,7.07,7.734375
2bkz,8.15,8.328125
3zns,7.41,7.6640625
3d27,4.25,4.1328125
2gz8,5.52,5.4570312
2m0o,5.38,5.0625
3l9h,8.1,8.1640625
3f2a,7.24,6.9882812
2w10,6.77,6.8203125
3rxk,2.68,2.5507812
1q83,12.39,12.375
2q93,6.25,6.0664062
4iku,5.75,5.7265625
4mzs,7.92,7.7070312
2qoh,7.7,7.5820312
1v11,3.98,3.3515625
4er1,6.62,6.0585938
4xta,5.43,5.71875
2r5q,8.57,8.78125
3p4q,6.52,5.9609375
4hfz,5.72,5.3671875
3lir,6.92,7.0195312
1pxh,8.74,8.7109375
3f8f,6.63,5.6328125
1axz,3.2,3.3945312
4k8a,4.02,4.1015625
1ga9,7.08,7.140625
4jwk,8.32,7.6953125
4ppb,10.0,9.7890625
1om9,4.15,3.9960938
3skh,6.05,5.9023438
1uk1,7.22,6.6289062
4q1c,8.7,9.46875
1azl,8.62,7.921875
4bde,4.8,4.7421875
4awp,7.09,6.7695312
4wyo,6.95,6.6210938
4i6q,7.52,8.1015625
1h27,5.6,5.5273438
2krd,2.7,2.71875
1qft,8.77,9.5546875
2q54,9.01,8.0859375
3aya,4.33,3.5410156
4mjp,3.88,3.8085938
5aki,6.12,6.0039062
2ves,7.7,8.1796875
3uxd,4.41,4.5195312
4d85,6.85,7.0507812
5c2e,8.7,8.9140625
4oew,6.82,7.3125
4tte,3.69,3.9101562
2aa6,9.41,10.3125
2waj,6.4,6.6484375
2rjp,7.0,6.6132812
4rxa,5.74,6.046875
2w7x,7.62,7.4296875
1fcy,8.52,8.015625
2rkf,9.08,8.265625
1so2,9.57,9.46875
4xe0,7.72,7.1953125
2wo9,7.21,6.5390625
4xkc,5.87,5.4960938
4rxh,5.91,6.5351562
4oba,9.4,9.1171875
1ax2,3.99,4.2734375
3zi8,5.66,5.7539062
2qnp,6.41,6.4882812
2yjx,5.12,5.2851562
2wi3,3.46,4.4453125
3owk,5.82,5.40625
2z4z,5.73,5.4140625
3q2g,8.46,8.40625
4bdf,4.09,4.4335938
1bgo,8.46,8.4609375
4giu,5.33,5.1875
1rst,4.43,4.6992188
1gz9,3.51,3.6464844
4b8o,8.4,8.1484375
3fsm,7.0,7.3359375
4jog,3.72,3.6582031
4kni,7.78,7.9804688
2c97,6.14,6.0429688
5ap4,6.46,6.5273438
1d4t,6.19,6.484375
2p2h,7.17,7.1953125
3rxl,2.62,2.8574219
3fnu,6.16,5.796875
4n4t,7.31,7.5742188
1zhl,5.0,5.0585938
3bjc,6.96,6.8164062
1o49,6.36,6.0898438
2y6d,7.1,7.1757812
3sz9,5.27,4.9960938
1zub,6.57,7.0664062
1n2v,4.08,4.5078125
4x1s,6.87,7.0078125
4gby,3.46,2.8417969
3uda,5.01,5.3125
1snk,9.6,10.0390625
4riv,7.0,7.0390625
3rbm,6.57,6.5039062
2oz5,6.48,6.4960938
4mzl,5.62,6.2695312
4jfi,4.74,4.84375
1g48,8.41,8.609375
3p79,5.64,5.2890625
3hu1,6.89,6.71875
1zom,7.52,7.5859375
2h6q,5.11,5.6601562
1ec0,8.49,9.0078125
4mnv,4.94,5.3359375
4kbk,8.18,8.7421875
1y2a,7.34,6.8515625
3gws,10.09,9.8671875
2jkt,6.51,5.625
4d62,2.44,2.4726562
4trc,4.52,4.546875
2xe4,7.16,6.609375
3f5j,4.28,3.9941406
1lol,6.39,6.8242188
1ajn,2.63,2.2910156
3t2t,2.4,2.0703125
4qbm,4.58,4.7265625
2e9n,8.21,8.1640625
4iut,5.72,6.171875
2xbj,8.52,8.5390625
3smq,5.02,5.2382812
4tky,5.7,6.046875
2qp6,6.68,6.8515625
4nl1,3.89,3.625
3aau,5.05,5.4570312
2vk2,6.89,6.7578125
1mxl,3.81,3.46875
3mdz,9.1,9.2109375
3rzi,5.33,5.3320312
4op2,5.93,6.0
1xws,8.0,8.1015625
2onc,7.89,7.21875
2ces,7.25,7.3085938
4re2,4.98,4.7773438
4g8n,7.2,7.6757812
4ua8,6.26,6.8789062
1i9l,8.48,8.3359375
1p06,6.27,6.140625
4mc2,8.19,8.8203125
3mxe,10.01,10.078125
2f34,6.89,7.2109375
3kwj,9.3,9.7890625
3oe0,8.6,8.859375
5d1j,7.32,7.4296875
1a4w,5.92,6.3632812
2yb9,9.22,8.84375
5akz,5.26,5.4492188
3fkv,7.57,7.6796875
1ywi,3.43,3.1660156
2vqm,6.01,5.6914062
4m4q,7.96,7.8164062
1a9u,7.32,6.6679688
4gk2,8.8,8.765625
2ym7,6.89,6.1992188
3agm,9.09,8.1796875
3hv6,5.64,5.625
3dp2,5.82,5.6445312
3iob,3.42,3.2441406
2er9,7.4,7.0585938
2h96,6.64,7.2304688
4do3,4.1,4.25
2avs,7.57,7.2695312
4uy1,4.7,4.5898438
4kzl,6.15,6.359375
2y54,4.7,4.4765625
4osf,5.44,5.8710938
2xke,5.38,5.2617188
1pxi,4.77,4.7578125
3l9m,7.3,7.9335938
4jik,7.74,8.265625
4xkb,6.1,6.2539062
1h1r,5.64,6.0351562
3lm1,4.7,4.2421875
3og7,7.51,7.078125
2jst,2.59,2.3886719
4dro,5.41,4.7734375
3zqt,4.41,3.9160156
4gj6,5.12,5.1523438
3ztx,7.74,7.671875
3are,6.21,6.3867188
1h39,6.54,6.3867188
4r6w,5.27,5.046875
3cjf,8.2,7.9609375
2zit,4.46,4.3632812
4q1x,11.15,10.3359375
4kn2,7.27,6.9492188
2vte,3.91,3.75
3r5j,6.96,7.1875
3v43,4.63,4.6914062
4gg7,8.2,8.03125
3fkt,5.55,5.7265625
1det,4.3,4.890625
4wzv,9.37,9.0390625
3zy5,6.64,6.0976562
4m48,6.81,6.5039062
1k9q,3.15,2.8417969
2k0g,6.97,7.4375
2aog,6.28,6.2421875
3cp9,7.32,7.71875
2lwi,3.11,2.9375
1a8t,5.8,6.6914062
2c4g,5.94,6.5351562
1re8,9.52,9.8359375
1oh4,3.74,3.7773438
2qlj,5.36,5.3945312
3u7k,7.07,7.4609375
4d2r,5.48,5.2265625
3r5m,4.34,4.671875
1yei,7.46,7.7578125
1ycm,8.0,7.5625
3gsg,2.7,2.1191406
2pjt,6.07,6.8007812
4mnx,4.75,5.1601562
4ht2,6.54,6.2382812
2zir,8.19,8.375
4qws,6.5,7.2539062
4xrq,6.63,5.7773438
4l53,7.55,7.4023438
3vh9,6.24,6.4609375
4mwy,7.05,6.96875
3lzb,7.2,7.2460938
4yur,9.8,10.703125
4wz5,5.51,5.2148438
3r91,7.04,6.9570312
3k3i,5.72,6.0
3k8c,2.92,3.6132812
1w5v,8.15,7.21875
4tv3,8.72,8.4453125
4b80,4.4,3.9179688
1gt4,6.52,6.1992188
4bqw,7.48,7.1679688
3obx,3.89,3.9667969
4fhi,7.0,6.8867188
2bt9,6.19,6.140625
4twd,5.08,4.984375
4rg0,7.3,7.8632812
4anb,8.18,8.1640625
1y91,7.23,6.8945312
1r58,6.96,6.96875
3vjk,9.43,9.8203125
1o5g,4.96,5.1210938
2qaf,5.36,5.2695312
4tpm,8.62,8.109375
4xya,5.86,5.5703125
4hxw,8.7,8.609375
2ce9,6.03,6.015625
1d5r,1.82,1.8652344
3rvg,8.3,8.6171875
2wyj,9.0,9.2421875
3ntp,4.92,4.8828125
2z3h,4.64,4.6640625
3wyy,8.49,7.7890625
3zkf,6.02,6.2929688
3max,6.05,6.2617188
5aom,2.9,2.3652344
1vwl,5.63,5.59375
2aa9,2.92,2.5820312
4pax,6.4,5.8984375
1s3k,6.62,6.8867188
3hfz,4.89,5.0234375
3fyj,8.3,7.9414062
2r3p,6.05,5.953125
1v0m,5.1,5.2695312
4hai,8.1,8.1015625
4p4j,6.15,5.609375
4qz6,5.53,5.5117188
1hms,6.37,6.5
1hc9,8.72,8.75
2c3k,7.59,7.9296875
2wxn,7.68,8.046875
3wch,7.05,7.1835938
1nf8,7.82,8.0859375
2emt,6.7,6.8515625
1rtf,3.04,2.9453125
2zxg,8.82,9.1328125
1t79,6.04,5.5546875
4eb8,9.82,9.5859375
3k5c,7.77,7.2695312
1b74,1.3,1.4423828
1owd,8.2,8.546875
1me8,7.19,7.15625
4y6p,7.16,7.3828125
3g2w,5.66,6.2109375
4fem,4.06,4.1757812
3jzs,8.1,8.7578125
2x6i,6.08,6.3125
4mbi,8.15,8.375
1ke0,5.38,5.7070312
2ow0,6.7,6.84375
2y2j,4.8,4.546875
4x3i,3.17,3.2734375
2pr9,7.37,7.453125
1zhy,6.52,7.1445312
2g2r,7.89,8.8359375
1yxd,5.3,5.2421875
2fvc,7.49,7.1953125
3qfv,5.77,6.1289062
4n7m,5.47,5.7734375
2ksp,4.24,4.9882812
4zyr,5.7,5.9570312
3rm9,4.77,4.921875
3ftw,2.78,2.9726562
4yw7,6.89,6.7890625
5fjx,4.96,4.8867188
3eka,3.0,2.7871094
3q3b,7.76,8.2421875
4qht,4.94,5.2890625
3ms2,3.72,3.5078125
3dct,6.95,7.3007812
4b60,5.43,6.2851562
3ldq,5.36,5.7460938
3il5,5.8,6.3632812
4e3m,9.7,9.6328125
4bo9,6.51,7.40625
4jh0,9.03,9.9765625
4gh6,7.68,8.859375
1haa,8.7,8.640625
1qbs,9.47,9.1328125
4ge1,6.43,6.3007812
1py2,7.22,7.1601562
1qs4,5.64,6.1484375
1vwn,5.82,6.3789062
3zvw,3.9,4.078125
4yyi,4.19,4.5390625
4hp0,6.12,6.4570312
3lfs,5.6,5.2226562
2aof,4.55,4.875
3pwh,8.72,8.859375
3nzs,7.12,7.6796875
3p5k,7.12,7.4296875
3jzk,5.91,6.0703125
1izh,7.7,7.8671875
1w7g,5.1,5.4960938
3v51,8.55,9.203125
4wz4,6.44,6.6875
2oc7,5.85,5.8125
3uf9,2.11,2.2792969
3pdq,6.74,6.7617188
4p4t,4.39,4.5976562
1b55,7.4,7.2929688
1yi3,5.4,5.5351562
2hmu,7.7,8.1640625
2qlm,5.64,6.34375
3pd2,5.47,5.6054688
2boj,5.77,6.2421875
2bgr,3.6,4.3085938
1nfw,8.96,9.484375
3w2s,8.16,8.4453125
4hdp,7.51,8.4921875
2cli,4.3,4.4414062
1pi4,7.43,8.2265625
4hcv,6.4,6.7851562
2br8,7.49,8.40625
3mxr,4.95,5.3398438
1c3x,3.68,3.5507812
3ap4,3.92,3.7734375
4anq,6.22,6.3359375
2xtk,3.79,4.0859375
4bs0,5.7,6.1015625
3krw,7.38,8.1171875
2bxt,8.52,8.7734375
3v7c,5.74,6.4453125
2ovz,7.89,8.1484375
1hvi,10.92,11.125
3ckp,6.35,6.9296875
2y2k,5.16,5.1914062
1cet,2.89,3.1464844
3fun,6.72,6.75
3jy9,9.0,9.1484375
2oc4,7.07,7.3007812
4i2w,3.92,4.6601562
2rka,3.0,3.4941406
2qpj,6.35,6.9609375
3odu,8.14,7.5273438
2cf9,7.82,8.8046875
4j86,3.77,4.2617188
1uj0,4.57,4.5820312
1sbr,5.0,5.09375
4e5i,5.3,5.5273438
3dv5,7.66,7.5820312
4wyy,6.0,6.4179688
1dmb,5.74,6.6992188
1cgl,6.87,7.3046875
3ao2,3.77,4.0234375
4o43,4.3,4.1601562
3vbq,9.33,9.8671875
3shj,7.47,8.6640625
4r3c,7.0,7.7734375
3fsj,3.95,4.7382812
1w8l,0.49,0.8876953
3px9,3.42,3.4648438
1oyn,6.26,7.0820312
3sbi,7.92,8.2109375
3zmi,5.95,5.7265625
3zxr,7.7,8.2578125
1qti,6.44,6.7148438
3unj,4.96,5.0234375
4m7b,6.7,6.96875
3wto,6.92,7.4335938
1leg,7.95,9.15625
3ro0,4.5,4.5390625
3f33,3.34,3.109375
2y6o,7.6,8.21875
1e2k,4.94,4.4453125
3a73,3.38,3.4277344
3fc1,8.0,8.5078125
4ymq,5.8,5.9296875
1al8,5.32,5.8164062
3u8w,9.0,9.1640625
3lxl,8.3,9.0546875
2nmx,5.57,5.7734375
4f65,8.6,8.25
3tz4,5.49,5.4570312
3ixk,8.18,7.84375
2g78,6.92,7.1679688
2v58,9.09,8.2578125
4n5g,5.0,4.796875
3lp4,4.88,5.1914062
3qnj,6.0,5.2460938
3nwb,7.96,7.6796875
1tnh,3.37,3.5722656
2ivu,6.43,6.4101562
3c79,7.2,6.953125
3a1d,4.12,3.9746094
1we2,4.36,4.5703125
1e1y,5.6,5.3242188
1y1m,1.82,2.0117188
1hvr,9.51,9.65625
2chz,7.8,7.6054688
1fhr,4.0,3.875
1iem,7.7,8.1953125
2o7n,7.82,7.8867188
5cfb,7.28,7.328125
4cga,6.4,6.3671875
5c7a,3.31,3.5078125
1nu8,5.42,5.2109375
3gjs,4.99,4.703125
9icd,3.9,4.3320312
3ies,9.92,10.28125
4mcv,8.89,8.8671875
4iho,5.1,6.0195312
4glr,9.46,9.359375
4pml,4.52,4.2304688
2brn,5.26,5.359375
4rcf,8.4,8.1796875
4wy1,5.29,5.9140625
1nde,7.82,7.2148438
2w06,7.08,7.2617188
3g42,6.85,6.8242188
3iqu,4.77,5.65625
3shy,7.04,7.2226562
4awq,6.32,6.3359375
3r69,4.43,4.7265625
4yv1,3.08,3.4882812
4efu,6.6,7.1210938
3eio,6.65,6.46875
1pro,11.3,11.234375
3evd,6.91,6.2460938
3ipx,6.92,7.3398438
4whq,4.12,3.5371094
2a8h,7.17,6.8867188
2xeg,10.7,10.5546875
4c6u,4.59,4.7421875
4mgc,6.32,6.3085938
2bz8,5.6,5.4726562
1hkk,7.4,7.4960938
3m9f,11.15,10.421875
4hkk,5.54,5.3554688
3fz1,7.92,8.2578125
3l4w,6.0,6.4960938
1awi,4.05,3.6953125
5can,6.91,6.9375
4w4z,7.52,7.9726562
4os5,4.63,4.4960938
4hw2,7.26,7.25
1fkw,5.05,6.0625
3nw6,8.15,7.96875
4kp0,8.65,9.1171875
3gk4,3.92,4.0039062
3ap7,3.0,3.7832031
2hj4,5.37,4.9101562
1w1t,2.96,3.7207031
2v12,9.05,8.6171875
4cd8,2.89,2.9179688
4kxn,6.1,5.6875
3uec,4.21,4.4492188
3ocp,7.57,7.4335938
2w6n,6.9,6.8984375
4h3q,5.1,4.5664062
3wtn,7.04,7.0859375
2i4w,11.59,10.390625
5c5h,6.4,6.6328125
3ft8,7.52,7.1914062
1q4x,9.48,9.1640625
4m5i,5.17,5.2890625
2wmx,6.07,5.703125
2nww,5.48,5.5078125
3t1m,3.04,3.4628906
3l58,8.1,8.5234375
1xlx,7.6,7.4765625
1ylv,2.7,2.8125
1e03,9.4,8.0078125
4hfp,7.38,6.984375
1uyc,4.39,4.4257812
4ael,7.92,7.9179688
1m0b,8.82,8.3515625
3ufl,6.82,6.890625
4i6h,8.3,8.5546875
3gqz,2.17,1.9501953
3otx,4.53,4.4609375
1xlz,6.02,6.0742188
5cxz,6.26,6.5234375
2xp4,3.74,3.7167969
3dcs,7.94,7.6523438
1hiy,3.08,3.7363281
1yly,7.82,7.9960938
2xnn,4.3,4.5117188
1fbm,6.22,6.2851562
4f5y,5.43,5.2148438
4li8,8.12,8.0625
3elm,9.72,10.4921875
2r38,7.44,8.0234375
3d4l,7.49,7.2421875
1hiv,9.0,7.8046875
3p50,4.62,4.546875
2qyk,5.48,5.3828125
2fsa,5.3,5.5390625
3dux,7.0,7.4453125
1amk,4.3,4.5664062
1rd4,7.74,8.4140625
5yas,3.26,3.7070312
2pzi,6.1,6.2460938
4g2j,7.96,8.1328125
4ie5,4.82,4.5664062
4pow,6.3,6.0976562
4q1a,9.3,10.1015625
3c1k,9.44,9.3125
4f08,6.6,6.0742188
1swi,3.1,3.6230469
4yrt,2.78,3.0136719
4pnc,5.43,5.9179688
4azc,5.86,5.953125
4cp5,3.34,3.4101562
4r5g,5.22,5.34375
4pkr,4.82,4.5507812
3hau,6.38,6.5742188
4j4o,6.9,6.7421875
3jqf,4.46,5.1757812
4jje,7.64,8.0546875
4xpj,5.09,5.5078125
4jg7,6.92,6.7734375
2p2i,7.42,7.4453125
2vvt,5.24,5.6171875
2l1b,3.96,4.2539062
3u18,6.09,6.8710938
2jk7,7.17,7.5625
3fmr,7.97,7.6679688
3mbz,5.8,5.8320312
3vye,8.11,8.0546875
1pop,9.0,9.640625
4rrr,4.44,4.578125
4jt8,7.48,7.4960938
3t84,6.97,7.1484375
1nja,6.31,6.6171875
2jkq,8.11,7.640625
2ok1,6.26,6.4375
3m93,6.62,5.8789062
5d21,8.38,8.2890625
2h8h,8.57,9.46875
3zc6,9.22,9.046875
1wug,5.8,6.09375
1k08,5.34,5.7890625
3gwv,2.6,3.0332031
1t29,6.05,6.0078125
1ce5,4.74,5.0742188
1u9q,8.33,8.640625
2y07,6.22,6.2109375
1qhr,6.89,7.0507812
4non,5.24,5.5117188
2fys,4.36,4.5507812
2pj4,7.89,8.5625
3nin,4.91,5.1992188
3q6k,8.37,8.671875
1sln,6.64,6.1953125
2wmv,5.04,5.1835938
4jzd,8.3,8.171875
1c5c,6.96,6.9179688
3t2q,3.66,4.3945312
3twv,4.76,5.2070312
1i91,8.94,9.9453125
4wkp,9.55,9.09375
4u5u,2.89,2.7011719
5a5s,5.9,5.828125
1ogu,7.47,7.1953125
1a94,7.85,8.375
2hmb,5.59,5.9453125
2g97,6.82,6.4375
3q8d,7.22,7.3125
4jt9,8.14,8.0234375
1o6i,3.19,3.59375
4f1l,5.12,5.6015625
4amx,2.19,2.7246094
5abf,4.85,4.890625
3zlw,3.7,3.9921875
4k6z,8.7,8.765625
4bh3,1.92,2.3632812
1b4z,5.23,5.9648438
3rxg,2.15,2.5136719
3w55,7.1,6.7773438
3kb3,6.82,6.4804688
3pcc,3.62,4.1992188
3rsr,4.36,4.5585938
1afl,6.28,6.6054688
3eor,1.4,1.765625
4gvd,4.57,4.4414062
3zzf,0.4,0.4699707
1oif,7.72,8.3671875
5aoj,4.68,4.8164062
2hhn,7.49,7.265625
4he9,8.46,8.6484375
3d25,7.66,7.7265625
3c3o,4.36,5.1210938
4oc0,6.5,7.1171875
4xbb,5.0,5.4453125
3p58,7.6,7.140625
1ztq,8.89,9.046875
4wup,9.82,10.15625
4fns,6.7,6.9882812
2x4z,8.57,9.203125
3rv4,2.3,2.3496094
3s0j,3.77,4.3632812
4jg1,6.63,7.6679688
3isj,3.68,3.8261719
4jz1,6.7,6.3945312
3gb2,7.47,7.4140625
1uh1,5.48,5.6367188
1lhg,7.1,7.4414062
3iiy,4.8,5.1210938
4mwu,8.49,7.3046875
3ppk,8.85,8.65625
2ykj,6.21,6.2109375
1u3s,8.85,8.8046875
1w4l,8.4,7.9140625
3nhi,8.43,9.0390625
4rpo,7.64,8.1171875
4u0e,6.92,7.40625
4kp5,6.08,6.2265625
4pre,3.74,4.6367188
1bio,5.54,5.828125
2cer,9.22,9.6171875
3ibn,7.61,7.34375
4pn1,6.17,6.5273438
4kz4,4.15,4.265625
4nxu,5.54,5.5273438
1c4v,10.8,9.8984375
2o4s,10.51,11.3515625
4pul,6.84,7.0117188
3kc1,9.0,9.140625
4oti,7.37,7.9765625
4p0w,5.96,6.1875
2rcu,6.68,6.7382812
4uu8,6.54,6.7851562
1yvx,5.1,5.015625
4ktc,9.0,8.6484375
2azm,5.66,5.375
4ngs,8.12,8.1015625
3fh7,7.6,8.3203125
1pwu,5.68,6.4648438
1u6q,5.88,5.609375
2oa0,6.92,6.5351562
4hdc,8.92,9.3984375
3hzk,6.7,7.0078125
3r0t,9.04,8.3359375
1x1z,11.06,11.359375
2cgr,7.28,6.71875
1tl7,7.92,7.828125
3uvx,4.34,5.15625
4o72,6.0,6.3476562
1ugw,3.09,3.3828125
1uys,3.6,2.8710938
2xv1,5.99,6.1679688
2opb,8.74,9.171875
4frj,6.55,5.90625
4aaw,6.3,6.6015625
4is6,6.2,6.5
4o74,7.6,6.9257812
4p5d,5.82,5.3984375
4dwb,5.74,5.8671875
2x09,3.76,3.3925781
1w80,4.54,4.6679688
1mik,6.35,6.4414062
3mw1,9.09,8.7890625
3chs,7.77,7.9453125
3w32,7.12,7.0039062
2ftd,10.39,10.6875
3zyr,5.34,6.0273438
4nrt,6.0,6.1210938
4u7v,5.49,5.5976562
4e3i,8.89,8.953125
4jit,6.64,6.3789062
4ks5,6.89,6.7695312
3nef,5.94,5.703125
3mhc,7.96,7.8046875
1ggn,5.51,5.578125
3ch9,3.3,3.2285156
3fzn,4.01,4.125
4oar,10.42,9.1171875
3fci,5.89,5.6953125
3dbd,7.38,7.9570312
4dr9,8.0,7.5703125
3anq,6.74,6.7148438
2xk4,4.77,4.8164062
3qcq,6.8,6.4609375
4zbf,7.13,7.3320312
5al4,6.52,6.3125
2wed,6.1,6.0664062
4ivk,3.85,3.7070312
3avj,3.3,2.9199219
4f6x,5.09,4.5390625
3wix,6.27,6.265625
4bhz,4.27,3.9804688
3mhw,2.3,2.0605469
3lxs,8.1,7.640625
2y9q,6.15,5.7929688
4afg,8.3,8.7109375
2x7d,6.7,6.3359375
3ful,3.7,3.5546875
1ogx,6.09,6.09375
4af3,7.51,6.8320312
1py5,7.29,6.7929688
2gfs,6.15,5.8632812
3mvj,5.49,4.90625
4bch,7.66,8.03125
4zec,5.82,5.5546875
4ykn,8.0,7.9492188
1n1t,3.85,4.1484375
1uou,7.7,7.5546875
4o24,4.3,4.3085938
2io6,7.52,7.8671875
3zo2,7.1,7.03125
3eql,5.3,5.2617188
2y71,7.37,7.5234375
2gg3,6.24,6.5078125
4umj,5.57,4.9101562
2g6q,5.82,5.4414062
4ptg,8.23,8.0625
4m1d,7.64,7.8242188
3pjt,4.88,4.7421875
4o0t,5.54,5.4765625
2pvn,9.46,8.8515625
2cgv,4.56,4.4257812
1h9l,3.12,2.9199219
2lyb,4.46,5.1992188
4bqs,4.21,4.2578125
1gvu,9.0,9.2734375
3v5g,7.13,6.8554688
1p05,5.96,6.0546875
2wyg,8.7,8.625
4bgm,6.21,6.2109375
3uh4,7.96,7.1835938
3iej,6.66,6.6132812
4x1p,4.2,4.21875
4zy4,7.66,7.4570312
3s00,4.92,4.9453125
3hab,8.38,7.6210938
2gu8,8.59,8.0078125
3zhx,6.68,6.859375
1ke3,6.7,6.2773438
1bnm,10.0,9.9609375
1s89,5.24,5.4492188
4hhy,8.72,8.15625
4dds,5.01,4.6054688
3fts,3.67,3.4824219
2xb9,6.77,6.9414062
4mfe,2.27,1.9033203
3t8v,6.59,6.6289062
3u9n,7.0,7.2265625
2y2h,4.57,4.6054688
1ow8,5.4,5.4921875
3rak,6.89,6.6367188
4bid,8.1,7.7382812
1f4x,5.59,5.828125
4wvl,6.88,6.9609375
1q6t,8.3,8.328125
4jnm,8.52,8.1484375
1tv6,5.4,5.2929688
4mp2,5.45,5.09375
5ea5,8.06,8.4921875
3d8z,3.37,2.7578125
2vti,6.18,6.1953125
5aln,6.57,6.28125
2xne,6.72,6.671875
1mfd,5.31,4.9414062
4eym,4.01,3.625
2z4o,9.57,8.5078125
4k6u,4.14,3.9960938
2pvj,8.1,7.4179688
3dne,5.22,6.0195312
1wbg,3.0,3.2714844
4llp,4.8,4.0429688
4l23,7.75,8.015625
4xyf,9.0,8.578125
4ryd,11.26,11.2421875
2z50,4.95,4.5234375
2xzq,6.59,6.2460938
1nnb,5.0,4.5859375
2h5i,8.89,9.3359375
4qw6,5.85,6.1992188
3o84,7.24,7.5546875
4l10,7.15,6.6875
1ms6,9.52,9.2890625
2uxu,4.74,5.140625
4u91,6.83,6.7929688
4xbo,4.59,4.5820312
4d8s,6.49,6.2148438
3rf5,5.63,5.2773438
4xgz,7.62,7.3085938
3gi5,11.22,11.6796875
3srb,4.19,4.5429688
4mrd,3.37,3.3359375
3r0w,4.52,4.2734375
4k3m,3.55,3.8945312
3rl4,5.42,5.5429688
4flj,5.13,5.21875
3s73,8.7,8.875
3m3x,6.82,6.9726562
1bzs,8.0,7.703125
4nwd,5.4,6.2617188
1ms7,6.77,6.2617188
1ryf,8.8,8.7265625
3qs6,4.89,4.6132812
3hf8,6.51,6.7929688
1x8s,5.1,5.6484375
3zi0,7.4,7.8476562
3itc,1.6,1.9453125
3uhm,8.44,7.8398438
2y2n,4.57,4.3398438
3v2w,7.11,7.4648438
3w9r,6.18,6.28125
4q4s,6.95,6.90625
4q7v,3.59,3.3203125
5azg,5.54,5.3945312
2vey,7.37,7.1132812
3d9m,3.48,3.7324219
2bw7,5.7,5.6289062
2nnq,8.7,8.4765625
2flr,6.1,5.8710938
3caj,8.1,8.1484375
2oi9,5.7,5.6914062
4amz,9.82,9.015625
4i12,6.39,6.4570312
4aze,8.11,8.1796875
3rpv,7.15,7.6914062
4z2l,5.85,6.125
1dis,11.0,10.203125
4wt6,7.92,8.3828125
1nw5,5.21,5.3984375
4y2b,8.36,7.6640625
1y98,5.43,5.0273438
3t64,6.7,6.6171875
4x8n,6.62,5.9960938
2lnw,5.85,6.1054688
3che,5.29,4.9023438
2xde,5.47,5.1523438
3old,5.9,5.5585938
1bm2,6.96,7.5
2btr,7.02,6.15625
4dx9,5.3,5.1601562
4cps,8.27,8.78125
4okp,2.7,2.9667969
2obj,7.3,6.9023438
1h24,6.3,5.8203125
4ibd,3.67,3.7890625
3vjl,8.25,8.71875
1jmf,5.77,5.4726562
3o1g,9.0,9.296875
2y56,6.51,6.8867188
1nd5,8.4,8.6015625
1hqh,6.3,6.0546875
3l3a,6.38,6.4609375
3pj3,5.25,5.453125
4eh7,3.28,3.421875
4kln,7.7,8.0625
4ym4,4.47,4.3867188
2zcs,8.22,8.0078125
2jj3,9.55,8.9375
3p7c,7.66,6.8007812
2gzl,4.82,5.0820312
4l32,6.84,6.3828125
4tya,2.39,2.1660156
4b6e,2.3,2.3085938
3t07,7.8,8.21875
3zk6,6.34,6.4921875
4bfp,7.82,7.6835938
3eys,5.52,6.7382812
1v2p,4.73,4.328125
4m5m,4.74,5.171875
3gxl,7.6,7.453125
1ezf,7.25,7.296875
1doj,8.96,9.046875
4mf1,9.15,8.828125
3bz3,8.82,8.5234375
3ddb,4.02,3.7207031
4gs9,5.66,5.9570312
2gg0,5.77,5.4414062
1fgi,5.0,4.9765625
1gca,6.7,6.5117188
1rlq,5.1,4.1992188
1pkx,6.92,6.0351562
3cwj,8.0,7.9882812
1z6q,6.7,7.625
1fdq,7.27,7.546875
4qxr,6.0,6.0429688
4oz1,5.62,5.5625
1urg,5.82,5.921875
1d4l,8.77,9.5234375
3eg6,5.77,6.5078125
4tkg,6.85,6.3242188
3hxi,6.33,6.1992188
3hvj,8.7,8.71875
3iiw,4.44,4.3398438
2f1g,7.54,7.8984375
2y7w,4.98,4.390625
1lah,7.52,8.171875
2uy4,4.68,4.8125
4b0g,7.82,8.2265625
2yke,5.96,6.0742188
4fhh,7.46,7.3398438
4ym2,2.85,3.2265625
1fax,7.39,7.4453125
2uy5,5.49,5.8867188
4j08,6.66,7.0390625
3h0v,4.82,4.453125
3hxd,5.05,5.5742188
3qsd,7.19,7.546875
2peh,5.96,6.0039062
3pn4,6.85,7.1484375
1l83,3.4,3.3984375
1rs4,7.17,7.6328125
2j7g,7.0,7.2695312
2nt7,6.52,7.4140625
2o9j,6.92,6.8710938
2byr,8.55,9.421875
1g9c,5.3,5.3359375
3agl,7.8,7.3125
5ak4,4.23,4.6015625
3qi4,3.93,4.328125
1sld,6.57,6.5625
3lfn,5.5,5.796875
3as2,3.44,4.5703125
2b1v,5.74,6.2304688
1bcj,3.7,3.5058594
4y2s,4.28,4.4570312
4ijp,7.8,7.6914062
1tcx,6.95,8.046875
3qqk,4.82,5.1757812
1b32,7.1,6.828125
4pgh,4.89,4.7539062
4p0n,8.66,8.796875
4e8z,6.64,7.0898438
3upk,4.3,4.4492188
1xh7,6.82,6.7382812
2kdh,2.96,3.3007812
5cxh,8.3,8.484375
2vo7,6.77,7.0859375
2vvs,7.34,7.25
2ms4,4.82,5.0585938
2q95,5.8,5.7929688
4bam,8.94,8.9921875
3cho,6.55,6.6953125
1xmu,9.08,8.5703125
1m51,4.73,5.3398438
5c5t,3.13,2.8027344
1pr1,5.3,4.546875
3l17,8.28,8.953125
2w0s,3.3,4.1640625
5agi,4.34,4.46875
3ip9,5.62,5.9726562
4jvi,5.3,5.2226562
4ge9,8.8,9.421875
1lvu,5.32,4.71875
2ydw,7.34,8.1953125
2z4w,6.01,5.9140625
1czo,4.55,4.8632812
4io5,5.03,4.8398438
3u1i,5.25,5.1484375
1wvj,6.73,6.3984375
4yqh,8.05,8.1328125
1ftm,7.61,8.0703125
4rr6,6.0,6.265625
3cd8,8.05,8.3515625
4k5l,4.96,5.3789062
1bmb,6.15,6.4140625
3iww,7.96,8.03125
1hgi,2.68,2.3125
1gsf,5.0,5.1914062
3v5j,7.96,7.9804688
4rj6,7.12,7.5195312
3tv8,7.15,6.5742188
4bqg,6.22,6.109375
4dpt,7.3,7.1171875
1hef,9.0,9.15625
5a82,5.6,5.3203125
3ztc,4.56,4.6992188
3p23,4.42,4.6757812
4eh4,2.81,2.8066406
3rqg,4.64,4.390625
3vf7,9.1,10.484375
3dzt,7.22,8.1875
4uv8,6.47,6.34375
1fq7,5.43,5.75
4ycw,5.68,5.8085938
4puk,7.28,7.9140625
3q71,5.22,5.2226562
4yjn,7.92,7.9765625
4bbg,8.32,9.1015625
223l,3.4,3.109375
4rn6,5.1,5.7265625
2xez,5.82,6.203125
1b52,7.12,6.7617188
3tyq,8.3,8.15625
2qi1,7.3,8.6171875
2e92,6.89,7.2929688
2p94,9.17,9.3359375
4a7j,7.0,7.8398438
3zbx,8.22,8.1796875
3rwg,8.55,7.8515625
3avm,3.3,3.4667969
3d7g,7.77,8.1015625
3rg2,4.2,4.8320312
3b9g,4.72,5.078125
4o3c,2.59,2.4003906
4re9,4.92,5.3085938
1ow4,5.68,6.2695312
1g53,9.04,8.890625
4ehe,8.49,8.4921875
1xp9,8.89,9.171875
1fo3,6.7,7.0234375
3ls4,6.3,7.1523438
2wi2,3.46,3.2558594
3ard,6.76,7.2539062
3zln,8.47,8.9921875
3oyw,4.11,4.1171875
3dgn,6.21,6.7460938
4iz0,4.0,3.9160156
1v2s,4.17,3.4667969
3vw9,7.96,8.3671875
3gta,4.28,4.2539062
2q63,7.18,7.4179688
1j17,5.22,6.2773438
1o1s,7.31,7.9101562
4n3l,7.0,7.3828125
3t0t,7.04,7.2070312
4j1p,7.05,7.5898438
1ml1,4.28,4.3242188
2yis,8.77,8.7421875
4i5h,8.7,9.5
3cqu,6.82,7.0
2chm,8.26,8.7265625
3odk,3.14,3.2636719
2hdq,1.4,1.375
3srv,7.5,7.5859375
3thb,8.7,8.34375
4o7a,4.72,4.5078125
3rz8,8.17,8.203125
3rhk,6.26,6.5234375
3qtf,6.96,7.4648438
4nhx,5.72,5.4375
3ekr,7.52,7.65625
1sts,5.0,5.0585938
4e4x,8.15,8.9453125
2i3i,7.3,7.328125
3bg8,5.89,5.9023438
2c3l,5.07,5.625
4jpa,8.48,8.53125
3ck8,3.84,3.6132812
4u6x,6.38,6.78125
3frz,8.15,7.7578125
1oe8,5.52,6.0898438
1l2s,4.59,4.9960938
1ttv,6.8,6.8984375
4e8y,6.09,6.4492188
1mmr,5.4,5.2617188
1qsc,3.68,3.4101562
2dua,4.77,5.1796875
3qo2,6.85,7.4335938
1m83,3.4,4.3515625
1bxl,6.47,6.6796875
2b8v,7.01,7.390625
3uvk,6.8,6.7773438
2zym,6.14,5.53125
4xuc,5.96,6.0664062
1dl7,6.49,6.984375
2h9t,4.7,5.0039062
1juy,7.66,7.9101562
1h7a,4.72,5.03125
4pgb,7.48,7.7265625
1g30,6.85,7.1328125
3tpu,4.32,3.7109375
2h2j,5.38,5.875
3ijg,4.27,4.5898438
1tc1,2.7,2.9199219
3w9k,6.32,7.0625
4xyn,5.89,6.6328125
3tww,5.38,5.6953125
2hjb,4.39,4.640625
2viq,5.89,5.7539062
4bgy,2.96,2.4785156
3ccc,8.1,8.0625
3aox,9.08,9.5703125
3t2v,6.99,6.859375
4aom,7.07,6.828125
4xxs,7.28,6.984375
1irs,5.22,4.875
1pxl,6.05,5.8007812
4q06,7.66,7.5820312
4yzu,5.05,5.2070312
3rxm,3.63,3.2949219
3ryz,8.62,8.375
4knx,5.49,5.6914062
4k55,5.51,5.28125
1e1v,4.92,5.2578125
3ehw,4.82,5.1875
1x0n,7.7,7.703125
3cph,6.48,6.359375
4luo,3.24,3.4511719
2zsc,7.06,7.3046875
3ad8,3.16,3.5820312
3bpr,4.95,5.1289062
3bra,2.7,3.203125
4jyt,7.4,7.1757812
3msk,4.59,4.8203125
4p4i,7.46,7.6992188
1htf,6.83,7.4492188
4zwx,8.7,8.640625
3pma,5.4,5.8164062
4gqr,3.96,3.9238281
3tcp,8.37,8.5
3tb6,5.08,5.4257812
1yk7,7.72,8.546875
3qkm,7.42,7.671875
4tqn,6.11,6.2851562
1o45,9.6,10.2578125
1o0d,8.21,8.4375
2xsb,4.96,5.53125
3vi7,7.39,7.796875
3qps,5.6,6.078125
4p4s,4.94,5.3085938
4i9c,5.51,5.9140625
1bux,4.85,5.1054688
3c5u,8.19,8.0390625
3ikc,7.46,7.0
5alx,5.48,5.0625
1qaw,5.12,5.1054688
2pj0,8.09,8.5390625
3a1e,2.66,3.0976562
4nku,4.67,5.1914062
3sji,5.69,5.8007812
4ach,7.66,8.46875
3v6s,9.12,8.4921875
5e2p,8.8,8.71875
4hpi,4.85,5.1367188
2w6o,4.22,4.6601562
1s39,7.7,7.3789062
1i41,4.57,4.9882812
4xtt,7.37,6.7929688
4ckj,4.84,5.2890625
3f9n,5.89,5.8007812
3rxd,3.73,3.4433594
3hac,8.17,8.703125
4e35,4.62,4.8984375
4kn7,7.62,7.9570312
2jql,6.52,6.5898438
2zu4,7.42,7.4179688
3jrx,9.0,9.0703125
2aox,7.42,6.84375
1lst,7.85,6.4921875
3fn0,4.4,4.359375
4des,5.85,5.2304688
3c6u,8.87,8.890625
4dt6,7.23,6.6289062
3dba,8.0,7.7226562
3kl8,6.92,7.078125
4wrs,9.4,9.8359375
4jsa,4.96,4.9453125
3uw4,7.77,7.5429688
3qn7,6.8,6.2421875
1mx1,4.0,3.8203125
2y80,8.05,7.4179688
2w71,6.48,6.4296875
2e2b,7.96,7.25
4ear,9.82,9.6796875
2dbl,8.7,8.5390625
1upf,4.6,4.4882812
3sou,5.68,5.6953125
1ke5,6.25,6.25
4olh,8.3,8.3359375
4r18,7.68,7.796875
4mro,7.06,6.6757812
3lpp,6.22,5.7421875
1o2r,5.21,5.8164062
4mg7,6.36,6.1992188
2mow,5.96,5.84375
1mrw,9.7,7.953125
3wz7,5.74,5.5
4f63,6.3,6.5625
2bxu,7.15,6.9101562
4irx,6.12,5.4179688
4lqy,3.89,3.5800781
1ws4,3.0,3.2265625
4uxq,7.8,8.0234375
3dp0,5.85,5.9023438
2ccs,5.7,6.3125
2o9i,7.4,7.6523438
4jj8,6.14,6.8359375
4dbm,7.62,6.8242188
4obp,7.77,6.7539062
4hbn,6.1,6.2695312
3r2b,8.4,7.9570312
1kz8,6.08,5.4570312
2v59,7.74,7.984375
2bz6,7.09,7.5585938
3e51,7.85,7.5742188
5ccm,8.4,8.1796875
4x8v,6.89,6.609375
2yiu,6.89,7.1171875
2o9v,3.54,3.5566406
5ak6,3.49,3.1992188
4n6y,7.04,6.78125
4h3i,8.52,8.546875
1prm,4.23,4.2460938
1yw7,5.85,5.2539062
2ilp,4.82,4.7421875
2i0d,12.1,12.0390625
1a1b,6.4,6.265625
2ohv,6.46,6.2070312
1bai,7.7,7.171875
4o3u,6.4,5.6328125
3krr,9.32,8.5234375
2gek,7.52,7.0742188
2wq5,3.74,3.4648438
3c1x,7.35,7.0507812
3gn7,8.3,7.8632812
1x39,9.22,8.8984375
4oo9,9.07,8.984375
2or9,6.3,5.7578125
4tki,6.38,7.0078125
1hi3,4.19,4.0039062
4oct,5.05,4.8710938
3h3c,6.85,6.2851562
4fea,6.47,6.3046875
3jq9,6.4,6.7148438
4edy,5.83,5.9570312
2c9d,6.32,6.4414062
4qwi,5.36,5.71875
4fht,6.17,5.9882812
4u6e,3.3,3.6386719
2xdm,7.49,6.8710938
4bio,5.12,4.890625
4yw6,7.08,7.0234375
4j53,8.7,9.34375
4k6i,6.2,6.4453125
3m2w,8.52,8.0078125
3hc8,8.54,8.15625
4oyg,5.18,4.7734375
1o4a,6.92,6.8828125
1vyf,8.05,8.484375
4tk1,3.72,3.3144531
1ihy,3.74,3.5898438
4a7i,8.7,7.8632812
4jnj,9.07,8.578125
4urv,2.77,2.7421875
2bpy,7.4,7.453125
4ny3,4.31,4.5703125
1cny,7.85,7.5820312
3fqs,7.39,7.1914062
2ym4,5.82,5.5976562
3tct,8.52,8.765625
4f9v,6.03,5.9375
4qxt,7.8,7.625
4a16,9.37,9.8671875
2wxo,7.05,6.5273438
1osg,7.52,7.3789062
4dea,6.59,5.921875
1czq,4.54,4.1484375
1o36,5.96,6.4453125
3tay,3.38,3.1171875
2vx0,6.24,6.5546875
1mmq,7.52,6.65625
2cf8,8.1,7.3554688
1v79,7.89,8.1640625
3qai,8.1,8.1875
3fcb,5.31,4.2929688
2c6g,3.37,3.4492188
3fas,6.77,6.4804688
4qb3,5.47,5.5351562
4p44,7.8,7.828125
4lg6,6.74,5.2539062
3fuf,2.7,2.4902344
4hlc,6.76,7.4609375
4ah9,2.46,2.4824219
4do4,7.29,5.8046875
3azb,4.92,4.78125
1tjp,4.42,4.4609375
1ebg,10.82,11.0390625
1pau,9.46,9.125
5a2i,5.06,4.7773438
4gjd,8.52,7.7851562
3i7c,7.74,7.375
1qxz,4.72,4.703125
1au0,7.66,7.59375
4wwp,6.92,6.5390625
3hrf,4.99,5.0039062
2aoc,4.89,4.3789062
2c02,4.04,3.5585938
4rlw,4.87,5.0976562
1it6,8.39,7.9335938
1n9a,8.66,7.8125
3dkg,5.0,5.3164062
3uib,6.8,7.4179688
3ujd,4.69,4.453125
4lv2,8.0,7.7695312
2am2,5.1,5.0
3zpu,8.38,8.375
4gja,5.92,5.140625
2hf8,5.47,5.046875
4gee,9.0,8.53125
4n70,12.0,11.78125
3rxf,2.6,2.5917969
4zsr,4.44,4.1171875
4wmv,4.03,3.7851562
3ik3,8.7,7.9609375
4muv,5.76,5.7773438
3ika,7.85,7.0976562
4gz3,5.74,5.2304688
3oe8,8.14,7.9882812
2vsl,8.4,7.4921875
3nex,6.0,6.171875
1njb,5.8,5.5976562
4j0s,6.42,6.1640625
1tt1,8.15,8.5
3oeu,7.51,7.609375
2e95,7.1,7.1640625
4itj,6.42,6.3398438
3zs1,6.4,6.5625
1v0o,5.26,5.1640625
1kds,5.77,5.3867188
2aj8,6.2,5.6679688
4o2c,8.0,7.9648438
2uzv,5.87,5.8046875
3b9s,5.3,5.3125
2w7y,6.08,6.3046875
4bkz,7.57,7.4804688
1i5d,8.0,8.3671875
2xru,7.51,7.3789062
3fvh,6.35,5.65625
3iw4,8.68,8.0546875
4c6v,4.59,4.8125
2qln,5.43,5.15625
3nmq,9.7,9.859375
1hvh,7.96,8.046875
4hhz,7.72,7.4257812
4drn,5.24,5.171875
3k16,5.8,5.296875
2mnz,5.19,4.3632812
2nq7,5.54,5.1953125
3mt9,4.59,4.421875
3sv8,7.91,6.890625
5cqj,4.81,4.4570312
3sad,5.96,5.796875
1mrs,3.96,3.9863281
5em5,6.58,6.5390625
1lf9,12.0,11.7734375
3i90,3.3,3.4355469
2rl5,8.4,8.8671875
2y7z,8.7,8.15625
3qgw,5.89,5.546875
3u92,7.48,6.9101562
3rkz,7.08,6.671875
5er2,6.57,5.4960938
2yne,8.57,8.5546875
3hvg,2.7,2.1308594
4fmq,5.05,4.5546875
1k9r,3.3,3.4921875
3eq9,7.39,7.7265625
2cn8,5.46,5.2421875
4mk1,4.8,4.5117188
3o88,6.37,6.296875
2viz,6.22,6.53125
4o0y,7.22,7.4921875
3ml2,8.05,7.5078125
4dvf,6.89,6.8476562
4qge,9.3,8.84375
4p0x,5.92,5.7539062
3rwc,8.12,8.2578125
4ofb,5.43,4.8867188
4a9s,7.21,7.09375
4d2p,5.68,5.9140625
2qh6,6.0,5.6679688
1p4u,5.3,4.9921875
5bwb,5.3,4.8867188
4qye,5.92,5.4023438
3vhd,9.28,9.21875
4utr,6.15,5.7695312
4nh7,8.4,8.2109375
4w9n,4.26,3.9550781
1s19,9.51,10.5546875
2yit,9.54,9.3984375
4y2v,4.04,3.5742188
3l8s,7.0,7.2265625
4j51,6.59,5.7773438
5alg,7.52,7.6445312
2yj9,7.02,6.5625
2g5p,8.42,7.3671875
4ohk,8.3,8.609375
1gqs,6.3,5.53125
3d45,5.68,5.0
2x5o,4.07,3.7675781
3p3g,9.74,9.1328125
1jrs,6.4,6.3125
1w3j,6.32,5.8554688
6abp,6.36,5.9375
1n1g,2.3,2.1445312
1om1,6.77,7.59375
3wf6,7.48,7.2539062
3aaq,3.3,3.6484375
4cxw,6.09,5.4648438
2pqj,8.2,7.0820312
4x69,7.66,7.5273438
1kv5,4.22,3.4511719
3puj,4.51,4.1992188
4gm8,9.0,8.6484375
3o75,6.68,6.5664062
4q4o,7.46,7.4179688
2fx6,3.7,3.4941406
4io4,4.61,5.21875
4bgg,7.82,7.4296875
4p02,6.4,6.6679688
2obf,8.85,8.5234375
2wtw,8.19,8.1640625
4bi0,4.23,4.4375
1sri,6.08,5.7773438
4egi,3.82,4.4492188
4mrf,1.95,2.5136719
1ny0,5.85,5.8320312
1g4k,5.7,5.3554688
3ppp,5.22,5.5273438
3lrh,7.35,6.609375
1xk5,6.0,5.5507812
1xb7,6.22,6.828125
3hqz,9.38,9.40625
4f8h,4.24,4.7109375
3rk9,6.28,6.0234375
2ama,8.0,8.015625
1k3n,4.99,4.765625
3lhg,7.7,8.1953125
3skf,8.3,7.8945312
1nfu,7.74,7.5703125
4o15,8.7,8.1953125
3b7i,5.82,6.0703125
1tpz,6.19,6.3007812
1lrt,5.64,5.296875
4baq,9.01,8.6640625
2ggu,3.03,2.8710938
4rsk,4.32,4.640625
3hqr,5.52,5.3710938
3egt,8.9,8.6796875
2yg2,6.05,5.4648438
3rtx,3.86,3.6269531
2weh,5.95,6.0664062
3qti,7.85,7.453125
3kw9,9.0,9.546875
3iop,7.77,7.5273438
4dmw,4.94,5.0390625
2zxa,8.35,7.90625
3nuj,9.39,10.2109375
2iit,8.59,8.640625
4heu,10.01,9.65625
3hzy,7.0,7.8476562
1k2i,3.11,3.8417969
4g31,9.4,8.90625
4efg,7.26,6.9804688
4n9e,7.82,7.890625
2jfz,5.24,5.3085938
4q9z,7.26,7.59375
2w12,4.65,4.2460938
2wpa,8.1,7.640625
4ikr,6.23,5.9492188
4qjo,7.4,6.8632812
4tyb,1.7,2.3671875
2df6,5.98,5.953125
4x34,6.12,5.8554688
1mhw,7.35,6.9765625
4hnp,6.78,6.515625
1ha2,5.54,5.4453125
4phv,9.17,8.7578125
4e6d,8.92,8.8125
1q5k,7.42,7.7148438
2zx6,10.6,9.5625
4e20,8.22,8.140625
4ef4,5.35,5.1601562
4dcx,4.5,4.3046875
3dej,8.0,8.34375
4wuy,7.82,8.203125
4dt2,4.37,4.890625
3aav,6.62,7.4726562
2vew,7.19,7.1210938
4mse,6.16,6.140625
1hk1,5.64,5.4296875
1ax1,3.29,3.8457031
3f6g,4.72,4.71875
3rin,8.89,8.015625
3f3w,7.47,7.4492188
2op9,5.66,5.6914062
3bi0,7.85,7.8554688
1f8b,5.4,6.1757812
2lya,4.19,4.3828125
1ule,5.92,6.1601562
4r0i,6.52,6.515625
2loz,4.06,3.9394531
4h2o,5.52,5.6914062
1dqx,11.05,9.6796875
4z1q,7.82,8.6875
3coj,5.28,4.5507812
3f0r,6.89,6.9140625
1l5s,3.26,3.7773438
3wkb,4.21,4.1210938
2nxl,6.27,5.296875
4rux,7.92,7.1328125
2wcg,6.38,5.9023438
4nro,5.02,5.53125
4abb,4.51,4.46875
4tun,5.41,4.8125
4ge2,6.05,5.8554688
4oz3,4.55,4.625
2wf4,7.89,8.015625
1y2f,4.92,5.0039062
2sfp,1.7,2.3007812
4tq3,5.49,5.3984375
4dfu,4.6,5.015625
2jxr,7.05,7.3710938
1lcj,9.0,9.71875
4bj8,8.29,7.9765625
5d1w,5.12,5.109375
1a4k,8.0,7.5429688
4ykj,4.43,4.4414062
3m3r,6.32,5.9921875
4nwc,5.76,6.140625
4hwt,4.3,4.5976562
4wk2,6.94,6.6367188
2zfi,3.46,3.4257812
4b9w,4.17,4.4101562
1jd0,8.24,8.0859375
3qxv,8.4,8.390625
3g2s,6.22,5.984375
1n46,10.52,10.4375
4ucs,4.21,4.4296875
4o7b,4.7,4.8046875
4fzg,7.72,7.5546875
3twx,5.26,4.8554688
3zps,8.3,7.8359375
3wdc,7.92,7.4726562
1b58,6.59,6.734375
1hlf,5.64,5.3242188
16pk,5.22,5.984375
2fxv,5.35,4.9375
3lpf,6.68,6.234375
4rcd,9.15,8.40625
2uuo,3.77,3.7148438
3b8h,4.2,4.171875
2vxj,4.17,4.0078125
3tt0,9.05,8.6015625
1xd0,7.12,6.9414062
4uwf,8.15,8.7578125
4jmx,7.21,7.7148438
1ing,2.0,2.3476562
4rvk,7.87,7.8789062
2h2g,5.04,5.3554688
3n6k,6.74,6.3085938
1ek1,7.77,7.9257812
1tok,2.47,2.7773438
4ql1,7.03,6.71875
3r24,5.25,5.0234375
2pj9,7.92,7.796875
1lhd,9.62,9.65625
4hbw,5.32,5.7226562
4wcu,8.52,8.8984375
3lf0,5.71,5.984375
3w33,7.44,7.9375
4hzx,9.3,8.671875
1c3b,7.57,7.2109375
3sw2,8.33,7.984375
2hd1,3.3,3.8066406
2ea2,7.8,7.859375
2oo8,9.0,9.7578125
3e7a,10.0,9.9140625
3p3j,7.92,7.9375
1rgj,8.31,8.28125
3vo3,8.85,8.875
2wa3,3.0,2.8710938
2psx,5.77,5.625
1xur,5.18,5.8320312
3uil,6.0,5.765625
2hwo,6.9,6.8007812
3wuu,5.14,5.28125
3kc3,6.8,6.7929688
1z6s,4.34,4.2382812
1r2b,4.94,5.0195312
2a31,1.01,1.9765625
3msl,5.15,5.3242188
2jiw,4.59,4.625
4caf,7.12,7.0195312
2uyw,13.0,12.2265625
2q8i,3.4,3.8378906
1nnu,6.82,5.6484375
3rsv,9.15,8.453125
3ng4,5.43,4.953125
2xas,5.89,5.9882812
4ntj,7.36,7.078125
3bgm,7.41,8.2578125
4tn4,6.33,6.390625
4ibk,4.3,4.578125
1wbo,3.0,2.9257812
4ie0,5.08,5.0664062
1bju,4.8,4.9609375
1xmy,7.3,7.1835938
3zim,8.17,7.8046875
4jbp,7.39,6.7304688
1zaj,5.1,5.3398438
4ce1,4.38,4.9140625
2qn2,4.55,4.75
4kiq,7.64,7.6953125
4c1g,5.14,5.5117188
2wtc,6.51,6.3828125
3hqh,4.2,4.515625
3uz5,7.22,6.078125
4bie,6.6,7.21875
1nfs,9.92,9.46875
3n2v,7.51,7.4023438
3oys,8.05,7.8476562
4x49,4.53,4.4726562
2hrp,8.3,8.3515625
5abh,8.77,7.5429688
3f6h,4.72,4.8945312
3mna,7.39,7.4179688
2clo,4.06,4.0625
4k8s,7.44,6.7890625
3wns,5.96,6.1914062
2x2c,7.72,7.8359375
4qbb,7.52,7.46875
4gxl,5.28,5.2382812
4h4e,6.68,5.9492188
2g9x,7.35,7.3867188
1rt2,8.22,8.328125
3d9p,4.54,4.9882812
4l7c,5.13,5.3515625
2xog,3.43,3.5917969
4urm,8.05,8.0
4ifi,5.48,5.0820312
4dk7,7.7,7.1328125
5alw,5.15,5.40625
1fq6,7.86,7.4257812
1pwp,6.3,6.203125
4ok3,4.15,4.0859375
4c0r,4.91,4.6523438
2iw8,6.99,6.9921875
1ivp,7.52,7.2929688
1m5e,7.7,7.7421875
2oh4,8.46,8.375
2vwy,7.05,7.09375
1eix,11.06,8.875
1nhx,5.68,5.6132812
4ogv,8.05,7.4023438
4k3k,2.35,3.0078125
3qcy,7.7,8.234375
1efi,1.92,2.1972656
3rtn,7.13,6.5546875
1ke1,7.25,7.390625
3jzh,3.4,3.1269531
1e6s,3.22,3.3925781
4mg8,6.48,6.3125
3oui,4.9,5.5351562
4b5b,6.41,6.5742188
3bm6,7.59,6.5898438
3pb9,6.58,6.65625
4ngq,8.8,9.21875
3ru1,4.85,4.5078125
1m2q,6.1,5.828125
1lor,11.06,10.5234375
3ie3,6.68,6.4375
2c6e,9.1,8.703125
2r3l,7.0,6.8632812
1dzj,5.89,5.9921875
4imq,5.82,5.9921875
2xey,5.19,5.0234375
4qwk,6.27,6.2265625
5al2,6.44,6.171875
3ti5,8.95,9.4375
2ql9,9.03,8.8671875
4cwp,6.77,7.0976562
1aw1,1.05,1.8544922
3g32,3.71,3.59375
1wm1,6.3,6.265625
2ojj,8.7,8.125
1mh5,9.21,8.546875
2q92,5.96,6.3203125
1owj,7.32,7.140625
3vap,8.4,7.8125
2r3g,6.1,5.2773438
1o3c,7.13,6.90625
4nms,4.94,4.8867188
3su3,9.13,7.0703125
1qyg,6.85,6.6484375
2b5j,9.1,8.4609375
4bnt,3.86,4.328125
4gq4,7.66,7.4140625
1utn,3.49,3.2363281
4mss,6.4,5.4140625
2evm,6.16,6.2265625
1u2y,1.74,1.1826172
4jr0,8.2,7.2929688
4zk5,8.43,8.25
4puj,7.46,7.2421875
1yt9,8.3,8.6484375
1i9q,8.41,8.265625
2rg6,8.66,8.75
4ock,5.08,4.8945312
4elg,8.16,8.5859375
3rxj,3.06,3.203125
4up5,2.6,3.0683594
3oxc,8.41,7.859375
1c5t,4.1,4.0390625
1uho,9.22,8.9375
4qtn,6.85,6.3515625
3p4v,5.1,5.3984375
4kc1,2.91,3.3222656
2fv9,7.22,6.9179688
1x8t,7.8,7.0820312
1nfy,8.89,8.8671875
2xah,3.55,3.8710938
3p8h,5.3,5.5976562
5cp9,3.51,4.9882812
3t3g,5.49,5.6953125
4c1d,5.36,5.0859375
2ydt,5.52,5.125
3okc,4.44,4.625
3kfn,4.74,5.265625
4own,4.22,4.1210938
3g2y,2.0,1.9179688
1xoe,7.39,7.3476562
2jf4,8.15,7.1171875
1gwq,7.12,6.7773438
3zpq,7.17,6.875
4ayv,9.17,8.796875
4cmt,9.7,9.71875
4cd4,6.58,6.28125
4b1d,7.49,7.3320312
2vo4,4.94,4.9804688
4mi9,3.42,3.8691406
3dpe,7.24,7.3554688
2wj1,8.72,8.578125
4jjg,8.7,7.4414062
4u79,6.4,5.9453125
1f9e,8.7,8.6953125
3f8e,7.23,7.1835938
1zfp,7.59,7.9335938
2c68,5.74,5.7148438
4i5c,8.82,8.859375
2iv9,4.34,5.1015625
1joj,4.22,4.2773438
2wzs,3.85,3.390625
2vmf,5.85,4.8789062
3ti8,9.05,9.0625
2wzm,5.22,5.3671875
2evc,6.54,6.5234375
4w54,4.17,3.5820312
3hha,7.9,7.5
1ypj,7.02,7.7070312
3d83,8.36,8.078125
4n3r,6.82,7.0585938
4j8g,4.19,4.1445312
2jaj,4.6,4.3789062
3ipa,6.22,5.8242188
3v4v,7.38,7.1015625
3k5f,5.43,5.9335938
4gvm,6.11,5.6679688
3br9,7.21,7.4335938
2l8j,5.52,5.53125
4tz2,3.46,4.1601562
2xaj,3.77,4.4570312
2ggx,3.49,2.890625
3eyf,7.03,7.5273438
4zip,9.68,9.5234375
4md6,7.77,7.8710938
4eeh,4.35,4.171875
4jmu,5.47,5.2109375
2np9,5.57,5.765625
3fvn,6.77,6.1328125
1n5z,4.36,4.34375
3mks,5.72,5.5117188
2hnx,7.08,7.0
1xzx,10.22,10.0546875
1wok,7.48,8.5859375
4cqg,9.39,9.046875
1g32,6.11,6.0976562
4po7,7.07,6.6484375
3dcv,8.52,8.2734375
3uvu,7.38,7.984375
5cyi,5.88,5.75
1al7,7.8,7.5625
2oei,3.91,4.0585938
3k0k,5.43,5.6601562
3wab,7.47,7.375
4pte,7.13,6.7109375
3zdh,7.35,6.6367188
4e4l,8.77,8.796875
3i9g,8.96,8.578125
5cbs,5.41,6.234375
1n7j,6.43,6.8007812
2mip,8.46,8.9140625
3lpu,5.86,6.015625
2a29,2.85,2.7910156
3d9k,4.72,4.3671875
4ayx,3.7,3.6074219
4ylk,6.74,6.7109375
2b7d,8.7,8.75
1p2a,7.92,7.5273438
2xn7,10.0,9.7578125
3a4o,8.89,8.90625
4u2w,6.0,6.0234375
2igw,1.31,1.6152344
3ft5,4.82,3.9707031
2nmy,8.37,8.0234375
1rxp,7.14,6.8125
2wxd,5.48,5.265625
4mnq,4.43,4.1640625
2las,5.74,5.4453125
4pz5,6.92,7.3164062
2off,6.52,7.0351562
2ra6,4.52,4.5546875
3t6r,5.66,6.6445312
2cct,5.02,4.9414062
1gt1,6.0,6.4023438
2azb,7.19,7.171875
3wsy,6.36,5.9960938
4cj4,3.36,3.6660156
4ngr,7.55,7.03125
3u6j,8.21,8.4453125
4hzt,6.12,6.2070312
4oee,5.76,6.140625
1qcp,7.52,7.71875
2wf2,7.59,7.8945312
4hlf,6.06,6.2148438
4pf5,5.48,5.5820312
3as3,3.8,3.9726562
1hdt,7.76,7.9414062
3dek,7.57,7.6210938
1pyw,7.7,7.7617188
3wc7,8.26,7.9882812
4c4g,8.22,8.125
2axi,6.85,7.3867188
2f18,4.1,4.0273438
4gfd,9.48,9.1484375
1lf8,5.46,5.5
3tkz,5.92,6.4296875
3khv,1.85,2.5507812
3nk8,3.0,3.2695312
2wmr,4.28,4.75
4l2x,7.41,7.53125
2gz7,6.52,7.0703125
3qtw,6.19,5.7109375
3efs,5.34,6.2460938
2xdw,8.37,8.8828125
4kqr,3.9,3.953125
4xv3,7.92,8.25
4wym,4.0,3.8945312
1rti,4.77,4.625
2gm9,7.39,7.4882812
2jdl,9.43,9.4609375
3le6,7.46,7.6757812
3tu1,6.6,7.1210938
1ym1,6.24,6.1757812
3dla,3.46,3.6542969
2y4k,5.46,5.796875
3igb,4.42,4.5273438
4lj3,9.0,9.3125
1e2l,4.29,4.5195312
2xda,6.22,6.3984375
4jal,4.6,4.4140625
2exm,4.11,4.6328125
1cea,4.96,4.953125
1fyr,5.62,5.90625
1pfu,2.72,2.9570312
4jaj,5.26,5.5859375
2qry,8.64,7.8632812
2pjc,8.72,8.7578125
1d3q,6.54,6.3085938
4e5j,4.73,4.6679688
4zls,9.09,9.015625
3oka,4.72,4.8828125
4bo4,6.89,7.7109375
2yog,4.51,5.15625
2ozr,9.17,9.8515625
3o9c,12.05,11.671875
2gv6,7.34,7.0507812
3uii,5.0,4.5742188
4ga3,7.52,7.7265625
1qf5,7.37,6.6796875
3vf9,8.72,8.34375
3qxm,7.48,7.7304688
2cen,8.3,8.171875
1i3z,6.88,6.734375
4ixh,8.21,8.078125
4jc1,4.3,4.53125
4mm7,3.63,4.140625
1w0x,5.3,5.4375
3g9l,6.13,6.59375
3svj,6.93,7.015625
4kwf,4.82,5.3046875
3t3i,4.77,5.2109375
3o6m,7.48,7.1757812
1oai,5.0,5.09375
1f4g,6.48,6.2578125
4z68,6.49,6.1953125
1c6y,9.51,9.953125
3haw,6.0,6.453125
4lar,4.68,4.6679688
2uzo,4.57,5.125
3uvo,7.0,6.6796875
3er5,9.0,7.6054688
2z9g,6.15,6.0820312
1vyq,5.3,6.1054688
3gpo,5.3,5.7070312
3cj3,4.24,4.2382812
4kp6,9.09,9.203125
2xiz,3.89,4.5546875
2x7o,7.47,7.6796875
1a4h,5.92,6.4414062
2jbk,6.4,5.9492188
2bks,7.43,7.671875
3mrx,3.39,3.6992188
3zhz,7.05,7.6875
4eo6,8.7,9.46875
2oc1,5.37,4.3085938
3aza,5.13,5.0078125
4qgi,3.9,3.5117188
1b6m,8.4,8.03125
3ao5,2.23,2.6601562
3qo9,5.92,5.4492188
3lil,8.08,8.0703125
1xm6,6.38,6.5195312
2cji,8.22,7.4570312
3dz2,4.15,3.4238281
4ps7,7.41,6.5507812
5aiv,6.19,6.34375
2j75,6.65,6.0976562
1lxh,7.19,6.6796875
3l08,10.22,8.75
3sm1,5.84,5.5390625
2f6v,4.43,4.3828125
3djf,6.1,5.3632812
4mm8,6.11,6.0273438
1p01,9.46,8.875
2xk6,5.8,5.2304688
4jbl,3.27,2.6679688
2zv9,8.05,6.9804688
4uco,7.0,6.359375
2y1d,6.82,6.7070312
3ztd,4.02,4.296875
2v2v,4.07,3.8691406
2glp,5.01,4.7460938
2z92,9.1,8.328125
2xu4,6.47,6.4414062
4rrn,7.32,6.8984375
4r93,7.8,7.2070312
4yll,6.92,6.5625
2xui,15.0,12.4140625
2j4a,10.6,9.4609375
1w12,7.85,7.3554688
3bc5,8.3,8.25
1xbb,5.3,4.8007812
4k2y,3.33,3.421875
4hxj,4.13,4.1640625
4feq,5.96,5.5625
4m8t,6.43,5.46875
1ld7,8.96,8.0859375
4omc,10.78,10.03125
4ca6,6.74,5.4609375
4ele,7.88,7.5429688
3ghe,5.89,5.078125
3own,7.47,7.3789062
1me3,7.19,7.0039062
2jal,4.82,4.1679688
4kp4,5.17,4.5429688
1f0q,6.0,5.6132812
3sw9,5.38,5.3164062
1rwq,10.0,8.796875
2bkt,7.64,7.3867188
3l4z,6.72,5.59375
3ehx,7.6,6.6875
2o64,6.47,6.015625
2fs8,7.6,7.0507812
2pj6,7.31,6.7460938
2vu3,7.33,6.3164062
2xuf,14.39,13.1953125
1j4k,4.0,3.4472656
4gtm,8.04,7.1601562
5cnm,6.81,6.8945312
3bgs,9.42,8.75
4yw2,2.8,2.4238281
3tdj,5.25,4.7773438
3r02,9.0,8.8046875
4f9u,6.03,5.7304688
2b9a,8.05,7.6289062
5ece,8.05,7.1210938
5a85,5.3,4.8945312
4h2j,5.32,5.4453125
1kl3,5.86,5.3867188
2e9o,7.7,7.34375
2r5d,10.15,8.8984375
4an1,10.26,8.5078125
1db1,9.26,9.1875
4p75,4.1,3.6308594
4zs3,5.18,5.1015625
4ktu,6.16,5.234375
4tw9,7.7,7.0703125
3kfa,7.6,6.9140625
1o4h,2.44,2.09375
3hjo,6.52,5.9257812
3fdt,4.52,4.3945312
3p78,6.96,6.2890625
4pfu,6.17,5.7890625
3ppo,5.3,4.96875
3d50,4.77,4.4921875
4q1d,7.78,7.84375
3nil,3.46,2.7773438
4j7d,4.7,4.0898438
2imb,4.22,3.90625
1w0y,6.42,5.9101562
2nta,4.8,4.3007812
4ca5,9.39,8.1796875
4pks,4.82,4.421875
4uzd,9.22,8.859375
1pwq,4.96,4.7109375
2xuz,7.4,6.9453125
3mp1,6.1,5.7617188
3m8t,4.0,3.3984375
1cil,9.43,8.9375
4jgv,6.57,5.6914062
3oob,4.67,4.453125
4pjt,9.24,7.9101562
3tdc,8.27,7.328125
4lk6,5.2,5.046875
4k3n,7.96,7.7578125
2qo1,5.57,4.8476562
1o2j,6.92,6.2109375
1ysi,7.44,6.953125
1i9p,8.41,8.3515625
2q2z,8.7,7.6835938
4d1b,4.44,3.6953125
2bts,7.7,6.3710938
4zsp,5.74,5.4101562
3tlh,8.82,8.265625
4bw1,5.9,6.078125
5avi,6.06,5.8242188
4hvh,7.72,7.46875
4yax,5.82,5.484375
1h3b,6.85,6.6171875
4q8x,3.57,2.890625
4cxx,5.68,5.0234375
4bds,7.6,7.3515625
1etz,7.24,6.7890625
1j07,7.68,7.375
1aq1,8.15,7.6210938
3kmm,9.7,8.9140625
3ml5,8.52,8.46875
4z8a,4.76,4.59375
4qgg,9.0,8.3984375
3zlv,3.52,3.65625
4fgx,7.14,6.7109375
3umx,6.62,6.2890625
1n4m,6.72,5.6992188
4j3j,7.51,7.5507812
4wj7,4.89,4.1445312
4eh5,3.09,2.9003906
1bb0,8.36,7.8867188
1zp5,2.92,3.2402344
5afj,4.38,4.28125
4nud,7.07,6.4804688
2pv1,7.14,7.234375
4qev,7.66,7.25
1qiw,7.74,7.2109375
3gyn,7.21,6.546875
4ygf,7.68,7.671875
2w2u,4.46,4.1796875
3tvx,4.14,4.0703125
4zsa,7.82,7.3007812
2qi7,10.21,10.2890625
3qu0,7.7,7.4960938
3oe6,8.09,7.9882812
4z83,7.4,7.6796875
3suu,8.52,8.1171875
3tnh,6.46,6.078125
4ewh,9.52,8.8515625
3cvk,8.0,7.2734375
1gt3,6.46,5.9023438
2oji,7.07,7.3710938
3s75,6.82,6.4960938
1iky,8.26,6.9882812
1h26,5.54,6.0820312
4dgn,6.46,6.2109375
3lxg,8.14,8.1953125
2hz4,5.47,4.859375
1syh,6.41,5.4023438
2itk,7.69,6.9570312
3mvm,8.41,8.3515625
2qtu,9.28,9.0859375
3uyr,6.9,6.8359375
2ay6,3.11,3.4238281
1rbo,12.72,11.390625
1qbq,8.3,8.5
5e1s,7.92,7.8242188
1xxh,6.11,6.0234375
2wxm,7.4,7.265625
1f5k,3.74,3.6875
4p7e,4.76,4.9453125
4c1c,4.97,4.5117188
1jmq,4.4,4.3359375
1yys,6.33,6.6328125
3d7d,7.85,7.25
5dgw,11.05,10.0234375
3uik,4.97,4.0742188
1m13,7.57,6.5703125
5d1r,4.84,4.8242188
4twy,3.97,3.6386719
1flr,10.0,8.734375
4i7b,5.7,4.9414062
3nwe,7.6,7.7070312
4exh,6.15,6.1484375
2ayp,8.15,7.7929688
2wou,7.14,6.96875
4pg3,7.85,7.84375
2fm2,8.15,7.1796875
1u32,7.01,6.1132812
4jhz,6.02,5.7304688
1dxp,7.57,7.3125
1gaf,8.0,7.921875
1xgj,6.0,5.6445312
4ya8,6.1,6.6992188
5awj,9.68,8.75
4ty9,2.05,2.1542969
4hvd,8.85,7.71875
2zns,6.54,5.7109375
3gcs,7.25,6.7734375
1xbc,7.92,7.6640625
4dem,7.55,7.6523438
4na7,9.7,9.890625
4cpy,6.31,6.5351562
4au8,6.26,6.1484375
4gj2,8.6,7.9179688
3nrz,5.34,5.1953125
3wdd,6.11,5.6445312
2aie,5.66,5.6523438
1c8k,6.0,5.5625
4r75,7.24,7.2890625
3d7f,9.3,8.609375
1s5q,5.28,4.9921875
1ecq,3.0,2.6328125
4nct,7.55,6.65625
3ewu,4.62,4.1171875
4qpd,7.82,7.8671875
4nvp,7.57,7.5859375
2qv7,3.66,3.7167969
2izx,9.4,8.546875
4pl0,4.4,3.8535156
4mk0,5.2,4.9882812
4mcc,6.25,6.5351562
4mra,4.47,4.4570312
3ipu,7.32,6.3828125
2ay3,3.55,3.71875
4n7e,6.48,6.1132812
3vvz,4.58,4.8125
3fue,2.82,2.6484375
2vta,3.73,3.7734375
5c2a,8.32,7.96875
4ie4,5.48,5.3710938
4gtq,8.3,7.953125
5std,10.49,10.2734375
2ca8,4.66,4.28125
1juq,4.25,4.09375
4no6,6.11,6.5351562
4f0c,6.27,6.0273438
5cbm,7.77,7.1679688
3ijy,6.04,6.0117188
1jd6,7.39,6.8320312
1elb,7.15,6.890625
4yrd,4.57,4.5898438
1agm,12.0,11.0390625
3uqp,7.31,6.7148438
3gvu,8.0,7.2695312
3o1e,5.74,5.859375
2gvz,6.89,7.234375
4wet,3.35,3.4375
2chw,4.77,5.1484375
4b0j,2.15,2.5136719
5bvn,8.82,9.71875
1o2t,7.85,8.0859375
2hvx,7.54,7.5117188
4wa9,8.42,7.9140625
2bmk,5.62,5.3789062
4bck,8.4,8.578125
1hqf,5.0,5.109375
1rej,8.3,8.09375
4jjs,6.7,6.2851562
2ycq,9.85,10.125
3blu,3.46,2.6972656
3img,2.96,2.5214844
4mk7,6.36,5.2773438
4buq,8.14,7.7851562
4yef,5.35,5.1328125
4qkx,7.07,6.6796875
4jvq,6.2,5.6992188
3i28,8.22,7.5820312
1c12,8.72,9.46875
1mnc,10.34,9.84375
2r03,5.15,4.8789062
3oli,7.38,6.7734375
5d6p,5.6,5.3046875
2bq6,10.15,9.859375
3elj,5.3,5.2382812
1pq6,8.1,7.7734375
2y4a,4.38,4.6015625
4qt2,6.32,6.3984375
3i7g,6.37,6.3632812
2pbw,8.25,7.5078125
1gnn,5.68,5.6367188
2veu,7.0,7.0039062
1ze8,7.68,7.7460938
4c1h,4.09,3.5761719
1kdz,8.22,7.9179688
1q3d,7.82,8.1796875
4jok,4.07,3.8398438
3chr,7.21,7.1132812
1iq1,7.46,6.5195312
2i19,7.8,7.2929688
4dsy,4.43,4.1484375
4axd,4.43,4.0
3l5d,4.11,3.5058594
13gs,4.62,4.5390625
3fh8,6.74,6.9023438
1gzv,6.57,6.90625
1hkj,8.59,8.859375
4rll,5.02,5.2109375
1lvc,6.0,5.6679688
4c35,6.25,6.5039062
2rkn,7.22,7.2304688
1tys,5.49,5.4296875
3qch,5.48,5.234375
3jzq,6.96,6.453125
1xh5,5.47,6.46875
4yoi,6.48,6.375
4y2x,6.29,4.328125
1q9m,6.48,6.375
3qs5,4.71,5.1835938
3d67,4.96,4.9960938
2h4n,8.7,8.7578125
5aoi,3.03,2.4257812
2rgp,7.52,6.9179688
3vw0,4.67,4.6054688
3cfs,5.96,5.4453125
3dyo,2.3,2.4511719
3m54,5.89,5.0664062
1wvc,4.46,4.28125
1tom,8.3,8.421875
5brn,6.3,6.2617188
2bdf,7.17,6.3203125
4kjv,7.74,7.546875
1j4q,6.44,6.3945312
3fxw,5.96,5.6132812
1y0l,9.0,8.546875
3zki,5.92,6.2109375
4qt0,6.29,5.8359375
1e06,5.6,5.6953125
3r42,4.08,3.8164062
4zud,8.16,7.6132812
4ce3,3.96,3.5546875
4dmn,5.64,4.9648438
2vnn,8.7,7.6992188
3r4p,7.96,8.1015625
4b72,6.2,5.7929688
4jrv,7.54,7.7929688
4eos,6.05,6.3710938
4nxo,7.22,7.1445312
4euc,6.1,6.0898438
4blb,5.35,5.3710938
2p0x,6.31,5.4140625
2qqs,6.4,7.3125
3tjd,9.0,8.640625
2vhq,3.85,3.5351562
3zbf,7.52,7.2304688
2aov,7.04,7.0820312
2xy9,9.19,8.5390625
2p09,6.35,6.2695312
4fvr,6.0,5.6796875
3ivq,4.12,3.4296875
3dnj,6.82,5.65625
4tk2,3.72,3.9277344
2vgo,6.3,6.2851562
3inh,7.7,7.2929688
2hzi,7.15,6.9960938
3shc,5.72,5.2109375
4gs6,7.15,7.0585938
4qtb,6.7,6.1796875
3sue,9.08,8.5
4cts,5.0,4.5507812
3ljt,6.89,7.0
1okw,5.25,5.8789062
5afk,3.88,3.5722656
2xvd,8.7,8.28125
1gny,4.14,3.6015625
1ntk,10.49,9.8828125
4r5a,8.7,7.9570312
7cpa,13.96,13.3125
3k8d,5.77,5.8632812
4qwu,5.51,5.7851562
1b3g,6.7,7.0898438
2psj,7.7,6.9570312
1vjc,3.58,4.3203125
2r9m,8.82,9.1875
1mqh,6.52,6.8984375
1ikt,3.4,3.6445312
2qnz,5.42,5.6796875
1jif,6.2,6.2695312
3qiy,5.34,6.0664062
3b7u,7.74,7.9960938
4cfl,5.88,6.4726562
1xsc,4.3,4.734375
4ks4,7.14,8.53125
1npv,8.24,8.734375
4bo0,6.7,6.6523438
1ka7,6.22,6.84375
2gh6,4.95,5.6640625
1czl,9.15,9.359375
3e7o,6.92,6.8242188
1afk,6.62,6.7148438
4l1a,8.27,9.1875
3l4y,7.0,7.4023438
2hai,6.28,7.2890625
1c5p,4.68,5.4296875
3shz,7.44,7.7109375
4bw2,5.2,6.09375
1egh,5.7,6.5039062
2f9b,6.52,6.953125
1g3b,5.74,6.203125
4man,11.0,11.0390625
4j44,5.73,6.15625
4e3f,2.52,3.0019531
4x11,2.22,2.78125
2uz6,8.77,8.96875
3l6f,6.99,7.6289062
4w9e,5.15,5.5351562
1jet,7.25,7.2578125
3sfh,7.05,8.0859375
4r0a,4.26,4.703125
1bsk,4.12,4.9375
4mq1,7.92,8.1015625
4r1y,6.4,7.203125
4rak,7.85,8.3515625
1np0,3.57,4.6054688
1wbs,6.2,6.203125
3fej,6.13,6.8632812
3qw6,3.52,3.921875
4uiw,7.3,8.109375
3t3y,5.47,5.7109375
4b81,4.92,6.21875
3ffg,9.08,9.2890625
3o9a,10.7,10.5625
4xue,5.3,5.6445312
2uw4,5.28,5.9921875
3ril,3.84,4.25
5tln,6.37,7.1679688
3fvl,6.07,6.1210938
3h1z,4.66,5.0898438
4eol,6.05,6.8164062
3k0h,4.6,4.8203125
4mzo,6.57,7.1210938
3q96,8.54,9.1796875
1yej,7.46,7.8476562
3pfp,6.44,7.0195312
2a58,4.92,5.2539062
2l1r,3.57,4.0703125
4ewr,6.27,6.34375
3at1,3.18,3.2167969
4b4q,5.75,5.53125
1uyg,4.27,5.4101562
2e7f,6.1,6.6484375
3qi3,3.78,4.4023438
1r5w,5.54,5.5820312
4ypf,2.7,2.8789062
3mjl,2.44,3.3496094
2bmz,3.7,3.8808594
1tl3,6.2,6.9414062
1q7a,7.19,7.59375
5cap,7.28,8.2890625
4eh9,2.26,2.8671875
3kwb,7.77,8.171875
3p4w,4.57,4.2773438
1q5l,3.22,3.5488281
2g79,6.92,6.9335938
1qb1,6.77,7.2421875
5d7c,6.85,7.9414062
1n8v,6.03,6.3632812
1meu,6.1,6.6679688
1s4d,6.49,6.1289062
4bzo,7.89,9.328125
1d4k,9.22,9.2578125
9lpr,5.7,6.421875
1v41,4.7,4.8320312
1t3t,4.96,5.5195312
4dgg,6.1,6.984375
2arm,7.68,7.4804688
1g74,6.52,7.0507812
1ykr,6.25,7.3359375
4gjb,4.0,5.4492188
1qng,7.89,8.1953125
1s9t,6.82,7.6875
3o9g,12.3,13.484375
4cfu,4.0,4.3632812
2hqu,5.14,5.6054688
4lp6,8.27,8.4609375
4oyk,6.74,7.5273438
3a4p,7.55,8.6640625
4uyh,6.3,7.4921875
3sv9,5.0,5.1953125
4bcs,6.99,7.7851562
4i11,4.57,5.0546875
1m6p,5.1,5.390625
1fhd,6.82,7.0078125
3n35,3.37,3.3359375
2vnt,8.0,8.28125
1f0s,7.74,8.1328125
3n45,3.3,3.5644531
1qvu,4.46,5.6210938
1t08,5.51,6.1601562
3kig,6.61,7.046875
4h7q,5.06,5.5742188
1hsl,7.19,7.6484375
2r6y,9.49,10.7109375
4e9u,5.82,5.65625
1o4i,2.64,2.7167969
2xc0,6.72,6.5546875
3rxa,2.85,3.1796875
4ovf,4.13,3.8613281
4joj,3.96,4.6601562
1qca,5.27,5.953125
2am9,8.41,8.2578125
1npw,8.7,9.34375
2wks,6.89,6.9296875
4dcs,5.1,5.3085938
4cpu,7.53,7.4257812
3p0g,10.08,9.8125
3o8p,6.46,6.0546875
3coh,8.4,8.15625
3diw,6.72,7.03125
2drc,9.89,8.9765625
5d7r,7.89,8.0078125
2exg,4.3,4.5039062
2xml,3.3,3.2753906
4uac,6.54,7.1679688
1j4p,4.99,5.0390625
2x7t,6.63,6.203125
3qcf,5.6,5.296875
1r9l,5.4,5.78125
3qk5,7.74,8.4375
2uw8,4.11,3.8085938
3l5f,6.22,5.4765625
4nat,6.48,6.7929688
2pcu,3.04,3.0488281
1a4m,13.0,13.0390625
4flh,9.0,9.6171875
3h52,4.85,4.5
2vvc,8.52,8.546875
1m9n,6.92,7.5859375
1tft,8.3,7.9414062
4nmp,4.04,3.6445312
1oe0,5.16,4.875
4j82,4.35,3.9921875
3fmq,7.95,7.9726562
1n0t,4.91,5.390625
1cqp,5.62,5.5351562
1ydb,8.24,8.0390625
3d5m,8.0,8.359375
2we3,4.43,4.34375
2yk9,5.09,5.1875
3e2m,9.4,9.1796875
2i80,5.4,4.9375
1srg,5.3,4.9921875
3cgo,5.52,5.2070312
2w4i,6.3,6.5039062
2z7r,9.52,9.0078125
3fx6,6.8,6.5703125
1ndv,5.92,6.375
3zsy,3.23,3.0898438
4at5,7.42,7.8085938
2y34,7.1,6.8359375
3hng,6.74,6.7421875
3e63,5.8,5.65625
4avg,7.22,7.0703125
2r9s,6.82,6.828125
5buj,8.3,7.8046875
3h5s,8.3,8.515625
3cwk,6.6,6.7421875
4lnb,6.56,6.5820312
3gxy,5.59,5.875
2viy,5.74,5.703125
4gzp,7.84,7.8164062
4z8m,7.44,7.6601562
1p2g,2.13,2.0273438
4k7o,4.3,3.8476562
4fzc,8.4,8.25
1vrt,7.1,7.0429688
1cbr,9.4,9.46875
4jzb,6.47,6.1601562
3fat,7.64,7.21875
3s1y,6.22,6.2851562
2x96,4.03,4.8515625
4bak,8.91,9.4765625
4yym,3.62,3.4609375
1qk4,4.21,4.3671875
4m3e,6.25,5.8046875
4qzw,5.15,5.3125
4wkc,12.68,11.984375
4l0t,7.18,6.8398438
2yhy,5.6,5.8945312
3az8,6.0,6.1992188
3d2r,5.48,5.5664062
3mwu,8.05,7.9765625
3lcu,3.52,3.6054688
4ibg,3.97,3.6445312
1b9v,3.65,3.7695312
4b85,4.06,3.1757812
1yy4,8.6,8.6015625
1o4d,3.52,2.7949219
3sh1,7.39,7.5859375
3obq,3.54,3.7929688
1iih,2.89,2.5722656
4hgc,10.0,9.7421875
2ha0,4.43,4.0039062
3lkz,6.15,6.921875
4jvb,7.41,7.6835938
2lkk,6.7,6.4765625
5dqe,3.63,3.9277344
2k2r,2.89,2.3808594
2vr4,5.68,6.0
4k69,7.4,7.3242188
4pd9,3.33,3.0625
1tuf,4.05,3.5332031
2qi5,10.85,10.828125
3i6c,4.92,4.5820312
1uef,5.49,5.5742188
3q5h,6.25,5.53125
4xar,6.97,6.7148438
4fny,7.8,8.015625
1lgt,6.1,6.109375
4o28,7.54,8.328125
5am0,5.88,5.921875
3wzk,7.24,7.3710938
2q11,6.05,5.9375
4gly,5.11,4.890625
4b2i,3.0,2.6894531
2v7d,6.59,6.5820312
1nju,7.3,7.1953125
3ug2,8.25,7.390625
1lnm,8.7,8.734375
2xxn,6.41,6.0
2wxp,8.52,8.2265625
5am2,5.01,5.046875
4loy,8.09,7.8320312
4l0b,7.17,7.53125
4rvt,5.72,5.8125
3rey,8.0,8.078125
3hlo,6.21,5.3320312
1ru2,6.49,6.7578125
1tqf,5.85,5.6523438
2r8q,3.24,3.0664062
3lkh,6.1,6.0625
3zke,6.8,6.6679688
4uiv,7.8,8.0390625
2lgf,5.57,5.3320312
3vb5,5.34,5.4375
1hi4,4.49,4.2070312
3d32,6.45,6.3671875
4g0c,7.92,7.8867188
3iw5,6.08,5.9765625
3u78,5.6,5.1875
3l3q,7.27,6.4960938
4x6n,8.82,8.7265625
1b4h,5.46,4.9257812
4ccd,4.49,4.4101562
1fh7,5.24,5.8320312
2qhn,6.01,6.5898438
3mtd,3.47,3.2363281
3tfk,5.01,4.8085938
4mk8,9.0,9.0546875
3qkk,6.52,6.4804688
4nj3,6.52,7.2695312
2qi3,10.2,9.2890625
4btl,5.6,5.0507812
4x8s,1.89,1.3115234
4g34,7.93,7.5585938
3b78,4.1,3.7929688
3buw,5.83,5.9179688
3fyk,7.4,7.546875
4ouj,2.86,3.0078125
4qz0,5.46,5.5429688
1o5r,8.12,8.03125
4mga,5.86,5.7578125
5bv3,7.17,7.03125
4qfg,5.48,5.21875
4r5v,6.15,5.8515625
4cpw,7.5,7.8554688
3blt,3.54,3.5195312
4d1s,7.66,7.1445312
4cfw,6.29,5.8867188
1rr6,10.25,10.546875
1rhk,9.11,9.015625
2bgn,5.7,5.5664062
3oxi,5.66,5.6914062
4kin,8.32,8.1796875
2hwi,5.52,5.3632812
4l09,6.07,6.8867188
1xon,10.68,9.9140625
3tz2,5.24,4.8320312
4n1b,5.96,5.546875
3e01,7.52,7.6171875
3w69,7.24,7.0507812
4yyl,5.01,5.1679688
4bo6,6.74,6.4765625
2a3c,4.43,4.2851562
4j1i,7.4,8.4765625
4gtr,8.3,7.9140625
3k05,4.85,4.7617188
3vbv,5.0,5.046875
2z4b,9.36,10.125
3c7p,10.0,10.0390625
4xum,4.67,4.7382812
3t1a,8.37,8.1328125
3kdc,9.28,9.3046875
3nnw,8.05,8.40625
1rdt,6.7,6.2617188
4bdh,4.11,4.0625
1hyo,4.07,3.9902344
2jh0,8.7,8.2265625
2gnl,7.24,7.0625
4afj,6.4,6.5351562
4rlu,4.82,5.3398438
3e16,5.24,5.375
1bnw,9.08,9.4609375
4x9w,6.85,6.5507812
4amy,10.82,11.1328125
3t1n,6.1,5.4023438
2y4l,6.3,5.734375
4yzn,4.81,4.4101562
3n0h,6.21,6.125
2jnp,6.89,7.0820312
4j09,4.77,4.5976562
4yl1,6.67,6.3710938
1ci7,7.05,6.7851562
2yi5,7.41,7.2617188
3hdz,7.29,7.375
2knh,5.15,4.8632812
1y3p,4.82,4.78125
3dga,4.52,4.0703125
4lko,8.22,8.1171875
4e3o,6.51,6.53125
4oow,5.37,5.1953125
2vtt,7.36,6.8164062
3wth,6.29,5.9609375
1caq,7.72,7.890625
1y3a,5.41,5.0507812
1sve,8.3,8.2421875
3thd,4.05,4.1367188
4ef6,2.92,3.0117188
1dbj,7.68,7.84375
4os6,6.44,6.125
2xni,7.37,7.625
3qc9,6.06,6.1953125
3v5q,7.4,6.9414062
4jpc,7.03,6.8398438
3sn8,5.65,5.6796875
5dhg,9.14,9.484375
4c1y,3.6,3.7226562
1jr1,8.22,9.2421875
1axs,7.77,7.4726562
3qts,5.51,5.0234375
4a9i,4.9,4.7148438
1kne,5.6,5.2460938
4og7,6.94,6.5195312
1li3,4.25,3.9453125
2uzl,6.21,5.9179688
4ual,8.4,8.796875
4nrl,8.62,8.0703125
4jss,3.3,2.7988281
4qfr,8.13,7.9257812
3cz1,7.26,7.40625
3pn1,6.96,6.9101562
3qaq,7.0,6.5742188
4csj,8.31,8.140625
2c3j,6.18,6.9335938
3uzd,5.05,5.4921875
4yv9,6.4,6.0664062
4pf3,7.29,7.5117188
3qqu,8.62,9.09375
1qwe,5.92,5.8164062
1aqi,5.62,5.5039062
2y5f,8.7,9.09375
2wi5,6.05,6.21875
4f70,5.74,6.1640625
3hp2,6.17,5.984375
4o3t,4.37,4.7460938
4j2c,5.25,6.1679688
1o79,6.39,6.7382812
4ymj,7.0,6.6679688
3elc,2.69,2.7363281
4joa,7.54,8.171875
3ewh,7.16,7.8671875
4lq9,4.85,5.3359375
2mg5,6.15,5.8789062
3moe,4.3,4.3515625
3uvw,5.17,5.4804688
1o4q,2.49,2.9101562
3nc9,6.48,7.171875
4pvt,6.52,6.9335938
3q6z,3.72,3.9785156
2f2c,6.35,6.1875
3ex6,3.66,3.8457031
5eds,5.54,5.5859375
4oyb,5.8,6.1835938
3frg,8.4,8.2421875
1b2i,5.51,5.5742188
4pl3,6.54,6.6210938
4pnm,5.85,5.8320312
3dp3,5.82,5.7304688
4jkt,7.09,6.5664062
4bnu,7.7,7.328125
4dh6,7.77,8.9453125
4meq,3.6,3.4804688
3tdh,4.26,4.4101562
2jdo,6.64,6.9179688
2ym5,6.37,6.7578125
4yrg,2.7,2.5761719
1il9,3.4,4.03125
1rql,2.75,3.078125
4jln,7.78,8.046875
3kjq,5.88,6.0820312
4edu,3.99,4.34375
4tzq,6.52,6.9882812
4umr,3.8,4.1914062
4qvm,6.35,6.6367188
2hdu,2.3,2.5957031
3gjt,6.77,7.671875
2rc8,6.52,8.109375
4xv1,8.38,8.421875
1mj7,8.35,8.59375
4bo8,6.92,7.3007812
3ig7,7.2,7.9648438
3s7f,5.43,6.9882812
4nwk,8.7,9.3828125
3w2q,7.18,7.5664062
2rr4,4.78,4.2070312
4f3k,10.16,11.5390625
4b6c,6.16,6.03125
3dsu,7.03,7.1992188
4m3f,5.31,6.1015625
3hio,6.52,6.375
1sc8,7.44,7.6875
2y1x,7.57,7.6484375
3f38,2.62,2.78125
4ps0,4.04,4.6679688
3tll,4.39,5.9414062
1nhu,5.66,6.1914062
4dhq,4.49,4.5742188
4pgc,5.88,6.515625
3alt,2.92,2.7578125
3rz3,5.76,5.3984375
4huo,4.7,4.5664062
4xj0,9.52,9.640625
4us4,5.32,5.1640625
1hvj,11.4,12.5625
4wvu,5.71,6.1914062
4mu7,8.85,9.4609375
1sm2,8.0,8.2265625
3rq7,7.77,8.125
2bdl,7.82,7.8125
1kdk,9.05,9.4453125
3d1z,8.8,8.265625
3anr,6.46,6.6523438
3cbs,7.24,6.96875
3cyy,4.77,5.1523438
1gu1,4.52,4.3984375
1dwd,8.18,8.125
3mg8,8.92,8.1953125
3hzv,6.52,6.7148438
3ce0,6.15,7.1484375
4xit,7.27,7.1484375
1sqc,6.85,7.3828125
3ljj,6.52,7.0039062
4l7b,5.64,5.7070312
3ho9,6.1,6.0976562
2j4z,7.19,7.5117188
2wu7,6.28,7.15625
4rx8,7.46,8.6953125
3u90,4.62,4.2304688
3eb1,4.79,5.0195312
2ork,2.85,3.1152344
2h6k,5.06,5.421875
3t3e,5.99,6.8164062
4c5d,5.4,5.7304688
4g5y,2.77,2.4316406
4i33,8.33,8.5546875
3ery,5.66,6.0664062
2srt,6.64,6.859375
4ipn,3.39,4.015625
4d2v,7.43,7.703125
4j8s,5.7,5.9882812
3udn,5.15,5.0351562
3ft2,7.36,7.609375
4wbg,5.55,5.46875
3ah8,9.82,8.7734375
1g1d,9.44,9.734375
2oc2,8.52,8.796875
3owl,6.17,5.7851562
4ng9,7.12,7.3007812
4aq6,4.8,4.8046875
4j0r,6.41,6.1640625
4zl4,7.86,7.0820312
4cfe,7.22,7.1484375
4amw,1.55,1.2724609
5a5p,4.0,4.25
3vgc,5.51,5.3984375
3zyh,4.29,4.234375
1mpl,3.77,4.0273438
3f82,8.34,7.890625
1l2z,3.69,3.3828125
4d0w,7.7,7.5351562
1apw,8.0,7.8515625
2a4r,7.82,8.0
3d9l,4.17,3.6875
1stc,8.1,8.1015625
1exw,3.9,3.4550781
3shb,6.03,5.4023438
2d3z,6.64,5.9648438
2az9,7.66,7.2929688
2w5g,6.07,6.1953125
4m5k,5.23,4.703125
4p4b,7.85,8.0546875
6prc,4.77,4.4453125
1dhj,6.55,7.0742188
2xn6,8.8,9.6875
3o9f,12.7,11.2578125
4o2b,5.74,5.921875
4mzh,7.18,5.9257812
3np9,4.4,3.9550781
3wp0,4.99,4.4960938
4pci,5.12,5.109375
1ykp,2.96,3.2539062
3zn0,4.97,4.4648438
4j5p,7.92,7.7382812
5afn,4.47,4.6914062
4umu,6.19,6.3515625
4lbu,6.56,7.25
3k83,7.66,7.3320312
3g6z,9.7,8.7265625
4ov5,7.43,6.421875
4qvq,5.2,4.8789062
3lpb,7.38,7.0664062
2zm1,6.66,5.9726562
3db8,7.0,6.8945312
1mzs,5.15,5.1132812
2xaq,5.96,5.109375
1g4j,8.7,8.34375
3su4,6.26,6.2578125
3t4v,6.3,6.2539062
4uct,3.12,2.7988281
3rwe,7.37,6.671875
4f39,5.7,6.0859375
4iqu,6.24,5.8359375
1qr3,6.59,5.7890625
3dbu,8.06,8.3359375
3tfu,3.28,2.6992188
4qvy,5.09,5.109375
3b2t,5.21,4.9296875
3cpb,4.6,4.7421875
1c1u,8.25,8.3671875
3zn1,4.54,5.1875
5d12,7.37,6.8789062
4bvb,4.48,4.4296875
3okv,6.23,5.6328125
3bv2,9.36,9.8671875
1hpx,11.26,11.109375
4okg,9.32,9.984375
4x7l,8.05,7.2382812
3atu,8.3,8.1796875
4hpy,9.92,9.734375
2clh,4.06,4.2617188
1ett,5.89,6.4570312
3hw1,3.06,2.7949219
4o0r,7.44,6.671875
1ta2,8.52,8.65625
4r4t,6.26,5.9570312
2vt3,4.15,3.6542969
4c66,4.1,4.09375
4c4i,7.66,7.9375
4lxa,8.7,8.9140625
2j9n,4.7,4.3007812
3g19,6.67,6.484375
5dls,8.36,8.15625
1n0s,7.45,7.4335938
1w6y,5.36,4.9921875
1ocn,6.39,6.1953125
4a7c,8.22,7.703125
1g3d,5.55,5.3554688
3u4i,3.89,3.8066406
4cdr,5.1,5.3242188
2ihq,8.49,8.625
1lt5,2.7,2.5761719
3b8q,9.3,9.2109375
3g0d,8.3,7.9921875
2qyl,6.19,5.6367188
1bv9,9.96,9.3203125
2w78,8.57,8.359375
4qip,5.15,4.875
1zfq,7.52,7.9375
3n87,4.96,4.9179688
4uwg,8.15,8.796875
2qbw,7.25,7.390625
2xx5,6.7,6.5546875
3h0b,5.49,5.3125
4zg7,8.7,8.96875
2vwn,8.0,7.8203125
4ib5,6.25,5.9296875
2ll7,8.8,8.1640625
1ft4,6.57,6.625
1n51,4.85,4.5390625
2qcn,5.0,4.875
3g0g,8.3,8.3671875
3vqh,5.92,5.515625
2iw9,8.05,8.109375
1xr9,7.15,6.1289062
2xkc,5.59,5.4335938
3qrk,7.24,7.6367188
3f1a,7.21,7.7773438
3pdh,6.74,6.1132812
2pax,6.74,6.4453125
3vqs,7.75,7.5429688
1bdl,5.85,5.890625
1qon,8.96,8.4140625
4hld,9.3,8.6640625
3puk,4.74,4.0351562
1yc4,6.55,6.6367188
2v0n,6.3,5.8398438
3zt3,2.86,2.5058594
3ivi,7.92,8.046875
2ima,6.52,6.4609375
1ibc,10.25,9.8671875
3gxt,4.74,4.5078125
1pip,5.0,4.5703125
5hvp,7.7,7.7734375
1onh,8.21,8.0
1my8,7.46,7.4414062
5csz,7.77,8.1953125
2w6p,6.48,6.6210938
1ro7,3.18,3.2695312
2q9n,6.37,6.7851562
2q94,6.43,6.0078125
3nm6,1.35,1.2060547
456c,9.77,9.9375
3abt,4.77,5.078125
3ugc,6.02,6.7421875
2z60,8.05,7.796875
2aw1,7.37,7.7226562
4uxh,5.96,5.875
2vzr,4.28,4.9804688
2giu,8.82,8.78125
4mbl,8.54,8.7421875
1qxw,5.15,5.3632812
4h36,4.27,4.4570312
5azf,4.44,4.9101562
1z34,3.38,3.5820312
2q38,5.23,5.453125
4hs6,7.52,6.625
4tkf,6.55,6.3945312
4ww6,10.21,10.0390625
3erk,4.74,5.0585938
4gk3,7.25,7.0820312
4a6w,5.72,5.578125
3bgq,7.96,8.0703125
1h3h,6.66,6.4335938
4pg9,7.8,8.7578125
2f4j,5.66,5.7148438
2fx8,6.52,6.0664062
5dah,5.3,4.5820312
3hky,7.1,7.3554688
1i8i,7.66,6.5820312
4el0,4.49,5.1210938
4qwl,6.18,6.2382812
4wj5,6.29,6.7226562
1bxo,10.0,9.6875
1wdn,6.3,6.5039062
1csi,8.8,8.7734375
3b8z,6.54,6.0976562
3nfl,4.38,4.5351562
4ibe,4.15,3.9238281
4ay6,5.12,5.1171875
3vf8,6.82,7.0234375
3cl0,7.07,8.3828125
1w10,7.55,7.6289062
2b17,6.21,6.8945312
4lng,5.62,5.7617188
4pl5,4.96,5.0703125
3chp,5.27,5.8632812
4obo,7.11,7.1367188
1d9i,9.11,9.5703125
3ueo,4.03,3.7402344
2g9v,5.92,5.9140625
2qrh,4.71,5.34375
1hrn,8.05,7.4492188
3mo0,6.81,7.5429688
3s7l,7.1,7.0273438
3s7a,8.96,8.9921875
3rdh,5.03,5.3085938
1uxa,2.3,2.578125
4keq,3.82,3.6875
1e34,2.88,2.6230469
1ny2,2.76,3.484375
2y7k,4.93,5.2421875
3vf3,5.86,6.6953125
2xvn,3.95,3.5449219
5am4,6.95,6.9960938
2ax6,7.57,7.9492188
5alc,8.13,8.734375
4g2w,8.8,8.4921875
1qtn,7.3,8.3984375
4qjm,8.17,7.9257812
3djo,4.39,4.1054688
2za3,3.68,3.5039062
4kzb,2.89,2.6738281
2nn1,5.82,5.0351562
4ede,7.38,7.6054688
2zjf,7.72,7.7148438
4anw,7.74,7.4453125
3wti,5.9,5.484375
2qlq,6.63,6.8476562
4wz8,7.21,7.3515625
2zva,7.96,7.640625
2khh,6.56,5.7460938
3qmk,6.1,6.3554688
1l8g,6.22,6.1523438
1o2p,4.85,5.1367188
3m56,4.15,4.875
1zyj,5.82,5.2890625
3h6z,5.82,5.8320312
5c4o,8.21,7.9414062
1ec1,8.92,10.390625
4twt,8.0,7.9804688
3mke,5.66,5.8554688
1g42,3.01,2.9375
3avb,4.07,4.34375
1t48,3.46,3.5019531
4zpg,7.26,6.8515625
1fsg,5.02,4.9414062
4eej,7.15,6.796875
2oxn,7.44,7.5859375
5ai5,7.03,7.015625
2vh6,9.7,10.125
1bty,4.74,4.59375
4o07,7.38,7.6015625
4ejn,8.3,8.40625
3ur0,7.15,8.0703125
4j4v,6.36,6.234375
4uvw,7.72,7.9375
4dfn,7.7,8.015625
3nnv,7.57,7.8046875
2r3j,8.0,8.53125
1j36,7.74,7.4023438
1nax,6.43,7.0585938
2xkf,6.06,5.4101562
4jn2,11.68,11.984375
2vcq,6.04,5.6210938
4k0u,7.26,6.7851562
4m6u,2.74,2.6347656
2ltx,5.39,5.6132812
3jzp,6.6,7.5546875
4cg9,6.21,6.4375
1o3h,7.3,6.9179688
1kug,3.8,3.6679688
4rme,5.92,6.0664062
4rqk,5.82,5.8984375
3sio,8.0,8.15625
4j26,5.44,5.578125
3qc4,8.7,9.015625
4nra,4.19,4.109375
1pdz,3.7,3.5371094
4vgc,6.9,6.796875
2j4q,4.46,4.6132812
2w9r,5.32,5.6640625
4bdd,4.43,4.1796875
1u3r,8.3,8.53125
4ckr,6.98,6.8554688
3bgl,8.35,8.546875
2vhj,3.9,4.7304688
3unk,4.82,5.375
4o1b,6.41,6.9375
1y3v,5.64,5.828125
4fgz,2.87,2.8847656
4xm8,3.02,3.6660156
4n6h,9.28,8.9453125
3kab,3.2,2.6894531
3n23,8.52,8.9375
4hra,10.1,9.5703125
3ig1,6.14,6.3710938
2w73,6.52,6.7734375
5ap2,8.48,8.6796875
2p8o,4.85,4.6367188
3oj8,8.36,9.3984375
2ltv,5.16,5.46875
2yir,9.77,10.125
3dcw,9.0,9.0703125
1oim,5.32,5.359375
3vid,6.21,6.3046875
1a0q,7.57,7.8710938
1p0y,1.0,1.0195312
4zh3,4.4,4.5664062
1heg,7.74,7.5546875
1kcs,7.0,6.46875
1xow,9.28,9.2578125
2kgi,6.12,5.5390625
4p00,6.4,6.5195312
4gw8,6.06,6.7539062
4m3d,5.41,5.734375
2wqp,5.51,5.8125
1o48,6.35,6.6484375
2h9n,3.94,4.9492188
4rs0,6.0,5.7929688
4y8d,8.05,8.4921875
2osc,7.77,8.6171875
3pwd,6.66,6.7148438
4l3p,5.92,6.25
1j5i,3.64,3.9335938
4e7r,7.7,8.3515625
2oxy,6.52,6.4179688
3bm8,3.54,3.8027344
4yz5,2.83,3.2929688
4wey,3.5,3.4765625
1toi,4.05,3.328125
3dp4,7.37,7.9414062
4ezl,8.59,8.1796875
1z9h,3.0,3.2714844
4r8y,6.19,7.3359375
3i06,9.7,9.1953125
2oz6,5.26,5.46875
3iny,3.66,3.6230469
2q1j,9.1,9.3125
4lh5,6.7,6.5429688
1dud,4.82,5.34375
4cy1,6.74,6.9609375
2x2i,8.7,8.703125
1gz3,3.7,4.0664062
3sni,7.96,8.21875
1jev,6.89,6.9296875
4ucv,2.88,3.0019531
3ivv,5.43,5.6484375
4gah,6.1,7.0
3nf9,3.54,3.9707031
1b3f,6.89,7.6679688
3s76,5.05,5.2929688
3oad,9.62,10.1328125
2isv,7.43,7.6601562
3qw7,5.74,6.1640625
4knr,5.74,5.4726562
2er6,7.22,7.7070312
3gv6,3.3,4.1171875
3wmc,6.51,7.5742188
1bl4,8.74,8.9765625
2qmj,4.21,5.8789062
3gcq,6.47,7.0546875
3t3v,8.52,8.578125
2lk1,4.09,4.1015625
3qj0,5.2,5.25
2l65,4.22,4.4179688
4oaz,5.77,6.4101562
1jfh,2.05,2.4199219
2r7g,6.05,5.6796875
3hl8,4.49,4.703125
5a81,5.54,6.0820312
2h2h,4.98,5.0898438
1xh6,7.32,7.3867188
1d8m,8.51,8.7421875
4nb3,7.66,7.296875
4w7t,6.05,5.9140625
1rm8,9.0,9.421875
3nuo,9.8,10.109375
1f47,4.67,5.5976562
2ddf,7.39,7.2851562
4v1f,7.7,7.96875
3gx0,3.48,4.0507812
4prj,7.14,7.3945312
5ak0,7.68,7.0976562
1t4e,7.1,7.5078125
2ay2,1.88,1.7558594
4q07,8.14,8.4140625
1xo2,6.07,6.7578125
2i0g,9.72,10.3359375
4j3e,7.06,6.8476562
1xt3,5.7,5.8632812
3ka2,6.62,6.828125
4hu1,7.54,8.1796875
4m5g,5.01,5.1015625
2uxx,3.3,4.0625
4loh,6.96,6.5390625
1ux7,3.0,3.6835938
1c5q,6.36,6.1757812
1cwb,7.89,8.5
3iqg,4.6,4.9101562
5aen,7.22,8.1796875
3ow3,6.13,5.9257812
1qy5,6.7,7.0429688
2yfx,8.09,8.875
4ery,7.27,7.4140625
4bky,7.92,8.328125
1pfy,8.15,8.7421875
2oqs,5.89,5.7890625
4c38,7.76,7.4101562
3zlr,9.26,9.328125
4ppc,9.03,9.40625
2kfx,4.0,4.03125
1uyf,4.52,4.4492188
4u44,8.1,8.265625
3g4k,6.54,6.7382812
220l,3.4,3.9335938
2v2q,4.15,4.3398438
3k5u,6.51,7.1523438
3o6l,7.51,7.4257812
1gu3,4.32,4.8984375
3ebb,5.3,5.2070312
1a3e,8.46,7.875
1lt6,3.3,3.6230469
1ek2,8.2,8.609375
5c7b,3.0,2.703125
3ggc,5.44,5.8867188
4mti,8.92,9.1875
1hsg,9.42,9.3671875
1gi7,4.51,4.4570312
3ftq,5.33,5.2890625
1npa,8.7,9.09375
2g63,8.17,8.5625
1tve,5.68,5.6914062
1juf,5.85,6.5195312
4g8m,7.89,8.28125
5aia,5.2,5.1210938
3kgu,5.92,5.6210938
2ow3,8.52,8.703125
2rin,4.0,3.84375
4xqu,6.07,6.3867188
2y3p,5.89,5.5703125
2p95,9.37,9.546875
1vsn,9.7,9.5234375
4k60,3.24,3.1875
1k3q,6.52,7.3632812
1ybg,4.8,5.359375
1ctr,6.0,6.0234375
1m4h,9.52,10.3359375
1b42,4.01,3.640625
4uyg,7.6,7.8320312
4fs3,7.85,7.84375
3gbe,5.0,6.2929688
1ent,6.96,7.2890625
4xir,6.94,7.2265625
3bc4,5.35,5.7578125
4hcu,8.0,8.34375
3gzn,8.0,8.171875
2vpn,6.72,7.1523438
1aze,4.22,4.796875
4li0,6.59,7.09375
1g85,5.48,5.8828125
4g90,4.51,4.609375
4z6i,6.31,7.03125
2iw6,6.85,6.3476562
4kox,4.77,5.1523438
2wa4,4.74,4.5117188
3vfb,9.04,9.1015625
1v2v,3.37,3.9746094
3up7,8.21,8.0234375
2xgo,3.0,3.1445312
1hp5,6.55,7.4882812
4deb,6.43,6.9296875
3rqw,2.7,2.3964844
3bi1,9.92,10.1640625
4mr4,5.94,6.3359375
3g4i,9.04,9.4375
1nok,3.15,3.1894531
3vby,4.55,4.3671875
3tku,5.72,5.4960938
3skk,4.47,5.0976562
3qel,6.49,6.984375
4n1t,9.1,9.34375
4cs9,2.1,1.9892578
1k2v,4.44,4.484375
2vl4,6.01,6.0976562
1tsy,4.96,4.9492188
2pri,2.91,2.8671875
2y06,6.1,6.7890625
3rxi,3.06,3.6992188
3piy,6.54,6.6914062
2e5y,5.85,6.640625
5bui,7.05,6.578125
4ce2,3.84,4.4257812
3ftu,3.61,4.09375
4ase,11.0,11.46875
3dx0,7.44,9.0234375
3dz4,6.4,7.2148438
2oqi,8.49,9.40625
1l6s,4.41,4.6132812
1zlw,5.89,5.8632812
4wks,2.7,4.125
3sug,6.21,6.5039062
4j8m,7.32,7.2304688
5em6,8.4,9.203125
3q72,5.8,6.1210938
5bry,11.82,13.1796875
2nwn,6.3,5.7851562
4der,6.31,6.2070312
1hgj,1.66,2.0878906
4kva,3.94,4.3007812
4usj,4.0,4.625
4py1,7.19,6.6757812
2bys,9.52,10.515625
3zmj,4.93,5.6484375
1zz1,6.02,6.125
1pb9,3.62,4.234375
4pkt,4.83,4.9179688
5cao,7.42,7.609375
1wtg,7.03,7.4804688
3oe9,8.18,7.9492188
3qt6,5.37,5.1484375
2ito,6.91,7.1171875
1ofz,4.62,4.5039062
4q1s,4.17,4.4414062
4zs2,5.49,5.4023438
1kdv,6.22,6.0195312
5afl,3.4,5.0273438
3v7d,6.39,6.3085938
1xs7,7.6,7.7695312
3qa2,6.68,5.9882812
3d1y,8.22,7.8554688
3zm6,6.52,6.5625
2usn,6.51,6.8867188
188l,3.33,3.5585938
4mbc,6.4,6.6367188
3g34,2.96,2.8789062
4awf,5.57,5.4492188
4os1,5.6,5.5273438
2z5o,6.0,5.9375
2nnv,7.52,7.3632812
1a85,4.52,4.6796875
3ux0,6.26,6.4648438
3faa,8.15,8.65625
4ay5,6.27,6.6132812
1r1j,8.64,9.4453125
2xlc,2.3,2.6015625
4bfd,7.02,6.5742188
1q4w,6.46,6.15625
4djx,7.23,6.921875
3rz9,6.92,7.0742188
2vts,7.52,8.140625
2qhr,7.39,8.0078125
4jve,7.07,6.7148438
2vj9,6.74,6.8203125
2q8y,3.99,4.3203125
4iid,5.62,5.6171875
4lts,8.36,7.9570312
3ot8,8.05,8.1328125
1d1p,3.6,3.8457031
1i7m,9.64,8.234375
4ez3,4.35,4.1132812
4x47,2.85,2.8027344
2x4o,4.77,5.0117188
1dwc,7.41,7.1523438
1ynd,8.44,8.09375
4b71,5.89,5.7265625
4m5u,7.96,7.2148438
1lox,5.52,5.1484375
4l2g,6.68,7.1171875
2a5s,6.7,6.9140625
1xm4,10.39,11.1640625
1o46,8.0,7.9179688
4g0z,2.21,1.8730469
3ayd,4.19,4.4726562
1j14,4.49,4.7851562
3dst,9.08,8.359375
3dk1,9.74,9.7421875
3h98,8.3,7.4609375
2rg5,8.51,8.234375
3fzc,5.39,4.7695312
3bh3,6.15,5.6171875
1l6y,3.66,4.0859375
4dvi,6.72,6.3164062
3rxp,2.08,2.546875
4mw1,7.72,7.4140625
4ieh,7.85,7.4414062
2cex,4.7,4.6289062
1nc6,8.0,7.234375
1e37,3.7,3.9746094
1yp9,5.11,4.9257812
3hv3,6.33,5.4335938
1ele,6.85,6.2148438
4dwk,6.22,6.8515625
4abd,4.4,4.2109375
4e49,5.11,5.28125
3orn,9.62,9.2421875
4jsr,8.4,9.28125
4q4r,6.43,6.4960938
5cs3,2.15,2.4589844
4jp9,7.62,7.5742188
1svg,8.7,7.8320312
2avi,15.22,14.484375
2hb9,4.82,4.578125
7hvp,9.62,10.25
3owj,6.07,5.9101562
4gpl,5.89,6.2148438
3e73,3.15,3.8789062
3khj,7.55,7.4335938
4mgb,5.44,5.8984375
2oaz,8.7,8.3203125
1bxr,3.4,2.859375
4bv2,3.74,4.2148438
4fkk,9.3,9.8359375
2ymt,8.0,8.2109375
3iit,8.02,8.7265625
2c0o,5.91,6.09375
2h44,5.77,6.0117188
4o9s,6.55,7.1914062
2xcg,8.05,7.296875
1dif,10.66,10.3359375
4a6s,5.2,5.0625
3qt7,7.31,6.4804688
4q6f,5.6,5.203125
3ttz,8.4,8.2265625
3ued,4.53,4.3476562
2zxb,5.3,5.578125
1tnl,1.88,1.4462891
4qq5,6.32,7.0
4cjp,3.32,3.6796875
1bkj,6.77,6.6132812
2i6b,7.17,7.53125
4rvr,6.87,7.0351562
4bhi,7.05,6.4453125
4og6,6.71,6.8007812
3cib,7.85,8.0390625
4a1w,7.3,7.8085938
4mz5,6.1,6.171875
3ijh,4.0,4.421875
2a3w,5.42,5.2851562
4ewo,7.36,7.5703125
4nyt,2.39,3.2832031
4msl,6.15,6.3164062
2pvk,8.3,8.5546875
3ctj,7.46,7.4375
2zm3,6.21,6.1171875
4e3j,8.92,8.578125
4bcc,8.05,8.0703125
4e93,6.93,6.7578125
4h71,4.45,4.8398438
4jjq,5.03,5.796875
4v05,9.7,9.0703125
2uwo,8.7,9.140625
4ln2,3.61,3.078125
3meu,6.3,6.1953125
4hup,4.82,4.9882812
1lyx,4.54,5.1328125
3ump,2.99,3.453125
4pdk,8.22,8.3203125
1pz5,5.4,6.2539062
1t5f,4.22,4.578125
4u6z,5.41,5.2617188
2bgd,5.0,5.3046875
2jqk,3.4,3.6425781
5akh,6.59,6.8984375
2oj9,6.41,6.4375
3kqs,5.2,5.1679688
2pjb,7.72,8.1015625
4j9a,8.22,8.5078125
3et7,7.77,7.9375
4zim,8.62,8.0
2byi,6.34,6.3242188
3h22,5.1,5.46875
2iyf,3.75,3.8125
4bbe,8.44,8.6640625
4rwl,8.1,8.03125
1u9v,8.22,9.0703125
4ogt,10.0,9.3984375
1r1i,8.54,9.8125
3zmz,4.74,4.7851562
4zhl,6.47,7.234375
4nrm,3.2,3.2773438
3g35,4.68,4.6328125
3kn0,3.6,4.0976562
3eks,5.7,5.4023438
1ec9,3.1,3.5078125
3vbt,4.43,4.4765625
2c93,4.92,4.4648438
3s45,8.49,9.4609375
1u0g,6.15,6.65625
1ggd,5.8,5.9375
4g2f,6.8,6.7109375
4e1n,7.17,7.09375
1o4l,1.4,1.9941406
4hw7,7.21,6.8085938
2jdt,6.77,7.078125
4uvu,5.92,6.3007812
3efk,7.85,7.7890625
5alp,7.07,7.3789062
1oq5,7.68,7.6054688
3zmv,4.26,4.4179688
3uw5,7.85,8.0078125
4tlr,8.52,8.328125
2rm0,4.03,5.0585938
1prl,4.23,4.921875
4fci,1.26,1.6884766
6tim,3.21,4.0742188
2rkm,3.9,4.2851562
1g2m,7.4,7.75
2qve,2.32,1.9824219
4fyo,7.33,7.7421875
1u9e,8.24,8.78125
1sqn,9.4,9.3671875
2f7o,7.44,8.0
4aa2,3.97,4.1601562
4fxf,5.19,5.734375
4uwk,9.0,9.671875
3st6,3.62,3.9042969
1t5a,4.62,5.2148438
2ooh,5.89,6.28125
3hj0,5.71,5.7539062
5c7c,5.26,5.5664062
3prf,8.85,8.953125
1nmk,8.24,8.3515625
4tw6,4.21,4.5078125
3v5p,8.96,9.328125
4uat,5.89,6.71875
2ban,9.0,10.015625
2p8h,7.15,7.390625
1fe3,7.33,7.4140625
3el0,7.47,8.046875
3p8z,6.09,6.0507812
3q7j,4.52,4.5234375
4lzr,4.7,4.6992188
3qbh,6.82,7.0703125
2gfd,6.28,6.6640625
1jqy,4.92,5.6328125
2onb,5.57,6.0117188
2mpm,5.89,7.0390625
2znt,9.3,9.0859375
3d14,7.66,7.7226562
1adl,5.36,5.2148438
4kb8,7.89,8.3125
1inf,5.0,5.4648438
1mfg,4.3,4.3007812
3drr,9.4,9.453125
2c4v,2.6,3.2460938
4u70,5.02,5.3710938
1p04,7.4,7.6601562
1mau,11.3,11.140625
4dkp,5.72,6.0898438
2h15,5.67,5.7109375
5alk,6.6,6.7421875
3rdq,9.31,9.53125
1jak,5.57,5.46875
2ya8,5.75,5.7539062
4h85,5.15,5.8085938
4b77,5.1,5.484375
3o9v,7.74,7.7929688
2ltw,4.22,4.59375
4ryl,7.28,7.859375
4x9v,7.85,7.7265625
3ioi,6.28,6.1835938
4asj,7.55,8.2734375
4fll,5.29,5.3398438
3ndm,7.96,7.671875
4k78,4.79,4.7148438
4eny,7.05,7.0546875
2ofu,9.0,8.3125
4nyi,3.06,3.5449219
2f80,8.18,8.71875
4acu,7.39,8.328125
4na4,6.92,6.8164062
5c7f,3.98,4.9375
4kiw,5.12,5.9023438
4uma,5.41,6.3515625
3eos,8.4,7.9609375
4kot,5.46,5.8554688
3jwq,7.6,7.5820312
1fwv,3.72,4.3984375
4luv,2.85,2.796875
3ob1,5.42,6.4335938
1h1p,4.92,5.4101562
5al1,4.28,4.796875
3vtc,7.89,8.078125
1gjc,6.35,6.2304688
4xtz,9.82,9.6015625
3e3u,7.89,7.3671875
1zoh,7.0,7.0195312
4ke1,8.6,9.40625
1fta,6.36,6.6210938
4ch2,5.99,6.7265625
1tnk,1.49,1.4423828
3nyd,3.48,3.140625
2xqq,4.82,4.7148438
5bml,8.0,8.3359375
2wf0,6.68,6.6445312
1ntv,5.82,5.7695312
2vuk,3.9,4.0976562
4res,7.85,8.0625
4po0,6.92,6.4921875
3avk,3.3,3.3066406
5ai8,3.9,3.9804688
4bib,6.6,7.0390625
3eky,9.64,10.2421875
4io8,6.64,6.4375
3atv,5.34,5.1328125
1eol,13.42,12.6953125
2lbm,6.57,7.2890625
4lph,5.04,5.1601562
4cik,6.43,6.4570312
1hkm,8.72,8.546875
3ibc,4.91,5.28125
3dy6,6.9,7.390625
1o5c,5.22,5.53125
1wbn,6.46,6.484375
3wf9,6.25,6.2148438
4jq8,8.1,7.90625
2b1i,6.82,7.1757812
4cq0,5.09,4.6992188
1y3g,7.4,7.7578125
3asl,5.76,6.0273438
4l2f,6.23,5.90625
4bnx,7.7,8.234375
1h00,4.42,4.640625
3eou,7.01,6.7851562
4civ,4.95,4.6992188
3ncg,6.82,6.8398438
3mfv,2.52,2.7753906
3ds3,5.22,5.8476562
1aht,6.21,6.1367188
4qr3,5.85,6.2617188
2gcd,5.52,4.9882812
2q2c,6.38,6.4296875
2fhy,5.96,6.0273438
2aqb,3.3,2.9707031
4nks,7.17,7.2617188
4ury,2.22,2.3945312
3gl6,4.68,4.4453125
1uvs,5.4,5.9921875
4oiv,5.08,5.3554688
1u9w,8.46,8.640625
1yhs,8.0,8.2265625
3zeb,6.13,5.9257812
4c1e,7.14,6.7734375
2ycr,7.16,7.0859375
3o1d,5.74,5.5585938
1i7i,6.7,6.7460938
4p6e,5.89,6.53125
1mqd,6.77,6.7539062
3i6m,6.46,6.0039062
4tzm,6.7,6.2226562
1kf0,2.55,2.6992188
3sov,4.21,4.4179688
4q4e,6.72,7.078125
4hbx,5.72,5.3867188
2p3b,8.48,7.90625
3wk8,4.31,4.7890625
3hyg,7.03,6.9257812
2ajl,7.89,8.1875
2zx8,9.64,9.78125
4mb9,8.0,7.2421875
2xef,9.84,9.8515625
1jq9,8.45,7.625
4cc7,4.33,4.453125
3njy,5.77,5.265625
3wmb,5.37,5.6875
1sjh,8.05,7.6210938
2oq6,3.6,3.78125
3po1,4.02,4.1210938
3bmq,5.49,5.3203125
2e1w,7.96,7.8984375
4f8j,5.07,5.1523438
4uvb,5.49,6.296875
2ggb,4.92,5.0742188
3d8y,3.4,3.4277344
2zp0,7.6,7.8671875
3pdc,7.49,7.4804688
1mpa,8.04,7.8554688
3ti3,8.74,8.875
1g2o,10.55,11.40625
2std,9.85,9.78125
3bqc,5.73,5.984375
5e1b,4.84,5.9140625
4ncn,5.67,5.5195312
2asu,9.0,9.3671875
3rw9,5.96,5.9375
1ndj,12.16,11.8359375
4eki,10.0,9.734375
4lh6,4.11,4.0273438
2x7s,5.78,5.6953125
1dmt,8.7,8.3671875
3zsz,2.7,2.984375
2zx7,10.49,9.6015625
4ayw,4.0,4.1796875
4apo,4.91,5.3554688
3kaf,6.08,5.7890625
4q1f,8.04,8.21875
4o97,8.52,8.15625
3dgo,6.74,6.7539062
2ai8,6.8,6.6484375
3s3o,7.57,7.3789062
3ua8,7.85,7.8046875
4bgx,1.77,2.0292969
2ybk,4.62,4.875
1hp0,6.7,7.2148438
2pou,7.42,7.9726562
1gt5,6.1,6.484375
3tjh,5.41,5.5351562
3g5y,7.46,7.484375
3o0g,6.22,6.140625
4d8i,6.69,6.7226562
4kn0,7.4,7.8554688
2xhr,8.32,8.3984375
1aid,4.82,4.484375
3kgq,2.3,2.1386719
4km2,5.84,5.6445312
4jvj,7.66,7.625
3pz3,6.85,6.5976562
4yve,7.0,6.3515625
3u6i,9.0,9.703125
2zo3,10.0,9.6875
4pp9,7.37,7.1796875
1nnk,5.46,5.7734375
2vr3,4.98,4.7773438
4mr6,6.6,7.3164062
1t7r,5.96,5.8710938
4mbj,7.21,7.4648438
3qkl,8.05,7.65625
4pzh,8.0,7.9375
4fk6,9.7,9.6484375
2eg8,4.5,4.8789062
2xhs,6.0,5.9179688
2viw,7.14,6.8125
2ovq,7.15,6.6523438
3h9f,7.92,7.5429688
2r23,3.72,3.7460938
3m89,6.16,6.4414062
4rn0,6.59,6.3554688
3zlo,8.82,8.09375
1c50,6.48,6.1054688
4eh3,3.53,3.1855469
3sud,9.85,9.3828125
4zvi,6.33,5.9453125
4b5d,7.89,7.8671875
3lxo,4.82,4.625
3p7b,7.74,7.3867188
4ddy,5.62,5.6640625
3oev,8.13,7.8046875
1aj6,5.92,5.8085938
4tu4,3.76,4.0039062
2zif,4.37,4.3632812
1o47,8.4,7.7734375
2iku,7.1,6.4960938
3sk2,3.61,3.1328125
3opp,6.28,6.6328125
2i2b,2.44,2.6386719
1mrx,7.26,8.3359375
1yt7,9.89,10.1328125
2gmv,6.2,6.34375
2f4b,7.3,7.09375
2gvf,7.6,7.3085938
4jfw,6.34,6.71875
4nru,6.94,6.9375
1me4,6.84,6.6210938
3grj,3.0,2.1855469
2uue,6.13,6.1289062
3n5h,5.7,4.8164062
1gzg,3.05,3.3046875
1owe,6.2,5.8671875
2osf,3.83,4.25
4lbl,4.96,4.7617188
2xxy,7.89,8.5625
4oyi,4.72,4.7382812
3ddu,7.4,7.1054688
2xmy,9.96,10.703125
3moh,2.84,2.7402344
4gdy,7.08,6.3046875
2l6e,6.0,6.1484375
3ps6,7.74,7.5703125
2ay9,2.16,1.9882812
4zmf,3.96,3.453125
3r5n,5.78,5.5351562
3aqa,4.55,4.6796875
3kwn,6.82,6.7226562
4gd6,7.38,7.2695312
3zze,8.89,9.390625
2h5e,8.25,8.5
4mo8,8.0,7.609375
3zrc,5.27,5.1523438
4a4l,7.82,7.5546875
2yoh,4.96,4.5859375
4apr,6.7,6.796875
4j74,4.59,3.8828125
4j17,7.27,7.2773438
2wva,10.7,10.890625
2aoi,4.01,4.0039062
2rqu,4.63,5.5195312
4dce,6.76,6.6171875
3doz,5.7,4.8203125
2wij,3.2,2.6914062
1a09,6.7,6.5429688
2r0y,3.0,2.734375
3ixg,7.57,7.2617188
4m3q,7.77,7.0195312
4pra,5.66,5.71875
3bym,8.22,7.9960938
3nu9,9.05,8.890625
3ncr,4.11,4.15625
3ujb,5.1,5.296875
2p3o,2.77,2.0214844
4p4d,5.74,6.4453125
4wpf,6.6,6.4648438
4rab,7.4,8.0390625
3gw5,9.33,9.484375
2ybp,4.62,4.3125
4wr8,6.23,5.9726562
2ad5,3.96,3.6074219
1ghz,4.8,4.8398438
3kqr,4.43,4.7929688
5alj,5.56,5.1171875
3t6j,6.36,6.4257812
4xnv,6.79,7.0976562
2ajb,5.5,5.0390625
2of2,6.68,6.4296875
3k5d,7.28,7.7382812
4fcr,9.4,8.8671875
3g15,7.0,7.4609375
1hbj,8.52,8.3671875
3ppm,9.54,9.0390625
2bro,5.85,5.6367188
4d2d,3.47,4.0234375
4q6r,6.68,7.15625
3v5l,8.15,7.515625
1pbk,9.05,9.796875
4kmd,5.41,5.5859375
3p4r,2.72,3.3046875
3zt4,2.8,2.5507812
3i7b,7.18,6.8710938
2vww,6.62,6.4921875
3stj,4.8,5.5742188
3igv,7.6,7.9179688
4jbo,7.62,7.9960938
1xxi,5.52,5.6210938
4hgl,8.1,7.7226562
4xhk,8.3,8.46875
4ztm,7.6,7.7773438
1njs,7.82,7.6679688
1z1h,8.4,8.625
4z89,4.69,4.8828125
1gi6,6.22,6.4453125
3q2m,3.8,3.6738281
1jh1,4.39,4.5195312
4lh7,4.47,4.8203125
5bq0,7.82,7.7421875
3s2v,6.8,6.9804688
3nuu,3.77,3.7285156
4mrh,1.9,2.4082031
4mwx,7.12,7.1835938
3wf7,6.69,6.5234375
3kwf,8.17,8.71875
4yne,8.52,8.90625
3wci,6.57,6.7382812
1bwn,7.06,7.1132812
1dpu,6.0,5.9609375
4j3u,6.34,6.9648438
1gnj,7.04,8.109375
2cng,6.96,7.5234375
4zyi,8.1,8.3359375
4a9t,7.15,8.6328125
3if7,7.21,8.03125
4od7,5.08,5.5234375
3kpw,4.85,4.8710938
1tze,6.83,6.2070312
3l7g,3.3,2.9199219
1n95,8.92,9.28125
4x1n,6.42,7.3203125
3f34,3.16,3.4179688
4mww,3.67,3.5019531
4mds,5.21,5.1796875
4jj7,6.4,6.5820312
2hh5,7.49,7.6992188
1w70,3.7,3.3964844
4n7y,6.26,6.9179688
3cpc,5.3,5.4335938
4o7f,4.89,4.578125
3rxb,2.66,3.1640625
2o1v,5.3,5.453125
3tkh,7.33,6.9609375
2oym,5.0,4.4453125
4ngt,8.41,8.3203125
1f2o,1.91,2.0761719
3hkn,5.35,5.2851562
4a7b,7.4,7.8164062
2etr,6.82,6.9804688
4o36,6.36,5.6289062
3ohf,7.03,6.6484375
3wtk,6.53,7.0820312
4gm3,9.0,9.8125
1uye,3.7,3.5527344
4g2y,6.0,5.5351562
4m2v,7.44,7.1132812
3atw,7.01,6.8984375
2cgu,4.87,5.3789062
1p57,4.4,4.6601562
1cs4,5.57,5.3984375
3qi1,7.66,7.7617188
3pp7,3.94,4.5898438
1fwu,3.7,3.6171875
4h3j,7.05,6.8046875
3w5t,4.52,4.8515625
3eq8,9.06,9.0625
2k7l,6.15,6.3632812
1xom,7.96,8.859375
2upj,7.39,7.1914062
3p9h,5.06,4.5507812
3rwp,9.22,9.859375
4igt,7.89,7.0976562
2rnw,2.98,2.7167969
3bhb,8.47,9.515625
2fgh,6.55,6.6328125
1oqp,7.3,7.8710938
3g2h,3.82,4.0742188
3p9t,6.2,6.53125
4aro,6.8,6.2578125
3f68,5.06,5.34375
1hti,5.13,4.8789062
3zj8,3.9,3.8496094
3mi3,5.45,5.015625
2x0y,4.6,4.484375
4i7l,3.99,4.15625
2wey,7.12,6.984375
4lwc,6.72,6.6875
3dc2,3.02,2.9648438
4i5p,6.42,6.3867188
3le9,8.22,7.53125
4oyp,3.0,3.1640625
3v2x,5.35,5.1523438
4kyh,5.92,5.8085938
1zlu,7.0,7.390625
2owb,6.36,6.2617188
1yds,5.92,6.4179688
1i80,6.41,7.34375
2hy0,9.19,8.5625
3pix,7.0,7.2851562
4ohm,7.55,8.625
1g50,6.28,6.6953125
1b9j,5.96,5.8046875
2yc0,2.82,3.4277344
1ph0,6.92,7.1640625
1cyn,7.68,8.3046875
1eoj,13.77,12.0234375
3ft3,7.36,7.8398438
4cu7,7.59,8.0625
2cmf,7.55,7.5429688
1kyn,5.39,4.7695312
5ddb,7.09,7.3710938
4fi9,7.34,8.2421875
4nzb,4.17,3.8925781
4waf,5.0,5.5546875
4jyv,7.77,7.9296875
2igx,7.27,7.5898438
3fl9,1.11,1.9667969
4rhy,5.95,6.015625
3vfq,5.19,5.765625
3k4q,5.34,5.2226562
4i0s,7.44,7.7734375
1g7p,7.05,7.671875
1juj,6.96,7.265625
3zls,4.4,4.1210938
4u0i,8.22,8.1328125
4ydq,6.52,6.4492188
1j80,6.52,6.2890625
1mai,6.68,7.0234375
2b2v,4.77,4.9765625
1gar,10.0,9.828125
2jko,8.11,7.796875
4pb1,2.82,3.1113281
2i3v,6.55,6.5898438
2hs2,8.31,8.1015625
1o39,7.13,6.5117188
2xu5,6.89,7.0078125
4yv5,6.22,6.6523438
3vbw,5.22,4.90625
4fr3,7.15,6.1601562
1q72,6.85,7.1210938
4nja,6.22,6.203125
2qp8,8.1,8.453125
4k6t,4.1,3.9570312
3zjv,6.27,6.3828125
2e98,6.23,6.1953125
4v01,8.11,7.90625
3vsx,8.85,8.875
2ql5,8.1,7.1054688
1g9a,5.3,5.6757812
4ded,7.42,6.9023438
2ivz,6.04,5.4492188
3vfj,7.04,7.4960938
1y3w,5.77,5.484375
3e64,7.11,6.9804688
3kqt,5.34,4.84375
1y2k,7.68,6.9921875
1fvt,7.22,7.3515625
1k27,9.0,9.0625
3fuh,2.7,3.1113281
2qrg,5.18,5.2421875
1t4j,5.1,4.8867188
3hxe,5.33,5.015625
2e9a,6.04,6.2929688
3jzb,9.01,9.765625
4oag,6.3,5.1523438
3fpd,6.15,5.6484375
4cqe,8.43,9.0859375
1o34,5.74,5.390625
1pdq,5.3,5.4609375
2i0e,8.7,8.4375
1jeu,6.82,6.4296875
4l51,3.0,2.8632812
3sjo,5.78,5.8515625
1akr,9.09,9.4609375
3dxj,6.22,5.6210938
1o9k,6.47,5.8554688
2j79,5.96,6.1210938
1q65,5.46,4.7734375
5e1m,6.72,6.4453125
4umt,6.14,5.796875
1a5g,10.15,10.25
3hhm,7.92,7.3828125
4o55,5.3,4.921875
3ha6,5.68,5.4492188
2vj7,7.4,6.9140625
4q90,2.15,2.3261719
4n8r,5.0,4.4101562
2hha,6.91,6.8320312
3ooz,7.85,7.9921875
1tnj,1.96,1.6640625
1m74,7.0,6.9921875
1w82,6.71,6.1523438
2g24,5.4,5.2226562
4ezq,5.2,4.8554688
2x6y,4.59,4.796875
4ec0,6.07,5.1640625
4hnf,6.15,5.7148438
3fhr,6.68,6.0976562
3c4h,5.7,4.7773438
3q44,6.31,6.4570312
3rl8,5.98,5.46875
4hrc,8.92,8.8203125
2vwx,7.4,6.921875
2q1l,7.91,7.5390625
1acj,8.09,7.5859375
1a52,9.86,9.234375
2hxq,6.84,6.6367188
3ovx,7.51,7.609375
3ohh,7.74,7.8320312
1n7t,6.82,7.7539062
3bux,5.63,5.8984375
3ilq,5.21,5.1835938
4qsv,2.0,2.0664062
4wmy,7.07,6.6679688
3od0,7.92,8.8046875
4g69,5.98,5.5976562
1qpe,7.7,7.296875
3tzm,7.77,7.7265625
3d4y,5.7,5.1875
4ck3,3.57,3.4609375
3zmq,6.44,6.765625
1o2q,7.68,7.296875
4lch,10.62,10.0390625
3vp2,5.1,4.6171875
1gfw,7.82,7.6953125
4gao,5.74,5.1523438
4app,7.19,6.9375
1c9d,6.3,6.3085938
1h5u,6.75,6.7109375
1rsd,6.52,6.4609375
3cy2,7.22,7.1679688
3zy2,6.46,6.4414062
1e02,6.15,5.2304688
1z6f,4.89,5.390625
1k4g,5.85,5.2773438
3zvy,5.1,5.1953125
4j8r,7.7,7.0507812
3kec,7.24,7.140625
3oqf,7.04,6.0546875
4d1c,5.7,5.0390625
1g7f,5.47,5.359375
2uxz,8.48,8.7265625
2o65,6.19,6.1875
1dbk,8.1,8.3359375
2fjm,6.85,6.2070312
4jfe,4.51,5.015625
1r5g,7.52,7.5976562
1lpz,7.6,7.8359375
2w1h,7.28,7.390625
3pxq,4.43,4.3242188
2wgi,4.07,3.9667969
4m13,6.7,6.5546875
2wyi,4.74,4.8984375
2xln,4.48,4.7421875
3ptg,7.6,7.9414062
3s9y,6.44,5.8828125
4jju,6.29,6.3828125
5aml,9.15,9.09375
3p9m,5.0,5.3476562
4std,10.33,10.6796875
1hn2,6.0,5.7070312
2yj8,8.19,8.046875
3oy3,7.45,7.9570312
2f6z,5.32,5.4179688
4obv,0.75,0.66259766
4h39,6.68,6.6445312
4owo,4.47,5.1328125
2kwn,5.13,5.3164062
3cd5,7.9,8.59375
4k76,5.35,5.640625
3uw9,4.56,5.3671875
3d6p,3.75,3.8085938
1k03,6.0,5.7109375
3neo,5.92,6.34375
2xae,7.3,7.4492188
3d9n,4.05,4.0703125
1my3,5.4,5.8476562
4g3f,8.36,8.9140625
2gd8,7.41,6.453125
4omd,9.01,8.3828125
3bft,6.49,6.8632812
3r2y,8.07,8.1640625
1a99,5.7,5.7539062
4bi2,4.03,4.4375
4qz2,5.21,5.4492188
4k66,3.26,3.4667969
4cpx,7.77,7.8398438
2qic,5.48,5.5742188
1w14,8.52,8.515625
2x6w,7.1,6.734375
1fsw,6.49,6.3945312
4o5g,4.3,4.703125
4qta,6.7,6.5234375
2a3b,3.33,3.8671875
4g55,4.92,4.6132812
3sl4,7.57,8.234375
3qwc,4.26,4.0976562
2az8,8.22,8.5078125
3bxf,5.54,5.8554688
4kow,4.31,4.5976562
4uau,5.89,5.9335938
1ms0,2.91,2.7734375
1biw,6.98,7.1445312
2xg3,4.74,5.0585938
3bu8,6.92,8.2734375
4ez5,6.52,6.7578125
4l2k,6.44,6.4804688
3sl0,2.7,2.2714844
4ge5,6.57,6.4296875
2xgs,3.28,3.3886719
2f1a,3.14,3.1875
2w0d,8.7,8.6953125
4uu5,5.04,5.34375
4uvy,8.26,8.0625
4aqc,9.05,9.21875
3er3,7.09,7.109375
2bqv,8.05,8.2421875
2qt9,8.64,8.75
2c6k,6.14,6.78125
3fj7,3.71,4.1523438
3kyr,6.72,7.3945312
3zcz,6.77,6.703125
3rjm,6.61,6.7421875
4rx7,8.3,8.7578125
1f57,5.64,5.8945312
4pzv,5.7,5.46875
4lvt,10.36,10.703125
4c1t,7.15,7.3789062
4oc3,8.28,8.8984375
4ra1,5.94,5.6992188
2o4k,10.46,10.0703125
3m67,6.74,7.40625
4fz6,6.9,7.171875
3iqq,5.54,5.6054688
5abg,8.05,8.4296875
4fgt,5.41,5.609375
3vx3,7.82,7.75
3wcf,7.28,6.6210938
4z9l,8.8,9.375
4gs8,7.0,6.5351562
4qwf,6.0,5.3007812
4dus,8.3,8.9140625
3vsw,6.89,7.2851562
4k5n,3.9,3.2148438
3bxs,5.1,5.1757812
4wm9,6.92,7.3125
1r0x,3.83,4.0546875
2uvm,7.1,6.8867188
2fo4,7.22,7.515625
1xh3,5.51,5.265625
2xxr,6.55,6.9101562
6lpr,7.3,7.0898438
5efc,4.85,4.9140625
4exg,8.07,8.8359375
2xp2,9.0,9.25
4nrk,7.62,7.0351562
4xjs,7.12,7.2421875
3v3l,6.43,6.5195312
2ynn,5.17,5.6484375
3r7q,6.97,6.9648438
4y2p,2.66,3.5390625
4hct,7.14,6.7070312
2xxw,6.41,6.171875
2vtp,8.52,8.234375
1z2b,6.4,7.0742188
1c87,4.2,4.3164062
3n5u,5.92,6.0351562
4an9,7.36,7.6601562
2woq,2.88,2.8964844
3jzr,7.44,8.6875
2qf6,6.49,6.1601562
2kp8,4.0,4.140625
2jdk,6.54,6.9492188
4bdc,4.93,5.2734375
4jsc,7.13,7.296875
4jx9,8.62,8.84375
3kek,8.36,8.078125
3n7s,7.7,7.78125
4mxa,8.92,8.8984375
4xdo,4.08,3.9375
2r3c,5.66,6.4179688
3qio,6.84,6.5859375
2j7w,6.66,6.8320312
1fzk,8.4,8.171875
2y4s,6.15,6.9257812
1xk9,6.85,6.359375
3e4a,8.77,8.6484375
1s26,3.07,2.7597656
3g2u,5.27,5.6914062
3oaf,8.8,9.265625
3u7l,7.28,7.0078125
4j0z,7.11,6.953125
2y68,3.6,4.078125
1bmn,8.44,8.0078125
2vio,4.4,4.7773438
5ea6,7.41,7.6445312
3o23,6.3,6.2617188
3nzw,5.82,6.3828125
4gnf,3.35,3.2402344
2bes,4.24,3.5957031
2y36,6.42,6.2226562
4g11,5.0,5.3867188
4bhn,8.2,8.3203125
3ibi,8.59,8.765625
1q0b,5.17,5.1171875
4o6e,9.0,9.234375
1uz8,4.96,5.046875
3ifl,8.08,8.2421875
3kag,5.18,5.2421875
4jzr,7.8,7.9765625
4k72,3.0,3.2246094
3hv7,7.92,7.5273438
1ljt,5.15,5.6796875
4deh,6.21,5.90625
1n7m,5.71,5.8007812
3t6b,6.36,6.6953125
4io6,4.82,5.375
4agc,10.7,10.9765625
2pvv,3.36,3.1777344
2flb,5.74,5.59375
4os4,4.87,5.3554688
3v1r,7.68,7.0859375
2cgx,4.81,5.2304688
1d7x,8.52,8.90625
4w53,3.99,3.4960938
4fmo,5.53,5.4648438
3n2u,7.84,7.7578125
2fky,8.59,8.65625
3ncz,7.82,8.5625
4yab,5.07,5.2617188
3apc,7.44,7.953125
2g96,4.28,4.859375
4avu,7.85,7.5859375
2gvd,7.0,7.7304688
2l75,6.05,6.3476562
1wva,6.57,6.4921875
4unn,6.38,6.375
5aad,6.67,7.3164062
3d0e,8.4,7.9726562
1ur9,5.77,6.1914062
4qsk,5.1,5.015625
3lk1,4.26,4.2890625
4x63,6.77,6.5625
2xrw,5.15,5.6015625
4yrc,2.7,2.7441406
1w1y,2.62,2.4042969
2c2l,5.55,5.2265625
4mdt,5.0,5.34375
5c6v,4.8,4.515625
2nm1,7.47,7.4765625
4lj8,5.82,5.546875
2oah,7.96,7.9101562
2w6q,4.6,5.4921875
3uvn,6.59,6.25
1zpb,6.07,6.3007812
2vtm,3.0,3.0371094
1o6r,7.1,6.890625
4djy,8.27,7.9453125
3djv,4.55,4.7773438
2gbg,7.25,6.5820312
4hod,6.1,6.0625
2cni,7.68,7.515625
4bah,8.7,9.3359375
3qce,5.6,5.3632812
3uwo,6.36,6.53125
4mxc,8.17,7.4570312
5cvd,6.41,5.6484375
3va4,4.4,4.5273438
3sjt,6.06,5.859375
4g2r,4.45,5.0820312
1ind,10.05,11.296875
3rv6,4.68,5.1171875
3t0m,3.94,4.4101562
3v4j,5.04,5.5507812
4loj,6.52,6.4453125
3ert,9.6,9.203125
4tww,4.2,4.3164062
1ol1,4.68,4.703125
2avm,5.7,4.8867188
1zd5,4.87,4.7851562
3kb7,8.15,8.453125
4hev,6.34,6.5078125
3bhx,9.15,9.640625
3fv7,5.64,5.7929688
4c52,5.68,6.7265625
2xj2,7.18,7.0429688
3upx,8.12,8.1953125
2fum,6.1,5.8945312
3qri,9.1,9.0625
2vrx,7.35,6.4101562
4det,5.68,6.1328125
1jk7,8.52,8.609375
2ybt,4.7,4.8242188
4v1c,4.6,4.1484375
3jyr,5.54,5.8632812
4ylu,4.0,4.3828125
6gpb,4.85,5.2578125
3buo,6.06,5.734375
4bti,9.7,9.65625
2o4p,10.72,9.671875
2op3,6.31,5.84375
1ai7,4.09,4.7460938
4h75,6.6,6.609375
1m5b,8.01,8.8671875
3tei,6.3,5.7460938
1e00,6.1,5.9023438
4nb6,7.22,7.5585938
2xj0,2.82,2.8925781
2x6k,5.64,5.7539062
4iur,5.58,6.78125
2fie,5.46,5.71875
3huc,5.99,6.6875
1g37,10.0,9.96875
4bcw,4.0,4.1445312
3q4b,9.33,10.59375
3mkf,4.77,5.125
4lpg,4.25,4.5273438
2opy,4.52,5.0273438
4w55,4.74,4.9960938
4wy7,6.78,6.4375
4el5,5.37,5.3984375
3std,11.11,10.328125
4qsx,1.74,1.8916016
1yvh,7.37,7.9296875
2xjj,6.51,6.8671875
2vin,3.0,3.4140625
4wef,2.59,2.9003906
4zla,7.3,7.4921875
4hej,4.62,5.21875
3sl5,7.66,7.3476562
2mkr,6.27,6.5234375
3s78,6.47,6.2695312
4twc,7.4,7.7929688
4hmk,6.1,6.484375
3m94,5.08,5.9648438
2epn,7.22,7.2265625
1d09,7.57,7.3789062
1wbt,6.47,6.8007812
1bt6,5.7,5.6523438
1q9d,4.6,5.2851562
4aig,6.52,6.9804688
3b5j,5.68,6.453125
4n3w,3.5,3.5332031
1ke8,6.0,6.3867188
2zis,8.55,9.2421875
3fi3,7.92,7.875
4anv,6.36,6.8632812
4bzn,5.84,6.7929688
1jys,3.52,3.59375
4gbz,3.11,3.3789062
1pf7,10.14,10.3515625
3b2q,4.55,4.8320312
4r5b,6.73,6.9726562
2pze,6.08,6.7265625
3nu5,8.35,8.875
2e2p,4.74,4.9882812
4kbc,7.85,7.2265625
4rra,4.87,4.421875
3fqh,6.24,6.5976562
3ok9,11.23,11.3984375
3r22,7.77,7.75
3kx1,7.0,6.6601562
3r8z,4.31,4.515625
1xa5,6.5,7.3242188
2lzg,7.77,8.109375
4ai8,4.0,4.0898438
2r3o,6.22,6.1171875
1a2c,6.3,6.5351562
4alg,6.3,6.3867188
1ciz,7.44,8.0859375
2j34,7.82,8.1015625
3pz2,6.14,6.859375
5bpe,5.95,6.09375
3le8,6.07,7.4804688
2x39,8.66,8.8984375
2csm,4.3,4.0898438
1y19,6.77,6.3398438
4zz1,7.89,8.359375
2h9p,3.72,3.7636719
4yfi,6.3,6.984375
2x95,4.95,5.0820312
2nng,5.36,5.6835938
2uz9,5.71,6.171875
3plu,5.77,6.1796875
2anl,6.96,7.6992188
4o04,6.16,6.6015625
1bmk,7.6,7.78125
4dlj,5.92,6.1523438
4zba,5.51,5.6953125
2qm7,5.89,6.3476562
4q46,3.77,4.2773438
2h5a,5.1,5.5664062
2x6f,4.59,4.3359375
3s53,9.64,8.890625
1y2d,5.7,5.8203125
4qem,7.8,7.4648438
2xix,2.3,2.0917969
4cd5,6.71,7.4648438
2wr8,5.44,5.8085938
2ynd,7.49,8.0390625
3mj2,7.82,7.53125
4i2z,4.87,5.4375
3wzu,5.89,6.3046875
4s3f,6.24,6.2226562
2vc7,3.36,3.2734375
3tmk,6.87,7.1679688
3upf,6.7,7.09375
4acf,5.8,6.2382812
3mj5,6.49,6.78125
1q6k,7.59,7.9960938
4fvq,6.0,5.9257812
4bbh,7.1,7.4296875
1zsf,9.92,8.4921875
1riw,7.55,8.359375
4g0l,5.19,4.6875
4gto,7.98,8.4609375
4hxz,6.05,6.65625
4qqc,7.34,7.2148438
1onp,7.52,7.1171875
4ij1,5.4,5.0273438
3btj,5.62,6.1210938
1eef,2.92,2.8164062
4dfb,4.6,5.2929688
3hmo,7.52,7.1523438
2k4i,3.84,3.8359375
4k3r,3.59,4.1054688
5aok,2.7,2.9355469
2h6b,5.39,4.640625
1sqq,7.82,7.6445312
2uw3,4.1,3.9121094
2a5b,3.93,3.8417969
4jg6,6.44,6.6601562
4o42,4.66,4.7460938
3u4w,8.4,8.6328125
1ok7,5.92,6.0898438
2wzf,7.0,7.078125
5cf8,8.96,8.7265625
1m48,5.09,5.8085938
3wk9,4.15,4.5234375
2gnf,5.22,5.6679688
3uvl,5.69,5.828125
4d83,7.26,6.9921875
1bma,4.59,5.1289062
4g8r,7.66,8.9765625
2vwu,6.46,6.5625
1xqc,7.2,7.5859375
3pz4,8.22,8.453125
3r6u,4.52,5.203125
1la3,4.0,4.2460938
3hav,3.77,3.7578125
3zm9,7.42,7.6914062
3eqr,8.7,9.0234375
2i6a,9.05,8.6484375
3bl7,8.4,8.828125
4z7f,7.53,7.5546875
1siv,8.08,7.3945312
3eqy,8.05,8.1171875
4h3b,5.17,5.34375
4ctj,2.51,2.7929688
4mjo,6.22,6.0625
4cfm,4.74,4.8320312
1tsm,6.0,6.2070312
3ex3,4.44,4.1601562
3cso,5.77,5.984375
4g19,3.58,3.5703125
4mic,5.3,5.1875
4b0b,3.33,3.2441406
5ai9,6.61,6.9140625
4bis,5.85,5.828125
3gww,0.45,0.05429077
4hys,7.26,6.9960938
4fri,5.55,5.3476562
1a4g,8.4,8.5390625
3amb,6.18,6.2226562
1v2k,6.19,6.3710938
4jlg,8.7,9.015625
1y3x,5.14,5.171875
3zly,3.52,3.8808594
3kqa,4.85,5.453125
3l13,7.82,7.6054688
4eop,6.05,5.953125
1wxz,8.07,7.9726562
2ybs,4.59,4.015625
1eb1,10.43,10.859375
4je7,6.4,6.8671875
4my6,5.62,5.6484375
1n1v,3.85,4.265625
5alo,6.13,6.4921875
4pd6,4.44,4.203125
3otq,7.39,7.5195312
4w5j,7.24,7.2421875
3cm2,6.47,6.5703125
3dm6,7.43,8.3671875
2qft,5.26,4.6289062
4ax9,9.57,10.2265625
2ohr,4.0,4.109375
1ikw,8.6,8.9375
4hvs,7.8,8.5390625
4qz7,5.65,5.8203125
1oxg,10.57,9.5546875
1jvu,5.15,5.1953125
3ff6,7.15,7.5507812
3dx3,6.52,6.953125
4eo4,6.35,6.4921875
3owd,7.52,7.8125
2x2m,6.77,6.9882812
1xuc,7.14,6.9375
4y32,4.05,4.03125
3wk7,3.9,3.9140625
4rxd,6.52,6.46875
1ppw,4.3,4.3203125
5ar8,8.1,8.546875
2pgj,3.59,4.46875
1urw,8.52,7.9101562
4z7i,8.11,8.2734375
4ajl,3.8,4.3320312
3hcm,3.3,3.4804688
3eyl,6.6,6.9296875
3uih,3.92,4.1757812
4ge4,8.11,7.7929688
1w25,6.3,6.5351562
1r10,3.83,4.2460938
4cl9,7.3,7.7421875
4jin,5.64,6.0507812
1fig,6.22,6.296875
1fpc,7.0,6.8320312
4hv7,3.52,3.5078125
1c8l,8.16,7.375
4qp1,3.61,3.9511719
2znu,8.11,7.8632812
1gpy,4.7,5.5625
3q6s,6.74,6.953125
1rp7,8.52,8.59375
2pyi,3.75,3.8632812
4pp3,7.82,7.4882812
4z2p,4.6,4.6054688
2q15,7.96,7.5195312
2j7f,6.35,6.6914062
3oy1,7.8,8.203125
1xff,4.82,4.3828125
2pe1,8.3,8.4609375
1ckb,5.28,5.171875
1urc,4.72,5.0195312
4tnw,3.78,3.7011719
4kij,4.3,4.3554688
3brn,8.7,8.859375
4n1u,8.3,8.09375
2gj4,6.5,6.2617188
3o0u,7.92,8.2265625
4o7c,5.0,5.9257812
3kyf,6.78,6.6992188
1qj6,7.74,7.2382812
2yay,6.1,6.3476562
3cyw,7.77,7.3007812
1yda,6.55,6.6992188
1hte,5.64,5.7421875
1txr,7.74,8.0
2haw,4.92,5.0664062
3lpt,4.91,4.8789062
3mhm,7.0,7.0195312
3f17,8.63,8.375
1pa9,4.6,4.8554688
4mha,8.28,8.1015625
3qs4,4.68,4.6835938
1p5e,4.81,4.8671875
1af6,1.82,2.0742188
4mx0,6.73,5.9960938
4pmm,7.57,7.7617188
2z7i,7.0,7.390625
3k37,8.92,8.65625
3lzs,10.96,10.3203125
4u5s,2.41,2.3046875
5bms,6.34,6.7929688
4emv,8.3,8.265625
4mp7,5.74,5.4414062
5akj,5.86,5.5625
1i90,8.89,8.4375
3pn3,6.4,6.265625
1v3x,7.62,7.7851562
3h2c,3.3,3.2929688
1zkn,4.51,4.875
3uo6,7.82,7.671875
1f2p,1.9,2.5175781
3l6h,5.4,5.2539062
3tjc,7.51,6.6601562
1gjd,5.22,5.2070312
4j77,5.47,5.5507812
1o4n,1.4,1.0986328
3vqu,7.43,6.8203125
4zzy,5.6,5.6757812
3rl3,7.17,6.5234375
3c94,6.87,5.9257812
1m2r,6.46,6.1367188
4mex,6.7,6.5898438
4q18,6.13,6.6445312
1vik,9.52,10.1796875
3qpo,6.61,6.6523438
2xuc,4.1,4.359375
4qgh,9.0,8.53125
1css,6.1,5.4648438
2ypo,4.68,4.4921875
4gtv,7.42,7.4726562
4b7q,9.74,9.3984375
3ad7,2.52,2.75
4knj,7.95,7.6640625
4qlu,8.08,8.3984375
2fj0,7.66,7.328125
4qwx,6.27,5.9140625
3sr4,6.54,6.9609375
4i0z,6.33,6.3789062
3d3p,8.5,9.3359375
2wxv,8.7,8.9453125
2gfa,4.98,4.546875
2x4t,5.13,5.1054688
4fz3,3.73,4.1171875
3rk5,5.4,5.5546875
4dcd,5.75,5.0976562
4u2y,3.99,3.8222656
1a28,8.29,7.8945312
4yzm,5.27,5.234375
3ew2,6.67,6.25
1rhu,8.52,8.015625
4emt,5.3,5.5390625
2hk5,7.34,7.4453125
3v3v,5.34,4.8945312
5c83,6.8,6.6679688
4txs,3.0,3.0273438
4ufz,6.31,7.1640625
2g0g,6.29,6.3710938
1yet,5.92,5.234375
2b4m,3.53,3.3945312
4w52,3.76,4.4179688
1uy9,4.82,4.8242188
3kac,3.13,3.7285156
4n5t,8.15,8.6484375
1hps,9.22,9.328125
3atk,2.85,3.0800781
3gk1,4.1,4.4257812
1tvr,7.48,6.9882812
1c5y,4.2,4.0390625
2q64,8.52,8.03125
2wnl,6.0,6.140625
4axm,7.89,7.9726562
4pm0,7.35,7.6835938
1opi,7.3,7.3710938
3vhe,8.21,7.5546875
3oki,7.15,7.1289062
1yrs,6.35,6.2773438
4fmu,6.44,5.671875
3ud9,4.67,4.8867188
3d4f,7.72,7.71875
3uza,8.94,8.7578125
4npv,7.46,6.3984375
1c70,10.3,9.6875
4ufk,3.89,4.3945312
1dfo,6.7,6.3203125
4li5,6.26,6.59375
3n2p,7.82,7.8320312
4ozj,5.4,5.6054688
3l7c,2.44,1.8867188
4k2g,7.7,7.9453125
3n7r,7.7,7.7109375
3rj7,7.6,7.8320312
3ds0,4.83,4.96875
4b74,7.66,7.6132812
4f7v,5.38,5.609375
3vzd,6.3,6.3828125
1wun,7.21,6.9335938
4uxj,5.42,5.9921875
3tpr,7.7,7.4765625
1qy2,5.74,5.3515625
3soq,4.57,4.7851562
1csh,7.55,6.5976562
1zls,7.0,6.8554688
5ddf,6.17,6.1875
1idg,7.19,6.640625
4nvq,8.48,8.8125
5amg,8.22,8.0625
4dxg,7.06,6.9101562
3s5y,7.41,8.28125
1utl,2.47,2.9238281
4dcy,4.52,4.4453125
3aw0,5.24,5.7109375
1upk,6.4,6.0117188
1jld,6.73,5.3125
4pv0,9.07,9.1640625
1v0n,7.55,7.9101562
4i6f,8.3,7.3945312
4urx,2.89,3.1074219
2bow,4.0,4.5195312
1fo2,4.7,4.4414062
3i5n,7.85,7.8125
1njd,5.57,5.3867188
4qh8,4.89,5.1015625
4dai,6.96,6.6953125
1kwr,6.6,6.1523438
4p1r,8.39,7.859375
4og4,6.02,6.0742188
6std,8.64,8.2890625
2vwv,4.8,4.5351562
4hy5,8.89,9.03125
4b1c,7.1,6.953125
3t70,6.3,5.6640625
1g35,8.14,7.5898438
2wev,8.0,7.7421875
2wik,3.18,3.3457031
1d4w,6.92,6.2578125
4pvv,6.48,6.4257812
4kg1,6.56,7.171875
4h4b,2.7,2.9199219
3tti,8.22,8.1875
5e1o,5.43,5.4140625
1ll4,7.22,6.6796875
2bge,2.8,2.9902344
3c49,7.15,6.6679688
4mvw,7.55,7.3320312
2xpb,5.7,6.1289062
3sh0,5.66,5.40625
3zrk,6.89,6.734375
1q1y,7.7,6.9570312
3ggj,6.0,5.9257812
2qfu,4.18,3.2773438
3hs4,8.0,7.6914062
4ynl,4.62,4.3554688
3qkv,7.44,7.6523438
5ai1,6.47,6.078125
3gz9,8.4,7.5351562
2jbj,9.7,9.21875
4qhp,8.05,8.0
3h0y,8.22,7.3242188
3q3k,8.13,8.546875
2hdx,6.26,5.90625
1a50,6.7,6.7226562
3lhj,9.51,9.359375
5efa,4.83,4.2304688
6rnt,2.37,2.5859375
1lb6,4.08,4.2421875
1d04,4.59,4.3828125
2qpq,6.37,6.0234375
3m6p,8.35,8.0859375
1awh,6.08,5.8398438
2c4w,4.7,4.7109375
1il5,2.66,2.4570312
3r8v,5.54,5.6679688
5bsk,6.22,5.8984375
2byp,9.06,8.28125
4oys,8.82,8.40625
1o9e,4.18,4.1367188
4eyj,6.21,5.8007812
2hpa,4.6,4.7304688
2vx1,6.66,6.3632812
4mmf,6.53,5.8867188
5akk,4.0,3.5664062
2hug,5.97,5.3789062
2jh6,7.77,7.3320312
3fcf,4.4,4.5859375
1nzl,7.15,6.9648438
4djr,11.52,11.0546875
2w3l,7.52,7.15625
3ddg,6.0,5.7382812
3da9,5.51,5.3046875
4hki,6.85,6.3671875
2g9r,6.08,6.1835938
4os2,6.7,5.3125
3vv8,4.77,4.4023438
4fic,4.7,4.3164062
2c1q,13.0,13.0625
2rnx,3.4,3.5234375
1lzq,8.39,8.0703125
1m5f,7.83,7.4921875
2wvz,4.02,3.9902344
3l59,3.7,4.0234375
2q89,6.3,5.84375
2hvc,8.82,7.8320312
5c6o,3.7,3.8378906
2c8x,6.66,7.4257812
3idp,8.8,8.9140625
1z3v,4.11,3.7167969
1uy6,3.7,3.8027344
1kat,6.0,5.5625
4qxq,5.7,4.9726562
1hvl,9.95,9.75
3mz3,7.83,7.2109375
3bl2,5.8,5.6796875
3cn0,5.51,5.4375
3pgu,6.7,6.7460938
1qb6,6.06,5.8359375
3ur9,6.31,6.3164062
4mcb,5.82,5.453125
4d2t,6.0,6.1523438
1k1y,3.22,3.6132812
4p4f,6.77,6.4257812
3zrm,6.89,6.8476562
4wf6,6.3,6.1992188
4h3f,9.0,7.8671875
2w9i,7.48,6.7382812
1veb,7.41,7.03125
2xel,3.9,4.0
1j81,7.1,7.3515625
3fal,6.78,7.3007812
4ith,6.5,6.1953125
3pd8,6.46,6.171875
2r4b,7.18,7.078125
3f69,6.0,5.6484375
3c6w,5.62,4.9882812
4l4z,5.68,5.0390625
3tl5,7.85,7.3007812
4ty1,9.26,8.4609375
4mmp,7.71,7.3320312
4bci,8.22,7.8359375
3hkt,5.39,5.265625
2qzk,7.57,7.296875
2v8w,6.82,6.8671875
3w5e,7.96,7.3789062
4q0k,4.87,4.7304688
3r04,6.92,6.5898438
3aho,7.05,6.9492188
4o2p,6.7,6.8828125
4zzd,6.6,6.6015625
1y3y,5.64,4.6171875
4fxy,7.54,7.3671875
4ln7,7.39,6.9257812
4e3n,10.3,10.0234375
1o5f,6.07,6.046875
2oag,8.47,8.265625
4q0a,6.48,5.9101562
4xxh,5.0,4.3867188
1msm,10.48,10.1015625
2fxr,7.6,7.4492188
4ibi,4.14,4.0429688
2pv2,5.91,5.9140625
2liq,5.85,5.8320312
4ocq,4.61,4.0625
2g1r,7.7,6.9648438
3c72,4.64,4.96875
1z1r,9.22,8.703125
4f4p,9.22,8.8359375
4b35,2.89,2.7851562
4ory,3.53,3.4140625
3n9s,5.26,5.203125
3e3c,5.62,5.3984375
4ytf,8.15,8.546875
4brx,6.49,5.7773438
5ea7,7.96,7.1171875
2z94,5.85,5.734375
1ai6,3.97,3.5898438
4o7e,5.24,5.078125
4oc6,7.07,7.125
4j8b,4.79,4.0117188
3oyl,6.7,6.4492188
1wum,5.29,4.515625
3osi,5.22,5.0195312
5cs5,1.58,1.8779297
2bza,2.8,2.8945312
1ssq,6.0,6.1445312
2hr6,4.82,4.828125
3mzc,6.65,6.8710938
3qxc,5.77,5.5742188
4kqo,6.78,6.2929688
1g7v,6.4,7.0664062
1m5c,6.3,5.6484375
1pu8,3.1,3.1347656
4ohp,7.46,7.5664062
2auc,4.08,4.140625
4p74,5.0,4.4882812
2w8g,6.0,5.6992188
4xyc,7.51,7.484375
3upz,5.6,5.109375
4g9c,8.64,8.546875
3vhc,8.89,8.3984375
3sbh,7.28,7.2773438
1bm6,7.89,7.765625
4frs,8.77,8.359375
9hvp,8.35,8.0859375
3h8c,7.72,7.4101562
1ox9,5.21,5.4414062
4p58,4.6,4.8867188
1hmr,6.55,6.5664062
2pk6,10.89,10.0078125
4li6,6.97,6.0625
4x7o,8.7,8.2265625
3e0p,7.92,7.5429688
1lcp,6.64,6.9453125
3tif,5.38,5.0273438
2y7i,5.54,4.9765625
4odf,10.0,10.1484375
5cgd,9.3,8.71875
3kxz,7.46,7.296875
2y8o,5.12,4.984375
4bf1,8.62,8.5625
4dow,5.02,5.1171875
4abu,6.28,5.9921875
2gfj,3.82,4.2148438
1a46,5.7,5.6640625
1nox,7.05,6.8398438
2fm0,9.4,8.15625
4anx,7.74,7.5390625
3ud8,5.38,5.4335938
1tr7,6.82,6.65625
4i9r,6.95,6.6953125
3eu7,6.18,6.5820312
5akl,7.07,6.6875
1ody,8.1,8.2421875
3udk,4.49,4.328125
4iu1,4.3,4.5507812
4prp,5.66,5.171875
4dhm,3.78,3.9160156
2vwz,6.1,6.1757812
5f2k,6.16,6.2304688
1bzh,6.77,6.5390625
3zpt,8.51,8.3984375
1o3b,7.13,6.7578125
2bvx,8.7,8.21875
4qvx,11.0,10.140625
4avj,7.44,7.6757812
1k6p,7.36,8.265625
4z3v,8.4,8.9296875
1g6s,5.15,4.5703125
4aq3,7.43,7.328125
4bnv,7.52,6.9101562
1h6h,5.3,4.984375
2vci,7.68,7.2304688
2aoj,4.66,4.8789062
5e1e,7.66,7.515625
2hz0,6.48,5.7890625
1sj0,9.1,9.328125
2qn3,5.36,5.0273438
4ad2,6.2,5.1523438
4uua,5.24,4.828125
1inq,6.27,5.5859375
2x6x,3.68,4.0351562
4ksq,7.31,6.5664062
1lpk,7.55,7.6484375
2gnj,5.22,5.2148438
1tsi,3.48,3.296875
1zc9,3.22,3.2089844
4yl3,8.15,7.5273438
3su2,7.35,6.8867188
1fm9,9.0,8.7578125
3bcn,7.12,6.7773438
4mk2,6.14,6.6796875
4dsu,2.82,2.5605469
4ot6,5.92,5.578125
3eoc,6.64,6.3789062
3ske,7.77,7.3554688
4bps,2.99,2.5175781
3wnr,6.28,6.1835938
3wd1,7.66,7.2421875
2ycs,8.87,7.9765625
2d1x,5.1,4.8632812
4as9,4.79,4.3984375
4mib,9.7,9.7734375
1sqb,7.95,7.375
3gxz,7.89,7.1445312
3at4,8.1,7.5195312
2gtk,6.6,6.53125
4wsy,7.77,7.203125
5er1,6.02,5.7695312
2w47,4.98,4.9609375
1k22,8.4,8.546875
2bok,6.55,6.578125
4u82,5.72,6.359375
1m7i,5.4,5.4492188
1w6h,9.3,8.171875
1uyh,4.84,4.5859375
1os0,6.03,5.4375
4avw,7.62,8.2890625
3d7m,6.44,6.5507812
5bvk,4.0,3.9609375
1rne,8.7,8.2734375
3fql,7.15,6.9140625
2p99,5.94,6.2773438
3g86,8.3,8.3359375
4mw6,5.78,5.8476562
1q6m,7.89,7.8984375
1e72,3.22,3.3828125
2xs8,4.61,4.7265625
1qm4,4.3,4.375
3mag,4.07,3.9921875
3sax,6.57,5.9257812
3gwu,4.71,4.2460938
4ega,7.19,7.0703125
5a3u,8.32,7.859375
3pj8,7.4,7.6015625
1vjy,7.64,7.1953125
1xog,6.39,5.0859375
4emr,7.49,6.5976562
3v7x,8.57,9.1796875
5aku,6.82,6.5351562
1g6g,6.28,6.3125
3n75,7.89,7.828125
3r0i,6.92,6.3476562
2vtn,6.07,5.875
2ogy,4.48,4.6367188
3lpg,6.16,5.7890625
3h5b,10.0,8.8984375
3vf5,9.34,8.546875
4ere,8.38,8.3359375
4awi,6.0,5.7578125
3rde,7.46,7.5273438
2c69,4.59,4.5703125
4asd,9.28,9.296875
1xnz,6.62,6.265625
1q4l,7.4,7.0976562
2bfr,5.25,5.4492188
4aci,2.22,1.9638672
3sx4,8.52,8.328125
2y76,6.36,6.515625
1zd4,3.6,3.2753906
2ph8,5.74,5.578125
2ypi,4.82,4.2851562
4ryc,7.1,7.6992188
3d2t,7.12,6.5625
2aod,5.66,5.6289062
3hii,6.54,6.3203125
1x7r,8.05,7.2539062
4yt6,7.96,7.8828125
1mqj,5.32,4.8359375
1d8e,6.6,6.703125
3zjc,5.05,4.734375
1e6q,3.15,3.1503906
3ogp,7.44,7.2226562
2o1c,4.72,4.7265625
4rt0,5.5,5.3515625
1n3i,8.89,8.5
3r4n,6.89,6.65625
2jc0,4.7,4.609375
2g00,9.74,10.2578125
3t1l,3.26,2.9648438
1xgi,4.85,4.6679688
2y58,5.5,5.703125
3zxe,3.35,3.1777344
4ai5,2.92,2.7773438
2qlf,8.85,8.7109375
4a50,7.91,7.4726562
4pmt,6.0,5.4179688
2xct,4.51,4.3242188
2xl2,5.25,5.3515625
2q2y,8.8,8.6328125
1uym,6.0,5.0625
3rpy,5.32,4.7421875
4lkj,6.7,6.1875
3tib,6.89,6.109375
2wd1,7.09,6.8710938
1xp0,9.0,8.3671875
2l8r,3.92,3.9511719
2xi7,5.14,4.9570312
4agd,8.41,8.734375
3g2t,7.0,6.3828125
3wyk,7.64,7.4414062
3wi2,7.04,7.1679688
1amw,4.54,4.265625
3h1x,5.89,5.8085938
3wv3,7.62,7.15625
2i0y,7.62,7.3476562
3ryx,8.14,8.8203125
2q7y,4.3,4.0859375
1xge,4.68,3.8398438
2pnx,5.1,4.359375
2zdm,6.41,6.2148438
3cii,6.1,5.6210938
4jv8,5.85,6.1054688
1o2y,5.85,5.4414062
4nbn,4.36,4.2578125
4bgk,6.28,5.8085938
2bdj,9.35,9.2890625
3te5,4.91,4.6601562
3ekx,9.41,8.6640625
4qsh,5.1,4.5078125
3oq5,4.55,4.6171875
4uxl,10.6,10.2265625
2zz6,6.72,6.5195312
4yp8,7.89,7.7148438
3kd7,3.7,3.1796875
4y7r,5.03,4.8164062
2j7d,7.13,6.5859375
3bva,6.52,5.6367188
4e0x,7.12,6.6289062
4an2,9.05,9.0390625
4w9g,5.26,5.1289062
2fme,6.98,6.2929688
2o2u,6.4,6.53125
4k4j,6.12,5.7734375
2cv3,6.57,6.5820312
1hk3,6.59,5.9726562
2wei,8.47,8.171875
4lov,7.77,7.046875
3buh,3.66,3.7792969
4jaz,5.04,4.4140625
2x6e,7.82,7.21875
3q77,8.22,7.5039062
4ucd,4.0,3.609375
4c94,5.05,4.7304688
2ph6,7.57,6.8867188
2q7m,8.8,8.1484375
1b0f,7.7,7.3125
4u6c,5.0,4.703125
4pmp,6.4,5.7890625
3q5u,4.31,3.9199219
1s17,8.3,7.9609375
2vnm,8.52,7.7148438
5fl6,7.36,6.8007812
3k5g,8.6,8.1875
1qbn,5.85,5.9257812
2rkg,8.09,7.3554688
2adu,7.74,8.2109375
3gnv,7.03,6.8164062
1zzz,5.14,5.3242188
3a2c,6.9,6.765625
2k46,4.58,3.7246094
1g3m,10.0,9.1953125
3f5l,3.72,2.8652344
2d1o,7.7,7.7578125
4c6x,3.76,3.1523438
4kz3,2.77,2.0
1if7,10.52,10.6328125
1nj1,7.6,6.8632812
4bic,7.3,6.8085938
4b6f,3.3,3.1777344
3pup,8.22,7.7773438
2jb5,9.22,9.5546875
2iko,5.45,5.328125
2cne,8.77,8.28125
4usw,2.69,2.7597656
3m2u,7.0,6.7460938
4fcm,3.94,3.8945312
2x8d,6.1,6.0546875
3hxf,4.96,4.9335938
4aac,8.17,7.875
4o45,4.15,3.8964844
2o0u,5.49,5.7734375
3rdv,4.91,4.5039062
3uwl,3.68,3.3261719
2aq9,7.3,6.3515625
1ym2,8.0,7.5507812
2m3z,6.57,6.4570312
4x7j,7.39,7.2773438
3gep,3.75,4.1328125
3tvc,7.74,7.7851562
4yo6,5.66,5.6757812
1toj,3.39,3.2070312
2yiq,7.9,7.5703125
3l0v,7.64,7.1054688
2lpr,8.89,8.203125
3u1y,8.67,8.3046875
4r74,8.1,8.1875
4loq,8.15,8.03125
1rv1,6.85,6.3320312
1qj1,8.05,7.7695312
4pji,3.7,3.9160156
1qhc,7.57,7.484375
3el4,7.17,7.0546875
1b6h,7.82,7.2890625
4fcd,9.55,9.7421875
4bty,7.7,7.4179688
3ine,6.77,6.75
4bco,6.88,6.6015625
4uva,5.75,4.4960938
4wn1,8.29,7.9453125
4a0j,6.0,4.6640625
4mwr,9.39,9.1953125
4x8o,6.6,6.1484375
1hnn,6.24,5.9453125
1qbr,10.57,10.28125
3e6y,5.6,5.1367188
3c43,7.72,7.6484375
1d3v,6.96,6.9335938
1t7f,5.74,4.4375
2fts,7.05,6.5195312
2fl5,8.74,8.640625
1zp8,8.77,8.6484375
4xiq,7.07,6.4023438
3bbt,6.15,6.0351562
5ea4,8.11,7.3476562
2o9k,4.11,3.7675781
2v3d,3.94,3.7109375
4zdu,5.77,5.453125
1oit,8.52,7.4023438
2byh,6.59,6.2382812
3lw0,6.4,5.8789062
1wcc,3.46,3.0605469
1qkn,8.47,8.8671875
1w3k,4.3,3.9082031
3feg,4.35,3.8691406
1kdy,6.38,6.3242188
6cha,4.4,4.3085938
3fee,6.64,6.7539062
4trz,5.03,4.7226562
1gjb,6.35,6.4882812
4xuz,7.36,7.2773438
2h1h,4.52,4.3515625
3dtc,7.59,6.9882812
3kjf,4.87,4.96875
3tge,10.15,10.1796875
1vcu,3.85,3.6601562
1xfv,3.89,4.1054688
3sha,5.59,5.2382812
4g1f,7.77,7.859375
2p33,7.24,6.9140625
3uph,7.82,7.4492188
1ppm,5.8,5.2148438
1fkg,8.0,8.5390625
5aux,5.0,4.53125
3bvb,5.49,5.953125
4a4x,7.23,7.4648438
4yoj,6.39,6.5585938
4pnt,5.82,5.2617188
4udb,9.15,9.34375
2xck,6.15,6.859375
3i7i,6.21,6.6445312
4tpk,8.57,9.3125
4cfv,4.63,4.8320312
2zq1,6.62,6.7304688
4ljh,4.71,4.6132812
1d7i,3.6,3.5117188
2avq,4.39,4.5664062
4c4h,8.22,8.515625
3d62,6.1,5.390625
3tcy,4.62,4.2851562
2hxm,5.22,4.890625
4yx9,5.35,5.65625
2jbl,5.89,5.8476562
2ajd,10.8,10.6796875
4o10,7.11,7.5390625
1p93,7.72,7.3828125
3s3i,7.8,7.1171875
2z97,6.0,6.109375
4ly1,7.26,7.46875
3cda,7.58,8.3671875
2f71,5.6,5.6367188
2bv4,3.22,3.1621094
2xd9,6.46,6.9023438
3os3,6.63,6.40625
4ps8,9.0,9.859375
1mq1,6.59,7.1484375
2uxi,7.3,6.5
4w9q,6.85,7.2890625
1phw,3.3,2.9921875
1a7t,1.64,1.6640625
3fqe,8.3,8.671875
1gzc,3.49,3.7324219
3lgl,6.05,6.1835938
4r07,5.32,6.0390625
5alr,7.07,6.2421875
3hxb,5.39,5.5351562
4jjf,8.0,7.78125
3tyv,8.1,7.8828125
3iok,7.96,7.9257812
4o1l,6.7,6.390625
4kc4,3.23,3.2929688
3lpr,5.96,6.2773438
1o0n,4.09,4.3632812
2wtx,2.89,3.3164062
4jls,5.66,5.21875
4mm4,6.37,6.4023438
4pgd,6.92,6.8945312
3tkm,9.0,8.546875
4zun,4.59,4.3085938
1mv0,4.03,4.2265625
4l58,4.68,5.2695312
4unr,8.7,8.7578125
1m0o,2.31,2.5410156
4s2i,9.0,9.4609375
1y2h,7.25,6.9375
2it4,1.62,1.6767578
2sim,3.42,3.4902344
4k43,6.88,6.5234375
1t46,6.43,7.0507812
4lnf,2.62,2.5175781
2oph,7.8,7.9765625
2xba,7.63,8.015625
1e55,4.12,3.921875
5bve,11.0,11.0078125
3ivx,5.74,5.625
4y67,6.93,6.7578125
4zjj,8.0,7.8671875
3tk2,4.62,4.640625
4aia,3.66,3.78125
2azr,3.64,3.9667969
2q7u,8.7,9.6953125
4pnr,6.34,6.375
2yjw,5.12,5.7304688
3e37,5.39,5.6171875
2on6,6.76,8.203125
3f8s,7.89,7.7929688
186l,4.85,5.0507812
4ryg,8.1,9.0703125
1bcd,8.7,8.7890625
3ny3,4.71,4.6953125
3lzu,10.06,11.640625
4o0v,8.48,8.0625
4ruu,7.54,7.4257812
1jqd,5.16,5.078125
2xyu,5.35,6.8867188
3gfe,8.49,9.078125
1wkm,0.82,0.52783203
1ero,8.23,7.59375
4lbo,5.77,6.125
1f8c,7.4,8.171875
5cal,7.66,8.015625
2p7a,6.1,5.9257812
1ax0,3.13,3.1171875
3t6y,5.52,5.9296875
3s3m,7.4,6.96875
1yms,5.92,5.5039062
2wd3,7.07,7.21875
4o1d,7.62,7.7109375
2oi3,6.64,7.2226562
3r93,6.51,6.4570312
3krd,8.17,7.6523438
1ej4,7.3,7.1445312
4ajn,7.16,7.328125
3cf1,6.64,6.4882812
1dtq,8.22,8.5
1rlp,5.1,4.921875
2xn5,6.69,6.5820312
2v87,4.6,4.125
2iw4,9.3,9.4296875
2be2,8.7,8.25
2e9v,7.9,8.3515625
1ga8,1.8,2.0800781
2ly0,4.8,4.8203125
4hgt,7.4,6.8398438
3tza,5.5,5.28125
2c6i,4.96,5.1601562
4no9,7.82,7.734375
2z7h,6.94,6.4023438
3fu6,3.97,4.78125
4r91,6.37,6.515625
3ktr,6.15,5.5898438
2h02,6.49,7.3828125
4txc,6.62,6.5507812
2vc9,8.44,9.7890625
4i7j,3.32,3.8378906
1rri,5.82,6.0898438
4io7,3.68,3.3828125
4bcj,7.96,7.9921875
3qlm,6.37,6.2617188
4gng,3.54,3.5878906
1v2l,4.29,3.6875
4mz6,5.02,4.8359375
4enx,6.26,5.84375
2bqw,8.52,8.7734375
2cia,6.43,7.265625
3s0n,6.74,6.6132812
2r75,6.15,5.7695312
4ej2,2.49,2.8828125
4q08,6.3,6.71875
2o4h,6.52,6.6445312
3vd9,4.0,4.3554688
3v6r,6.15,6.046875
3e5u,5.85,6.4335938
1mmp,6.07,6.640625
1qm5,5.82,5.9179688
4zy5,7.59,7.5625
1y2e,6.8,6.046875
2ks9,2.04,2.4941406
3g6g,8.55,8.5703125
3ovn,2.55,2.5742188
4whs,4.12,3.9492188
3wd9,8.08,8.2421875
4fob,8.3,9.078125
4dk5,8.4,8.3203125
4x5z,7.63,7.8828125
3rul,6.85,7.8007812
4b3c,2.68,3.0976562
1g52,9.54,9.84375
4hso,4.66,5.2109375
4rrq,5.47,5.9648438
1b3h,6.21,6.3671875
4rd3,6.47,6.0546875
3u2q,8.22,8.25
2a4z,6.6,7.1992188
4abh,4.15,4.2617188
4o4r,6.06,6.3203125
4d8z,6.29,5.8984375
3sna,4.14,4.0976562
1rsi,4.42,4.5078125
5ap6,7.88,8.515625
1sz0,9.0,8.6484375
2c1b,6.4,6.703125
2fjp,8.37,8.578125
1ppx,7.28,7.140625
4jfl,4.98,4.953125
1z5m,7.52,7.2265625
3bl9,7.18,7.609375
1db4,7.24,7.4492188
4e67,6.48,6.5507812
4mm9,5.68,5.5742188
1h79,4.89,4.6445312
2pq9,8.11,8.0859375
3suw,4.7,4.953125
5a2k,6.35,6.6484375
4k3o,4.44,5.0585938
2uy0,6.92,7.1210938
4x3u,5.09,5.2890625
4o4k,3.7,4.4726562
1ftk,4.84,5.4140625
4a4e,3.32,3.6484375
1o0o,5.1,4.8710938
1nfx,8.52,8.4296875
4o6w,8.52,8.96875
3i0r,8.52,8.6328125
2wlz,4.6,4.7773438
2v96,4.54,4.4101562
2xg5,4.66,4.4960938
5agu,10.0,9.953125
4j0a,6.8,6.7695312
2am1,6.0,6.4960938
1you,9.06,8.9609375
3e8r,9.74,10.046875
4ykk,2.77,3.4199219
3l9l,6.78,6.59375
2xxx,6.41,6.7617188
1w1v,2.2,2.4140625
1gz4,3.7,3.4121094
1kdw,5.54,5.6171875
1pph,5.92,6.1875
4eh2,3.16,3.4882812
4agl,3.65,3.7148438
3ama,6.53,6.1132812
2v6n,5.86,5.90625
4zum,6.57,6.7695312
3v01,7.6,7.5625
4kio,6.3,7.1601562
1ouk,9.89,9.6328125
4n99,3.67,3.4960938
4idz,4.36,5.0117188
1h4n,4.92,5.3789062
4phw,10.0,11.125
2cll,4.3,4.484375
5ek0,7.68,7.5390625
4ibm,5.74,5.5351562
2k00,4.62,5.0429688
4b6p,7.13,7.53125
4hn2,6.89,7.3359375
1br6,3.22,2.9589844
4lke,5.37,5.1796875
2p83,7.96,7.609375
2g5u,8.49,8.2734375
4whz,9.0,9.0859375
3iu7,4.8,5.0820312
4wt2,10.42,10.7578125
3u3f,5.1,4.8476562
2qch,3.6,3.8007812
4x6o,8.72,8.5390625
4kip,8.15,8.65625
1y6b,7.42,7.46875
4mdr,4.39,4.6679688
4hlh,5.96,5.8359375
4yz9,7.7,8.09375
2wb5,9.13,9.1953125
4zb8,6.03,6.640625
2wzx,6.0,6.0351562
1l7x,4.04,3.8320312
4awo,7.62,7.9570312
3i5r,4.4,4.4726562
1sle,6.17,6.2070312
4kii,6.23,5.5625
5djr,4.86,5.5546875
1o2x,5.85,5.6953125
3l3m,8.22,8.390625
3zm4,5.96,5.9414062
2gg2,6.6,6.5585938
3qck,5.24,5.15625
4ge6,7.47,7.2734375
1d6n,4.5,4.2265625
4oya,6.44,5.8671875
3kqb,9.3,9.703125
2rjs,2.28,2.4589844
4rpv,8.52,8.265625
4ibj,4.33,4.5390625
2ow6,2.7,3.2109375
3n51,7.82,8.0703125
3tfn,6.57,6.5898438
4rd0,6.62,6.1914062
2or4,5.02,5.25
3l8v,8.1,7.984375
2j2u,7.33,7.2382812
2bq7,7.05,7.2851562
4k64,3.0,2.9179688
3d7h,10.22,9.7734375
2gqn,5.35,5.3242188
1pum,3.05,2.9257812
1xhy,6.18,6.8242188
3iwy,7.28,7.140625
4lm5,6.82,6.6640625
2adm,5.7,5.3476562
4glx,7.8,7.7304688
3mo2,6.61,6.1796875
1mem,7.94,7.1132812
4na8,8.82,8.4296875
2zju,5.81,5.7578125
1c3e,6.59,6.2617188
2xfj,7.89,8.3984375
4hw3,6.49,6.2890625
2esm,6.28,6.3007812
3bwj,6.5,6.7578125
4h3c,5.72,5.1367188
3bmn,4.46,4.7304688
1rry,4.1,3.4296875
4ab9,3.33,3.2226562
5aib,3.8,4.2148438
3l6x,4.4,4.125
3qtv,4.65,4.859375
3rum,5.77,5.2929688
4fxz,7.03,6.7148438
4jht,4.99,5.6640625
1pyg,5.52,5.078125
8abp,8.0,8.09375
1m5d,5.04,4.9882812
2qa8,6.0,5.6484375
3rjc,5.24,4.7070312
3znr,7.44,7.5898438
2vjx,4.96,4.984375
1pqc,7.0,7.3789062
1ahx,3.92,3.4863281
2qtt,4.32,4.0273438
4lwt,5.41,5.015625
4ocp,6.1,6.0625
1noi,3.15,2.8828125
4y8x,8.43,8.1171875
4ncg,7.96,7.515625
4w50,5.85,5.1289062
2wxh,8.05,8.2578125
3aas,4.51,3.7128906
4j7i,5.06,5.3710938
4wvt,5.31,5.2890625
1kzn,8.92,8.75
4wwo,7.42,7.3984375
2fzc,2.7,2.7402344
2zoq,6.05,5.5664062
4i67,6.35,5.9765625
1jut,7.32,7.4335938
3fxv,7.03,6.8046875
3dpd,5.78,6.265625
4yvz,5.52,5.0390625
2zyn,5.92,6.1015625
4fab,8.06,7.7265625
1hih,8.05,7.8085938
4wxi,8.08,7.7304688
4e4a,2.05,1.7011719
2b55,7.02,7.1171875
2vf6,8.52,9.65625
4bdj,5.14,4.5585938
4qn7,9.08,8.28125
4hvb,9.95,9.4609375
2v54,4.6,4.875
3m6q,7.32,6.9257812
3juq,4.91,5.0859375
3wt5,9.54,9.7265625
1zoe,7.4,7.1328125
2ovy,8.4,8.1171875
3iet,6.85,6.078125
2a14,5.7,5.8515625
4hws,9.1,8.6484375
3zj6,6.66,6.53125
4aoc,4.27,3.9453125
4mwv,9.4,9.921875
1qfs,9.48,9.4921875
1jtq,8.07,8.0078125
3n3l,3.3,3.4238281
2bu5,7.78,7.8125
4ajk,3.11,2.8574219
3i5z,8.7,8.515625
4kmz,8.57,8.2421875
2kzu,4.22,4.390625
1utc,4.55,4.1835938
2jnw,6.11,6.5273438
4acd,8.31,8.171875
2x2k,6.52,6.4179688
3mg0,9.25,8.90625
1utp,1.44,1.7685547
3vyf,8.8,8.015625
1v0p,6.89,6.6523438
2vfz,3.61,3.6503906
1zrz,5.24,5.3203125
2g8n,7.2,7.15625
4btu,9.3,8.4375
4x2s,6.55,6.75
4e6c,4.82,5.078125
4zlo,4.92,5.0742188
3heg,6.74,6.7226562
4daf,7.12,6.7421875
4op3,8.15,7.8085938
1utr,8.0,7.46875
4j70,5.24,5.7421875
4nnr,7.26,6.8046875
4b7z,4.31,4.2773438
3r21,6.74,6.609375
3tf6,6.4,6.3164062
4r7m,7.96,7.8320312
1kll,5.2,5.0742188
1h6e,6.15,6.0859375
10gs,6.4,6.640625
4kne,5.9,5.7109375
3rbu,9.43,9.90625
3pab,4.7,4.8984375
2xhm,6.8,6.2734375
4ode,10.0,9.765625
2clv,7.88,7.765625
3s3r,8.68,8.3515625
3qdd,8.77,9.2421875
1tkb,8.0,8.15625
3b1t,5.66,5.640625
2r2w,4.47,4.1640625
3tpp,7.82,7.59375
4tsz,7.0,6.6835938
4cpt,7.7,7.4570312
1z6d,2.34,2.1113281
3uoh,7.89,8.0625
2rib,2.82,2.1855469
1v1m,3.94,3.9863281
1rhr,8.1,8.6328125
3jzi,5.3,4.5429688
1hq5,5.65,5.578125
3u6w,6.92,7.5273438
2evo,7.17,6.8632812
4est,5.02,5.0
1tkx,7.54,7.3203125
2ank,7.33,7.375
3cow,6.9,8.0
4lyw,6.63,7.0
1gym,2.7,2.4453125
4m5h,4.54,4.7539062
2b54,7.7,7.6132812
3k23,8.2,7.96875
3kga,7.21,6.546875
1okz,8.3,8.8828125
1lxf,4.1,3.6464844
1hvs,10.3,10.5
3hx3,8.0,8.1015625
2bz5,6.15,6.1328125
3d0b,6.54,6.7226562
4zpf,6.74,6.5664062
3tiz,3.82,4.0351562
2w92,4.55,3.7558594
4puz,8.11,8.4140625
2ay1,2.29,2.0410156
4p90,7.19,6.4804688
4a95,5.76,5.7929688
3zmg,7.64,7.1679688
1q63,5.85,4.75
2wtd,6.68,6.5078125
3zev,8.64,9.953125
2wc3,6.08,6.2460938
3e0q,5.89,5.6445312
2p3g,6.9,7.1796875
2i1r,5.01,5.1796875
3fl8,7.27,6.7695312
3is9,6.42,6.34375
1s5z,3.21,2.6992188
1kvo,7.89,8.15625
2pj3,8.18,7.4960938
4efs,8.6,8.546875
1ld8,8.46,8.7578125
4i5m,8.06,7.2382812
1p1o,5.76,7.046875
3mxc,6.54,5.8984375
3hdn,7.2,6.8867188
2bjm,3.7,3.8964844
3p1d,2.64,2.4375
4xu2,9.23,8.390625
4dwg,7.24,7.0898438
2vpp,6.12,6.2578125
3bun,6.21,6.265625
3p2k,4.7,4.4453125
3qs1,7.96,7.3125
2va5,4.07,3.5351562
3gss,5.82,6.0664062
4lq3,6.35,5.6796875
3kce,4.8,4.9140625
2itp,7.95,8.390625
2gdo,9.49,8.75
3t5i,6.82,6.6132812
3wyx,8.37,8.2421875
4o75,4.68,4.8125
1o44,8.52,8.546875
1hos,8.55,8.28125
3fck,4.0,4.296875
2uwp,6.81,6.5664062
4y6r,5.48,5.2304688
2qbx,5.22,5.4960938
2zxd,5.22,4.7070312
2p3i,3.48,3.0039062
2c8y,4.0,3.8613281
4xc2,5.37,4.9140625
4cpq,7.74,8.1796875
4dhl,4.48,4.390625
3eqb,1.82,1.9394531
4ibf,4.43,4.65625
4us3,5.32,5.7109375
4zz3,6.0,6.0859375
3v4x,6.15,5.9960938
4abk,5.72,5.6015625
4em7,5.11,5.0351562
5ais,6.24,5.7929688
1y4z,7.24,7.7890625
3jzo,8.52,8.3203125
2cmb,7.19,7.234375
2b1q,1.59,1.1767578
3kqc,8.66,8.078125
1tps,8.0,8.015625
3n5k,9.7,9.1171875
4rrv,7.4,8.828125
3atp,4.45,5.1367188
3c4e,4.0,3.421875
4tjy,6.44,5.921875
4axa,8.0,8.109375
3eq7,9.09,9.1640625
4b9k,6.17,6.3398438
3qvu,3.55,3.3535156
4hy9,7.1,6.0546875
2xyd,6.82,6.9140625
3ggu,9.77,10.0625
2i4z,5.7,5.4140625
4psx,6.47,6.578125
4fcq,7.0,7.0234375
1lhf,8.09,7.8671875
3a1t,4.83,4.8671875
4ks1,8.82,9.2421875
1vwf,6.51,6.1484375
5cc2,4.1,4.0898438
4occ,8.7,8.4296875
2vqj,6.44,5.7734375
4q9y,5.68,5.7929688
4bpj,6.0,5.8242188
4lmu,7.26,6.6367188
3ikd,6.75,6.5351562
1bra,1.82,1.7050781
3h0w,6.22,6.0273438
2aow,7.42,7.03125
3p5l,7.39,7.7148438
4b5t,3.33,3.9140625
2ph9,5.89,5.9921875
4qw1,6.11,6.0546875
4jmg,8.82,7.7851562
2wez,7.64,7.7226562
4aj2,2.38,2.4160156
2xk7,5.82,5.6171875
4frk,8.1,7.6210938
3bze,6.0,5.6953125
4owv,4.35,4.6640625
4qf9,4.43,3.5996094
2erz,5.66,5.28125
4ke0,7.77,7.3242188
2qt5,5.03,4.75
3ik1,4.85,4.171875
3b24,4.38,4.84375
3q4c,6.43,5.8085938
3luo,6.95,6.7539062
3i0s,9.0,8.640625
1s50,7.2,6.3359375
3g90,6.36,6.1679688
1klu,7.6,7.6289062
1di9,5.3,5.5507812
3oik,6.17,5.921875
3hik,6.35,5.4960938
2co0,5.48,5.2382812
3s68,8.66,8.734375
3ozp,6.62,6.734375
1nxy,7.19,6.84375
3k27,4.44,4.2265625
3wpn,4.36,4.0742188
2wib,4.93,4.9414062
3vw7,8.1,7.6328125
5c4u,8.72,8.375
3n4b,7.02,6.9570312
5alv,4.36,4.0585938
3qci,5.42,5.2070312
2qd7,9.1,9.515625
1il4,2.85,2.7089844
5ai6,4.4,4.4882812
4abj,7.47,7.5507812
1re1,5.21,5.2734375
1h1s,8.22,7.8867188
2ltz,5.35,5.21875
4cbt,7.3,6.9570312
2bet,2.77,2.4824219
2qd9,7.89,7.6054688
3uod,7.31,7.109375
3v31,5.8,6.0546875
4o3b,6.09,6.25
4an0,10.7,11.4765625
2bve,3.67,3.4199219
4lgu,8.68,8.0546875
2kbs,5.0,4.2695312
4myd,4.55,4.0664062
2xgm,3.0,2.8554688
2vd0,4.94,5.1796875
4o37,6.16,6.5390625
3ql9,6.3,6.1367188
3oyp,8.7,7.8515625
4bda,5.57,5.8515625
2qoa,7.28,7.2226562
4kql,8.77,8.6953125
3sfi,6.4,6.2070312
4bhf,3.46,3.7265625
3rkb,6.42,6.453125
4ipi,5.32,5.53125
3qcx,7.2,6.9570312
2f14,9.19,8.7890625
4i4e,6.3,6.2734375
3zxh,8.52,9.0
1xh9,7.77,7.6015625
4x7k,8.4,8.28125
2w8f,6.3,6.7421875
5a3o,4.73,4.5195312
3nw7,8.28,8.2109375
1bnq,9.49,8.9921875
4wke,8.1,7.640625
1iau,7.1,7.1328125
1g49,7.8,7.7929688
2jbv,3.54,3.5957031
1rdj,1.66,1.6113281
3oil,5.68,5.546875
4iwd,9.0,8.765625
4q3t,6.48,6.2695312
4ih6,4.74,4.8242188
2ydk,8.15,7.9257812
3ixj,9.49,8.5
4z7h,6.66,6.2734375
3me9,6.3,6.0195312
4htx,8.33,8.7890625
5d11,7.55,7.1914062
1kak,4.59,4.6914062
1xn2,10.52,10.40625
2p3c,7.62,7.21875
4ff8,6.4,6.25
3tjm,5.2,4.6640625
1bgq,8.57,8.6875
3fuj,3.63,3.4804688
4aji,3.55,3.7675781
3d94,6.8,6.8671875
2vtj,5.72,5.65625
1tcw,6.02,5.609375
4c4j,8.52,9.171875
2tsr,7.54,6.71875
1erq,7.89,8.578125
3qnd,4.85,4.734375
2a4g,7.18,6.96875
3nus,3.51,3.578125
5auv,4.51,3.8710938
3f8w,4.08,3.9980469
3sz1,4.66,3.9746094
3fxb,5.85,4.9453125
4pnw,5.05,4.3203125
4k7i,2.82,2.5410156
3psd,8.52,8.0703125
2fci,7.15,7.0429688
2ou7,3.81,3.4355469
5e1d,5.39,5.5
4jpe,7.32,7.5976562
3cyu,7.22,7.0625
1ow7,5.4,5.7070312
3kmy,4.49,4.453125
1nw7,5.09,5.3710938
3wq5,3.85,3.6640625
4ydn,8.64,8.6171875
4tk0,5.55,5.9804688
1em6,8.22,8.4609375
3t3c,10.23,11.7265625
4mqp,4.98,4.1992188
1o8b,2.68,2.53125
2pj8,7.74,7.8320312
4rhu,6.16,6.2109375
3ffu,6.44,6.2070312
2lha,5.19,4.9453125
3itz,8.85,8.1484375
2xch,6.43,6.6367188
3ioe,3.27,2.5761719
4o78,5.34,5.6132812
1f0r,7.66,7.4335938
4ovh,4.85,4.6445312
1q41,7.66,7.1875
4mi6,4.31,4.3164062
2w1d,6.04,6.0117188
4flk,5.25,5.4726562
4mk9,8.05,8.109375
4f6s,5.49,4.890625
1v7a,8.01,7.734375
4o0x,7.17,7.2421875
4e0w,7.48,7.2695312
4ch8,5.99,5.6875
3arf,7.19,6.9375
1u65,7.58,7.4492188
4an3,9.22,9.3359375
3jy0,8.3,8.671875
3lok,6.92,6.9765625
4k19,8.36,7.8554688
3pe2,9.76,9.984375
1z4o,4.52,4.515625
3e85,5.38,6.0976562
4ca8,6.68,6.9570312
1i6v,5.0,5.2148438
4uvv,7.49,7.9726562
3l9n,8.07,8.8046875
4qh7,5.94,5.84375
4lsj,9.57,9.96875
1ajv,7.72,8.28125
4aoi,8.4,7.9414062
2ycf,10.52,10.7421875
1jzs,6.6,6.5195312
2rcw,8.1,7.46875
3wig,8.64,8.921875
3zsw,2.7,2.4140625
1tsv,4.8,5.8046875
4o77,5.6,5.5390625
3av9,3.36,3.2265625
3ds4,4.19,4.6210938
2pt9,4.46,3.9589844
3k5k,7.64,7.5546875
2piz,6.77,6.6914062
1ilq,4.89,4.7460938
1nlp,4.96,4.6171875
4j0v,7.55,7.1445312
2gtv,5.15,5.2578125
4ft2,5.64,6.0078125
4ylj,8.22,8.3515625
4l3o,6.0,5.5898438
4x68,6.57,6.21875
4mz4,7.89,7.3085938
3mpm,7.52,7.015625
2r0z,5.47,6.3867188
3li2,9.0,8.734375
4uyn,8.4,8.4375
2gmx,7.11,7.484375
2gnh,6.83,7.1054688
4wq3,7.0,6.6054688
4jof,4.17,3.9707031
4u0s,6.8,6.5390625
4zh4,4.22,3.9804688
4yih,4.66,4.5742188
4nal,5.66,5.765625
1exv,7.35,7.2382812
3gpj,5.11,5.1015625
2ha7,3.36,3.1171875
3uij,4.7,4.5351562
3zhf,3.92,3.375
3eju,6.6,7.0976562
1o4j,2.36,2.2753906
2exc,6.63,6.5507812
3ejq,8.57,9.296875
2ydf,7.66,7.0898438
4c8r,6.82,6.7695312
3qo3,6.9,6.5898438
5auw,5.05,4.546875
2yq6,7.35,7.3398438
4lv4,5.0,4.875
2fgu,9.18,8.2734375
4k0o,3.0,2.8398438
3k3h,7.06,6.9960938
1bdq,6.34,6.9101562
2bzz,6.43,6.109375
3ebo,4.72,4.2265625
3mt8,4.55,4.0
1lhc,10.4,10.625
2qg2,5.4,5.6796875
5aep,7.17,6.9960938
2nnp,8.37,8.46875
5ajy,6.3,6.3242188
4joh,3.35,3.3300781
3uvp,7.46,7.0898438
4b3b,3.6,3.34375
4f7l,8.0,8.640625
4l6s,8.52,8.4921875
1g7q,6.06,6.1289062
3t03,6.8,6.4570312
4p7m,7.41,7.7578125
4p0a,4.52,4.5898438
3nik,3.45,3.7714844
1gah,12.0,12.3984375
1pye,6.41,6.3828125
4qj0,7.32,7.5195312
4m7j,6.11,6.2382812
3zh8,6.47,5.8554688
3qzt,4.0,3.4355469
1gvw,6.96,7.2734375
3udp,5.22,5.3046875
1ew9,3.22,2.4257812
4nga,7.77,7.53125
4o61,4.3,4.0898438
4x48,6.77,6.8085938
3tsd,3.66,3.5742188
3ftz,2.7,2.3144531
1tfq,7.92,7.7070312
3wym,9.52,9.5390625
5c26,6.77,6.5976562
3dpo,8.26,8.6953125
1iew,4.59,4.1835938
2xu3,6.8,6.9921875
3vje,8.01,7.1914062
4azf,6.35,6.1875
5ap3,7.03,7.5234375
2w08,3.42,2.9121094
2b8l,7.82,6.7226562
5apj,7.4,7.09375
4j93,4.7,4.625
3cqw,7.38,7.3476562
1o0f,5.3,5.609375
3h9k,7.85,7.9648438
4n00,8.02,7.515625
1h28,6.52,7.015625
3fgc,3.92,4.0273438
4xm6,4.05,3.9804688
1di8,6.0,6.4375
3irx,9.0,8.8359375
3tne,5.72,5.390625
3bu1,8.15,7.3515625
3aje,5.03,5.3984375
2ll6,10.0,8.90625
3nzx,5.17,5.0351562
4w4w,7.46,7.4101562
2g8r,3.99,4.1640625
3o6t,5.22,4.4414062
4lkg,6.8,6.7929688
3unz,7.8,7.6210938
1yq7,7.09,7.359375
4e5d,6.22,6.1796875
3tfp,6.47,6.484375
3aig,6.0,5.8984375
8hvp,9.0,8.21875
3rwq,7.46,7.7617188
2q6f,5.44,5.9140625
3kl6,8.46,8.359375
1hv5,8.3,7.875
2w1i,8.92,8.53125
2ptz,7.82,7.5234375
4j78,4.65,4.3554688
3fui,6.8,6.6875
4cd6,3.59,3.34375
1i00,6.34,6.1835938
2f8g,8.7,9.1796875
3sc1,4.38,4.78125
2ze1,6.22,6.3203125
4y2y,5.05,5.7265625
4tmf,5.48,5.0585938
4w9d,4.99,4.5976562
4c16,4.96,5.15625
4oyt,2.81,2.9589844
4rro,7.59,7.5546875
4b11,5.64,6.2460938
1kkq,6.62,6.25
1qpl,8.51,7.796875
3lvp,8.7,8.3515625
2ovv,7.92,7.578125
2r9x,4.85,4.8671875
5cav,6.67,6.6914062
4w4x,6.99,7.390625
5ak5,7.07,7.2304688
4o71,4.74,4.9804688
2ica,7.7,7.7226562
3h2m,3.67,3.4550781
1ws5,3.03,2.4414062
4nnw,6.61,6.3359375
7gch,5.7,5.2539062
4xbd,6.4,6.5429688
3l4t,5.42,5.1601562
3nyx,7.49,6.90625
3au6,7.92,7.6484375
1apb,5.82,5.6914062
5a6n,4.28,3.9589844
1x8d,2.21,1.796875
4gg5,9.03,8.078125
1mxu,5.4,4.8203125
4oq5,6.3,5.5664062
2uym,5.51,5.7460938
3th9,7.7,7.2382812
2p4i,8.0,7.7226562
3b3x,3.6,3.6035156
2zu5,7.0,7.734375
2ay5,2.59,2.5292969
1lhw,9.08,9.203125
5c6p,3.7,3.5527344
3ot3,8.3,8.03125
2wjg,7.1,7.2773438
3cf9,4.83,3.9863281
1cp6,5.0,5.1601562
3i81,7.89,7.8164062
3msj,3.11,2.5410156
3fu5,4.12,3.5800781
3sm0,6.13,6.2929688
4j2t,7.96,8.0625
3fmz,8.08,8.0
3n46,4.3,4.9648438
4qxo,5.51,4.8359375
1x78,7.85,7.7148438
4o0z,7.24,7.1367188
4r17,7.68,7.4570312
3c7q,7.68,7.9296875
4xnw,7.74,7.5
2on3,9.0,10.640625
5ccl,4.77,4.6757812
4qir,6.95,6.4375
4mx5,4.55,4.4648438
3u93,6.31,6.2109375
1zsh,7.07,6.8359375
5c13,6.1,6.34375
2y6s,6.99,7.0273438
2pu2,4.43,4.4804688
4oth,8.05,8.015625
2x7x,5.7,5.5703125
3d3x,4.16,4.1328125
2a4w,8.29,8.484375
3okp,4.72,4.7890625
4oex,5.84,5.6992188
4lyn,7.22,7.5507812
4wop,4.76,4.5898438
1tu6,9.08,8.7578125
2bcd,10.22,10.0234375
3l0n,2.77,2.5039062
2iqg,8.3,8.1640625
4oks,4.48,4.53125
1qb9,7.44,7.6015625
3krl,9.1,8.8671875
5lpr,6.57,6.0429688
4bzr,7.6,7.7265625
6apr,7.77,6.9882812
4crd,7.1,7.2578125
3k3b,6.7,6.6445312
3t01,4.48,3.9550781
3eov,7.2,6.40625
4kz7,2.49,2.3398438
4xt2,7.15,7.390625
4k6w,5.35,4.5976562
3u8h,6.49,6.5429688
4cwt,6.75,7.015625
2ydm,7.44,6.6289062
4rvl,7.38,7.203125
2og8,9.3,9.3828125
4cjr,3.1,3.1894531
1mn9,4.62,4.7695312
3a3y,9.15,7.671875
2wxi,8.15,7.8789062
2ans,5.92,6.6484375
4dum,7.02,6.9453125
1o37,6.82,6.9648438
3g0f,7.66,7.109375
1hww,7.7,8.09375
4l7j,3.7,3.7128906
3arz,6.0,6.140625
4l0s,6.84,7.078125
3dp1,5.0,5.1875
1nlt,4.92,4.9492188
4b7n,8.78,7.7695312
2ao6,9.28,9.0078125
3jpx,3.63,4.1015625
2l0i,4.82,4.5195312
3wi6,5.33,5.8632812
1uy7,3.7,3.9941406
2w3k,10.1,9.71875
3zcl,8.0,8.3515625
2y59,6.44,6.78125
4x13,3.3,3.1152344
2i0j,8.57,8.53125
4d1y,7.13,6.4023438
2zx5,12.33,12.53125
2y57,6.89,6.90625
1db5,6.82,6.9921875
4q8y,2.64,2.5058594
3e1r,5.82,5.78125
3sfc,8.52,8.5859375
5cs2,8.4,7.9296875
4mhs,5.29,4.9921875
4q4q,5.79,5.484375
2oxd,6.82,6.703125
8lpr,6.62,6.8085938
3n4l,7.23,7.1289062
4lm1,3.23,3.1152344
4bpi,6.17,5.7578125
4b4m,6.69,6.46875
4g0k,5.37,5.3085938
3lqj,5.37,5.46875
3hwx,7.86,7.390625
1iyl,9.0,9.171875
1m1b,4.66,4.4179688
1okx,6.8,6.9335938
5axp,9.03,8.4296875
2zhd,6.54,6.4492188
1ibg,8.55,7.9921875
2xib,7.26,6.6054688
2cfg,7.44,7.2734375
5ddd,6.59,6.5546875
3g2j,4.75,5.09375
4zom,8.52,8.2265625
1zxv,6.1,5.9726562
3efj,7.41,7.6875
3wff,6.18,5.5820312
1ysg,3.52,3.3007812
2w0z,4.03,4.2460938
1ow6,5.4,4.9570312
4fak,4.28,4.015625
2a3i,6.05,5.8671875
4l70,5.66,5.40625
1o4g,2.3,3.0898438
4g0p,3.01,2.9082031
2hxl,7.92,8.1171875
1ikv,6.28,6.4296875
4jx7,6.91,6.4140625
3pkd,6.12,5.9296875
4klb,4.16,3.8671875
1awf,6.01,5.5703125
4dij,7.52,7.359375
2zdx,3.19,3.5429688
2wxl,8.34,8.046875
3kc0,7.92,7.859375
2aq7,3.3,3.4257812
4yoz,6.8,7.296875
4eok,5.07,4.8320312
3vfa,9.19,8.96875
4bfy,6.92,7.1992188
4hbv,4.64,4.7539062
1ikx,8.15,8.5
1lq2,8.77,8.4296875
4ivs,7.36,6.5039062
4jck,2.37,3.1738281
3i91,3.3,3.5371094
2nq6,5.82,6.0898438
4zph,7.51,7.203125
4cgj,2.84,3.9746094
3avl,4.18,4.5195312
4qyg,8.39,8.5390625
3w2t,7.53,7.3828125
1q3w,8.4,8.2734375
2hb3,11.35,11.2265625
2fzg,3.38,3.3828125
2ay8,2.24,2.0351562
4db7,6.56,7.0625
4i47,6.92,7.3125
1z3c,4.0,4.3789062
3m8u,4.89,4.8632812
2l98,3.61,3.9804688
3c3q,4.32,4.140625
2rt5,6.72,6.84375
2zaz,6.4,6.3515625
3pjg,3.55,3.703125
2lyw,4.52,4.7890625
2gj5,8.32,8.03125
2jdh,6.51,6.6875
4tmp,5.43,4.9492188
4aof,7.1,6.640625
4eoy,6.49,6.640625
2v77,5.06,4.8671875
5am1,8.52,8.6171875
4nyf,7.31,7.7265625
3hbo,5.09,4.9375
4bjc,7.85,7.5546875
3vrv,10.54,9.9375
2isw,7.43,7.1054688
1v2t,4.71,4.3242188
4qab,9.7,10.8046875
4pp5,7.74,7.4101562
3zya,7.0,6.9648438
1nyy,4.68,4.7148438
2uzd,6.74,7.34375
2zdn,6.25,6.6445312
4u7t,5.67,5.4375
3i4a,4.28,4.1445312
3dkj,5.7,5.7890625
4dgr,5.04,5.34375
1c84,5.0,5.421875
3i6z,7.3,7.4492188
3s2o,5.05,5.046875
5ajx,7.96,8.703125
1gi1,5.47,5.6835938
3kcf,7.46,7.3046875
4ew2,6.68,7.0664062
4ddl,8.31,8.0703125
5est,6.52,6.78125
2oh0,7.74,7.8945312
3umq,4.62,4.4804688
4mka,9.0,8.8515625
3adv,3.03,2.84375
1mkd,6.8,6.8632812
3kdm,7.0,6.8945312
2xm9,8.05,7.6445312
1tl1,6.42,6.0429688
3emg,8.05,7.9257812
2x24,6.48,7.09375
2hmw,7.7,7.5
2y9g,3.77,3.6484375
1zge,7.3,7.5429688
4bea,8.3,9.6484375
4ba3,5.54,6.0195312
1gni,8.07,7.8515625
3asx,7.7,7.7773438
4b6q,7.55,7.078125
3nww,8.15,8.359375
3phe,7.8,7.7226562
3zos,8.89,9.203125
2b1p,8.52,7.9101562
3t0l,4.52,4.8085938
1j7z,7.7,7.5859375
4a4c,3.61,3.9394531
1vj5,6.92,6.5546875
2jle,6.42,6.9023438
3rtp,8.15,8.03125
4jfx,6.44,6.2070312
3u9c,5.89,6.0703125
1oiq,5.54,5.7265625
4hl5,6.35,5.6171875
1moq,3.46,3.9335938
4i6b,5.93,5.6875
4x24,9.78,10.375
3ijz,5.22,5.2851562
4rxe,6.64,7.0820312
2flh,3.97,3.8515625
1f40,6.0,4.8867188
4pyn,4.52,3.859375
3zxv,7.31,7.0742188
4ds1,4.75,4.4648438
3gds,6.51,6.2851562
5dd9,6.11,6.6601562
2c5n,6.66,6.921875
5e2r,7.06,7.984375
6cpa,11.52,12.8203125
4mlt,2.85,2.6933594
4azi,7.45,8.0078125
3sw8,4.5,4.9414062
4l7d,6.12,6.2460938
4nka,6.51,7.0664062
3uzp,7.89,8.2734375
5c7d,5.11,4.7539062
2p1c,7.68,7.8320312
4n84,6.29,6.1171875
1b4d,4.81,5.0078125
3tf7,3.52,3.4511719
1hqg,3.0,3.15625
2y8l,5.82,5.5390625
2odd,3.96,3.8125
1g9s,3.61,3.6894531
2wor,3.9,4.109375
4bks,3.82,3.8808594
3vp1,5.48,5.21875
4dv9,6.72,6.65625
4bo3,6.52,6.5429688
4pis,7.22,7.1328125
4iqt,6.11,6.1289062
1tkc,4.85,5.1796875
3zmp,5.67,4.828125
1dva,8.07,8.328125
1au2,7.89,7.5898438
3bkl,6.17,6.5585938
3wv2,7.92,7.7421875
4kcg,8.3,8.015625
3nes,5.62,5.3203125
3mxf,7.31,6.703125
3ui2,6.37,5.7890625
4i7f,7.0,7.7617188
1rin,3.15,2.8710938
1pf8,7.51,7.671875
1orw,7.6,7.7265625
1d7j,3.3,3.671875
5ahw,5.17,5.265625
3tiw,7.67,7.4726562
1tyr,7.0,6.84375
1is0,7.0,6.5859375
4ago,4.81,4.9179688
3exo,4.62,4.8671875
1uml,7.52,7.84375
5c3k,3.96,4.1171875
4nw5,7.7,8.21875
4b9h,5.35,5.7070312
4dpu,7.3,6.953125
4q1b,8.72,8.75
4ufj,4.28,4.2109375
2uup,3.98,4.1640625
3ws9,7.04,7.2382812
4qaa,6.44,6.1835938
4mw9,7.02,6.609375
4h58,6.72,7.2226562
4k9h,7.12,7.765625
3rwi,6.94,7.7734375
3mof,3.07,3.4042969
4mc9,9.44,10.1953125
4ayu,4.73,4.9648438
4raq,6.72,7.1015625
1owk,7.63,7.921875
2yc3,6.85,6.5039062
4fxj,3.62,3.6875
3nc4,4.58,5.1875
4wsj,7.33,7.0390625
3eqs,8.48,9.2578125
2wap,6.64,5.9804688
3hit,8.19,8.2109375
3dvp,5.0,5.2617188
3h03,3.87,5.3398438
4piq,7.1,7.359375
2fb8,9.8,9.71875
1tng,2.93,3.0253906
4a4q,9.4,9.4296875
1l5q,3.97,4.3867188
4g4p,6.89,6.9609375
4tyo,7.1,6.8671875
4rcp,5.35,5.5117188
5ctc,6.35,6.0039062
3e9i,6.22,6.359375
3pax,5.0,4.7226562
4led,2.3,2.0976562
3ns7,8.33,9.03125
3uat,6.66,6.3007812
4kon,6.48,6.9101562
4hni,7.49,8.1796875
3t09,3.8,3.5039062
3f19,7.19,7.4570312
3ctr,5.16,5.2304688
2qtg,5.08,5.25
3kad,5.12,5.3828125
1nym,5.4,5.4609375
3vws,3.65,4.484375
4b84,4.66,4.9648438
2xdk,3.6,3.2011719
5abe,3.05,3.625
4ac3,3.96,4.1953125
4d8n,5.74,5.9179688
3q1x,5.33,5.5625
4fxp,4.09,4.2382812
3mwe,1.54,1.7099609
1agw,4.7,4.3125
4o0a,6.72,7.3984375
2jsd,7.77,8.59375
4ks3,6.37,6.2304688
1a4r,6.66,6.3515625
184l,4.72,4.8828125
1iep,7.0,7.0351562
4gkc,6.82,6.875
3ni5,7.55,7.734375
1uom,7.72,7.8007812
1xoq,9.17,9.3046875
4f1s,8.7,8.53125
4x3h,4.23,3.8046875
1w83,7.19,7.34375
4m5j,4.84,5.0703125
3u81,4.44,4.8007812
4mrg,2.96,3.2011719
4ep2,5.35,5.09375
3u4o,7.28,7.515625
3lco,6.84,7.6015625
1hy7,5.39,6.1835938
4hxl,5.66,5.8320312
3nzu,8.85,8.4140625
2ai7,6.4,6.09375
3dxk,6.33,7.140625
4xx3,7.25,8.2109375
2xfk,8.52,8.3046875
1g3f,6.37,6.5117188
4p5e,5.55,5.15625
4k8o,3.77,3.671875
2h42,8.62,9.1796875
5all,5.57,5.2070312
1o3j,6.77,7.2617188
4otw,9.28,8.15625
1r5v,4.48,4.515625
3muk,3.42,3.4042969
3tfv,7.1,6.8164062
4eqf,6.81,7.375
3jpv,6.92,8.109375
1bmq,7.42,7.4726562
2kfg,2.92,3.4082031
3hhk,8.22,7.8320312
1jao,5.92,5.7773438
2wxf,6.74,7.34375
3qs8,4.74,4.9570312
4bt9,3.84,3.6757812
4jyu,8.0,7.84375
3dbs,7.12,7.0039062
4dfg,11.74,13.0234375
3ay0,3.04,2.828125
4d1a,4.72,4.4960938
4ap0,8.0,7.9609375
4wph,5.8,6.046875
1bap,6.85,6.2617188
4dmy,9.0,9.375
1ad8,6.6,6.8476562
4ou3,4.41,5.109375
4ie6,5.55,5.9179688
5ak3,5.07,6.0429688
3deh,6.83,7.3671875
4omk,4.4,4.4375
1uu8,5.05,5.6601562
5ai4,3.47,3.7578125
4byi,8.05,8.640625
3jzf,5.3,5.0625
3npa,3.87,3.8632812
2kfh,2.62,3.0644531
2c6c,7.52,7.375
1oiy,7.19,6.7773438
4izy,8.52,8.609375
2rke,4.08,3.484375
2w68,4.74,4.8125
4nld,7.7,7.578125
1h2u,7.89,7.8007812
3cj5,6.34,6.2773438
2zvj,5.74,6.0195312
2pwr,6.59,6.3007812
8cpa,9.15,9.296875
1zuc,8.77,8.8515625
4e3k,9.1,8.96875
1pl0,8.22,8.28125
3qx9,4.05,4.1328125
2ym6,6.06,6.1992188
4bgh,8.4,8.578125
4ijl,3.87,4.1015625
4i7c,8.22,8.5078125
4wki,8.3,8.1328125
1t31,8.64,8.5859375
4u5n,2.48,2.5800781
1akw,8.59,7.9609375
4a9n,5.82,5.53125
2r5a,2.6,2.8105469
4qvp,6.05,6.1132812
1evh,3.22,3.1914062
2yac,8.7,8.1640625
2bmg,7.74,7.2695312
4pkv,5.25,5.3007812
4bcd,7.48,7.375
4mw7,5.0,5.125
1p02,7.17,6.9921875
5prc,4.89,4.4492188
1puq,7.28,6.7695312
4or4,4.57,4.5234375
1lag,6.3,6.6601562
4lno,2.62,2.9316406
4aa5,7.8,7.9609375
4eh6,2.46,2.1054688
2qzr,7.26,7.5820312
4wf2,8.1,8.5859375
3v78,5.54,5.4726562
2f7p,6.6,5.9921875
2x52,4.24,4.4101562
3zlq,6.04,5.9375
3nba,3.41,3.8535156
3lzz,3.84,3.8632812
3u0t,9.52,9.6796875
1pmu,6.23,6.765625
4fe9,3.0,3.5078125
4pft,8.64,7.65625
2ipo,5.06,3.9902344
2qnb,5.34,5.4101562
4iuu,5.65,5.6132812
4cmu,9.7,8.71875
1wdy,7.89,8.3671875
3psb,8.52,7.9648438
3sie,7.88,7.7773438
4rgd,3.94,4.0664062
2qki,6.41,7.0859375
2wc4,5.29,4.9414062
1pxj,4.89,5.3007812
4rcg,5.03,4.9492188
3koo,7.82,8.921875
1zzl,8.3,7.6992188
2r3h,4.7,4.7539062
1sqp,8.2,8.3046875
2f9u,7.39,7.0039062
3vi5,5.68,5.0742188
1rjk,10.0,10.109375
4pzw,6.96,6.359375
2lh8,4.18,4.2929688
3qj9,7.0,7.0898438
1apv,9.0,8.1484375
3rm4,5.77,5.8945312
3bea,8.15,8.5859375
4p72,4.09,3.7226562
1pbq,6.27,6.2851562
4h2m,5.21,5.2734375
1oth,7.0,6.7109375
4u6r,7.85,7.046875
4e3h,7.05,6.7109375
1csr,7.38,6.9648438
4qsm,7.41,7.71875
1kyv,5.92,6.2617188
4z2o,4.51,4.4453125
3cen,8.26,8.2734375
2zmd,7.01,7.2734375
3vv7,5.34,5.6484375
4whr,4.12,3.7109375
4rj5,7.18,7.5195312
3c8e,4.15,4.3125
2w97,0.96,1.5556641
3nfk,3.8,3.9589844
4y6s,5.03,5.234375
4d3h,6.43,6.2890625
4nrc,3.62,3.8261719
4btx,6.54,6.5429688
2r5b,8.6,8.0859375
4ojr,7.42,6.859375
4fgy,6.3,5.8945312
1c1r,7.63,7.015625
3fk1,2.62,2.3730469
4bcq,6.83,6.8007812
2o7e,6.22,6.296875
2v11,8.52,8.5078125
3r01,5.24,5.5585938
4iax,9.56,9.453125
3hb8,5.12,5.0625
3su5,5.58,5.8046875
3rwh,7.4,8.046875
3ej1,6.92,7.2226562
4meo,3.6,3.5800781
4del,7.68,7.421875
2pe2,8.4,9.09375
3qip,6.89,6.8398438
2m3m,5.02,5.3476562
4ynd,8.55,8.75
4zga,7.7,7.2539062
3nsh,6.33,6.3710938
3exf,6.54,6.8164062
4hzw,8.88,9.1484375
1njf,5.99,6.0117188
2yak,8.7,8.265625
1drv,6.54,6.1289062
7prc,5.21,5.234375
2ieo,8.49,8.8203125
2bvr,3.7,3.4296875
4xkx,9.05,9.0546875
1jmi,6.06,6.3828125
3n2e,4.96,4.9765625
3pcg,2.3,2.4570312
3dg8,4.7,4.7929688
1oj5,6.1,5.921875
4i9s,6.79,6.9101562
4e96,6.66,6.6640625
1f28,7.8,7.5976562
4ufm,3.72,2.9414062
2fr8,3.15,3.140625
3ccb,4.52,4.2890625
3m1j,4.82,4.8320312
4y2t,3.82,3.7832031
4bg6,7.16,7.3085938
4qga,7.92,7.59375
2xcn,6.92,7.4335938
4c4n,6.1,5.7265625
3lea,9.1,9.1953125
2pix,4.3,4.1484375
3ms9,5.22,5.015625
3r8i,5.35,5.6835938
4na9,7.39,7.453125
2q6c,7.78,7.96875
1utz,5.85,6.1640625
4zqt,5.64,5.6757812
1vjd,3.54,3.2539062
1m7q,8.59,8.765625
4nbl,6.33,6.6601562
1q66,5.77,5.9882812
3wvm,5.71,5.6914062
4l1u,5.26,4.8242188
2vpe,4.94,5.0703125
4im0,7.72,7.3203125
1v2m,4.29,4.1914062
2xoi,3.34,3.3554688
4z1e,8.24,8.046875
3cbp,5.6,5.6796875
3vhv,6.29,6.9414062
4q3q,5.89,5.4648438
3my1,5.45,5.421875
1fpi,5.89,5.59375
4hj2,2.53,2.4980469
2boh,8.52,8.3046875
3m1s,9.0,8.5390625
3d1v,3.49,3.4707031
2r6f,8.0,8.09375
5aae,7.46,7.3984375
3k7f,7.7,7.8398438
4e26,6.4,6.3710938
4bqy,5.96,6.6679688
2qbs,6.68,7.0976562
4av0,6.98,6.8085938
4kod,5.36,4.8203125
2w0x,3.2,3.3378906
3wzq,6.23,6.6132812
2q6h,3.6,4.21875
1iig,1.57,1.3427734
1gfy,5.08,5.2617188
3v7s,7.05,6.4492188
2y4m,6.46,6.9804688
2yi7,8.32,7.484375
3b0w,5.7,6.40625
1t1r,5.4,5.5625
4hbm,7.92,8.234375
3r4o,8.15,8.171875
2c9b,5.54,5.3632812
1auj,8.25,8.46875
4tpt,7.04,7.3007812
2fix,6.24,6.0664062
3q92,7.92,7.3359375
4xip,6.63,6.5078125
1g3c,5.8,5.390625
4ebw,5.06,4.84375
4hlk,5.96,5.5742188
4aml,2.1,2.0019531
4mbf,5.77,5.46875
4fbe,6.99,7.015625
4eox,9.55,9.15625
2aia,5.41,5.875
3eig,7.68,7.5546875
1yvz,5.36,5.5742188
2wkz,8.77,8.890625
4m3g,6.26,5.671875
3k15,4.92,5.2421875
3hg1,4.74,5.28125
1ftl,6.0,5.7695312
4f49,6.09,5.90625
2i4t,9.0,8.3828125
3cr5,4.19,4.2382812
3g76,6.64,6.3515625
2idk,5.54,4.96875
4qvn,5.1,4.7578125
3zha,6.0,6.3476562
2rip,7.19,7.4140625
1pk0,7.57,7.2265625
3tz0,5.04,4.3046875
3aqt,6.72,5.9648438
3hy7,6.97,6.9296875
4bdt,8.96,9.3203125
1ros,8.77,8.3203125
3twr,5.19,5.3945312
4e5g,4.67,4.5273438
2wtj,6.15,5.7539062
2r0u,9.0,8.1171875
2rku,8.3,8.3125
3gi4,10.8,11.953125
1kl5,5.99,5.8554688
2vi5,3.96,3.8535156
5ake,7.82,7.25
2j9l,4.0,3.3886719
3vb4,4.31,4.6679688
2qzx,8.22,8.046875
3uok,9.1,9.4375
2c5o,5.19,4.7421875
2ony,6.68,6.40625
4q1y,10.35,10.4140625
3f7h,7.09,7.6445312
1w2h,5.0,5.1992188
1str,4.77,5.5
4x1f,7.97,7.8359375
1vj9,7.55,7.6796875
2i40,5.8,5.8125
3n8n,4.57,4.8085938
4bcf,8.15,7.8007812
5av0,3.55,3.6933594
2jds,8.2,7.5507812
3nu4,8.82,8.25
4esi,4.15,3.8085938
4l4m,8.0,7.4882812
3oof,7.3,7.3789062
3avh,3.3,3.0019531
4ow0,6.82,6.2539062
2r59,8.19,7.9921875
4a9c,4.61,4.5507812
4d52,3.11,3.140625
3f9w,4.72,4.40625
2xtn,7.4,7.2304688
3r0h,5.92,5.703125
3p3r,7.25,7.5273438
3ind,5.82,5.7695312
4k1b,11.52,11.046875
4g68,7.92,6.59375
3daj,5.54,5.5195312
4zei,5.88,5.2460938
3l4u,7.52,6.71875
1w1p,2.3,2.1015625
1zlv,6.15,6.2226562
3ry8,3.34,3.4121094
3sur,4.15,3.8261719
1hk4,5.31,5.0078125
3c45,9.68,8.8828125
5cqu,6.54,6.6835938
4c68,6.17,6.21875
2zas,7.86,7.6835938
5agv,9.7,9.09375
3nlb,7.46,6.8828125
3cl2,7.59,6.1289062
3nuy,3.46,3.2226562
4r4o,5.82,5.4570312
1svh,6.44,6.4570312
4j7e,4.85,4.5546875
3l2y,4.49,3.6523438
2ywp,8.15,7.9335938
3ma3,7.22,6.7773438
4bqh,5.59,5.2265625
2xjx,9.15,8.6171875
5edq,8.7,8.265625
2m41,5.1,5.7539062
4oue,3.3,3.2089844
3o99,10.82,9.8671875
3igg,7.18,6.90625
2nwl,8.7,8.703125
3hqy,7.94,7.9921875
3jzc,8.53,8.6171875
4u73,5.18,4.5234375
1fd7,1.85,1.8144531
5alt,4.88,4.3632812
4hvi,7.16,7.203125
2fzk,3.6,3.7246094
4q9o,5.77,6.1640625
3qak,8.32,7.7382812
1ypg,8.0,7.546875
3mam,4.12,3.6972656
3pj2,5.14,5.3242188
3gjq,5.33,6.0
4qw3,6.61,6.453125
1nms,6.7,6.6523438
3so6,5.39,5.21875
1p28,5.42,4.9023438
2rly,3.57,3.4453125
2w8j,2.96,3.2753906
4y62,2.95,2.9726562
3iqi,4.41,4.3671875
2uw7,7.74,6.6679688
2f01,13.0,12.859375
1oky,8.19,8.140625
2gej,6.64,6.6796875
2qu2,5.43,5.2734375
2i4p,5.7,6.0820312
1lkl,5.81,5.4179688
3km4,8.89,8.84375
4wx4,9.22,9.390625
4jiz,5.62,5.28125
3k48,6.31,6.2890625
3g5v,7.8,7.5117188
3p3h,7.44,7.109375
1llb,6.05,5.6289062
4ek9,4.42,4.984375
2q3z,7.22,6.7226562
4bsq,9.15,8.890625
2avo,8.85,8.1015625
3ej5,3.57,3.3613281
3bzi,5.74,5.4453125
1uod,3.11,2.9902344
3dda,3.88,4.2460938
4d08,8.0,7.5585938
2qtb,8.32,7.859375
3i02,7.52,7.859375
1amn,13.82,12.484375
3g4f,4.52,4.765625
4lww,7.54,7.3554688
4lte,7.22,6.9023438
4z0q,8.17,7.921875
3f70,4.85,4.1835938
1p4r,8.1,7.6015625
3ljz,8.14,8.5234375
1i7c,6.4,6.5234375
1qka,5.92,5.8046875
5dgu,11.35,9.8828125
4qvw,5.38,5.4414062
1o2z,6.11,6.2226562
4zbi,6.51,6.4335938
4pyy,7.23,6.890625
4lgh,8.7,8.703125
4xy2,8.1,7.1914062
4ir5,6.21,5.9648438
3rsb,6.4,5.9804688
4jlj,6.13,6.1054688
1aq7,6.05,6.3125
2fle,7.85,7.1171875
4i0t,7.59,7.0820312
1ywr,7.89,7.3320312
1x8r,6.12,5.375
3avn,3.3,3.4707031
3pka,6.27,6.3945312
4wx7,7.4,7.8046875
3pkn,4.66,4.6367188
5egm,8.62,8.5390625
4jr3,6.66,6.7851562
4lkk,5.92,6.0039062
4m6q,8.21,7.8398438
1d8f,7.74,7.2734375
3qvv,4.42,4.2734375
4a9r,7.8,7.6289062
4ngm,10.35,10.4296875
2c8w,8.43,7.828125
3jdw,3.6,3.5585938
3g0e,7.7,8.109375
3c2f,2.0,1.5185547
1zm6,4.35,3.9160156
2brh,4.64,4.8320312
4qf7,8.6,8.984375
3a2o,9.08,8.65625
2ww2,4.85,4.2890625
3hv5,7.02,7.2929688
2wi6,6.64,6.78125
2ym8,7.89,7.6484375
3o3j,6.4,6.1875
1pw6,5.22,5.4257812
2p8n,3.15,3.3105469
1ogg,5.19,5.1601562
3jup,5.58,5.7578125
3ecn,3.16,3.1230469
2qc6,7.0,6.8984375
2pvu,6.31,6.2226562
5am5,5.74,5.7304688
1way,3.4,3.734375
1ths,7.54,6.71875
4zme,4.3,4.28125
1lke,7.52,7.2890625
4qw7,6.28,6.109375
3s0b,6.49,5.9648438
2z5t,5.62,5.6054688
3sow,5.14,6.1289062
3k5i,4.7,4.7617188
3mn8,6.17,6.0117188
4x2l,4.44,4.6992188
4alx,7.28,7.0507812
3ujc,4.59,5.0703125
3so9,8.56,8.6796875
2v3e,6.52,5.9492188
2hds,2.0,2.4453125
3wgg,4.4,4.3203125
1xz8,4.52,4.5742188
3qtx,7.15,7.1328125
3c89,6.07,5.6679688
3vha,7.4,7.7265625
2puy,4.52,4.6914062
1dzm,5.41,5.3828125
4gtp,7.94,7.7890625
2yjb,7.02,7.0820312
4pms,8.1,8.3515625
4d09,8.77,8.078125
3dow,4.94,4.4335938
1c5x,6.68,6.328125
3oqk,6.38,6.7460938
2bbb,8.62,8.734375
1jj9,5.77,5.9179688
2hny,5.93,6.28125
4alu,7.77,7.3945312
1oxq,6.3,6.2929688
1uze,8.9,8.453125
3bet,5.82,6.0390625
1hsh,9.42,9.7578125
4tkn,5.89,5.640625
3mbl,7.74,7.6210938
3qg6,9.14,9.1015625
4l4l,8.3,7.5898438
3bqn,8.6,8.8671875
4nni,5.5,5.265625
4l34,6.94,6.7695312
1m7y,10.96,11.6875
2ea4,7.34,7.078125
1jyi,4.0,4.1445312
1uu7,4.85,5.1640625
2g01,5.91,5.625
1szm,5.53,5.2734375
4cc6,6.64,7.0859375
1bqo,7.74,7.609375
2v3u,3.0,3.1757812
4dpy,5.37,5.8710938
1b6j,7.92,8.2265625
3hwn,8.7,8.4765625
1rhj,8.04,7.9453125
3pxy,5.23,5.5039062
1ke7,8.05,8.3828125
5a3h,4.57,4.4648438
2b07,6.43,6.2539062
4hg7,7.05,6.8007812
3kqd,9.4,8.3984375
3qkd,8.38,8.140625
3we4,7.82,7.6601562
2pmc,4.19,4.0273438
2fgi,7.34,7.7226562
2rox,4.98,4.7421875
4zwy,8.7,9.25
3ty0,7.08,6.6835938
3v2n,6.1,6.3867188
1bo5,3.6,3.5253906
2qwg,3.64,3.5292969
2qyn,6.24,6.3242188
4i0d,6.21,6.265625
2zz1,4.54,4.8554688
1t1s,5.15,4.1484375
2x8i,6.72,6.546875
4o2e,8.0,8.2890625
4b6u,5.11,4.890625
3vdc,4.92,5.3789062
2pow,7.2,7.4648438
4zhm,8.05,8.1875
1xoz,8.92,8.171875
4j84,4.69,4.7460938
3jsw,7.18,6.8867188
2bba,7.15,6.7226562
1d4p,6.3,5.8125
1npz,7.89,7.7539062
1hvy,6.54,6.375
2wzy,10.72,10.296875
4oel,7.0,6.7734375
4eu3,0.82,1.0449219
2ceq,7.28,7.5976562
2o3z,5.7,5.2109375
2h13,5.35,4.7539062
2nmb,6.28,6.2109375
4pyv,6.7,6.7578125
2jew,6.69,6.265625
3cwe,6.92,6.9453125
4xqa,4.99,4.390625
4zb6,6.28,6.875
3okh,5.24,4.9414062
1jjk,11.06,10.0859375
1dx6,6.19,5.984375
4pr5,5.66,5.4882812
3b67,8.85,8.28125
4mk5,6.35,6.3867188
2jjr,8.2,7.9179688
3zm5,6.74,6.5429688
4tyl,3.22,3.1132812
4whh,7.4,6.6015625
4ijh,4.33,4.015625
2kff,3.61,3.6660156
2v2h,3.77,4.0390625
2lp8,7.52,7.2304688
4x60,9.0,8.1015625
3snd,5.08,4.890625
2cmo,6.4,6.4921875
1o2v,5.85,5.6835938
2azc,6.74,5.671875
3byu,9.1,8.65625
4jff,9.22,7.890625
4lkt,5.9,6.1210938
1bkm,5.74,6.1523438
1xdg,7.3,7.4492188
4ymg,4.68,4.6054688
1bnv,8.77,8.734375
1pq3,7.52,7.2109375
3hqw,7.46,6.9570312
4m2u,8.04,7.7070312
4iq6,7.24,7.203125
1rwx,7.37,7.0
4acm,6.68,5.84375
3kme,6.14,6.203125
1fzq,7.62,7.2109375
3nkx,5.12,4.8164062
4h4d,6.82,7.1015625
2ewa,7.94,7.6640625
1rhq,7.75,7.2890625
2q70,8.08,7.203125
3cx9,4.89,5.1328125
3s72,6.4,5.5859375
5djp,5.15,5.390625
2ay4,2.91,2.9941406
4l33,8.15,7.6445312
4jne,5.86,5.828125
3qtq,5.51,5.3242188
3ckz,8.72,8.0546875
4qkd,4.09,3.9589844
1m0n,2.22,2.2304688
3p76,8.68,8.328125
1joc,4.62,4.4140625
4clz,4.37,4.5390625
2gv2,8.3,8.1484375
1ttm,7.35,7.1875
2h23,4.67,4.546875
2brm,5.89,6.015625
4ezw,6.0,5.453125
5aer,4.4,4.3320312
4alv,8.15,8.0703125
1ewj,7.49,7.6679688
1m21,6.52,6.7226562
4mg5,5.34,5.5429688
3mf5,5.36,5.0507812
4uyf,7.6,7.7226562
3v8s,6.19,6.5507812
4uwh,8.52,8.0703125
4b95,4.28,4.0820312
3nf8,3.0,2.9160156
5ap0,8.26,7.7382812
1okv,6.17,6.1757812
4at4,7.92,7.2617188
4fm7,7.24,7.0195312
4hco,4.32,3.8730469
1y1z,3.08,2.875
4q4i,7.33,6.6132812
2ylp,4.3,4.3320312
1b8o,10.64,9.15625
4lnp,3.67,3.7148438
3wfg,6.92,6.1210938
4qp9,7.15,7.0273438
2ksa,3.06,2.8105469
1kr3,5.0,5.09375
4guj,3.05,3.5410156
3rup,1.57,1.4951172
4dju,5.44,5.5507812
4do5,5.83,5.7734375
2fyv,3.52,3.8203125
2o5k,7.82,7.8710938
4xmo,8.7,8.109375
3v3m,5.32,5.2070312
4k3h,6.85,6.375
4hyh,9.0,8.9375
1zpa,8.4,7.6054688
2zx9,10.27,9.59375
4qoc,9.92,9.5234375
1bil,9.3,8.53125
3bzf,4.52,4.5390625
4zzx,6.9,6.6445312
1fls,7.48,7.4375
1o35,5.0,5.0429688
4ehr,7.89,7.8085938
1kwq,9.21,9.265625
4n8e,7.7,7.0117188
1ujj,6.1,5.9960938
4xcu,8.22,7.8125
3qiz,5.21,5.5546875
1kav,5.82,5.609375
3wnt,6.28,6.1757812
1zkl,5.09,4.5507812
2ow7,4.85,4.5820312
2f5t,5.17,5.015625
3wke,8.89,8.546875
1ogz,5.85,6.1210938
4lpb,8.0,8.1484375
2jdp,6.6,6.3476562
3io7,7.77,7.5117188
3l5r,7.42,7.0820312
3ua9,7.25,7.1171875
1c5n,4.7,4.4296875
1n9m,10.96,9.6796875
2obo,7.24,7.1171875
2q8g,7.06,7.0507812
2i1m,7.62,7.671875
1yc5,3.0,3.2304688
2rol,4.62,4.4765625
4c3k,4.97,4.9023438
4u7q,9.74,9.203125
2wji,5.02,5.6484375
1w3l,6.28,6.4140625
2m0v,5.97,5.734375
4l52,8.4,8.71875
2ds1,8.47,8.1171875
1tet,6.08,5.8359375
3vyd,6.39,6.6210938
2y8c,6.4,6.2460938
3rxh,1.8,1.5986328
4ofl,7.66,7.5507812
2c92,5.68,5.84375
3udj,3.62,3.9394531
2fai,6.24,5.8164062
1pun,7.28,7.3554688
2onz,8.89,8.59375
3mb6,7.0,7.2070312
3iad,9.0,9.2578125
3tic,8.87,8.4453125
3ddf,4.66,4.625
5djv,7.11,7.0390625
2bmv,2.0,1.84375
4jr5,8.15,7.96875
1rth,6.4,5.796875
4j0y,6.36,6.1796875
5ael,7.41,7.0273438
5afv,5.59,5.2890625
4byj,6.57,6.9570312
1w2g,4.57,4.421875
3hec,4.47,4.2890625
5ct2,2.92,2.6367188
4x14,2.92,3.0371094
3lk8,7.71,7.8828125
4x0f,7.0,7.0625
5ceq,7.38,7.1875
2y7x,8.89,7.9882812
4aba,3.82,3.8671875
3f3v,7.14,7.4960938
4h1m,7.11,6.9414062
5c4s,8.42,7.5742188
1jwm,3.57,4.5703125
4yuw,5.77,5.4804688
2ko7,5.19,4.5742188
2a0t,4.82,4.5742188
2dq7,8.32,8.03125
1i5r,8.52,7.6953125
2w3i,10.0,10.0859375
4wh7,2.3,2.6757812
1x8j,6.96,6.8789062
2w76,5.0,4.6757812
2jo9,4.28,4.1328125
1nzq,7.96,7.5585938
3o64,9.4,8.9609375
4q1n,9.7,10.1015625
3t9t,8.71,8.5625
4o2a,5.74,5.4179688
1mqg,6.28,6.1445312
4j1h,6.11,6.671875
4bo7,7.0,7.34375
4ban,8.61,7.9101562
1abt,5.85,5.4609375
4ymx,7.1,7.0234375
4m2w,7.28,6.9882812
2hah,8.0,7.2539062
1j01,6.47,6.4257812
2w54,6.98,7.609375
2hiw,8.1,7.875
3vp4,4.73,4.59375
2q5k,11.3,10.6015625
3ds6,9.1,9.2265625
1pzj,3.49,3.3515625
3umo,3.89,3.9082031
1hs6,5.38,5.0429688
2h4k,5.49,5.5859375
4u5l,2.4,2.3476562
4c7t,6.4,6.078125
3zvv,3.04,3.1738281
4mnw,5.76,5.890625
4ezk,8.2,7.6445312
2ofv,9.7,10.7421875
830c,9.28,9.484375
3r7n,6.15,6.3554688
2xp8,4.82,4.3867188
4msg,10.0,9.8359375
3kr0,4.7,4.0625
3ow4,7.66,7.3867188
3mg7,7.89,7.7460938
3dpc,4.36,4.7617188
1hyv,2.3,1.9179688
4bb9,6.0,5.7460938
4w5a,3.77,3.7402344
6upj,6.32,6.0078125
4ybi,6.6,6.875
2zv2,6.3,6.1875
3qox,6.57,5.5546875
5ajv,6.24,5.8984375
3nw5,5.08,5.3359375
2nno,6.4,6.0351562
2yiv,2.78,2.2714844
1n94,8.96,9.09375
3ij1,4.7,4.328125
3o9l,9.66,9.4296875
1vja,7.7,6.5351562
2zkj,5.48,5.34375
2hwg,3.55,3.4238281
4i4f,6.19,5.7890625
3qem,7.22,7.15625
2zjw,7.7,7.4882812
1gui,6.28,6.1679688
2cem,7.92,7.8671875
1q6n,7.64,7.1132812
2gg9,5.46,4.9609375
4dfl,6.17,5.1757812
2xkd,5.64,6.078125
1wv7,7.26,6.6601562
1w1g,7.68,7.2929688
1i7z,6.4,5.8945312
4pqn,9.15,8.796875
4yog,5.74,5.171875
3m53,5.31,5.4765625
3kai,5.41,5.1523438
2hs1,8.48,7.953125
2wkt,4.31,3.8046875
2yc5,7.46,7.3320312
2pj1,8.01,8.0078125
3fw3,7.37,6.9609375
5d1u,5.96,5.3867188
4cby,7.7,7.0976562
3uvq,7.77,7.5742188
5axq,10.1,8.8984375
3t8w,7.54,7.734375
3q4k,7.05,6.4726562
1ucn,5.22,5.5351562
3s9i,5.7,5.3945312
2xx2,7.3,7.8359375
1nj5,7.3,6.875
2x4u,4.32,4.2226562
2yi0,8.12,7.421875
1mui,11.89,11.671875
4clp,1.27,1.7099609
5ar7,6.49,6.5585938
1ppc,6.16,5.5429688
2i4x,11.72,10.4140625
3kqy,4.82,4.7109375
4wlb,6.74,6.3007812
4ipj,4.87,4.6601562
3s1h,4.77,4.734375
4k9g,5.82,4.8476562
3td4,5.66,5.375
4fmn,6.1,5.7148438
1ik4,7.41,6.6484375
4w9j,6.23,5.3554688
1jvp,5.8,6.234375
1qbt,10.62,9.40625
3hww,7.12,6.4609375
2vwm,7.03,6.7265625
1xhm,6.33,5.71875
4nnn,6.57,5.7734375
2y1n,4.77,4.2382812
4lkd,5.35,5.2382812
2j7x,8.77,7.5273438
2c1n,4.11,3.6367188
4gu6,7.36,7.25
3lcd,7.4,7.1210938
3ekq,6.75,6.65625
3i6o,10.35,10.015625
2zwz,7.79,7.5625
3ibl,7.84,7.8789062
4pde,6.44,6.390625
3rv7,4.85,4.9414062
1nzv,6.4,6.71875
3ti4,6.02,6.2109375
2jb6,10.96,10.578125
4hmq,8.24,7.9101562
3fr5,6.35,6.4492188
1zfk,7.92,8.09375
1xot,5.42,5.5429688
2x38,6.89,7.0859375
3hmm,7.6,6.8398438
3ole,7.83,6.8984375
3udm,4.48,4.5078125
4f64,7.2,6.5039062
4azt,4.17,4.4804688
2hdr,1.72,2.1816406
3wqh,8.48,8.328125
4a6c,7.92,8.0078125
5c7e,5.0,5.0273438
3rx8,6.21,5.7265625
1bl7,7.72,7.8085938
2w8y,9.09,9.140625
2vl8,4.52,4.3398438
4qo4,8.3,8.0078125
4o05,7.43,7.0703125
4ih3,4.82,5.3984375
4qp2,3.03,3.2070312
2ax9,9.52,9.484375
4in9,4.97,5.125
5bvw,8.82,8.75
4wmc,8.05,7.9726562
3olg,7.84,6.9726562
4o13,7.82,7.96875
3fzt,6.2,6.6328125
2az5,5.27,5.171875
1g5s,7.32,7.4179688
4tzn,6.52,6.7265625
2v95,8.3,7.8320312
4bd3,4.54,4.4140625
3omm,7.43,6.9609375
2f81,10.52,9.4375
4uiy,5.6,5.140625
2jt5,7.74,7.21875
4xmr,4.07,3.7714844
1kuk,3.91,3.7558594
1yid,5.0,5.1953125
3o96,7.24,6.8671875
4wy3,3.62,3.6113281
1dtt,8.3,7.8554688
1fh8,6.89,6.5273438
3qd3,8.0,6.8828125
4o91,6.83,6.7382812
4w7p,7.49,6.953125
4mdn,6.22,6.3671875
2itt,8.77,8.1953125
2o48,6.01,6.5234375
1mu6,8.38,8.484375
3iuc,5.66,6.09375
4tsx,4.99,4.9140625
4j3d,8.28,7.875
1rdi,2.06,2.1171875
3wut,6.49,6.4257812
3h9o,7.15,6.5859375
4g8y,4.59,4.7304688
4um3,7.54,7.4804688
3fud,2.7,2.5371094
3r7b,6.15,6.0429688
1gww,3.59,3.2460938
4ztn,7.72,7.0898438
3dei,7.4,7.75
4qew,7.07,7.0273438
4jkw,4.16,4.1015625
1jwt,7.85,8.4140625
3ftv,2.93,2.3632812
2jld,10.4,10.0078125
2o7v,5.96,5.0664062
4e9c,5.96,6.0
1xug,7.05,7.1953125
3f6e,2.38,2.0644531
4fl2,3.66,4.2890625
4y6m,7.15,6.7460938
2d3u,6.92,6.859375
4hxr,5.39,4.7851562
3g8o,7.8,7.4414062
3fl5,7.28,6.9023438
1cpi,7.41,6.9921875
1vru,7.0,6.8632812
2zq2,6.56,6.2734375
2iws,6.36,6.5625
1t37,4.35,4.0117188
1om2,4.7,4.421875
2oz7,7.85,7.7460938
3qfy,6.12,5.0546875
3m57,5.4,5.5039062
4jfz,7.15,6.859375
5ap1,7.97,7.515625
1drj,7.4,6.7617188
4azp,5.9,5.734375
3rx7,6.03,6.21875
3c2u,2.9,3.1679688
4qwg,5.97,5.2226562
3waw,6.24,6.015625
4ahr,2.19,2.2167969
3uef,4.68,4.2695312
4avt,8.06,7.3476562
1ols,5.82,5.2929688
3f9y,4.49,4.1367188
1v2w,4.01,3.7597656
3p3t,7.24,6.6835938
4rj4,7.8,6.9453125
2ohm,3.51,3.9082031
4rsc,6.63,6.2851562
3bla,8.7,8.8359375
4psq,6.36,5.8867188
4qz4,5.01,5.234375
4y79,7.96,7.3164062
1rt9,10.25,9.6015625
1b6k,8.74,8.421875
1g6r,4.27,3.9160156
2xfi,7.82,8.03125
4itp,7.27,7.3203125
1oz0,7.7,8.0
3c9e,8.0,7.1992188
4x5q,9.0,8.6484375
3hfb,7.52,7.5898438
4gye,6.85,6.9609375
3sus,4.15,4.21875
2vwf,5.06,4.9882812
2aeb,8.3,7.4804688
2ate,7.07,6.8046875
4mma,6.04,6.2148438
4i74,6.72,6.1445312
5cjf,9.59,9.125
4bjb,6.66,6.2851562
1bp0,5.4,5.2109375
2rcb,6.79,6.0234375
3fr4,6.19,6.2421875
4gv1,8.52,8.53125
1nl4,9.41,8.59375
2qe2,7.77,7.15625
4zjr,7.54,7.2382812
2vx9,7.44,7.3789062
1q54,5.85,5.4570312
4b6o,7.0,7.453125
3qcj,6.3,6.2265625
2eum,6.7,6.2578125
1t49,4.66,4.5625
3po6,7.06,6.8867188
5cy3,7.8,7.6054688
4l7g,4.0,3.9804688
3bb1,3.6,4.015625
4l4v,5.78,5.7890625
3th8,6.25,6.2382812
1eve,8.24,7.5820312
1j4r,7.72,7.9140625
1zhk,4.45,4.6992188
1unh,7.0,7.453125
4ks2,9.34,9.7421875
4l7f,6.8,6.7382812
2wl5,4.52,4.34375
4kn4,7.24,7.5625
4uru,2.22,1.7636719
4ajw,5.86,6.0585938
3ezr,5.0,5.1796875
2ykc,6.11,6.5820312
3h91,3.73,3.578125
4kz5,2.0,2.3847656
4nh9,6.43,6.7109375
2a4l,6.4,6.6484375
4d1d,5.74,5.8945312
1n4k,10.05,9.890625
3v3b,7.26,7.71875
1ba8,9.0,8.7109375
5e0m,5.28,5.0898438
3djx,2.81,2.2871094
2g6p,6.22,5.7851562
2qbu,6.19,5.9570312
2wic,5.39,5.15625
3szm,6.4,5.4296875
3n5j,5.22,4.9804688
1qjb,6.38,5.9726562
4yux,3.74,3.6992188
4px6,8.4,7.3164062
1waw,7.89,7.5234375
4zxx,8.1,7.6289062
4qrc,6.34,7.1523438
3v66,8.89,8.3203125
3qw8,5.1,5.1210938
4x1q,5.3,5.5898438
4djp,10.55,9.3984375
4dhu,5.3,5.3007812
4qjr,7.1,6.9140625
1shc,7.28,7.578125
1kmv,6.95,6.6367188
1v0l,7.55,8.0625
1gwr,6.6,6.0625
1uu9,5.4,5.53125
5aly,6.73,6.8398438
1rmz,8.0,7.5703125
1os5,6.85,6.546875
4aw8,7.66,7.0273438
1him,7.7,6.5585938
4tx6,5.59,5.2890625
1x7e,5.97,6.1210938
4xty,9.21,9.0078125
3ejt,7.36,6.6953125
3bcs,5.21,5.1054688
3tiy,4.77,4.8320312
4qlt,8.6,8.5625
3vtb,9.3,9.8203125
4lm0,3.25,3.2441406
1pxo,8.7,8.1484375
1klg,7.89,7.7539062
4i9z,7.74,8.15625
4y2q,2.92,3.0742188
3doy,5.82,5.9023438
4lxm,7.06,7.3242188
3kf4,9.3,9.96875
1x07,3.28,3.7070312
1c88,5.29,5.5820312
4ivt,6.0,6.5625
3cgf,6.57,6.953125
4e81,5.24,6.0429688
1uv5,8.3,7.6484375
3zep,7.66,7.9921875
1q8w,5.24,5.3320312
1kel,7.28,7.5859375
9abp,8.0,8.4375
1h60,4.7,4.9375
1azg,4.8,4.5546875
2ohq,4.6,4.7578125
2dri,6.89,6.9335938
4cqf,4.3,4.2851562
5d6q,5.24,5.6875
3c4c,6.8,6.9765625
2pem,3.64,3.9511719
1ec2,10.0,9.6953125
2lsk,4.89,4.5195312
3wt7,8.75,8.3671875
1r1h,8.92,8.7890625
2r6n,9.0,8.3671875
1i1e,5.03,5.5273438
2pqz,5.67,6.0039062
3k26,3.4,2.765625
3d1x,8.66,8.703125
3h2f,4.06,3.7382812
4mcd,5.33,5.8828125
1anf,5.46,5.765625
4ogn,10.0,9.9296875
1hty,1.4,1.6826172
3o4k,7.62,7.71875
2dwx,3.74,3.5410156
1bug,4.37,4.1445312
2f10,3.48,3.7460938
3fpm,5.05,5.0507812
3ewz,4.1,3.7929688
4erk,4.57,4.75
4lwu,8.3,8.375
1i72,7.26,6.8515625
2r3f,6.3,6.6328125
4n4v,8.7,9.0
3vtd,7.92,8.734375
5dgz,7.85,7.625
4dkt,4.8,4.5859375
4kwp,7.49,7.8789062
3tl0,6.59,6.8359375
4i31,9.32,9.8046875
1o4b,5.7,5.7773438
1g3e,5.38,5.4882812
1jiz,8.7,9.1796875
2xwd,6.96,7.546875
4ttv,6.68,6.9335938
1r5n,5.42,6.1757812
2buc,7.0,7.3125
4ijq,7.52,7.7109375
1sfi,10.0,9.6640625
5amd,8.55,8.671875
1vjb,7.89,8.484375
4wgi,5.35,5.6953125
3kdd,8.46,9.25
4bcg,8.15,8.4453125
1abf,5.42,5.3320312
4f20,3.29,2.6503906
2jkm,7.75,7.7539062
3chc,4.09,4.4609375
4yat,5.03,5.6523438
1fv9,5.0,4.6992188
187l,3.37,3.5
1t2v,6.4,6.9101562
3p9j,7.51,7.84375
3hig,7.89,7.1484375
4xsx,5.0,4.9296875
5boy,5.6,6.0820312
4lkm,6.34,6.671875
3f39,1.78,1.8984375
3fzs,5.82,5.25
3v8t,9.52,9.3515625
4zj6,8.52,7.8867188
1tpw,3.3,3.5566406
3hku,8.3,7.9804688
2vgp,6.85,7.09375
3sym,4.57,4.9179688
3e81,1.43,1.4082031
2fx7,7.7,8.359375
4hxs,5.39,5.8164062
3h89,7.64,7.25
1htg,8.42,8.9375
3v2o,5.31,5.3984375
3ho2,6.95,6.8359375
2i03,9.0,9.0703125
2r3w,6.89,7.171875
3sff,6.7,6.8476562
5bs4,11.0,11.3671875
5cwa,4.77,4.9882812
1n3z,4.2,4.5273438
4l5j,3.0,3.578125
4uu7,6.08,6.3789062
2q6b,9.52,8.71875
4rx5,8.52,8.765625
4uit,6.7,7.0351562
2qcf,3.49,3.9257812
4akn,6.1,5.5195312
2p9a,5.18,5.4140625
3bwk,3.94,4.3828125
1w31,3.6,4.1640625
4og8,7.25,7.0195312
1y6a,7.66,7.28125
4di2,8.26,8.03125
4obq,7.19,7.2578125
3fqa,0.49,1.5869141
2qmg,9.15,8.921875
4b00,8.61,8.90625
2no3,8.05,7.859375
4b83,5.15,6.0625
2nxm,5.19,4.7773438
3oyn,7.6,7.2460938
2vip,5.28,5.4296875
2yns,7.6,7.8359375
4obz,5.72,6.1953125
1zd3,3.3,3.671875
4pd7,3.92,4.0625
4b3d,2.68,2.9394531
1cnw,7.72,7.8203125
4ts1,4.94,5.4492188
4i9o,5.72,6.1445312
2a0c,7.3,7.5429688
2ggd,3.8,4.21875
1xq0,6.34,6.7578125
2wly,6.6,6.0820312
3eax,4.92,4.65625
4r1e,7.28,6.7226562
3rz5,7.89,8.0234375
2fsv,4.6,4.1914062
3hfj,4.44,4.0664062
4mg9,5.68,5.6132812
1pwy,4.05,4.3320312
4a6l,8.0,8.078125
1c7e,6.3,5.6210938
4p10,8.1,8.578125
3t0b,4.3,4.7382812
2qpu,3.6,3.8886719
3qxp,7.7,8.21875
1tsl,6.15,5.6640625
4ehm,5.85,5.7617188
4wy6,5.97,6.4101562
2w6c,8.41,8.3125
3zzh,3.36,3.4042969
4prn,5.66,6.109375
1mqi,7.63,8.5390625
3ud7,4.74,4.5976562
3opm,6.62,6.7617188
4yk5,7.64,7.1171875
1fzj,8.1,8.640625
4y8z,10.4,9.890625
1gj6,7.0,7.1132812
4urz,2.52,2.4101562
2l84,7.72,7.5195312
1w7x,8.4,8.046875
1o5m,8.72,8.828125
4bqt,5.79,5.0234375
4orx,3.53,3.3808594
4r5x,5.26,4.9921875
4y83,7.77,8.2890625
4zed,5.12,4.8632812
3nal,8.1,8.3984375
3hmp,5.49,5.6367188
3ava,4.4,3.8066406
3bt9,5.71,6.8320312
4kup,5.22,5.375
4hlw,5.38,5.03125
4mvn,5.46,5.5
4m6p,7.27,7.3164062
3u2k,7.52,7.453125
4unq,6.62,7.4804688
1f4y,6.08,5.9492188
4yhf,8.34,7.8085938
3hs8,5.3,5.8164062
3ati,3.73,4.1171875
1odi,4.21,4.6484375
2y67,3.53,3.5234375
1p10,6.7,6.578125
1olx,4.33,4.1054688
3k3g,2.85,2.6816406
3h21,4.7,5.15625
4yml,8.35,8.59375
3src,3.89,4.4882812
2brp,4.0,4.3632812
1dbb,9.0,8.21875
1fao,7.37,7.4921875
1h8l,7.47,7.53125
4aza,6.99,6.5820312
1fsy,6.82,6.5859375
4xt9,6.8,6.875
3l8x,8.0,8.578125
2gbf,7.92,8.015625
2afx,5.15,4.8164062
1o38,6.82,7.609375
3dpf,7.24,7.8046875
3nzc,7.02,6.921875
2rcn,6.0,6.3046875
1vyj,7.0,7.1953125
5cf6,8.09,8.3125
4olc,6.19,6.4140625
2hm1,8.7,9.90625
4bjx,7.66,8.0
4nk9,8.51,8.6171875
2q9y,4.44,3.9921875
3exh,4.88,5.28125
2wti,7.04,7.4960938
1stp,13.4,15.2265625
1k06,5.34,5.140625
1guw,5.72,6.2226562
2rc9,7.4,7.3984375
3ens,8.05,7.6601562
1utt,4.0,4.3164062
1imx,3.52,3.9589844
2ww0,5.3,5.6523438
4qgf,7.16,7.7382812
3fv8,6.8,6.84375
1kfy,5.28,5.2265625
5c84,6.19,6.6757812
4b0c,2.07,1.9912109
1gai,8.0,7.4726562
4len,7.4,7.7851562
2evl,6.7,6.875
3l0k,4.62,5.140625
2qnx,5.62,6.375
2yga,4.61,4.515625
4rao,6.0,6.0898438
3lcv,4.74,4.84375
3bfu,6.27,5.7460938
2vba,4.6,4.0546875
4y46,7.96,8.28125
3tv7,7.52,7.0820312
1o4m,1.4,1.5693359
3f7z,7.19,7.7890625
4fpk,4.24,4.4492188
2qtr,5.49,5.46875
1njc,5.55,5.9414062
1cim,8.82,9.078125
3rti,7.37,7.4453125
2vtr,5.82,5.78125
3e7b,9.8,9.84375
2nv7,8.3,8.8828125
4nmr,3.53,3.4140625
1br8,4.74,4.3789062
1fpp,8.0,7.5429688
4pzx,6.0,5.8671875
3ekv,9.41,9.5703125
3kjn,5.19,5.8945312
3jqb,6.02,6.15625
4q3r,6.27,6.84375
2wpb,2.89,3.0976562
4uiu,7.9,7.5039062
4bek,4.39,4.1054688
1kzk,10.39,9.953125
3bxh,4.03,4.2109375
5alf,6.69,6.6796875
4n7h,5.48,5.3632812
3jyj,5.74,5.609375
1gfz,4.0,3.7792969
4n9d,7.72,7.3398438
3i8t,3.22,3.6015625
3s22,5.46,5.7304688
1k6t,7.62,7.6328125
3kfc,8.55,8.34375
3fuc,9.72,10.265625
4qn9,4.41,4.6171875
4kb9,11.0,10.2265625
1ijr,5.44,5.1523438
3hy9,7.77,8.53125
4bdk,5.44,5.1210938
5d1s,5.02,4.4882812
4nmx,6.18,6.15625
3v0p,6.28,6.5039062
3hnb,5.11,4.765625
2qzl,8.1,8.1640625
3a5y,7.96,8.9140625
1xp6,9.4,9.0625
4wn5,7.41,7.3828125
4xy9,5.33,5.0859375
2f3k,7.89,6.890625
4m1j,9.7,9.875
4knb,7.33,7.4882812
4iti,6.36,7.2109375
3eft,7.92,8.6015625
1rpj,6.48,7.0898438
4onf,8.92,8.7421875
3dgl,6.6,6.9296875
1ov3,6.72,6.2109375
3pm1,5.93,5.9140625
5ajz,5.7,5.5859375
2qcg,4.0,4.0429688
4hy0,6.7,6.90625
4i9i,8.1,8.53125
3d1f,5.74,5.90625
3r92,7.02,6.9804688
1bqn,6.22,6.2304688
4omj,5.26,5.9257812
4es0,6.99,7.3515625
1rev,7.48,7.8320312
3v0l,5.52,4.9335938
1lhu,8.83,9.328125
1pxk,5.66,5.7382812
3iw8,4.87,4.3515625
4x50,7.75,7.53125
3erd,9.9,9.421875
2wmu,4.38,4.2382812
5caq,8.57,8.671875
1pb8,5.15,5.0625
3nti,5.22,4.9570312
3cs8,5.77,6.1015625
2pu0,7.82,7.4570312
1km3,4.91,5.5
1thr,5.38,5.5078125
1gx0,4.22,4.1953125
1hii,7.28,6.4804688
2r7b,7.22,7.5507812
3bug,3.18,3.1933594
4utn,6.15,6.3242188
3qtr,6.03,5.640625
2gni,5.64,5.40625
2vd4,4.74,4.90625
4e90,8.1,8.2265625
4zj5,7.66,7.609375
4bg1,6.31,6.0429688
3way,7.66,7.734375
4dgo,6.24,5.6953125
2xye,8.34,8.859375
3wcl,6.59,6.0
4pd8,6.03,6.3632812
4y85,7.89,8.1640625
4ie7,5.05,4.8359375
3h23,4.71,4.1171875
2bvd,6.0,6.328125
1u0h,6.96,7.3164062
3ri1,5.3,5.265625
3mkn,4.12,3.9882812
4wbo,4.2,4.5976562
4ovg,3.69,3.59375
3ccn,6.92,7.90625
1o32,5.74,5.9609375
1cw2,6.15,6.3359375
3m58,5.48,5.171875
5e8f,8.64,9.3359375
2qo8,8.47,8.765625
4c1m,7.8,7.3125
3lmk,5.94,6.1953125
4k42,6.55,6.6601562
5c8m,7.19,7.46875
2tpi,4.31,4.1054688
2yjq,5.28,5.1796875
1ghy,8.1,8.0703125
3mpe,7.4,7.7421875
3gur,8.0,8.6328125
2glm,5.37,5.5234375
4mwc,5.87,5.9921875
4hnn,5.7,5.9335938
1uvu,5.0,5.2460938
1bwa,8.6,8.609375
2v10,9.4,8.984375
1ugy,3.72,3.7558594
1if8,9.64,10.7265625
4czs,5.0,4.8359375
4qsw,1.68,1.9960938
2vv9,7.77,7.8945312
1yqy,7.62,7.6757812
1hxk,3.4,3.1601562
2qwf,5.67,5.0742188
3zmm,9.14,9.6875
4bs5,8.22,8.0078125
1lqe,5.82,5.5859375
4ycv,5.82,6.2109375
3ov1,5.2,5.3164062
4uoh,4.77,4.7421875
3ml4,5.33,5.6367188
2gga,1.96,1.8369141
4umn,7.2,7.375
2a2x,7.69,7.4375
2i4j,6.16,5.6835938
5dl1,5.0,5.5898438
3pa5,8.7,8.5703125
3ob2,4.59,4.4335938
4yt7,8.77,8.0625
3t5u,7.59,6.9882812
4rio,9.0,9.3515625
3r9o,4.0,4.96875
1sh9,6.03,6.3945312
3sb0,5.26,5.25
3l5c,5.15,4.2109375
4k5z,3.0,3.3886719
4mn3,5.75,5.1328125
3gwt,11.1,10.7734375
1jmg,6.07,6.4882812
3ant,8.07,8.1640625
4k4e,7.62,7.7070312
5bvd,9.8,9.359375
3d9o,3.0,2.9082031
2ksb,3.12,2.9003906
1qf0,7.38,7.2929688
1yyy,5.09,5.0625
4wrq,5.34,5.1328125
1kna,5.15,5.1757812
1uyd,3.7,4.171875
3ryy,7.42,7.6132812
4rac,7.52,6.8203125
4cjn,4.76,4.6171875
3p3s,7.59,7.4296875
4gsy,6.92,7.2382812
3s71,8.64,8.28125
4pnl,5.52,5.2421875
2oic,8.4,8.5078125
1akv,11.59,11.3984375
4pce,5.15,5.140625
4dei,9.0,8.8046875
3wqm,6.25,6.3046875
4ngh,7.52,7.1445312
1sqi,7.7,8.046875
1y57,5.79,5.59375
4qtc,6.4,6.484375
1z6j,8.03,7.546875
3ion,8.1,8.0078125
4c1u,7.09,6.6445312
2h9m,4.46,4.4414062
1cze,2.62,2.9082031
4c1f,4.63,4.515625
1jje,8.43,9.125
3ufa,5.0,4.8984375
3ig6,7.6,7.671875
1eub,8.72,9.15625
2g5t,9.09,9.1484375
1b2m,3.73,3.4375
4cc3,4.14,4.484375
4yl0,8.22,8.4140625
3uyt,7.85,7.703125
2boi,4.32,4.0898438
1a69,5.3,5.1640625
2ylq,4.3,4.1171875
4fcb,8.54,8.15625
5em7,7.72,7.734375
4esg,5.56,5.8828125
3ti1,3.89,3.9785156
5byi,7.51,7.8945312
4isi,8.14,7.859375
2xup,12.39,11.15625
1skj,5.15,5.6914062
4bf6,8.35,8.8515625
4q1e,8.17,7.8046875
4q2k,7.48,7.9765625
1gux,6.96,7.6289062
1tvo,6.85,6.6445312
4leg,4.55,4.546875
4yv2,7.29,8.015625
3fyz,5.8,5.53125
2h21,6.54,6.1171875
1eed,4.79,5.2304688
4dtt,5.54,5.5429688
4mpe,6.37,6.453125
3chf,5.37,4.9257812
4c4e,7.6,7.4921875
4ona,8.15,8.3828125
3fe7,7.12,6.7851562
3tws,5.52,6.25
1a0t,1.3,1.4990234
3pb8,5.24,5.0195312
2ceo,10.0,9.0546875
4kby,6.73,7.046875
5a83,6.8,7.1328125
2h5j,7.91,7.8359375
1w84,4.46,4.453125
2zzu,7.41,7.25
3ehn,1.92,1.7392578
4cwn,5.59,5.6953125
4hkn,5.96,6.4179688
3tki,10.3,9.4375
2f70,4.47,4.53125
1ung,6.8,6.9140625
4afe,7.14,7.203125
1vgc,5.92,5.5351562
3mo8,3.1,2.7519531
4ph4,7.74,8.0
2w85,5.04,4.8710938
2yln,7.68,7.9414062
2lo6,3.95,3.7988281
3g72,9.1,8.9453125
1ctu,11.92,11.5625
3rl7,4.74,5.0429688
4mbp,5.64,5.859375
1gbt,2.0,1.6132812
4qwr,5.93,5.7539062
1thz,5.15,5.265625
3bum,6.49,7.1796875
1hgt,6.82,6.4414062
4h5d,6.24,6.5507812
3m6r,7.49,7.2226562
1o4r,2.41,2.4140625
3gt9,3.96,4.1875
1w0z,7.68,7.9414062
4jai,8.4,8.78125
4b2d,3.7,4.2382812
2cnh,7.23,7.5976562
2d41,6.82,6.4375
5d9l,7.62,7.2148438
2ha2,4.66,4.5078125
4ci3,6.81,6.71875
4bao,8.37,8.359375
4gql,9.59,8.9921875
4l7h,3.7,3.4433594
3ncq,5.36,5.21875
3chq,7.7,6.71875
1gj5,4.96,5.0898438
3k54,9.0,8.8671875
2vcw,3.05,3.5839844
1nvr,8.11,8.0078125
4z2g,6.66,7.2851562
3dya,8.52,8.9375
3met,6.0,6.1171875
2zg3,2.06,2.2460938
3tam,8.43,8.25
4qjw,7.8,8.015625
2xng,7.22,7.765625
3kba,7.8,8.359375
2ovx,8.7,9.515625
4jhq,7.74,7.9179688
2xp7,5.77,5.40625
2zlg,5.59,5.71875
1utm,3.01,3.2519531
4zjw,6.66,7.3203125
4q9m,7.18,7.5390625
1nwl,2.39,2.8535156
3ans,6.25,6.6796875
1ugp,2.89,3.546875
2rcx,9.0,8.8203125
1yuc,6.91,7.4570312
2anm,8.74,7.7226562
4dhr,4.57,4.2695312
3g4l,8.24,8.6328125
1rrw,4.55,4.75
4kxm,5.59,5.8203125
2yex,10.0,10.2109375
3oaw,8.15,8.25
4ju6,6.17,6.9414062
3drf,7.0,6.1679688
1x7b,8.39,7.9453125
1usi,6.74,7.1835938
4auy,7.74,7.7304688
2brg,5.21,5.59375
3ddq,6.68,7.3125
4prh,4.6,3.3867188
3iph,7.6,7.6289062
2vl1,1.35,1.0390625
3h0a,7.48,7.53125
4ezt,5.13,5.8203125
2x6d,7.92,8.5390625
1jii,9.0,9.28125
4k3l,2.96,3.1835938
1oeb,6.93,6.015625
2e93,6.96,6.8125
4mwe,5.91,6.0078125
4ekg,8.77,9.265625
3piz,5.46,5.1328125
3mg6,7.89,8.6328125
3s3k,4.01,3.6855469
4drm,5.24,5.0898438
3bbf,5.28,4.9414062
4ciy,4.57,5.1289062
1tyn,9.7,9.1796875
4y94,6.62,6.7265625
3kid,3.18,3.2089844
3zsq,4.96,4.78125
4f6w,7.52,7.25
1pg2,4.96,4.2539062
2iuz,5.55,5.4375
4jg0,6.76,6.6914062
3zqi,7.19,6.8125
4lil,4.9,4.9414062
2hiz,6.95,8.0078125
1f9g,1.28,1.0429688
3r8u,5.3,5.34375
3ieo,6.48,7.2695312
3iw7,5.64,5.7578125
1qja,6.38,6.3867188
4ab8,3.87,4.3710938
3vs3,9.37,9.7265625
1ryh,7.56,7.5390625
3g0i,3.6,3.9902344
3dkf,8.57,8.703125
2hog,9.52,9.3671875
1fq4,6.4,6.9375
3u8j,8.51,8.546875
4ibb,3.57,3.6445312
1yy6,6.07,6.09375
3ejs,6.6,6.8789062
3rm8,6.15,6.078125
4c1w,9.41,8.96875
3lnk,5.94,6.8320312
4gw5,5.46,5.3789062
4jft,5.46,6.390625
2f1b,3.0,2.8339844
3vi2,3.77,3.6328125
2wa8,5.42,5.3671875
3wdz,6.92,8.0625
3h59,7.89,8.4140625
4l0v,6.63,6.3203125
4cku,6.82,7.5742188
2aig,5.0,5.34375
1b11,7.39,7.8554688
3ex2,3.7,3.6835938
2ga2,5.52,5.7382812
4mjr,3.55,3.6074219
2z52,5.57,5.5976562
2pk5,10.7,11.8828125
3qi2,7.35,7.7851562
1j19,7.79,7.5
1vj6,5.1,4.7929688
3kvx,6.83,6.6992188
4urn,4.46,4.9765625
1uu3,6.12,6.3945312
1c83,4.85,5.0664062
2hwp,7.14,7.3710938
4dcv,4.59,4.6523438
4mjq,3.71,4.3710938
2cnf,6.62,7.1054688
2rok,4.35,4.3710938
1my2,7.77,7.6015625
2q8s,6.73,6.7421875
1h08,4.55,4.5976562
2vnf,5.52,6.0703125
4bcp,6.25,6.46875
2wl0,7.8,8.8359375
4jql,6.0,6.3242188
4x3r,11.07,12.1328125
1k1p,7.92,7.5429688
3g3m,5.96,5.8710938
5alu,7.66,8.3671875
3sd5,6.58,6.8164062
1ayv,8.0,8.0
4nzm,6.85,7.0273438
3l5e,7.57,6.9609375
3krj,8.96,8.4921875
2nxd,5.66,5.6289062
1yon,4.21,4.0820312
2joa,5.96,5.1171875
4ufh,6.42,5.8789062
5ai0,3.69,3.3027344
2vaq,8.52,8.6171875
3nan,8.22,8.5
1wbw,4.36,4.5039062
4daw,7.08,6.3359375
3il6,6.57,5.8554688
4qnb,6.59,6.953125
4pum,6.73,7.1992188
2zga,6.32,6.1328125
2zof,8.15,7.609375
1g9b,5.3,5.1054688
2qi6,10.57,9.140625
2c9t,7.48,6.875
1jlx,5.8,5.3398438
2gl0,4.82,5.1835938
4io3,6.06,5.3828125
1u9x,8.15,8.1953125
3wf5,7.09,6.8398438
4u5v,3.05,2.6660156
2b1r,1.0,1.1220703
4rn1,5.0,4.3320312
2a4q,7.18,7.8515625
2a5u,8.1,7.9960938
3iqh,4.59,4.8242188
2psv,7.24,6.9882812
3nnu,7.32,7.3789062
2irz,7.92,7.5976562
1fl6,7.43,6.8046875
3f7b,7.19,6.6484375
4kx8,7.13,7.2773438
4z1n,8.23,8.140625
4hyf,7.6,7.53125
4hrd,8.82,8.9296875
3hkq,5.34,5.5820312
3cm7,6.57,6.5742188
1jn2,4.09,4.0859375
3lbk,6.04,6.1640625
2go4,5.15,5.078125
4az3,8.3,8.4765625
3iqv,5.18,4.9882812
2qw1,3.9,3.6386719
3ds9,7.39,6.8046875
3r00,5.07,4.671875
1zaf,7.7,7.4804688
2fv5,11.7,10.7109375
1a86,4.0,4.0429688
1uwh,7.66,7.3789062
3drs,9.3,8.4375
2w87,4.65,4.7265625
1nhv,5.66,5.515625
2ity,7.27,6.9960938
2poq,4.42,4.1484375
1vot,6.6,6.15625
5ct1,1.52,1.4638672
3wcg,6.85,6.3203125
3o0e,5.74,6.0273438
3zov,7.22,6.8789062
1ch8,7.0,6.4492188
3ds1,5.7,5.3984375
2bpx,9.4,8.484375
1p03,8.19,7.7734375
1a9q,6.17,6.2695312
3aid,6.86,5.5585938
2fah,1.3,1.1113281
4wx6,9.0,8.6328125
3pcn,3.66,3.5234375
2uw0,7.7,7.8554688
2i0a,11.4,10.3828125
2lty,5.38,4.671875
4w4y,6.46,6.6992188
1eas,7.74,7.9570312
1ih0,5.0,5.4257812
1wn6,4.68,4.2226562
4oty,7.4,6.9726562
4aj4,3.89,3.984375
4iaw,9.63,9.1796875
4bo2,7.3,6.6640625
3n3j,8.48,8.5703125
5aic,4.3,4.6679688
4qdk,5.85,5.890625
2x91,6.74,6.9609375
3srg,5.7,5.03125
3jvk,3.93,4.2851562
2bmc,7.57,7.8828125
4mg6,5.62,6.1367188
3d4q,10.52,10.1328125
4dbn,8.15,7.9804688
1r5h,6.74,7.0703125
1l0a,4.62,4.7617188
4er2,9.3,8.3515625
4f7j,5.24,5.4375
4jrg,6.71,6.46875
4pid,4.62,4.9570312
1oiu,6.68,6.1875
2z1w,4.08,4.234375
2jjb,7.92,6.0820312
3wyl,8.85,8.34375
2mlm,5.21,4.8398438
3i60,8.7,8.8515625
3lhs,9.0,9.6015625
4mw4,6.5,6.1523438
1err,8.11,8.4140625
1y0x,8.7,9.359375
4ycl,8.15,7.7539062
4cd1,4.89,4.6015625
3wzp,6.82,6.453125
3uix,6.82,6.3085938
4yik,6.89,6.375
4wht,8.1,7.3164062
4j6i,8.85,9.015625
4yc9,8.89,8.0078125
3dcr,8.2,7.4296875
4asy,4.22,3.7382812
3ook,8.4,8.015625
4u45,8.0,7.5625
2j87,4.85,4.3867188
4wri,9.01,8.3125
2qju,4.1,3.7167969
1pcg,7.6,7.0546875
2uzn,7.52,7.6914062
4q3u,6.44,5.703125
4zly,5.46,5.0234375
4uub,4.76,4.7851562
1qw7,3.6,3.546875
2dw7,4.7,4.1289062
2e9c,5.96,6.59375
4j0p,7.29,8.28125
3ctt,6.35,5.8007812
4pkw,4.65,4.5234375
1dqn,8.0,7.359375
4ayr,7.0,7.2617188
2r43,6.0,6.640625
3itu,4.4,4.5585938
3s2a,8.09,8.0703125
4k3q,3.94,4.1289062
4aa0,7.46,7.828125
1p7m,4.38,4.5976562
3fc8,5.39,5.7695312
2o5d,5.15,5.4257812
4xct,8.17,7.609375
3dz6,7.82,6.9140625
2yjc,7.66,8.03125
4b32,3.34,3.0957031
4dht,4.82,4.71875
4j1e,7.72,8.2421875
2x9e,6.74,6.3789062
3duy,5.85,6.9726562
4qnu,6.4,6.6484375
4eb9,8.27,7.7539062
2xk3,5.68,5.5898438
1w11,8.22,7.6835938
2pg2,5.77,5.6523438
1o3e,7.96,8.3828125
3gcu,6.78,6.9570312
2vw2,3.3,3.4199219
2b4l,4.77,5.4257812
3ij0,4.88,4.78125
2jdn,5.56,5.609375
4wno,6.8,6.7734375
4wwn,6.07,6.3046875
2hd6,7.8,7.1601562
4g3g,8.43,8.578125
3u7s,8.43,9.328125
2xp3,3.0,3.0292969
3lgs,4.61,4.8867188
3el5,7.72,8.59375
1xh4,7.47,7.0859375
3efr,5.08,4.4492188
4ps3,8.7,8.78125
3kr1,5.74,5.0351562
4az0,7.42,7.3164062
4i7p,3.5,3.5
4x6y,7.72,7.5625
2b1z,7.1,7.5273438
4gtt,8.22,8.2421875
1pzo,3.32,3.9648438
3hek,8.27,8.203125
4wyz,4.3,4.5898438
4zlz,7.0,7.1210938
3mv0,3.85,3.6777344
1ugx,5.91,5.75
2brc,5.05,5.4101562
2gbi,8.52,7.8125
3tt4,8.28,8.3515625
3su0,6.79,7.2695312
4tuh,4.0,4.578125
4nak,5.85,5.796875
3az9,6.0,6.203125
4b14,6.22,6.5585938
3v5t,8.22,8.5
4ahv,1.82,1.2109375
4imz,6.92,7.8515625
4p6w,9.15,9.0625
4o76,6.89,7.234375
1jik,9.7,9.3359375
1idb,7.96,8.78125
4u0b,4.3,4.5
3jsi,8.68,8.78125
2xaf,4.64,4.9804688
3fzr,7.96,7.9648438
2z7g,8.95,9.1328125
4e4n,9.05,9.625
3cf8,4.9,4.7265625
4e3b,6.05,6.328125
4eke,4.48,4.59375
1o2g,6.12,6.1757812
4hbp,8.42,8.796875
3wk6,5.2,5.6484375
2uze,4.33,4.578125
4u4x,5.01,5.109375
3r9h,4.0,4.4023438
1k6c,7.48,7.7734375
1yz3,8.81,8.6875
3nkk,4.7,4.6289062
3i1y,8.15,8.6015625
4dko,6.52,6.7226562
3rth,5.21,5.1914062
4edz,8.08,8.09375
3zuk,7.46,7.1054688
4pnu,4.89,5.25
2vfk,3.71,3.6835938
2e2r,8.26,7.2851562
4jk5,7.55,8.2109375
3qlc,5.43,5.2617188
2fx9,7.77,8.0078125
3ith,8.1,9.2890625
3mct,4.07,4.0195312
2x7c,5.7,6.3046875
3bim,5.88,5.890625
1w4p,4.74,4.8164062
1lzo,4.54,4.640625
3kpv,3.74,3.4335938
3fq7,2.52,2.6640625
4k10,6.92,6.984375
3ro4,6.23,6.0859375
2b53,6.22,6.2578125
2bj4,4.47,3.9550781
2i4d,11.68,11.4609375
3qtz,7.3,7.3007812
1r6n,7.4,7.46875
4o5b,8.3,8.7109375
1vij,9.52,10.703125
3s9z,6.22,6.6953125
4g16,6.85,7.0234375
4otg,7.59,7.7695312
4wag,7.08,7.75
3iw6,5.48,5.1914062
2uyi,6.32,6.1523438
3s0o,4.48,4.53125
3hs9,6.31,5.8554688
3pju,4.88,4.8828125
4xy8,6.4,6.5117188
3pjc,7.57,7.421875
4n7j,5.47,5.390625
2ewb,6.1,6.3085938
2wcx,7.6,7.703125
3ly2,8.3,8.3359375
1h62,4.77,4.5664062
3l81,4.53,4.8398438
4j3m,7.68,7.7695312
3h0s,6.2,6.7109375
4hwb,9.24,9.984375
2vj1,5.3,5.4882812
2ynr,5.77,6.1953125
1std,10.33,10.5703125
3c8a,6.18,5.9570312
3hiv,8.12,8.640625
2pcp,8.7,8.40625
2bub,7.05,7.2695312
4zpe,6.35,7.203125
3mj1,7.82,8.1953125
3k2f,7.2,7.78125
2in6,7.64,8.25
3g5d,7.96,8.296875
4l7u,5.66,5.9140625
4lxb,8.15,8.59375
3ads,5.01,5.796875
2fw3,6.42,6.4179688
3rni,5.17,4.671875
4kpz,2.71,2.5351562
4k67,3.43,3.6171875
1czk,8.82,8.8359375
1uy8,4.12,4.078125
1qji,4.85,5.0078125
1s9v,4.0,3.7597656
4qjp,8.6,9.1953125
3nam,8.46,9.484375
1uvr,6.0,6.0429688
1u59,7.25,7.3867188
3cd0,7.57,8.2421875
1f0u,7.16,7.6914062
2olb,5.54,4.8398438
4mt9,10.0,10.6796875
4ool,6.85,6.7304688
4joo,4.43,4.703125
4d2s,7.7,8.125
1t7d,6.03,5.9375
2jh5,6.44,7.4921875
3fnm,4.71,5.3125
4a4f,2.88,3.0625
2alv,4.15,4.3085938
1uvt,7.64,7.578125
4x0u,7.4,7.46875
2l7u,3.98,4.3671875
4tn2,6.92,7.1757812
4pyo,4.52,5.0976562
4ko8,7.15,7.0820312
3m11,7.37,7.25
1rq2,2.52,2.1464844
1qan,4.48,4.5195312
3hl5,4.47,4.4609375
1b38,6.6,6.2929688
1mes,7.7,7.9296875
4qps,6.52,7.1992188
4ikt,6.17,6.75
3clp,3.69,3.9394531
2fl2,8.7,9.1171875
3n7o,7.14,6.9375
4wk7,7.13,8.5859375
4eon,6.05,6.4765625
1wur,6.66,7.0546875
3qx8,2.86,2.6308594
4qfn,4.12,4.078125
4j45,5.77,6.4570312
1i32,5.7,6.4492188
1ukt,2.25,1.8193359
4eg7,7.34,7.625
4ipf,7.74,7.7265625
3run,5.44,5.0429688
3bjm,8.3,8.171875
3o87,7.6,7.8164062
1aqc,5.34,4.7734375
1nq0,10.32,10.453125
7gpb,5.52,5.5976562
5alh,7.07,7.6601562
4pkb,6.94,7.1367188
3ppj,8.7,8.7734375
5a0e,6.53,7.5351562
2g1y,7.05,6.671875
4fnz,7.8,8.703125
1ouy,8.37,8.984375
2ycm,3.56,3.8808594
1sps,8.52,7.7578125
2vj6,7.89,8.1953125
4fck,1.26,0.79541016
3dd8,7.85,8.1015625
4c73,4.92,4.703125
4nzn,6.38,6.8476562
3atl,4.76,4.0703125
2w3o,6.72,5.9570312
4pku,4.52,4.421875
3pb3,6.22,6.3398438
1m2x,4.15,4.4960938
4mmm,3.82,3.4082031
1hbv,6.37,6.796875
4gmc,7.74,7.6171875
3esj,3.03,2.9648438
2xow,5.22,5.421875
3fdn,7.48,7.3007812
1a1e,6.0,5.8242188
1g2l,7.24,7.3320312
2ew5,5.9,6.59375
4oru,3.68,3.6699219
5fiv,7.66,8.6328125
4u03,5.77,5.7617188
3kyg,7.46,7.4492188
3hdk,4.76,4.9648438
2f6t,4.62,4.4570312
3o2m,4.8,4.921875
4gzf,8.36,7.4335938
2r3k,7.0,6.78125
1lyb,11.42,10.46875
4o0j,4.89,5.3164062
4uce,3.17,3.0644531
3ay9,8.34,8.3125
1e5j,4.0,4.1484375
3kqm,3.77,4.0273438
2wnj,6.48,6.390625
4m5o,6.42,6.203125
3bc3,6.81,6.8984375
4njd,4.84,4.3046875
2y0j,7.92,8.25
2xl3,5.25,5.3046875
1mfa,5.04,4.671875
3obu,4.3,3.5996094
2pfy,6.52,5.828125
4qzs,7.05,7.3554688
4uvc,6.88,7.2421875
4e5h,6.37,6.1992188
4gv8,6.49,6.2148438
2y7p,5.47,4.84375
2gh7,13.0,13.671875
2j6m,7.96,7.9609375
1w51,6.3,6.0507812
4uiz,4.7,4.71875
2rfn,8.3,8.796875
2jup,3.81,3.3144531
5edr,7.46,7.6601562
1my4,6.98,6.5625
2r3y,5.49,4.4140625
4z93,7.35,6.4140625
4rfd,8.05,7.0234375
1tka,6.1,5.8203125
3ee2,4.19,4.1757812
3szb,4.92,4.4140625
4pl4,5.27,5.1015625
4fl3,3.82,3.8164062
3hd3,7.0,7.2421875
4ptc,8.96,8.375
4his,8.09,7.78125
3q32,8.74,8.78125
3w54,9.7,8.6875
1hge,2.27,1.5478516
4c70,3.52,3.5546875
3k84,8.52,8.640625
3vbx,4.77,4.78125
3avg,3.3,3.6113281
4dho,3.93,3.3691406
2b7a,9.0,8.9765625
1ngw,7.68,7.765625
4i72,9.05,8.53125
3ipe,6.82,6.1992188
3kr5,7.89,7.40625
3txo,8.05,7.8554688
1pmx,5.14,5.046875
4ocx,11.44,11.015625
3o57,10.1,9.8203125
4l7r,5.02,4.734375
1b51,7.37,6.6210938
1rzx,4.1,3.71875
1n43,10.55,11.765625
3lq4,5.22,4.765625
3jq8,4.46,4.5820312
5c8n,7.55,7.1523438
2nns,6.05,5.9179688
3dnd,4.8,4.28125
4ght,5.78,5.671875
3f7u,6.61,6.3554688
1a7c,4.0,3.9179688
4ll3,11.57,12.21875
4q6d,7.36,7.5117188
4awm,5.72,5.9648438
2isc,8.42,7.4570312
1k21,8.38,7.8164062
4avs,3.49,3.1992188
2jdy,4.37,3.7421875
2x85,3.89,4.2773438
4uns,6.7,6.3320312
4u0d,4.31,4.671875
3sdi,8.33,8.125
5a14,7.3,6.6328125
1dar,4.96,4.8632812
1d3p,7.39,7.5859375
4i1c,8.1,7.3125
2bak,7.43,7.5117188
2baj,8.4,7.9414062
3odl,7.21,7.5078125
2fwz,7.3,6.7929688
2rk8,3.64,3.3808594
3i3b,2.23,2.3476562
4qtd,5.97,5.3632812
2zdz,6.15,6.0546875
2f3r,6.3,6.34375
1jp5,9.22,9.1875
3bxz,6.72,6.8085938
2v0c,5.68,5.2695312
3v49,8.02,7.1015625
4zh2,5.0,4.7382812
3evc,6.91,7.0507812
3mea,6.3,5.7851562
4hxm,6.1,5.4765625
1qaq,4.74,4.4960938
2duv,7.06,6.828125
3hhu,7.39,7.078125
1bzy,8.34,7.6914062
1ebw,9.05,9.078125
2o63,6.11,6.4648438
3que,8.82,9.1171875
3nnx,7.96,6.8046875
1gi4,7.19,6.6835938
1gvk,3.05,3.0507812
2pmk,5.92,5.328125
3kdt,6.59,6.8125
4m5l,4.72,4.7617188
2zgx,6.74,6.2148438
2xd6,6.19,6.140625
3vw6,7.85,7.4765625
4dew,7.0,7.5976562
2vcb,5.26,4.9140625
4h38,6.04,5.4882812
3wuv,5.17,5.3476562
3bxg,4.96,5.125
4qc1,4.99,4.578125
3rwf,6.52,6.7890625
4m3m,9.05,8.03125
2euk,6.6,6.2265625
4i10,6.77,6.546875
2iok,9.0,8.7578125
3fw4,9.4,8.2734375
3tc5,5.17,4.8710938
4bi1,4.16,4.0507812
4nmo,4.83,4.3789062
3kyq,4.22,3.9570312
2xcs,7.85,7.15625
1xbo,6.04,5.6757812
5c91,3.61,3.2617188
4umb,4.0,4.0625
4j06,5.34,5.46875
2z5s,5.66,6.734375
4f3i,7.44,7.3085938
3ljo,6.62,7.0585938
2qcd,3.4,3.5449219
2r1w,4.6,5.0351562
4gu9,4.37,4.390625
4l02,7.7,8.1640625
3lgp,8.7,8.265625
4ju4,6.47,6.40625
3qcl,5.4,5.2226562
4xv9,6.72,6.6914062
4ge7,8.15,8.0859375
3g8i,7.42,7.8359375
2v88,4.09,4.7929688
1ql9,5.35,5.0117188
4oq3,8.1,8.0703125
3zrl,6.8,6.3984375
2r2b,4.2,4.2148438
3wde,6.91,6.7929688
3uo5,7.41,7.8945312
1k3t,4.19,4.0585938
5fjw,5.4,4.7773438
1h2t,7.89,7.828125
3v4t,4.11,4.6015625
3ckr,5.3,5.4492188
4m5r,3.0,3.0605469
7lpr,7.18,6.875
4mi3,4.12,4.4414062
5bpa,9.0,9.125
4bqx,6.52,6.6484375
4g2l,7.49,7.6640625
3np7,4.02,4.7695312
1w76,6.15,6.6054688
4kfp,8.0,8.28125
3vvy,4.84,4.6445312
3ahn,7.05,6.9101562
3pd4,4.48,4.5820312
4ghi,7.09,8.109375
1jdj,2.3,2.34375
2g94,9.52,9.90625
3rse,7.0,6.4960938
3s7b,6.3,6.0703125
3f36,2.89,3.1953125
1xn0,6.24,6.2578125
1d4y,11.1,11.1875
2xz5,4.01,5.109375
2mwp,6.05,6.1796875
4qxs,5.96,6.3203125
3nzi,5.59,6.0039062
3fei,7.7,8.1875
3sl1,3.59,3.4101562
3o4l,5.09,6.234375
1h0r,3.7,3.9589844
1wqv,6.89,6.75
2ghg,8.82,8.8515625
3wp1,4.85,5.1328125
3pcb,2.4,2.5351562
3m8p,8.68,9.2734375
2k2g,8.12,7.9140625
3q4j,6.21,6.5117188
2bdy,7.77,7.0625
1g27,8.15,8.53125
1b9t,5.1,5.4023438
3fc2,9.06,9.0390625
1x9d,3.96,4.3984375
4zg9,7.59,7.875
3gfw,7.57,7.796875
1mns,4.17,3.8417969
2yoj,8.3,8.59375
4lc7,4.93,4.7695312
5ar5,6.3,5.9375
2v5x,6.66,6.8242188
4rsp,5.44,5.2578125
4u0m,5.77,6.2851562
2fkf,2.92,2.8417969
3rv3,2.0,2.1953125
3n1w,3.3,3.515625
5cfa,6.54,6.8085938
1ezq,9.05,9.4296875
4ksp,8.8,8.4765625
4dy6,4.4,4.8125
1fvv,8.0,7.8203125
2ff2,8.21,9.265625
2oz2,5.71,5.6875
4j79,3.1,3.1835938
4rad,7.1,7.359375
4ycu,5.48,5.234375
4css,8.46,9.0078125
3suf,7.56,8.4453125
4bo5,7.1,6.8515625
3wk5,4.82,5.0664062
4l9i,4.89,5.2578125
1wuq,8.27,8.3671875
4gwk,3.34,2.9003906
2m3o,5.3,5.7578125
3el7,6.32,6.625
4a4o,8.05,8.1640625
3poa,7.0,7.2617188
1eei,3.15,3.1445312
4ynb,10.37,10.8671875
4al4,6.89,7.1210938
3twj,7.84,7.2460938
3e3b,7.96,8.1484375
1u8t,4.26,4.921875
4utx,5.24,5.9882812
3l38,7.0,7.1523438
3lj7,8.34,7.9882812
5ali,7.07,7.375
4a4w,7.72,8.03125
4kzc,8.09,8.328125
4k75,4.25,4.3203125
4j1c,7.31,7.5195312
4qlv,7.85,8.2421875
4lwv,8.22,8.203125
3qpp,7.92,8.140625
3ns9,8.52,8.8515625
1c5f,6.07,6.640625
4e9d,7.7,8.4453125
1c85,4.64,4.9296875
1hlk,5.0,5.265625
4etz,6.3,6.4375
3rz1,8.74,8.7109375
4u90,6.54,6.2773438
2zdt,8.02,7.9648438
3lq5,6.96,6.3554688
2wuf,4.29,4.2070312
1epo,7.96,7.4648438
4klv,3.78,3.6757812
3hfv,4.87,4.796875
4yyn,3.96,3.9941406
3oap,6.26,5.2734375
4fc0,7.16,6.7695312
4xcb,5.47,5.1367188
3gf2,1.7,2.1269531
4yas,3.41,3.7558594
1t69,6.32,6.3632812
2ig0,4.71,5.3085938
1f3j,5.22,4.9570312
4z2h,5.08,4.8203125
1akt,8.49,8.6875
3tpx,9.35,8.8671875
4ok6,4.85,4.5507812
2ff1,8.21,7.8320312
1nhz,6.08,6.0625
4gj8,3.3,3.1738281
1t4s,2.44,1.7783203
2fda,6.3,6.390625
1cx9,6.75,6.6328125
3exe,6.96,6.4648438
4lkh,3.0,3.2734375
4mc1,7.85,7.9570312
3pp0,7.96,7.7929688
2zc9,6.74,6.4257812
4lgg,8.52,8.390625
3l1s,8.7,8.78125
2j2i,6.7,6.125
3rz7,8.96,9.234375
2itz,8.59,8.765625
3bar,5.7,5.5703125
4lp9,6.21,5.8984375
4x21,7.44,7.0859375
1v1j,4.82,5.0429688
4euv,6.3,6.421875
2clx,4.88,5.3164062
3dv1,6.23,5.2890625
2etk,6.82,6.5703125
2w17,8.7,9.2109375
4xh6,5.57,6.1054688
3wiy,6.21,5.7929688
3p44,8.01,7.1015625
3e8u,9.42,8.8359375
4e1m,7.26,7.6523438
4mlx,3.19,3.046875
4rn2,5.82,5.4882812
1z3t,3.94,4.1484375
4m3b,6.4,6.1601562
4gne,2.47,2.734375
1kti,3.43,3.8300781
4hgs,8.3,9.421875
1mto,6.96,7.1601562
4iic,4.85,5.5390625
4jwr,6.21,6.203125
4hy4,8.57,7.7851562
4r1v,9.0,8.109375
4awg,5.96,5.7929688
4uia,6.72,6.6679688
3d2e,6.42,5.7929688
1ujk,6.57,6.3320312
3sv7,6.08,6.0976562
2hfp,8.52,8.0390625
3eid,6.35,6.5625
1br5,2.7,2.6425781
4tln,3.72,3.8730469
1sre,3.85,3.578125
4y29,6.25,5.8867188
1ag9,9.0,8.9140625
3mqf,5.24,4.7226562
4bs4,8.22,7.7851562
4mpc,6.15,6.0585938
1yvf,7.0,6.5898438
1c29,6.33,6.4882812
4elb,8.3,8.25
1ftj,6.09,7.4140625
3vjm,9.43,9.609375
1h3c,6.51,6.765625
4uil,7.24,7.484375
5e8r,8.7,9.1796875
3avz,7.19,7.5078125
3k1j,6.4,6.484375
3f5p,6.85,6.2539062
1hxb,9.92,10.1640625
4ys7,9.0,9.046875
1g36,7.17,6.9335938
1zxc,8.1,8.5078125
2ie4,10.0,9.3515625
4u0u,5.82,6.2226562
5c29,6.06,6.03125
1ao8,8.22,8.4453125
3hdm,7.4,7.453125
4m8y,9.96,9.2578125
3ggv,10.85,10.6328125
3saz,6.1,5.953125
4jjm,7.57,7.6953125
3hp5,7.15,7.2617188
2jiu,7.56,7.9921875
3pp1,8.49,8.3515625
4r5n,7.12,7.3867188
3ogx,6.48,6.2460938
4j52,8.52,8.4453125
3zyb,5.38,5.4453125
3as1,4.02,3.8945312
1zsb,0.6,1.0488281
3o95,8.28,8.7734375
1dzk,6.1,6.2890625
4mm6,6.69,6.84375
4oym,4.96,4.21875
4qz1,5.44,5.4609375
4jlh,5.4,5.4335938
3mrv,3.74,4.015625
4fjz,6.29,6.5
3fr2,6.23,6.21875
3u10,5.44,5.2382812
4qr4,6.6,6.0078125
4os7,4.62,4.5546875
1ony,6.77,6.4960938
2auz,9.46,9.796875
2qi0,7.38,8.203125
2yig,7.1,6.7148438
3lc3,5.23,5.109375
1ktt,5.82,5.84375
1cin,8.73,8.296875
3uig,5.32,5.5703125
3kqp,3.42,3.5722656
1g46,8.8,8.78125
3p2h,5.44,5.34375
3u4u,8.52,8.5625
4acx,7.11,6.5703125
4h42,3.47,3.5917969
2q80,4.6,4.1210938
1sje,8.22,8.65625
1ulg,4.21,4.2226562
2rfh,6.82,6.5546875
3eu5,7.49,7.515625
3m35,7.22,6.8984375
1szd,4.54,4.6054688
3v7t,7.21,7.09375
1lqf,8.3,8.265625
3pvw,7.27,7.2265625
1t7j,8.7,9.21875
1zpc,6.6,6.921875
3voz,6.85,6.3710938
1zeo,6.68,6.9570312
4v25,7.08,6.7539062
1bbz,5.82,5.9882812
4l7n,4.84,5.2421875
1z4u,7.15,7.4023438
2qnn,7.15,7.0898438
2gmk,3.23,4.1757812
2vxa,5.6,5.8164062
2x4s,4.2,4.6171875
3zst,1.72,1.984375
4aft,6.47,6.2929688
3ouh,7.1,7.6875
2pql,7.28,6.703125
1u71,7.48,7.3789062
4umq,5.38,5.640625
1ui0,7.06,6.5546875
4aj1,3.11,3.0527344
3avi,3.3,3.8007812
2cej,8.62,8.5390625
5ak2,8.41,8.4296875
4d9p,3.84,3.5117188
4lnw,7.04,7.0664062
1zm7,3.0,2.7871094
3sgx,5.49,5.8476562
4pz8,5.92,5.6054688
3udv,5.59,5.3710938
4p1u,8.52,8.625
2c1a,6.77,6.8554688
4eev,8.33,8.6328125
3dnt,4.74,4.9296875
1sdu,10.07,9.96875
2v57,7.1,7.1835938
4r5t,6.1,6.2226562
2ykb,5.96,5.734375
2xzg,4.74,4.96875
2gh9,6.0,5.7617188
3g70,9.4,9.6328125
2nw4,8.68,8.28125
4abv,6.07,5.9921875
3kej,7.12,7.3125
1njj,2.1,2.0800781
1ogd,3.03,3.0078125
2y5l,6.48,6.203125
4j1f,7.92,7.4335938
2nqi,6.11,5.4765625
1j37,8.96,7.796875
1pus,7.28,7.1601562
4glw,6.1,5.8632812
1gj4,4.07,4.03125
1q4k,6.55,6.6015625
4ir6,6.08,6.1054688
1h9z,5.42,5.3085938
5ab0,7.59,7.5820312
4u01,8.46,8.1328125
2p3d,6.74,6.9101562
3tv4,6.96,6.7226562
3wzj,8.18,7.859375
3o9d,10.72,10.296875
2x2l,5.28,5.2578125
2p59,7.3,6.6914062
1mm7,7.7,7.3125
4x7i,7.69,7.7695312
3uh2,6.0,6.2929688
2fqo,6.43,6.3007812
3f81,7.13,6.8789062
4x1r,6.4,6.84375
1y6q,11.7,10.5390625
3r7o,8.36,7.8671875
1jyc,4.34,3.8125
4x7h,7.38,7.2421875
4c6z,3.45,3.078125
3r16,7.3,7.0351562
3sx9,8.89,8.5546875
3k3e,7.66,7.2148438
3l4x,6.89,6.8203125
5afx,5.92,6.0546875
1y2b,4.09,4.3046875
4dkr,6.52,6.5703125
3c6t,8.68,7.9921875
3sgv,4.46,5.3242188
4jzi,7.4,7.4179688
4nwm,8.1,8.0234375
1ghv,4.35,4.5429688
4y4v,3.65,3.5878906
1ype,8.1,8.296875
2ha3,3.03,3.125
3rpr,4.0,4.5703125
3vb7,4.31,4.359375
2qrm,4.03,4.0742188
3hq5,7.8,8.09375
1v16,3.87,4.0507812
1uwb,8.34,8.609375
3jwr,8.07,8.7265625
5cf5,8.6,8.7265625
1w2k,6.46,6.3789062
4mr3,5.94,6.3984375
4ca7,7.36,7.0507812
1lvk,5.92,5.7070312
3art,4.43,4.0742188
4i7k,3.04,3.21875
3px8,3.64,2.9824219
4jmh,8.68,9.1171875
1lqd,8.05,8.1484375
3bel,7.85,7.3554688
3gpe,5.74,5.9179688
1o4f,3.52,3.5078125
3da6,8.7,8.6015625
4cmo,9.07,9.2734375
11gs,5.82,6.1328125
4dve,9.52,9.6875
1x11,6.49,6.6210938
4c37,7.71,8.25
3qxd,6.15,6.6445312
3dt1,8.62,8.03125
5ah2,10.08,10.171875
3uqf,4.7,4.6953125
4k5y,8.17,8.0625
1gx4,3.24,3.4433594
4zy6,8.3,9.0625
1mm6,7.7,7.5898438
3kqe,8.09,7.8085938
2c5x,6.6,7.3359375
3u3z,5.36,5.8554688
3arg,7.26,7.5078125
3ttm,8.52,7.4101562
4m7c,6.12,6.7421875
2nsx,7.2,7.3671875
1jij,8.52,8.5546875
1f92,6.19,6.3710938
1e8h,5.68,5.9453125
1ddm,5.77,6.0039062
4elc,3.2,3.5957031
4zsq,5.65,5.6445312
3jqa,4.46,4.4257812
4ayt,3.7,3.9550781
3b95,5.15,5.7929688
3l7a,4.33,4.3007812
1ff1,4.92,5.0820312
4dgb,3.89,3.4335938
4o9w,7.16,6.984375
4inb,6.05,6.5742188
2x4r,4.77,5.5273438
3ekn,8.4,8.828125
3uli,7.15,8.03125
2g9u,6.08,6.5195312
3m17,7.4,7.5742188
4z2i,7.44,8.015625
1iy7,6.19,7.125
1v1k,4.46,4.2421875
4alw,7.57,7.8632812
3ips,7.19,6.7773438
3tvw,4.43,4.6640625
3kry,10.0,10.1953125
4kom,7.0,7.3007812
4yad,5.6,5.6757812
2h03,7.05,7.5820312
4azy,6.7,6.3710938
3arb,6.63,7.0039062
3tv6,8.32,8.5390625
3su6,6.02,6.2148438
2chx,7.74,7.8554688
4yee,6.49,6.6054688
2kce,6.17,6.7226562
4mho,5.08,5.2890625
3mfw,3.52,2.7636719
2bua,4.52,4.9257812
3g3n,6.29,6.28125
2yz3,6.66,7.1289062
3hk1,6.17,6.2890625
4io2,6.7,6.5625
3lau,4.52,4.765625
4btt,8.84,8.90625
1nhg,7.3,7.3085938
1d3d,9.09,10.453125
2bed,8.15,7.9101562
4uda,7.59,7.7851562
2wqb,6.27,6.4765625
4qyo,8.22,8.0078125
1c86,4.7,4.4023438
1qwf,6.35,5.1523438
2pmn,5.2,4.890625
1u9l,5.02,5.4140625
1ru1,4.74,5.0078125
5ahu,6.78,6.8242188
1ado,6.0,5.9726562
1rgl,4.43,4.6367188
4nrb,4.42,4.484375
3otf,6.08,5.7695312
3uzc,9.61,10.2890625
1oi9,7.16,7.2617188
3dsz,7.77,8.4140625
4rkx,5.1,5.3515625
4aw5,6.12,6.2890625
4q7w,2.64,3.1015625
3s3v,6.23,6.1835938
4msa,3.3,3.03125
4btw,7.15,7.2617188
2ydi,6.82,6.9960938
2clm,3.55,3.3691406
4xu3,9.5,10.046875
4azg,7.1,7.1914062
2qi4,10.44,11.3984375
3p8e,5.15,5.265625
1s64,8.4,8.734375
2jbo,8.07,7.546875
3el8,7.6,7.8867188
5e4w,4.64,4.6289062
1w4q,5.26,5.3125
4r92,7.41,7.859375
4ok5,4.51,4.4570312
2vmc,2.94,2.9238281
2uyq,5.68,6.09375
2uzb,6.92,6.9921875
2nqg,6.48,6.6601562
3kze,3.95,4.421875
4ncm,7.0,7.609375
4kil,6.3,6.3867188
3wb4,4.44,4.1875
2qtn,3.42,3.6015625
3wgw,5.89,6.203125
1y8o,5.89,5.796875
3rcd,7.77,7.84375
4fcf,8.62,8.828125
1bnu,9.7,9.9765625
4yc0,4.13,3.8359375
4msu,5.85,6.1171875
1atr,6.96,6.7890625
1eat,7.82,8.2265625
1r78,8.52,8.3125
2lsr,5.24,4.5429688
4u0g,5.29,5.625
4btm,5.39,5.6953125
3snc,4.39,4.8671875
4b4n,3.44,3.7890625
3w2o,5.08,5.2890625
1xnx,6.38,6.90625
5c11,6.47,7.078125
1qpb,1.36,1.453125
3t4n,4.14,4.6210938
4mm5,7.74,7.9414062
4ms0,3.39,3.1386719
1nqc,7.3,7.96875
2pyy,4.6,4.9375
5bvf,9.72,9.7734375
3juk,4.89,4.859375
2w8w,2.12,2.3457031
1sm3,4.62,5.1328125
2d2v,1.0,1.1425781
3g1v,3.19,3.5800781
3rcj,6.1,6.5234375
4bdi,3.64,3.9902344
3lox,8.1,9.1953125
2is0,6.7,7.0078125
4az6,9.1,9.0
3at3,8.04,7.7617188
4gts,7.89,8.265625
5acx,5.05,4.625
4kov,3.75,4.203125
4wh9,3.0,3.0996094
1i48,5.7,5.4960938
4x7n,8.22,8.671875
1f90,7.92,9.2578125
4mf0,8.08,8.171875
3lik,8.72,9.5078125
1j15,3.84,4.1796875
4x6s,5.24,5.4765625
3ksq,9.42,9.5078125
4oem,5.3,6.140625
4q7s,4.42,5.1171875
4ikn,4.85,5.0625
4anu,7.68,8.140625
4qf8,7.51,6.9921875
3in3,7.22,7.59375
4x3s,5.89,6.9257812
2g83,5.92,6.2109375
3iaf,2.92,3.1640625
4s3e,6.11,6.78125
4ywa,7.55,6.9492188
2pj2,7.92,8.3671875
4yv0,3.28,3.3964844
3vd7,4.48,5.1796875
4nzo,6.77,7.1757812
1ct8,6.52,7.0859375
1fpy,6.0,5.9335938
4bb4,6.72,7.7226562
4aif,4.84,5.4492188
2qrk,4.26,4.7890625
5apr,7.77,7.7929688
2kup,6.7,6.4492188
4fse,7.4,7.8632812
4n07,6.46,7.3164062
1yci,4.08,4.5078125
2xo8,4.33,4.5195312
1o2n,6.09,6.3789062
4fpf,4.41,4.7890625
4ybs,7.24,7.7773438
4kc2,3.31,3.7773438
1sr7,10.1,10.7421875
1f8a,5.0,5.0351562
5al3,4.96,5.984375
4z2k,5.78,6.4023438
1h1b,9.8,9.7421875
2hyy,6.77,7.9648438
1nu3,4.0,4.0117188
2wi4,5.81,5.734375
4ezj,8.42,8.84375
4nuf,5.3,6.0703125
2agv,7.7,7.6132812
4qsu,2.0,2.1386719
1zkk,4.48,4.7578125
5ap5,7.97,8.359375
4cix,4.47,4.6523438
4ocv,5.08,5.7148438
4ju7,6.17,6.4648438
4rj7,7.66,7.7617188
5aag,7.34,7.6914062
2jdu,6.72,6.8398438
5clm,7.36,7.3828125
4u0w,3.0,3.7929688
4idv,7.4,7.0742188
2pj7,7.77,8.09375
1b8n,10.52,11.375
4dhp,4.44,4.9453125
2j3q,6.15,6.5820312
2q55,8.69,10.109375
3hyf,5.92,6.2304688
4eqc,8.1,8.7890625
2mpa,8.04,9.2734375
3juo,5.07,4.7851562
4fut,6.51,6.203125
3in4,7.52,7.484375
5a5r,5.9,6.3085938
4xu0,9.11,9.9375
6fiv,8.08,9.34375
4y0a,2.31,3.03125
2etm,6.67,6.9726562
4qxj,5.9,5.9648438
2hrm,3.56,3.7929688
4k4f,6.7,7.359375
1zea,5.22,5.2773438
5bot,4.41,4.4453125
4rfz,7.4,8.203125
2wi7,7.24,6.1875
4qz5,5.26,5.8085938
2xhx,6.6,6.7460938
2koh,5.22,5.3242188
1aku,6.13,6.734375
2xbw,8.0,8.5390625
4ono,5.19,4.9570312
3b28,8.47,8.609375
1clu,8.27,8.234375
4n4s,6.88,7.0507812
4ps1,6.66,7.0429688
4y73,9.52,9.921875
3bbb,7.0,7.28125
2xh5,7.57,8.0625
4rt1,6.14,6.6289062
4v04,8.11,8.203125
3s3q,8.77,9.7734375
3r6g,7.6,8.3203125
4hyu,8.21,8.7265625
3uxg,3.96,4.1640625
1jg0,5.3,5.8789062
2ylo,4.88,5.4453125
3usn,6.15,5.921875
1qq9,2.06,2.1777344
2toh,4.15,4.1445312
2kvm,3.96,4.1210938
3pvu,6.54,7.0703125
4b3u,5.33,5.7070312
3wkd,3.77,4.6875
3h2o,4.59,4.6601562
1x7q,6.73,5.7773438
1ctt,4.52,5.1914062
2gc8,5.51,5.390625
3ddp,7.14,7.484375
3snl,9.15,9.4609375
3g8e,5.35,5.2773438
2lsv,5.27,5.8828125
1w9u,6.09,6.1171875
3o0j,7.19,7.7265625
3uol,8.51,9.0390625
4h4m,8.52,8.6328125
1czr,9.0,9.0625
4qij,5.54,5.859375
2eh8,7.96,8.78125
2xk8,5.62,5.8554688
4q0l,7.7,7.9648438
4tkb,5.59,5.6953125
1xkk,8.52,8.5546875
1b5g,8.0,9.0
3pd3,4.44,5.078125
4oc5,7.07,8.1328125
5a5o,3.0,3.1992188
4l7o,4.88,5.2773438
2vvo,2.2,2.7929688
4g0y,2.3,2.421875
4nze,6.8,7.1015625
4av5,7.21,7.1328125
3t2c,4.6,4.9609375
4r95,7.85,8.46875
3pkb,6.21,5.953125
1u2r,5.41,6.0273438
2r64,7.52,7.9804688
3s77,7.21,7.5078125
2v83,4.47,5.0976562
1xdd,6.7,7.5039062
3nf3,6.2,6.4492188
3hmv,7.3,7.0273438
5diq,5.17,5.84375
3pz1,6.14,6.640625
3nii,4.23,4.546875
3ldw,7.97,8.125
2gm1,7.0,7.2382812
1tlo,4.0,4.0117188
1qnh,6.06,6.4648438
4z2j,6.43,7.46875
3avf,3.53,3.7617188
1af2,3.1,3.4921875
3lp0,6.96,6.6015625
3f35,3.16,2.6132812
1b39,6.92,6.8085938
1at5,4.19,5.359375
4eg4,7.89,8.8515625
3muf,6.49,7.109375
3cd7,7.84,8.375
1o0m,5.15,4.9335938
2pre,6.65,7.0976562
4uvx,7.96,8.40625
2ojf,6.96,7.5117188
4n9c,3.9,4.4492188
3ifo,7.26,7.671875
4rx9,7.89,7.6875
4g93,3.52,4.265625
2aux,9.3,9.859375
1ta6,9.13,9.3359375
2zz2,4.54,4.5390625
3ms4,3.28,3.5039062
4oeg,5.05,5.65625
4bfr,7.64,7.5742188
3qpn,7.77,7.9609375
2vtl,4.01,4.140625
2g1q,7.36,7.1171875
1b9s,3.18,3.5195312
4ly9,8.15,7.4140625
4f9g,5.62,6.6132812
2xn3,5.92,6.3984375
1x6u,3.22,3.4726562
4ea1,6.44,6.8398438
3g1m,6.3,6.3710938
3uxk,4.93,4.953125
4afh,9.54,9.2421875
5c4t,7.66,7.8828125
4k3p,5.8,5.2695312
2xb7,9.19,9.2265625
4jzf,6.76,6.375
4zuq,6.89,7.5585938
1nkm,7.3,7.84375
3rah,7.92,7.7148438
2a25,4.62,5.0429688
4oho,7.77,8.2734375
4urw,2.8,3.1210938
2fwp,2.92,3.0273438
2a2g,7.0,7.1679688
4nau,9.06,9.21875
1jq8,6.0,6.4296875
4foc,8.52,9.6875
2yaz,5.14,5.4570312
3n1v,3.3,3.5917969
4wmu,6.74,6.875
1swp,11.0,11.6875
3g58,9.28,9.5703125
4e3l,8.52,8.625
4mji,4.09,4.5703125
1oko,4.54,4.5742188
2h2d,5.37,5.8398438
4kao,6.11,6.078125
2xyn,8.4,8.3671875
7kme,4.4,4.796875
2ez7,4.36,4.4257812
2doo,7.17,7.7929688
2iog,8.1,8.46875
4qr5,7.22,6.75
2r0h,3.51,3.4667969
4cc5,4.42,4.7148438
3g3d,4.74,5.1289062
2ohk,2.7,2.6679688
3cde,7.66,8.140625
1at6,4.07,3.7753906
1gbq,2.46,3.1894531
1iwq,8.06,8.1484375
3cjo,8.66,9.6015625
1mdl,3.09,3.328125
2xto,6.2,6.0585938
5aix,7.92,8.71875
3qup,6.32,5.7265625
1owi,7.55,7.7226562
5aes,2.89,2.9511719
4lk7,5.04,5.2773438
2fpz,3.96,4.7695312
2pvw,9.52,8.84375
3dxm,6.0,6.1054688
5aaf,7.44,7.3242188
4a22,8.49,7.2304688
4muw,8.01,7.5390625
4bfz,6.26,6.6914062
2j9a,5.89,5.4453125
4mep,5.33,5.2695312
3rme,4.66,5.5703125
2qk5,8.1,7.5078125
2fs9,8.52,8.046875
3o9h,12.1,12.15625
4qiz,8.15,7.9921875
4l31,6.79,6.828125
3pxz,5.23,4.9960938
3h26,4.49,4.328125
3g1d,3.48,2.8945312
3u0d,10.0,9.828125
3kr2,5.14,5.265625
3dcq,5.23,5.5546875
3iub,4.54,4.6289062
4myq,7.49,7.0
3mta,4.3,4.8671875
1umw,6.55,5.9414062
2zyb,7.7,7.3710938
4c5w,5.48,5.6484375
2w1e,7.92,7.4257812
4n1z,9.14,9.046875
3cfn,5.0,4.8789062
4iwz,7.29,7.0117188
4eh8,2.2,2.0039062
3sv6,7.46,7.5
3nij,4.89,5.4960938
2c6m,6.46,6.1601562
2zb0,6.62,6.0234375
3abu,5.62,5.7773438
4gih,8.32,7.7578125
3f15,8.1,7.7773438
4qp8,6.55,6.6835938
2r3m,8.0,8.046875
2i0v,6.8,6.03125
1yw2,6.85,6.8710938
3vhu,7.31,8.0
4dzy,5.62,5.4765625
3zmt,4.55,4.0351562
3atm,3.06,3.3671875
1nlj,9.8,9.921875
3hp9,4.59,4.828125
4ee0,8.63,8.375
3skg,8.1,8.3125
2py4,6.7,7.2851562
3kf7,7.4,6.875
4ppa,9.1,8.515625
1bl6,6.8,6.3164062
4cc2,4.33,4.5195312
4r6v,7.45,7.0742188
3u6h,9.0,9.1953125
3mp6,5.96,5.8632812
2p3a,7.96,7.5429688
3ccw,7.87,7.4960938
3zlx,3.8,3.6328125
3mvl,7.89,7.4375
2nn8,3.59,3.7324219
2kmx,4.08,4.234375
4ra5,8.4,8.046875
4avh,7.23,7.3046875
1gwm,4.1,3.8769531
1n8u,6.03,5.8632812
1ke6,8.24,8.359375
3ipq,7.57,7.9414062
4u5j,5.53,5.3515625
1xud,8.1,8.296875
4ea3,9.57,8.9375
3m8q,9.52,8.96875
2v86,4.46,4.4765625
4j8t,6.77,7.265625
3twd,7.74,7.984375
2fjn,7.41,7.5507812
4o2f,6.41,6.0
5cgj,5.22,5.0546875
1yw8,8.0,8.171875
1els,10.82,8.90625
2oyk,5.3,5.0664062
2xm2,4.62,4.875
1b1h,7.03,7.3125
4xsy,5.3,5.0742188
3ubx,7.6,7.4296875
4igq,4.52,4.4101562
4yuz,5.04,5.1171875
2xk1,5.74,5.828125
4erq,7.12,6.6484375
1rs2,4.3,4.8398438
1u33,4.6,4.71875
1axr,3.27,2.8554688
3t3d,4.91,5.375
4cft,4.95,4.703125
2xag,4.55,4.0429688
3cic,8.52,8.3125
2avv,9.26,9.0625
4rce,8.7,8.234375
5ab9,6.33,6.625
2w6t,8.57,7.9804688
5d10,7.14,7.3984375
4gbd,11.32,11.0234375
4o44,7.85,7.8164062
4hwp,7.76,7.9257812
5dda,5.78,5.1328125
4e1e,6.31,5.8515625
4kyk,4.74,4.6484375
1rw8,6.76,6.7890625
1o2s,5.47,5.4375
4ht6,6.21,6.3359375
1v2h,5.3,4.875
4ucc,4.32,4.421875
3h2a,3.96,4.09375
2cma,6.73,7.0742188
3s1g,5.19,5.1875
2an5,5.68,6.1523438
2xf0,4.52,4.796875
4k63,4.22,3.8164062
3k8q,11.28,10.7578125
4rrs,6.68,6.7421875
1xap,8.7,8.25
3f66,6.05,5.7578125
4b0b,3.33,3.2324219
1sjh,8.05,8.1328125
4pp7,7.96,7.8984375
2ves,7.7,7.4726562
3s5y,7.41,6.7070312
4d83,7.26,6.7929688
4dhf,7.55,7.4726562
3sx4,8.52,7.9179688
4uvy,8.26,7.9257812
2vhj,3.9,3.7714844
3m8p,8.68,8.1015625
4xu1,9.49,9.0390625
3bh9,6.93,6.4492188
1nfu,7.74,7.3554688
1bbz,5.82,5.5390625
2xaq,5.96,5.1796875
3m8u,4.89,4.8046875
4hs8,7.92,8.09375
4an3,9.22,8.7578125
3sk2,3.61,3.6054688
1my2,7.77,8.1484375
3n4b,7.02,7.2929688
4j52,8.52,8.25
4ery,7.27,7.4960938
2qu3,6.23,5.7226562
4jzr,7.8,7.4453125
2fl2,8.7,8.1953125
4gsc,5.85,6.5234375
1kl5,5.99,5.6132812
1mq5,9.0,8.6328125
3ayc,4.24,4.4335938
3c1k,9.44,9.21875
2g1q,7.36,6.921875
4o91,6.83,6.4765625
4pzv,5.7,5.9921875
3qnd,4.85,4.8710938
4q06,7.66,8.0625
1zc9,3.22,2.7382812
4m2v,7.44,7.0351562
3uo9,7.1,7.0898438
2qiq,4.1,4.4726562
3n7h,4.5,4.2773438
2osm,6.2,5.8515625
4ouj,2.86,3.15625
2w0p,6.52,6.15625
4otg,7.59,7.5820312
3nyn,6.0,5.6484375
7lpr,7.18,6.5898438
2arm,7.68,7.8242188
2bqv,8.05,8.3359375
2ez5,5.52,5.6367188
3cd8,8.05,7.9648438
3s9y,6.44,5.4101562
2oo8,9.0,8.828125
4bhn,8.2,7.5039062
1hnn,6.24,5.8242188
1ove,9.13,8.3125
1pxl,6.05,5.7851562
4elc,3.2,3.2988281
4cwb,6.09,6.234375
4k2g,7.7,7.3007812
2a4z,6.6,6.3515625
4o6w,8.52,8.171875
2aa6,9.41,9.21875
1v2m,4.29,4.2421875
4dce,6.76,7.15625
4h3b,5.17,4.7265625
4c1h,4.09,4.0820312
2g5p,8.42,7.8710938
1rtf,3.04,3.0136719
4mpe,6.37,6.28125
3zm6,6.52,6.3828125
2y1w,6.33,5.5234375
4na4,6.92,6.5859375
3l16,7.48,6.9414062
4ovf,4.13,4.0898438
3s68,8.66,8.8828125
1n5z,4.36,3.6445312
2f3f,6.72,5.9335938
4gj7,6.77,6.7226562
3t1l,3.26,2.8457031
2jdp,6.6,5.546875
2nt7,6.52,6.3554688
3n45,3.3,3.1777344
3lzv,10.59,10.3828125
3ens,8.05,7.8632812
4kc4,3.23,3.5136719
4muv,5.76,5.578125
1fkn,8.8,8.765625
2f14,9.19,8.2265625
3tjh,5.41,4.6445312
5abf,4.85,4.8945312
2jiw,4.59,4.9453125
4kxn,6.1,6.7382812
3wmb,5.37,5.2929688
4mdt,5.0,4.4492188
5ceo,9.3,8.875
3pj8,7.4,7.0273438
4acx,7.11,6.6796875
3lvp,8.7,8.2578125
3cm7,6.57,6.1132812
3c1n,5.5,5.84375
3ook,8.4,8.359375
4yrc,2.7,2.3222656
1a94,7.85,8.96875
4rs0,6.0,5.8515625
3d67,4.96,5.0195312
1tl7,7.92,7.359375
3spk,8.52,7.8867188
3tdc,8.27,8.2578125
4er2,9.3,9.65625
4hco,4.32,3.9921875
3t4n,4.14,3.7636719
4eki,10.0,10.75
2xda,6.22,5.7265625
3qlc,5.43,5.4140625
4wy1,5.29,5.390625
1aid,4.82,5.265625
2hjb,4.39,4.796875
2c4v,2.6,2.3613281
2yg2,6.05,6.4726562
4eox,9.55,9.296875
3jup,5.58,5.9882812
4o28,7.54,7.6796875
3ax5,5.85,6.3242188
4rfy,7.0,7.0585938
4xjs,7.12,6.578125
2r75,6.15,5.9335938
3g3n,6.29,7.25
4k5m,3.71,4.1015625
2h03,7.05,8.1640625
3dow,4.94,4.8359375
3dz2,4.15,4.6289062
2uyw,13.0,13.8125
2pu2,4.43,5.0234375
4kzl,6.15,6.2109375
2qhc,8.96,9.4921875
1fwe,5.6,5.640625
3oe0,8.6,9.328125
3hdz,7.29,7.5078125
4ykn,8.0,8.1875
3kwj,9.3,8.65625
4gja,5.92,5.78125
1inc,9.34,9.078125
4lh6,4.11,4.421875
2vrx,7.35,7.5078125
3ifo,7.26,6.5703125
1dl7,6.49,8.0234375
1wdq,1.98,2.0722656
3znr,7.44,8.15625
4rcp,5.35,6.0898438
4eok,5.07,5.5625
1ch8,7.0,7.6757812
1hgi,2.68,3.6777344
2ds1,8.47,8.171875
4oc6,7.07,7.1992188
4pov,8.28,8.7578125
2xs0,5.15,5.1640625
1o4b,5.7,6.4140625
2mpm,5.89,6.1875
3qcs,6.5,7.1171875
1o0f,5.3,5.6484375
3bu8,6.92,6.328125
1me3,7.19,8.0
3v3v,5.34,5.7070312
4qgi,3.9,3.9863281
4del,7.68,7.5664062
4gvc,4.71,5.0078125
4f8h,4.24,4.0429688
2jiu,7.56,7.4570312
4w5a,3.77,4.1289062
2ylo,4.88,4.6054688
3r01,5.24,5.171875
2bmc,7.57,7.4179688
1tkc,4.85,5.390625
2wzm,5.22,5.5664062
1std,10.33,10.0859375
4pnr,6.34,6.5351562
4yik,6.89,7.1914062
2vnn,8.7,8.4765625
4j3d,8.28,8.625
2i6a,9.05,9.8984375
2p4i,8.0,8.2734375
1tys,5.49,5.2578125
3shv,6.66,6.46875
2y1x,7.57,7.859375
1ke7,8.05,7.7226562
1c5f,6.07,6.3554688
3ds6,9.1,8.4609375
1pxj,4.89,4.8671875
2c1a,6.77,7.1796875
3v7t,7.21,7.5351562
3vtd,7.92,8.578125
4rj6,7.12,7.578125
1a1e,6.0,6.4414062
2c1n,4.11,3.8476562
4ocq,4.61,4.9570312
3zim,8.17,8.0234375
3r91,7.04,7.203125
4x1n,6.42,6.6015625
4nj9,6.97,7.9453125
4x2s,6.55,6.6210938
6cha,4.4,5.3203125
3uqf,4.7,5.2734375
4l0t,7.18,7.0507812
1o6r,7.1,7.2851562
2dwx,3.74,3.7675781
2onz,8.89,9.7109375
3ozr,5.15,5.2539062
4im0,7.72,7.8671875
3vbt,4.43,4.7578125
2z1w,4.08,4.6601562
5a6n,4.28,4.6914062
1xa5,6.5,7.15625
1lxf,4.1,4.7695312
3sqq,5.32,5.7304688
4y8d,8.05,8.0
3idp,8.8,8.5546875
2z9g,6.15,6.8242188
1k08,5.34,4.921875
4b3b,3.6,3.8242188
1x76,8.72,9.1328125
2wxh,8.05,8.28125
3fyk,7.4,7.78125
1tnj,1.96,2.140625
2xvn,3.95,4.0820312
4bea,8.3,9.296875
3zy5,6.64,5.9492188
1fw0,5.43,5.4375
1gbq,2.46,1.8769531
1swp,11.0,8.4765625
1jbd,6.92,7.4960938
4w54,4.17,4.2929688
3w33,7.44,7.796875
1utz,5.85,5.7265625
1z3t,3.94,4.3320312
1i7g,6.0,6.0976562
3zlx,3.8,3.7441406
1ik4,7.41,7.0234375
1w80,4.54,4.9023438
3chq,7.7,7.6484375
3ql9,6.3,6.3671875
3e64,7.11,7.03125
4n6y,7.04,7.609375
4aft,6.47,6.9726562
1tom,8.3,9.2734375
3e01,7.52,7.3242188
1yi3,5.4,4.984375
3ap7,3.0,2.8144531
2y4s,6.15,5.9921875
3mt8,4.55,4.3828125
1dkd,5.7,5.6484375
2w6z,2.82,3.0410156
1w1y,2.62,3.0976562
3f9w,4.72,4.4609375
2nwn,6.3,5.5703125
2j9n,4.7,4.4453125
3cfs,5.96,5.2460938
4je7,6.4,6.359375
2zx7,10.49,10.78125
3cgo,5.52,6.0078125
4kwf,4.82,5.078125
3fxb,5.85,5.921875
3r5j,6.96,6.3320312
1onp,7.52,6.453125
3bun,6.21,5.6835938
3dcv,8.52,7.8398438
4zur,7.17,7.109375
4m1j,9.7,9.34375
1xxe,5.41,5.0703125
3tiw,7.67,7.1328125
2qbs,6.68,6.0117188
4b6f,3.3,3.0332031
1c3i,5.8,5.5078125
1rdt,6.7,6.9023438
2usn,6.51,6.0859375
4j0z,7.11,6.9765625
4rra,4.87,5.1601562
2rl5,8.4,7.7226562
4gye,6.85,7.3515625
2fhy,5.96,6.4804688
2ank,7.33,7.1484375
1ntk,10.49,10.1875
1g49,7.8,6.796875
4rd3,6.47,6.5625
3skf,8.3,7.5117188
2vd1,6.86,6.671875
1bcj,3.7,3.8769531
3tz0,5.04,4.4726562
5dah,5.3,4.7226562
1py2,7.22,7.5742188
2f4b,7.3,7.5898438
1g37,10.0,10.0625
4ng9,7.12,7.1210938
3wsy,6.36,5.921875
4do4,7.29,6.2382812
1dtq,8.22,7.3242188
2qhn,6.01,5.9726562
4qwj,5.77,5.5625
3mf5,5.36,5.1523438
1fpp,8.0,7.375
2vex,6.74,6.9257812
3ft3,7.36,6.7539062
4x7h,7.38,7.0078125
4ym4,4.47,4.1367188
4iwz,7.29,7.046875
4mw0,7.41,7.9804688
2pk6,10.89,9.9765625
3hit,8.19,7.5742188
5am3,8.3,8.6171875
4fe6,10.0,8.4765625
4wkc,12.68,11.15625
2p53,7.46,7.0625
3zps,8.3,8.3671875
5d6q,5.24,5.171875
4jsa,4.96,5.1835938
1b6l,8.3,8.6484375
1z6q,6.7,6.09375
1flr,10.0,9.7734375
3di6,7.0,6.9023438
1c7e,6.3,6.71875
4zsp,5.74,5.4648438
4dv9,6.72,6.8828125
4occ,8.7,8.7265625
4axa,8.0,7.6445312
4iz0,4.0,4.4335938
2o8h,7.6,7.2382812
1wv7,7.26,7.1445312
4wz5,5.51,5.71875
3hha,7.9,8.109375
3g8e,5.35,4.8398438
2xp3,3.0,3.4453125
4o2p,6.7,6.6601562
4wgi,5.35,4.8632812
5ap2,8.48,8.5703125
3tvw,4.43,4.3945312
5dk4,8.7,8.484375
1mai,6.68,6.5898438
4kvm,5.05,5.3007812
3s2p,7.17,6.3359375
3obq,3.54,3.2070312
2pj1,8.01,7.5703125
4mdq,5.92,6.2851562
2rc9,7.4,7.046875
4mic,5.3,4.234375
1jdj,2.3,2.2460938
4ufk,3.89,3.8984375
4pv5,6.54,5.890625
4c1d,5.36,5.0703125
3ex6,3.66,3.7675781
2gj5,8.32,7.21875
4r6x,5.27,4.96875
3bar,5.7,5.2148438
2y6o,7.6,7.3398438
4ban,8.61,8.609375
1dpu,6.0,5.9648438
1yds,5.92,6.5
2pqj,8.2,7.4960938
3umo,3.89,3.8652344
4zs3,5.18,4.9140625
2x7o,7.47,7.25
4ede,7.38,7.5507812
4cd8,2.89,3.0546875
4nie,7.7,7.6953125
2ha0,4.43,4.3671875
3qps,5.6,5.71875
3ebb,5.3,5.2421875
2j4a,10.6,9.296875
2ko7,5.19,5.1953125
4rpv,8.52,8.4453125
4k7o,4.3,4.4726562
3p8h,5.3,5.3320312
1gx4,3.24,3.0253906
3h0y,8.22,8.1015625
4m3d,5.41,4.96875
4kbk,8.18,7.4648438
4kow,4.31,3.8261719
4pkb,6.94,6.171875
2qhm,6.18,6.0703125
1y2f,4.92,4.8046875
4x7j,7.39,6.9804688
3c3q,4.32,3.7792969
4fhh,7.46,7.6289062
3r9n,5.85,5.4335938
2r2b,4.2,4.375
3me9,6.3,6.5742188
1ni1,9.05,9.3515625
4i72,9.05,9.53125
2gek,7.52,7.4023438
4k3p,5.8,5.609375
4fpf,4.41,4.2773438
1u33,4.6,4.8007812
2yer,7.7,8.0546875
2w16,10.0,11.3359375
3o1g,9.0,9.6640625
4c4e,7.6,7.7890625
3pcc,3.62,3.6132812
2a14,5.7,5.7070312
2wj1,8.72,9.125
4fgy,6.3,5.8007812
1eou,7.44,7.2734375
3c4c,6.8,7.0507812
2vts,7.52,7.7148438
2xzc,5.64,6.3789062
3u8d,6.33,6.3632812
2itz,8.59,9.0859375
2pj7,7.77,7.6445312
2pjb,7.72,7.9023438
3lgs,4.61,4.7148438
4rlu,4.82,4.9335938
1bkm,5.74,5.6796875
4urz,2.52,2.8945312
3vf7,9.1,9.625
2ql5,8.1,8.609375
4qlt,8.6,8.796875
3asl,5.76,5.9609375
1bnm,10.0,9.5390625
4dt6,7.23,7.8007812
3nin,4.91,4.5898438
1q9m,6.48,7.5
4pxf,3.1,3.1621094
3oaf,8.8,8.8203125
3oq5,4.55,5.1367188
3k41,0.82,0.76123047
1jld,6.73,7.09375
8a3h,4.06,4.4140625
1tow,6.24,6.1953125
3que,8.82,9.15625
1vcj,4.59,4.515625
1jyc,4.34,3.7929688
1g85,5.48,6.0585938
2fuu,5.57,4.5664062
4h2m,5.21,5.6796875
1xr8,6.7,6.40625
1sqb,7.95,7.1679688
1awf,6.01,5.8515625
4i1c,8.1,7.6210938
2yjc,7.66,7.8359375
4z2p,4.6,4.1054688
3fvl,6.07,6.3476562
2ou7,3.81,4.0546875
3l58,8.1,8.3828125
1dqn,8.0,8.3359375
4i12,6.39,6.7304688
5cav,6.67,6.65625
3huc,5.99,5.8203125
3eyg,8.8,8.5859375
1h3c,6.51,6.453125
3rk7,6.7,7.1367188
2f6v,4.43,4.1054688
2pvn,9.46,9.5078125
4bhf,3.46,4.1171875
3sr4,6.54,7.078125
3ue4,8.96,9.296875
3olg,7.84,7.578125
2oc2,8.52,9.125
2vl4,6.01,6.6015625
1tkt,6.15,6.1796875
4pyn,4.52,4.5234375
5am0,5.88,5.34375
1h8y,7.7,7.1132812
1uyf,4.52,4.578125
3oeu,7.51,7.4257812
1wht,3.7,4.0859375
1utm,3.01,4.0039062
3ij1,4.7,5.359375
4g17,7.54,7.859375
2ihq,8.49,9.0703125
3g6h,8.19,7.3320312
2uw5,7.51,8.015625
3rpr,4.0,4.21875
1y1z,3.08,2.8984375
4qz3,5.51,5.3789062
2r3k,7.0,7.34375
4pra,5.66,5.9101562
4xue,5.3,5.1015625
1wdy,7.89,8.15625
3bum,6.49,6.9726562
2qmd,8.3,8.71875
4qw7,6.28,5.7070312
2v86,4.46,4.5625
1fq4,6.4,5.7734375
1sfi,10.0,9.734375
4jk6,7.19,6.046875
2wk6,3.32,2.9941406
3qar,6.49,6.6875
1rs2,4.3,4.1132812
2c6c,7.52,7.2460938
3v51,8.55,8.515625
1o4i,2.64,2.8320312
3fzn,4.01,4.109375
3cgf,6.57,7.1640625
4hva,5.89,6.2773438
4yfi,6.3,6.453125
4j1e,7.72,8.5546875
4jj8,6.14,5.5742188
4ddm,2.46,2.890625
3oof,7.3,7.453125
4rrr,4.44,4.5195312
3wch,7.05,6.4882812
4whq,4.12,4.2851562
2vwx,7.4,7.546875
4re9,4.92,5.0234375
4det,5.68,5.6796875
4ie6,5.55,6.1601562
4j93,4.7,4.4101562
2q6b,9.52,9.765625
4ran,7.15,7.5
2nxd,5.66,6.2578125
1bji,8.7,8.984375
4okg,9.32,10.5546875
2vyt,2.74,2.6191406
1l83,3.4,3.0722656
1h9z,5.42,5.5625
1my8,7.46,8.09375
2nv7,8.3,8.34375
4y83,7.77,8.2109375
3chc,4.09,4.3789062
2yi5,7.41,7.6757812
1jr1,8.22,8.109375
3atm,3.06,3.0390625
2bpy,7.4,8.1328125
1db1,9.26,9.2109375
2qpq,6.37,5.9453125
2uzn,7.52,6.9375
5ah2,10.08,10.4453125
2x81,8.3,8.6953125
4er1,6.62,6.5703125
4ipi,5.32,5.4296875
4xh2,8.22,9.453125
2jbo,8.07,7.7460938
3gta,4.28,4.5507812
3l7g,3.3,4.3515625
2wxj,9.0,8.671875
4awk,6.89,7.2421875
2x85,3.89,4.1757812
4avt,8.06,8.234375
1o2n,6.09,6.0117188
4uru,2.22,2.4492188
2llq,5.82,5.9804688
4hnn,5.7,6.234375
2b1q,1.59,2.1367188
4qwu,5.51,5.546875
4len,7.4,8.0703125
3k16,5.8,5.71875
3vb4,4.31,4.171875
4qkx,7.07,7.96875
3qtq,5.51,6.0585938
3rqe,4.77,5.234375
4b5b,6.41,7.0117188
1m7y,10.96,10.984375
3r00,5.07,5.671875
3e3c,5.62,6.1875
4uyd,4.1,4.3476562
3ftz,2.7,2.6230469
4r02,7.41,7.3515625
4raq,6.72,7.3164062
4c0r,4.91,4.8945312
3l6h,5.4,5.453125
2ghg,8.82,9.2265625
4bhz,4.27,4.8359375
3gk4,3.92,4.4570312
3v3b,7.26,7.2734375
4txc,6.62,7.09375
1i5r,8.52,8.7890625
3jxw,9.0,9.46875
3wns,5.96,6.2070312
1tsy,4.96,5.2148438
4auj,7.74,7.8632812
2psx,5.77,5.6914062
4xyf,9.0,8.90625
4j82,4.35,4.7070312
1xlz,6.02,7.1679688
1i41,4.57,4.6953125
1g4j,8.7,9.296875
4x63,6.77,6.953125
2aie,5.66,6.2539062
3djo,4.39,4.7148438
2h9m,4.46,4.5
1hk1,5.64,5.6601562
3oy1,7.8,7.7070312
1ebw,9.05,8.859375
4tkj,6.04,6.0546875
1yw7,5.85,6.5195312
4xhk,8.3,8.5
3ard,6.76,7.140625
1o2r,5.21,5.1445312
4oks,4.48,4.734375
4kp5,6.08,6.703125
4f9g,5.62,5.3945312
3d2e,6.42,6.9570312
3rdh,5.03,5.8710938
2wyi,4.74,5.890625
3uvx,4.34,4.1875
2w06,7.08,7.6015625
1ai5,3.72,3.9238281
4jfk,6.44,6.3476562
2oym,5.0,5.5898438
4ffs,10.44,9.9921875
4mwv,9.4,9.265625
2x4u,4.32,4.484375
4uat,5.89,5.3359375
4zdu,5.77,6.4296875
2flh,3.97,4.2617188
2o9a,3.81,4.1875
3hs9,6.31,6.6328125
4b6q,7.55,8.5
4wh9,3.0,3.3847656
1e2l,4.29,4.5195312
3dz6,7.82,8.2890625
2zxa,8.35,8.8984375
4jln,7.78,7.5078125
2uuo,3.77,3.7949219
2vuk,3.9,4.4492188
4ezk,8.2,8.578125
2pj4,7.89,7.2382812
1nw5,5.21,5.3671875
3g1m,6.3,6.2148438
3lpj,6.92,7.3671875
3hkt,5.39,5.8359375
1mf4,7.99,8.046875
1nwl,2.39,2.59375
1f57,5.64,5.4101562
1g3d,5.55,6.0859375
2vnf,5.52,5.4414062
4yo6,5.66,5.6914062
4non,5.24,5.6328125
3i60,8.7,9.046875
4nzn,6.38,7.0273438
2fjn,7.41,7.328125
4k6y,4.83,4.90625
4uiz,4.7,4.9804688
3hv4,6.51,6.7226562
1dhj,6.55,7.1015625
4iid,5.62,6.1953125
4cc7,4.33,5.34375
2y9g,3.77,3.8515625
2fqo,6.43,6.9296875
4fiv,6.52,7.2890625
4jps,8.3,8.3125
2yga,4.61,4.140625
2q89,6.3,6.0429688
1z4u,7.15,6.828125
2qtb,8.32,8.2265625
4j0y,6.36,6.1132812
3q5u,4.31,4.828125
1cet,2.89,3.359375
4ngq,8.8,9.375
3inf,7.4,7.2421875
4tk1,3.72,4.2421875
3gqz,2.17,2.2636719
4hra,10.1,10.6484375
3wv1,11.41,11.609375
2c8y,4.0,3.9179688
2hdu,2.3,2.6777344
1pot,5.49,6.6640625
4xpj,5.09,5.3242188
4ibm,5.74,5.6914062
2zdx,3.19,3.3398438
1mqh,6.52,5.921875
4qtb,6.7,7.0351562
2vo7,6.77,7.0390625
2uy3,3.22,3.8398438
3qx8,2.86,2.9628906
4n07,6.46,6.5
2xgo,3.0,3.375
4cl6,5.39,5.8007812
4xtt,7.37,7.984375
2pzy,7.47,7.8710938
3i6m,6.46,6.28125
3sbi,7.92,7.8476562
3tmk,6.87,7.953125
3h0j,6.49,6.265625
1zrz,5.24,5.3320312
3i1y,8.15,7.7304688
1l6s,4.41,4.7109375
3wk5,4.82,5.4765625
1koj,6.7,6.8164062
2nyr,4.66,5.3203125
4o0y,7.22,7.4609375
1bil,9.3,9.5
3pdc,7.49,7.4179688
3ud9,4.67,4.8984375
3t3c,10.23,11.34375
3bti,6.14,7.1289062
1qca,5.27,5.4375
3dzt,7.22,7.4804688
3owl,6.17,6.96875
3c89,6.07,6.0390625
2qbx,5.22,5.4921875
4acu,7.39,7.28125
1ywi,3.43,4.3164062
3oy0,8.0,7.6054688
2r2w,4.47,5.4921875
3uec,4.21,4.5820312
3itc,1.6,2.2167969
3rtn,7.13,6.9765625
1l2s,4.59,5.15625
3f5l,3.72,3.7070312
1urg,5.82,5.7695312
2ke1,5.3,5.0039062
3s0o,4.48,5.0898438
4el5,5.37,5.46875
3itz,8.85,9.1875
4kb8,7.89,7.671875
1y1m,1.82,1.6962891
1aku,6.13,6.7890625
3sd5,6.58,6.5117188
1rtl,5.59,5.53125
4gd6,7.38,7.9335938
3mvh,9.3,9.5546875
3msj,3.11,3.7421875
4hyh,9.0,8.8671875
2oxd,6.82,6.5429688
2vnp,9.92,10.140625
4kg1,6.56,6.5195312
3qs8,4.74,5.21875
3ti8,9.05,9.0859375
4eqj,5.6,5.5859375
3upf,6.7,6.6054688
3h5u,8.52,7.84375
2nng,5.36,5.4257812
3lc3,5.23,5.1601562
1mzc,10.22,10.1875
3fuh,2.7,3.0996094
3f8e,7.23,7.0117188
4qw3,6.61,6.984375
2ewa,7.94,7.9765625
3wd9,8.08,8.171875
1zd4,3.6,3.5996094
4f1l,5.12,5.7109375
3dct,6.95,7.078125
2gz8,5.52,5.9335938
4kx8,7.13,7.7226562
3f35,3.16,3.5820312
1pxo,8.7,8.8046875
2qwb,2.74,2.8085938
4lnb,6.56,6.2734375
2csm,4.3,4.4648438
1z6s,4.34,4.5507812
3h85,5.22,5.4492188
3hfb,7.52,7.6445312
2wxi,8.15,8.859375
3vdc,4.92,5.2851562
3pcn,3.66,3.7382812
1jh1,4.39,4.71875
4mww,3.67,3.9238281
3emg,8.05,8.1171875
3kig,6.61,6.609375
1y19,6.77,7.578125
5c83,6.8,6.7851562
4e70,5.28,6.2109375
3u93,6.31,6.8828125
1fta,6.36,7.0234375
4ach,7.66,7.5
3qak,8.32,8.9609375
3fw4,9.4,9.640625
2frd,4.54,4.7265625
3ad8,3.16,3.3417969
2ha3,3.03,3.1738281
3ati,3.73,3.7402344
1ctu,11.92,11.3046875
4uxj,5.42,5.5039062
1ke8,6.0,6.2539062
4gnf,3.35,3.0605469
3tu7,8.09,7.90625
4ieh,7.85,8.5390625
1qm4,4.3,4.1054688
1me4,6.84,7.0429688
4aq3,7.43,7.421875
3k7f,7.7,8.0078125
1y3g,7.4,7.1445312
4no8,7.15,7.4882812
3eqy,8.05,7.6835938
2xp6,4.7,4.4726562
3wv3,7.62,7.6679688
2e9o,7.7,7.6328125
2pjt,6.07,6.7109375
2gvf,7.6,7.9804688
1u32,7.01,7.40625
3uph,7.82,7.4492188
4igt,7.89,8.0859375
1vkj,4.85,4.6875
4aa0,7.46,7.6914062
2oxy,6.52,6.4335938
3vsw,6.89,6.8828125
3tiy,4.77,4.0039062
2y8q,5.82,5.3320312
2qcm,3.35,3.078125
1mmr,5.4,5.1289062
4z0q,8.17,8.0078125
1e34,2.88,2.8535156
1j4r,7.72,7.171875
3ds0,4.83,4.7734375
3qi1,7.66,8.0546875
5c6p,3.7,3.8730469
2zdk,6.37,6.2929688
1gym,2.7,2.3964844
1x81,9.19,8.9765625
4d3h,6.43,7.1328125
5d11,7.55,7.5273438
1q4x,9.48,9.34375
1r2b,4.94,4.421875
1bgq,8.57,8.453125
3qel,6.49,6.234375
3d8y,3.4,3.3007812
1lvu,5.32,5.734375
4mga,5.86,5.1640625
1noj,3.15,3.3007812
1m51,4.73,3.984375
2hwh,5.7,5.4375
2y7z,8.7,8.53125
3fqa,0.49,0.5415039
3ifl,8.08,7.1015625
3skc,8.8,8.9609375
2itk,7.69,7.0273438
3ijy,6.04,5.859375
1zpb,6.07,6.203125
2vfz,3.61,3.1757812
4nhc,7.34,6.6484375
1mhw,7.35,6.953125
3pgu,6.7,6.0976562
2zgm,1.79,1.609375
3m6q,7.32,7.453125
4obz,5.72,5.5859375
1epp,7.16,7.59375
4e49,5.11,5.03125
3vx3,7.82,7.6757812
4o2b,5.74,5.90625
4otw,9.28,8.8828125
2ieo,8.49,9.1328125
2vti,6.18,6.1523438
2a3w,5.42,5.1992188
1c2t,6.59,6.5195312
4du8,5.37,4.453125
2x7x,5.7,6.796875
4c3k,4.97,4.3710938
3gxl,7.6,7.4101562
4x6i,8.0,7.8867188
3ie3,6.68,6.8945312
3lkz,6.15,6.0429688
2bve,3.67,3.40625
3hzv,6.52,6.15625
3snb,4.38,3.9570312
2esm,6.28,6.4765625
4a7c,8.22,8.140625
3vje,8.01,8.34375
4lyw,6.63,6.3867188
1fao,7.37,6.65625
3ok9,11.23,11.7421875
4d8i,6.69,6.2421875
5ccl,4.77,4.4335938
4ht6,6.21,5.8125
1b3h,6.21,6.6523438
2w73,6.52,6.1210938
3su4,6.26,6.8085938
4gs8,7.0,7.2265625
3u8j,8.51,9.25
11gs,5.82,5.7226562
2wzx,6.0,6.1015625
1ax1,3.29,3.4121094
4qnu,6.4,6.25
1sr7,10.1,9.7421875
4yhf,8.34,8.7890625
3uqp,7.31,7.3632812
3qw7,5.74,6.25
1rti,4.77,4.8046875
3bxz,6.72,6.578125
3g6m,1.71,1.6982422
5alj,5.56,4.8046875
4jof,4.17,4.2382812
2viz,6.22,6.390625
2nm1,7.47,7.2617188
3bgp,7.04,6.8867188
2zju,5.81,5.4804688
1bky,3.84,3.9746094
2fix,6.24,6.2617188
3ktr,6.15,5.375
3lkh,6.1,6.5976562
1qbs,9.47,9.5
3saz,6.1,6.4921875
4mnv,4.94,4.7539062
4x9w,6.85,7.0273438
4flh,9.0,8.4375
4p0v,5.92,6.0429688
3vbg,7.48,7.3828125
4qn9,4.41,4.5703125
2xl3,5.25,5.078125
1at6,4.07,4.09375
3qdd,8.77,8.8984375
1dzk,6.1,5.3945312
1ykr,6.25,6.3828125
3gol,7.09,7.78125
2x7s,5.78,6.015625
4hlc,6.76,6.5703125
2vvs,7.34,6.8984375
4dru,8.62,8.953125
4gm8,9.0,9.015625
5a82,5.6,5.1953125
1ff1,4.92,4.7382812
4lgh,8.7,8.734375
4zuq,6.89,6.4179688
3fud,2.7,2.6230469
3ess,6.39,5.9726562
4yax,5.82,5.0976562
4hxr,5.39,5.171875
1ao0,4.96,5.046875
2gdo,9.49,8.6484375
4qyh,8.89,8.65625
1mns,4.17,3.9960938
3e90,7.39,7.3085938
3lpt,4.91,4.609375
5cwa,4.77,4.6132812
3smq,5.02,4.7109375
2kmx,4.08,4.1328125
1zxc,8.1,7.5625
2zvj,5.74,5.5703125
3chp,5.27,5.2851562
2qi1,7.3,7.6914062
3p9j,7.51,6.9140625
4dvf,6.89,6.7421875
4jbo,7.62,7.2929688
3t6y,5.52,5.1054688
1i9l,8.48,8.5
2fx9,7.77,6.9960938
4rak,7.85,8.171875
3ddf,4.66,4.5898438
4qzs,7.05,6.9140625
4jp9,7.62,7.5078125
3fu0,2.28,2.1464844
2w1f,8.23,8.03125
3bqc,5.73,5.8554688
2aoc,4.89,4.390625
1g54,8.82,8.703125
3tpu,4.32,4.1445312
3nex,6.0,5.6328125
3p50,4.62,3.8398438
3gfe,8.49,8.7890625
3v43,4.63,4.7851562
4d08,8.0,8.46875
4bzn,5.84,5.8515625
1o4g,2.3,1.9306641
4dcy,4.52,3.9941406
4cl9,7.3,7.3789062
2brh,4.64,4.4609375
4brx,6.49,6.1601562
4x24,9.78,9.625
3uol,8.51,8.7578125
4gtm,8.04,8.515625
3nxq,8.15,8.2734375
2ieh,6.96,6.5625
2wtw,8.19,8.3046875
3qrk,7.24,7.90625
4li8,8.12,8.171875
4xe0,7.72,7.546875
4jvi,5.3,5.4179688
3vtb,9.3,9.3125
4o42,4.66,4.90625
1czq,4.54,3.5175781
4n1t,9.1,9.1640625
4waf,5.0,4.796875
4pvo,6.31,6.453125
4g16,6.85,6.1445312
2xey,5.19,4.7890625
1jfh,2.05,1.4775391
4l53,7.55,6.9023438
3t5i,6.82,6.4570312
4uwg,8.15,8.1796875
2ntf,6.52,6.0859375
3tic,8.87,8.8046875
1rhr,8.1,7.7578125
1meu,6.1,5.3476562
1o45,9.6,9.125
3q71,5.22,4.703125
1w0y,6.42,6.65625
4i11,4.57,4.1992188
1nu8,5.42,5.1171875
4bs0,5.7,6.125
3m59,5.24,5.5507812
4hgs,8.3,8.21875
4uiv,7.8,8.078125
2pzi,6.1,6.3164062
4htx,8.33,8.2734375
1veb,7.41,7.2070312
1h3b,6.85,6.7460938
4eev,8.33,8.9765625
1w7h,3.0,2.4121094
2ybs,4.59,4.0703125
4no6,6.11,5.7226562
5aes,2.89,2.7070312
3wb4,4.44,4.2421875
4mm5,7.74,7.7109375
4npv,7.46,7.6601562
3k3b,6.7,6.6289062
3u6w,6.92,6.9492188
4r1v,9.0,8.6484375
3bbt,6.15,6.0703125
3qc4,8.7,7.9414062
3n1w,3.3,3.6230469
4jyt,7.4,7.3242188
5cjf,9.59,9.3203125
3vhk,4.6,4.4492188
2vfk,3.71,3.7558594
3ohf,7.03,7.4570312
4umr,3.8,3.6699219
2xv1,5.99,6.1757812
3vw2,4.75,4.6640625
4en4,5.52,5.2929688
4qp2,3.03,2.6191406
4u0g,5.29,4.8320312
3cib,7.85,7.796875
1c5p,4.68,4.4921875
4pg3,7.85,9.15625
1e02,6.15,6.4960938
2b53,6.22,6.9101562
2p83,7.96,7.5820312
2r3m,8.0,8.1015625
4uiy,5.6,5.2539062
1hbj,8.52,8.2578125
4mny,5.71,5.7851562
2jh6,7.77,8.171875
3al3,5.68,6.1171875
3hfj,4.44,4.5664062
3zvt,5.92,6.078125
2er9,7.4,7.1054688
5aad,6.67,6.328125
4lnw,7.04,7.296875
4eh9,2.26,2.9882812
4fk7,5.24,4.65625
2vto,6.85,6.5234375
4aa4,8.05,8.1484375
3f7z,7.19,7.1953125
4arw,7.13,7.0117188
2bzz,6.43,7.1054688
4z7i,8.11,7.9453125
2chz,7.8,7.3515625
1xd0,7.12,7.1523438
2xwe,6.02,6.1679688
3iw7,5.64,5.8867188
1zz2,5.22,5.296875
4r07,5.32,4.5390625
4myd,4.55,4.9140625
3u3f,5.1,4.734375
1egh,5.7,5.5039062
3zh8,6.47,6.0664062
3le6,7.46,7.3867188
2dq7,8.32,8.59375
4hdc,8.92,9.171875
2ow0,6.7,6.765625
3uoh,7.89,7.6054688
2zx6,10.6,10.8203125
3muf,6.49,5.34375
4ksy,8.42,7.8203125
4nrq,3.46,3.3183594
4r74,8.1,7.0273438
1pmu,6.23,5.8867188
2c3j,6.18,5.859375
1cea,4.96,5.4882812
3zbx,8.22,7.953125
1iew,4.59,3.9550781
4k5y,8.17,7.9023438
2xh5,7.57,7.4609375
4up5,2.6,1.8183594
1z9h,3.0,3.2421875
4mi3,4.12,4.4179688
1qf0,7.38,6.9609375
3kr0,4.7,4.4375
3rjc,5.24,5.6757812
5c8n,7.55,6.9414062
2fr8,3.15,3.03125
1uvs,5.4,4.4570312
1fo3,6.7,6.5585938
1kf0,2.55,2.4472656
3f82,8.34,8.3359375
4m8t,6.43,6.5898438
4e3o,6.51,6.6328125
2r6f,8.0,7.421875
4l10,7.15,7.1992188
4cwp,6.77,6.765625
1m0o,2.31,3.0859375
2gg2,6.6,6.5546875
3ttj,6.68,6.9726562
2bdj,9.35,9.75
3amv,7.97,8.03125
3r9h,4.0,3.6035156
1zsh,7.07,7.375
3btr,5.3,5.2890625
1mn9,4.62,4.1523438
3g90,6.36,6.0234375
3c14,3.52,3.0410156
3p2e,6.22,6.0664062
4lp6,8.27,7.375
1e8h,5.68,5.4921875
7std,10.72,11.421875
3wke,8.89,8.8125
2c0o,5.91,6.609375
3ral,7.0,6.8007812
4ucs,4.21,3.9238281
1dxp,7.57,7.2070312
3dm6,7.43,7.4960938
4dvi,6.72,6.484375
4yv0,3.28,3.1816406
4fab,8.06,7.8476562
2pj3,8.18,7.0390625
4bpi,6.17,5.6367188
4oon,7.52,6.859375
4fns,6.7,7.1445312
3oyq,7.99,7.5820312
3hqr,5.52,5.3203125
2hzi,7.15,7.0585938
3neo,5.92,5.4492188
3pb3,6.22,6.3867188
3zly,3.52,3.3476562
3okv,6.23,5.6992188
4lnf,2.62,2.8457031
2hmw,7.7,7.4609375
3zi0,7.4,6.6601562
4mcd,5.33,5.3671875
4g31,9.4,9.03125
1f4g,6.48,6.171875
4jmu,5.47,5.59375
2gmv,6.2,6.2617188
3rsv,9.15,7.1992188
3h89,7.64,7.40625
3f6h,4.72,3.734375
3agm,9.09,8.625
3sff,6.7,6.4296875
4o97,8.52,8.78125
4utx,5.24,5.015625
3hac,8.17,8.171875
4rn0,6.59,6.5898438
5akz,5.26,4.6757812
4bde,4.8,4.40625
4ngn,7.55,6.9179688
3wtk,6.53,6.8007812
1hsh,9.42,9.3203125
4i8n,4.46,4.7382812
4b95,4.28,4.4765625
1uk1,7.22,7.6679688
3uvq,7.77,7.5898438
1ym2,8.0,7.9570312
3v31,5.8,5.0078125
1tl1,6.42,6.7148438
4nh7,8.4,8.375
3iqv,5.18,5.2460938
3vp2,5.1,4.796875
3p1d,2.64,2.6796875
3ocg,8.52,7.7929688
4ir6,6.08,6.1054688
3psd,8.52,8.8359375
2byi,6.34,5.2890625
2h9n,3.94,4.1640625
2wcx,7.6,7.0507812
2xk3,5.68,6.1367188
4u0d,4.31,4.1484375
2a4l,6.4,6.109375
3pma,5.4,5.8125
4joa,7.54,7.359375
1h61,4.89,4.4335938
4txs,3.0,3.1523438
3max,6.05,6.0585938
3ehn,1.92,1.8486328
3bbb,7.0,6.890625
3m6p,8.35,8.484375
2xel,3.9,3.7851562
1g3c,5.8,5.5546875
4ozn,5.4,5.8203125
4o2a,5.74,5.2578125
3ine,6.77,7.2265625
3sw8,4.5,3.9941406
2yjx,5.12,5.328125
4lxb,8.15,7.7304688
4x6j,7.8,7.8125
1fl6,7.43,8.0234375
4umn,7.2,6.7539062
3o6l,7.51,8.0546875
4xt2,7.15,6.9609375
3nf8,3.0,2.9570312
2r3n,7.15,7.5976562
4ret,7.59,8.671875
2lyb,4.46,4.6757812
3evd,6.91,7.1054688
1m74,7.0,6.640625
3bm8,3.54,3.5078125
3b9s,5.3,4.6289062
4qfr,8.13,7.9335938
2qlq,6.63,7.125
2xhr,8.32,8.46875
4mk9,8.05,8.234375
1gja,5.42,5.453125
4j51,6.59,6.1484375
2w26,9.4,9.8515625
2w8y,9.09,9.4921875
3g32,3.71,3.6523438
3h8b,6.29,6.203125
4e3j,8.92,8.8046875
4m7j,6.11,6.1796875
4lko,8.22,8.609375
3as0,4.55,4.3164062
2eg8,4.5,4.328125
3gsm,6.48,6.2890625
1dth,8.22,7.4140625
4h1m,7.11,7.5078125
3k83,7.66,7.6210938
2x5o,4.07,4.1171875
3udr,4.96,4.5390625
2fjm,6.85,6.7460938
3fi2,7.6,7.4765625
2lp8,7.52,7.5859375
2pvv,3.36,2.9960938
4e9c,5.96,6.1171875
3s00,4.92,4.6171875
2xag,4.55,4.4648438
4r5g,5.22,5.1015625
2ajl,7.89,7.828125
2b1v,5.74,6.1835938
4bco,6.88,7.0859375
5alf,6.69,6.8632812
3zmi,5.95,5.8242188
3qzt,4.0,4.328125
1zh7,6.3,5.5390625
3fwv,5.64,6.0195312
4qhp,8.05,8.4140625
3ujb,5.1,5.8671875
4mnq,4.43,4.6992188
1izi,6.59,6.8242188
3i7i,6.21,6.0898438
1c86,4.7,4.1679688
1ogx,6.09,5.3515625
2evc,6.54,6.1367188
1xp6,9.4,8.96875
4xbo,4.59,4.4335938
1z3v,4.11,3.4335938
4ght,5.78,5.9335938
4ek9,4.42,4.3554688
5cyi,5.88,5.9179688
2p2a,6.12,5.2773438
1pcg,7.6,7.1523438
3cj3,4.24,4.3632812
2ccs,5.7,5.9179688
3ryz,8.62,9.03125
2p7a,6.1,6.2460938
4f3h,6.38,6.296875
2xcs,7.85,7.921875
3l3m,8.22,8.625
3zm4,5.96,6.9609375
4nrl,8.62,8.90625
4bzo,7.89,7.7539062
3khv,1.85,2.0273438
4eg4,7.89,8.359375
2w4i,6.3,6.0273438
3opp,6.28,6.4101562
4p6w,9.15,9.5703125
1b9j,5.96,6.546875
3jrs,4.28,4.5195312
1o39,7.13,6.6679688
2ai8,6.8,7.2929688
3q4b,9.33,9.59375
3gnv,7.03,7.3085938
4erq,7.12,7.1679688
2qt5,5.03,4.9375
3ppj,8.7,9.375
1ttm,7.35,7.34375
3tv5,5.32,5.390625
2vpg,5.68,5.8203125
2eum,6.7,6.6210938
2e9a,6.04,6.3789062
4hby,5.36,5.0195312
2gqn,5.35,5.2539062
4f0c,6.27,5.9375
3ncg,6.82,7.1445312
2xfk,8.52,8.8046875
2k3w,5.24,4.890625
4rsk,4.32,4.3984375
4e1e,6.31,6.109375
2bxt,8.52,8.109375
1lkx,5.15,5.2070312
1uxb,2.15,1.7353516
1gww,3.59,3.8085938
3p4q,6.52,7.2851562
1a9m,6.92,7.0429688
2i4j,6.16,6.6289062
4o0x,7.17,7.6914062
4h4d,6.82,5.875
1qs4,5.64,5.5
3gpj,5.11,5.1679688
4g3f,8.36,7.7421875
1c50,6.48,6.296875
5dhh,9.18,8.6015625
4alv,8.15,8.1640625
4o07,7.38,7.4804688
3pp1,8.49,8.671875
4mz6,5.02,5.921875
1yej,7.46,7.4140625
3qnj,6.0,6.0390625
3f36,2.89,3.1875
4eh8,2.2,2.1347656
4apr,6.7,6.796875
1els,10.82,10.3046875
2yoh,4.96,5.0625
2wnl,6.0,5.7382812
4mxc,8.17,8.25
4bg6,7.16,7.203125
3uix,6.82,6.4101562
4wbo,4.2,4.484375
3qem,7.22,6.7890625
2wmu,4.38,3.8945312
4x61,9.0,8.75
3g0d,8.3,8.203125
4fxp,4.09,4.5898438
4j86,3.77,3.8535156
4mot,7.3,7.4257812
2bcd,10.22,9.765625
4fht,6.17,6.53125
2zv2,6.3,5.96875
2wr8,5.44,5.4414062
3rwe,7.37,8.0703125
2avv,9.26,10.3828125
3cic,8.52,8.09375
2jkt,6.51,6.1953125
4q1a,9.3,9.5703125
2cli,4.3,4.3085938
2d0k,5.02,5.3554688
4o77,5.6,5.1679688
1oyn,6.26,6.0546875
3ivv,5.43,5.203125
1qwf,6.35,6.5546875
4ozl,4.97,4.8125
1inh,2.3,2.9863281
3od0,7.92,8.1484375
4ycv,5.82,5.8671875
3puj,4.51,4.6796875
4lww,7.54,7.0195312
4o3c,2.59,2.6640625
4ojr,7.42,7.4960938
1gi7,4.51,4.5078125
4fbe,6.99,6.4882812
1a1b,6.4,6.6328125
1ssq,6.0,6.1640625
1gmy,7.35,7.3359375
4bcw,4.0,4.46875
4tk3,5.1,5.8164062
2fl6,7.42,7.3203125
5a81,5.54,5.4335938
3hk1,6.17,5.6640625
3wtl,7.04,7.5898438
4lv4,5.0,4.8671875
4q3t,6.48,5.9023438
2ydk,8.15,8.140625
4tw9,7.7,7.5859375
3kqm,3.77,3.9394531
3zot,5.95,5.5390625
3wiz,8.36,8.5546875
2nxl,6.27,6.0234375
3f68,5.06,5.3203125
1cim,8.82,8.5859375
2zoq,6.05,6.1445312
1ci7,7.05,7.3671875
3wdc,7.92,8.140625
1p02,7.17,7.0039062
1hqg,3.0,3.4472656
1xmu,9.08,8.640625
4oth,8.05,7.5429688
2oyk,5.3,5.5390625
4o75,4.68,5.2851562
4i8x,2.64,2.8105469
3ho2,6.95,7.5195312
4lm3,2.92,2.9511719
3wuv,5.17,5.203125
4qqc,7.34,7.484375
2zgx,6.74,7.1054688
3exh,4.88,4.6015625
3hdk,4.76,5.0234375
4flk,5.25,5.5429688
4oew,6.82,7.25
3tz2,5.24,5.5898438
3evf,6.77,7.1484375
3agl,7.8,7.15625
4gw1,6.37,5.9375
4h3c,5.72,5.7109375
1g46,8.8,8.0703125
2vcx,7.68,7.3984375
4djx,7.23,7.21875
2gh6,4.95,5.0507812
1p2a,7.92,7.96875
4wa9,8.42,8.5859375
5alr,7.07,6.6328125
2xg3,4.74,4.6914062
4fe9,3.0,3.09375
3wf7,6.69,6.3203125
3g4l,8.24,8.4296875
4a6l,8.0,8.1171875
3obx,3.89,4.0625
3i5n,7.85,8.078125
1w7x,8.4,8.34375
4ymq,5.8,5.7734375
4ycu,5.48,5.9648438
4bdf,4.09,3.5917969
4b0g,7.82,7.3554688
4wrq,5.34,5.6484375
1epo,7.96,7.78125
3aau,5.05,5.390625
1i00,6.34,6.0976562
4ruu,7.54,8.171875
4jju,6.29,6.03125
1vcu,3.85,3.4042969
1gnj,7.04,7.234375
3mw1,9.09,9.03125
1dqx,11.05,10.609375
1zzl,8.3,8.0546875
3juq,4.91,5.0234375
1h2k,2.92,2.9492188
3nuu,3.77,3.9375
4k6t,4.1,4.0273438
4ixh,8.21,8.375
1hvy,6.54,6.4453125
2jkm,7.75,7.1835938
4gpl,5.89,4.75
2wcg,6.38,5.6835938
1i7i,6.7,6.2773438
4w9q,6.85,6.359375
2jb6,10.96,10.75
3oad,9.62,8.6328125
4oar,10.42,9.9921875
3tz4,5.49,6.03125
1tuf,4.05,4.0898438
2hhn,7.49,7.2929688
4ww6,10.21,8.765625
4d8n,5.74,5.1210938
4eon,6.05,5.9375
1ocq,5.19,5.1796875
4pm0,7.35,7.21875
3faa,8.15,7.875
3ro0,4.5,4.28125
3gqo,5.41,5.2460938
2iu0,6.89,6.6523438
3ekx,9.41,8.6796875
1om1,6.77,6.2460938
2xm9,8.05,7.5859375
3hmm,7.6,7.4179688
4qvw,5.38,4.9726562
3lnk,5.94,5.625
3ieo,6.48,6.2304688
3zmq,6.44,5.9648438
4r17,7.68,6.7851562
4qws,6.5,6.6484375
4mq1,7.92,8.015625
2bak,7.43,6.84375
4fm7,7.24,6.71875
2cer,9.22,9.234375
1qpe,7.7,6.84375
4q1b,8.72,7.9804688
2wtx,2.89,2.6308594
3fzr,7.96,7.75
1lnm,8.7,8.5703125
2bdy,7.77,7.578125
2ha4,2.7,3.1035156
4rux,7.92,7.8476562
4q9y,5.68,4.9140625
1b8o,10.64,10.4375
1fkg,8.0,7.640625
2q38,5.23,5.5117188
4kzc,8.09,7.1953125
1hiy,3.08,2.65625
4u03,5.77,5.0703125
4b9w,4.17,4.7265625
1c3b,7.57,7.7304688
3kce,4.8,4.9453125
2w1d,6.04,5.5664062
4tv3,8.72,7.8359375
2oi9,5.7,5.8828125
2q72,2.68,2.7871094
1r5v,4.48,4.4882812
3d83,8.36,8.0859375
3kad,5.12,4.8125
1awi,4.05,3.9316406
4bcg,8.15,8.046875
3fts,3.67,3.5351562
4us4,5.32,4.9335938
2qrq,5.1,4.7695312
5afm,4.15,4.0273438
4acg,9.66,9.09375
2aac,2.22,2.6171875
4c37,7.71,7.75
4ptc,8.96,8.609375
1hqf,5.0,4.953125
3f7i,7.34,7.4414062
5e8f,8.64,8.359375
4og4,6.02,5.6015625
4bo6,6.74,6.3125
4aj4,3.89,3.75
3g45,8.36,6.9921875
1skj,5.15,4.9960938
3rwi,6.94,6.6601562
1n8v,6.03,5.9257812
4kyh,5.92,6.125
3mjl,2.44,2.9882812
4ke1,8.6,8.5
1kat,6.0,6.0898438
5akl,7.07,6.9648438
3qzv,4.16,4.2304688
3fmr,7.97,7.9335938
1d7x,8.52,7.9375
4yti,7.89,7.5585938
4hxj,4.13,4.0859375
4yc0,4.13,4.109375
3w55,7.1,6.4257812
2r1x,4.8,5.078125
3du8,6.84,6.2226562
3t2c,4.6,4.65625
4qme,6.52,5.9726562
1qyg,6.85,6.1484375
2hny,5.93,5.0898438
3ap4,3.92,3.9296875
3ztx,7.74,7.265625
5c2a,8.32,7.6484375
4uu8,6.54,6.1171875
3fyz,5.8,5.9804688
4r7m,7.96,7.4609375
3t2v,6.99,6.7851562
2xtk,3.79,4.2382812
3q6z,3.72,3.6835938
1hkm,8.72,8.5
3vsx,8.85,8.2265625
2fde,9.15,8.984375
2f89,6.48,6.4101562
4ylj,8.22,7.40625
3ds9,7.39,7.3242188
4q3s,6.59,7.0625
4twd,5.08,4.875
4mz5,6.1,5.7148438
2cgx,4.81,4.8398438
2cf8,8.1,7.9570312
5ai8,3.9,4.3007812
3db6,6.14,5.6523438
1g1e,7.54,7.2773438
3ixj,9.49,9.2734375
4phv,9.17,8.8203125
4tkb,5.59,5.9375
4fl3,3.82,3.6621094
3osw,6.15,5.2460938
7cpa,13.96,13.5234375
4ufm,3.72,3.7167969
3qc9,6.06,6.2773438
1il5,2.66,2.78125
3aza,5.13,4.5664062
2yi0,8.12,8.4765625
3mv0,3.85,3.4101562
1f8c,7.4,7.0039062
4oo9,9.07,7.765625
1x8r,6.12,6.7460938
1f47,4.67,4.546875
1gt5,6.1,6.078125
1pw6,5.22,5.125
3ftv,2.93,3.1855469
4n4s,6.88,7.046875
2r6y,9.49,8.8125
4ttv,6.68,6.7460938
2qrg,5.18,4.3320312
4yef,5.35,5.375
3bl2,5.8,5.921875
1nvr,8.11,7.7460938
5cbm,7.77,7.6835938
4uvc,6.88,7.359375
1v2w,4.01,4.34375
4jfm,5.48,5.2539062
4nw7,6.63,6.9882812
4b81,4.92,5.0546875
1re8,9.52,8.578125
1uou,7.7,7.2421875
1wvc,4.46,4.8164062
2i72,7.43,7.7695312
1ga9,7.08,6.9765625
2erz,5.66,5.6367188
4o24,4.3,5.203125
1bmq,7.42,7.3007812
1mj7,8.35,7.7851562
4btt,8.84,8.984375
5apj,7.4,7.7421875
4fgx,7.14,7.3671875
4yrt,2.78,2.5292969
1gu3,4.32,4.5507812
1o2o,6.36,6.5
1ga8,1.8,1.7861328
1o4e,3.3,3.390625
4abj,7.47,7.5742188
4mho,5.08,4.9648438
4ezq,5.2,5.7421875
4url,6.3,7.140625
4jss,3.3,2.7402344
4usj,4.0,3.6933594
3m11,7.37,7.3671875
4umt,6.14,6.2851562
4aoi,8.4,8.6015625
3d1e,5.77,5.7929688
3eml,8.74,8.5546875
3oot,8.7,7.984375
2xk8,5.62,5.5117188
4pl4,5.27,5.109375
4qpl,7.41,7.4609375
4l0s,6.84,7.2070312
1vj5,6.92,6.8203125
1ol1,4.68,4.6210938
4hlk,5.96,6.1835938
3erd,9.9,8.6328125
4omk,4.4,4.8945312
4u6e,3.3,3.5976562
1ozv,1.44,1.6669922
3ni5,7.55,7.3632812
4m14,6.7,6.0976562
1z9y,7.19,7.0625
1pbq,6.27,6.5820312
4an2,9.05,8.7265625
3gjd,7.33,6.6679688
3ch9,3.3,3.5957031
3a2c,6.9,6.8125
1xt3,5.7,5.03125
2ykj,6.21,5.6054688
1jlq,8.15,8.109375
2j7f,6.35,6.0898438
4rt0,5.5,4.8359375
4mx0,6.73,5.9804688
4wmx,4.85,4.59375
1np0,3.57,3.7695312
3e5u,5.85,6.1015625
3po6,7.06,7.15625
4xjt,5.14,4.8867188
3tki,10.3,10.7265625
1w0z,7.68,7.6054688
1nj1,7.6,7.7851562
4h58,6.72,6.34375
4pft,8.64,7.578125
4gui,3.64,3.0878906
4bf6,8.35,7.6171875
2l3r,4.66,4.8554688
4j1k,7.89,7.921875
4q6e,6.18,6.6132812
3hig,7.89,6.9960938
3hbo,5.09,5.9375
3hl8,4.49,4.9765625
1hii,7.28,7.4921875
3hs4,8.0,8.0234375
3i51,7.7,8.671875
4q1y,10.35,10.59375
3arg,7.26,7.78125
2am1,6.0,6.0742188
2ksb,3.12,3.390625
4gtt,8.22,7.96875
1fsw,6.49,6.09375
1me7,7.19,7.7382812
2wa4,4.74,4.4921875
4qem,7.8,7.5625
3okh,5.24,5.453125
2vh6,9.7,9.890625
1q4k,6.55,6.4492188
3o84,7.24,7.4414062
2gu8,8.59,8.765625
4kp4,5.17,5.0664062
3mb7,6.7,6.6679688
3uvm,7.52,8.140625
4f14,4.89,5.4257812
1w1g,7.68,6.9648438
2an5,5.68,5.4257812
3db8,7.0,7.8671875
3p3g,9.74,9.875
4lkm,6.34,6.3945312
2vcw,3.05,3.5117188
1dud,4.82,5.21875
2w0d,8.7,8.375
3h59,7.89,7.9296875
4rx7,8.3,8.359375
2lbm,6.57,6.5078125
2wgs,5.6,5.3085938
1qvu,4.46,5.0703125
3kyf,6.78,5.9179688
3s74,8.4,9.5
1fiv,6.59,7.171875
2xfj,7.89,7.75
4c1e,7.14,6.703125
1rrw,4.55,4.9296875
3k84,8.52,8.671875
1fhr,4.0,4.1328125
4yyn,3.96,4.8554688
3wig,8.64,8.078125
2pcp,8.7,8.7890625
4qjm,8.17,8.1328125
3vv7,5.34,5.5546875
3f6e,2.38,2.9433594
2i3i,7.3,7.0820312
3hjo,6.52,7.3046875
3azb,4.92,4.921875
4pd9,3.33,3.7636719
5ai0,3.69,3.9472656
3lk8,7.71,8.3828125
1tsv,4.8,4.6640625
3e85,5.38,5.65625
3rk5,5.4,6.0546875
2k2r,2.89,3.7304688
2yj9,7.02,6.9023438
1kc5,7.0,7.1328125
2aox,7.42,7.1992188
3qxv,8.4,8.890625
2y0j,7.92,8.109375
4xmo,8.7,8.875
4o3a,2.59,3.4394531
4at3,8.4,8.921875
3hio,6.52,7.5039062
2y7p,5.47,5.6484375
1j19,7.79,7.5664062
4j84,4.69,4.1054688
4ps1,6.66,6.7890625
4fqo,5.16,5.7148438
1h36,7.74,7.703125
3hp2,6.17,6.6757812
2py4,6.7,6.96875
4uct,3.12,3.3007812
2vew,7.19,6.9179688
1t2v,6.4,6.2304688
3gi5,11.22,10.9765625
3nus,3.51,3.9707031
4x3i,3.17,3.8222656
3qsd,7.19,7.8867188
4u79,6.4,6.8671875
1k3n,4.99,5.2421875
1q41,7.66,7.9179688
1y2h,7.25,7.203125
2bt9,6.19,5.3085938
3zhf,3.92,4.3164062
4fgz,2.87,3.625
6gch,4.7,5.4257812
4gh6,7.68,7.4726562
3kf4,9.3,8.5703125
4oex,5.84,6.3046875
3rxp,2.08,2.0371094
2xyn,8.4,8.34375
3dcw,9.0,8.9609375
3dux,7.0,6.8710938
2ans,5.92,6.2929688
4q6d,7.36,7.7773438
4wmy,7.07,6.1835938
3f34,3.16,3.4296875
4xyc,7.51,7.9609375
2oc7,5.85,5.7617188
1h60,4.7,5.453125
1n7t,6.82,6.8046875
1kv1,5.94,6.3710938
4yuy,3.34,3.3457031
2g1r,7.7,7.8125
4hgt,7.4,7.53125
3qkk,6.52,6.6210938
3l5d,4.11,4.6523438
2w6n,6.9,7.2421875
2pcu,3.04,3.0683594
3c4h,5.7,5.2890625
4h85,5.15,5.2929688
3f8w,4.08,3.9335938
3qrj,8.4,8.0546875
1qvt,4.38,4.7734375
2qcg,4.0,4.2460938
4wkp,9.55,9.4765625
3nkx,5.12,5.015625
1m21,6.52,6.8476562
3s9z,6.22,6.0703125
1gvu,9.0,8.828125
1zfk,7.92,8.1640625
4lpg,4.25,4.5664062
4kyk,4.74,5.3085938
2o3z,5.7,5.9375
2z7h,6.94,7.0859375
4ciz,7.29,7.5585938
3d2t,7.12,6.7421875
4lng,5.62,5.7929688
4fri,5.55,5.9492188
1g74,6.52,6.0546875
3qlm,6.37,6.1445312
4u0b,4.3,4.7734375
2e27,9.35,10.359375
4cfu,4.0,4.4765625
1aqc,5.34,5.5234375
1zxv,6.1,6.1445312
4y16,7.43,6.9375
4ykk,2.77,3.1328125
2o0u,5.49,5.4570312
3co9,8.0,8.546875
3mhm,7.0,7.0
3t4p,5.19,4.6835938
4lop,8.15,7.9882812
3eql,5.3,6.1484375
4h5e,6.07,5.53125
1xff,4.82,5.296875
4lxa,8.7,9.0546875
2e5y,5.85,5.2695312
3zlw,3.7,3.6894531
4gg7,8.2,7.5859375
2k62,4.7,4.9101562
1v2t,4.71,4.953125
1iy7,6.19,6.2109375
2joa,5.96,4.953125
3gy7,4.52,4.1367188
2nxm,5.19,5.1523438
3og7,7.51,7.7070312
1d4l,8.77,8.265625
5boy,5.6,5.1757812
1n0s,7.45,7.6875
1jsv,5.7,5.6367188
4ayu,4.73,5.1210938
1e1y,5.6,5.5820312
4r5x,5.26,5.5
3o9b,12.3,11.4609375
4ipn,3.39,3.3378906
1ftj,6.09,5.9140625
2cbs,8.22,8.625
3rxf,2.6,2.5078125
4emt,5.3,5.9492188
5akg,4.46,4.4179688
2w0s,3.3,3.3691406
3os3,6.63,7.703125
2q93,6.25,5.90625
3nzw,5.82,5.7421875
3q8h,4.15,4.7070312
4ajw,5.86,5.953125
4q9m,7.18,6.8203125
4kz0,5.38,5.5117188
1ec2,10.0,9.5703125
3g5y,7.46,7.0039062
3rhk,6.26,6.703125
1no6,4.41,4.5664062
3fc1,8.0,7.4765625
2k4i,3.84,4.0117188
4hu1,7.54,7.78125
4ys7,9.0,8.7890625
4xcu,8.22,7.859375
1xm6,6.38,6.3320312
1q0b,5.17,5.7265625
2bza,2.8,2.5820312
2bgr,3.6,4.1835938
2w1c,8.0,7.4726562
1gi6,6.22,6.4882812
3k9x,8.4,8.328125
2azr,3.64,3.4453125
2g83,5.92,6.5664062
3zy2,6.46,6.6679688
4ej2,2.49,3.125
2bq7,7.05,6.8710938
2cmc,5.76,6.1953125
3d45,5.68,5.28125
4ad2,6.2,6.71875
4i0t,7.59,7.3359375
2c93,4.92,4.359375
2oj9,6.41,6.3554688
3ej5,3.57,3.9648438
1qiw,7.74,7.1679688
4o2e,8.0,8.265625
1i8h,4.54,5.1523438
1fo0,5.59,5.21875
2j75,6.65,6.6328125
4jzi,7.4,7.2109375
4zud,8.16,8.21875
2brg,5.21,5.1757812
4uib,9.0,8.8125
4u0w,3.0,3.1816406
1xh3,5.51,5.234375
2c68,5.74,5.7421875
4oq3,8.1,8.0546875
2c5x,6.6,6.8945312
5akk,4.0,4.2578125
4o2c,8.0,6.875
4rss,8.77,8.1640625
3fq7,2.52,2.5449219
4q4i,7.33,7.3945312
1utl,2.47,2.9628906
3tvc,7.74,7.3867188
4j0v,7.55,7.7460938
2r2l,9.0,8.953125
4gbz,3.11,3.7597656
5dj5,5.6,5.484375
4l2g,6.68,6.8984375
4z7n,5.04,5.09375
1vr1,6.89,6.1796875
4km2,5.84,5.5625
3ru1,4.85,5.2070312
2w12,4.65,4.3554688
4o1l,6.7,6.7890625
5c42,8.72,8.359375
3lhj,9.51,9.1015625
1n4k,10.05,9.890625
3su2,7.35,7.4414062
4gsy,6.92,7.15625
1uh1,5.48,5.5429688
1iup,2.54,2.6660156
4amx,2.19,1.9589844
2c6l,6.57,6.9023438
3ibi,8.59,8.1640625
5agv,9.7,9.5234375
3ej1,6.92,6.53125
8cpa,9.15,9.2265625
4r5n,7.12,6.8242188
1akw,8.59,8.4140625
4ykj,4.43,4.3671875
4ynb,10.37,9.859375
4uns,6.7,6.4453125
4m84,7.31,7.1445312
2hxl,7.92,8.1953125
2yit,9.54,9.921875
5c7b,3.0,3.2324219
3lpu,5.86,6.421875
1p17,2.82,3.1640625
1b38,6.6,6.59375
1d3q,6.54,6.6640625
4c9x,7.32,7.5195312
4dtt,5.54,5.5859375
2x7c,5.7,6.1523438
1cka,5.72,5.9648438
2w77,9.19,8.546875
1yyr,6.29,6.359375
4ajk,3.11,3.3496094
4ghi,7.09,6.875
1yvh,7.37,7.1835938
4rsp,5.44,5.8789062
3nm6,1.35,1.5751953
1t4j,5.1,4.4648438
3uvp,7.46,7.3867188
1bug,4.37,3.8085938
4xt9,6.8,7.234375
3lpp,6.22,6.4414062
4yrs,3.07,3.1054688
4jjs,6.7,6.546875
4xv1,8.38,8.2265625
3avl,4.18,3.7949219
4exg,8.07,8.15625
1d4y,11.1,10.2421875
4cy1,6.74,5.96875
3fdt,4.52,4.4335938
1okl,6.03,6.1367188
4kza,3.7,3.9238281
1z3c,4.0,4.5820312
3ggu,9.77,9.3125
4b60,5.43,4.9882812
2qoh,7.7,7.6132812
1jmg,6.07,6.265625
3stj,4.8,4.953125
2oz5,6.48,6.25
1w6j,8.19,8.0625
3vuc,9.05,9.8046875
1ilh,7.39,6.5625
1sme,11.22,11.2109375
1zhk,4.45,4.7148438
2q5k,11.3,10.875
3s53,9.64,8.5546875
1li3,4.25,4.2851562
4qsv,2.0,2.5566406
2b52,8.1,7.9492188
3ft8,7.52,7.5234375
3hqz,9.38,8.625
3orn,9.62,9.25
1mto,6.96,7.2890625
4cqf,4.3,4.7382812
4cc5,4.42,4.6679688
2g78,6.92,7.1835938
4rrv,7.4,7.1445312
3heg,6.74,6.6523438
1a4g,8.4,8.2109375
3dng,8.13,7.703125
1vwl,5.63,5.4414062
3g5d,7.96,7.3828125
4e3n,10.3,9.7109375
3r7q,6.97,6.734375
1xbo,6.04,5.6132812
2ksa,3.06,3.4726562
4uiu,7.9,7.1757812
4mgb,5.44,5.296875
4i71,7.74,7.6484375
2qg2,5.4,5.234375
3n0h,6.21,6.2109375
3zt4,2.8,2.7167969
1sqi,7.7,7.2109375
4hy0,6.7,6.3945312
3s3q,8.77,7.9257812
4tzq,6.52,6.2617188
4hvi,7.16,6.9179688
3wto,6.92,6.6484375
1e5j,4.0,3.8457031
1bma,4.59,4.6835938
2haw,4.92,5.0078125
4oru,3.68,4.1367188
2ha5,4.34,4.203125
4g2y,6.0,5.9804688
4tte,3.69,4.0039062
1xr9,7.15,6.484375
1szd,4.54,4.625
4j6i,8.85,8.328125
2wd7,4.97,4.9726562
4btw,7.15,7.4570312
4okp,2.7,2.6660156
4p6e,5.89,6.2773438
2xu1,7.66,7.2929688
3nw7,8.28,7.8515625
1k1p,7.92,7.0625
2vtd,4.07,4.3359375
1xnz,6.62,6.15625
4kln,7.7,7.3320312
3f9n,5.89,5.9648438
3vva,9.32,8.6640625
4yt7,8.77,8.71875
4ciy,4.57,4.1679688
5bve,11.0,10.859375
3g2h,3.82,4.0039062
1ros,8.77,9.3359375
2gfj,3.82,3.9316406
3rde,7.46,7.3320312
2o4j,10.1,10.296875
2v0c,5.68,6.1992188
4tsx,4.99,5.03125
4aoc,4.27,3.921875
4x6s,5.24,4.9804688
3hu1,6.89,7.28125
1g2l,7.24,7.265625
3t7g,5.2,4.6054688
3fl8,7.27,6.9140625
2cfd,7.49,6.8203125
5ai5,7.03,7.2109375
1ca8,9.49,7.6953125
5e1b,4.84,4.7382812
3bug,3.18,3.359375
3pxy,5.23,5.1484375
9hvp,8.35,7.6210938
5abp,6.64,6.6835938
1xz8,4.52,5.359375
3rx7,6.03,6.2734375
3sjt,6.06,6.0859375
1d7i,3.6,3.7714844
4e3b,6.05,6.3515625
4cu8,4.47,3.9453125
2pvu,6.31,6.3671875
4crj,5.96,6.0625
4qsm,7.41,6.8164062
3thb,8.7,8.3984375
3szm,6.4,6.2265625
4rxh,5.91,5.515625
1ws5,3.03,3.8789062
3ia6,8.52,8.515625
2og8,9.3,9.0546875
3odi,7.82,7.1757812
1h00,4.42,4.2929688
1kf6,6.7,6.484375
3n4l,7.23,6.7773438
3tyv,8.1,7.9804688
4c94,5.05,5.2421875
3zhz,7.05,6.7773438
1uyk,4.77,4.5898438
5av0,3.55,3.625
4pd6,4.44,4.34375
2axi,6.85,5.9375
2h9p,3.72,3.4472656
5djp,5.15,5.3164062
2vx9,7.44,7.1367188
3ns9,8.52,8.4296875
1hrn,8.05,7.6640625
3sym,4.57,4.703125
4nmp,4.04,4.8476562
4oho,7.77,7.8203125
2bmv,2.0,1.9892578
3s43,8.6,8.578125
4gwi,3.69,3.6582031
4e90,8.1,8.203125
4jj7,6.4,5.921875
2flu,7.7,7.15625
3kme,6.14,6.5
3u0d,10.0,9.03125
2qw1,3.9,4.4179688
4y2q,2.92,2.6503906
3ivh,7.33,7.2070312
4ckr,6.98,6.8046875
1lhe,9.54,8.921875
3jq9,6.4,7.125
2w17,8.7,8.4296875
2jkr,6.07,5.9257812
4fcf,8.62,8.1875
4kov,3.75,3.6074219
4f4p,9.22,9.3359375
3w2t,7.53,8.515625
3wut,6.49,6.0585938
4cqg,9.39,9.1875
5afn,4.47,4.7617188
2z97,6.0,5.8242188
2aq9,7.3,6.5429688
4xsz,5.6,5.5898438
4dai,6.96,6.3671875
1xq0,6.34,6.5429688
3upx,8.12,7.7148438
4a4h,2.77,2.8164062
1x8s,5.1,5.0742188
4g2r,4.45,4.5
4b9k,6.17,5.5390625
2xy9,9.19,8.8515625
4l2f,6.23,6.4726562
2pax,6.74,6.5
3u7k,7.07,7.4960938
3jzo,8.52,8.4609375
1gzg,3.05,3.4628906
1pf7,10.14,9.734375
3gcq,6.47,6.0546875
4ysl,5.8,5.96875
3o0e,5.74,5.15625
2uwp,6.81,6.9414062
4fut,6.51,6.0507812
4ybs,7.24,6.1835938
3o57,10.1,10.234375
2yac,8.7,8.203125
2d06,4.08,4.21875
2bvr,3.7,3.7597656
3qce,5.6,5.5820312
3zst,1.72,2.1542969
1x70,7.74,8.5625
4a22,8.49,8.9765625
1a50,6.7,6.3554688
1v2q,4.13,4.3984375
3q7p,5.8,5.6914062
2zga,6.32,6.0820312
1hlf,5.64,4.6367188
1qka,5.92,5.84375
2ycs,8.87,8.296875
2ofv,9.7,9.7890625
1d04,4.59,4.5429688
1utp,1.44,1.2089844
2vmd,3.02,3.2851562
1fo2,4.7,4.2851562
2wlz,4.6,4.3828125
3sjo,5.78,5.5234375
4obp,7.77,7.9960938
1m83,3.4,4.2851562
3g0i,3.6,4.0234375
5a00,7.52,7.0351562
4g0k,5.37,5.546875
3sue,9.08,8.8359375
1ibg,8.55,8.4921875
4keq,3.82,3.5722656
2rr4,4.78,4.90625
3q92,7.92,7.4882812
4r1e,7.28,6.7695312
3cwj,8.0,8.1328125
3omc,5.0,5.125
4lpf,3.51,3.7304688
1f4x,5.59,5.1835938
4b8o,8.4,8.1328125
4hzt,6.12,6.0429688
4hfp,7.38,7.4882812
4gjb,4.0,4.4882812
3u6h,9.0,8.8125
1qji,4.85,4.2617188
4b5d,7.89,7.765625
4g9c,8.64,8.859375
4ajn,7.16,7.1210938
1awh,6.08,5.6445312
4jrv,7.54,7.5273438
3o9h,12.1,11.6015625
4uxh,5.96,5.5429688
1t1s,5.15,5.0429688
2ydj,8.3,8.3828125
1h39,6.54,6.2929688
5c7f,3.98,4.5585938
1oiy,7.19,6.953125
2wei,8.47,8.4765625
4rn2,5.82,5.2695312
4b83,5.15,4.5820312
4p00,6.4,6.3242188
5c2e,8.7,8.609375
4a0j,6.0,5.9726562
2jt6,7.6,7.8554688
4b80,4.4,4.515625
4alu,7.77,7.3007812
2d1n,8.15,8.0078125
1lke,7.52,7.3046875
3t0t,7.04,7.3085938
3ama,6.53,6.3984375
1bn1,9.34,9.40625
5c7e,5.0,4.8554688
1n4m,6.72,6.75
3cpj,4.72,5.0742188
3rsr,4.36,4.5664062
2gfs,6.15,6.4882812
4xh6,5.57,5.625
2r0y,3.0,3.3535156
4bqw,7.48,7.2734375
4d0x,8.1,8.03125
4cfm,4.74,4.9882812
4xcb,5.47,5.5742188
4y2s,4.28,4.2695312
1kne,5.6,6.0039062
3g58,9.28,8.8828125
4io3,6.06,6.203125
4jfe,4.51,5.1289062
3qxd,6.15,5.515625
4u5n,2.48,1.8564453
3fh7,7.6,7.6289062
4loh,6.96,6.6328125
4o0a,6.72,6.9804688
2lyw,4.52,4.3476562
1o32,5.74,5.6992188
3alt,2.92,2.3964844
3lfs,5.6,6.1875
4iif,5.18,4.0507812
3ghe,5.89,5.9257812
2i47,8.66,8.7890625
4u71,5.22,5.1992188
4r5v,6.15,5.6914062
3r4n,6.89,6.6289062
1jev,6.89,6.875
4aif,4.84,4.9140625
3zpt,8.51,7.9921875
3prf,8.85,8.796875
3eju,6.6,6.9921875
2pvk,8.3,8.1484375
4wsj,7.33,6.7851562
3ng4,5.43,5.6679688
3q3t,7.43,6.4804688
3btj,5.62,5.4375
4hlf,6.06,5.6757812
4a50,7.91,7.6523438
3itu,4.4,4.1484375
5bsk,6.22,6.2109375
2f8g,8.7,8.953125
2hqu,5.14,5.2851562
2y4l,6.3,6.1835938
3qxh,5.24,5.390625
1usn,7.74,7.4375
3zze,8.89,8.3125
2fwz,7.3,7.515625
1m9n,6.92,7.421875
3n5u,5.92,6.0976562
4hbv,4.64,4.8320312
5c5h,6.4,6.015625
4k4f,6.7,6.6914062
2wgi,4.07,3.8300781
1hn2,6.0,6.1640625
4olh,8.3,7.578125
4uda,7.59,6.6171875
3fnu,6.16,6.7148438
3b8h,4.2,4.2734375
1af6,1.82,1.828125
4x8s,1.89,2.234375
3bgs,9.42,9.421875
4obq,7.19,6.8164062
4gvu,7.52,8.2109375
2gbi,8.52,9.5703125
3vfa,9.19,8.625
3vjl,8.25,8.484375
2fq6,7.1,7.9648438
4uac,6.54,6.078125
2bmg,7.74,7.3476562
3sow,5.14,5.28125
3tgs,5.39,5.4101562
3w5t,4.52,5.0664062
3kn0,3.6,3.7148438
2amv,8.8,8.4375
2fgu,9.18,9.1484375
3grj,3.0,3.046875
4joj,3.96,4.2226562
1rpj,6.48,5.9101562
3nrm,8.4,8.359375
4inh,6.25,6.5351562
4nhx,5.72,6.34375
4cj4,3.36,3.3710938
4e9d,7.7,7.34375
2cgv,4.56,4.5273438
4b9z,4.09,4.4257812
4q9o,5.77,5.5625
4r5b,6.73,6.8632812
4jt8,7.48,7.9882812
2ph9,5.89,5.234375
3as3,3.8,4.1914062
3s75,6.82,6.5
3ozj,5.11,5.3203125
1qb1,6.77,6.78125
2pu1,5.85,5.9609375
4e4l,8.77,8.734375
4xsy,5.3,5.6015625
4uvu,5.92,5.9570312
2va7,6.7,6.59375
4p4f,6.77,6.4375
4zs2,5.49,5.3398438
1qbr,10.57,10.328125
1ype,8.1,8.484375
4kxb,4.12,3.6542969
4m5r,3.0,2.5625
1kdv,6.22,6.3945312
4xv3,7.92,7.796875
7hvp,9.62,9.375
1b11,7.39,7.9257812
2er0,6.38,7.3789062
4a9n,5.82,5.828125
1yms,5.92,5.9882812
4xnw,7.74,7.9492188
2lya,4.19,4.7070312
4k3n,7.96,7.4023438
3ovz,8.06,8.0390625
1hms,6.37,6.5703125
2o4p,10.72,9.90625
1vj9,7.55,7.0117188
1ugw,3.09,3.6523438
4e1n,7.17,7.1289062
4l09,6.07,6.1757812
4bps,2.99,2.9414062
4tz8,3.3,2.9765625
2iiv,8.18,8.0
4qz4,5.01,4.2695312
4bo0,6.7,6.2695312
1yw2,6.85,6.2773438
4cft,4.95,4.1835938
4jik,7.74,7.4375
3rzb,4.0,3.2773438
2nwl,8.7,8.65625
4hzw,8.88,8.6796875
4v24,8.37,8.046875
2b7f,7.3,6.9375
1tyr,7.0,7.3710938
4zh2,5.0,5.0078125
3wf8,6.63,6.3671875
1h5u,6.75,6.3085938
4ee0,8.63,8.6015625
2zlg,5.59,4.8710938
6lpr,7.3,6.9765625
3vbq,9.33,8.7265625
2p3g,6.9,6.6445312
4frs,8.77,7.796875
5aph,7.22,6.5078125
2f4j,5.66,5.25
4rt1,6.14,6.109375
3zos,8.89,8.9765625
1kwq,9.21,8.46875
3l9h,8.1,7.90625
2p7g,6.53,6.2539062
1d5r,1.82,1.9404297
3zcl,8.0,7.6054688
4od0,9.04,9.1796875
3pxe,5.7,4.7539062
4ydn,8.64,9.2890625
3f8s,7.89,7.7070312
3fvn,6.77,7.2734375
4ai5,2.92,2.5878906
1mmq,7.52,7.2148438
1pq3,7.52,6.9453125
4j3i,5.74,5.0234375
2qzl,8.1,8.359375
3avi,3.3,3.3007812
2v77,5.06,4.7773438
3d7h,10.22,9.15625
2hb3,11.35,9.9765625
2o7v,5.96,5.6796875
3g0e,7.7,7.5429688
4ifi,5.48,5.140625
4bo3,6.52,5.6914062
2cct,5.02,4.359375
3sdg,5.55,5.3359375
3gcs,7.25,7.1796875
3aox,9.08,8.578125
2h21,6.54,6.2304688
2g63,8.17,8.03125
2q55,8.69,8.0625
2pwr,6.59,6.4804688
4hvh,7.72,6.7304688
3thd,4.05,3.6171875
4z6h,6.21,5.4804688
2g9x,7.35,6.6484375
2h15,5.67,4.8789062
2qpj,6.35,5.9335938
2off,6.52,5.96875
4ayw,4.0,3.5078125
3s72,6.4,6.4101562
2fci,7.15,5.9921875
4yux,3.74,3.3964844
3be2,8.7,8.1796875
3dpf,7.24,6.3476562
2pv2,5.91,5.2382812
2qki,6.41,6.0859375
1w14,8.52,8.65625
4q9s,3.81,4.0078125
3nif,5.1,4.5820312
3ueo,4.03,4.1132812
1v2l,4.29,4.3828125
4p4d,5.74,5.2070312
4wf6,6.3,6.6992188
1idb,7.96,7.0078125
2ay8,2.24,2.0664062
4y29,6.25,6.03125
4ai8,4.0,4.0625
3kwn,6.82,6.4765625
3rxj,3.06,2.765625
1lcj,9.0,8.0546875
3bra,2.7,2.7988281
4hyu,8.21,7.7421875
2hl4,7.64,6.6835938
4x1p,4.2,4.3515625
4cxw,6.09,5.8242188
2ozr,9.17,9.1015625
3pa4,8.52,8.75
4jvj,7.66,7.359375
3o9f,12.7,11.0
2duv,7.06,7.0234375
4k4e,7.62,7.6289062
3lw0,6.4,6.3632812
1zlw,5.89,5.3164062
1g9d,5.3,5.1601562
3e7a,10.0,8.859375
3m1s,9.0,9.015625
4e3k,9.1,9.4140625
1oy7,5.36,4.7890625
1oky,8.19,7.59375
3l1s,8.7,8.59375
4o44,7.85,7.5
3oyp,8.7,8.296875
3qip,6.89,6.421875
3n87,4.96,4.5117188
3lik,8.72,8.7109375
4p74,5.0,4.7851562
3lcv,4.74,4.3203125
3gdt,7.19,6.90625
5aaf,7.44,7.2851562
2fs8,7.6,7.390625
5acx,5.05,4.8398438
1ihy,3.74,3.3125
3uyt,7.85,7.6289062
4i9r,6.95,6.859375
3c9e,8.0,7.8984375
1ykp,2.96,2.1523438
1bwn,7.06,6.8320312
3doy,5.82,5.3632812
2o7e,6.22,6.1875
2bvd,6.0,5.7265625
4gk4,7.85,7.71875
4u6w,4.21,4.2890625
3kjn,5.19,5.1445312
1w1v,2.2,1.9150391
4acf,5.8,5.5507812
1wbw,4.36,4.5585938
2a2g,7.0,7.1210938
3tcy,4.62,4.375
1v0p,6.89,6.6171875
2b54,7.7,7.734375
1nl9,5.96,5.9296875
1b40,7.28,6.7070312
3pxz,5.23,4.9375
4ce2,3.84,3.7695312
4dhs,4.8,4.5273438
4qw1,6.11,6.0546875
2gmx,7.11,7.4335938
3p23,4.42,4.4648438
3kgq,2.3,2.1601562
4hy1,8.7,8.8203125
4ep2,5.35,7.0585938
4o4g,8.05,8.4921875
1okw,5.25,5.46875
3efs,5.34,5.3867188
2ym6,6.06,6.234375
4ofb,5.43,5.453125
4j1h,6.11,6.0507812
3eou,7.01,6.9140625
5c6o,3.7,4.34375
3s0j,3.77,3.7539062
4jff,9.22,9.4296875
4wn1,8.29,8.3984375
3ml4,5.33,5.7148438
2ydi,6.82,6.75
4mg8,6.48,6.28125
2cgu,4.87,4.859375
2kbr,4.6,4.9492188
1zd5,4.87,4.6875
3i73,5.49,6.0429688
3h52,4.85,4.984375
3igv,7.6,7.9140625
2wf1,8.7,9.4140625
3mbl,7.74,7.2304688
3hzm,5.52,4.9960938
1xsc,4.3,4.171875
1ony,6.77,6.6328125
4jlj,6.13,6.3046875
4do3,4.1,3.8457031
3uli,7.15,7.484375
1ntv,5.82,6.078125
1zhl,5.0,5.5
2xp5,3.44,2.9296875
4g0l,5.19,5.0585938
3le8,6.07,5.0234375
2c6o,8.22,8.375
2auc,4.08,4.3164062
3rz3,5.76,5.8515625
4mp7,5.74,5.6289062
1nq0,10.32,9.5625
1rlq,5.1,4.9882812
4l0i,6.57,6.5351562
3eoc,6.64,7.1953125
2y7w,4.98,4.53125
1y57,5.79,5.9101562
1o3j,6.77,7.4492188
3uo5,7.41,8.3203125
4v05,9.7,10.296875
4f20,3.29,3.3925781
4agd,8.41,8.4453125
3ove,6.57,7.3984375
1mm6,7.7,7.7617188
4knm,8.0,8.328125
4eqc,8.1,8.0078125
8hvp,9.0,8.984375
4bic,7.3,7.6367188
4qta,6.7,6.6523438
2p09,6.35,6.2890625
2cbr,6.85,6.546875
3v5p,8.96,8.4765625
3d9v,8.22,7.7695312
3p3r,7.25,7.5390625
2vxa,5.6,5.34375
3zmv,4.26,4.4609375
4o70,4.72,4.6015625
4h4m,8.52,9.8203125
4r6t,7.52,7.4765625
4gne,2.47,2.3417969
3n5e,6.82,6.609375
4u5l,2.4,2.6640625
4q1c,8.7,9.4140625
2r3o,6.22,6.4570312
3s0d,7.05,7.0117188
1o41,3.05,3.2988281
2a3i,6.05,6.0976562
4y6r,5.48,5.7421875
2viy,5.74,5.6289062
4zga,7.7,7.7265625
2vtl,4.01,4.2304688
2p7z,6.58,6.4921875
2epn,7.22,7.0195312
1y2e,6.8,6.9023438
1ftl,6.0,6.0078125
4zj5,7.66,8.328125
4ov5,7.43,7.2304688
3d8z,3.37,3.4316406
2co0,5.48,5.9335938
2ca8,4.66,4.15625
1vgc,5.92,5.453125
4why,8.1,8.59375
2ccu,6.13,5.9882812
4inb,6.05,5.53125
1jq9,8.45,8.3125
4ejn,8.3,8.2578125
1k21,8.38,9.5625
1hs6,5.38,5.3671875
3u3u,6.88,7.4726562
4rn1,5.0,5.1914062
3kvx,6.83,6.609375
4pms,8.1,8.4765625
4qwg,5.97,5.375
2l75,6.05,6.9960938
4ty9,2.05,1.9501953
1njf,5.99,5.9882812
2c5y,6.6,6.8085938
3s73,8.7,9.1875
3bgm,7.41,8.75
3omg,4.72,4.8242188
2fm0,9.4,10.1484375
5c84,6.19,6.484375
4q0a,6.48,6.5625
4z93,7.35,6.6835938
3jzq,6.96,6.3320312
2ork,2.85,2.7792969
3umx,6.62,6.4375
3g9l,6.13,5.4960938
2xk7,5.82,6.03125
2o3p,5.96,5.875
3ava,4.4,4.453125
2xc0,6.72,6.984375
4lk7,5.04,4.7851562
1s5q,5.28,5.6445312
2olb,5.54,5.78125
3fhr,6.68,6.640625
4gtv,7.42,7.0859375
2p16,10.1,10.203125
4l9i,4.89,5.1210938
1s64,8.4,7.5976562
4lxd,7.23,7.5859375
2p3d,6.74,5.9921875
3m58,5.48,5.2695312
3kmy,4.49,4.125
1cgl,6.87,7.0273438
3tzd,4.28,4.2890625
2h13,5.35,5.1953125
5axp,9.03,8.765625
3d7m,6.44,6.4804688
1czl,9.15,8.5234375
3kab,3.2,2.9238281
5cao,7.42,7.03125
2mg5,6.15,6.4648438
4oti,7.37,6.7773438
2uzl,6.21,6.4453125
2f10,3.48,3.4726562
4tyo,7.1,6.7539062
1amn,13.82,12.890625
1pum,3.05,2.9101562
3zmp,5.67,5.8867188
2d1x,5.1,5.1640625
1tou,6.0,5.9804688
4trz,5.03,4.71875
4bh3,1.92,2.1367188
2dbl,8.7,7.9570312
4wwo,7.42,7.3046875
4dei,9.0,9.0546875
1au0,7.66,7.4101562
3lq4,5.22,4.953125
4qq5,6.32,6.28125
3upk,4.3,3.78125
3d9n,4.05,4.2929688
2zva,7.96,7.3515625
3zlr,9.26,9.703125
1c1r,7.63,7.3554688
2bts,7.7,7.3789062
1pro,11.3,11.1875
3kb3,6.82,6.4296875
3u51,5.51,5.71875
3qo9,5.92,5.703125
1ibc,10.25,9.7890625
3wkb,4.21,4.0429688
3uz5,7.22,6.4570312
1l6y,3.66,2.9785156
4wx4,9.22,8.515625
2hs1,8.48,7.671875
3ot3,8.3,7.7734375
4mu7,8.85,9.0234375
4dzy,5.62,5.6796875
1o5e,5.74,4.96875
1t37,4.35,4.0507812
4gng,3.54,3.4082031
3pa5,8.7,8.3359375
3p7c,7.66,6.8359375
2bpx,9.4,9.484375
2fme,6.98,6.0546875
1p05,5.96,5.5742188
3pvu,6.54,5.953125
1zvx,9.22,8.5234375
2wev,8.0,7.7929688
3kr1,5.74,5.6484375
2lsv,5.27,4.875
4emr,7.49,6.1601562
2xn7,10.0,9.2421875
3dp4,7.37,6.90625
3gjt,6.77,6.3945312
4z8a,4.76,4.9257812
4bib,6.6,6.4414062
1w5v,8.15,7.5898438
2exc,6.63,7.078125
5ccm,8.4,8.3046875
4jyu,8.0,7.8867188
4d0w,7.7,7.6992188
1bmn,8.44,7.8515625
3b28,8.47,7.3085938
3mxy,6.41,6.0351562
3ft5,4.82,4.7382812
2cn8,5.46,5.5
4mbi,8.15,7.78125
4aw8,7.66,7.3867188
3dog,7.4,7.2070312
2c6g,3.37,2.75
3da9,5.51,4.9882812
4dko,6.52,6.0
2hj4,5.37,5.6601562
4dwg,7.24,7.859375
2ggd,3.8,3.375
1jak,5.57,5.1679688
4hkp,4.55,3.9628906
3sb0,5.26,5.375
4nks,7.17,6.8789062
2i4p,5.7,5.8515625
4x7l,8.05,7.7421875
5djr,4.86,4.3671875
1rql,2.75,2.7949219
4deb,6.43,5.9335938
2wuf,4.29,4.265625
3kid,3.18,3.3867188
3psb,8.52,8.4765625
4zyr,5.7,5.6367188
3h0e,8.15,8.234375
2kfx,4.0,4.0625
4uwl,8.57,8.1953125
1bsk,4.12,4.046875
4z2h,5.08,4.9960938
3g08,8.16,8.078125
3l6f,6.99,6.8203125
3ppm,9.54,8.9765625
1ok7,5.92,5.0742188
2obj,7.3,7.4414062
2rgu,9.0,8.296875
3s7f,5.43,4.9609375
4f65,8.6,8.7578125
2igw,1.31,1.3984375
2yiu,6.89,6.65625
1xhy,6.18,6.5507812
5cfa,6.54,6.2148438
3w0l,7.02,7.0859375
1ynd,8.44,8.6328125
4oag,6.3,6.5117188
1xxh,6.11,6.0859375
2f71,5.6,5.53125
2lpr,8.89,9.359375
3hxf,4.96,5.4765625
1n2v,4.08,3.9160156
1b46,5.28,5.625
4anb,8.18,7.4921875
1o4j,2.36,2.6601562
2q7o,7.92,7.4414062
4h3a,6.29,6.1289062
3g70,9.4,9.1796875
1wdn,6.3,5.9296875
3elm,9.72,9.03125
1pk0,7.57,7.5820312
1oim,5.32,5.0820312
3tne,5.72,5.4453125
2xp4,3.74,3.0625
2zsc,7.06,6.9882812
1qsc,3.68,3.7597656
1w1p,2.3,2.3476562
3uh2,6.0,6.265625
1u0g,6.15,5.5
2zhd,6.54,6.7070312
2y7k,4.93,5.0585938
5e0m,5.28,5.2304688
4gw6,6.2,6.3007812
2a29,2.85,2.9570312
5am7,7.19,7.1875
1g5s,7.32,7.5625
5d9l,7.62,7.1523438
1xug,7.05,7.3515625
2xu4,6.47,6.84375
4w9d,4.99,5.2890625
2ew6,4.97,5.5625
1nl6,11.32,11.4609375
3bea,8.15,8.875
1mqg,6.28,6.28125
3fzt,6.2,6.3125
3l5e,7.57,7.8359375
3ay0,3.04,2.9003906
3au6,7.92,8.0625
4e8z,6.64,6.7148438
4mlx,3.19,3.3789062
1bq3,5.4,5.4257812
2lct,5.14,5.171875
4kqo,6.78,6.8710938
4j09,4.77,4.5664062
3dx0,7.44,7.6523438
3p3s,7.59,8.1484375
1o4d,3.52,3.5175781
2g8n,7.2,7.46875
3twd,7.74,7.8867188
2y7i,5.54,5.0390625
1hpx,11.26,11.78125
3k26,3.4,3.6855469
3ckt,6.32,6.1445312
3d6p,3.75,3.7480469
3v0p,6.28,6.4296875
4edu,3.99,4.1171875
2vt3,4.15,4.3828125
2v0z,9.22,8.46875
2r0z,5.47,5.5820312
2wp1,3.6,3.7460938
4lv2,8.0,8.0546875
3oe8,8.14,7.9570312
3p44,8.01,8.1796875
4ifh,5.21,5.0195312
3bla,8.7,9.9453125
4xqa,4.99,5.2070312
3bls,5.14,5.2539062
4fcb,8.54,9.4609375
3hf6,7.59,7.203125
3uxg,3.96,3.8945312
4abk,5.72,6.1445312
3dba,8.0,8.2265625
6std,8.64,9.0625
3wzp,6.82,7.6054688
1o2z,6.11,5.9140625
3zki,5.92,6.5625
3gzn,8.0,7.8515625
4qev,7.66,7.9257812
5bq0,7.82,8.359375
2psj,7.7,7.0976562
4zyc,6.42,6.4140625
4b7z,4.31,4.3359375
3iqh,4.59,5.0
2qzk,7.57,7.96875
3r93,6.51,7.1210938
4ufh,6.42,5.6953125
2bjm,3.7,3.484375
4qxs,5.96,6.0078125
4kpx,7.3,7.6835938
1lhu,8.83,9.15625
3qo2,6.85,7.1992188
5can,6.91,6.5546875
3lpg,6.16,6.1054688
3ibl,7.84,8.5703125
4nw5,7.7,7.140625
4cd6,3.59,3.6738281
3qbh,6.82,6.8867188
3zqt,4.41,4.2929688
4fse,7.4,7.1601562
1l5r,4.77,4.6914062
3i0s,9.0,9.2890625
2bmz,3.7,3.7148438
4n4v,8.7,7.9570312
3bim,5.88,5.5273438
3ctj,7.46,7.7382812
4rro,7.59,7.4375
1y3x,5.14,5.046875
2afx,5.15,5.0039062
3vd9,4.0,4.1875
2pj6,7.31,7.1484375
2xxw,6.41,5.9492188
2hvc,8.82,8.578125
1om9,4.15,5.0703125
2vxj,4.17,4.1914062
3dsu,7.03,7.2890625
2ym8,7.89,7.9804688
4wsy,7.77,8.0234375
4bi0,4.23,4.5507812
1kyv,5.92,5.8125
4tyl,3.22,3.4042969
1xws,8.0,8.28125
3nwe,7.6,7.6289062
4w4x,6.99,7.1914062
1gar,10.0,9.890625
2pjc,8.72,8.7265625
4m7b,6.7,6.8789062
3ehx,7.6,8.0625
1x7e,5.97,6.3671875
1mx1,4.0,3.4589844
4dho,3.93,4.0195312
1o38,6.82,6.9179688
2wnj,6.48,6.5898438
4g5y,2.77,2.8554688
3acx,5.7,5.9296875
2wij,3.2,3.6621094
1v3x,7.62,7.6953125
4hyi,8.52,8.515625
5bnj,8.7,8.3203125
2c97,6.14,6.359375
4z68,6.49,6.859375
4l5j,3.0,2.5195312
3s71,8.64,9.8203125
3tdu,5.67,6.390625
3pkd,6.12,6.1367188
4nwd,5.4,5.8164062
3ogp,7.44,8.1015625
3mvm,8.41,8.2265625
3zxh,8.52,8.484375
3pd2,5.47,4.796875
4cjp,3.32,2.9609375
3sl8,6.54,6.7734375
4jx7,6.91,7.171875
1qk4,4.21,4.5625
4lpb,8.0,8.3984375
2zdt,8.02,7.9960938
3ggj,6.0,5.7070312
2etm,6.67,7.0742188
4lk6,5.2,5.71875
1e9h,7.46,7.6640625
4rvk,7.87,7.5585938
4tk2,3.72,3.3945312
2xx5,6.7,6.4921875
4anm,7.55,7.7421875
3ddg,6.0,6.3046875
2qbu,6.19,6.0390625
4djh,9.49,9.7265625
2lsr,5.24,5.0351562
2lo6,3.95,5.71875
1yet,5.92,5.7734375
3pp7,3.94,3.515625
2oji,7.07,6.8554688
2ynd,7.49,7.6210938
2w87,4.65,4.8476562
1m0n,2.22,2.7226562
4b5t,3.33,3.3242188
4dve,9.52,8.859375
2r3w,6.89,6.671875
4mwy,7.05,8.5
2yb0,3.85,3.9121094
4qz1,5.44,6.328125
4j45,5.77,5.9609375
1w8m,1.6,1.703125
3dx3,6.52,6.8789062
3m54,5.89,5.9492188
2qbw,7.25,7.5664062
2wey,7.12,7.546875
3nsh,6.33,6.1953125
1w6r,6.15,6.0546875
3s0b,6.49,6.890625
3d28,5.85,5.4726562
3emh,6.85,7.4140625
4wzv,9.37,9.0859375
5ar4,6.7,6.8007812
2c69,4.59,4.875
4u0c,4.31,4.5859375
4mlt,2.85,2.6738281
1vyj,7.0,7.53125
1atl,6.28,5.9882812
4erz,7.06,7.4023438
3ipe,6.82,6.8828125
3vw0,4.67,4.703125
3ufl,6.82,7.5234375
1bzh,6.77,7.921875
4nga,7.77,8.0703125
4myq,7.49,7.65625
1w4q,5.26,5.390625
4aua,5.14,5.4804688
3bi1,9.92,10.140625
4r6w,5.27,5.6484375
3n0n,7.3,7.8554688
3q7j,4.52,4.7773438
4mji,4.09,4.203125
3hmv,7.3,7.9648438
4es0,6.99,8.015625
5cgc,9.3,9.4921875
4x3s,5.89,6.921875
3erk,4.74,4.9609375
4d2s,7.7,7.4335938
4msl,6.15,6.6132812
1cze,2.62,2.1074219
1kkq,6.62,7.0078125
3b24,4.38,4.0664062
3oli,7.38,7.7148438
4aph,5.4,6.0507812
3ua8,7.85,8.2578125
4zec,5.82,5.5664062
2nqi,6.11,6.5039062
2feq,8.86,9.328125
3g2w,5.66,5.5898438
3f70,4.85,4.5195312
3ly2,8.3,9.21875
3e9i,6.22,6.203125
3tza,5.5,5.9023438
2w2u,4.46,4.7851562
5d7c,6.85,6.7773438
1f1j,8.8,8.5546875
1stc,8.1,8.265625
3oay,1.7,1.8066406
3kqe,8.09,8.6796875
4pfu,6.17,7.1835938
4d2d,3.47,3.9238281
3d1y,8.22,8.6015625
5fjw,5.4,5.9140625
3zmt,4.55,5.1289062
1bxl,6.47,7.1679688
1pu8,3.1,3.3515625
4az5,5.99,6.0703125
3x00,9.08,9.640625
3wq6,4.59,4.6601562
4puk,7.28,7.9101562
2uwo,8.7,9.0234375
1uml,7.52,7.765625
4bdj,5.14,5.4140625
3iop,7.77,7.8242188
1lol,6.39,6.1484375
4m1d,7.64,7.2226562
2i19,7.8,8.2890625
4mzf,7.35,7.8476562
3uwo,6.36,6.1445312
1jd0,8.24,8.2890625
3qgw,5.89,5.5117188
2wc4,5.29,5.1484375
1xfv,3.89,3.9726562
1iky,8.26,9.3203125
4k72,3.0,2.9257812
4osf,5.44,5.6640625
2h96,6.64,7.0273438
4bio,5.12,5.546875
5aku,6.82,7.3125
1n94,8.96,8.4140625
4tw6,4.21,3.9160156
4n7h,5.48,6.6835938
3cqw,7.38,8.21875
4a4c,3.61,4.0195312
4io8,6.64,7.140625
2xb7,9.19,8.4765625
2g97,6.82,7.3515625
4hso,4.66,4.75
4cxx,5.68,5.7890625
3d5m,8.0,8.59375
1jzs,6.6,6.5078125
4pid,4.62,4.5625
1xkk,8.52,8.984375
2wik,3.18,2.921875
4fvr,6.0,6.2695312
3met,6.0,6.6992188
4gqr,3.96,3.6269531
4mjq,3.71,3.0039062
4kjv,7.74,7.6445312
4ci3,6.81,7.3828125
3i7b,7.18,7.6054688
4yur,9.8,9.5859375
4e5i,5.3,5.7617188
4glw,6.1,5.3632812
4zph,7.51,6.9453125
4kmu,7.92,7.7421875
1mfi,5.59,5.4453125
5c7a,3.31,3.4023438
4fem,4.06,3.8652344
1oit,8.52,8.7578125
1g27,8.15,8.296875
3sgx,5.49,5.78125
4nrp,4.59,4.3046875
4led,2.3,2.203125
4xbd,6.4,6.0507812
3bwk,3.94,3.7988281
2drc,9.89,9.421875
3eos,8.4,8.2421875
3nzs,7.12,7.4101562
3qci,5.42,5.5507812
3d62,6.1,5.8203125
4qfg,5.48,5.3085938
3fuk,3.02,2.8925781
3nyx,7.49,7.75
4f9u,6.03,6.3164062
3n2c,5.12,5.0625
4bqh,5.59,5.7382812
2il2,7.1,7.390625
4dij,7.52,7.3046875
2ym3,6.0,5.984375
3bm9,6.72,6.984375
4abu,6.28,6.7851562
4hkn,5.96,5.0742188
1y3w,5.77,6.2578125
4jhq,7.74,7.5585938
3gds,6.51,6.8515625
1l8g,6.22,6.1640625
1k2i,3.11,3.0878906
1qxy,4.8,5.171875
2ovq,7.15,7.625
2ydw,7.34,7.5273438
3gep,3.75,3.3457031
2nnv,7.52,7.6953125
4eoi,6.05,6.59375
4ryg,8.1,8.5078125
3l4v,6.72,7.0859375
4mc2,8.19,8.4921875
3hzy,7.0,6.4609375
3az8,6.0,6.3203125
3ry8,3.34,2.8984375
2bj4,4.47,5.0625
1pmv,6.82,6.5664062
4kil,6.3,6.9179688
3ikg,7.24,7.5429688
4a6v,5.72,5.6328125
4e28,5.89,5.5039062
2r05,5.15,5.1914062
1pr1,5.3,5.3164062
2h2h,4.98,5.21875
4nmt,4.85,4.9609375
4afh,9.54,9.9453125
1nok,3.15,2.84375
1ohr,8.7,8.3359375
2x2k,6.52,6.9257812
4e35,4.62,4.8320312
3gp0,7.44,6.8476562
3lzu,10.06,9.84375
4jlg,8.7,9.2109375
3v2o,5.31,5.5859375
1c5c,6.96,6.9414062
4kww,5.55,5.5351562
4dju,5.44,5.6757812
4j53,8.7,8.8671875
2ckm,8.82,9.8046875
4fea,6.47,6.53125
2yhd,4.64,4.6640625
3a4o,8.89,9.2578125
1l5q,3.97,4.0898438
4ncn,5.67,6.0546875
2bw7,5.7,5.9414062
4i73,6.72,6.6132812
1uyh,4.84,4.671875
4c1t,7.15,7.21875
4ge1,6.43,6.5664062
4ngh,7.52,7.6367188
3ncq,5.36,5.6289062
3eqr,8.7,8.625
2rfn,8.3,7.90625
1utr,8.0,8.1328125
5ece,8.05,8.2734375
4r6v,7.45,7.5078125
1sre,3.85,4.5351562
1w3j,6.32,6.3476562
4ayr,7.0,6.6171875
2ivz,6.04,5.8789062
4od9,7.24,7.1992188
1ws4,3.0,2.6074219
3hxi,6.33,5.8203125
3r2y,8.07,8.0546875
3bet,5.82,6.3632812
2j9a,5.89,6.140625
1tcx,6.95,6.7070312
3pn3,6.4,6.3046875
4p0x,5.92,5.4101562
2uyi,6.32,6.4804688
2jf4,8.15,7.8007812
3krx,7.38,7.5546875
1i80,6.41,4.6992188
1bra,1.82,1.265625
3qg6,9.14,8.96875
3djv,4.55,4.265625
3hs8,5.3,5.2382812
3u7s,8.43,7.7070312
1ru2,6.49,6.5664062
3nba,3.41,3.9082031
2bu5,7.78,7.234375
1owj,7.32,7.5820312
4ok5,4.51,4.6210938
2qm7,5.89,6.2929688
2ha7,3.36,3.2910156
2cf9,7.82,7.9804688
3nnu,7.32,7.4492188
2cej,8.62,8.5390625
2yiv,2.78,2.2734375
2h5j,7.91,7.3515625
4jr3,6.66,7.1640625
3dk1,9.74,10.0390625
1bju,4.8,4.8945312
2q8s,6.73,7.125
3d1f,5.74,5.3320312
4os4,4.87,4.6523438
1mwn,6.7,7.078125
2vh0,8.51,8.328125
1g2m,7.4,7.4492188
2tmn,5.89,5.8828125
2g19,5.85,6.21875
5cgj,5.22,5.4648438
4zy6,8.3,8.6796875
4ff8,6.4,6.5195312
4jit,6.64,6.6484375
4jkt,7.09,7.1875
4tjy,6.44,7.203125
3rl4,5.42,5.8046875
4md6,7.77,8.1875
3m36,9.82,9.359375
3bcs,5.21,4.5546875
4nyi,3.06,3.4335938
3eor,1.4,1.5078125
3s9i,5.7,6.21875
3jzi,5.3,5.5195312
5bry,11.82,11.953125
3chs,7.77,7.4882812
1tka,6.1,6.09375
4xmr,4.07,4.0
1ktt,5.82,5.6601562
4c6u,4.59,4.9101562
2i40,5.8,5.8242188
4glx,7.8,8.5625
5e1o,5.43,4.5195312
4mh7,5.23,5.6484375
3kmc,6.4,6.3164062
4b6u,5.11,5.2304688
2y58,5.5,5.90625
3fcf,4.4,3.9121094
3rtm,4.42,4.9140625
2z6w,7.87,8.234375
2xa4,8.52,8.4609375
1jqd,5.16,5.5351562
2ydf,7.66,7.59375
2q92,5.96,6.3125
3bxf,5.54,5.65625
4ucr,3.3,4.2929688
2gg7,5.76,6.140625
2viw,7.14,7.359375
1m6p,5.1,5.4765625
3kqc,8.66,8.421875
1i48,5.7,5.578125
1p6d,2.94,3.2089844
4cd1,4.89,5.0664062
1fig,6.22,5.8007812
2q7u,8.7,9.125
4c36,7.7,7.5820312
3wfg,6.92,7.125
4yps,7.12,7.328125
2jdu,6.72,6.3671875
3bva,6.52,5.8007812
4b6e,2.3,2.1875
3f17,8.63,8.6640625
3u4r,7.41,7.3554688
1v0n,7.55,6.9257812
4ibe,4.15,3.6679688
4czs,5.0,5.921875
1e6q,3.15,2.8710938
1g48,8.41,7.7929688
3sfh,7.05,6.8945312
3t07,7.8,7.2578125
3iut,6.34,6.4882812
4pri,4.03,4.4414062
1h0a,5.44,5.3164062
4uub,4.76,4.4492188
2xp7,5.77,5.0
2pyi,3.75,4.015625
4meq,3.6,4.4023438
1lox,5.52,6.3789062
4wvl,6.88,6.984375
2w8g,6.0,5.90625
1vwf,6.51,6.578125
2uxz,8.48,8.3984375
2az9,7.66,8.5078125
4m2r,8.49,9.25
4ps8,9.0,9.171875
3ftw,2.78,2.6367188
3ayd,4.19,3.7851562
4l2k,6.44,5.8554688
3r16,7.3,7.0820312
2v54,4.6,4.046875
4afj,6.4,6.6992188
3ika,7.85,7.9882812
1xh4,7.47,7.3320312
4d2v,7.43,7.7539062
1o43,5.66,5.046875
4kot,5.46,5.3203125
4bti,9.7,9.1015625
4z89,4.69,3.6230469
4dem,7.55,6.6171875
3bgl,8.35,8.6875
2hrm,3.56,2.9863281
3k48,6.31,5.59375
3dek,7.57,6.28125
3t3h,5.71,5.6992188
4v11,6.49,6.6875
2wwj,4.48,4.2539062
3ee2,4.19,3.2558594
2h6k,5.06,4.2148438
4b3u,5.33,4.7890625
2onb,5.57,5.0546875
2byh,6.59,5.5742188
3rv4,2.3,2.0566406
4a9t,7.15,6.8125
4zo5,9.82,9.96875
1ke5,6.25,5.9257812
3ncz,7.82,7.9179688
4dlj,5.92,5.5742188
3vry,8.11,7.5664062
1nw4,9.07,9.0703125
5ab0,7.59,7.03125
4wmu,6.74,6.359375
1i9q,8.41,8.296875
3buh,3.66,3.4042969
2aoi,4.01,3.8886719
2ay9,2.16,2.5566406
2f6t,4.62,4.28125
3sw2,8.33,8.2734375
4he9,8.46,7.875
4fcq,7.0,6.71875
1tvr,7.48,6.390625
2cmf,7.55,7.1796875
2vnt,8.0,7.7226562
3o9v,7.74,7.8984375
4tn2,6.92,6.3632812
5c4s,8.42,7.9921875
3sap,7.59,7.6914062
4wmc,8.05,7.1367188
1b1h,7.03,6.9023438
4urx,2.89,3.0527344
3odu,8.14,7.4023438
2e9v,7.9,7.8984375
1hlk,5.0,4.8398438
2zv9,8.05,8.1953125
3l38,7.0,6.625
1hps,9.22,9.5
4ty1,9.26,8.734375
2xgm,3.0,3.1855469
1tfq,7.92,6.703125
4jg6,6.44,6.0
2zlf,4.51,4.2890625
4elb,8.3,8.3671875
3twx,5.26,4.4609375
4os5,4.63,3.9335938
3n6k,6.74,5.9804688
3lcd,7.4,6.84375
3mi3,5.45,5.4453125
2xm8,6.8,6.2109375
2aw1,7.37,6.9726562
4is6,6.2,4.5039062
3g2u,5.27,4.7460938
4wt2,10.42,10.15625
4i5p,6.42,7.1289062
1akq,9.1,8.2109375
2bq6,10.15,9.0859375
4eqf,6.81,6.6132812
1i9m,8.48,8.15625
1u65,7.58,6.1914062
3wvm,5.71,5.7929688
1vzq,7.44,6.84375
4zim,8.62,7.9765625
3qpp,7.92,7.0117188
2i0g,9.72,9.234375
1hsg,9.42,8.8515625
4q08,6.3,5.9882812
3ew2,6.67,5.625
3bkk,6.08,6.1914062
4l33,8.15,7.7421875
3iqj,4.93,3.4863281
4lkj,6.7,5.953125
1g3m,10.0,9.1484375
5ahw,5.17,5.1328125
1fpi,5.89,5.6289062
1d3p,7.39,7.296875
4hnf,6.15,5.6132812
2f01,13.0,10.1328125
1x38,8.77,9.0234375
2r9m,8.82,9.34375
4lp0,8.0,8.171875
3n49,5.15,4.3359375
1rr6,10.25,9.6484375
2qrl,4.0,3.5703125
5cas,8.85,8.984375
3opr,6.59,6.1484375
3ogm,7.32,6.6914062
1x8j,6.96,6.4765625
3rz8,8.17,7.6171875
3fvh,6.35,5.9296875
2x7u,5.27,5.1914062
1juy,7.66,6.7890625
2qi0,7.38,6.5820312
3oxc,8.41,7.9609375
3m53,5.31,5.0820312
3wbl,4.64,4.7460938
1y20,5.32,5.484375
4xbb,5.0,4.6015625
3jrx,9.0,8.8203125
1zky,6.25,5.8515625
3r0h,5.92,5.96875
2srt,6.64,6.0117188
4os2,6.7,6.1054688
2glm,5.37,5.2109375
4a6s,5.2,5.109375
2ath,6.82,6.8085938
3iwy,7.28,7.3046875
3eq7,9.09,9.2421875
4qqi,5.52,4.8125
1o5r,8.12,7.5703125
4l2x,7.41,7.2382812
4fcm,3.94,3.9804688
5em6,8.4,8.171875
3sxu,5.05,5.2265625
2q9y,4.44,4.5351562
4xit,7.27,7.6679688
4lq3,6.35,6.3789062
3zuk,7.46,6.7109375
3zs1,6.4,6.6757812
1pxk,5.66,5.8125
4q90,2.15,2.078125
4us3,5.32,5.109375
2o5k,7.82,8.234375
1rdi,2.06,1.6289062
4b6o,7.0,6.484375
1d6v,6.17,6.4140625
4xj0,9.52,9.5546875
2c6i,4.96,4.7773438
4nw2,4.54,4.4140625
3qt7,7.31,7.3398438
2gj4,6.5,6.109375
5ael,7.41,6.9921875
4joo,4.43,4.5742188
3vbx,4.77,4.6835938
2rjr,1.94,2.1230469
4k3m,3.55,3.5410156
3mj2,7.82,8.203125
2bes,4.24,3.5234375
4bo2,7.3,7.3320312
3igg,7.18,7.6367188
3n1c,5.22,5.1171875
3bc5,8.3,7.9375
2yem,7.81,7.8085938
2ceo,10.0,10.71875
3nnx,7.96,8.28125
4xc2,5.37,5.703125
4wht,8.1,9.171875
1qm5,5.82,5.59375
4ogi,7.43,6.9570312
1jpl,5.0,5.0898438
3nfl,4.38,4.6601562
5am1,8.52,8.703125
1oh4,3.74,3.6816406
1h35,7.54,6.8554688
4z1n,8.23,8.6796875
4gk7,7.9,8.0234375
2b1p,8.52,9.15625
4mzj,5.8,6.8515625
3cd5,7.9,7.9648438
4m6u,2.74,3.5332031
1nlt,4.92,5.0742188
5c4t,7.66,7.8632812
1hqh,6.3,5.7851562
3cr5,4.19,4.1796875
2weh,5.95,5.5390625
3bpr,4.95,5.03125
3unk,4.82,4.8984375
3mqf,5.24,5.2929688
4uua,5.24,5.921875
3bl7,8.4,8.296875
1rq2,2.52,2.2890625
4bah,8.7,8.671875
5e8r,8.7,9.1796875
4jzf,6.76,7.0859375
1los,7.19,6.9101562
4q8y,2.64,2.8671875
4rx8,7.46,7.8007812
5ct7,7.15,7.3125
1t48,3.46,3.6894531
1haa,8.7,8.0390625
4mmp,7.71,7.8945312
4zzz,7.06,7.0078125
3v01,7.6,7.6328125
3n3j,8.48,7.90625
1auj,8.25,8.640625
4l7d,6.12,5.3398438
2imd,8.3,8.1875
5dms,4.53,4.7539062
4zz1,7.89,7.671875
3tjm,5.2,5.1289062
1q5k,7.42,7.8164062
4c1f,4.63,4.8632812
4d2t,6.0,6.5664062
3u3z,5.36,3.796875
2xdx,6.46,6.3867188
4g8r,7.66,7.7734375
2yog,4.51,4.2695312
4n8e,7.7,7.7304688
4nxo,7.22,7.7460938
1wva,6.57,6.3085938
2wpb,2.89,2.453125
2nq7,5.54,5.9101562
4z1s,6.1,6.8710938
1kdy,6.38,6.2148438
3v7x,8.57,8.4609375
2hmu,7.7,7.421875
4g8l,8.0,8.2578125
4urk,5.96,6.3828125
4y6m,7.15,6.9101562
1dzp,5.44,5.8007812
3fuf,2.7,2.7753906
5c3k,3.96,3.3847656
1b7h,8.02,7.1640625
2xyd,6.82,7.3046875
2fai,6.24,6.5078125
4qf8,7.51,7.2460938
3fun,6.72,6.5976562
2ga2,5.52,5.34375
1a85,4.52,4.640625
4kox,4.77,4.9179688
2vtt,7.36,7.2421875
3cpb,4.6,4.765625
1iwq,8.06,7.9648438
3oil,5.68,6.0976562
3l4t,5.42,4.8984375
2uzb,6.92,6.8515625
4i2w,3.92,3.6425781
1p93,7.72,6.5351562
2o4s,10.51,11.5234375
3ejs,6.6,6.515625
2uw7,7.74,7.9921875
4xmb,7.36,7.3203125
2b7a,9.0,8.8125
4iax,9.56,8.984375
3qkv,7.44,7.3046875
4fxj,3.62,3.0429688
3ibu,9.15,9.296875
2ydv,7.86,6.5976562
4tpm,8.62,8.2421875
4acc,7.7,7.84375
2jb5,9.22,8.3984375
2x09,3.76,3.5117188
1wxz,8.07,7.1992188
2r3g,6.1,4.6953125
1hpo,9.22,9.015625
4iaw,9.63,8.9921875
3g42,6.85,6.3125
2r23,3.72,3.5976562
4g0a,7.6,6.9101562
4w4s,5.02,4.4804688
2o4z,6.25,5.5234375
2w2i,6.04,5.34375
3c4f,5.72,5.2148438
4fmn,6.1,5.9453125
3snl,9.15,8.6015625
1iem,7.7,7.875
3b9g,4.72,4.7929688
2vot,7.14,6.9140625
4n1u,8.3,7.5390625
3zt1,2.7,2.3886719
1qb6,6.06,5.8398438
3vqh,5.92,5.21875
2ql7,6.26,4.8007812
3mwu,8.05,7.6601562
3wff,6.18,6.1914062
1c5x,6.68,6.140625
4mx9,8.59,8.1328125
4hys,7.26,6.9257812
5em7,7.72,7.2382812
1iyl,9.0,8.0703125
2xo8,4.33,4.2460938
3bu1,8.15,7.6796875
1kqb,4.0,3.4667969
2wf2,7.59,6.859375
4d63,1.64,0.7885742
2m3m,5.02,4.828125
4mr4,5.94,4.8125
5ap7,6.29,5.7734375
4ll3,11.57,11.5625
2z5s,5.66,4.9492188
1pdq,5.3,4.5898438
1nhu,5.66,4.7851562
4dgg,6.1,6.2539062
3wd1,7.66,6.9765625
3e6v,6.83,6.1210938
2qt9,8.64,7.9726562
4hpi,4.85,4.4765625
2y1g,6.15,6.25
1x8b,7.01,6.21875
3osi,5.22,4.5546875
4j1p,7.05,6.296875
4p0n,8.66,7.6953125
3qqu,8.62,8.734375
3h22,5.1,4.671875
4uvx,7.96,7.3320312
1zub,6.57,6.2890625
3uok,9.1,8.5703125
2aa9,2.92,2.78125
4bfy,6.92,6.6875
3aav,6.62,5.9179688
3bxh,4.03,3.7441406
4tzm,6.7,5.4179688
3eko,6.7,6.453125
3cho,6.55,5.6367188
5cf5,8.6,8.3515625
1it6,8.39,7.6445312
3o4l,5.09,4.8125
2q64,8.52,8.28125
3t3e,5.99,5.6992188
2qn3,5.36,4.7890625
1fzk,8.4,7.375
4uwf,8.15,6.8671875
3m1j,4.82,4.5898438
4qz7,5.65,5.2226562
2c5n,6.66,6.15625
3ggc,5.44,5.1054688
2hvx,7.54,7.1914062
2d3u,6.92,6.7304688
3hxe,5.33,4.3007812
3l8s,7.0,7.1679688
3jy9,9.0,8.125
1dbb,9.0,7.1875
4cjq,3.59,3.1464844
4ocx,11.44,9.5546875
1way,3.4,1.9306641
3dkf,8.57,8.203125
3d4f,7.72,6.6601562
3djp,4.2,4.1757812
3w54,9.7,9.125
2g2r,7.89,7.3554688
2nn1,5.82,5.5039062
1cqp,5.62,5.0742188
4rlk,5.02,5.1796875
1y2j,7.48,7.234375
2gde,8.24,8.0625
4mnw,5.76,5.0351562
4mjr,3.55,3.1503906
4z2j,6.43,5.2734375
3ugc,6.02,5.9726562
5std,10.49,9.296875
4lrh,9.72,7.8242188
4xy2,8.1,7.4296875
3ggv,10.85,10.390625
4bsq,9.15,7.6484375
1tft,8.3,7.015625
3dxk,6.33,5.8476562
3e62,4.39,4.0742188
4xii,6.6,6.7734375
4cpq,7.74,6.8671875
4ks4,7.14,6.6992188
2jk7,7.17,7.3242188
5cnj,6.84,6.828125
4xua,4.59,3.5058594
3mct,4.07,3.5097656
3ff6,7.15,6.5234375
4h42,3.47,3.296875
2w3k,10.1,9.46875
1xoz,8.92,8.203125
3hl5,4.47,3.3066406
1wbt,6.47,6.8867188
1g9r,5.7,5.1523438
2xs8,4.61,3.7480469
3up7,8.21,8.0234375
1n3z,4.2,3.9726562
2qi4,10.44,12.5859375
4pzh,8.0,8.3125
2aou,7.73,8.2578125
3nzk,9.27,9.4921875
1zuc,8.77,9.203125
2nns,6.05,6.0
4qvv,5.15,5.328125
2gcd,5.52,5.59375
4i7j,3.32,2.9902344
1q95,7.57,7.3867188
4i47,6.92,6.3085938
3l4z,6.72,6.7265625
2r8q,3.24,3.9609375
4qxo,5.51,6.296875
4yzn,4.81,5.203125
1m5c,6.3,6.7265625
2va6,6.17,5.8203125
4z2g,6.66,6.59375
1n0t,4.91,4.9921875
1pbk,9.05,8.734375
3blu,3.46,3.3125
1k6c,7.48,6.0117188
3rz1,8.74,8.390625
4igq,4.52,4.3867188
1xm4,10.39,11.15625
3qs4,4.68,4.5507812
1u6q,5.88,6.2851562
3hii,6.54,7.1445312
4lkt,5.9,6.46875
2rc8,6.52,6.3828125
4trw,4.14,5.0429688
3b4p,5.4,5.984375
4ay5,6.27,6.4648438
2xbp,5.02,5.2070312
2xj2,7.18,7.3085938
2wu6,7.53,6.9570312
3c94,6.87,6.8632812
2wsx,2.41,2.59375
2wq5,3.74,3.5546875
2o1c,4.72,4.796875
1bwb,8.42,8.1640625
3ddb,4.02,3.8886719
4bty,7.7,7.6640625
3qts,5.51,6.0
4p45,7.8,8.0078125
1g50,6.28,6.2929688
1c3x,3.68,4.1601562
3o96,7.24,7.375
2rcu,6.68,6.28125
1x0n,7.7,7.6289062
2poq,4.42,4.28125
2gh9,6.0,6.0234375
2fjp,8.37,8.8203125
4eg5,8.1,8.2890625
4kif,4.84,4.8554688
3hdm,7.4,7.9414062
3mpe,7.4,7.7109375
3lce,3.81,3.5917969
1sbr,5.0,5.3789062
1hi4,4.49,4.9921875
1gux,6.96,6.8828125
3anq,6.74,7.1484375
1g9c,5.3,5.3085938
2w9h,6.37,7.25
2zdm,6.41,6.5742188
2cfg,7.44,7.9570312
4o4k,3.7,4.265625
4fcd,9.55,9.2109375
3vp3,4.95,4.625
2vio,4.4,5.359375
1svg,8.7,8.8125
2oc4,7.07,7.4882812
3sm0,6.13,7.0195312
3lhs,9.0,10.046875
4uia,6.72,7.3125
3bv2,9.36,8.0625
1rbo,12.72,12.8828125
1rgk,4.31,3.9804688
3iiw,4.44,4.7421875
1njt,4.82,5.0
2ggx,3.49,3.9082031
1nw7,5.09,4.9570312
1yyy,5.09,5.0195312
4g8o,7.66,7.8515625
3qtv,4.65,4.9414062
3inh,7.7,7.921875
3t0m,3.94,3.7050781
4g3g,8.43,8.4140625
1idg,7.19,6.6171875
3s6t,7.35,8.203125
4i9c,5.51,5.5351562
1wqv,6.89,6.9960938
3jdw,3.6,3.6445312
3eyh,7.7,7.4453125
3o8p,6.46,7.2890625
3u6a,6.49,6.71875
2xp2,9.0,9.4453125
2zfi,3.46,3.4453125
3mzc,6.65,7.3984375
3f38,2.62,2.7207031
4o7a,4.72,4.640625
4pde,6.44,6.5390625
2gd8,7.41,8.0859375
4fvq,6.0,6.3359375
3oqf,7.04,8.2109375
4mk8,9.0,9.8125
3zw3,7.47,7.7265625
3d9m,3.48,3.5039062
2oq6,3.6,3.8164062
1p01,9.46,9.8359375
3uvu,7.38,6.7148438
3bc4,5.35,5.3242188
4mss,6.4,6.2148438
2asu,9.0,9.8515625
3lil,8.08,8.1484375
2w9i,7.48,6.9335938
2vvv,8.22,8.203125
3ud8,5.38,5.953125
3l81,4.53,4.2929688
4ck3,3.57,3.7714844
2gni,5.64,6.5195312
4x14,2.92,3.1523438
4wpf,6.6,6.7695312
4h4b,2.7,2.9238281
5ai6,4.4,3.9785156
5alt,4.88,5.3007812
4kio,6.3,6.7539062
3ft4,5.93,5.671875
4lzr,4.7,4.5
4xar,6.97,7.0273438
2vf6,8.52,8.203125
4azp,5.9,5.6210938
3s8l,5.64,5.4882812
3aid,6.86,6.7304688
4rvr,6.87,7.0351562
1sle,6.17,6.4765625
3o9p,6.52,7.140625
3ldw,7.97,8.5
2qtt,4.32,4.7265625
4jfw,6.34,6.3671875
2er6,7.22,7.25
3ps6,7.74,8.2578125
3r0y,4.84,5.1875
2uxu,4.74,4.5976562
4jjm,7.57,7.2460938
2a3c,4.43,4.2617188
4ngr,7.55,7.7265625
3iad,9.0,9.03125
3mxf,7.31,7.0507812
4ymx,7.1,7.1367188
3vby,4.55,5.296875
2wu7,6.28,6.3007812
3pj1,7.32,8.4765625
4x47,2.85,3.2226562
3pz3,6.85,6.84375
3t1a,8.37,9.0625
1i7m,9.64,11.1171875
3hec,4.47,4.359375
6apr,7.77,7.609375
2etk,6.82,7.1445312
4wm9,6.92,7.0742188
1gpy,4.7,4.2617188
2fqw,6.68,7.109375
1xp1,9.3,9.5234375
2jql,6.52,6.4921875
2bz8,5.6,5.2382812
2w78,8.57,8.4140625
4pee,8.32,8.8671875
3e8n,7.72,8.015625
3nkk,4.7,5.1171875
2yns,7.6,7.6601562
3ms2,3.72,3.5175781
4ql1,7.03,7.578125
3udk,4.49,5.1757812
4xx9,5.08,5.109375
1tlo,4.0,4.3632812
5c8k,7.7,7.8515625
3nlb,7.46,7.609375
2cen,8.3,8.8046875
3fui,6.8,6.921875
4efg,7.26,6.7890625
4i80,7.62,7.6875
2qyn,6.24,6.609375
1e5a,7.64,8.0078125
1cp6,5.0,5.7226562
4wyz,4.3,4.6015625
2zir,8.19,7.7734375
3ked,2.44,2.3105469
2wfj,7.15,6.1054688
1mpl,3.77,3.8632812
3o0u,7.92,8.453125
3esj,3.03,3.2109375
2opy,4.52,4.1757812
4ypf,2.7,2.6679688
2h65,8.19,7.4804688
1j1a,7.54,7.0703125
3o9a,10.7,12.5390625
2y77,6.6,6.5429688
1sm2,8.0,7.5429688
4hxw,8.7,8.390625
3h1x,5.89,5.5859375
3st5,11.3,10.578125
4oem,5.3,4.84375
1xow,9.28,9.3046875
4bdh,4.11,4.0390625
3e4a,8.77,9.46875
4bjx,7.66,8.0546875
1gjb,6.35,6.2890625
4l7o,4.88,5.0390625
1s4d,6.49,6.3046875
4dxj,7.42,7.2109375
1xnx,6.38,6.1445312
4abe,3.4,3.5957031
3d9o,3.0,3.2070312
4pre,3.74,3.765625
1pi5,7.77,8.1484375
4rlt,4.96,5.6484375
4yrg,2.7,2.8066406
1vrt,7.1,7.3242188
4mc9,9.44,8.8203125
1om2,4.7,4.5234375
3hxb,5.39,4.4414062
1rw8,6.76,7.1289062
2gmk,3.23,3.0527344
4ylu,4.0,4.1679688
4dfb,4.6,4.015625
2ll6,10.0,8.796875
4qwl,6.18,6.2304688
2uzv,5.87,5.6875
1a4k,8.0,8.28125
4qwx,6.27,6.7382812
4gtq,8.3,8.0234375
3hv6,5.64,5.8359375
3hqh,4.2,4.09375
3rul,6.85,6.1484375
4fll,5.29,5.53125
4e81,5.24,5.1484375
2imb,4.22,3.8574219
3bmn,4.46,5.0351562
4f64,7.2,7.7539062
3shy,7.04,7.1992188
4qxj,5.9,6.046875
4q8x,3.57,3.7851562
4z90,4.66,5.1953125
3iue,5.82,6.0859375
3lnj,6.66,6.7890625
3lf0,5.71,5.3125
1pyw,7.7,7.4414062
3ta1,3.25,4.0195312
2hmv,7.7,8.078125
2g6p,6.22,6.2773438
2zq1,6.62,6.3789062
3h9k,7.85,8.3359375
4p0a,4.52,4.8945312
4d8a,3.42,3.7871094
3uzc,9.61,9.9609375
2v22,5.39,5.5820312
3v78,5.54,5.9140625
3rv3,2.0,1.8564453
2exm,4.11,4.2148438
2fys,4.36,4.671875
1dhi,7.26,6.8828125
3clp,3.69,3.6582031
2kp8,4.0,4.6289062
1vea,7.52,7.9960938
1t5f,4.22,4.75
3shc,5.72,6.6054688
4c66,4.1,4.9257812
1lf9,12.0,13.359375
3ow6,6.66,7.2382812
4wy7,6.78,7.8554688
4ewr,6.27,6.1445312
4qyo,8.22,8.7734375
4k76,5.35,5.609375
3g15,7.0,7.6640625
1ogg,5.19,6.1835938
3dne,5.22,6.0898438
2x4o,4.77,5.3085938
1uyd,3.7,3.5195312
1g7q,6.06,6.4375
1a7t,1.64,2.2539062
4iho,5.1,6.1054688
1fyr,5.62,5.3398438
4bek,4.39,4.4960938
3jsi,8.68,9.4453125
4fev,5.42,5.4882812
4ch2,5.99,5.4726562
4kpz,2.71,3.7480469
2qk8,7.91,8.59375
3nc4,4.58,5.1484375
1y6q,11.7,12.28125
1eed,4.79,5.9140625
1h1q,6.0,6.171875
2xi7,5.14,5.078125
1mxu,5.4,7.3085938
1b6m,8.4,8.4140625
2wmx,6.07,6.4140625
4x1s,6.87,7.0
2aqb,3.3,3.4863281
2ax9,9.52,9.375
3u4u,8.52,8.8359375
2uzo,4.57,5.2226562
4hhy,8.72,9.5625
2v96,4.54,4.6757812
2g9u,6.08,6.4335938
2qe5,5.79,6.5546875
3pch,5.4,5.3046875
2fzc,2.7,3.4433594
2c8w,8.43,8.96875
1g6g,6.28,7.140625
3qi3,3.78,3.96875
2rkf,9.08,9.0625
2ymt,8.0,8.296875
2d3z,6.64,6.765625
4awo,7.62,8.2890625
3zlv,3.52,4.4179688
1bn3,9.89,10.453125
1lor,11.06,12.5234375
1gvw,6.96,6.8476562
3n75,7.89,7.6679688
4oyt,2.81,2.8964844
3tvl,4.0,3.6503906
4nmo,4.83,4.6757812
1hos,8.55,8.4921875
4nmv,4.95,5.1640625
2xk4,4.77,5.3710938
2b2v,4.77,4.3203125
4xrq,6.63,7.4570312
1g53,9.04,9.7109375
3oyl,6.7,7.4140625
3p8e,5.15,5.4609375
3nuo,9.8,10.9453125
2r0u,9.0,9.46875
4p4t,4.39,4.75
3lau,4.52,4.7421875
4jv6,6.66,6.796875
2gg0,5.77,5.5039062
3p4f,5.66,6.125
4ahr,2.19,1.8554688
2x9f,7.21,7.3789062
4hxz,6.05,6.5039062
4ohp,7.46,7.8242188
3hc8,8.54,8.5625
1pfu,2.72,2.8125
4bpj,6.0,6.0859375
3tl0,6.59,6.859375
1ero,8.23,8.671875
2xn6,8.8,8.78125
4i7b,5.7,6.296875
1ckb,5.28,5.1679688
5caq,8.57,8.0546875
1eat,7.82,8.1328125
3o9c,12.05,12.1953125
3aw0,5.24,5.5664062
1ftk,4.84,5.8945312
4dkr,6.52,6.9179688
1j7z,7.7,7.1523438
4uvw,7.72,8.0703125
3pd3,4.44,5.0390625
2cv3,6.57,7.0273438
2y68,3.6,3.4335938
5prc,4.89,5.0429688
1owi,7.55,8.0078125
2a4r,7.82,7.3710938
4j81,4.5,5.5507812
4qr3,5.85,5.8125
2z5o,6.0,6.1210938
3s77,7.21,7.1875
3tif,5.38,5.765625
3upy,5.62,6.1601562
2xd9,6.46,7.4375
4qkd,4.09,4.40625
3lq5,6.96,7.1640625
4bv2,3.74,3.8730469
4eo4,6.35,7.125
4ia0,7.11,7.6835938
1jj9,5.77,6.0703125
4dk7,7.7,7.8671875
3qtf,6.96,7.6835938
4i7l,3.99,4.359375
2loz,4.06,4.2539062
3ckp,6.35,6.2382812
3npa,3.87,4.0820312
2r59,8.19,7.0625
1ba8,9.0,7.96875
3w2s,8.16,7.0195312
1soj,6.62,5.78125
4pow,6.3,5.3476562
1e03,9.4,8.3515625
2m0v,5.97,5.5898438
3eqs,8.48,7.296875
4ppa,9.1,7.8164062
3qj9,7.0,6.984375
4db7,6.56,6.4179688
4gfd,9.48,8.203125
1pxm,7.22,7.53125
2g9r,6.08,5.9960938
3atp,4.45,3.5371094
4r8y,6.19,5.7460938
4tkf,6.55,5.8867188
3nf6,3.53,3.1679688
2y2n,4.57,5.0390625
4jg7,6.92,6.3554688
3u8h,6.49,5.8867188
1zgb,8.06,6.90625
1o2j,6.92,6.2421875
4p4s,4.94,4.421875
2l8r,3.92,3.6738281
4dma,6.19,5.7460938
4prh,4.6,3.9628906
3dp0,5.85,5.390625
3fdm,8.7,8.796875
1e1v,4.92,4.7851562
1tnk,1.49,1.6308594
3mg7,7.89,7.3203125
4m3f,5.31,5.5429688
3ah8,9.82,11.09375
1lq2,8.77,8.484375
3wav,6.74,6.484375
1wzy,6.25,6.1953125
3udp,5.22,5.1171875
4jmh,8.68,8.09375
3tcp,8.37,7.671875
1bl4,8.74,8.2578125
2pbw,8.25,7.3828125
3qox,6.57,6.2109375
3h0a,7.48,7.109375
3n2u,7.84,7.7851562
3da6,8.7,8.3984375
3ls4,6.3,6.6445312
2mkr,6.27,5.9726562
1a46,5.7,6.1445312
4k1b,11.52,10.859375
5cvd,6.41,5.828125
3gb2,7.47,7.8125
3ms7,3.43,3.3457031
4nvp,7.57,6.6484375
4r3c,7.0,6.078125
1hc9,8.72,7.9453125
4tpk,8.57,7.9453125
1hyv,2.3,2.8105469
2qcd,3.4,3.7246094
1uwh,7.66,8.046875
4d8z,6.29,6.5039062
5aib,3.8,3.6992188
2wqp,5.51,5.6210938
1o3d,7.13,6.1835938
2ien,9.0,8.2578125
2j7d,7.13,6.125
1h1h,5.22,4.8710938
3mwe,1.54,1.7470703
4ofl,7.66,6.8828125
1q6t,8.3,7.3125
1q84,11.05,11.03125
3jzr,7.44,6.1835938
3pax,5.0,4.8710938
3t64,6.7,5.6992188
4lbo,5.77,4.4257812
3g72,9.1,8.984375
3nyd,3.48,3.9199219
4wey,3.5,2.9472656
4k55,5.51,4.8007812
2uue,6.13,5.078125
1o2v,5.85,5.5
3p0g,10.08,9.8515625
4l7n,4.84,4.859375
5ap4,6.46,6.3164062
2vr3,4.98,4.765625
1v2k,6.19,5.65625
3tjd,9.0,8.828125
4jnc,8.52,8.609375
4gk3,7.25,6.9804688
4ci1,6.6,6.0507812
4g2j,7.96,7.1835938
4zwy,8.7,8.5234375
2bmk,5.62,5.6132812
4pni,6.09,5.5390625
3hyg,7.03,6.9960938
9abp,8.0,8.40625
3qx9,4.05,3.9003906
1yda,6.55,6.203125
4omd,9.01,8.90625
5a5p,4.0,3.6347656
1r1j,8.64,7.8242188
4p5d,5.82,5.9140625
4ncg,7.96,7.5820312
2j83,4.21,3.8964844
1x7a,7.89,7.7578125
4b78,5.0,4.65625
2x8e,7.85,7.484375
2ooz,5.15,5.0507812
4jwr,6.21,6.078125
3e9h,7.55,6.7695312
4mw5,7.35,6.9492188
4c4f,7.59,7.6015625
2xxt,8.05,7.625
3t6r,5.66,5.40625
1xuo,7.16,6.4414062
2hiw,8.1,7.6171875
4e5g,4.67,3.9335938
1v11,3.98,3.6113281
3rwq,7.46,7.3007812
4yl1,6.67,6.4453125
4efs,8.6,7.5859375
1ua4,4.22,3.9453125
4b05,7.58,7.3007812
4psh,8.89,7.890625
4mqu,8.4,7.5117188
2ria,2.57,1.8671875
3mxs,5.01,5.4882812
4myh,4.64,5.2578125
3q2h,9.16,9.46875
2c57,3.43,3.3769531
3f88,8.64,8.125
1ek1,7.77,7.734375
5dgw,11.05,10.5703125
3cy2,7.22,6.75
2qln,5.43,5.5
3c3o,4.36,4.3007812
4uro,8.4,8.1171875
4djr,11.52,10.8515625
3r2b,8.4,8.1640625
1mmp,6.07,5.5898438
5cxz,6.26,5.59375
1t32,7.42,7.75
3v6r,6.15,5.9257812
3nox,8.66,8.359375
3szb,4.92,4.7226562
5all,5.57,5.5273438
4r3s,8.22,7.9023438
1o4q,2.49,2.5253906
4jog,3.72,3.90625
2a4g,7.18,7.1640625
3odl,7.21,6.8398438
4mw1,7.72,7.5039062
2xbx,7.82,7.4804688
2zwz,7.79,6.7695312
4ymg,4.68,4.515625
1o2t,7.85,7.640625
3n7o,7.14,6.7148438
3tf6,6.4,6.7460938
2ywp,8.15,7.9726562
3q2g,8.46,8.3671875
3ncr,4.11,3.9238281
3dxj,6.22,6.0664062
4cd5,6.71,6.609375
2hai,6.28,6.3632812
1o2x,5.85,5.5078125
2x7d,6.7,6.6640625
4gs6,7.15,7.3710938
1s3k,6.62,6.9023438
3frg,8.4,7.1367188
1w2x,5.14,5.203125
3pkc,6.02,5.7148438
3f8c,7.68,7.5859375
1stp,13.4,11.84375
4um1,5.77,5.0273438
4y8z,10.4,10.640625
4qvm,6.35,6.078125
3p7a,6.28,6.3515625
4mjo,6.22,5.8867188
4ufz,6.31,5.8710938
3rz7,8.96,8.40625
3sad,5.96,5.1015625
1n1g,2.3,2.28125
4gvm,6.11,6.6640625
4cu7,7.59,7.234375
1gwr,6.6,6.515625
4ke0,7.77,7.5234375
1bdl,5.85,5.6875
4civ,4.95,4.8710938
1qtn,7.3,7.5546875
2brp,4.0,3.8398438
4orx,3.53,3.3730469
4ko8,7.15,7.3007812
4u0s,6.8,6.5429688
3eky,9.64,8.9140625
4dn0,5.72,5.8359375
4dhl,4.48,4.0039062
4ovz,6.31,6.140625
4u58,2.0,1.6416016
3lea,9.1,8.5703125
1vja,7.7,7.8476562
3wab,7.47,7.1210938
2w8j,2.96,2.4277344
4y7r,5.03,5.3125
1cpi,7.41,7.5898438
4gzp,7.84,7.5078125
4ahv,1.82,2.0917969
5ci7,6.92,6.796875
4b82,4.39,4.5039062
4aqc,9.05,8.4765625
3tpx,9.35,9.515625
3kdu,6.46,6.9609375
3h2m,3.67,3.5917969
3iqg,4.6,4.5742188
3pa8,5.75,5.7578125
4ks3,6.37,6.4140625
1rgl,4.43,3.9589844
5c7d,5.11,5.0078125
4o7c,5.0,4.734375
2zo3,10.0,9.1875
4yzm,5.27,5.171875
3ctt,6.35,6.6601562
2f6y,3.87,4.1054688
3vf8,6.82,6.5351562
1qj6,7.74,8.28125
3sie,7.88,8.1875
4umu,6.19,5.7929688
1m1b,4.66,5.0351562
3jzf,5.3,5.1328125
4jib,7.35,7.5117188
1w7g,5.1,4.9726562
3nu9,9.05,9.390625
4gu9,4.37,4.0664062
2pqz,5.67,5.7578125
4nwc,5.76,5.3203125
4qsh,5.1,5.2890625
3nga,8.0,7.8945312
3snc,4.39,4.3320312
4u44,8.1,7.5078125
4qir,6.95,6.6796875
4ih3,4.82,4.578125
2xqq,4.82,4.640625
4trc,4.52,4.421875
1rhk,9.11,8.2109375
3c7q,7.68,7.8710938
2wi7,7.24,6.6757812
3dd8,7.85,7.5351562
4whs,4.12,4.4453125
4tky,5.7,5.796875
4l3o,6.0,5.6875
3std,11.11,11.328125
1y8o,5.89,6.0
4qdk,5.85,6.0078125
3hek,8.27,8.3203125
4y87,7.24,7.4023438
2y71,7.37,6.7890625
4w9p,7.8,8.125
2i4t,9.0,9.7421875
1gj5,4.96,4.3945312
1lhd,9.62,9.515625
1xk9,6.85,6.96875
1ols,5.82,6.0585938
3kd7,3.7,4.2109375
3kze,3.95,4.171875
1anf,5.46,5.5703125
4jfz,7.15,6.59375
5e2p,8.8,9.046875
3k22,7.9,8.09375
4dds,5.01,5.4335938
2p98,6.19,6.3046875
1ny0,5.85,5.9765625
1mu6,8.38,8.5390625
2l6e,6.0,6.3984375
4aq4,6.17,5.9492188
3tsd,3.66,3.9160156
2xsb,4.96,5.03125
3chd,4.92,4.984375
4b2i,3.0,3.171875
4x6o,8.72,9.46875
1lah,7.52,8.2578125
4ca7,7.36,7.0390625
2z78,6.12,6.296875
3wz7,5.74,6.0039062
2a8h,7.17,7.5117188
2hz4,5.47,5.6679688
3cd0,7.57,7.3945312
2pov,7.12,7.1445312
2qrp,6.2,6.3515625
3qtx,7.15,7.0546875
3ant,8.07,8.3671875
4qhc,6.7,6.7773438
3p79,5.64,6.0273438
2q6c,7.78,7.6914062
3cen,8.26,8.6171875
3mof,3.07,3.7070312
3krj,8.96,8.9140625
5djv,7.11,6.9414062
4z7h,6.66,6.6757812
4a4e,3.32,3.2070312
4bda,5.57,5.1445312
1iq1,7.46,8.1875
3ldq,5.36,4.8164062
3pkb,6.21,6.3632812
2h5d,8.19,7.9414062
3rwd,8.0,7.5820312
3t3v,8.52,8.1875
4nym,3.55,3.9003906
4io7,3.68,3.6054688
4msk,7.2,7.6757812
4ztl,5.92,6.2226562
3gxy,5.59,4.921875
1p1o,5.76,7.078125
1kug,3.8,3.2871094
1oxn,5.68,5.6484375
3nht,7.01,7.21875
2clm,3.55,3.953125
1xbb,5.3,5.0117188
3ejq,8.57,8.0390625
2i2b,2.44,2.8613281
2vin,3.0,3.4042969
4pgb,7.48,7.40625
1b58,6.59,6.734375
2i03,9.0,8.3125
2pe0,7.1,7.6367188
4pzx,6.0,5.3671875
3w2q,7.18,6.875
5c4o,8.21,8.28125
3hky,7.1,7.4023438
4mhs,5.29,5.6171875
4g55,4.92,4.71875
4io4,4.61,4.6484375
4gxl,5.28,5.453125
4urv,2.77,2.6816406
3qkm,7.42,7.4609375
2d1o,7.7,7.3046875
4luo,3.24,3.46875
1prm,4.23,4.4414062
1xos,4.7,5.3398438
2wyn,5.55,6.4492188
3lj3,9.03,9.4609375
2rf2,8.44,8.125
3ux0,6.26,6.0585938
4g2l,7.49,7.3203125
2ccb,7.45,7.2929688
3gen,9.14,9.3515625
3p3u,6.48,6.6914062
3wde,6.91,6.6289062
1h28,6.52,6.4726562
3i97,5.52,5.7226562
4u82,5.72,5.4648438
4q3q,5.89,6.1171875
2fx7,7.7,8.171875
5yas,3.26,3.1386719
4nuf,5.3,5.7382812
3h3c,6.85,6.8398438
3vb6,4.41,4.6523438
4el9,5.36,5.7734375
2h2d,5.37,6.1289062
3oki,7.15,7.0664062
3fzc,5.39,5.1484375
3ti3,8.74,9.25
3er3,7.09,7.1640625
4ju3,7.07,7.5078125
2k46,4.58,4.2578125
4ezx,5.8,6.140625
4lkl,6.09,6.9765625
4qb3,5.47,5.3046875
2ow7,4.85,5.0507812
4mk0,5.2,5.9140625
3np7,4.02,3.8632812
3vws,3.65,3.4492188
3el9,8.4,7.7070312
4hws,9.1,9.546875
1o0o,5.1,4.9453125
2yb9,9.22,9.6015625
3k2f,7.2,6.96875
4ie7,5.05,5.5234375
4mib,9.7,9.9375
1thz,5.15,5.484375
1nd5,8.4,8.1796875
3uig,5.32,6.0234375
2wd1,7.09,7.0664062
2lnw,5.85,5.9726562
4ybi,6.6,6.390625
1jmq,4.4,4.2890625
2hfp,8.52,8.2578125
4azi,7.45,7.4179688
2jds,8.2,8.3125
1r0x,3.83,3.9726562
4ea3,9.57,9.1171875
2wo9,7.21,6.7890625
4mk1,4.8,5.0585938
3e7o,6.92,6.8085938
1wcc,3.46,3.3867188
3veu,7.26,7.25
4ax9,9.57,9.3203125
1b55,7.4,7.1484375
2isc,8.42,8.28125
2pmk,5.92,6.3359375
2vgc,5.24,5.0625
3el7,6.32,6.4179688
1f9g,1.28,1.3515625
4ogn,10.0,10.3359375
3gxz,7.89,9.0703125
1vjb,7.89,7.390625
4ap0,8.0,7.8242188
3m3c,4.06,3.2832031
2wic,5.39,4.9960938
4k6v,4.63,4.40625
3nw6,8.15,8.0390625
4n3w,3.5,3.2089844
2p33,7.24,7.1757812
1b2m,3.73,3.8574219
5aux,5.0,5.1171875
2jal,4.82,5.2617188
1rlp,5.1,4.65625
3vfb,9.04,8.0390625
2i0y,7.62,7.3359375
4ewn,6.7,6.53125
4n5g,5.0,4.984375
2fb8,9.8,9.6015625
3vp4,4.73,5.3046875
2vqj,6.44,6.1367188
3piz,5.46,5.1875
3vb5,5.34,4.9179688
4g3e,8.38,8.15625
1pmn,8.15,7.4609375
1em6,8.22,8.625
3jqg,4.74,5.1875
4l8m,9.0,8.765625
1c83,4.85,4.3164062
2j2i,6.7,6.9726562
3hau,6.38,6.0742188
1wug,5.8,5.578125
1u3r,8.3,8.4453125
3hmp,5.49,5.2734375
2cex,4.7,4.5117188
3pz4,8.22,8.6640625
4ljh,4.71,4.8632812
4caf,7.12,7.0585938
4wv6,4.98,4.9570312
4bgk,6.28,6.0898438
4pyo,4.52,4.0273438
1bnv,8.77,8.640625
2fah,1.3,1.5742188
4k8o,3.77,3.546875
4e1z,8.52,7.5546875
4dow,5.02,5.1796875
1fq7,5.43,5.0976562
4qoc,9.92,10.296875
3zt3,2.86,2.6464844
1lzq,8.39,8.2578125
2bge,2.8,2.8183594
2hf8,5.47,5.9726562
2fl5,8.74,8.9375
5dls,8.36,7.8046875
2rip,7.19,7.1796875
4ckj,4.84,4.1601562
2l1b,3.96,4.1445312
3zlo,8.82,9.265625
2k31,8.7,9.0546875
1jq8,6.0,5.796875
2i1r,5.01,4.890625
4pv7,6.63,6.3007812
3avz,7.19,6.7773438
1c29,6.33,6.328125
4zjw,6.66,6.8671875
1yk7,7.72,7.1601562
1o79,6.39,5.6953125
1ctt,4.52,4.2929688
3exf,6.54,6.9726562
1xoq,9.17,8.3984375
2aof,4.55,5.2773438
3nil,3.46,3.671875
4a7i,8.7,8.2890625
3vv6,3.8,3.6640625
5abg,8.05,8.7265625
1z4n,4.52,4.484375
1tkx,7.54,7.5
3k0k,5.43,5.8789062
4zla,7.3,7.015625
2kgi,6.12,6.1328125
5aoj,4.68,4.0351562
3rdq,9.31,9.484375
3fqk,7.09,7.0273438
4og5,6.52,6.2890625
3b67,8.85,8.5859375
4xm7,3.57,3.4648438
3bi6,7.82,7.53125
4agc,10.7,11.0703125
5a5o,3.0,3.3378906
4hxl,5.66,5.9179688
3otx,4.53,4.2851562
3sax,6.57,6.6601562
4j9a,8.22,8.1171875
3g5v,7.8,7.1210938
1b42,4.01,4.3789062
4d1c,5.7,5.4335938
4bbe,8.44,8.25
1ov3,6.72,5.9765625
2zxd,5.22,5.6523438
4ju7,6.17,6.109375
4gy5,6.82,7.0898438
2xjj,6.51,6.4140625
3nam,8.46,8.09375
2wl0,7.8,7.921875
4q07,8.14,7.390625
3bjm,8.3,7.5273438
1uwf,6.82,6.1914062
1ny2,2.76,2.6230469
3ua9,7.25,6.59375
2p2i,7.42,6.7460938
4u5u,2.89,2.7089844
1ft7,5.18,4.8984375
2y7x,8.89,9.28125
3nq3,3.78,4.328125
4qvq,5.2,5.4960938
4jjg,8.7,9.4765625
5bvk,4.0,4.2304688
1hvi,10.92,10.8046875
3v5g,7.13,7.5351562
4mt9,10.0,9.4609375
1n8u,6.03,6.0546875
2pyy,4.6,4.3632812
2g00,9.74,9.8984375
4hlh,5.96,6.3945312
4u0m,5.77,5.4101562
4mb9,8.0,8.3828125
3ogx,6.48,5.9375
4rpo,7.64,7.6679688
3rjm,6.61,5.8242188
4guj,3.05,2.8710938
5bui,7.05,6.296875
3uza,8.94,8.0234375
3hcm,3.3,3.265625
3ob0,3.0,3.7929688
1zlu,7.0,6.7695312
3b7u,7.74,8.078125
3kc1,9.0,9.2734375
2fum,6.1,6.7578125
3m8q,9.52,10.3359375
2hwi,5.52,5.3515625
2uw8,4.11,4.1875
2ea2,7.8,7.6992188
2yig,7.1,6.9257812
4hxm,6.1,6.3125
4f39,5.7,5.6445312
3wzq,6.23,6.375
2ya8,5.75,5.9609375
4yll,6.92,7.3085938
3dab,6.68,6.3320312
1ugp,2.89,2.7011719
2x4t,5.13,5.2109375
1jij,8.52,8.8671875
2f3r,6.3,5.0546875
1cw2,6.15,6.578125
2bz6,7.09,7.21875
3hzk,6.7,6.6484375
4nud,7.07,7.140625
1yvx,5.1,5.1796875
1zpc,6.6,6.0
2f3k,7.89,7.9335938
1x8d,2.21,2.5761719
3jzc,8.53,9.046875
1lvc,6.0,5.921875
4w9s,6.82,6.6835938
2vv9,7.77,7.9648438
3hd3,7.0,6.7148438
3cvk,8.0,7.8476562
2r4b,7.18,6.953125
2ovx,8.7,8.9609375
3eov,7.2,8.0546875
1c8k,6.0,5.8007812
4j7d,4.7,4.828125
2bb7,5.67,5.6953125
4urw,2.8,2.2460938
1rin,3.15,2.9023438
4cc2,4.33,3.7089844
4qp7,5.23,5.171875
3uvn,6.59,6.90625
1efy,8.22,8.6171875
2fv9,7.22,7.0742188
4j4v,6.36,6.5546875
3e8r,9.74,8.3359375
4j8s,5.7,5.9960938
2xwy,5.22,4.875
1p5e,4.81,4.0273438
3lxo,4.82,4.625
3eys,5.52,5.5625
2wxv,8.7,8.9296875
3dcr,8.2,7.9414062
4n00,8.02,8.25
2wxl,8.34,8.375
4a9u,7.22,7.4765625
4mw4,6.5,6.3203125
3n3l,3.3,3.0742188
3igb,4.42,4.2109375
2oqs,5.89,6.0625
3ezv,5.98,5.7460938
4acd,8.31,8.140625
4hdp,7.51,9.0078125
1lt5,2.7,2.5898438
1mfd,5.31,5.28125
3mhc,7.96,8.15625
4aaw,6.3,6.4375
2ipo,5.06,5.9140625
1kdk,9.05,9.3203125
4qye,5.92,5.8515625
4app,7.19,6.9570312
3aho,7.05,6.4765625
4jpc,7.03,7.265625
3m35,7.22,7.8828125
4bie,6.6,6.7578125
4m2w,7.28,6.9726562
3zmh,5.28,5.1484375
5cp9,3.51,3.4648438
4b14,6.22,6.171875
3kba,7.8,8.375
1jq3,6.7,6.8203125
1tkb,8.0,8.1875
1r6z,5.0,5.6054688
1qb9,7.44,7.1601562
4hdb,8.05,7.921875
3o95,8.28,8.34375
2xkd,5.64,5.8632812
4btk,6.62,6.6015625
3i0r,8.52,8.1484375
4oc5,7.07,7.078125
1nyy,4.68,4.4648438
2e95,7.1,7.8164062
2p0x,6.31,6.2773438
1q3d,7.82,7.1289062
2yne,8.57,8.90625
3rxl,2.62,2.6679688
1g42,3.01,3.1835938
2ivu,6.43,6.5976562
1ahx,3.92,4.4726562
4yw2,2.8,2.8046875
2w08,3.42,3.5429688
4r4o,5.82,5.5546875
2rcw,8.1,7.5898438
1y98,5.43,5.4296875
4gwk,3.34,3.3378906
2q6h,3.6,3.1972656
1uyc,4.39,4.34375
4dfg,11.74,11.3203125
1rek,6.7,7.140625
1k4g,5.85,6.6484375
4azc,5.86,5.7617188
3aqa,4.55,4.453125
1a07,6.4,6.2421875
4ux6,5.92,5.6328125
2vpe,4.94,4.4179688
3suu,8.52,7.5234375
3kyr,6.72,6.5664062
2bv4,3.22,2.8808594
4oaz,5.77,5.2617188
3d0e,8.4,7.734375
1uy6,3.7,3.3886719
4bxu,7.0,6.8085938
4ode,10.0,9.6328125
4bnv,7.52,7.4492188
1hkk,7.4,6.8242188
2zu4,7.42,7.0078125
3u0p,5.68,5.0234375
4lwv,8.22,8.453125
1pxi,4.77,4.3828125
3ert,9.6,9.265625
1r1i,8.54,7.4960938
2nnq,8.7,8.328125
2jg8,6.3,6.7929688
1o2k,6.92,6.0898438
2hdq,1.4,1.8203125
3e3b,7.96,7.8359375
4mxa,8.92,8.8671875
4h1j,5.92,5.4023438
2gv6,7.34,7.0273438
3e0p,7.92,8.140625
2ze1,6.22,5.7460938
1bqn,6.22,6.4453125
3fj7,3.71,3.5664062
3t0b,4.3,4.1679688
4y2j,3.1,2.9960938
3ern,1.72,1.8037109
4lsj,9.57,9.4296875
3ump,2.99,2.4414062
1bo5,3.6,3.6621094
3nwb,7.96,7.5234375
4hw7,7.21,6.6601562
2jdh,6.51,6.1445312
4c1w,9.41,9.8515625
5afj,4.38,4.3007812
4k9h,7.12,6.7773438
1f8a,5.0,5.3007812
3w8o,7.62,7.4179688
1y2k,7.68,7.25
4anu,7.68,7.0351562
3qxc,5.77,5.09375
4q1f,8.04,7.5976562
4msu,5.85,5.6875
1cin,8.73,8.25
2e2b,7.96,8.25
1owe,6.2,5.796875
3pa3,9.0,8.609375
3ig7,7.2,6.4453125
2jh5,6.44,6.2226562
4q99,6.28,6.1640625
4c35,6.25,6.4257812
4c6x,3.76,3.9316406
1etz,7.24,7.9609375
2pr9,7.37,7.328125
4fmo,5.53,5.3125
4ual,8.4,8.0390625
2ewp,7.1,6.5664062
4u01,8.46,7.96875
3mj1,7.82,7.2226562
4k2f,7.4,7.0
2nq6,5.82,5.125
4e0w,7.48,7.7148438
3sc1,4.38,4.5429688
1t7r,5.96,6.59375
5bml,8.0,7.875
5c11,6.47,5.9101562
4qsu,2.0,2.0078125
3tws,5.52,5.4101562
2v12,9.05,7.9453125
2wej,6.08,5.015625
3cbp,5.6,4.6679688
3uxm,4.7,5.171875
4n3r,6.82,6.5429688
4qc1,4.99,5.0234375
4tnw,3.78,3.515625
456c,9.77,9.875
1wun,7.21,6.390625
1ule,5.92,5.7695312
4y2t,3.82,4.0546875
3my5,4.19,3.5917969
2qky,9.61,9.4296875
1q3w,8.4,8.2734375
1ayu,9.15,8.4140625
1gu1,4.52,4.578125
2wxm,7.4,6.9570312
3a2o,9.08,8.75
1p04,7.4,6.9453125
4cki,5.96,5.6210938
1ke2,7.35,7.0351562
2bub,7.05,6.1679688
3pr0,9.54,9.3046875
4pgc,5.88,5.1757812
1jqe,6.44,6.25
4prj,7.14,6.5546875
4twc,7.4,6.9179688
1o34,5.74,6.2617188
4i0f,6.35,6.3007812
1o9d,5.6,5.0859375
2r5q,8.57,8.2109375
1i3z,6.88,6.421875
3tt4,8.28,7.3632812
3mo5,6.87,6.5351562
3vfj,7.04,6.3007812
4x21,7.44,7.3671875
3pjg,3.55,3.0957031
4y85,7.89,7.3710938
2yln,7.68,7.2460938
3gbq,5.46,5.1132812
1rst,4.43,5.0820312
3ith,8.1,7.9726562
2r5b,8.6,9.09375
2vtr,5.82,5.8867188
2i4w,11.59,12.3046875
2qch,3.6,3.4257812
2e9c,5.96,6.2890625
4h71,4.45,4.7773438
3nw3,6.49,7.0234375
2yc0,2.82,3.2753906
2pu0,7.82,9.1328125
2ym5,6.37,6.390625
3kqw,4.01,4.3359375
2wva,10.7,10.9609375
2w71,6.48,6.15625
4wq3,7.0,7.1015625
3avn,3.3,3.3125
2wkt,4.31,4.6367188
4f7j,5.24,5.1484375
3p2h,5.44,6.5351562
4jq8,8.1,9.2890625
3va4,4.4,4.2773438
1rpa,6.0,6.1210938
1czr,9.0,9.546875
4cfe,7.22,7.6992188
4b32,3.34,2.9003906
5ap5,7.97,7.5351562
4ce1,4.38,4.1132812
4jv8,5.85,6.1367188
2xup,12.39,13.328125
4lgg,8.52,8.0859375
2xm2,4.62,5.5234375
2zu3,6.1,5.2734375
4ra1,5.94,7.0117188
3iaf,2.92,3.5273438
4e96,6.66,7.1796875
1fwv,3.72,4.5742188
3qup,6.32,6.7695312
3nf7,3.47,2.96875
1af2,3.1,2.9179688
2w7x,7.62,7.9101562
2qtn,3.42,3.4160156
5ar8,8.1,8.6640625
4qj0,7.32,7.5664062
4e6c,4.82,5.2109375
3udv,5.59,6.2460938
4e93,6.93,7.4726562
4oyb,5.8,5.8515625
4xkb,6.1,6.1679688
4aq6,4.8,4.8359375
1gbt,2.0,1.6337891
3ts4,8.72,8.78125
1tfz,8.15,8.0546875
3sz1,4.66,5.3359375
4e4a,2.05,1.8115234
4kql,8.77,8.671875
2gm9,7.39,7.9296875
4f1q,4.95,5.3046875
2x4s,4.2,4.2890625
4yqh,8.05,8.4140625
3rpy,5.32,5.2851562
3uib,6.8,6.8320312
1ez9,5.1,5.703125
2zbk,5.7,5.9492188
2yjw,5.12,5.3046875
4aa7,5.7,5.2695312
2a4w,8.29,8.59375
2y5k,6.66,6.640625
3f19,7.19,7.0
1ekb,6.0,6.78125
2oz2,5.71,5.7109375
3zxv,7.31,7.3984375
1we2,4.36,4.3398438
3qvu,3.55,3.8378906
3anr,6.46,6.7929688
4m6q,8.21,8.546875
4uyn,8.4,7.828125
4hs6,7.52,8.0390625
1pwp,6.3,6.8789062
3qcl,5.4,5.8945312
4ibg,3.97,3.6738281
4fci,1.26,1.8330078
5d9p,3.2,3.6796875
3iw8,4.87,4.9726562
3nrz,5.34,5.9492188
4dus,8.3,8.5234375
4gkc,6.82,6.9726562
4uyg,7.6,7.4726562
3b7r,7.7,7.6015625
3djf,6.1,7.140625
4m6p,7.27,6.8789062
4i5c,8.82,8.703125
4ele,7.88,8.6015625
1b8n,10.52,10.3671875
2fkf,2.92,3.7714844
1nzl,7.15,7.3984375
1yc5,3.0,3.6035156
2uym,5.51,5.6328125
2cgr,7.28,7.609375
5ajo,4.96,5.6523438
1h1s,8.22,8.1171875
3v5q,7.4,7.5625
3ob1,5.42,5.1015625
4f7l,8.0,7.9609375
3okp,4.72,4.8046875
3jzs,8.1,8.015625
1rv1,6.85,7.4921875
4nus,8.3,8.265625
4xv9,6.72,6.6367188
2jxr,7.05,6.796875
5a3h,4.57,4.2304688
2i7c,5.07,5.8632812
1uef,5.49,5.5859375
4byj,6.57,6.8007812
4eos,6.05,6.3046875
2y54,4.7,4.8242188
2wqb,6.27,6.3046875
1pzi,4.22,4.6367188
4k43,6.88,7.3007812
4buq,8.14,8.0078125
4wke,8.1,8.9453125
3r6g,7.6,7.0742188
3rse,7.0,8.09375
4yve,7.0,7.1367188
4ln2,3.61,3.9335938
2xln,4.48,4.765625
1jik,9.7,10.5234375
3ccn,6.92,7.3984375
2hd6,7.8,8.4140625
1w0x,5.3,5.0664062
2bqw,8.52,9.1328125
4jok,4.07,4.6523438
3fmz,8.08,7.8789062
2y5f,8.7,9.3046875
3r6t,5.86,6.1796875
4a9i,4.9,5.3710938
3rik,2.47,2.5566406
3chg,3.99,4.03125
2z8e,8.0,8.2421875
4xx3,7.25,7.4375
3mfw,3.52,3.3203125
1k3t,4.19,3.8613281
3lk0,3.16,3.4570312
3vo3,8.85,9.6015625
4os1,5.6,5.84375
4wwn,6.07,6.1367188
4his,8.09,7.8710938
4c1u,7.09,6.7851562
1ijr,5.44,5.9140625
1ngw,7.68,7.8710938
2jbk,6.4,6.4179688
4wsk,6.43,6.4453125
4xu2,9.23,8.9921875
1uu7,4.85,4.6875
1td7,4.37,4.4492188
3rm9,4.77,4.7773438
4wvt,5.31,5.6640625
4djs,7.89,7.9179688
4rj4,7.8,7.765625
1tet,6.08,7.0976562
1iih,2.89,2.5742188
3t19,8.66,9.1796875
3ipb,6.7,6.90625
3mhw,2.3,2.84375
1ebg,10.82,10.8671875
3udn,5.15,5.4804688
3u81,4.44,4.8945312
4mn3,5.75,6.1992188
4g4p,6.89,6.6953125
4az3,8.3,8.3671875
2oph,7.8,7.5195312
3fw3,7.37,7.4960938
2h2g,5.04,5.1367188
3h8c,7.72,7.3203125
4d2w,4.51,4.7890625
16pk,5.22,5.2773438
4an9,7.36,7.0703125
1bnq,9.49,9.0625
1q6n,7.64,7.53125
1klu,7.6,7.4921875
2xfi,7.82,7.9335938
1ywh,7.79,8.046875
1t5a,4.62,4.2929688
3k4d,5.11,5.5195312
2j4z,7.19,7.2695312
3sus,4.15,4.6484375
4x68,6.57,6.3789062
1yt9,8.3,8.2578125
1cs4,5.57,5.71875
3sji,5.69,6.1445312
1py5,7.29,7.5507812
1zlv,6.15,5.8632812
4aa5,7.8,8.3828125
4bks,3.82,3.9277344
1rbp,6.72,7.5664062
4n6z,7.8,8.3359375
4nnn,6.57,6.515625
4fz3,3.73,3.7089844
1oj5,6.1,6.2226562
2clo,4.06,4.6289062
2jbp,8.07,8.3828125
2ksp,4.24,4.0625
4dbm,7.62,7.5429688
3qs6,4.89,4.78125
1p28,5.42,5.5195312
4z2o,4.51,4.7304688
3jq7,5.92,6.0859375
2jmj,5.04,5.2382812
2oyl,6.3,6.140625
4i10,6.77,7.0664062
3k27,4.44,4.640625
3ioe,3.27,4.0351562
3cd7,7.84,7.953125
1y6b,7.42,8.046875
1ztq,8.89,8.578125
2yjb,7.02,6.859375
3i7c,7.74,8.0859375
4tmp,5.43,5.2773438
4bb2,7.07,7.4609375
3kgt,5.51,6.0742188
3o99,10.82,11.0546875
2hmb,5.59,5.3085938
4u45,8.0,8.0546875
3ewh,7.16,7.9570312
3fdn,7.48,7.828125
4u6y,7.08,7.5546875
3d9z,8.7,8.8203125
5fl6,7.36,7.9648438
1gt4,6.52,6.6640625
1bm6,7.89,8.453125
4k5l,4.96,4.9179688
3lco,6.84,6.4726562
5aic,4.3,4.8320312
4ebw,5.06,5.3007812
3o75,6.68,6.9570312
3ljz,8.14,8.578125
2wl5,4.52,5.6328125
4cjr,3.1,3.4667969
1os5,6.85,6.4375
1ao8,8.22,8.3671875
4ovg,3.69,4.2617188
3s9t,6.82,7.2695312
1f4y,6.08,6.2070312
3m57,5.4,5.4023438
4kz5,2.0,2.28125
1wm1,6.3,6.2929688
3f33,3.34,3.7558594
3vw6,7.85,8.5
3rv7,4.85,4.7578125
2uw6,6.55,6.7773438
4nrc,3.62,4.3007812
3avb,4.07,4.953125
4cd4,6.58,6.9179688
4zhm,8.05,6.59375
3zyr,5.34,5.78125
2w6t,8.57,8.2421875
5ali,7.07,6.8007812
2wap,6.64,7.390625
5fiv,7.66,7.5742188
2oh0,7.74,7.375
2c4w,4.7,4.5820312
1oay,5.92,6.0429688
2ewy,6.15,6.328125
2vgo,6.3,6.1210938
2hmh,7.15,7.1953125
4zjr,7.54,7.3632812
4twt,8.0,8.6484375
3pd8,6.46,5.9648438
1o4l,1.4,1.7763672
1ivp,7.52,6.796875
3px8,3.64,3.6152344
2xib,7.26,7.4140625
5c8m,7.19,7.3242188
3tnh,6.46,6.6132812
1r1h,8.92,8.3984375
2v5x,6.66,6.9179688
2xoi,3.34,3.7011719
2xef,9.84,10.28125
4ay6,5.12,4.7265625
1pf8,7.51,7.9101562
3q6k,8.37,7.3007812
1w2g,4.57,3.8164062
4ts1,4.94,4.5625
3fbr,4.82,4.6132812
3dei,7.4,7.7382812
2a25,4.62,4.78125
4qzw,5.15,5.7109375
2xru,7.51,6.8632812
3hnb,5.11,5.28125
2pks,4.96,4.3398438
4c9w,6.11,5.65625
4jjf,8.0,7.6914062
1q6m,7.89,7.6445312
3nzi,5.59,5.4023438
3c39,3.96,4.421875
3p2k,4.7,5.1914062
4nmx,6.18,6.0390625
4nro,5.02,4.8007812
4jje,7.64,7.390625
5clm,7.36,7.4335938
2xk6,5.8,6.34375
2qrh,4.71,4.6328125
4lte,7.22,6.9726562
5ap6,7.88,7.9960938
3t09,3.8,3.7871094
2q15,7.96,8.1171875
4k4j,6.12,6.2617188
4ufl,2.64,2.8730469
2ff2,8.21,7.6367188
3bze,6.0,6.5703125
2ykb,5.96,6.6484375
4yl3,8.15,8.2265625
3ao5,2.23,1.9931641
1sbg,7.74,7.75
4p6g,8.11,7.78125
2flr,6.1,6.2460938
4asj,7.55,7.6875
4z83,7.4,7.6015625
1o42,8.05,8.5625
1z2b,6.4,6.1367188
4yc9,8.89,9.234375
4jhz,6.02,5.609375
3vnt,8.66,8.6328125
1k3q,6.52,6.5195312
3ecn,3.16,2.8125
4pis,7.22,6.8867188
2yaz,5.14,5.1210938
4awg,5.96,5.8515625
1x11,6.49,6.7578125
4azg,7.1,7.4765625
3s7b,6.3,6.1132812
2wot,7.36,7.5507812
3ovn,2.55,2.8066406
2i4d,11.68,11.4609375
3otf,6.08,5.9960938
3rbq,6.27,6.7421875
4c8r,6.82,6.5234375
3sna,4.14,4.59375
3tu1,6.6,6.3867188
1ph0,6.92,6.3867188
4o12,8.7,9.5625
5alu,7.66,7.765625
4az0,7.42,7.90625
2h6q,5.11,4.2460938
4x49,4.53,4.6445312
2mnz,5.19,5.4023438
3sfi,6.4,5.59375
1yvz,5.36,5.3164062
3ijh,4.0,3.921875
4omc,10.78,10.7109375
2ate,7.07,6.9648438
3wk4,5.13,4.921875
4alw,7.57,7.4257812
2a4q,7.18,7.25
3src,3.89,3.7832031
4ezw,6.0,6.0195312
1n3i,8.89,8.8046875
4rlw,4.87,4.5742188
4mq2,7.01,6.953125
3rf5,5.63,4.8476562
2cmo,6.4,5.6015625
2it4,1.62,1.2060547
4bfz,6.26,5.5976562
3iu9,6.62,7.03125
3rz5,7.89,7.8710938
4rll,5.02,5.3789062
4zum,6.57,6.2773438
3zcw,6.19,5.8476562
1eoj,13.77,15.0625
1urw,8.52,8.59375
2aay,2.92,3.09375
4i9s,6.79,6.5859375
4mdn,6.22,6.171875
2r3l,7.0,6.8398438
1w31,3.6,3.3632812
2r6n,9.0,8.765625
4nxs,7.37,7.1171875
3qch,5.48,5.5742188
4idt,7.0,7.3945312
4mbp,5.64,5.1015625
1ndj,12.16,12.3359375
3b1t,5.66,5.2890625
2o9r,1.68,1.4599609
1dub,5.8,5.1367188
1rne,8.7,8.046875
4uyf,7.6,6.9296875
1o3k,6.77,6.3789062
4pnl,5.52,5.4960938
4uix,7.3,6.4257812
4x8o,6.6,5.2851562
3rin,8.89,8.71875
4bcf,8.15,8.28125
2h8h,8.57,8.21875
2zxb,5.3,4.9726562
4ocz,9.18,8.8984375
4s1g,9.22,8.140625
4feq,5.96,5.5859375
4xkc,5.87,5.90625
2y5l,6.48,6.359375
3l17,8.28,8.4375
4hrd,8.82,7.90625
3s8o,6.85,6.5117188
4oq5,6.3,6.5976562
4az6,9.1,8.828125
2xnn,4.3,3.9511719
2wgj,8.7,8.3515625
3sn7,9.15,8.5546875
2vqm,6.01,5.7226562
3ubx,7.6,6.8867188
1mu8,9.0,7.9609375
3mt7,4.03,3.984375
2yiw,9.1,9.875
2r5d,10.15,9.2421875
3dpc,4.36,4.3398438
4eu0,6.4,6.6875
4j78,4.65,4.4335938
2ooh,5.89,6.6015625
5cal,7.66,7.6601562
4oym,4.96,5.4609375
4dgb,3.89,4.3085938
3mdz,9.1,8.15625
3il6,6.57,6.6875
1gzc,3.49,3.4648438
4wq2,6.3,6.28125
1csi,8.8,8.4375
1xge,4.68,4.4257812
3ce3,8.74,8.796875
4iwd,9.0,7.8671875
3g2y,2.0,2.1132812
4tpp,8.59,8.7734375
3kwz,8.4,8.2109375
2i0h,8.05,8.75
4wnk,6.42,6.9023438
3zsz,2.7,2.6035156
3ukr,4.92,5.3046875
2wos,3.9,3.78125
1s17,8.3,7.7304688
1drv,6.54,6.3710938
4mrf,1.95,2.2167969
3dpo,8.26,8.109375
1ogd,3.03,2.6738281
2b7d,8.7,7.8476562
4i9i,8.1,7.9648438
4umc,3.44,3.0996094
5am4,6.95,6.7773438
1kv5,4.22,4.1640625
1zz3,6.54,6.5039062
3isw,4.05,4.3554688
4a6w,5.72,5.8164062
3qd0,8.5,8.328125
4otf,8.22,8.171875
3pup,8.22,7.7890625
4dwk,6.22,6.4335938
4bdd,4.43,4.71875
5akh,6.59,6.2929688
3wt7,8.75,8.4375
4anw,7.74,7.671875
3gpo,5.3,5.0195312
3hvj,8.7,8.125
4ec0,6.07,6.3632812
1tu6,9.08,8.1796875
1mem,7.94,7.2578125
4nwk,8.7,8.828125
3fi3,7.92,6.6992188
4djy,8.27,7.984375
3k3j,4.9,4.7851562
2hz0,6.48,5.9648438
4tx6,5.59,5.2851562
1e2k,4.94,4.9101562
1g35,8.14,7.5195312
4q7w,2.64,2.7070312
4b7q,9.74,10.0
1kel,7.28,7.2890625
4eh5,3.09,2.9785156
4bgx,1.77,1.9013672
3drr,9.4,8.515625
4unr,8.7,7.90625
1mfg,4.3,4.6523438
4f1s,8.7,7.734375
1a99,5.7,4.734375
3lnz,9.31,9.421875
1aze,4.22,4.8867188
4ty8,2.03,2.2421875
4j8g,4.19,4.2578125
3rm4,5.77,5.2851562
4j17,7.27,6.4726562
5amg,8.22,7.8359375
2fgi,7.34,6.7929688
1fkf,9.4,8.9765625
3ur0,7.15,6.890625
2vmc,2.94,2.9003906
2anl,6.96,7.0859375
2wmv,5.04,5.375
1gzv,6.57,6.9179688
3arz,6.0,5.7851562
4yw7,6.89,7.8320312
3qxm,7.48,6.8398438
3h2a,3.96,3.4589844
4p7m,7.41,7.28125
4gtr,8.3,7.9296875
4do5,5.83,5.3789062
1x1z,11.06,9.2734375
2i0d,12.1,12.0859375
1tnl,1.88,1.1044922
4x3r,11.07,10.0625
4cc3,4.14,4.1132812
4re3,8.57,7.9179688
2fle,7.85,8.2421875
3sl0,2.7,2.7441406
3hw1,3.06,3.3007812
3ctq,7.4,6.75
4q1s,4.17,3.7011719
1o3g,7.96,7.640625
3fxw,5.96,6.3203125
4yyi,4.19,4.4101562
4alg,6.3,6.1757812
3r4p,7.96,7.9101562
3pcg,2.3,2.9472656
3q43,7.37,8.0625
2y1d,6.82,6.84375
2wzf,7.0,7.1835938
1a09,6.7,7.0976562
3el1,9.64,10.0546875
1lqd,8.05,7.9140625
3jqf,4.46,5.0273438
4qpa,7.43,8.1015625
3l5b,3.91,4.4296875
1o3b,7.13,7.4882812
4no9,7.82,8.8203125
4aci,2.22,2.5703125
1ths,7.54,8.125
3rxa,2.85,3.4667969
1mm7,7.7,7.578125
3b95,5.15,5.2929688
4r3b,6.25,6.5742188
2z4r,7.62,7.6914062
1mtr,8.4,8.8046875
1q65,5.46,6.3203125
4bxk,7.95,8.4765625
4dt2,4.37,4.8242188
2aeb,8.3,8.6796875
1bxr,3.4,3.2324219
1hxk,3.4,3.6640625
2itt,8.77,8.515625
1clu,8.27,8.953125
2w0x,3.2,3.6953125
1iau,7.1,7.7109375
3skk,4.47,4.8476562
1ld8,8.46,8.75
3tpr,7.7,7.875
1maw,1.1,1.328125
2xkc,5.59,6.578125
3g1d,3.48,4.3085938
2w92,4.55,5.3632812
3m5e,7.37,7.1445312
1gny,4.14,4.8046875
2g9q,6.4,6.7929688
4n7m,5.47,5.9882812
3n5k,9.7,10.046875
3rxg,2.15,2.5214844
3bbf,5.28,5.7070312
2gvj,9.52,8.671875
2hiz,6.95,7.25
2g6q,5.82,6.09375
2xxn,6.41,7.21875
2r03,5.15,5.6367188
1h62,4.77,5.578125
5ak3,5.07,5.40625
4qht,4.94,5.265625
4og8,7.25,7.6132812
2yq6,7.35,7.6015625
1bmk,7.6,8.0
4w9e,5.15,5.46875
3hkn,5.35,6.3710938
1sdt,9.27,8.890625
4aj2,2.38,3.1074219
4kne,5.9,6.3515625
2hug,5.97,5.9023438
3avk,3.3,3.3632812
5alc,8.13,8.0078125
3d1g,5.0,5.2617188
2c9d,6.32,7.4570312
4i67,6.35,7.3359375
4hj2,2.53,3.0214844
1tvo,6.85,7.1484375
3bh3,6.15,7.5585938
3zyb,5.38,6.9335938
4oz2,3.0,3.4453125
4m5n,5.12,5.8828125
4bt9,3.84,4.2460938
1t31,8.64,9.03125
1qbo,7.74,8.8515625
4qfs,6.05,6.90625
3vf9,8.72,8.9609375
3e73,3.15,3.546875
4dgo,6.24,6.1210938
2clh,4.06,4.25
1ctr,6.0,6.1445312
4m8y,9.96,9.46875
3mvj,5.49,5.21875
2ew5,5.9,6.4765625
4pyx,6.14,6.7578125
2j95,8.4,9.6171875
1m5b,8.01,9.15625
4mg9,5.68,6.0742188
1zkk,4.48,5.1210938
4gjc,7.05,7.4648438
3fk1,2.62,3.0175781
3i4y,7.05,7.6835938
4lgu,8.68,9.296875
2ych,3.0,2.9960938
1fwu,3.7,4.9335938
1i43,3.7,4.5976562
5ak5,7.07,7.3515625
2w97,0.96,1.4628906
4y32,4.05,4.8007812
3le9,8.22,8.9375
1i91,8.94,9.5
4gxs,4.0,4.7695312
1npw,8.7,8.265625
3ubd,5.54,5.3398438
4irx,6.12,6.7695312
4os7,4.62,5.5507812
4rqz,5.4,5.59375
1d7j,3.3,3.8417969
1fgi,5.0,5.1367188
4p73,7.66,8.078125
4i4f,6.19,6.1210938
3sv6,7.46,8.4765625
4clp,1.27,2.2617188
1nhz,6.08,6.984375
4e6d,8.92,8.75
3qo3,6.9,7.65625
3fqh,6.24,6.3164062
4o9w,7.16,8.234375
4pgh,4.89,5.765625
1lyx,4.54,5.3789062
3hv7,7.92,8.4765625
4la7,6.57,6.7578125
3ti4,6.02,6.9609375
1qaq,4.74,5.265625
4n7e,6.48,7.1875
4ju6,6.17,6.8085938
3tdz,6.82,7.1289062
3s3v,6.23,6.5273438
1b32,7.1,7.828125
3i8t,3.22,3.5371094
4gzt,7.77,7.5546875
3r6c,4.72,4.8085938
4isi,8.14,8.2109375
4nkt,5.97,6.3359375
2o1v,5.3,5.8867188
4eyr,6.63,6.9335938
1btn,4.4,4.6171875
4yw6,7.08,7.4882812
1pb9,3.62,4.0
1w12,7.85,7.7539062
4b11,5.64,5.5234375
2onc,7.89,8.4296875
2q96,5.92,6.3164062
4i31,9.32,10.4453125
2cll,4.3,4.3398438
5brn,6.3,6.4609375
2j79,5.96,6.234375
4drk,5.08,5.7382812
4qnb,6.59,6.7382812
2pe1,8.3,8.9765625
3zns,7.41,7.3359375
3l3x,6.15,6.359375
3piy,6.54,7.0507812
2pk5,10.7,11.046875
2p59,7.3,8.21875
3kw9,9.0,9.625
4clb,6.55,6.9257812
1a5g,10.15,10.375
1v1j,4.82,4.8789062
1bim,8.92,9.25
4j7e,4.85,4.5976562
3b1u,5.72,5.8046875
4mka,9.0,9.0234375
3c45,9.68,10.15625
2vvo,2.2,2.390625
4eh3,3.53,3.2070312
1vot,6.6,6.640625
4dcv,4.59,4.859375
3fpm,5.05,5.3984375
2hxm,5.22,5.6601562
1ggn,5.51,5.9140625
3l08,10.22,9.9921875
1g4k,5.7,6.703125
5dhj,6.7,7.2539062
1noi,3.15,3.2421875
2g70,7.77,7.84375
3pz1,6.14,6.3242188
4cdr,5.1,5.6679688
1v1m,3.94,4.0273438
2x2i,8.7,8.71875
5a5s,5.9,6.2929688
2ajd,10.8,11.578125
3q0z,7.7,8.4609375
2qzr,7.26,7.2421875
1t46,6.43,6.46875
830c,9.28,9.75
2zz1,4.54,4.3398438
1bt6,5.7,5.9960938
4ij1,5.4,5.4140625
2l84,7.72,8.015625
2m0o,5.38,5.6835938
4to8,1.24,1.0449219
4ded,7.42,7.6484375
4n6h,9.28,9.4140625
3zpr,6.65,6.6914062
3dg8,4.7,4.875
1j36,7.74,7.7851562
4yml,8.35,8.5703125
3ds4,4.19,4.1367188
4rj3,7.03,7.578125
1p2g,2.13,2.4570312
1jaq,4.48,4.6679688
4wks,2.7,3.6445312
4l7h,3.7,4.0117188
1heg,7.74,8.4765625
2c9b,5.54,4.8007812
2xck,6.15,6.6015625
4cjn,4.76,4.8828125
3f0r,6.89,7.0039062
4tju,5.44,5.59375
1k9r,3.3,3.6484375
4ctj,2.51,2.359375
3sl1,3.59,3.6015625
4py1,7.19,7.3164062
3hku,8.3,8.6171875
4jbp,7.39,7.9375
2azm,5.66,5.2617188
1n1v,3.85,4.0625
3c2r,3.11,3.2050781
3e81,1.43,2.0097656
3efr,5.08,5.2695312
4q9z,7.26,7.6210938
3plu,5.77,6.0898438
4lno,2.62,3.0800781
4n5t,8.15,8.703125
3bu6,5.89,6.0078125
3ti1,3.89,4.5390625
2q9m,7.21,7.453125
4qt1,8.15,8.2734375
4ycw,5.68,6.3203125
4xnv,6.79,7.1914062
3rxk,2.68,2.9648438
3d3x,4.16,3.8925781
4mti,8.92,8.9296875
4p44,7.8,7.8476562
4x5y,8.03,7.7109375
1y2a,7.34,8.125
1q6k,7.59,7.8359375
5btr,5.14,5.140625
1gt3,6.46,6.7460938
1g2o,10.55,9.5078125
2wc3,6.08,5.78125
2x6i,6.08,6.59375
4ury,2.22,2.5039062
2qci,8.34,8.421875
4qz2,5.21,5.2265625
4f6v,5.8,5.859375
3t6b,6.36,6.5273438
1c4y,7.92,8.5
2iv9,4.34,4.6054688
4e3g,4.97,5.2421875
4w9g,5.26,5.1132812
3cr4,4.28,4.390625
4knr,5.74,5.7460938
4o78,5.34,5.109375
2ao6,9.28,9.359375
3cm2,6.47,6.4765625
2pja,8.66,9.84375
3qd4,8.2,7.8476562
4lar,4.68,4.5820312
4krs,6.52,6.453125
4lkf,5.37,5.5234375
3ik3,8.7,8.75
3h0s,6.2,6.296875
3c84,7.85,8.828125
3olf,7.7,8.3125
4y2x,6.29,6.1210938
5bot,4.41,4.421875
3e0q,5.89,6.3046875
1g6r,4.27,5.3476562
4ryl,7.28,6.8398438
2lha,5.19,4.7734375
2j50,7.89,8.3359375
3s78,6.47,6.5625
2xf0,4.52,4.6992188
1kuk,3.91,3.8554688
2a3b,3.33,3.3105469
3l5c,5.15,5.2539062
3l3z,4.87,6.03125
3su3,9.13,9.171875
3sov,4.21,3.6289062
4o4y,7.81,7.8085938
3hkq,5.34,5.0195312
2vwz,6.1,6.8632812
3kqp,3.42,3.9707031
3pb8,5.24,4.953125
4mzl,5.62,5.8242188
4jne,5.86,6.0585938
2x91,6.74,7.1796875
1ysg,3.52,3.1074219
1g9a,5.3,5.0195312
4bkz,7.57,7.9140625
3f6g,4.72,5.609375
4j73,4.56,4.53125
3ow4,7.66,7.484375
2xn3,5.92,6.234375
3ejt,7.36,7.8671875
2rly,3.57,3.9921875
4jr0,8.2,8.4296875
3wi6,5.33,5.546875
3lzb,7.2,7.0976562
1h4n,4.92,5.546875
1xs7,7.6,8.0859375
4gq6,7.28,7.5742188
2xnp,6.44,6.9648438
4b35,2.89,2.84375
4z2b,7.76,7.96875
3qk5,7.74,7.234375
1joj,4.22,4.8828125
1zp8,8.77,9.046875
1onh,8.21,8.3359375
5c91,3.61,3.4316406
3nf9,3.54,3.3339844
2d2v,1.0,0.8339844
4ejf,5.1,5.6875
3r21,6.74,7.359375
3sgt,3.82,3.4472656
4f7v,5.38,5.8867188
4kiq,7.64,7.8046875
4mpc,6.15,6.015625
3fsj,3.95,3.7148438
1lrt,5.64,5.7226562
2brm,5.89,7.3046875
4crl,9.71,9.46875
4hz5,5.92,6.1914062
4knx,5.49,5.5078125
1db5,6.82,6.90625
3ind,5.82,5.9257812
2ybt,4.7,4.3007812
1riw,7.55,7.0820312
3q4j,6.21,7.296875
2xaj,3.77,4.2734375
3q2m,3.8,3.8984375
3juo,5.07,5.2460938
2jfz,5.24,5.6015625
3rxh,1.8,1.9423828
4bjb,6.66,7.7578125
3n35,3.37,3.4121094
3bi0,7.85,8.2890625
1nzv,6.4,6.984375
2xcn,6.92,7.2109375
4hni,7.49,7.9609375
2p3b,8.48,9.8203125
4eh2,3.16,2.9824219
4o71,4.74,4.4804688
1v7a,8.01,8.390625
2xl2,5.25,5.7851562
4mbf,5.77,6.078125
3cp9,7.32,7.9804688
1rjk,10.0,10.4609375
4nka,6.51,7.2304688
4l7c,5.13,5.40625
4dy6,4.4,4.4453125
4bam,8.94,9.125
2x7t,6.63,7.5429688
3su5,5.58,5.9726562
3ful,3.7,3.9550781
4uyh,6.3,5.9960938
4r0i,6.52,6.953125
4ozo,3.83,3.6210938
1ogu,7.47,8.234375
2z92,9.1,10.1953125
2a5u,8.1,8.3828125
2yay,6.1,6.8984375
1b4h,5.46,6.2773438
1p57,4.4,4.2421875
4r4i,6.27,6.5429688
4in9,4.97,5.21875
3ptg,7.6,8.125
1hp5,6.55,6.375
4ocv,5.08,4.7929688
3s1h,4.77,4.7226562
4b1j,7.3,7.3476562
5e1s,7.92,8.734375
1njb,5.8,5.8828125
2r3h,4.7,4.9375
4lmu,7.26,7.2148438
1jn4,4.95,5.4101562
4rxe,6.64,7.2460938
1uu3,6.12,6.2773438
2j4k,4.85,4.6328125
2aux,9.3,9.703125
3p9m,5.0,5.6132812
3h0q,6.07,6.0390625
5e2o,8.7,8.25
1gz3,3.7,4.0117188
4fn5,6.76,6.6367188
5cf8,8.96,8.9921875
2yof,4.6,3.9960938
3w5e,7.96,7.9453125
2vpp,6.12,5.90625
1dif,10.66,11.25
2y2k,5.16,4.4921875
3wp0,4.99,5.8632812
3vc4,7.62,7.6796875
1ow6,5.4,5.3515625
4mk5,6.35,6.3242188
3av9,3.36,3.0839844
4wuy,7.82,7.6015625
4anq,6.22,6.5664062
3rxd,3.73,3.4472656
1e06,5.6,5.5429688
3p5l,7.39,6.6132812
2zjw,7.7,7.2929688
4dk8,5.74,5.7109375
1qw7,3.6,3.8320312
4lh5,6.7,6.1210938
4mjp,3.88,3.7460938
3zov,7.22,7.578125
3tam,8.43,8.0
4pce,5.15,5.40625
2f0z,4.77,4.5273438
2xhx,6.6,6.2304688
1i72,7.26,7.359375
6tim,3.21,2.5722656
2nw4,8.68,8.625
4p7e,4.76,5.1289062
2pj9,7.92,7.9335938
3gw5,9.33,8.8828125
1zhy,6.52,5.9335938
1x9d,3.96,4.1796875
2hxq,6.84,6.6679688
3mg6,7.89,7.5273438
4kzb,2.89,3.0253906
3cfv,6.05,6.4140625
2pjl,6.72,6.5117188
4k6u,4.14,4.0976562
3ot8,8.05,7.6679688
4qjp,8.6,8.515625
3uih,3.92,4.3085938
2giu,8.82,8.9609375
3d4q,10.52,10.40625
4jfv,6.28,7.0898438
4dgr,5.04,5.515625
3is9,6.42,6.3945312
4des,5.85,5.7539062
2gph,5.3,5.28125
4fxf,5.19,5.2265625
4men,3.9,3.4140625
1pyg,5.52,5.5351562
3uod,7.31,7.3476562
1o5g,4.96,4.9960938
3wci,6.57,7.0664062
4ylk,6.74,6.9023438
1rt9,10.25,9.6640625
1zaj,5.1,6.0078125
4mg7,6.36,6.0976562
3rvi,7.96,7.578125
4h5c,7.55,7.5195312
3nfk,3.8,3.765625
1ghv,4.35,4.2929688
4al4,6.89,6.7617188
1ahy,3.36,3.0957031
4dkq,6.6,6.6875
3obu,4.3,4.3164062
3u2k,7.52,7.5507812
1uk0,8.1,7.8867188
2xcg,8.05,7.6289062
2mov,7.4,6.9179688
3zjv,6.27,7.109375
1zkn,4.51,3.9121094
4bs4,8.22,7.6367188
2uz6,8.77,9.3515625
3d0b,6.54,6.53125
4q4r,6.43,6.2539062
1yz3,8.81,8.859375
2wxn,7.68,7.4140625
3n4c,8.02,8.4765625
2rke,4.08,3.6933594
2vwv,4.8,4.5117188
4kc2,3.31,3.3320312
4hgl,8.1,8.375
1f7b,4.6,4.1992188
5alp,7.07,6.8007812
2vqt,6.0,5.9023438
1t4e,7.1,6.6523438
4fsl,7.7,7.734375
1f40,6.0,6.1992188
2vi5,3.96,4.3671875
4eej,7.15,6.5117188
4af3,7.51,7.8671875
4h4e,6.68,6.8398438
3iu8,6.24,6.09375
4i6b,5.93,5.8125
1nz7,7.12,7.2695312
4pox,5.43,5.5195312
2q54,9.01,9.2578125
4prd,4.6,4.7617188
1k1y,3.22,3.1230469
3l5r,7.42,7.0507812
1hbv,6.37,7.71875
1z4o,4.52,4.6328125
1xuc,7.14,7.1679688
3n51,7.82,7.4921875
5efa,4.83,4.6679688
2uzj,4.57,4.4492188
4own,4.22,3.8105469
2f18,4.1,3.6660156
3fvg,6.89,7.5429688
3qd3,8.0,7.765625
4cbt,7.3,7.4257812
4j03,7.59,8.2421875
2mc1,4.15,4.609375
1swk,12.0,12.3515625
1pwu,5.68,5.4453125
4axm,7.89,7.8203125
4xsx,5.0,4.1210938
1ody,8.1,7.453125
3eq9,7.39,7.6601562
4i74,6.72,7.1640625
4m3e,6.25,5.625
1tqf,5.85,5.9296875
1h7a,4.72,4.2148438
2g9v,5.92,5.2304688
4avs,3.49,2.9121094
2fr3,8.7,8.3125
5a2j,5.85,6.328125
5ct1,1.52,1.3867188
2c6k,6.14,5.609375
3hx3,8.0,8.359375
3s2a,8.09,8.125
2qnb,5.34,4.7617188
4zwx,8.7,8.390625
4bqg,6.22,6.4453125
2y6s,6.99,7.03125
3rdv,4.91,5.1210938
2yc3,6.85,6.40625
4edy,5.83,5.171875
3unz,7.8,6.7304688
1vwn,5.82,6.5507812
3mnu,7.32,6.6757812
1bxq,7.38,6.0546875
4l6s,8.52,7.4960938
2evm,6.16,5.6210938
1n43,10.55,11.0
4mf1,9.15,8.484375
4ezy,5.65,6.0976562
4whz,9.0,9.28125
1fq8,6.03,5.6875
3uyr,6.9,6.296875
1wbn,6.46,6.28125
4ngs,8.12,8.1328125
4rx5,8.52,7.5585938
1qfs,9.48,9.2890625
3hkw,8.64,7.7773438
2ym7,6.89,6.828125
3fej,6.13,6.0625
2pt9,4.46,4.1601562
2x6w,7.1,7.1523438
1i90,8.89,9.0625
2c9t,7.48,7.1640625
4ngp,7.96,7.5
1h9l,3.12,2.6601562
3t70,6.3,5.671875
2xab,9.27,8.21875
3hqy,7.94,8.25
4b13,5.7,5.7070312
1g98,5.7,4.6875
3g0c,5.7,5.4414062
4uil,7.24,6.4570312
2p93,8.82,8.34375
1odi,4.21,3.6171875
4quo,7.92,7.3515625
2cm7,6.68,6.3359375
4olc,6.19,5.7460938
2ewb,6.1,5.5078125
4b6p,7.13,6.4882812
1oe7,5.52,4.953125
2qcf,3.49,3.3242188
4h39,6.68,6.5195312
4c4i,7.66,7.4609375
4ie4,5.48,5.3164062
1abt,5.85,5.234375
1llb,6.05,5.3164062
3g8i,7.42,6.7539062
4h7q,5.06,4.8398438
1ax0,3.13,2.7890625
5agj,6.15,6.0078125
4jnm,8.52,8.2421875
2q94,6.43,6.1445312
3e8u,9.42,8.6796875
2ovv,7.92,7.5507812
3svv,6.94,7.03125
3fkv,7.57,6.875
2rcn,6.0,5.546875
3b7i,5.82,5.59375
4zvi,6.33,6.1367188
2wk2,6.82,6.2109375
2xez,5.82,5.4609375
1azx,9.4,9.453125
1ec0,8.49,8.5
4mw6,5.78,5.46875
4p90,7.19,7.6757812
4msa,3.3,3.28125
2c4f,7.7,7.6601562
2lzg,7.77,7.8125
1x7r,8.05,7.359375
3drp,9.7,9.859375
3c7n,6.7,6.5625
2vgp,6.85,6.2226562
4qsk,5.1,4.9179688
1yon,4.21,3.6035156
4prn,5.66,4.8398438
4bnx,7.7,7.25
2cvd,6.1,5.6640625
3gv6,3.3,2.8164062
4a1w,7.3,6.9492188
1hvl,9.95,9.6640625
1wuq,8.27,8.3828125
2wd3,7.07,7.2070312
1r9l,5.4,4.2578125
1jyi,4.0,3.9863281
3bsc,4.48,4.2539062
4tk5,7.49,7.3632812
3mtd,3.47,3.6347656
1doj,8.96,9.1796875
3hfz,4.89,4.8046875
3owd,7.52,7.484375
1shd,6.17,5.9921875
4u0u,5.82,5.765625
4aml,2.1,2.1367188
1wbs,6.2,6.2109375
2x95,4.95,5.1679688
1fkw,5.05,5.453125
2w5i,4.54,3.9628906
4m8e,7.89,8.0859375
3oev,8.13,7.9609375
4bcp,6.25,6.3554688
5aae,7.46,7.1601562
1nym,5.4,4.953125
3ilq,5.21,5.3710938
4qgf,7.16,7.0429688
3td4,5.66,5.2890625
4fxz,7.03,7.234375
2m3z,6.57,6.2304688
4bnu,7.7,7.625
2wf5,6.0,5.1757812
4hev,6.34,6.5390625
4p4j,6.15,5.8242188
1o6h,6.73,6.5742188
5aok,2.7,2.5078125
3rxm,3.63,3.75
5cf4,7.4,7.4140625
4dro,5.41,5.1757812
4daf,7.12,6.7539062
2w67,4.96,4.9648438
4zzx,6.9,7.0117188
1htf,6.83,7.1523438
3qj0,5.2,5.2929688
2of2,6.68,6.8085938
2pj0,8.09,7.8242188
3fty,3.21,3.0214844
4qjr,7.1,7.2304688
1yq7,7.09,7.0820312
1nfs,9.92,9.65625
2xng,7.22,6.84375
4an0,10.7,9.9609375
4f3k,10.16,9.7109375
3fr4,6.19,6.1054688
3zxr,7.7,7.15625
4heu,10.01,10.03125
4nrb,4.42,3.8515625
1zaf,7.7,7.7109375
3fup,7.66,8.4453125
4ktu,6.16,6.46875
2ltx,5.39,5.3007812
3tkh,7.33,6.921875
4l34,6.94,7.1796875
3kdd,8.46,9.75
3q4c,6.43,6.2421875
4m4q,7.96,7.7539062
2vip,5.28,4.625
1uu9,5.4,5.5078125
4hw3,6.49,5.9726562
3luo,6.95,6.5546875
4g34,7.93,7.8046875
2q80,4.6,4.3359375
3l3q,7.27,6.953125
2qft,5.26,4.2890625
4twy,3.97,3.5195312
4tsz,7.0,7.3203125
4jzd,8.3,7.828125
3gf2,1.7,1.6191406
3u9n,7.0,6.9179688
4bfr,7.64,6.9648438
2xne,6.72,6.3554688
2wbd,6.64,6.6679688
3s1g,5.19,5.3554688
2on6,6.76,6.3476562
3twj,7.84,7.828125
4j1i,7.4,7.7070312
1zea,5.22,5.0703125
1q72,6.85,6.8867188
4mma,6.04,5.4492188
4jfl,4.98,5.203125
5aol,2.32,2.203125
3lp0,6.96,6.765625
5bwb,5.3,4.859375
3ay9,8.34,7.7304688
3iit,8.02,8.1015625
3i02,7.52,5.9375
4zsq,5.65,5.40625
2pou,7.42,7.5546875
3l0v,7.64,7.2421875
3hxc,5.28,4.9765625
3zep,7.66,7.7773438
2zkj,5.48,5.5234375
1jmi,6.06,6.2539062
3t4v,6.3,5.2695312
4ivs,7.36,6.8164062
3own,7.47,7.171875
5d1u,5.96,5.875
4at4,7.92,8.328125
4amy,10.82,11.59375
4pl3,6.54,6.34375
1fq6,7.86,8.0546875
3ovx,7.51,7.390625
4wki,8.3,7.5742188
3btc,5.75,5.3671875
4x6n,8.82,9.046875
2l0i,4.82,4.4882812
3gs6,6.59,5.7539062
1me8,7.19,7.4765625
4jiz,5.62,4.9921875
1o48,6.35,6.2539062
3oc0,6.28,5.3945312
4dfw,7.85,7.359375
3ocb,8.3,8.1015625
1b39,6.92,6.2382812
1d5j,9.15,8.6484375
4yv9,6.4,6.046875
4rab,7.4,6.9765625
2jew,6.69,5.9375
4b6c,6.16,6.1445312
4hzz,8.08,7.8984375
4yz5,2.83,3.2949219
4whr,4.12,3.734375
2z5t,5.62,5.5039062
1b56,6.1,5.640625
5cqj,4.81,4.2109375
4mr6,6.6,6.5429688
3kag,5.18,5.1328125
4bdt,8.96,8.5078125
2lk1,4.09,3.5625
1br5,2.7,2.3378906
4eke,4.48,4.1992188
4pg9,7.8,6.84375
2rib,2.82,2.6914062
2is0,6.7,7.0625
1h6h,5.3,4.8867188
1irs,5.22,4.703125
3wt5,9.54,9.3828125
4x8n,6.62,5.4296875
4b8p,6.85,5.8476562
4b74,7.66,7.09375
3hp9,4.59,4.4765625
4csj,8.31,8.0625
2prj,4.49,4.0742188
2o22,7.17,6.8320312
5agu,10.0,10.609375
2fwy,6.7,6.8125
3a1t,4.83,4.9726562
2xtn,7.4,6.4882812
2oqi,8.49,8.3515625
4hzm,4.63,4.90625
2yol,6.89,6.75
3d04,6.05,5.5078125
4yha,6.65,6.8320312
3v49,8.02,7.9726562
1tng,2.93,3.2207031
3rwf,6.52,6.9960938
2c80,5.33,5.515625
3wgw,5.89,5.9375
3n1v,3.3,3.7851562
4o7f,4.89,4.7226562
3dp2,5.82,6.0351562
5aki,6.12,6.421875
1h27,5.6,5.3945312
3hhu,7.39,7.3203125
2ay1,2.29,2.5683594
3n8n,4.57,4.3203125
2mow,5.96,6.8203125
2vsl,8.4,7.9257812
4zk5,8.43,8.484375
4o13,7.82,7.6953125
3n2p,7.82,7.5820312
2fzk,3.6,3.5039062
4hbp,8.42,7.9375
4px6,8.4,8.5546875
3sdi,8.33,7.8632812
2e93,6.96,7.3515625
1nlo,5.47,5.3671875
3hyf,5.92,6.1015625
4ijl,3.87,3.7285156
1msm,10.48,10.0234375
2cnh,7.23,6.9296875
3m8t,4.0,4.6171875
3ps1,10.17,10.4453125
6cpa,11.52,11.59375
4w53,3.99,5.0703125
1y0l,9.0,8.6328125
2ay4,2.91,3.2207031
2wxd,5.48,5.3085938
4qw5,6.35,6.8945312
4oc2,8.28,7.9179688
3t03,6.8,6.671875
2osf,3.83,3.3398438
4kxm,5.59,5.8320312
4y3b,4.87,5.2265625
3fl5,7.28,6.6484375
1tkz,6.62,6.4765625
4obv,0.75,1.1640625
4qrh,5.15,4.8476562
3kv2,7.32,7.2929688
1v1k,4.46,4.5351562
3lkj,4.6,4.2929688
2xd6,6.19,6.2421875
5auw,5.05,5.5429688
4l3p,5.92,6.0898438
4mcv,8.89,8.671875
3mb6,7.0,7.078125
3rxe,4.76,4.5742188
4ybt,7.0,6.75
2xog,3.43,3.6308594
1hti,5.13,5.4414062
4ibj,4.33,4.4257812
4ge6,7.47,7.7617188
3khj,7.55,7.4023438
2xct,4.51,4.3632812
1h08,4.55,4.8046875
3loo,6.07,6.6914062
4qrc,6.34,6.8671875
3u1y,8.67,8.9609375
3cii,6.1,6.6210938
1ke6,8.24,8.21875
3hr1,9.43,9.15625
1jt1,3.4,3.0546875
4bo5,7.1,7.5039062
2wvz,4.02,4.1601562
4d89,8.7,8.375
3h06,3.53,3.2246094
4ngt,8.41,8.2578125
1wax,4.07,4.6445312
3cpc,5.3,5.140625
2e9d,5.89,5.859375
3kl8,6.92,6.6171875
3ouh,7.1,6.9492188
4xty,9.21,9.3984375
4ib5,6.25,6.3515625
4ynl,4.62,4.1367188
1s9v,4.0,4.375
1pig,9.15,8.5234375
2jjb,7.92,8.1640625
3imy,9.7,9.125
3l2y,4.49,4.4609375
3ffp,7.14,7.0039062
4qab,9.7,9.21875
4yzc,8.52,8.0078125
1thl,6.42,5.8398438
4dbn,8.15,8.1484375
2xgs,3.28,3.1367188
4k3l,2.96,3.0898438
3u7l,7.28,6.5078125
3v3m,5.32,5.4765625
3i5z,8.7,8.3515625
4zqt,5.64,5.7148438
1fsy,6.82,7.2890625
4pyy,7.23,7.7695312
1uy9,4.82,4.6523438
3nan,8.22,8.171875
3mpf,6.37,6.2304688
2ydo,7.51,7.9414062
4uau,5.89,6.09375
2h5i,8.89,8.3359375
4u91,6.83,7.1367188
2ay6,3.11,3.0664062
2xui,15.0,14.5234375
3fa3,5.6,5.4453125
2vr4,5.68,5.7421875
3tl5,7.85,7.84375
3g6g,8.55,8.15625
3ao2,3.77,3.7382812
3zzf,0.4,0.80859375
4fzg,7.72,7.6210938
3isj,3.68,3.9101562
1lpk,7.55,7.6132812
1xka,6.88,6.9492188
4oya,6.44,6.4492188
3hq5,7.8,7.5273438
2wmr,4.28,4.5898438
3meu,6.3,6.4179688
4zmf,3.96,4.1328125
4klv,3.78,4.1171875
2vle,7.1,6.8984375
1rwq,10.0,8.578125
4pd7,3.92,4.1601562
4p1u,8.52,7.75
2xae,7.3,6.8320312
1f3j,5.22,5.6757812
1qbq,8.3,7.6757812
2k7l,6.15,5.75
3v4x,6.15,5.6640625
2ycr,7.16,6.734375
1o4f,3.52,3.1777344
5dgz,7.85,7.328125
4qw6,5.85,5.3789062
1m48,5.09,4.75
4wnp,8.1,6.6054688
4iuv,5.72,4.9335938
1hv5,8.3,7.7148438
2obo,7.24,6.1796875
3of8,9.22,9.296875
2xiz,3.89,3.6914062
3g2t,7.0,6.3945312
220l,3.4,2.8945312
1x78,7.85,7.8046875
1b6p,8.52,7.5546875
5eds,5.54,5.3203125
4mvh,8.35,7.71875
1i8z,8.9,7.921875
3su0,6.79,5.8789062
4gs9,5.66,5.4804688
4rse,6.4,5.9296875
4kn0,7.4,7.0742188
1xp0,9.0,8.6015625
4pte,7.13,6.4960938
3mv5,6.74,5.9179688
1o46,8.0,7.296875
4pmm,7.57,7.4960938
4a9m,6.3,5.5703125
3g6z,9.7,8.890625
4qga,7.92,7.2734375
4bgy,2.96,1.7636719
2f80,8.18,7.9648438
4dum,7.02,6.3320312
4pul,6.84,6.6601562
4m3m,9.05,8.6484375
1bm2,6.96,6.0625
3uoj,7.29,6.7265625
1dis,11.0,9.84375
2phb,9.49,8.734375
2ojf,6.96,6.4375
1g3f,6.37,5.6054688
4rwk,7.19,5.953125
3dpd,5.78,5.0429688
4k6w,5.35,4.9921875
4m5l,4.72,4.5429688
2yz3,6.66,6.3007812
4bi2,4.03,3.5078125
4o74,7.6,6.6367188
4z2i,7.44,6.4921875
2lko,5.67,5.1679688
2wxq,7.47,6.9648438
1j4q,6.44,6.1953125
4h2o,5.52,5.3554688
4jxv,4.51,4.1875
4bo9,6.51,6.0117188
3ndm,7.96,7.7617188
3h78,4.24,3.3984375
1c5y,4.2,3.4648438
5am2,5.01,4.1601562
2f9v,7.82,6.5976562
1fmb,10.0,8.6015625
2r4f,8.82,7.9101562
2vl8,4.52,3.7949219
1ouk,9.89,8.78125
5ak4,4.23,4.3359375
3gcu,6.78,6.6914062
4qxq,5.7,5.5234375
3dy6,6.9,6.7617188
2i0e,8.7,8.0859375
3juk,4.89,4.1523438
2r3c,5.66,5.3007812
1g7v,6.4,6.1210938
4u5j,5.53,4.9726562
1jws,4.85,4.6289062
2qn2,4.55,3.9414062
4lys,4.34,4.0585938
3rm8,6.15,6.0703125
3ekr,7.52,7.0429688
3gc4,7.6,6.609375
3lmk,5.94,5.4960938
1str,4.77,4.4882812
1jvp,5.8,5.2617188
4m7c,6.12,5.375
1c5o,3.49,3.6757812
1agm,12.0,10.390625
5azg,5.54,5.4609375
3bv3,9.34,8.875
1mh5,9.21,9.3359375
1i6v,5.0,3.9199219
1udt,9.3,8.4140625
1c5q,6.36,5.875
2zx5,12.33,10.8203125
3wyk,7.64,7.0351562
1leg,7.95,8.109375
1dar,4.96,4.3984375
4u6r,7.85,7.078125
1amk,4.3,3.4003906
5alz,8.22,6.8203125
1u2r,5.41,4.5117188
3wc5,8.7,7.4570312
1elc,6.66,6.2460938
2za0,6.64,5.9726562
4zsr,4.44,4.0
2jsd,7.77,6.9296875
3o87,7.6,6.6210938
3sio,8.0,7.1640625
3p5k,7.12,6.453125
3o9d,10.72,11.5234375
3m37,9.04,8.5703125
1ze8,7.68,7.796875
1xxi,5.52,5.4726562
2nsl,4.68,4.3671875
2jdy,4.37,4.6796875
2hs2,8.31,7.5625
3pi5,6.02,5.8554688
3c79,7.2,6.6210938
2bow,4.0,3.7246094
6rnt,2.37,2.5859375
5c4u,8.72,8.3359375
3ekv,9.41,10.7578125
4jdf,2.19,2.6523438
2ya7,3.14,4.0117188
1orw,7.6,8.1484375
4lph,5.04,5.6796875
1c88,5.29,5.5703125
2lkk,6.7,7.59375
3zmu,4.3,4.1210938
2fx8,6.52,6.7734375
4ntj,7.36,7.8085938
4nmr,3.53,3.9355469
5e0l,6.4,6.7109375
3k4q,5.34,6.1757812
1o2g,6.12,6.6445312
1g9s,3.61,3.9589844
1p10,6.7,7.7890625
1u9l,5.02,5.859375
2o2u,6.4,6.59375
4frj,6.55,6.5976562
1pu7,3.1,3.4394531
1g30,6.85,7.8515625
2r9s,6.82,7.0742188
4zbi,6.51,7.3242188
1mv0,4.03,4.4101562
1c5t,4.1,4.7109375
4dgm,5.92,6.078125
2cgw,4.76,4.9179688
4jkw,4.16,4.3828125
4bdc,4.93,5.6445312
3ffu,6.44,6.7148438
2qrm,4.03,4.0039062
4bcn,7.92,8.3125
4j8t,6.77,6.8515625
4bt3,3.12,3.1523438
2ael,6.29,6.8320312
4ejl,5.14,5.7851562
4uit,6.7,7.59375
4o3b,6.09,6.15625
4psx,6.47,6.9921875
4zl4,7.86,8.6328125
3apc,7.44,7.7929688
4ctk,2.0,2.703125
2vtm,3.0,3.4609375
5d1s,5.02,5.3789062
3wix,6.27,7.0976562
5ajx,7.96,8.3359375
2vtq,6.85,7.0195312
1g5f,2.64,2.9316406
4dcd,5.75,6.3476562
1lvk,5.92,6.8046875
1qxz,4.72,5.1835938
4ew2,6.68,7.859375
4q3r,6.27,6.7148438
3vzv,8.04,7.578125
3zrc,5.27,5.8671875
2qmf,8.52,9.2265625
4p0w,5.96,6.5976562
1h3h,6.66,7.2304688
2zz2,4.54,5.6914062
2c6m,6.46,7.28125
3djx,2.81,2.9882812
4kp6,9.09,10.078125
4avh,7.23,7.1328125
2qoa,7.28,8.171875
3h21,4.7,5.2734375
4f63,6.3,7.1953125
3i6z,7.3,7.7578125
3ipq,7.57,8.0234375
1csr,7.38,8.0703125
2jt5,7.74,8.40625
3kr5,7.89,8.2734375
2zyn,5.92,6.4921875
4o72,6.0,6.5976562
1ofz,4.62,4.3046875
4p10,8.1,9.0390625
2fqy,6.57,6.7773438
2q7q,5.3,5.2929688
3muk,3.42,3.7832031
1osv,3.48,4.4257812
1d4w,6.92,7.6875
1g05,8.51,8.6015625
3bfu,6.27,6.6953125
4qh7,5.94,6.8789062
2o7n,7.82,8.203125
3irx,9.0,10.203125
3eig,7.68,8.140625
2vhq,3.85,4.6914062
1tl9,5.52,6.171875
3kmm,9.7,10.5546875
4c4h,8.22,7.8476562
4ibk,4.3,5.15625
4azy,6.7,7.7421875
5auu,4.68,5.5429688
1v79,7.89,8.2109375
3msl,5.15,6.0859375
1wbg,3.0,2.9941406
3gwt,11.1,10.8046875
5em5,6.58,7.0664062
4pnq,5.0,5.40625
1b74,1.3,1.4970703
2qh6,6.0,6.265625
3qcy,7.7,8.3046875
3n7r,7.7,8.84375
4xqu,6.07,6.390625
3jpx,3.63,3.8886719
4c5w,5.48,5.625
2r02,5.1,5.2148438
3k8c,2.92,4.078125
1akt,8.49,8.640625
4qvy,5.09,5.3125
4pb1,2.82,3.1992188
2hdr,1.72,2.1347656
4lbp,4.94,5.1445312
1moq,3.46,4.171875
1oxg,10.57,11.9453125
4qtn,6.85,7.6953125
3uzd,5.05,5.8007812
4hv7,3.52,4.1171875
4rxc,4.48,5.2617188
4owv,4.35,4.28125
1mxl,3.81,4.046875
4y2v,4.04,4.4804688
4j5p,7.92,8.21875
3jy0,8.3,8.5859375
1xb7,6.22,6.8671875
3hb8,5.12,5.828125
5aml,9.15,9.6328125
1ek2,8.2,8.59375
4hbx,5.72,5.6054688
4auy,7.74,7.71875
1rhq,7.75,7.7304688
1ryh,7.56,6.8085938
4zsm,2.4,1.9648438
3g4g,9.04,8.1796875
3ask,6.43,6.3046875
2bz5,6.15,5.9375
2f7o,7.44,7.1445312
4dpu,7.3,6.6796875
1bl6,6.8,6.8242188
1ec1,8.92,8.6328125
4tw8,5.58,5.3320312
4xxs,7.28,7.4765625
3ryx,8.14,8.5625
2x6k,5.64,6.0078125
4hhz,7.72,7.4648438
1vyg,8.0,8.171875
4jjq,5.03,4.8320312
4bak,8.91,9.5
3r24,5.25,5.5390625
4css,8.46,8.2109375
3sl4,7.57,7.6679688
5dtj,4.47,4.6210938
4hg7,7.05,7.3085938
3chr,7.21,6.625
1jtq,8.07,8.2421875
4iu1,4.3,4.2539062
2oht,5.04,5.1367188
3i4a,4.28,3.953125
2xx4,7.1,7.171875
4y2y,5.05,5.3242188
3zn1,4.54,3.7207031
4n98,3.55,3.0957031
3ms9,5.22,5.1914062
1o0d,8.21,8.546875
4hmq,8.24,7.9765625
1bhx,6.84,6.8945312
4bjc,7.85,7.7148438
4bao,8.37,8.2421875
5alw,5.15,5.0742188
3tku,5.72,5.625
3h23,4.71,4.7226562
1rhu,8.52,7.4492188
3l54,8.15,7.4453125
2clx,4.88,4.5390625
1v41,4.7,4.6445312
2oc0,7.82,7.8984375
1elb,7.15,7.2578125
4bzr,7.6,7.3007812
2v57,7.1,7.1796875
3qcj,6.3,6.1015625
3krl,9.1,8.671875
13gs,4.62,4.390625
2fo4,7.22,6.1953125
4q4q,5.79,5.4257812
4ikr,6.23,5.59375
3ip6,6.6,5.7578125
4gk2,8.8,8.4921875
1d8m,8.51,7.703125
2anm,8.74,8.7734375
1my4,6.98,6.5664062
3sh0,5.66,5.3125
3t8v,6.59,6.9726562
1qy5,6.7,6.7929688
1bxo,10.0,9.4765625
2pe2,8.4,8.1640625
4mmm,3.82,4.4453125
3ud5,3.82,3.0214844
3o2m,4.8,5.0351562
4zh3,4.4,4.3242188
3ij0,4.88,4.421875
2ay5,2.59,1.7324219
1o1s,7.31,6.8632812
2c3k,7.59,7.1367188
2vwm,7.03,6.75
4bdi,3.64,3.4082031
4wyp,3.36,3.0195312
4re2,4.98,4.7617188
1ewj,7.49,7.3320312
4kcg,8.3,7.4765625
3e51,7.85,7.8125
5c26,6.77,6.3945312
2z3h,4.64,4.5898438
3s1y,6.22,6.703125
4eb9,8.27,7.4570312
2vwf,5.06,4.8125
4k66,3.26,2.7148438
1jvu,5.15,4.96875
4cxy,4.93,4.578125
2bdf,7.17,6.703125
4hy5,8.89,9.0859375
5alh,7.07,7.2617188
3d20,8.3,8.9765625
1v2r,3.55,3.5097656
4dht,4.82,5.2929688
4knz,5.07,4.5546875
1v2h,5.3,5.0585938
4o3t,4.37,4.375
1sqq,7.82,8.2890625
4d88,7.31,7.5234375
4kqr,3.9,3.6132812
5ea3,8.77,8.859375
4jal,4.6,4.1835938
2iw9,8.05,7.9804688
3qw6,3.52,3.3789062
1g32,6.11,7.0039062
3wqm,6.25,6.0195312
3c2f,2.0,1.7578125
3uw4,7.77,7.984375
4izm,6.66,6.296875
2gtk,6.6,6.9648438
4lwu,8.3,7.875
3sut,7.85,7.7773438
2f70,4.47,4.6601562
2yj8,8.19,7.8398438
1c87,4.2,3.953125
3tc5,5.17,4.7460938
3aya,4.33,4.3554688
1pfy,8.15,8.4453125
3s3k,4.01,3.7851562
1bqm,7.35,6.828125
3hhm,7.92,7.0898438
4io2,6.7,6.3007812
2q3z,7.22,6.7773438
4kju,8.22,7.8828125
4etz,6.3,5.8515625
4yat,5.03,4.703125
2f3e,6.81,6.9726562
4aji,3.55,3.1132812
1dbk,8.1,8.1015625
4gcj,7.7,6.9414062
4yff,8.0,8.1640625
1vyz,6.54,6.1640625
2in6,7.64,6.4609375
5cap,7.28,7.03125
3rqf,4.41,4.4492188
3zlq,6.04,5.4296875
1gfw,7.82,7.9765625
8gpb,3.6,4.1484375
1w83,7.19,7.2851562
2uw4,5.28,5.6640625
4c16,4.96,4.5546875
2boh,8.52,8.4765625
4qk4,6.6,7.1445312
1qnh,6.06,5.4023438
1met,9.4,8.6875
2xhs,6.0,5.4453125
4j3j,7.51,7.109375
4my6,5.62,5.1679688
4cfv,4.63,4.84375
3ns7,8.33,8.4609375
1tps,8.0,8.046875
3bgq,7.96,8.6328125
4x3t,4.54,5.1875
4awq,6.32,5.9726562
4hl5,6.35,5.5039062
3b8z,6.54,7.140625
3mks,5.72,5.4335938
4y73,9.52,9.53125
2who,7.7,6.9726562
1i7c,6.4,6.1757812
3qa2,6.68,6.9609375
3sgv,4.46,4.484375
1klg,7.89,7.3476562
1br8,4.74,4.6328125
1ya4,4.82,4.4375
4drp,5.41,4.9726562
3wcb,7.74,7.4882812
1fvt,7.22,6.984375
4lps,5.74,5.4257812
1w2k,6.46,6.4882812
4gv1,8.52,8.203125
4j3m,7.68,7.3476562
2ad5,3.96,4.2109375
1j17,5.22,5.0703125
3sm1,5.84,5.8632812
4ewh,9.52,9.28125
4bfp,7.82,7.5195312
4g93,3.52,3.5585938
4po0,6.92,6.9335938
3ttm,8.52,8.7421875
4pkv,5.25,5.828125
2vth,3.92,3.2050781
1kmy,5.1,5.2226562
4yne,8.52,8.4453125
2brc,5.05,5.1875
4a4w,7.72,7.8945312
4ww8,10.17,9.515625
4ezo,6.52,6.1328125
5akj,5.86,5.3203125
1m7q,8.59,8.71875
4ock,5.08,4.75
4itp,7.27,7.6679688
4e4x,8.15,7.9296875
4b0c,2.07,2.2695312
4j44,5.73,5.3515625
1dmb,5.74,5.6015625
4mx1,3.68,3.2734375
2g79,6.92,7.3867188
3hlo,6.21,5.6992188
4rvm,9.0,9.78125
4q7s,4.42,3.8769531
3v8w,8.07,7.7578125
4ir5,6.21,6.2851562
2o48,6.01,4.6445312
3fum,3.77,3.6328125
2y4k,5.46,5.4140625
4gq4,7.66,7.5273438
4pnn,4.52,4.171875
4bis,5.85,5.9375
4byi,8.05,7.9414062
3mrt,3.7,4.0039062
1w9u,6.09,6.46875
1h24,6.3,6.796875
4lxk,8.4,8.171875
3oob,4.67,5.2382812
3rmf,4.09,3.7304688
3fck,4.0,3.8144531
3v0l,5.52,5.8984375
1inf,5.0,5.1835938
1iig,1.57,1.6552734
3r7b,6.15,5.8320312
4bw1,5.9,5.5898438
4n84,6.29,5.9179688
4v04,8.11,8.359375
3fcb,5.31,5.609375
2xwd,6.96,7.3125
3u2q,8.22,7.5117188
3bmy,7.52,6.9453125
4yoz,6.8,6.0273438
2l65,4.22,3.8652344
1b2i,5.51,5.6640625
3oy3,7.45,7.3554688
1b9v,3.65,3.1035156
2wks,6.89,7.1484375
1c85,4.64,4.875
3fea,7.44,6.5859375
4na8,8.82,8.859375
3efj,7.41,7.375
2aow,7.42,7.0039062
1qjb,6.38,5.4648438
1nzq,7.96,7.6757812
4o55,5.3,5.0507812
3uhm,8.44,8.65625
2hwo,6.9,6.2304688
4jr5,8.15,8.296875
2i3z,8.7,8.9453125
4kxl,6.22,6.125
4i0r,7.85,8.171875
3k54,9.0,8.5078125
3bel,7.85,7.7226562
1bap,6.85,6.7851562
3g9e,7.72,7.3554688
4qjw,7.8,8.9765625
3bft,6.49,5.109375
2isv,7.43,7.0234375
3t2p,3.6,3.4472656
4cfl,5.88,5.7539062
1lcp,6.64,6.4726562
3uxl,5.57,5.5546875
3g2v,6.52,6.1679688
3qai,8.1,8.3203125
4ez3,4.35,4.515625
3l3l,7.48,7.9492188
2g01,5.91,6.0898438
4hcu,8.0,7.8554688
4e67,6.48,6.8085938
2jj3,9.55,9.7734375
3tib,6.89,7.03125
2a0c,7.3,7.0625
5awj,9.68,9.828125
1f5k,3.74,3.828125
1k22,8.4,8.171875
4o3f,5.56,5.3984375
3ob2,4.59,4.25
1tze,6.83,7.2148438
1pxh,8.74,8.9375
4k19,8.36,7.7773438
1cwc,7.8,7.8203125
4axd,4.43,4.59375
1jwu,5.34,4.2617188
3tf7,3.52,4.1289062
3bm6,7.59,7.6523438
3otq,7.39,7.265625
1d4k,9.22,9.03125
3ips,7.19,6.9726562
4bw3,6.3,6.203125
4bcs,6.99,7.6289062
4pf3,7.29,7.2890625
5ceq,7.38,7.4453125
3zrk,6.89,6.0273438
4rj8,7.77,7.4492188
3rj7,7.6,7.421875
2j9h,3.39,3.9355469
3sfc,8.52,7.96875
1tmn,7.3,6.859375
1f92,6.19,6.578125
2qtg,5.08,4.3945312
4mcb,5.82,6.2617188
2vj8,8.7,8.1640625
4qgh,9.0,8.640625
4joe,3.56,3.125
2buc,7.0,7.6484375
1uj0,4.57,4.5039062
3az9,6.0,5.828125
4ywa,7.55,7.0898438
4k0u,7.26,6.8632812
3nu4,8.82,8.390625
1u9x,8.15,7.828125
4ibc,2.98,3.2324219
4imz,6.92,7.1210938
4ow0,6.82,6.6445312
4ere,8.38,7.7304688
2pix,4.3,4.8085938
4gih,8.32,8.1796875
3mrx,3.39,3.1992188
1i1e,5.03,5.2773438
4e26,6.4,5.8046875
3h0v,4.82,4.5898438
2oc1,5.37,5.5039062
1pun,7.28,6.4804688
3twu,5.62,5.1679688
4lvt,10.36,9.40625
4uwk,9.0,8.3203125
4fli,5.44,4.9492188
4h3j,7.05,6.09375
2wpa,8.1,8.0234375
4oyg,5.18,5.1210938
1mqi,7.63,7.125
4rwl,8.1,7.5546875
4rad,7.1,6.9765625
4tzn,6.52,6.1054688
3amb,6.18,5.8320312
3sz9,5.27,5.1835938
3rz9,6.92,7.0039062
3c2u,2.9,3.2382812
2a3x,6.92,6.7890625
4ivk,3.85,3.2148438
3c1x,7.35,6.8125
1sqp,8.2,8.2109375
187l,3.37,3.3066406
4n3l,7.0,7.2148438
1uxa,2.3,2.1328125
3daj,5.54,5.4101562
4man,11.0,10.65625
4pdk,8.22,7.9335938
2cgf,6.41,6.7226562
2puy,4.52,4.0273438
3ur9,6.31,5.6054688
1e6s,3.22,3.5566406
4k3k,2.35,3.1484375
2cnf,6.62,6.5
1ulg,4.21,3.3515625
2z60,8.05,7.7304688
3pz2,6.14,6.4648438
2r3p,6.05,5.9140625
1qpb,1.36,2.046875
2h44,5.77,5.2851562
3unj,4.96,5.3789062
1ms6,9.52,9.3046875
3s4q,8.4,7.9804688
1m13,7.57,7.515625
2rol,4.62,4.3203125
1i9n,8.66,8.6328125
4zy4,7.66,7.6054688
4bdk,5.44,4.96875
4mwc,5.87,5.7617188
3t8w,7.54,7.3164062
4qaa,6.44,6.0429688
2qwg,3.64,3.4648438
2tsr,7.54,7.5703125
3kc0,7.92,8.03125
2i0a,11.4,11.0
1kak,4.59,4.5195312
1z34,3.38,3.2597656
1hxw,10.82,10.2109375
3dla,3.46,3.578125
2vcj,7.68,8.078125
1xp9,8.89,9.0078125
1gj4,4.07,3.6054688
2pql,7.28,7.328125
3dxh,3.19,2.875
3iej,6.66,6.8789062
3fl9,1.11,1.5761719
3tia,8.51,7.375
4aof,7.1,6.8007812
2gtv,5.15,4.9414062
4yay,8.54,7.8125
3q44,6.31,5.3945312
4esi,4.15,3.7714844
4pl5,4.96,3.9960938
2i4x,11.72,9.5546875
1oiq,5.54,4.7304688
3jsw,7.18,6.5351562
5dia,10.46,9.03125
1ha2,5.54,5.109375
2wxk,9.3,8.7109375
1apw,8.0,7.59375
4oyo,3.52,2.8867188
3ivq,4.12,4.0976562
4rx9,7.89,8.0
3b0w,5.7,4.2070312
2cmb,7.19,6.5546875
2zmj,7.52,7.9023438
4dh6,7.77,7.3398438
4obo,7.11,6.2695312
3vw7,8.1,7.4101562
1nja,6.31,5.7539062
2toh,4.15,3.2480469
3ckz,8.72,8.03125
3fmq,7.95,7.6367188
4ggl,9.0,8.9609375
4bck,8.4,7.4140625
2gnf,5.22,4.4492188
2euk,6.6,5.765625
3snd,5.08,4.6679688
1ym1,6.24,5.796875
5dgu,11.35,9.7734375
2qi3,10.2,8.984375
1ld7,8.96,8.6015625
4w9n,4.26,3.2421875
4nru,6.94,6.2226562
3ud7,4.74,4.4492188
1txr,7.74,7.3125
2wih,7.35,6.4648438
3rv9,4.92,5.0507812
4o0t,5.54,4.703125
4hlw,5.38,5.0
4eg6,7.37,6.8242188
1bkj,6.77,6.28125
1z5m,7.52,6.8828125
2k0g,6.97,6.671875
186l,4.85,3.8652344
3cyu,7.22,6.6289062
1ow8,5.4,5.3828125
2ig0,4.71,3.9589844
2y76,6.36,5.7929688
1oxr,5.19,4.3984375
3c7p,10.0,9.3828125
4pnu,4.89,4.3554688
4usw,2.69,2.1894531
1x6u,3.22,2.9941406
2xn5,6.69,5.6757812
4u0e,6.92,6.2617188
1gj6,7.0,6.4921875
4xu3,9.5,8.90625
5a85,5.3,4.8710938
3owb,7.72,7.4453125
3hwn,8.7,8.2421875
4ehr,7.89,6.890625
3cbs,7.24,6.5703125
3kf7,7.4,6.5742188
4e5j,4.73,4.390625
3ntp,4.92,4.1015625
1o47,8.4,7.2382812
4gv8,6.49,5.7695312
3c10,6.52,5.7539062
3ibc,4.91,4.2109375
4fpk,4.24,3.8632812
10gs,6.4,5.6875
1w6h,9.3,8.8203125
1ycm,8.0,7.9296875
3f7u,6.61,6.1679688
1rs4,7.17,6.4882812
3v6s,9.12,8.3671875
4lge,8.46,8.09375
2qu5,8.06,7.6015625
1npz,7.89,7.453125
2wzz,5.4,4.7773438
3duy,5.85,5.3164062
2zjv,5.14,4.9023438
3iw4,8.68,8.296875
4mwx,7.12,5.2890625
4hvg,7.77,6.9882812
2gl0,4.82,4.7070312
2wzy,10.72,9.4453125
4x34,6.12,5.03125
1nlj,9.8,9.765625
4q3u,6.44,6.640625
2x24,6.48,5.9335938
3bg8,5.89,4.953125
1bn4,9.31,9.1015625
2wbb,6.04,5.3632812
2ceq,7.28,6.8046875
1ta6,9.13,8.359375
4bae,8.52,8.0625
3py0,6.89,6.6875
2ohu,5.38,4.28125
4jpe,7.32,6.8867188
3i90,3.3,2.5664062
1ciz,7.44,6.5273438
3gn7,8.3,7.3828125
4nan,4.72,4.4609375
4i7d,7.0,5.3320312
2j7g,7.0,6.8828125
2h2j,5.38,4.9140625
3soq,4.57,3.6894531
4nnw,6.61,5.8476562
1o5f,6.07,5.5507812
1rev,7.48,6.5976562
4o1d,7.62,6.2382812
2oz6,5.26,4.9453125
3km4,8.89,7.9023438
2rg6,8.66,7.4804688
4uiw,7.3,6.3085938
1a5h,6.3,5.8203125
3lpk,9.1,8.921875
3r8v,5.54,5.2539062
2r6w,9.36,8.765625
4ogt,10.0,8.3203125
3kej,7.12,6.2929688
2f2c,6.35,6.6015625
3bkl,6.17,5.4453125
3u4h,4.25,4.6445312
3zo2,7.1,7.296875
1nfy,8.89,8.640625
4h5d,6.24,6.2851562
1zd2,3.3,3.453125
2pem,3.64,3.5703125
4ztm,7.6,7.578125
3dp3,5.82,5.7851562
3gsg,2.7,2.6914062
3u9c,5.89,6.8164062
4xta,5.43,5.6445312
2aoj,4.66,4.5742188
1xap,8.7,8.609375
4b4m,6.69,6.53125
4bnt,3.86,3.5722656
2x8d,6.1,6.3671875
3jzp,6.6,6.15625
2k2g,8.12,7.8515625
1rej,8.3,8.125
1a61,8.62,8.4140625
3psl,6.89,7.34375
1gx0,4.22,4.1484375
3ui2,6.37,6.265625
2vtn,6.07,5.6367188
1pkx,6.92,7.34375
3cl0,7.07,7.0234375
4l58,4.68,3.9882812
3d32,6.45,6.0625
1d2s,9.74,9.3125
2zis,8.55,8.4921875
3q6s,6.74,6.3164062
4x69,7.66,7.1796875
4ega,7.19,6.9101562
3qfv,5.77,5.3789062
2jdl,9.43,9.1328125
4yx9,5.35,5.7148438
3ehw,4.82,4.4414062
4v1c,4.6,4.8710938
3g2s,6.22,6.1640625
3br9,7.21,7.1953125
4hy9,7.1,6.3007812
2iws,6.36,6.2460938
2jc0,4.7,5.2460938
1azl,8.62,8.78125
2fj0,7.66,7.0546875
3u0t,9.52,7.5039062
3vhu,7.31,6.2617188
1gni,8.07,7.6523438
2qk5,8.1,8.1015625
4oc0,6.5,7.46875
1siv,8.08,7.1914062
5c0k,2.92,2.5175781
3mta,4.3,4.109375
4vgc,6.9,6.9804688
4y5s,3.73,3.7734375
3coj,5.28,5.1171875
1sc8,7.44,7.3828125
4kup,5.22,4.8515625
2qpu,3.6,3.8886719
2xnm,6.8,6.6484375
4ezl,8.59,9.2890625
3dz5,8.15,7.96875
3ma3,7.22,7.0703125
3ig6,7.6,7.796875
4iuu,5.65,5.546875
1urc,4.72,4.546875
1dwd,8.18,8.2109375
2fw3,6.42,6.4023438
4ch8,5.99,5.609375
2waj,6.4,6.265625
1cr6,8.51,8.140625
2h6b,5.39,5.5078125
3ddq,6.68,6.6835938
3msc,3.31,3.7949219
3tk2,4.62,4.78125
5alk,6.6,6.4414062
3o6t,5.22,4.8242188
4ijq,7.52,7.5546875
4rrf,3.62,3.8808594
3ljo,6.62,6.3085938
4asy,4.22,5.015625
1lhg,7.1,7.28125
2v58,9.09,9.4296875
2pl9,4.17,4.1953125
2w6c,8.41,8.2109375
2q11,6.05,5.9179688
3p3t,7.24,7.3242188
5a2k,6.35,5.90625
1uys,3.6,3.4785156
3bys,9.3,10.0703125
2w6m,4.67,4.90625
4uvb,5.49,5.1445312
1nl4,9.41,9.5078125
2kfg,2.92,2.40625
1xoe,7.39,7.0546875
2z4z,5.73,6.3125
2i5f,5.12,5.03125
7kme,4.4,4.1601562
3ikd,6.75,6.9101562
4uco,7.0,7.0664062
2euf,7.82,7.6992188
3dgl,6.6,6.2890625
4x5z,7.63,7.6835938
3h5s,8.3,8.6015625
1w6y,5.36,5.4921875
1o4r,2.41,2.2792969
3g4k,6.54,5.9023438
4zip,9.68,10.1484375
3t3i,4.77,4.578125
1qaw,5.12,5.2070312
4cq0,5.09,4.9726562
2h42,8.62,9.484375
1zge,7.3,7.4726562
3d7f,9.3,9.0
4l4m,8.0,8.125
4anx,7.74,7.6875
3kcf,7.46,7.1367188
3lxg,8.14,7.4570312
3we4,7.82,7.65625
4hvs,7.8,7.5625
4ozj,5.4,5.0117188
1jao,5.92,6.1835938
5fwg,6.72,6.9179688
4dx9,5.3,5.7226562
4jft,5.46,5.1679688
1bzy,8.34,8.5703125
4au8,6.26,6.8984375
4nyf,7.31,7.40625
4xum,4.67,4.8867188
6cgt,6.0,6.4765625
3k5f,5.43,5.5664062
3adt,4.55,4.9960938
4b3c,2.68,2.9765625
4daw,7.08,7.5742188
1qbt,10.62,11.3671875
4erw,8.15,8.328125
4k75,4.25,3.8925781
2zmd,7.01,7.2890625
1ag9,9.0,9.78125
2irz,7.92,8.296875
2y56,6.51,6.5585938
3d7d,7.85,8.1171875
3g35,4.68,4.9179688
1kzn,8.92,9.03125
3lq2,5.22,5.1054688
2q70,8.08,8.8828125
3c5u,8.19,8.3671875
4tln,3.72,3.9453125
1nlp,4.96,5.0546875
4xm8,3.02,3.9667969
3ftq,5.33,5.9296875
4x9v,7.85,8.03125
1nu3,4.0,4.3515625
5e0a,6.59,6.734375
3ozp,6.62,6.9335938
3qtr,6.03,6.3046875
3k5c,7.77,7.1171875
4h3g,8.22,8.390625
4e20,8.22,8.8671875
3t9t,8.71,8.921875
4mwq,9.1,9.5390625
3el5,7.72,7.4414062
1s26,3.07,3.8125
3e1r,5.82,5.7304688
3kga,7.21,8.0546875
3dyo,2.3,2.6484375
3aig,6.0,6.3828125
1njj,2.1,2.3886719
3qfy,6.12,6.7226562
1hk2,6.77,7.0703125
3f3v,7.14,7.7617188
3wk7,3.9,3.9667969
3owk,5.82,5.8242188
1utc,4.55,5.2578125
1oq5,7.68,8.171875
4gw5,5.46,5.0117188
1h2u,7.89,8.703125
2zq2,6.56,6.5234375
1uy7,3.7,4.015625
4kmd,5.41,4.7851562
1abf,5.42,5.4375
4lke,5.37,5.6796875
4li7,6.11,6.0078125
1zd3,3.3,3.859375
1n7m,5.71,6.09375
3g3d,4.74,5.3789062
3pcb,2.4,2.8789062
2w8w,2.12,2.0234375
3rqw,2.7,2.6738281
3r8z,4.31,4.6328125
1q1g,8.57,9.5390625
4cwn,5.59,6.1171875
4usi,4.41,4.7070312
1xqc,7.2,7.5351562
3ivi,7.92,7.15625
5ai9,6.61,6.6328125
4y2u,3.24,3.7617188
1m2q,6.1,6.3085938
4ie5,4.82,4.5078125
3suw,4.7,4.8789062
4p0b,6.54,6.3046875
1rww,8.3,8.9140625
4rhy,5.95,6.4140625
1rdn,1.84,2.1289062
1pzo,3.32,3.53125
2e92,6.89,7.3632812
2ovz,7.89,7.65625
3ro4,6.23,6.8984375
4kfp,8.0,8.0703125
4fmq,5.05,5.4765625
4rme,5.92,5.6757812
4c61,8.4,9.421875
2x6f,4.59,4.78125
2gej,6.64,6.6992188
2rk8,3.64,4.1015625
4nmq,4.49,4.5898438
1m2r,6.46,6.9882812
4bb9,6.0,6.6328125
4l7l,6.0,5.8242188
2a2x,7.69,7.9726562
3r7r,8.74,8.9296875
3d9k,4.72,4.0351562
4rg0,7.3,7.1875
4mzk,5.31,5.5820312
3pty,5.44,5.7304688
4jx9,8.62,8.734375
4kbc,7.85,8.1796875
4bbh,7.1,6.3984375
4nrk,7.62,8.09375
3ow3,6.13,6.1875
3zqi,7.19,7.0703125
4wyy,6.0,6.1484375
4nrm,3.2,3.1699219
3hng,6.74,6.625
3q77,8.22,7.46875
4b1d,7.49,7.4960938
2zym,6.14,7.0429688
3wi2,7.04,7.5429688
3kxz,7.46,8.0
4qiy,7.3,7.2617188
2x4z,8.57,9.078125
4dhu,5.3,5.3632812
1ms0,2.91,2.8066406
1opi,7.3,6.8554688
4pnc,5.43,5.78125
2br6,2.96,3.5234375
4gg5,9.03,8.984375
4wwp,6.92,7.1796875
1csh,7.55,7.8320312
4av0,6.98,7.4921875
4qf7,8.6,8.5234375
3v8t,9.52,9.1484375
3fe7,7.12,7.7109375
1iht,8.46,8.4765625
4l1a,8.27,7.7578125
3p3h,7.44,7.671875
1yy6,6.07,6.1875
4p58,4.6,4.5195312
3rak,6.89,7.7304688
3sug,6.21,6.8242188
5ew3,8.92,9.1640625
2io6,7.52,7.3242188
1i8i,7.66,7.2929688
3wth,6.29,6.75
3c6t,8.68,8.7265625
1oe8,5.52,5.3359375
4dzw,7.89,8.4453125
2zcs,8.22,8.4375
3fee,6.64,6.015625
1k4h,5.11,5.4023438
2or4,5.02,4.7773438
2ohp,4.03,4.1523438
2fzg,3.38,3.2851562
1kl3,5.86,5.796875
3iu7,4.8,5.0859375
1akr,9.09,9.203125
4kwo,6.45,6.5390625
2y9q,6.15,6.28125
2x4r,4.77,4.0859375
2m0u,6.44,6.9140625
4og6,6.71,6.7226562
1hyo,4.07,3.5800781
1kr3,5.0,5.2695312
1pq6,8.1,8.109375
1d4p,6.3,5.9335938
1km3,4.91,4.1484375
3ddp,7.14,7.09375
1o44,8.52,8.2265625
1y2c,6.57,6.921875
1bzs,8.0,9.078125
3qkd,8.38,9.0390625
3h6z,5.82,5.8554688
3o9g,12.3,10.7265625
4c1c,4.97,5.3046875
2kwn,5.13,4.8984375
4apo,4.91,4.7695312
1nqc,7.3,7.1992188
1hef,9.0,7.6484375
3omm,7.43,7.1953125
1rt1,8.1,8.53125
1m5f,7.83,8.2734375
2iuz,5.55,5.359375
3arn,5.41,5.8359375
4hai,8.1,8.859375
1qj7,8.1,7.1679688
1ajn,2.63,2.6425781
3zsy,3.23,3.609375
2v87,4.6,4.3046875
3dxm,6.0,6.0859375
1ouy,8.37,8.25
3rw9,5.96,5.4726562
4mgc,6.32,6.1992188
2q9n,6.37,6.734375
4iq6,7.24,7.5429688
1al8,5.32,5.265625
3mn8,6.17,6.859375
5abe,3.05,2.9648438
1ow7,5.4,5.3007812
4mw9,7.02,7.9101562
1okv,6.17,6.2734375
2byr,8.55,8.0390625
2v2h,3.77,3.8007812
3p55,7.1,7.453125
4ceb,2.97,3.5546875
1gjd,5.22,5.4648438
3djk,10.59,10.5625
1hvh,7.96,7.9921875
3fas,6.77,6.3242188
2qn1,4.77,4.9453125
4mi9,3.42,3.6953125
4wp7,6.1,6.40625
3qio,6.84,7.3046875
1xzx,10.22,9.84375
2mwo,4.7,4.5820312
2wyg,8.7,8.828125
4lkg,6.8,6.7929688
5e4w,4.64,5.1640625
4umq,5.38,5.6054688
2os9,2.24,2.6132812
2r9b,6.57,6.9023438
3lpr,5.96,6.0664062
2zdn,6.25,6.2382812
3wkc,3.71,3.9023438
4x5q,9.0,8.4921875
1hdt,7.76,7.7734375
4djp,10.55,9.0390625
3v7d,6.39,6.8515625
4lj3,9.0,9.53125
1rhm,5.76,5.7460938
2jdo,6.64,7.0546875
4kij,4.3,4.578125
2wi1,2.4,2.5703125
4c6z,3.45,3.2597656
4jvb,7.41,7.7929688
3q2a,5.3,5.8242188
2az8,8.22,8.1171875
4ehe,8.49,8.6171875
1svh,6.44,6.65625
1qr3,6.59,6.75
2x2m,6.77,6.9140625
3f8f,6.63,6.8945312
4hcz,4.44,4.5039062
3avj,3.3,2.8613281
1umw,6.55,6.65625
2bkt,7.64,7.5273438
4eu3,0.82,1.3798828
4kn4,7.24,7.4765625
4oc3,8.28,8.5703125
3buw,5.83,5.2265625
4na7,9.7,9.578125
2isw,7.43,7.8554688
2wi4,5.81,6.1328125
3gi4,10.8,11.1015625
2qq7,5.24,5.5351562
4a51,6.73,6.9804688
4oct,5.05,4.8320312
1ppm,5.8,5.8789062
4mvn,5.46,5.796875
3k3h,7.06,7.1132812
3evc,6.91,6.6914062
2rfh,6.82,6.7578125
1p4u,5.3,5.4375
2nmb,6.28,6.1054688
4eg7,7.34,7.59375
4ory,3.53,3.6269531
3ikc,7.46,7.3671875
4f6u,6.15,6.7382812
1m2x,4.15,4.34375
3kpu,3.16,3.2832031
2cm8,5.87,6.3164062
2b1z,7.1,6.8789062
3k05,4.85,4.515625
4i0s,7.44,7.0976562
4jfi,4.74,4.7460938
3l59,3.7,3.5273438
4dmw,4.94,5.296875
4rd0,6.62,6.7734375
4a4q,9.4,9.515625
2gbf,7.92,7.9960938
4giu,5.33,5.7890625
3a29,7.89,6.6992188
3fei,7.7,8.0390625
2cem,7.92,7.3867188
4a16,9.37,10.03125
2bvx,8.7,8.6171875
2gga,1.96,2.3457031
1kav,5.82,6.0703125
3ery,5.66,5.2226562
2wa3,3.0,2.5429688
4ynd,8.55,8.2578125
2r0h,3.51,3.6933594
2y07,6.22,6.0078125
1bl7,7.72,7.78125
2jdn,5.56,5.2851562
4c52,5.68,5.9570312
1kds,5.77,5.9414062
1j37,8.96,8.859375
2pvj,8.1,8.0234375
1sdu,10.07,9.796875
3d27,4.25,4.0390625
5aer,4.4,4.109375
5ea6,7.41,7.4609375
3qvv,4.42,4.2226562
4urm,8.05,8.046875
3jvk,3.93,3.8007812
3rg2,4.2,4.84375
3uda,5.01,5.2773438
4ibf,4.43,4.734375
4zzy,5.6,5.734375
3zn0,4.97,4.9570312
1d3v,6.96,6.6757812
2ea4,7.34,7.9492188
2p8s,7.68,7.7460938
4cfw,6.29,5.8359375
3fx6,6.8,6.734375
3l0n,2.77,2.640625
3nzc,7.02,6.1875
4bcc,8.05,8.1328125
4mdr,4.39,4.7265625
4zsa,7.82,7.828125
4bci,8.22,7.9921875
3fc8,5.39,5.5234375
3qn7,6.8,6.5976562
1bai,7.7,7.6953125
4r95,7.85,7.0625
2l11,4.82,5.0
1s39,7.7,8.0859375
1ec9,3.1,2.6933594
3arb,6.63,6.5078125
1i9p,8.41,8.4921875
1h1p,4.92,4.71875
4jbl,3.27,3.2246094
1v2p,4.73,5.5585938
2jkk,8.2,8.1875
1c12,8.72,7.890625
3m93,6.62,6.0039062
2ihj,4.59,3.7363281
2vpn,6.72,6.546875
3e2m,9.4,8.984375
1il4,2.85,2.7597656
2alv,4.15,4.1953125
4lv3,5.49,5.2109375
2jjk,8.05,8.28125
1ind,10.05,9.0078125
2qyl,6.19,6.203125
1o0m,5.15,5.40625
3l9n,8.07,8.0078125
2nsx,7.2,7.2148438
2g96,4.28,4.265625
4qw0,5.14,5.2929688
4hbm,7.92,7.7734375
3twv,4.76,5.0039062
2qry,8.64,8.3046875
1a4w,5.92,5.2890625
4jve,7.07,6.9726562
4zlo,4.92,5.2578125
4a9c,4.61,4.5
4pct,7.15,7.3242188
1o2p,4.85,5.2304688
3h1z,4.66,4.6757812
4x60,9.0,8.625
3miy,7.68,7.015625
4mvy,7.54,7.3007812
1x39,9.22,9.6953125
2v83,4.47,4.8125
4mex,6.7,6.6132812
1yei,7.46,7.9921875
2pnx,5.1,6.0625
1u9v,8.22,8.1015625
1bwa,8.6,7.859375
1o5m,8.72,8.796875
3unn,4.4,4.4765625
4hvd,8.85,8.875
2std,9.85,9.46875
3wqv,5.21,4.4257812
4dpy,5.37,5.1875
2sim,3.42,3.6621094
3hrb,7.68,7.1757812
1swn,12.0,12.6171875
3k3i,5.72,5.65625
4qvp,6.05,5.7617188
1gca,6.7,6.515625
2rg5,8.51,8.6484375
2itp,7.95,8.1015625
4ha5,7.24,7.5234375
4dgn,6.46,6.046875
4n9e,7.82,8.2421875
3b78,4.1,4.1640625
3nww,8.15,8.1171875
3fnm,4.71,4.8203125
3dpe,7.24,7.9023438
4ngm,10.35,9.296875
3pe1,9.65,9.09375
2qic,5.48,5.7109375
4o43,4.3,4.75
2zg3,2.06,2.3359375
4jyc,6.7,6.7070312
4mwu,8.49,8.3828125
4btu,9.3,9.6484375
4qge,9.3,9.0625
4wrb,6.19,6.7226562
3cl2,7.59,6.8984375
2b55,7.02,7.3164062
3oj8,8.36,8.734375
3v2w,7.11,7.4375
4wz8,7.21,6.9648438
1dg9,2.74,2.6953125
2rcb,6.79,6.7578125
4ono,5.19,5.5664062
4o0j,4.89,5.046875
4m5k,5.23,4.8085938
2vta,3.73,3.4433594
2qd9,7.89,7.4804688
4q1d,7.78,7.2890625
2wib,4.93,5.25
3th9,7.7,7.359375
3n2v,7.51,8.125
2pj2,7.92,7.9179688
3vh9,6.24,6.40625
1ikt,3.4,3.5722656
3uvk,6.8,6.4492188
3c72,4.64,4.5664062
3iqq,5.54,5.6132812
4i4e,6.3,6.828125
2jaj,4.6,4.5976562
1jjk,11.06,11.7421875
2nmx,5.57,5.9296875
4wph,5.8,6.3984375
1imx,3.52,4.34375
3ztc,4.56,4.9492188
2b1r,1.0,1.1103516
5er2,6.57,6.6757812
2wf0,6.68,7.1875
2v2q,4.15,4.3515625
1mes,7.7,8.046875
4ge4,8.11,8.1953125
2ica,7.7,8.0390625
4meo,3.6,3.4082031
4o7b,4.7,4.6640625
3m6f,8.6,8.1015625
1w3k,4.3,4.8164062
1ybo,3.8,3.9257812
3oui,4.9,4.7421875
2pv1,7.14,6.9882812
1bv9,9.96,9.3203125
1nxy,7.19,7.0507812
2xdm,7.49,7.9453125
3q3b,7.76,8.0390625
3bh8,7.95,8.2265625
4bcq,6.83,6.6367188
4k5n,3.9,4.3828125
3tge,10.15,10.421875
1e72,3.22,3.1523438
4u0n,5.77,5.7421875
1qpl,8.51,8.8515625
1avd,15.0,14.4296875
3ijg,4.27,4.0664062
4xv2,8.27,8.6484375
1q54,5.85,6.2460938
1njd,5.57,5.6289062
4a4x,7.23,7.7070312
3pka,6.27,6.1679688
4ago,4.81,4.3710938
4jht,4.99,4.6054688
1pg2,4.96,4.9375
4mm7,3.63,3.6464844
2pfy,6.52,6.7773438
1q5l,3.22,3.28125
1o0n,4.09,4.1132812
1d2e,6.0,6.0859375
4ds1,4.75,5.1484375
1x07,3.28,3.0058594
1q83,12.39,11.96875
2y80,8.05,8.5078125
3hhk,8.22,8.6875
3krd,8.17,8.171875
4m5o,6.42,6.25
2y34,7.1,7.1640625
3bt9,5.71,5.9101562
4jaz,5.04,5.0546875
2aez,2.46,2.5976562
4bid,8.1,7.8789062
1dbj,7.68,7.8398438
1zsb,0.6,0.3828125
2w68,4.74,4.796875
2mpa,8.04,7.6679688
4tn4,6.33,6.5976562
1al7,7.8,7.40625
1tv6,5.4,5.796875
2uxi,7.3,6.9765625
1agw,4.7,4.6054688
4ogv,8.05,7.9726562
2xpk,11.3,8.8828125
1h1r,5.64,6.609375
2gc8,5.51,5.4804688
1c3e,6.59,6.765625
3s2v,6.8,6.734375
2gvz,6.89,6.4882812
1y3v,5.64,5.78125
2wa8,5.42,5.765625
1jqy,4.92,5.2304688
4eh7,3.28,3.1289062
1q1m,5.16,5.4960938
2ohv,6.46,6.8007812
4kom,7.0,7.2226562
3o3j,6.4,6.09375
5ajv,6.24,6.65625
4g8m,7.89,7.15625
4qyg,8.39,8.25
4li0,6.59,6.8203125
1cnw,7.72,8.1640625
4fny,7.8,7.3515625
3h2o,4.59,4.5625
2yel,7.28,7.6601562
4lnp,3.67,3.7929688
3vb7,4.31,4.8984375
4qp1,3.61,3.9140625
4b4g,6.76,6.4375
3pj2,5.14,5.5273438
3tvx,4.14,3.9648438
2aig,5.0,4.734375
3ril,3.84,3.4160156
2wxg,9.15,8.796875
2kff,3.61,4.3085938
1f0u,7.16,7.5585938
3rvg,8.3,7.8203125
2qo1,5.57,5.75
4abv,6.07,5.9375
3mtb,4.63,4.5078125
4oiv,5.08,4.7226562
4bo4,6.89,7.1445312
3uwk,4.24,4.0742188
3egt,8.9,9.1875
3qiz,5.21,5.6132812
4em7,5.11,5.4335938
3ohh,7.74,8.0390625
4zpe,6.35,6.515625
3bvb,5.49,5.3554688
1bio,5.54,6.171875
4gtp,7.94,8.2109375
2xu5,6.89,7.3828125
2xj0,2.82,2.2441406
4htp,5.62,5.5195312
3ifp,7.61,8.2890625
3skh,6.05,6.6289062
2zfs,6.54,6.125
3elc,2.69,3.0449219
3c8e,4.15,3.7675781
4gee,9.0,8.2109375
4mep,5.33,5.515625
2idk,5.54,5.4492188
4tmr,7.22,7.5546875
3ipy,6.29,5.8007812
3e3u,7.89,8.234375
2fxv,5.35,5.4609375
2v6n,5.86,6.7265625
4m3q,7.77,7.9335938
4rh5,6.9,6.6015625
2be2,8.7,9.9765625
1biw,6.98,6.6953125
1ke9,6.18,5.9570312
3oka,4.72,4.984375
2dua,4.77,4.6992188
4fck,1.26,1.6347656
2q95,5.8,5.46875
4qlu,8.08,8.5546875
4j24,7.3,7.9414062
3kah,6.59,6.2734375
3ex2,3.7,3.9511719
2ly0,4.8,4.9882812
3tv6,8.32,8.7734375
2lh8,4.18,4.1914062
2vvu,8.1,8.359375
4tya,2.39,1.8466797
1z1h,8.4,9.1015625
1thr,5.38,5.9765625
1rd4,7.74,8.6015625
3efk,7.85,7.9023438
4dkt,4.8,4.9414062
2jdm,5.4,5.5351562
1vij,9.52,10.25
2bro,5.85,6.0078125
2hb9,4.82,4.5
2adm,5.7,5.9804688
3rx8,6.21,6.3046875
2x3t,6.05,5.9023438
3pjt,4.88,5.1054688
2jkq,8.11,8.5859375
4y46,7.96,8.1796875
2y67,3.53,3.1972656
2fyv,3.52,3.8476562
3fxv,7.03,6.5390625
3jpv,6.92,7.0273438
2adu,7.74,7.8789062
1uvt,7.64,8.078125
1y3p,4.82,5.0429688
3iuc,5.66,5.7851562
3r6u,4.52,4.2578125
4yv1,3.08,2.2167969
1w51,6.3,6.6054688
2rin,4.0,4.140625
3txo,8.05,8.3203125
1tyn,9.7,10.0
3vid,6.21,6.7578125
2jbl,5.89,6.4453125
2ogz,7.08,6.6796875
1iep,7.0,7.5585938
1vyq,5.3,5.2421875
4bqy,5.96,5.546875
1r5g,7.52,7.9296875
4q18,6.13,6.2890625
1gui,6.28,5.90625
3fhe,8.6,8.7421875
3kac,3.13,2.9316406
2xpb,5.7,5.1328125
4wn5,7.41,7.6601562
1aq1,8.15,8.734375
2chw,4.77,4.8164062
3pd9,6.22,6.6796875
2g5u,8.49,8.5859375
5dl1,5.0,4.984375
1zls,7.0,7.15625
3iux,7.6,9.0859375
1g3b,5.74,5.5195312
3d78,7.64,7.5820312
5em8,5.96,6.5039062
4wz4,6.44,7.2109375
4ocp,6.1,6.0234375
3wnr,6.28,6.9609375
4pnm,5.85,5.8710938
4wym,4.0,3.8417969
3k15,4.92,4.640625
4bcj,7.96,8.3828125
3hy7,6.97,7.3085938
3wv2,7.92,8.984375
2r43,6.0,5.9609375
1pyn,5.49,5.3515625
4nau,9.06,8.8671875
3rzi,5.33,5.4648438
2rgp,7.52,8.1875
1you,9.06,9.984375
4p2t,5.43,4.984375
3hav,3.77,3.515625
2hwg,3.55,3.5742188
2vci,7.68,8.2265625
3svj,6.93,7.203125
1c9d,6.3,6.4140625
1ayv,8.0,8.5546875
4elg,8.16,7.8476562
4tjw,6.02,6.4257812
3tct,8.52,7.8476562
2ity,7.27,7.0820312
3l0e,8.0,8.234375
5d6p,5.6,5.828125
2z4w,6.01,6.1953125
2v85,4.46,4.2773438
3hvc,6.22,6.2460938
1jje,8.43,7.5859375
4wag,7.08,7.1484375
1hsl,7.19,6.859375
3nal,8.1,8.28125
1drk,6.82,6.9492188
1y8p,6.08,5.875
2p3i,3.48,3.5351562
3oap,6.26,6.0078125
4kva,3.94,3.8769531
1m4h,9.52,8.796875
3hww,7.12,7.1210938
4tk0,5.55,6.1640625
4ge9,8.8,8.7265625
1hte,5.64,5.6796875
4e5h,6.37,6.0234375
3cjo,8.66,7.6679688
4l70,5.66,5.4375
2bpm,8.7,8.640625
1c8v,6.33,6.6992188
3sdk,6.8,6.3164062
1w4l,8.4,7.8242188
3zj8,3.9,4.2460938
3kyq,4.22,4.8984375
4iks,5.14,5.1796875
4mwb,6.49,6.2617188
4a7b,7.4,7.4453125
3kr2,5.14,5.8320312
4izy,8.52,8.375
4dea,6.59,6.2578125
4a95,5.76,5.453125
2xno,5.93,5.5703125
3way,7.66,7.2460938
3qt6,5.37,5.0234375
1apv,9.0,8.8671875
4zuo,6.41,6.4921875
3wzk,7.24,6.9101562
1b0f,7.7,7.5039062
3u8w,9.0,9.2734375
3peq,7.5,7.5351562
3qck,5.24,4.8007812
2on3,9.0,9.203125
1t29,6.05,6.171875
3kb7,8.15,8.5859375
3vw9,7.96,7.4179688
4x48,6.77,6.4960938
2z7r,9.52,9.2109375
4kz8,2.8,3.0097656
5eay,4.47,4.671875
1ej4,7.3,7.6835938
1ru1,4.74,4.8242188
4pml,4.52,4.6484375
2hyy,6.77,7.4179688
2h3e,5.7,5.0664062
3fh8,6.74,6.6796875
4e8w,6.09,6.078125
2nww,5.48,5.5429688
2vj7,7.4,7.953125
4r92,7.41,7.0234375
4wop,4.76,4.5039062
4imq,5.82,5.8554688
2xyu,5.35,5.359375
3et7,7.77,7.9765625
2xow,5.22,4.7578125
2zdz,6.15,6.0976562
1w3l,6.28,6.59375
2kfh,2.62,3.0097656
3kry,10.0,10.28125
2xiy,2.44,2.3105469
3mww,7.24,7.8046875
3ck8,3.84,4.0664062
1sln,6.64,6.5351562
4btb,5.01,4.9492188
4onf,8.92,8.921875
3efw,8.4,8.0234375
3v2n,6.1,6.0742188
4ju4,6.47,6.7109375
1utt,4.0,3.9707031
2znu,8.11,6.8398438
4fob,8.3,8.859375
3vhv,6.29,6.828125
3r42,4.08,3.9902344
3buo,6.06,6.1171875
2wor,3.9,3.8847656
4bbf,8.66,8.0625
4mse,6.16,5.9648438
2ggb,4.92,4.6679688
2jdk,6.54,6.46875
4d52,3.11,3.0097656
4csy,3.06,2.8828125
3znc,7.34,6.7617188
4k3q,3.94,4.3554688
1t7d,6.03,5.21875
4lkk,5.92,5.8789062
4cix,4.47,4.1171875
3wk9,4.15,4.0117188
3mg4,9.3,9.4609375
2qmj,4.21,4.5195312
4cpx,7.77,7.296875
1ukt,2.25,1.8291016
4mrg,2.96,2.7988281
4xub,5.97,6.1289062
4d1s,7.66,8.0390625
4q1e,8.17,8.0
2ye9,6.22,5.765625
4jh0,9.03,8.34375
4bcd,7.48,8.1171875
2z4y,6.15,6.5234375
4ehm,5.85,6.0507812
4f7n,7.1,6.7851562
2xk1,5.74,5.8710938
1nfx,8.52,8.9921875
4nyj,3.49,3.1269531
2g8r,3.99,4.0546875
1dx6,6.19,5.9257812
2g5t,9.09,8.9296875
4r5t,6.1,5.9453125
4yad,5.6,5.6015625
4aza,6.99,7.3398438
1r6n,7.4,7.546875
1q7a,7.19,6.3867188
3ds1,5.7,6.0
1lb6,4.08,4.5546875
1zkl,5.09,5.7070312
4n99,3.67,3.7226562
3ggw,5.54,5.8867188
3gus,6.05,6.1210938
4jfj,5.68,5.9140625
5aln,6.57,6.4335938
4qn7,9.08,8.875
4h3f,9.0,9.6640625
2llo,5.82,5.96875
3fcl,3.5,3.3417969
4riv,7.0,6.9335938
1xn2,10.52,11.3671875
2clf,3.55,3.4277344
4cpt,7.7,8.09375
5am5,5.74,6.1757812
3fql,7.15,7.8007812
1uy8,4.12,4.234375
1nnk,5.46,5.6015625
2hdx,6.26,6.0078125
3s3o,7.57,7.9648438
4zj6,8.52,10.3515625
1bnw,9.08,8.78125
4e3h,7.05,7.3867188
3ty0,7.08,7.2773438
4a6c,7.92,7.4648438
4n9c,3.9,4.3476562
3wyy,8.49,8.65625
4x7i,7.69,7.515625
1szm,5.53,6.4453125
4aac,8.17,8.2109375
3jqa,4.46,4.28125
1usi,6.74,6.8007812
3nzx,5.17,5.8789062
3mle,5.24,5.4179688
1w10,7.55,7.890625
1g7f,5.47,5.140625
4bdb,4.07,4.15625
1c84,5.0,5.2109375
5c29,6.06,6.046875
4g0p,3.01,3.3242188
4o4r,6.06,6.4375
5afk,3.88,3.7226562
5c6v,4.8,4.8398438
3v4j,5.04,5.0742188
1xgi,4.85,4.9960938
4xip,6.63,6.5625
2evl,6.7,6.5429688
3g4f,4.52,4.453125
3t3y,5.47,5.078125
1a37,6.92,7.3320312
2fsa,5.3,4.9882812
2bgn,5.7,5.21875
2emt,6.7,7.046875
4n9b,5.28,5.3476562
4ga3,7.52,7.421875
1l6m,8.1,7.9296875
1upf,4.6,4.7421875
3f1a,7.21,7.4570312
4qzx,6.26,5.71875
1izh,7.7,8.2109375
4mds,5.21,5.2304688
2xb9,6.77,6.484375
4zh4,4.22,4.875
3blt,3.54,2.9101562
1efi,1.92,2.3261719
5auz,4.01,3.671875
2b5j,9.1,9.578125
2piy,7.7,7.609375
4m5u,7.96,7.9726562
4h3i,8.52,8.71875
2xjx,9.15,9.203125
4xx4,7.36,7.3554688
1yqy,7.62,7.859375
4kip,8.15,9.1796875
4pkw,4.65,4.859375
4b6s,6.01,6.0273438
1uze,8.9,9.65625
1fsg,5.02,5.2578125
4mo8,8.0,8.6953125
3iiy,4.8,4.8398438
3py1,6.89,6.3554688
4u5v,3.05,3.3808594
3vi5,5.68,5.9804688
3lgp,8.7,9.3671875
3pab,4.7,4.9296875
4hy4,8.57,9.0859375
4ovh,4.85,5.2695312
3mlb,4.8,4.8945312
1gsf,5.0,5.0390625
3fu3,2.84,2.6347656
3atl,4.76,4.9492188
3zpu,8.38,8.6796875
1pa9,4.6,4.6601562
4wcu,8.52,8.5625
3zo4,6.83,6.828125
3fal,6.78,6.8632812
3tv8,7.15,8.21875
2qlb,5.89,6.4648438
3u90,4.62,5.0195312
1g2a,8.0,8.1875
3cso,5.77,5.4765625
5alg,7.52,7.7890625
2y1o,5.09,4.65625
1m0b,8.82,8.890625
4pgd,6.92,7.921875
1waw,7.89,7.7304688
4x50,7.75,7.7460938
1d8e,6.6,6.125
2y8o,5.12,4.84375
3zhx,6.68,6.9648438
1xo2,6.07,6.1289062
4abh,4.15,4.6875
2zxg,8.82,8.6875
4bw4,6.2,6.5664062
3eyu,7.62,7.8867188
4l7r,5.02,5.0507812
3p76,8.68,7.8398438
3t8s,8.55,8.640625
3art,4.43,4.6640625
3bzi,5.74,4.984375
3a5y,7.96,8.5078125
1fhd,6.82,7.3476562
4wpn,6.68,7.0390625
3cf1,6.64,6.7109375
3qwc,4.26,4.8359375
2ym4,5.82,5.2734375
4puz,8.11,7.7421875
3mfv,2.52,3.5332031
4e5d,6.22,6.0976562
1aqi,5.62,6.1367188
4qok,5.19,5.4023438
3i9g,8.96,8.8828125
2xba,7.63,7.4453125
4dfu,4.6,4.8554688
3th0,4.12,4.78125
4iur,5.58,5.5859375
1zp5,2.92,3.2890625
4lbu,6.56,6.9921875
3jzg,4.4,4.3945312
4r1y,6.4,6.2578125
2i5j,6.3,6.5429688
1vj6,5.1,5.5429688
5fl4,7.0,6.8554688
3kc3,6.8,7.2070312
1ydb,8.24,8.5
2obf,8.85,8.90625
2r5a,2.6,2.6582031
2xc4,8.05,7.90625
4jk5,7.55,8.3359375
5ai4,3.47,3.9140625
3wq5,3.85,4.4726562
1tsm,6.0,6.2421875
3wha,9.32,9.75
5d10,7.14,6.7734375
3tu9,5.12,4.2226562
4yas,3.41,3.234375
3rt8,6.35,5.8554688
4deh,6.21,5.7617188
2fts,7.05,6.7578125
4o37,6.16,6.4023438
1ttv,6.8,6.765625
2gyi,7.0,6.9804688
4mwr,9.39,8.6015625
3oys,8.05,8.2734375
3fuj,3.63,3.7636719
5a3u,8.32,9.1875
3tll,4.39,4.4179688
4n4t,7.31,7.8984375
1y3y,5.64,5.5195312
3ppo,5.3,5.9765625
1unh,7.0,7.2304688
4p1r,8.39,8.109375
4d8s,6.49,6.1835938
3o9l,9.66,8.96875
1ett,5.89,5.7578125
1f2p,1.9,2.1230469
3lox,8.1,8.3671875
1o3h,7.3,6.96875
2exg,4.3,3.9140625
3rcd,7.77,8.4453125
1gaf,8.0,8.0390625
1oif,7.72,7.3125
3vbv,5.0,4.9453125
4avj,7.44,7.4296875
4nct,7.55,7.9375
3haw,6.0,5.7070312
4bg1,6.31,6.90625
1o5c,5.22,5.9257812
2e9n,8.21,8.140625
2f6z,5.32,5.4570312
1jlx,5.8,5.9609375
2c90,3.48,3.390625
3fci,5.89,5.46875
5cs2,8.4,7.9453125
5e1d,5.39,5.5625
2p9a,5.18,5.1445312
2azb,7.19,7.4570312
4qlv,7.85,8.4921875
4cku,6.82,7.3867188
2gm1,7.0,7.5117188
5cfb,7.28,7.59375
3r2f,8.85,8.7421875
5aly,6.73,7.1484375
4lwt,5.41,5.5976562
5abh,8.77,9.625
3hf8,6.51,6.9804688
2we3,4.43,4.6914062
4itj,6.42,6.515625
2zit,4.46,4.328125
4nrt,6.0,6.1835938
4rhu,6.16,6.1445312
2am2,5.1,5.5195312
3eht,5.17,4.7617188
3tb6,5.08,5.1992188
1ndv,5.92,6.2109375
3fu5,4.12,3.9394531
3k5g,8.6,8.2109375
3upz,5.6,6.2148438
1fcy,8.52,7.9140625
3g2k,4.79,4.9375
1mfa,5.04,4.5507812
4nal,5.66,5.6484375
1k06,5.34,5.7460938
4n7j,5.47,5.9648438
3er5,9.0,8.0546875
3r5n,5.78,6.1640625
4ebv,5.38,5.5546875
3w07,3.38,3.2480469
3rpv,7.15,7.4335938
3ctr,5.16,4.9101562
3rey,8.0,7.9023438
4pnt,5.82,6.5898438
3hp5,7.15,7.2929688
1cny,7.85,8.3984375
3gwu,4.71,5.46875
4pji,3.7,3.6484375
1ui0,7.06,7.15625
3wti,5.9,6.2265625
3v3l,6.43,6.6484375
4d8c,8.7,8.9921875
4mha,8.28,8.34375
3ujc,4.59,4.5703125
4cby,7.7,8.375
4ymj,7.0,7.0117188
1qng,7.89,7.28125
3fyj,8.3,7.6992188
4hvb,9.95,10.0390625
2v7d,6.59,5.7382812
3f5j,4.28,4.625
4ijp,7.8,7.9335938
3c43,7.72,7.9726562
1xom,7.96,7.28125
4io5,5.03,4.8632812
3t0w,7.3,7.1054688
1u71,7.48,6.953125
1utn,3.49,2.9550781
5efc,4.85,4.8359375
3bz3,8.82,9.0078125
4yv5,6.22,6.1796875
1o35,5.0,5.1796875
1o6i,3.19,3.1328125
3kdb,9.85,10.5546875
4cmo,9.07,8.78125
1ol2,6.28,6.1679688
1i33,4.12,3.9511719
4yuz,5.04,5.2382812
1uom,7.72,7.7265625
3cwk,6.6,6.84375
4cmt,9.7,8.7265625
3rl7,4.74,4.3398438
3pdq,6.74,6.9921875
3mxr,4.95,5.0039062
1rwx,7.37,7.9414062
3n46,4.3,4.4804688
3ttp,9.12,9.0390625
3sud,9.85,9.59375
1rmz,8.0,7.4960938
4fic,4.7,4.6601562
1xh8,5.77,5.78125
4bd3,4.54,4.7773438
4y5h,7.82,7.6484375
4exh,6.15,6.328125
4rgd,3.94,3.9648438
2xbj,8.52,7.890625
4lm1,3.23,3.1347656
4e0x,7.12,5.9492188
1eol,13.42,13.7578125
3s76,5.05,4.4023438
1fpc,7.0,6.9726562
5ald,5.97,6.4453125
1vik,9.52,8.6640625
1bb0,8.36,8.6015625
4ear,9.82,9.453125
2pmn,5.2,5.375
2x52,4.24,4.3515625
3wmc,6.51,6.40625
3dbd,7.38,7.1171875
3i81,7.89,7.90625
4fgt,5.41,5.4960938
2jkh,8.05,7.9726562
4pv0,9.07,8.4453125
2oc9,7.96,7.6289062
1eub,8.72,8.5234375
4jyv,7.77,8.3359375
1f0q,6.0,5.6992188
2hha,6.91,6.6484375
2wq4,2.57,3.0273438
1my3,5.4,5.1484375
4u0a,4.3,3.9296875
1exw,3.9,4.0898438
2g72,6.5,5.9335938
4hwp,7.76,7.59375
4jv7,6.0,5.53125
5ar5,6.3,6.6210938
4whh,7.4,7.78125
2fpz,3.96,3.6230469
3s3i,7.8,7.8359375
4mzo,6.57,6.9140625
3ml5,8.52,7.484375
2hpa,4.6,5.0546875
4pp9,7.37,7.3554688
4eb8,9.82,8.625
4wet,3.35,3.4492188
2qo8,8.47,7.578125
4qls,7.44,7.6445312
2h1h,4.52,4.2109375
2yi7,8.32,8.1875
4i5m,8.06,7.9414062
3vbw,5.22,5.7109375
4duh,5.18,5.3671875
3hfv,4.87,4.71875
4xct,8.17,8.0234375
3k3g,2.85,2.7910156
2fv5,11.7,12.3125
1esz,6.52,5.6054688
4ce3,3.96,3.5175781
4qfn,4.12,4.4882812
4llp,4.8,5.0039062
3qtz,7.3,7.21875
5am6,6.73,6.4921875
1g6s,5.15,5.1445312
1no9,7.62,7.8359375
4uzd,9.22,8.8515625
2j3q,6.15,6.3476562
1o2s,5.47,5.375
2iog,8.1,8.03125
3nik,3.45,3.25
4pci,5.12,5.4335938
4awm,5.72,6.0
3uil,6.0,5.2617188
1uu8,5.05,4.5585938
1v2s,4.17,4.2421875
4c38,7.76,7.046875
3udd,7.1,6.609375
1hy7,5.39,5.5390625
4lh3,1.52,1.2128906
3w2o,5.08,4.9882812
1g7p,7.05,6.4179688
3bcn,7.12,7.1289062
1rth,6.4,6.25
2qoe,7.6,7.8554688
3p4r,2.72,2.359375
1ro7,3.18,3.2109375
1xn3,7.4,6.9921875
4eyj,6.21,6.1914062
3lbl,7.44,7.2460938
4b2d,3.7,3.2402344
3hxd,5.05,4.9648438
3zj6,6.66,6.2929688
3eax,4.92,5.203125
2azc,6.74,5.984375
2avi,15.22,14.125
4ks5,6.89,5.9804688
2q6f,5.44,5.25
4gbd,11.32,10.859375
4kby,6.73,6.78125
3gcv,7.13,7.7226562
4n7y,6.26,5.671875
4og7,6.94,7.4414062
3b8q,9.3,8.9453125
3dga,4.52,4.859375
4wvu,5.71,5.171875
2y1n,4.77,4.703125
3d14,7.66,6.9179688
1o2q,7.68,7.2265625
1if8,9.64,9.15625
4o7e,5.24,5.390625
4ot6,5.92,6.265625
3pj3,5.25,5.4570312
3poz,7.64,7.7382812
1q1y,7.7,7.4375
4f3i,7.44,7.3867188
4mz4,7.89,7.4882812
3cid,8.3,7.7070312
1oqp,7.3,6.46875
1w22,6.76,6.2265625
3mrv,3.74,3.5859375
4ks1,8.82,8.7265625
4nzo,6.77,7.0078125
3wjw,3.87,4.2109375
2uz9,5.71,6.2070312
3g9n,5.74,5.484375
3at3,8.04,7.9804688
4nja,6.22,5.9609375
3a1d,4.12,4.5625
4n9d,7.72,7.4804688
1h2t,7.89,7.5039062
4x3h,4.23,4.0898438
4m5m,4.74,4.9101562
4nb6,7.22,7.6210938
5aag,7.34,6.734375
4ah9,2.46,2.7285156
5axq,10.1,10.859375
4i0d,6.21,5.9765625
3vi2,3.77,3.8183594
4b71,5.89,5.6757812
4rce,8.7,8.578125
3mg8,8.92,9.265625
3t4h,5.28,4.8046875
4dsy,4.43,3.8789062
3uxd,4.41,4.3125
3h9o,7.15,6.8125
4j06,5.34,5.2851562
2doo,7.17,7.328125
2w9r,5.32,5.2929688
4y79,7.96,7.9921875
1f9e,8.7,8.1015625
4a4l,7.82,8.4296875
4i7f,7.0,7.171875
2d41,6.82,6.7421875
5avi,6.06,6.2148438
3h98,8.3,8.2109375
4ido,4.93,5.5234375
4aj1,3.11,2.8730469
4wf4,3.11,3.328125
4rz1,7.4,7.3984375
4ok3,4.15,3.4667969
3zsq,4.96,4.7070312
3zs0,6.7,6.5703125
4zg6,6.33,6.7617188
4jmx,7.21,8.1796875
4o5g,4.3,4.3164062
4w4y,6.46,6.8007812
3moh,2.84,2.609375
8abp,8.0,8.1875
2bet,2.77,2.6386719
2c5o,5.19,5.0273438
2oic,8.4,8.21875
2r3j,8.0,7.5742188
4umj,5.57,5.3945312
2iyf,3.75,3.6035156
4os6,6.44,5.7539062
4mrd,3.37,2.8300781
2gg3,6.24,5.890625
4y6s,5.03,4.59375
4qt0,6.29,6.1953125
4ddy,5.62,5.4179688
3t1n,6.1,6.6601562
3ccw,7.87,7.4765625
4nak,5.85,5.8789062
2qaf,5.36,5.7851562
3drf,7.0,6.046875
2z94,5.85,5.796875
2g94,9.52,8.640625
3qbn,8.23,7.9140625
4x8g,6.0,5.4023438
4flj,5.13,5.1953125
4b12,4.99,4.3632812
3pke,3.6,4.0273438
1guw,5.72,5.96875
4ktc,9.0,8.9375
4e9u,5.82,5.1875
3ti6,9.27,8.7109375
4tw7,7.59,8.1796875
2ypi,4.82,5.234375
4xiq,7.07,6.9726562
4dtk,8.52,7.8984375
4tmf,5.48,4.9101562
4res,7.85,7.9023438
3oyn,7.6,7.4960938
2xde,5.47,5.5820312
2fda,6.3,5.6679688
1bcd,8.7,8.6640625
3l9m,7.3,7.0664062
3eq8,9.06,8.875
2x0y,4.6,4.2421875
3ckb,2.98,2.7011719
4hrc,8.92,9.1328125
4nzb,4.17,4.6484375
4l7u,5.66,5.59375
4j08,6.66,6.6835938
1gah,12.0,11.4375
2f8i,7.26,6.8867188
2las,5.74,6.1445312
4wmv,4.03,3.8457031
2iqg,8.3,7.625
4oz3,4.55,4.484375
1vjc,3.58,3.2695312
1aqj,6.47,6.0273438
3ug2,8.25,7.8046875
2ylq,4.3,4.2382812
4rxd,6.52,6.6132812
1qhc,7.57,7.390625
4cae,7.74,7.3242188
1a3e,8.46,8.0625
3asx,7.7,7.7148438
4ge7,8.15,8.296875
1hge,2.27,2.5859375
1rhj,8.04,8.5
2qv7,3.66,3.6835938
3img,2.96,3.3671875
4li5,6.26,6.9921875
2v59,7.74,7.8085938
1tbz,9.8,10.3671875
2xz5,4.01,4.125
2ptz,7.82,7.9765625
1yp9,5.11,5.2851562
4d2r,5.48,5.3125
3ekq,6.75,7.640625
4uu7,6.08,6.4765625
4mnx,4.75,5.5546875
4afg,8.3,8.59375
3g3m,5.96,6.2773438
1p4r,8.1,7.9804688
2hob,5.72,6.046875
3hik,6.35,6.8476562
5cf6,8.09,8.6796875
2p3a,7.96,8.0
1xpc,8.77,9.2265625
1v0o,5.26,6.0195312
4lh7,4.47,4.5351562
3cyy,4.77,4.2578125
3moe,4.3,4.5195312
3m2u,7.0,6.5273438
3r7n,6.15,5.9726562
1o4o,2.46,2.9394531
3o23,6.3,6.65625
4qp8,6.55,6.5703125
3odk,3.14,3.9394531
2jo9,4.28,4.7226562
3umq,4.62,4.7851562
2ykc,6.11,6.46875
3b82,4.43,4.8945312
1c70,10.3,10.375
3nij,4.89,5.3671875
4hwt,4.3,4.3632812
3hab,8.38,9.3828125
4abd,4.4,4.3945312
3qzq,5.64,5.859375
4jn4,5.86,5.65625
4hup,4.82,5.3710938
2vte,3.91,4.4765625
3kqy,4.82,5.4726562
1ong,8.05,8.1953125
1oko,4.54,5.0507812
4k8a,4.02,3.9785156
4xir,6.94,7.5390625
1o9e,4.18,4.375
1slg,3.9,3.6347656
3lqi,5.16,5.6835938
3abu,5.62,5.7773438
1xgj,6.0,6.3554688
4mm8,6.11,6.1367188
1flm,9.37,8.78125
3lm1,4.7,5.2890625
4fmu,6.44,6.2304688
3el0,7.47,7.6875
5ap1,7.97,8.8359375
3ezr,5.0,5.1640625
1pwq,4.96,5.9375
3elj,5.3,5.5703125
1mqd,6.77,6.8046875
1lek,8.89,9.390625
4qew,7.07,7.5351562
1olx,4.33,4.8984375
1a5v,3.1,3.0488281
2vie,7.48,7.6132812
4rn6,5.1,6.0546875
4pnw,5.05,5.2382812
3wiy,6.21,6.1523438
2p8h,7.15,8.015625
4p02,6.4,6.3867188
2bok,6.55,6.3632812
1qbn,5.85,6.0898438
3kdc,9.28,9.2265625
4xs2,5.82,6.1289062
3dvp,5.0,5.578125
1tt1,8.15,8.1328125
3ipa,6.22,6.0625
4b72,6.2,6.4179688
1b5i,7.05,6.8359375
3f7h,7.09,7.2304688
1au2,7.89,8.5078125
2q8i,3.4,3.9375
1r5h,6.74,6.265625
4k67,3.43,3.7011719
3tfv,7.1,7.46875
3jzb,9.01,9.5078125
4puj,7.46,7.5703125
4oel,7.0,7.8554688
1n7j,6.43,6.8398438
3vtc,7.89,8.6484375
3ska,7.49,7.984375
1d09,7.57,7.5976562
4l0v,6.63,6.3046875
2jk9,6.82,7.0507812
1hvr,9.51,9.5234375
2xmy,9.96,10.1640625
4kab,4.03,3.9824219
4mbc,6.4,6.3671875
1gi4,7.19,6.9648438
4u7v,5.49,5.9335938
4oyp,3.0,2.9765625
3in4,7.52,8.4375
4wj5,6.29,6.0
5byi,7.51,7.6679688
2iit,8.59,8.765625
4qsw,1.68,1.6074219
4d62,2.44,3.0898438
1g36,7.17,7.8398438
3l0k,4.62,4.6835938
1swi,3.1,2.7558594
4j7i,5.06,4.9140625
3wp1,4.85,4.8046875
3lgl,6.05,5.7460938
4gmy,7.55,8.640625
4mra,4.47,4.7773438
4hki,6.85,6.9882812
4jlm,7.64,8.6328125
4rfd,8.05,7.3984375
3atu,8.3,9.53125
3gl6,4.68,5.0273438
3q5h,6.25,5.96875
3tlh,8.82,9.15625
5cqu,6.54,7.0
2avm,5.7,6.265625
3tww,5.38,5.9296875
2xke,5.38,5.3828125
3f15,8.1,8.1328125
2ltw,4.22,4.1210938
4yv2,7.29,7.0742188
2w76,5.0,4.9648438
3te5,4.91,5.2734375
1u9w,8.46,8.59375
3uij,4.7,5.203125
2cni,7.68,7.4921875
1at5,4.19,4.4882812
3bjc,6.96,7.0273438
3uzp,7.89,8.484375
4m5h,4.54,4.4179688
4o76,6.89,6.8828125
3ftu,3.61,3.8515625
5dit,6.15,5.6953125
4at5,7.42,7.546875
4yoj,6.39,6.7539062
4ufj,4.28,5.0234375
4wtu,9.52,10.65625
1py1,4.4,5.046875
5azf,4.44,4.5273438
4mx5,4.55,5.0273438
1n1t,3.85,3.5878906
2pgj,3.59,3.9316406
1zzz,5.14,5.265625
1okx,6.8,6.90625
3rt6,7.15,7.5507812
3fr5,6.35,6.8984375
5alx,5.48,5.8710938
3wkd,3.77,4.1171875
4j8b,4.79,5.3398438
2wxf,6.74,7.375
4b4n,3.44,3.5410156
1zs0,6.15,6.8007812
2c1b,6.4,5.8632812
3lxs,8.1,8.96875
2gnl,7.24,7.1757812
3dz4,6.4,7.2304688
3wnt,6.28,6.25
3uik,4.97,5.3476562
4ezj,8.42,8.8203125
4ac3,3.96,4.3398438
1n4h,6.55,6.9570312
3dbs,7.12,7.8828125
4x11,2.22,2.9648438
2z52,5.57,5.8203125
4bj9,7.35,7.7539062
3eqb,1.82,2.3105469
2qnx,5.62,5.4570312
4x8v,6.89,7.109375
4jg8,8.6,9.109375
2viv,6.28,6.75
1a52,9.86,10.8203125
3vd7,4.48,4.2929688
2w6o,4.22,4.5625
4zom,8.52,8.09375
4f08,6.6,7.3046875
3npc,8.34,9.09375
4ris,6.05,7.1640625
3pix,7.0,7.3320312
4z46,2.82,3.2109375
3hvg,2.7,2.703125
3tsz,4.46,4.734375
3i6o,10.35,10.8359375
1xn0,6.24,6.140625
2avo,8.85,9.453125
4pf5,5.48,4.9453125
2wtd,6.68,6.546875
1lv8,5.46,5.703125
2uw3,4.1,4.171875
1j4k,4.0,4.5195312
3t1m,3.04,3.8203125
3ce0,6.15,6.359375
4qgg,9.0,9.640625
3dpk,8.39,9.5859375
4xyn,5.89,6.2304688
2qp6,6.68,7.265625
3rqg,4.64,5.234375
2ohq,4.6,4.8828125
3b3c,3.98,4.1054688
4i6f,8.3,8.4921875
1nf8,7.82,8.8359375
4q0l,7.7,7.2851562
2vcb,5.26,5.4960938
4kba,8.22,8.8203125
2qve,2.32,2.6542969
3q4k,7.05,6.7304688
3eft,7.92,8.46875
1yrs,6.35,6.2890625
3zln,8.47,8.7109375
2aoe,7.62,6.546875
4odf,10.0,9.2109375
7gpb,5.52,5.6328125
4yo8,10.52,10.1484375
4gpk,7.52,7.5390625
4pax,6.4,6.328125
3ies,9.92,9.8359375
4abb,4.51,5.3164062
3at1,3.18,3.5566406
4yl0,8.22,8.609375
3h26,4.49,4.5390625
2uy0,6.92,7.7421875
2yhy,5.6,6.3867188
5alv,4.36,4.6992188
3zrm,6.89,7.7109375
3k39,8.08,7.8984375
4ayx,3.7,3.546875
5edq,8.7,8.0625
4l0l,7.27,7.2109375
1zfq,7.52,7.5820312
2oi3,6.64,6.65625
2ow9,7.52,8.5625
4wj7,4.89,5.3515625
4gb9,6.27,6.3632812
5ddd,6.59,6.5390625
1gi1,5.47,5.6914062
2cma,6.73,7.3164062
5d1r,4.84,4.921875
3zvv,3.04,3.546875
4ph4,7.74,8.3828125
4eol,6.05,6.796875
1oss,4.79,4.828125
3u4o,7.28,7.8554688
1xud,8.1,7.9804688
1qx1,2.12,2.6113281
4l7j,3.7,4.015625
2vc7,3.36,3.4277344
4drn,5.24,5.2460938
4igr,7.2,6.9804688
4ztn,7.72,7.7851562
2y3p,5.89,6.1679688
4uv8,6.47,5.4648438
1f0s,7.74,7.4648438
2q2c,6.38,6.2304688
1bqo,7.74,7.6445312
1o4k,2.92,2.7363281
5d7e,3.82,4.0429688
2gfa,4.98,4.5195312
3r0i,6.92,6.5039062
4zxy,6.4,6.4960938
2c6e,9.1,8.890625
2ph8,5.74,5.0820312
4ks2,9.34,9.4375
3dhv,2.96,3.0429688
2az5,5.27,5.0234375
4l32,6.84,7.1054688
3mea,6.3,6.0898438
4o10,7.11,6.546875
1k2v,4.44,5.1601562
3s7l,7.1,7.1875
4z9l,8.8,8.84375
2brn,5.26,5.8828125
3st6,3.62,3.2128906
3m3x,6.82,6.9492188
3srg,5.7,5.8554688
3m67,6.74,6.703125
2f1a,3.14,3.4296875
2qtu,9.28,9.5078125
2dxs,7.34,7.4804688
2uyq,5.68,4.390625
3e63,5.8,5.7539062
1wdr,2.52,2.4023438
3jwr,8.07,8.046875
4cnh,8.4,8.3046875
4q46,3.77,3.9042969
4g1f,7.77,7.7226562
4dpi,7.11,7.4414062
2i0v,6.8,6.6796875
3p7b,7.74,7.9453125
4hpy,9.92,9.6953125
4uxq,7.8,6.9375
4rcd,9.15,8.96875
2fvc,7.49,7.515625
4j2t,7.96,8.0546875
1yly,7.82,8.0703125
2nno,6.4,6.46875
4n8d,4.92,4.75
3mo2,6.61,6.8554688
4h2j,5.32,4.84375
2mps,5.41,5.6171875
2x6j,7.44,7.2265625
3cgy,3.15,2.6308594
3w2p,5.09,4.390625
4ny3,4.31,4.1015625
2xuz,7.4,7.9140625
4x7k,8.4,8.140625
4kn2,7.27,7.5820312
4xxh,5.0,5.0429688
2cne,8.77,8.9765625
5amd,8.55,7.9609375
2h02,6.49,5.7929688
4pkt,4.83,4.6875
4zpg,7.26,7.0273438
2gst,6.07,6.1484375
1wu1,7.74,7.28125
3qkl,8.05,7.796875
2vk2,6.89,6.78125
2z7g,8.95,9.0859375
4x8p,5.48,5.03125
3np9,4.4,4.7734375
4bb4,6.72,6.640625
1m5d,5.04,4.5859375
3sh1,7.39,7.1875
3c3r,4.39,4.8320312
4qr5,7.22,6.8007812
4aig,6.52,6.1132812
1r6g,9.21,8.953125
2xas,5.89,5.2773438
3lir,6.92,7.2148438
2iw6,6.85,6.4882812
1vjd,3.54,3.1464844
3ri1,5.3,5.1132812
2rd6,8.3,8.1796875
2ph6,7.57,7.5078125
4lc7,4.93,4.90625
2m3o,5.3,5.6171875
2w7y,6.08,5.8867188
4nhy,5.64,5.4921875
5ale,5.95,6.15625
2bfq,6.89,7.2890625
2wi6,6.64,6.75
1zoe,7.4,7.25
2auz,9.46,10.03125
1fe3,7.33,7.484375
2bba,7.15,8.25
3wcl,6.59,6.5390625
3qaq,7.0,6.4960938
1gnn,5.68,5.5742188
1cj1,8.8,9.046875
4oue,3.3,3.3125
4bi1,4.16,4.4492188
1o4p,2.6,2.8164062
3aqt,6.72,6.8359375
3vvy,4.84,4.6757812
4c5d,5.4,5.2421875
1g52,9.54,8.78125
2qd7,9.1,8.921875
2ie4,10.0,9.6015625
2vwu,6.46,6.9570312
4fjz,6.29,5.7617188
3kec,7.24,6.7734375
2aod,5.66,5.3359375
3btl,5.96,6.1679688
3gbe,5.0,4.8867188
3bx5,8.46,7.7929688
1ujk,6.57,7.6796875
3bym,8.22,7.453125
2xg5,4.66,4.8007812
2veu,7.0,7.3984375
3fue,2.82,3.0585938
2vzr,4.28,4.3632812
1yid,5.0,4.9414062
1qwe,5.92,6.2851562
4qr4,6.6,6.2070312
3nf3,6.2,6.5742188
4j3u,6.34,6.6523438
2mji,4.25,4.375
1a0q,7.57,7.4257812
4q6f,5.6,6.1132812
2jst,2.59,2.6972656
1d6s,4.11,3.9765625
4omj,5.26,5.21875
2ohk,2.7,2.2695312
4euv,6.3,6.0703125
2v0n,6.3,5.8671875
4mw2,6.7,7.0234375
3rtp,8.15,7.6171875
3ole,7.83,7.7304688
1o3c,7.13,7.1992188
3zmm,9.14,9.296875
3su6,6.02,5.7890625
1t3t,4.96,5.4648438
3n5h,5.7,6.1796875
5c5t,3.13,3.3222656
4ppb,10.0,10.171875
4u4x,5.01,5.3125
3hiw,8.06,7.9179688
1yvf,7.0,7.1054688
4ncm,7.0,7.703125
4u2y,3.99,3.8046875
1u3s,8.85,8.8359375
4i7p,3.5,3.78125
3wdd,6.11,6.4804688
2xml,3.3,3.3242188
4as9,4.79,5.0585938
3q72,5.8,5.6835938
3pcu,5.29,5.46875
1hih,8.05,8.3671875
3kjf,4.87,4.9375
5al3,4.96,4.2695312
2igx,7.27,8.015625
5c13,6.1,5.7226562
3uat,6.66,6.5507812
2yex,10.0,9.59375
5cep,6.84,6.8320312
3lqj,5.37,6.2460938
3ads,5.01,5.0117188
2v3d,3.94,3.9980469
2g0h,7.64,7.46875
1ikx,8.15,7.4960938
4mp2,5.45,5.8125
1ocn,6.39,6.390625
2zyb,7.7,7.8203125
3tfp,6.47,6.2460938
2xx2,7.3,7.2929688
1oiu,6.68,6.6953125
1f8b,5.4,5.0429688
4frk,8.1,7.9804688
3qpn,7.77,8.28125
2op9,5.66,5.1367188
1ymx,4.85,4.953125
3ksq,9.42,8.9609375
1gi8,5.05,5.3242188
4op1,6.89,6.671875
3pm1,5.93,6.3554688
3k98,9.0,9.1484375
1q6p,8.52,8.3984375
4bhi,7.05,7.1757812
4e4n,9.05,9.140625
1ql9,5.35,5.1171875
1wss,7.77,7.6679688
3che,5.29,5.2695312
3cs8,5.77,6.28125
3rl8,5.98,5.5195312
1cx9,6.75,6.9648438
3kfc,8.55,8.265625
4aw5,6.12,6.125
1ado,6.0,5.671875
5ais,6.24,6.6796875
2p2h,7.17,7.1953125
2won,6.2,5.7695312
1nms,6.7,6.6953125
3n23,8.52,8.3984375
2gnh,6.83,7.4101562
2ggu,3.03,2.6542969
3wuu,5.14,5.2109375
2rox,4.98,4.6289062
3uqr,7.24,6.8320312
3r8i,5.35,5.4570312
4foc,8.52,8.0625
4x0z,3.15,2.9785156
3i7g,6.37,6.3867188
4qtc,6.4,6.5
2lto,3.11,3.6816406
2koh,5.22,4.9414062
1lzo,4.54,4.7265625
2w1i,8.92,9.5546875
4der,6.31,6.2460938
4d85,6.85,7.0976562
3f2a,7.24,7.03125
1y6a,7.66,7.6289062
4bgm,6.21,6.7851562
1j5i,3.64,3.4160156
4blb,5.35,5.5546875
4cik,6.43,6.109375
4xy8,6.4,6.3164062
3qti,7.85,8.3828125
2w5g,6.07,6.140625
2uup,3.98,3.96875
2o65,6.19,6.3671875
4dfn,7.7,7.2226562
4rrn,7.32,7.6015625
1y2g,4.08,3.7558594
2nnk,8.37,8.5234375
2vo4,4.94,4.734375
1yc4,6.55,6.3242188
4kod,5.36,5.0703125
2v11,8.52,8.671875
1zsr,9.82,10.015625
1w1t,2.96,2.8378906
4cga,6.4,6.1875
4avg,7.22,7.09375
1sqc,6.85,7.03125
3h5b,10.0,9.6484375
4efu,6.6,6.6132812
3rcj,6.1,5.9140625
3nnw,8.05,7.6289062
2i0j,8.57,8.46875
1di9,5.3,5.4375
1x8t,7.8,7.9726562
5aiv,6.19,5.65625
2ow3,8.52,8.7421875
1njc,5.55,5.3320312
3rl3,7.17,6.6601562
1w84,4.46,4.7890625
3krr,9.32,8.5234375
2j9l,4.0,4.5585938
4j4o,6.9,6.859375
4hld,9.3,10.015625
1erq,7.89,7.2929688
5aoi,3.03,2.8632812
4hbn,6.1,5.453125
5ajw,6.98,6.8203125
2qhz,7.28,6.8203125
3qs1,7.96,7.65625
2f9u,7.39,8.0625
4fc0,7.16,7.8007812
2jnp,6.89,6.8242188
4ohk,8.3,7.2109375
3bxg,4.96,4.1875
2pre,6.65,5.65625
1f0r,7.66,7.1601562
3ogq,7.52,8.84375
3oe6,8.09,7.5859375
4i6h,8.3,7.7929688
5cxh,8.3,7.8789062
4yt6,7.96,8.515625
1nju,7.3,7.3320312
3kek,8.36,8.53125
4bbg,8.32,8.3984375
1ew9,3.22,3.2167969
2a5b,3.93,3.9863281
4xtz,9.82,9.25
3daz,7.93,7.8710938
2uy4,4.68,4.5703125
3i3b,2.23,2.4960938
4kv9,3.84,3.9160156
4avu,7.85,7.4101562
1k1m,7.4,6.953125
4jn2,11.68,11.4375
4nj3,6.52,6.1015625
3feg,4.35,4.6640625
4mm6,6.69,6.2539062
2l1r,3.57,3.5839844
2vw2,3.3,3.4003906
4ryd,11.26,10.3984375
4l1u,5.26,5.3671875
3l13,7.82,7.4023438
4ptg,8.23,8.6015625
3wcg,6.85,6.3554688
4ibb,3.57,3.6523438
1npv,8.24,7.9570312
2gg9,5.46,5.59375
4fkk,9.3,9.09375
1b52,7.12,7.5664062
5ea4,8.11,7.8203125
9icd,3.9,4.234375
2fes,9.01,8.625
2mip,8.46,7.8476562
4l7g,4.0,3.90625
4u2w,6.0,5.6367188
1zom,7.52,7.1875
2vwn,8.0,8.0
4n1b,5.96,5.9101562
4e7r,7.7,7.1992188
1fzq,7.62,7.3359375
3dgn,6.21,6.4570312
2xu3,6.8,6.59375
4zg9,7.59,7.7929688
3d25,7.66,7.9335938
2e2p,4.74,4.8867188
3l7a,4.33,4.0546875
2fx6,3.7,3.6210938
2vj6,7.89,7.7226562
4o7d,3.0,3.046875
1b3g,6.7,6.71875
1j4p,4.99,4.9023438
4au7,4.76,4.5507812
4xhv,4.3,3.953125
4k3r,3.59,3.8105469
5bs4,11.0,10.9765625
4e1m,7.26,6.4375
3nsq,5.21,5.3476562
2izx,9.4,8.8515625
4ehv,2.29,2.59375
1q9d,4.6,5.0546875
3fkt,5.55,5.609375
2ff1,8.21,7.2070312
4mo4,4.22,4.3203125
3r0t,9.04,8.4296875
2hah,8.0,8.390625
4qp6,3.46,3.8417969
5aen,7.22,6.875
1jiz,8.7,7.953125
3h2c,3.3,3.5488281
2krd,2.7,2.2382812
3lxk,9.8,9.453125
1xbc,7.92,7.3554688
2yir,9.77,8.7421875
4mr3,5.94,5.53125
2r64,7.52,7.359375
1gai,8.0,8.7890625
3lp7,5.44,5.3828125
3qw8,5.1,5.3828125
5d7r,7.89,7.4414062
3gt9,3.96,4.1328125
3mpm,7.52,7.8632812
4j0s,6.42,5.9375
1hkj,8.59,7.3359375
4gii,8.74,8.2578125
1fj4,4.59,4.1757812
1kna,5.15,5.09375
4i7c,8.22,8.2578125
1n51,4.85,5.4609375
2of4,7.09,6.7578125
4exz,7.54,7.6210938
3rth,5.21,5.2929688
4dpf,6.4,5.984375
4qvn,5.1,4.8984375
4da5,6.44,6.1289062
4ndu,2.74,2.5859375
2uw0,7.7,7.0898438
1e00,6.1,5.28125
2rnx,3.4,3.3789062
4zba,5.51,4.671875
1oir,7.49,7.5507812
4b85,4.06,4.0078125
2ycm,3.56,3.1855469
3qs5,4.71,4.4335938
2wj2,8.33,8.078125
1wbo,3.0,3.4746094
3f3w,7.47,7.0742188
3prz,7.59,8.0625
4nni,5.5,4.859375
4n70,12.0,11.125
2qlm,5.64,4.7734375
4o1b,6.41,6.2265625
4g0c,7.92,7.9101562
4unq,6.62,6.8320312
5a0e,6.53,6.6679688
1s5z,3.21,3.3789062
4zro,6.16,6.140625
4oef,4.76,4.7460938
3oxi,5.66,5.4101562
3hdn,7.2,6.7734375
1yys,6.33,6.453125
1zpa,8.4,9.0859375
3v5t,8.22,8.1953125
3fat,7.64,7.71875
1pz5,5.4,5.4570312
3pjc,7.57,7.1484375
1ox9,5.21,5.2382812
3koo,7.82,7.7148438
4k3h,6.85,6.4140625
3t6j,6.36,5.96875
4x9r,7.82,7.3671875
2iku,7.1,7.1289062
2a5c,4.62,3.9628906
4l4l,8.3,7.6289062
1u3q,8.46,7.9492188
2nnp,8.37,8.6015625
4hej,4.62,5.203125
1qja,6.38,6.75
3rkz,7.08,6.40625
4pry,7.7,7.546875
1r78,8.52,8.25
2wly,6.6,6.21875
3ho9,6.1,6.0546875
3v66,8.89,8.7578125
3hnz,7.72,6.9179688
1d1p,3.6,4.046875
2f9b,6.52,5.859375
4pp5,7.74,7.2148438
1bgo,8.46,9.015625
3mhl,7.25,6.984375
3ooz,7.85,7.7382812
2pv3,5.25,4.8242188
3gww,0.45,0.046173096
4i33,8.33,8.390625
2ha6,4.32,3.7207031
4ikn,4.85,5.0273438
4lkd,5.35,4.8476562
3wqw,5.23,4.265625
2peh,5.96,5.8398438
4w4z,7.52,7.3242188
4knb,7.33,6.9375
2gkl,5.35,4.6210938
1fpy,6.0,7.0976562
3dhk,7.33,6.5273438
1gvk,3.05,2.6171875
4gj8,3.3,3.5664062
3iny,3.66,3.6152344
3t3g,5.49,5.0117188
3fgc,3.92,4.1484375
4awp,7.09,7.2265625
1il3,2.55,3.1621094
4fzc,8.4,8.4375
3ske,7.77,7.3242188
4mhz,6.87,7.171875
4gql,9.59,9.5546875
4el0,4.49,4.7265625
3iub,4.54,4.328125
4z7f,7.53,6.6640625
3upi,8.22,8.3359375
2wig,3.43,3.296875
2v95,8.3,7.5039062
2zx9,10.27,9.7578125
7prc,5.21,4.5703125
3qi2,7.35,8.03125
4acm,6.68,6.5507812
4euc,6.1,5.5078125
3s3n,7.06,6.6875
4k9g,5.82,5.765625
1ypj,7.02,6.4140625
5ap0,8.26,8.1328125
1acj,8.09,8.078125
2zof,8.15,7.7226562
2hrp,8.3,8.3984375
1hgj,1.66,1.3291016
4jrg,6.71,6.90625
3h2f,4.06,4.078125
4knj,7.95,7.5859375
4lp9,6.21,6.0195312
1ppx,7.28,6.9609375
2c2l,5.55,5.484375
3lfn,5.5,5.5
1u9e,8.24,8.140625
2qzx,8.22,7.9257812
2jnw,6.11,5.5625
1ljt,5.15,5.359375
2ban,9.0,8.6953125
3d3p,8.5,8.421875
4rqk,5.82,5.2460938
2k00,4.62,4.3828125
1mkd,6.8,6.7265625
3lj7,8.34,7.7265625
4k2y,3.33,2.7363281
4oys,8.82,9.3828125
1nhw,4.84,4.0234375
1syo,9.0,10.0859375
2ycf,10.52,9.5
1if7,10.52,10.078125
1ggd,5.8,5.15625
2oqv,8.4,7.96875
1ll4,7.22,7.1757812
1h25,5.74,6.125
4nh9,6.43,6.2578125
1pye,6.41,5.53125
4wup,9.82,9.4375
4m3g,6.26,6.4648438
4jvq,6.2,5.8828125
4dcs,5.1,4.7929688
2zm3,6.21,6.484375
1vru,7.0,6.7109375
4luv,2.85,2.6230469
4ivt,6.0,5.96875
1axs,7.77,7.4960938
2jld,10.4,10.390625
1oai,5.0,4.4296875
4bgh,8.4,7.8789062
1la3,4.0,3.953125
3sv9,5.0,5.4414062
3udm,4.48,3.8828125
4m5j,4.84,4.84375
1o3e,7.96,7.1289062
4oba,9.4,8.875
1j15,3.84,3.953125
2chm,8.26,8.3203125
3cf8,4.9,4.71875
4cu1,4.71,4.546875
1ct8,6.52,6.1523438
2yim,3.92,4.3515625
4zup,6.77,6.296875
3r8u,5.3,5.3203125
3q96,8.54,7.8789062
4hyf,7.6,7.671875
2dw7,4.7,4.4453125
2r7g,6.05,6.2617188
4kn7,7.62,7.0507812
1a28,8.29,8.125
1bp0,5.4,5.5234375
4g90,4.51,4.1523438
3zeb,6.13,5.8945312
1gfz,4.0,3.8300781
1n46,10.52,8.875
1mau,11.3,10.0078125
3c8a,6.18,6.6484375
2hog,9.52,9.484375
1o37,6.82,6.59375
2zc9,6.74,6.7304688
3l9l,6.78,6.515625
3as2,3.44,3.5839844
2z4b,9.36,9.09375
2f81,10.52,10.4453125
4zz2,8.04,7.9921875
4pqn,9.15,8.4765625
3b8r,9.22,8.8125
3q32,8.74,8.25
2ito,6.91,6.640625
3hiv,8.12,7.015625
1ax2,3.99,4.1484375
1pzj,3.49,3.3945312
1nhv,5.66,5.7109375
4ppc,9.03,7.90625
3v5j,7.96,7.6054688
4dhr,4.57,4.1992188
2etr,6.82,5.8671875
5csz,7.77,7.28125
3r4o,8.15,7.8945312
1cil,9.43,8.5390625
2pze,6.08,5.2890625
4gj6,5.12,5.3828125
4hp0,6.12,5.8554688
3tei,6.3,6.2617188
2zx8,9.64,8.7109375
1a1c,6.4,6.015625
3e6y,5.6,5.0976562
3zk6,6.34,5.71875
4xu0,9.11,8.4765625
4ps0,4.04,3.8808594
2xto,6.2,6.265625
2e7l,7.54,6.7304688
4km0,6.04,5.6914062
1jm4,5.0,4.703125
2p3c,7.62,7.7265625
4b00,8.61,8.0390625
2l12,4.26,4.1953125
2evo,7.17,6.71875
3vyf,8.8,8.34375
1akv,11.59,11.1171875
3sx9,8.89,9.0703125
1qwu,3.22,3.09375
1kmv,6.95,6.2929688
2ll7,8.8,8.2421875
4qbb,7.52,7.4609375
1mzs,5.15,5.15625
4nwm,8.1,7.1679688
3w2r,7.72,7.1835938
1bjr,7.68,7.1796875
1owk,7.63,6.6484375
3ken,5.4,5.4609375
2fdp,7.59,8.1640625
4awj,2.0,2.3574219
4nyt,2.39,2.7441406
5ap3,7.03,6.7617188
4ksp,8.8,8.5390625
1ai4,2.5,2.2910156
4rcg,5.03,4.5
2yjq,5.28,5.3203125
4de7,4.8,4.9960938
1uyg,4.27,4.265625
4jc1,4.3,4.2382812
1xon,10.68,9.734375
1l7x,4.04,3.8046875
3h0w,6.22,6.5976562
2zns,6.54,6.1523438
2wi5,6.05,5.7929688
1gjc,6.35,6.1445312
3cx9,4.89,5.0898438
1mrs,3.96,3.4804688
4b1c,7.1,6.5429688
4qh8,4.89,5.2460938
188l,3.33,2.8984375
2hds,2.0,2.0488281
4ucu,3.35,3.4355469
2flb,5.74,5.203125
4wef,2.59,2.5488281
2gg5,6.6,6.8320312
4e3m,9.7,8.75
1ysi,7.44,6.625
3pn4,6.85,6.8203125
2ynr,5.77,5.3789062
3ans,6.25,5.515625
1qhr,6.89,6.4414062
3mbz,5.8,5.6171875
3pe2,9.76,8.3125
1pi4,7.43,6.8320312
1lt6,3.3,3.0605469
4ef4,5.35,5.1796875
1lgw,4.0,3.5039062
4c68,6.17,6.09375
1qf5,7.37,6.9453125
4ca5,9.39,7.890625
3u5l,6.19,5.0507812
1vsn,9.7,9.2265625
4qag,5.32,5.7460938
2yhw,5.6,5.5117188
3l4x,6.89,7.3046875
4nbn,4.36,4.5390625
2x2l,5.28,5.390625
4p5e,5.55,5.6171875
2kaw,4.97,4.9101562
3zmj,4.93,4.453125
4ojq,3.3,3.8300781
2eh8,7.96,9.140625
2wou,7.14,7.2695312
2zg1,2.1,2.3027344
2reg,5.64,5.671875
2vx0,6.24,6.1328125
3qsb,5.08,5.1289062
2xni,7.37,7.6796875
1a4q,5.44,6.28125
1e37,3.7,3.6132812
2vnm,8.52,7.6757812
3zc6,9.22,9.28125
4y94,6.62,6.3984375
5ahu,6.78,6.7617188
2vcg,5.77,5.7265625
4ark,7.2,7.9570312
1jwt,7.85,7.8945312
1ai7,4.09,4.4453125
3l7c,2.44,2.703125
4jgv,6.57,6.125
3dnd,4.8,5.0
3pd4,4.48,4.703125
3avh,3.3,3.1796875
1d3d,9.09,9.2578125
4gao,5.74,5.5703125
4qij,5.54,6.1992188
3vap,8.4,9.625
3o88,6.37,6.4375
1hgt,6.82,7.2617188
1jp5,9.22,9.1953125
3qqk,4.82,4.9492188
2ha2,4.66,4.5507812
3tzm,7.77,8.171875
3vrw,9.39,9.2109375
1toi,4.05,3.8398438
2jq9,4.48,4.5820312
4u0i,8.22,7.96875
3p9h,5.06,5.0390625
4cpy,6.31,6.8789062
3vf3,5.86,5.71875
4ya8,6.1,6.390625
1dzm,5.41,5.5195312
3zm5,6.74,6.140625
4j3e,7.06,7.359375
2jdt,6.77,6.7226562
1xh6,7.32,7.0703125
1x7q,6.73,6.984375
2rok,4.35,4.5273438
3msk,4.59,4.5585938
3zo1,6.0,6.0234375
4uy1,4.7,4.2929688
2ypo,4.68,3.8339844
1ugx,5.91,6.6367188
1j81,7.1,7.3242188
1m7i,5.4,5.3984375
3k8q,11.28,11.8125
3uvl,5.69,6.09375
4dkp,5.72,6.3007812
3mkn,4.12,4.1015625
2j6m,7.96,8.125
4e34,6.01,5.9492188
2f1g,7.54,7.3515625
4emv,8.3,8.4375
3dv1,6.23,6.5039062
3ipu,7.32,7.5234375
1o8b,2.68,2.8378906
2aov,7.04,6.8398438
4iut,5.72,5.3828125
3nuy,3.46,3.6660156
1adl,5.36,5.890625
1g9b,5.3,5.96875
1juf,5.85,4.8671875
2vvc,8.52,8.171875
2ot1,4.0,4.0429688
4q6r,6.68,6.3554688
2vd0,4.94,5.0195312
4cg9,6.21,6.9179688
4pd5,2.86,3.0917969
4jai,8.4,7.9921875
3kqt,5.34,5.453125
4yih,4.66,5.2695312
1j01,6.47,7.046875
2vwy,7.05,6.8515625
3pp0,7.96,8.1015625
3diw,6.72,6.2382812
4rio,9.0,9.171875
5d12,7.37,8.3671875
4ool,6.85,7.140625
5ak2,8.41,8.765625
2qf6,6.49,6.9882812
3dkg,5.0,5.2148438
1db4,7.24,7.0078125
5bvf,9.72,10.4375
3dcq,5.23,5.4726562
1owd,8.2,8.53125
1ezf,7.25,8.09375
3hy5,7.7,7.609375
1uvu,5.0,5.2382812
4jt9,8.14,8.296875
3suv,4.55,5.0
3k1j,6.4,5.9296875
2hk5,7.34,8.1875
4y2p,2.66,2.4316406
1osg,7.52,7.9101562
4hlg,6.51,6.5703125
3rtx,3.86,4.2148438
3u8m,8.89,8.78125
4w7t,6.05,6.3867188
2q7y,4.3,4.5742188
4i6q,7.52,7.5546875
3wc7,8.26,8.28125
1ugy,3.72,3.3085938
4b7j,7.95,7.9804688
2z50,4.95,5.6484375
4tkg,6.85,6.9492188
3e16,5.24,5.4726562
1i7z,6.4,6.3945312
1juq,4.25,4.9882812
4uof,4.84,5.0078125
1oyq,6.96,7.0625
4pzw,6.96,7.3828125
3rum,5.77,5.8867188
3zsw,2.7,2.8847656
1rsi,4.42,5.0507812
2xxx,6.41,7.1523438
2cbj,8.27,8.390625
3ii5,7.62,8.140625
2v88,4.09,4.5039062
4u7t,5.67,6.078125
1qan,4.48,4.9023438
1yye,8.57,8.90625
1h26,5.54,6.2226562
5afv,5.59,5.8476562
3qtw,6.19,6.3710938
5ddf,6.17,6.734375
2rkm,3.9,4.3515625
4u73,5.18,5.640625
4eoy,6.49,7.0625
4prp,5.66,6.0195312
3bgb,6.05,7.046875
1rdj,1.66,2.3808594
4qo4,8.3,8.3125
3zvw,3.9,3.7246094
1y2b,4.09,4.4023438
2qrk,4.26,4.9101562
2v2v,4.07,4.515625
2c1q,13.0,13.203125
2y2i,4.59,5.4609375
4nld,7.7,7.7460938
3eb1,4.79,5.2148438
3g1v,3.19,3.4589844
1ux7,3.0,3.8691406
1j14,4.49,4.3867188
3oz1,8.7,8.3515625
4idz,4.36,4.9804688
1fbm,6.22,6.3085938
2vl1,1.35,2.6914062
5d1t,5.77,5.6015625
3uxk,4.93,5.765625
5fjx,4.96,5.9101562
2ay2,1.88,2.6132812
3ipx,6.92,7.4296875
2kzu,4.22,4.2070312
4tu4,3.76,3.9355469
2wf3,7.72,8.3125
4g8y,4.59,5.1328125
2a0t,4.82,4.078125
4jbs,7.96,8.2578125
3kdm,7.0,7.2460938
4cpu,7.53,7.90625
4kii,6.23,6.7304688
3ti5,8.95,10.5
4ok6,4.85,6.0664062
1sje,8.22,8.9140625
1n9a,8.66,8.4609375
1pmx,5.14,5.9179688
3zjc,5.05,5.125
5bvn,8.82,8.78125
1o2w,5.85,5.78125
3fzs,5.82,5.765625
1ylv,2.7,3.3378906
3gc7,9.22,9.140625
3th8,6.25,6.390625
3zm9,7.42,8.484375
2l7u,3.98,4.6757812
4whl,6.4,6.984375
2lgf,5.57,6.4492188
3sxf,8.6,8.5
3ig1,6.14,6.34375
1mui,11.89,11.453125
1gt1,6.0,6.5703125
3rv6,4.68,5.1445312
3dda,3.88,4.4375
4x2l,4.44,4.5351562
1ghz,4.8,4.9609375
2zq0,6.82,7.890625
3gx0,3.48,3.953125
4jsr,8.4,8.640625
3jwq,7.6,8.1640625
3gfw,7.57,7.4101562
1qku,9.59,10.1796875
1wtg,7.03,7.375
3eio,6.65,7.0195312
4uv9,6.01,5.3828125
4a9r,7.8,7.8125
1wok,7.48,7.1679688
2aj8,6.2,7.609375
4hmk,6.1,6.4492188
1npa,8.7,9.3984375
3tjc,7.51,8.21875
1hxb,9.92,10.2734375
1gx8,6.37,7.0585938
1p7m,4.38,4.4960938
4mw7,5.0,5.84375
4hwr,6.74,6.9765625
2qu2,5.43,5.984375
4mg6,5.62,5.59375
3twr,5.19,6.0
2nn7,6.52,6.7773438
4bgg,7.82,8.265625
1hiv,9.0,9.6171875
1ikw,8.6,7.6835938
1n3w,6.96,7.109375
3rti,7.37,7.5195312
2woa,5.94,6.3164062
3sv8,7.91,8.4765625
2w47,4.98,5.0429688
3q3k,8.13,8.1015625
2l98,3.61,4.1796875
3uf9,2.11,2.0859375
3ws9,7.04,6.8320312
1o36,5.96,6.4804688
4a7j,7.0,6.3828125
1ft4,6.57,6.2695312
4wyo,6.95,7.5664062
3wyj,6.44,6.671875
4hxs,5.39,5.421875
2f5t,5.17,5.25
3avm,3.3,3.7558594
2e98,6.23,6.2460938
4yym,3.62,3.828125
3h9f,7.92,8.046875
1re1,5.21,5.71875
4hkk,5.54,6.2578125
4n7g,5.66,5.4492188
5aix,7.92,8.3359375
4c1y,3.6,3.9082031
5f2k,6.16,5.9453125
4ewo,7.36,7.5585938
3liw,7.6,7.8046875
4zzd,6.6,6.7851562
3k00,5.77,6.1484375
4ucd,4.0,3.7128906
2wtj,6.15,6.4257812
4iic,4.85,5.3710938
4lqy,3.89,3.9648438
4w57,4.85,4.4179688
3gwx,5.4,6.3203125
4fs3,7.85,8.5078125
4k64,3.0,2.8183594
4ez5,6.52,6.96875
3uw5,7.85,7.5625
2va5,4.07,3.9472656
1ets,8.22,8.4609375
3fhb,5.7,5.6640625
2b17,6.21,5.6796875
4bqs,4.21,4.59375
1tnh,3.37,3.2128906
4u90,6.54,6.6289062
3h0z,8.37,7.53125
1kzk,10.39,11.2578125
4idn,5.24,5.2148438
3doz,5.7,5.6679688
4ly1,7.26,7.2539062
3iaw,5.8,6.03125
3atk,2.85,3.296875
3t0l,4.52,4.40625
4hcv,6.4,6.5820312
1lyb,11.42,13.7265625
1tsi,3.48,4.3125
4ikt,6.17,5.7578125
4fbx,7.66,7.421875
4d1b,4.44,4.7070312
4fxy,7.54,7.8164062
1yuc,6.91,7.0273438
2xkf,6.06,6.71875
2wo8,6.28,7.1171875
4z1q,7.82,7.65625
2i4z,5.7,5.65625
4k0o,3.0,2.8144531
2v5a,6.82,6.5546875
1oau,7.7,7.84375
4j0r,6.41,6.375
4yoi,6.48,6.3984375
4u70,5.02,5.4804688
2p4s,9.51,9.890625
1l5s,3.26,3.6015625
3zzh,3.36,3.3808594
2gnj,5.22,5.828125
3pn1,6.96,7.1992188
4er4,6.8,6.8164062
4ra5,8.4,7.9921875
4lbl,4.96,4.8945312
2p1c,7.68,7.4140625
4yyl,5.01,4.8046875
1f2o,1.91,2.1757812
3u18,6.09,5.6523438
2gfk,4.52,5.1601562
2m41,5.1,5.3203125
2vww,6.62,6.4882812
1axz,3.2,3.3476562
1lqe,5.82,5.9570312
4dk5,8.4,8.28125
2x38,6.89,6.390625
4eeh,4.35,4.7226562
4ft2,5.64,5.6914062
4q4e,6.72,6.5117188
4ahs,2.19,1.8955078
3hqw,7.46,7.8242188
4rrq,5.47,5.9414062
3aas,4.51,4.6445312
5egm,8.62,8.5
1gz9,3.51,3.5410156
1syh,6.41,6.7539062
3d7g,7.77,7.3828125
3o1e,5.74,5.53125
4xdo,4.08,4.453125
4i32,7.24,7.2148438
3jyj,5.74,5.2304688
4ef6,2.92,3.21875
1z3j,8.0,8.578125
1r5n,5.42,5.9140625
4tww,4.2,4.4296875
3hu2,7.22,7.5117188
4z1e,8.24,8.09375
1v2v,3.37,3.7871094
2w10,6.77,7.1132812
2ojj,8.7,8.7890625
1i5d,8.0,8.7578125
4eh6,2.46,2.9082031
2lbv,7.59,7.6484375
2kvm,3.96,3.4355469
3i06,9.7,9.6484375
2y2j,4.8,5.046875
2i1m,7.62,7.9179688
4yp8,7.89,8.25
1a86,4.0,4.25
3wtn,7.04,7.0507812
4bvb,4.48,4.6992188
4lmn,10.3,10.3125
1b5g,8.0,7.2734375
4hbw,5.32,5.9570312
2kup,6.7,6.4765625
3pce,2.0,2.2148438
1yhs,8.0,8.2265625
1oth,7.0,6.7734375
4lch,10.62,10.3828125
2b1i,6.82,7.2695312
3po1,4.02,4.4257812
3v5l,8.15,8.4921875
4mro,7.06,7.2578125
4tz2,3.46,3.9902344
4oyk,6.74,6.3125
3r22,7.77,7.96875
4kqq,3.9,4.2929688
1sj0,9.1,8.96875
4udb,9.15,8.765625
2wti,7.04,6.9335938
1h8l,7.47,7.1835938
2e99,6.16,6.4453125
2xdw,8.37,9.2734375
1ryf,8.8,8.671875
2wb5,9.13,9.5703125
2ql9,9.03,8.8203125
2h9t,4.7,5.078125
2c02,4.04,3.8320312
1q6j,7.8,7.8320312
4w5j,7.24,7.2421875
4amw,1.55,1.7587891
4mzh,7.18,7.375
1a08,5.62,5.4023438
4ufi,6.2,6.1601562
3o0g,6.22,6.015625
4cp5,3.34,3.6777344
3ut5,5.74,5.9375
3mag,4.07,4.390625
4n5d,3.22,3.1445312
3ljt,6.89,7.125
4p4b,7.85,8.515625
4lwc,6.72,6.5742188
2gbg,7.25,7.4765625
4y64,3.1,3.4785156
1ke0,5.38,5.5976562
3s7a,8.96,9.46875
4wf2,8.1,7.6601562
1z6f,4.89,4.5625
2vx1,6.66,6.5820312
1zoh,7.0,7.0546875
1lst,7.85,7.7070312
3v8s,6.19,6.1914062
1w70,3.7,3.3496094
1q4l,7.4,7.0976562
5bvd,9.8,9.96875
3dst,9.08,9.0859375
4x1q,5.3,5.0039062
2ltv,5.16,4.5078125
2cia,6.43,5.6992188
5ak6,3.49,3.7070312
2vtp,8.52,8.7890625
3i6c,4.92,4.9765625
1tjp,4.42,4.4335938
1y0x,8.7,8.0625
3kbz,6.91,6.7421875
4pd8,6.03,6.3554688
4leg,4.55,4.1328125
3cf9,4.83,4.6953125
2clv,7.88,8.6796875
2hnx,7.08,6.703125
3ka2,6.62,6.6796875
3ebo,4.72,4.6796875
4gki,4.46,4.4609375
3rk9,6.28,6.3164062
2ces,7.25,7.3320312
4njd,4.84,4.8945312
3rni,5.17,4.8632812
3tv4,6.96,6.9414062
4wy6,5.97,5.9101562
1css,6.1,6.1484375
4loo,8.15,8.390625
4tyt,7.7,7.5078125
4y62,2.95,3.34375
4j70,5.24,4.5859375
3d1x,8.66,8.7734375
3cz1,7.26,7.0625
4uvv,7.49,7.0546875
1hk4,5.31,5.4375
4bch,7.66,7.328125
3i28,8.22,7.9492188
2nqg,6.48,6.6640625
4rj7,7.66,7.9414062
4uoh,4.77,4.9101562
2o9k,4.11,4.0585938
1lhv,8.91,9.1796875
4cc6,6.64,6.7460938
1b6h,7.82,8.7109375
3ip9,5.62,5.421875
3wf5,7.09,6.5820312
1hq5,5.65,5.390625
2fky,8.59,8.1875
2q2y,8.8,8.40625
3atw,7.01,6.6132812
4ayt,3.7,3.5976562
2yke,5.96,5.4101562
1w11,8.22,8.15625
3ws8,6.68,6.984375
4z84,5.82,6.25
3ppp,5.22,5.3671875
4jfx,6.44,6.5039062
2vj1,5.3,5.0039062
2y8i,5.89,5.9765625
3s3r,8.68,9.2421875
1inq,6.27,7.1445312
4qjo,7.4,6.9570312
1jn2,4.09,3.7285156
1htg,8.42,7.9609375
5akw,6.39,6.0664062
3i5r,4.4,4.4101562
4tyb,1.7,1.7148438
3cyw,7.77,7.859375
4k69,7.4,7.265625
5d9k,8.4,8.78125
1dtt,8.3,7.7851562
3d9p,4.54,3.9296875
1j80,6.52,6.9257812
4c7t,6.4,6.0
1shc,7.28,6.9023438
5a83,6.8,7.2226562
3d2r,5.48,5.2890625
4wt6,7.92,8.640625
1t4s,2.44,2.8203125
3fsm,7.0,7.578125
2c8x,6.66,6.8046875
1hmr,6.55,6.3046875
2x6y,4.59,3.8632812
2jdv,8.2,8.0625
3ebi,7.1,7.3476562
5auy,5.8,6.8125
3m9f,11.15,11.40625
3gwv,2.6,2.2441406
2vu3,7.33,7.4921875
4j2c,5.25,5.8359375
4kb9,11.0,10.640625
3jyr,5.54,5.3359375
2pri,2.91,3.5234375
3if7,7.21,7.2226562
2ygu,6.49,6.3359375
4dmn,5.64,6.2070312
3tiz,3.82,4.1484375
3aje,5.03,5.0703125
3bwj,6.5,6.1054688
4di2,8.26,7.9023438
2r38,7.44,7.1484375
2qp8,8.1,8.265625
2xvd,8.7,8.8046875
3lhg,7.7,7.8867188
2upj,7.39,7.3515625
2ce9,6.03,5.7890625
4jfd,4.44,4.3242188
4rao,6.0,6.1523438
3tdj,5.25,4.6523438
3gi6,11.22,10.9765625
3neg,5.94,6.046875
4r4t,6.26,6.2382812
3mp1,6.1,5.4023438
1u2y,1.74,1.4472656
4l23,7.75,8.0546875
1n1m,5.7,5.0742188
2yak,8.7,8.625
2iok,9.0,9.125
1ym4,7.41,7.5390625
4x6x,8.64,8.0703125
4j8r,7.7,7.0078125
3ddu,7.4,7.484375
3wdz,6.92,6.2148438
4r93,7.8,7.6679688
2q1l,7.91,8.0234375
3vd4,4.82,4.1796875
3tfn,6.57,6.6953125
3h91,3.73,3.9804688
3v04,7.89,7.9140625
1qf2,5.92,5.578125
1ajv,7.72,7.4375
1uwb,8.34,8.2109375
2b4l,4.77,4.6875
4nbl,6.33,6.765625
4lts,8.36,7.6640625
1b6k,8.74,8.25
2wmw,6.41,5.7851562
3iok,7.96,7.7578125
5er1,6.02,5.9570312
2e7f,6.1,5.8007812
4xuz,7.36,7.21875
5diq,5.17,4.9921875
4r76,7.85,7.6914062
2xp8,4.82,4.9648438
4n1z,9.14,8.21875
1t7f,5.74,5.84375
1q66,5.77,4.8203125
1ucn,5.22,4.96875
4pz8,5.92,5.1914062
3q8d,7.22,6.671875
2w6p,6.48,6.3085938
1ec3,9.04,8.953125
3gk1,4.1,4.2578125
1nc6,8.0,8.2265625
1wum,5.29,5.171875
5aom,2.9,3.1582031
1wc6,4.0,4.171875
3mna,7.39,7.734375
2xrw,5.15,5.328125
2iw8,6.99,6.3867188
1bm7,7.52,6.8164062
3l5f,6.22,6.0976562
1njs,7.82,7.984375
4o0r,7.44,7.1953125
1jil,8.4,8.9921875
4ydq,6.52,5.828125
3a4p,7.55,7.828125
4x7o,8.7,9.296875
4h75,6.6,6.3945312
4jlh,5.4,4.9375
1br6,3.22,3.1816406
4w55,4.74,5.2226562
3mvl,7.89,7.0898438
6gpb,4.85,4.7929688
5ajz,5.7,5.2421875
3zkf,6.02,6.0234375
4old,2.7,2.6777344
1yci,4.08,4.4765625
4jv9,5.74,5.859375
3u4i,3.89,3.6992188
3u6j,8.21,8.4140625
4kc1,2.91,2.3203125
3k5i,4.7,4.90625
3rkb,6.42,6.1484375
4oee,5.76,5.6601562
4dcx,4.5,4.9101562
2zz6,6.72,7.1796875
2g24,5.4,5.1523438
4ruy,7.89,7.265625
2ycq,9.85,10.2421875
3rxi,3.06,2.8632812
2odd,3.96,3.3945312
1f90,7.92,8.3203125
4ipf,7.74,7.5429688
4hgc,10.0,9.296875
1c7f,9.52,9.3828125
6prc,4.77,4.7421875
1c3r,6.4,6.2421875
3nw5,5.08,5.2148438
1vyf,8.05,7.671875
4tlr,8.52,8.3359375
2fxr,7.6,7.0546875
4nms,4.94,5.4257812
4ms0,3.39,3.0957031
4cgj,2.84,2.4921875
2vur,4.52,4.4609375
4oas,10.0,9.1875
3l3a,6.38,6.2578125
4yrd,4.57,4.5234375
2nmy,8.37,8.09375
4l02,7.7,7.3671875
4zlz,7.0,6.9023438
2gpp,5.7,5.3046875
4xy9,5.33,5.21875
3nef,5.94,5.75
3shj,7.47,7.03125
3nhi,8.43,8.796875
4cpw,7.5,8.2265625
2xpa,5.39,5.6914062
2c3l,5.07,4.75
1s50,7.2,6.5234375
3lzz,3.84,4.0273438
1tc1,2.7,2.6777344
1h37,7.23,7.5703125
3m89,6.16,5.9101562
3gws,10.09,11.078125
3lp4,4.88,5.0976562
2w1h,7.28,7.9335938
3o6m,7.48,8.0625
1x7b,8.39,8.328125
1mxo,9.0,8.65625
3k3e,7.66,7.6210938
1uye,3.7,3.9746094
3l4u,7.52,8.0546875
2gzl,4.82,5.5390625
2y6d,7.1,7.25
4loq,8.15,8.8515625
1dm2,7.15,7.3789062
2baj,8.4,8.6953125
3g2j,4.75,4.4726562
3fh5,7.06,6.9882812
4tpw,4.69,4.6367188
1f28,7.8,8.3984375
5als,7.72,7.2460938
3vzd,6.3,6.4921875
4eny,7.05,6.6601562
3vyd,6.39,6.3828125
4k7i,2.82,3.1152344
2ofu,9.0,9.1328125
4oow,5.37,5.5898438
3vhe,8.21,8.390625
3kfn,4.74,4.5507812
4gmc,7.74,7.4414062
2xhm,6.8,6.9453125
3qi4,3.93,4.3710938
2k0x,5.68,6.1132812
3ryv,7.07,7.3164062
4cps,8.27,8.4453125
3w32,7.12,7.8046875
2wuu,7.16,6.984375
2xch,6.43,6.7226562
4y8x,8.43,8.1796875
4rd6,6.28,6.1289062
3ccb,4.52,4.75
2y36,6.42,6.5976562
4i5h,8.7,9.640625
4fcr,9.4,9.46875
4mrh,1.9,2.4902344
3k23,8.2,8.46875
4o0v,8.48,9.1015625
4i9z,7.74,7.890625
2opb,8.74,8.2734375
4k5o,3.98,4.96875
1rxp,7.14,6.7734375
2ww0,5.3,5.1835938
3zbf,7.52,7.8359375
3c6w,5.62,6.3984375
2p94,9.17,9.578125
2r3t,5.85,6.25
1k6t,7.62,7.7226562
1tl3,6.2,6.015625
4w7p,7.49,7.0
2f6j,5.57,5.5195312
1o4m,1.4,1.0957031
4kon,6.48,6.78125
4nze,6.8,7.0429688
4ci2,6.75,7.2421875
3r9o,4.0,4.1953125
3jqb,6.02,6.3007812
1eas,7.74,7.3320312
3sw9,5.38,5.8164062
1oz0,7.7,7.8320312
4yy6,4.22,4.3085938
2boj,5.77,5.9335938
4p72,4.09,4.078125
4j77,5.47,5.3789062
1zyr,5.74,5.609375
2br8,7.49,7.9765625
3ara,6.49,6.1210938
3u6i,9.0,9.1328125
1k9q,3.15,3.4863281
3arf,7.19,7.234375
4q4s,6.95,7.7695312
3l6x,4.4,4.7539062
3tfu,3.28,3.4179688
4k6z,8.7,9.2421875
1xur,5.18,5.3476562
3bki,5.12,5.7851562
3d4l,7.49,7.8789062
2gg8,4.6,4.8203125
2y6c,5.0,5.3515625
4lq9,4.85,4.6992188
4qwi,5.36,5.9179688
2kpl,6.64,6.8671875
3dnj,6.82,6.9765625
4bkj,8.72,9.0703125
3il5,5.8,5.4648438
3w69,7.24,8.15625
2aq7,3.3,3.5039062
3pkn,4.66,4.5078125
2oei,3.91,4.2460938
3wgg,4.4,4.9882812
4ps3,8.7,8.1484375
4l7f,6.8,8.203125
4j0p,7.29,7.6445312
3b3x,3.6,3.890625
2hwp,7.14,7.25
5aep,7.17,7.3125
3sn8,5.65,5.9570312
3v7s,7.05,7.0390625
1apb,5.82,5.7421875
1wur,6.66,6.9648438
4bxn,8.0,8.6875
4e3l,8.52,9.1015625
4egh,3.26,3.4023438
4o3u,6.4,6.75
4r75,7.24,8.0625
2kdh,2.96,3.2226562
4lxm,7.06,7.0039062
1lxh,7.19,7.7421875
1tsl,6.15,6.4257812
5bue,8.52,8.34375
1lgt,6.1,6.2695312
3m3r,6.32,5.5
2jup,3.81,3.4980469
2nn8,3.59,3.9589844
4o04,6.16,7.140625
1zyj,5.82,6.4414062
4c6v,4.59,4.6015625
3o4k,7.62,7.1914062
2pj8,7.74,7.96875
4pum,6.73,6.7539062
2lwi,3.11,3.6445312
4bnz,6.59,7.0585938
1eei,3.15,3.3867188
2i6b,7.17,7.3984375
4utr,6.15,5.515625
1ce5,4.74,4.8242188
1rp7,8.52,8.359375
4or4,4.57,4.8632812
4e3f,2.52,2.9804688
3ixk,8.18,8.2109375
3dgo,6.74,6.890625
3biz,7.24,7.4570312
1mcz,3.0,3.3984375
3wym,9.52,9.6328125
4ipj,4.87,4.71875
3zlk,5.88,5.8359375
3zmz,4.74,4.5859375
3m6r,7.49,6.8359375
4fz6,6.9,7.1796875
2ohs,4.4,4.546875
4bfd,7.02,7.5976562
4p4e,6.74,7.2460938
3ml2,8.05,8.7734375
1v16,3.87,3.9960938
3pb9,6.58,6.7890625
3g4i,9.04,8.484375
3ivx,5.74,5.9570312
3tkz,5.92,6.4921875
3el4,7.17,6.78125
5cs5,1.58,1.5439453
2zb0,6.62,6.7070312
1sps,8.52,7.1953125
3lxl,8.3,8.3203125
4p75,4.1,4.7460938
3ov1,5.2,4.6132812
4zme,4.3,4.7421875
2xe4,7.16,7.6210938
2wi2,3.46,3.9960938
4yjn,7.92,8.7109375
2xxr,6.55,6.5390625
3k5u,6.51,6.9257812
1v0m,5.1,6.1210938
4ab9,3.33,3.7089844
4u8w,11.24,10.8828125
2c4g,5.94,5.9257812
4x8t,2.05,1.9238281
3kqa,4.85,4.7695312
3u92,7.48,7.0546875
4iqt,6.11,6.1328125
1rgj,8.31,8.5078125
1xh5,5.47,5.3320312
2gfd,6.28,6.6992188
3ufa,5.0,5.3164062
3hj0,5.71,5.5117188
1nmk,8.24,8.0234375
3vhc,8.89,9.015625
1uod,3.11,3.6074219
4l7b,5.64,5.7851562
5bms,6.34,6.1875
2y55,3.87,3.5976562
2a31,1.01,1.375
5bpa,9.0,9.2421875
1jg0,5.3,5.1484375
4m5i,5.17,5.2304688
4a9s,7.21,7.3671875
4ih6,4.74,5.59375
4ucv,2.88,3.1777344
1so2,9.57,10.6328125
4qbm,4.58,4.5664062
4egi,3.82,3.6914062
3fv7,5.64,5.7734375
1azg,4.8,4.6367188
3ual,5.81,5.75
3p58,7.6,7.2929688
4dmy,9.0,9.2421875
4r5a,8.7,8.671875
3wqh,8.48,7.8242188
1eve,8.24,8.671875
2e2r,8.26,7.3515625
1wvj,6.73,7.0703125
1pip,5.0,5.1796875
4pp3,7.82,7.71875
3kyg,7.46,7.4453125
2zzu,7.41,7.15625
1q6s,7.92,7.96875
3bmq,5.49,5.8007812
1y2d,5.7,5.9023438
3imc,2.96,3.5
3v1r,7.68,7.5585938
4unn,6.38,6.4296875
4dxg,7.06,6.8671875
1b4z,5.23,6.0078125
3ad7,2.52,2.4902344
2f34,6.89,7.2304688
3kaf,6.08,6.5351562
4u6c,5.0,5.0
4lkh,3.0,3.2421875
1qon,8.96,8.9609375
2sfp,1.7,1.4882812
2r1w,4.6,4.3125
3f9y,4.49,4.8710938
4v25,7.08,7.4179688
2za3,3.68,4.5546875
1jk7,8.52,8.390625
4nk9,8.51,7.84375
3myq,7.52,7.0039062
4uu5,5.04,5.015625
2pq9,8.11,8.4375
4mmf,6.53,6.4375
1exv,7.35,7.2695312
2cji,8.22,8.3359375
2rcx,9.0,9.203125
3p78,6.96,6.8710938
3mbp,6.8,6.4101562
1eoc,6.05,6.2617188
3f69,6.0,5.9453125
3cqu,6.82,6.6171875
4alx,7.28,7.3945312
4x7q,7.85,7.4296875
1puq,7.28,7.2226562
2zaz,6.4,6.3125
3dtc,7.59,8.234375
1ur9,5.77,5.8203125
4agl,3.65,3.6074219
4rfz,7.4,7.2382812
1tve,5.68,5.25
3tyq,8.3,8.4609375
3jzk,5.91,5.8085938
2no3,8.05,7.7226562
2am9,8.41,7.609375
4oq6,5.48,5.65625
3fvk,8.82,8.984375
4y2b,8.36,8.1953125
3bl1,5.6,5.71875
3tfk,5.01,5.4609375
3eka,3.0,3.5195312
1yw8,8.0,8.3984375
3rsb,6.4,6.7890625
1eef,2.92,3.0488281
4w52,3.76,3.8574219
3zrl,6.8,7.25
2qc6,7.0,7.9921875
2ovy,8.4,8.5625
4qz5,5.26,5.3515625
3gvu,8.0,8.640625
2w6u,5.0,5.15625
3wzu,5.89,5.6015625
4aze,8.11,8.0078125
5buj,8.3,7.7070312
1qti,6.44,6.6171875
4dwb,5.74,6.5195312
2o64,6.47,7.078125
3zcz,6.77,7.203125
3rbu,9.43,9.765625
2c92,5.68,6.3242188
3lcu,3.52,3.0527344
5cgd,9.3,8.890625
1hi3,4.19,4.4023438
4uce,3.17,3.4667969
3tti,8.22,8.1640625
2p95,9.37,10.40625
1r58,6.96,7.1835938
2bdl,7.82,8.0546875
2vd7,5.38,5.5742188
1kyn,5.39,5.5664062
3kwb,7.77,8.6328125
3kjq,5.88,6.296875
3rx5,6.27,6.46875
3vqs,7.75,7.6484375
5cs3,2.15,2.2167969
1ka7,6.22,6.671875
4r4q,5.09,5.1796875
1ghy,8.1,8.8125
9lpr,5.7,6.1445312
4x7n,8.22,8.65625
4x3e,5.47,5.7382812
1y4z,7.24,7.3320312
1q8w,5.24,5.4453125
2z7i,7.0,7.328125
4lm5,6.82,6.8984375
4std,10.33,10.3984375
2fsv,4.6,4.9179688
3puk,4.74,4.828125
1bdq,6.34,6.6914062
4uma,5.41,5.3789062
2woq,2.88,3.0273438
2c6n,6.88,7.3945312
5ct2,2.92,2.9316406
3p3j,7.92,8.0625
3ll8,6.4,6.421875
1czk,8.82,8.6484375
1c6y,9.51,8.890625
4yvz,5.52,6.2617188
3hrf,4.99,4.859375
1ms7,6.77,6.796875
5a4c,8.24,8.8203125
4qtd,5.97,6.203125
1ai6,3.97,3.9453125
3lle,4.97,5.3125
2wm0,4.52,4.5429688
3kx1,7.0,7.1992188
2rku,8.3,8.765625
4c73,4.92,5.1757812
2v16,8.22,7.1953125
4afe,7.14,7.171875
5ak0,7.68,7.6835938
1prl,4.23,4.1875
4qsx,1.74,1.9472656
2a58,4.92,5.5820312
3nuj,9.39,9.9453125
2rnw,2.98,3.0234375
4b9h,5.35,5.1914062
8lpr,6.62,7.421875
4tuh,4.0,4.53125
4jzb,6.47,6.828125
2ddf,7.39,6.78125
1ujj,6.1,6.2617188
2ltz,5.35,5.7929688
5aia,5.2,5.3984375
1ta2,8.52,9.0
2y2p,4.7,5.2265625
4j26,5.44,5.9492188
3s0n,6.74,6.9453125
2ybp,4.62,4.890625
4eym,4.01,4.4609375
3cn0,5.51,5.5195312
3cwe,6.92,7.3007812
2mwp,6.05,6.1328125
3wf9,6.25,6.7421875
4mcc,6.25,6.1679688
1k03,6.0,5.7929688
1w5w,8.8,8.421875
2rny,3.66,3.7851562
2y4a,4.38,4.5507812
2j7w,6.66,6.5664062
4azt,4.17,4.546875
4um9,8.07,8.4140625
1jii,9.0,9.03125
1kll,5.2,6.1054688
1o2y,5.85,6.5625
1w1d,6.52,7.1875
4ksq,7.31,8.2890625
2wl4,4.19,4.6875
4jq7,6.41,6.8242188
4j1c,7.31,7.5
3g86,8.3,7.984375
4kiw,5.12,5.296875
2ada,13.0,14.453125
1a69,5.3,5.9960938
2p99,5.94,6.4414062
4e3i,8.89,9.5546875
4b84,4.66,4.84375
3chf,5.37,5.3671875
3oct,8.3,9.359375
3kqd,9.4,9.765625
1wkm,0.82,0.55078125
1rdl,2.24,2.3828125
4d9p,3.84,4.0234375
1evh,3.22,3.3964844
2bxu,7.15,7.84375
3m5a,4.96,5.1914062
1sm3,4.62,4.703125
1pwy,4.05,4.1171875
2q7m,8.8,8.96875
1cwb,7.89,7.0898438
1yxd,5.3,5.4804688
3cfn,5.0,4.8984375
2rkg,8.09,9.1015625
4ie0,5.08,4.859375
2eg7,5.89,5.3320312
2wxp,8.52,8.796875
3bb1,3.6,3.0996094
1pop,9.0,8.2109375
2jjr,8.2,7.8710938
4bo1,7.3,7.1289062
4rvt,5.72,5.34375
4zy5,7.59,7.5546875
4l4z,5.68,5.4882812
7abp,6.46,5.828125
4ym2,2.85,2.3125
1nfw,8.96,9.3984375
4bqt,5.79,5.25
4ask,7.22,7.2890625
4oyi,4.72,4.25
2xzq,6.59,5.7382812
5dde,7.19,7.0078125
2zu5,7.0,6.46875
2znt,9.3,9.0078125
3g2l,3.87,3.4433594
1j07,7.68,8.046875
4zun,4.59,4.5234375
4io6,4.82,4.9335938
4x6k,5.31,5.8164062
3wcf,7.28,7.2265625
3m2w,8.52,9.2734375
2x2c,7.72,8.34375
3vfq,5.19,4.671875
3wyl,8.85,8.4921875
1aht,6.21,6.2421875
3w9k,6.32,5.390625
4y67,6.93,7.1757812
5e2r,7.06,6.1679688
3el8,7.6,7.8632812
2ama,8.0,8.5546875
1tmb,6.74,6.8007812
5dda,5.78,5.546875
3m56,4.15,4.7929688
3w9r,6.18,6.234375
2liq,5.85,6.0859375
5ea5,8.06,8.03125
3mo0,6.81,6.25
1gwv,2.57,2.5292969
4cwt,6.75,7.015625
3n7s,7.7,7.4921875
4v27,6.66,6.3398438
1gsz,7.21,6.6914062
6abp,6.36,6.1523438
2wxo,7.05,6.9960938
2gv2,8.3,8.6171875
1e55,4.12,3.9433594
3new,5.0,4.5
1zeo,6.68,6.8476562
3t5u,7.59,7.109375
1h79,4.89,4.640625
3fr2,6.23,6.0625
4iqu,6.24,5.8398438
4f8j,5.07,4.9296875
4hod,6.1,5.984375
4nvq,8.48,8.3515625
3cjf,8.2,8.6875
2bed,8.15,8.7578125
2aei,7.07,6.5820312
3uef,4.68,4.3242188
1ent,6.96,6.734375
1a42,9.89,9.9453125
4yzu,5.05,4.6015625
2xye,8.34,9.2734375
4ekg,8.77,9.453125
1qft,8.77,7.8984375
3iww,7.96,7.5039062
1sqt,6.2,6.078125
2pmc,4.19,3.9003906
3umw,8.52,8.9921875
1bjv,5.54,5.4960938
1oi9,7.16,6.1992188
3bzf,4.52,4.7460938
1gwm,4.1,3.8945312
4cff,6.4,6.1367188
3gss,5.82,5.9921875
4dhq,4.49,3.8691406
1gz4,3.7,3.7382812
3kfa,7.6,7.9414062
1afl,6.28,6.2929688
4rsc,6.63,5.75
4qps,6.52,6.8242188
3gjq,5.33,5.7734375
4ycl,8.15,8.9609375
2kbs,5.0,4.4375
1gag,6.12,5.9101562
3g7l,6.72,6.7734375
4g11,5.0,5.6445312
1xdd,6.7,6.5546875
1uz8,4.96,4.046875
4bo7,7.0,6.9765625
4jpy,4.43,4.2890625
4wlb,6.74,7.0976562
2v8w,6.82,6.4648438
3rup,1.57,1.9189453
1ow4,5.68,5.5
3ibn,7.61,7.5039062
4o15,8.7,8.7890625
4mg5,5.34,5.0234375
4dhm,3.78,3.7402344
2w1e,7.92,7.1132812
3pwh,8.72,8.4453125
4mvw,7.55,7.2617188
3vzg,1.72,1.453125
4jpa,8.48,8.6171875
4k78,4.79,4.7617188
4qpd,7.82,8.203125
4muw,8.01,7.6210938
3tn8,6.13,5.671875
4zb8,6.03,5.8867188
4uzh,5.01,4.8984375
4gly,5.11,4.90625
3coh,8.4,8.15625
3krw,7.38,8.015625
4gah,6.1,6.5507812
4zly,5.46,5.8203125
3vjm,9.43,8.5234375
4p7s,7.42,6.8398438
3rah,7.92,8.203125
3f81,7.13,6.7773438
1b9s,3.18,3.8457031
3nu5,8.35,9.3203125
4pz5,6.92,6.4335938
2jqk,3.4,4.0117188
3eyl,6.6,7.0078125
3ny3,4.71,5.2148438
1y3a,5.41,5.2460938
1o9k,6.47,6.6640625
3zi8,5.66,5.1992188
2vtj,5.72,6.5273438
4oty,7.4,7.2578125
4u6x,6.38,6.03125
3hg1,4.74,4.6640625
3f7g,7.37,7.2070312
5bvo,8.3,8.1796875
4eh4,2.81,2.7089844
1mrw,9.7,10.0625
1h6e,6.15,5.578125
3lok,6.92,7.1875
3vi7,7.39,7.46875
3e7b,9.8,10.703125
2zif,4.37,4.7265625
2w3l,7.52,7.9179688
2bys,9.52,9.5625
4dhn,3.89,3.7851562
3run,5.44,6.5976562
4fil,7.47,7.5703125
1rri,5.82,6.125
4btl,5.6,5.8945312
2ms4,4.82,5.0078125
1ypg,8.0,8.5859375
4q1n,9.7,9.4140625
4hzx,9.3,8.875
3nti,5.22,5.3007812
2h5a,5.1,5.015625
3mam,4.12,4.1679688
1vyw,7.43,7.1367188
4b7n,8.78,8.6640625
2ylp,4.3,3.8613281
4gjd,8.52,8.4453125
2o9j,6.92,5.8632812
4gdy,7.08,6.859375
4fyh,4.85,5.359375
1nde,7.82,8.03125
4pmp,6.4,7.2148438
4pns,4.52,5.1484375
3d7b,3.69,4.0117188
3zha,6.0,5.9492188
1t49,4.66,5.265625
3iph,7.6,7.4023438
4o61,4.3,4.640625
1w76,6.15,6.5078125
4qf9,4.43,4.9726562
4bs5,8.22,8.21875
1ogz,5.85,6.0234375
4wx7,7.4,7.8515625
3cda,7.58,7.8320312
1toj,3.39,3.6152344
5bpe,5.95,6.4179688
4pr5,5.66,5.6835938
3suf,7.56,7.796875
1nkm,7.3,7.4257812
2xuf,14.39,12.28125
3o1d,5.74,5.4375
1a7c,4.0,4.3984375
1xk5,6.0,6.3242188
1rsd,6.52,7.3984375
3s22,5.46,5.75
2qmg,9.15,8.7578125
3jzh,3.4,3.6210938
3okc,4.44,4.5976562
2vcq,6.04,6.1914062
1ybg,4.8,4.9179688
3r5t,8.58,8.625
1uti,5.62,5.8710938
4l52,8.4,8.6171875
2xzg,4.74,4.8515625
2uy5,5.49,5.4804688
2uze,4.33,4.453125
3e37,5.39,6.1132812
2qi6,10.57,9.4140625
3v30,3.74,4.390625
2r9x,4.85,4.8046875
2qlf,8.85,9.046875
4f6x,5.09,5.3828125
4o6e,9.0,9.7265625
3vv8,4.77,4.9140625
4u1b,5.31,5.328125
1bmm,7.1,7.3515625
3n5j,5.22,6.0195312
1him,7.7,7.8203125
2owb,6.36,6.1328125
4oc4,6.98,7.6875
1nox,7.05,6.8476562
3zdh,7.35,7.125
4q2k,7.48,7.8203125
223l,3.4,3.8613281
3t85,7.95,7.5273438
3avg,3.3,3.1523438
2xk9,10.15,10.2890625
2r7b,7.22,7.2265625
1bmb,6.15,6.9570312
2a5s,6.7,6.0664062
4bqx,6.52,7.1445312
1axr,3.27,3.0449219
4flp,6.72,7.0351562
4ps5,6.54,6.9921875
4j8m,7.32,7.8789062
3v4v,7.38,7.0273438
1k27,9.0,8.5546875
3gs7,5.44,5.34375
2yc5,7.46,7.1835938
1c5n,4.7,4.9179688
1uvr,6.0,5.4921875
2rka,3.0,3.4882812
2ow6,2.7,3.0507812
4ona,8.15,8.3828125
4j79,3.1,3.5058594
1l2z,3.69,4.0234375
2w54,6.98,6.7929688
4n8r,5.0,4.953125
3ujd,4.69,4.6328125
4awi,6.0,6.1523438
2xaf,4.64,5.0703125
4gj9,3.3,3.6894531
2j4q,4.46,4.3867188
3k8d,5.77,5.8398438
4h1e,8.52,8.5703125
3wzn,7.0,5.9804688
4owo,4.47,4.5742188
1joc,4.62,4.6953125
1phw,3.3,2.921875
4z7q,4.29,4.4453125
4awf,5.57,5.859375
5bv3,7.17,7.6757812
3vqu,7.43,7.171875
2vey,7.37,7.078125
4txe,5.62,5.8554688
3are,6.21,5.4921875
3p8z,6.09,6.390625
1caq,7.72,7.6289062
4kni,7.78,7.03125
4d2p,5.68,5.7460938
3bhx,9.15,9.0
2hh5,7.49,7.7304688
2qi7,10.21,9.0390625
1h1b,9.8,9.421875
3vru,10.0,9.4765625
1hty,1.4,1.2265625
4uxl,10.6,11.0859375
2o9v,3.54,3.4433594
4x3u,5.09,5.1484375
3fu6,3.97,3.7011719
4wx6,9.0,9.0859375
4piq,7.1,6.4609375
4avw,7.62,7.359375
4rj5,7.18,7.2109375
3eu7,6.18,5.3476562
2pl0,7.21,6.8164062
2b07,6.43,6.0195312
4s2i,9.0,8.6328125
1oxq,6.3,6.1171875
2bks,7.43,7.4765625
3zxe,3.35,2.8945312
2uxx,3.3,3.7441406
2w1g,8.52,9.4921875
1lpz,7.6,7.1484375
2ioa,5.49,5.7578125
3r7o,8.36,7.8789062
1ele,6.85,6.8984375
4y8c,7.96,8.015625
4crd,7.1,6.859375
4wk7,7.13,7.2226562
4qz6,5.53,5.171875
1uyi,5.39,5.2890625
5lpr,6.57,6.3945312
3uwl,3.68,3.7089844
5a5r,5.9,5.921875
4i1r,4.65,4.5
3dcs,7.94,7.6367188
1fzj,8.1,6.8671875
4utn,6.15,5.9726562
1icj,2.22,2.3457031
3k37,8.92,9.15625
3nes,5.62,5.4335938
2avs,7.57,8.59375
2vjx,4.96,4.6679688
1c4v,10.8,9.7734375
5e1m,6.72,6.6210938
4ii9,6.03,5.9492188
4fi9,7.34,7.953125
1a4r,6.66,6.5429688
1nhx,5.68,4.8515625
1mpa,8.04,8.2890625
2bbb,8.62,8.4140625
2w85,5.04,5.1835938
2ohm,3.51,3.2480469
1ih0,5.0,5.0507812
4baq,9.01,7.9492188
5d21,8.38,7.9648438
5cc2,4.1,3.9960938
5afx,5.92,5.546875
4rkx,5.1,4.703125
4xkx,9.05,8.5625
3poa,7.0,6.8164062
2b8l,7.82,7.7070312
4yp1,5.04,4.7539062
3nnv,7.57,7.4921875
2hm1,8.7,8.0703125
5ajp,5.3,5.3046875
1atr,6.96,7.125
5alo,6.13,6.0546875
1dzj,5.89,5.6015625
2jkp,4.23,4.4453125
1lev,5.6,6.125
3d1v,3.49,3.1503906
3opm,6.62,6.2304688
1lfo,6.7,6.15625
4idv,7.4,7.1796875
3lmp,6.21,6.2070312
4prg,7.15,7.6484375
4g0z,2.21,2.0976562
3rwp,9.22,9.1640625
2mlm,5.21,4.984375
1xor,6.41,6.0429688
3rwh,7.4,7.4609375
4y4v,3.65,2.7734375
1g1d,9.44,9.59375
3oqk,6.38,6.4765625
4lj8,5.82,5.7460938
2o5d,5.15,5.4335938
1t1r,5.4,5.1484375
4c72,5.09,5.4648438
2l6j,6.26,6.1679688
4ohm,7.55,7.9257812
3f39,1.78,1.7460938
4o09,7.7,7.8164062
1mik,6.35,6.0898438
4pyv,6.7,6.21875
3gpe,5.74,5.7421875
4erk,4.57,4.8945312
1usk,6.4,6.2890625
1ppw,4.3,4.0742188
3mpt,6.6,7.546875
2w0j,6.62,6.4492188
2l8j,5.52,5.0195312
4ge5,6.57,6.1367188
2ax6,7.57,7.1289062
3qx5,4.2,5.1367188
4nzm,6.85,5.9609375
3bmo,5.27,5.84375
4crf,9.3,9.5625
1fdq,7.27,7.1679688
5ctc,6.35,5.9492188
1o4n,1.4,1.2587891
4lg6,6.74,6.1132812
3ixg,7.57,7.6914062
4qlq,8.18,7.9453125
3d4y,5.7,6.3554688
4or0,7.46,6.7304688
3ewz,4.1,4.7421875
2cc7,8.01,7.8242188
3dsz,7.77,7.7421875
4gm3,9.0,9.5703125
2gvd,7.0,6.578125
5al5,7.15,7.171875
4nb3,7.66,8.6640625
4qvx,11.0,10.75
3t01,4.48,4.1445312
4d1y,7.13,6.5820312
1b4d,4.81,4.7929688
1ddm,5.77,6.78125
4g8n,7.2,6.390625
3r69,4.43,4.8242188
5auv,4.51,5.1289062
1a8t,5.8,5.9765625
4edz,8.08,7.2617188
5ai1,6.47,6.0
4hmh,6.21,6.15625
1p6e,2.92,3.4609375
3m17,7.4,6.8242188
4cmu,9.7,10.1796875
1snk,9.6,9.734375
2oaz,8.7,8.9765625
3eyf,7.03,6.890625
3t2q,3.66,3.1777344
3oyw,4.11,4.4296875
4jin,5.64,6.2382812
1kvo,7.89,7.6992188
4mf0,8.08,8.375
1m0q,3.89,3.6445312
4yrr,2.7,2.71875
4btm,5.39,5.3671875
3at4,8.1,8.3671875
4wri,9.01,9.4375
4w4v,6.94,7.421875
3pck,6.7,6.4804688
1obx,5.72,5.34375
1mq1,6.59,6.3828125
2xeg,10.7,9.0703125
3voz,6.85,7.2460938
4u6z,5.41,5.6484375
4f5y,5.43,6.3554688
1juj,6.96,7.3046875
3ijz,5.22,5.484375
4f6s,5.49,5.46875
1qy2,5.74,6.1796875
2rjp,7.0,6.7265625
3r0w,4.52,4.6289062
3r92,7.02,6.9492188
1sz0,9.0,8.65625
1qq9,2.06,1.9121094
4esg,5.56,4.828125
5cte,7.8,7.5078125
4j04,4.96,4.9882812
2ayp,8.15,7.65625
4fnz,7.8,7.7148438
3qiy,5.34,5.4140625
4zei,5.88,6.5273438
3c49,7.15,6.9804688
3spf,3.86,3.3242188
1o6q,7.64,7.6484375
1hk5,5.24,5.5546875
3iod,4.1,4.0820312
2o9i,7.4,7.8828125
2qcn,5.0,5.1015625
4ith,6.5,6.8476562
4fl2,3.66,3.6816406
3blr,8.19,8.7578125
4h38,6.04,6.2539062
4ucc,4.32,4.4921875
3zya,7.0,7.3320312
1jys,3.52,3.8691406
4od7,5.08,5.7109375
4ca8,6.68,6.8085938
4hv3,3.94,4.3242188
2jbv,3.54,4.109375
4f49,6.09,6.1679688
4rrs,6.68,7.1132812
2x6x,3.68,3.4355469
4jg0,6.76,6.7734375
2q2a,7.41,7.3046875
4uva,5.75,6.40625
2oz7,7.85,7.5742188
3k0h,4.6,4.5898438
1c1u,8.25,8.15625
2rfy,5.22,5.1992188
4phw,10.0,10.546875
4wbg,5.55,5.4296875
1pb8,5.15,5.6640625
4i9o,5.72,5.9921875
4a2a,4.35,4.7109375
4bds,7.6,6.9726562
2x96,4.03,4.6601562
4zbf,7.13,6.6523438
2fgh,6.55,6.4804688
3tdh,4.26,4.4375
3lrh,7.35,7.8164062
3nc9,6.48,6.8398438
1jjt,8.05,8.2578125
4xm6,4.05,4.6992188
4k3o,4.44,4.1835938
1o49,6.36,6.5390625
2byp,9.06,9.375
5ddb,7.09,6.6835938
3ryy,7.42,8.1484375
1tpw,3.3,3.1308594
2bua,4.52,4.5507812
3li2,9.0,9.7578125
2y2h,4.57,4.9882812
2viq,5.89,6.15625
2v13,7.59,7.4648438
4z6i,6.31,6.4726562
3pwd,6.66,6.5273438
4huo,4.7,5.1328125
3ioi,6.28,6.3203125
2lsp,3.56,3.7460938
4drm,5.24,5.5039062
4wy3,3.62,3.4042969
3d94,6.8,6.9648438
3uh4,7.96,7.5625
2w6q,4.6,4.8359375
4hnc,3.17,3.4863281
2ay3,3.55,3.0546875
3kdt,6.59,6.8984375
1a0t,1.3,1.3037109
3mkf,4.77,4.8242188
2idw,8.89,9.375
1swg,7.36,8.015625
4djw,6.28,6.1640625
2ajb,5.5,5.3320312
2yk9,5.09,4.921875
3dwb,6.19,6.421875
3qu0,7.7,6.6445312
4g0y,2.3,2.5664062
4rr6,6.0,6.3554688
1ml1,4.28,4.0585938
1uv5,8.3,7.6679688
4mr5,6.6,6.6523438
4pks,4.82,4.8242188
3qmk,6.1,5.71875
1lkl,5.81,5.6210938
1pdz,3.7,2.875
3sou,5.68,6.453125
4v1f,7.7,7.2578125
2qhr,7.39,6.40625
1bnu,9.7,9.5234375
4i7k,3.04,2.9296875
2hd1,3.3,3.5800781
3g2i,4.86,4.1367188
3qk0,8.7,8.875
3dp1,5.0,4.890625
2r3i,6.0,6.0117188
3dbu,8.06,7.8632812
3adv,3.03,3.6328125
4j0t,6.74,6.7460938
4j4n,6.88,7.0898438
2hr6,4.82,4.8203125
1gfy,5.08,5.1367188
1dva,8.07,7.6210938
184l,4.72,5.015625
3kqo,3.85,3.8300781
1drj,7.4,6.8515625
3fc2,9.06,8.53125
4a23,5.89,5.5703125
5c7c,5.26,5.0742188
3wyx,8.37,7.9804688
3ued,4.53,4.1992188
3dkj,5.7,5.5898438
5e1e,7.66,7.21875
1fl3,6.8,6.9023438
4rac,7.52,7.6484375
4wxi,8.08,7.7773438
1nnb,5.0,5.484375
1eix,11.06,9.703125
1gwq,7.12,6.609375
3bqn,8.6,7.8671875
1t13,7.38,6.6367188
4cli,8.89,8.59375
6upj,6.32,6.65625
1kv2,10.0,9.7109375
4qvl,6.53,6.3476562
1is0,7.0,6.4492188
3ekn,8.4,7.8828125
2cng,6.96,7.0039062
4av5,7.21,6.7265625
4lil,4.9,4.7304688
1sld,6.57,6.3476562
4pkr,4.82,4.7070312
6fiv,8.08,7.34375
3deh,6.83,6.4296875
2f1b,3.0,2.7441406
2r3f,6.3,5.984375
2fdd,8.32,7.6171875
3a73,3.38,3.0136719
3uvo,7.0,6.7421875
5cnm,6.81,6.2695312
2z4o,9.57,9.4765625
1hvj,11.4,10.515625
3kpv,3.74,3.7363281
1yt7,9.89,9.4765625
1m5e,7.7,7.71875
3zqe,4.23,3.9511719
3rme,4.66,4.4921875
2ez7,4.36,4.2382812
2fzz,10.52,9.265625
2xyr,6.13,5.6875
4w9o,7.77,7.09375
1xot,5.42,5.5039062
3uw9,4.56,4.5117188
1pau,9.46,8.578125
3ttz,8.4,7.8632812
1qf4,6.18,6.0742188
3d7z,7.92,7.578125
2fs9,8.52,7.6367188
2knh,5.15,5.0859375
3sl5,7.66,7.1523438
4x0u,7.4,7.1015625
3tt0,9.05,9.1328125
1t7j,8.7,7.40625
5dhg,9.14,10.3046875
4nxu,5.54,5.375
1uw6,7.34,6.7070312
4jsc,7.13,7.046875
3ffg,9.08,7.90625
3u4w,8.4,7.9140625
3pfp,6.44,5.3164062
4ase,11.0,10.6484375
3fz1,7.92,7.578125
2gz7,6.52,6.5625
4bdg,4.12,4.4648438
4u7q,9.74,9.421875
2hzn,7.39,7.7148438
3caj,8.1,8.6640625
4btx,6.54,6.6054688
1amw,4.54,4.109375
3nth,4.32,4.2851562
2or9,6.3,6.1328125
3m55,6.21,5.4804688
2psv,7.24,6.8554688
2qe2,7.77,7.0976562
1err,8.11,7.8007812
1qi0,2.35,2.3027344
3shb,6.03,5.5039062
4bj8,8.29,7.4179688
4b70,5.2,4.9023438
2yj2,7.92,7.6601562
2x6e,7.82,7.6640625
2qtr,5.49,4.8867188
1h0r,3.7,3.9804688
4r0a,4.26,4.171875
3dnt,4.74,4.6875
4oz1,5.62,5.4882812
1hp0,6.7,6.28125
3lpb,7.38,7.2890625
1xh7,6.82,7.109375
4qg7,8.0,7.84375
1nj5,7.3,7.2539062
4aom,7.07,7.09375
5a5z,4.08,3.9863281
2j87,4.85,4.8945312
3vg1,7.26,7.7890625
4je8,5.21,6.4335938
3r9d,4.15,4.6601562
4f6w,7.52,7.4335938
4a4o,8.05,8.2421875
1rry,4.1,3.953125
4z7s,8.22,8.71875
4pn1,6.17,6.9570312
2b4m,3.53,3.7285156
1lag,6.3,6.109375
4qxt,7.8,7.4960938
2p3o,2.77,3.3378906
2ydm,7.44,7.0039062
3p4w,4.57,5.1328125
3kai,5.41,5.5390625
2osc,7.77,7.3046875
1q4w,6.46,6.03125
1s9t,6.82,7.015625
2qi5,10.85,10.6328125
4m8x,10.2,10.0625
4ec4,7.6,7.1367188
1wb0,5.35,6.4335938
3atv,5.34,6.6953125
2qnp,6.41,6.4179688
3sbh,7.28,7.09375
3ion,8.1,7.4570312
4az2,7.33,7.2265625
3iw6,5.48,5.5664062
4gzf,8.36,7.1679688
4o45,4.15,4.2226562
2y4m,6.46,6.5507812
5dqe,3.63,3.9492188
1avp,7.92,7.9375
2nmz,8.37,7.9960938
3c4e,4.0,3.9941406
4hct,7.14,7.2734375
3kgu,5.92,5.8632812
3d50,4.77,4.8242188
1u0h,6.96,6.9023438
1hvs,10.3,8.1640625
4s3e,6.11,6.3710938
3uii,5.0,4.9570312
2ohl,3.05,3.0625
4ybm,6.85,6.90625
3oxz,8.07,8.3203125
3exe,6.96,7.3320312
1a4m,13.0,12.6796875
3t84,6.97,7.7929688
4jql,6.0,6.6835938
4utv,5.09,4.734375
4kp0,8.65,8.5546875
4g2f,6.8,6.7890625
4a4g,2.99,3.2753906
4igk,4.55,4.90625
4m5g,5.01,5.3867188
4lov,7.77,8.125
1ke1,7.25,7.0039062
2f7p,6.6,6.4570312
4a4f,2.88,2.6113281
1tmm,6.64,6.6914062
1fh7,5.24,5.3554688
1afk,6.62,6.6796875
2nta,4.8,4.390625
1fd7,1.85,1.9824219
1b51,7.37,7.0273438
1gi9,5.22,5.234375
2vvt,5.24,5.4335938
4aa1,4.12,4.6210938
3abt,4.77,5.2539062
4glr,9.46,9.0625
3afk,3.6,3.1601562
3zls,4.4,4.7929688
4prb,3.88,4.6367188
4mvx,7.24,8.0625
3cj5,6.34,6.203125
3s2o,5.05,5.203125
3axm,5.07,5.1640625
4gj2,8.6,8.4609375
1o4a,6.92,7.1640625
4w50,5.85,5.828125
1n9m,10.96,12.328125
2oa0,6.92,7.7460938
4fod,8.92,8.3359375
4h36,4.27,3.8261719
4d1a,4.72,4.6523438
1kwr,6.6,7.1367188
2jqi,5.0,4.9804688
4na9,7.39,7.2070312
3gur,8.0,8.1875
4nl1,3.89,4.1367188
5a2i,5.06,4.8554688
4dj7,6.3,6.15625
4o2f,6.41,7.7304688
4cqe,8.43,7.9179688
3nk8,3.0,2.8613281
4mk7,6.36,6.2070312
4uwh,8.52,9.09375
2np8,7.38,7.9921875
4tqn,6.11,6.4921875
1zfp,7.59,6.5859375
1jd6,7.39,7.3320312
1i32,5.7,5.3203125
3qcx,7.2,7.4882812
3o64,9.4,9.6015625
3njy,5.77,5.90625
2wtc,6.51,6.4609375
3o0j,7.19,7.25
2ja3,4.0,3.9980469
2aog,6.28,5.9453125
2bfr,5.25,5.0625
4est,5.02,5.3984375
4u5s,2.41,3.1484375
1mqj,5.32,6.0820312
2xzw,5.29,4.6875
2ra0,7.8,7.71875
1eb1,10.43,9.859375
4mbl,8.54,8.4609375
2qnz,5.42,5.4140625
3gyn,7.21,7.7539062
4li6,6.97,6.5585938
2p8o,4.85,4.6757812
4y0a,2.31,2.1894531
1ida,8.7,9.734375
4jnj,9.07,8.796875
3fn0,4.4,4.6132812
4mgv,7.12,7.046875
2qwf,5.67,5.8710938
1oar,7.4,7.6210938
2rm0,4.03,3.6542969
5acw,3.84,3.9667969
3srv,7.5,7.359375
4wr8,6.23,5.9335938
4ehz,8.0,8.421875
2xah,3.55,3.7988281
2y8l,5.82,5.1601562
3eks,5.7,5.3828125
4azf,6.35,6.1445312
3qpo,6.61,5.9335938
3q4l,7.26,7.2070312
4g68,7.92,8.0859375
1ywr,7.89,7.328125
3vrt,8.57,8.5625
4ca6,6.74,6.640625
3csl,7.22,8.25
4c70,3.52,3.7832031
1u59,7.25,7.3007812
4ux4,7.01,6.703125
4k60,3.24,3.2792969
3hy9,7.77,7.9023438
2fwp,2.92,2.3339844
3kqb,9.3,9.0234375
4ht2,6.54,7.1523438
4jz1,6.7,6.515625
4m48,6.81,7.0390625
1ydk,5.89,6.1601562
1wn6,4.68,3.8789062
4kmz,8.57,8.578125
2w70,4.92,4.3828125
5al4,6.52,6.9609375
4ps7,7.41,7.828125
3tg5,4.7,5.1601562
4rxz,6.74,6.9921875
4m13,6.7,5.9140625
3avf,3.53,3.578125
3oik,6.17,6.0976562
4op2,5.93,6.1914062
1s89,5.24,4.6992188
5ar7,6.49,6.1796875
4gu6,7.36,7.0390625
2pwc,6.57,6.71875
1jut,7.32,6.7851562
3waw,6.24,6.484375
4jls,5.66,5.5390625
4k42,6.55,5.7304688
5ctb,7.64,7.515625
4pmt,6.0,5.8320312
4x5r,7.85,7.3554688
1uho,9.22,9.2578125
4cp7,8.11,8.109375
1z6d,2.34,2.0039062
1tg5,7.92,7.3320312
1wbv,3.79,3.7324219
4iti,6.36,6.1601562
3tkm,9.0,8.609375
3v7c,5.74,5.5390625
1i8j,4.41,4.5078125
1fm9,9.0,8.8828125
4pl0,4.4,4.5390625
1b9t,5.1,4.2421875
1k6p,7.36,7.7929688
5tln,6.37,6.4960938
1nq7,6.8,6.5039062
1erb,8.1,8.1640625
5dd9,6.11,5.6484375
3nmq,9.7,9.9453125
2rkn,7.22,6.9492188
1p06,6.27,5.9296875
1dfo,6.7,6.4101562
3qcq,6.8,7.2265625
5d1j,7.32,7.1210938
2vmf,5.85,5.78125
4loy,8.09,8.2265625
1czo,4.55,4.0585938
3iqu,4.77,4.4882812
4b4q,5.75,5.5195312
1pl0,8.22,8.3515625
3a3y,9.15,8.2109375
4tun,5.41,5.6914062
2wi3,3.46,3.4824219
2k1q,6.22,5.625
4xqb,3.79,4.2148438
3byo,8.15,8.0859375
1pus,7.28,7.2890625
3vp1,5.48,5.96875
4h3q,5.1,5.2148438
3ewu,4.62,4.1367188
4ajo,7.03,7.4921875
4i2z,4.87,5.0039062
4pku,4.52,4.40625
4urn,4.46,4.296875
2h4k,5.49,5.0390625
3mj5,6.49,6.84375
4tq3,5.49,5.4414062
4qw4,6.95,5.8164062
3exo,4.62,4.3554688
3so9,8.56,8.765625
3wka,4.54,4.0507812
3eta,7.85,7.6484375
3bl9,7.18,7.2851562
7gch,5.7,6.0703125
3brn,8.7,9.3359375
3vf5,9.34,9.578125
4x1r,6.4,6.2851562
3m94,5.08,4.8710938
2jko,8.11,7.3398438
4rcf,8.4,8.1796875
4hw2,7.26,7.1875
5hvp,7.7,7.734375
2ks9,2.04,2.0820312
3dt1,8.62,8.953125
1w82,6.71,6.4921875
3dgq,4.92,4.71875
4ael,7.92,7.5742188
1hk3,6.59,6.3515625
4enx,6.26,5.9570312
2igy,6.95,6.9023438
1jeu,6.82,6.4960938
2ww2,4.85,5.1210938
4gby,3.46,3.6484375
4i0z,6.33,5.9648438
3r04,6.92,7.3007812
5a14,7.3,6.9453125
3qcf,5.6,5.1445312
4cs9,2.1,1.8974609
4w4w,7.46,7.4570312
5al1,4.28,4.28125
1rzx,4.1,4.5664062
4jck,2.37,2.5488281
4kz3,2.77,3.1835938
4fr3,7.15,7.4492188
2b8v,7.01,7.0742188
4bf1,8.62,7.9101562
3u78,5.6,5.453125
3n9s,5.26,5.015625
3kwf,8.17,7.6210938
1z6j,8.03,7.3046875
2lty,5.38,4.6484375
4mwe,5.91,5.5273438
4v01,8.11,8.3828125
4x6h,7.66,8.4609375
3q1x,5.33,5.6367188
4pyq,5.36,5.5429688
5alm,6.53,6.7265625
1qj1,8.05,7.5
1lhw,9.08,8.703125
1ing,2.0,2.0917969
4e8y,6.09,6.7226562
4gto,7.98,7.6445312
2q1j,9.1,9.375
3rbm,6.57,6.0820312
1qxw,5.15,5.1484375
3my1,5.45,5.3945312
1g3e,5.38,5.515625
4egk,7.72,7.5859375
2yfx,8.09,7.9453125
4aa2,3.97,3.9179688
2xuc,4.1,3.8984375
5cy3,7.8,8.09375
2zm1,6.66,6.734375
4cfx,5.06,4.9921875
2pvw,9.52,9.375
1sts,5.0,5.0429688
4ibi,4.14,4.1757812
3ex3,4.44,4.2929688
3hl7,7.64,7.78125
4dew,7.0,6.3710938
2xlc,2.3,1.9072266
3ik1,4.85,4.5585938
2wed,6.1,6.546875
4an1,10.26,9.15625
2ei6,7.39,7.2851562
4j1f,7.92,7.6289062
2dri,6.89,6.8632812
1n95,8.92,8.34375
2b9a,8.05,7.71875
4ijh,4.33,4.0859375
3ahn,7.05,7.3242188
4k10,6.92,6.8359375
3vjc,7.72,8.015625
1a4h,5.92,5.59375
3vye,8.11,7.9804688
2x6d,7.92,8.4140625
4yk5,7.64,7.28125
2xxy,7.89,7.7070312
1lf8,5.46,5.8007812
4kz4,4.15,4.3476562
4bky,7.92,7.609375
2v3e,6.52,6.2070312
3jq8,4.46,4.6757812
4ibd,3.67,3.4335938
4anv,6.36,6.6210938
3lpf,6.68,6.3632812
1zm7,3.0,2.7832031
4jda,6.29,6.1914062
4hlm,6.77,7.234375
3g0g,8.3,8.0703125
3zmg,7.64,7.5585938
4um3,7.54,7.8320312
4dsu,2.82,3.2265625
2xbw,8.0,8.578125
3usn,6.15,6.4648438
3ocp,7.57,7.5390625
3g8o,7.8,6.96875
3l4w,6.0,6.109375
2y8c,6.4,6.9882812
4b77,5.1,5.1835938
1pph,5.92,5.9296875
3r02,9.0,9.2734375
1xmy,7.3,7.2617188
4kz7,2.49,2.765625
6rsa,4.4,4.7578125
5afl,3.4,3.0292969
3k3a,7.08,6.8476562
4q0k,4.87,4.6953125
3shz,7.44,7.046875
3mp6,5.96,5.5039062
4z2l,5.85,6.0742188
4pjt,9.24,9.4375
1bdr,6.68,5.6601562
3i91,3.3,3.5019531
1tok,2.47,2.4296875
1d6n,4.5,4.2890625
4o36,6.36,6.6640625
2avq,4.39,4.21875
3iw5,6.08,5.6523438
4k63,4.22,4.8125
3lk1,4.26,4.2304688
3phe,7.8,7.6328125
3owj,6.07,6.1601562
3sha,5.59,5.640625
2q8g,7.06,6.9726562
2ftd,10.39,9.5625
3vjk,9.43,8.8671875
4zz3,6.0,5.7226562
3kvw,6.89,6.5703125
2btr,7.02,6.8085938
3fqe,8.3,8.796875
2xix,2.3,2.2578125
4ggz,10.18,11.0
4zg7,8.7,8.3671875
2bkz,8.15,7.5507812
1zsf,9.92,9.03125
3u1i,5.25,4.9492188
3axk,4.15,4.71875
3i4b,8.15,7.828125
4pio,5.7,5.8671875
3eu5,7.49,7.9492188
3kpw,4.85,5.0
2qlj,5.36,5.15625
3veh,4.96,4.765625
3b2t,5.21,4.7578125
2rk7,4.05,3.5585938
3iqi,4.41,4.578125
4qwk,6.27,6.2578125
2iw4,9.3,9.6328125
4tpt,7.04,6.5703125
4nk3,6.33,6.4882812
4c4n,6.1,6.0429688
3bc3,6.81,6.4140625
3as1,4.02,4.5429688
2ilp,4.82,4.3671875
4eop,6.05,6.1601562
4dfl,6.17,6.8398438
1o5p,10.0,9.21875
4l31,6.79,7.0976562
3llm,4.74,4.4882812
1jmf,5.77,5.6054688
2i3v,6.55,7.1914062
2np9,5.57,5.4296875
3px9,3.42,3.3945312
1y91,7.23,7.1914062
5agi,4.34,4.2460938
3vvz,4.58,4.1367188
1zz1,6.02,6.0625
4tkn,5.89,5.140625
1nyx,7.04,7.0664062
1yy4,8.6,8.4296875
1jrs,6.4,5.8164062
3vrv,10.54,10.7734375
4wh7,2.3,2.0839844
4c1g,5.14,5.078125
3wzj,8.18,7.765625
4deg,8.22,7.8359375
4dhp,4.44,4.640625
4m3b,6.4,6.4023438
3n2e,4.96,5.015625
2qqs,6.4,6.5039062
3fpd,6.15,6.1054688
5al2,6.44,6.4296875
1mnc,10.34,10.1640625
3g0f,7.66,7.9257812
4aia,3.66,3.1074219
3adu,4.14,4.1328125
1qcp,7.52,7.765625
4rvl,7.38,7.1914062
2ow1,9.0,9.15625
3gk2,2.7,2.1347656
3hpt,8.19,8.3359375
4k8s,7.44,7.296875
2yiq,7.9,8.0
4tki,6.38,5.953125
2pgl,3.59,3.7089844
2wjg,7.1,6.8710938
4psq,6.36,5.9414062
1czc,2.82,2.9101562
4nah,6.31,6.0898438
2bgd,5.0,5.1054688
2jbj,9.7,9.2109375
3wk6,5.2,5.2539062
2x9e,6.74,6.6992188
3s45,8.49,8.5625
2fm2,8.15,8.546875
4qp9,7.15,7.1601562
2h23,4.67,4.2382812
3hv5,7.02,6.6523438
2lcs,6.7,6.2734375
3cph,6.48,6.1328125
4qt2,6.32,6.2695312
4asd,9.28,8.8828125
4o5b,8.3,7.4882812
4c1m,7.8,7.5820312
2h5e,8.25,8.234375
2lsk,4.89,4.625
4mfe,2.27,2.3222656
1xhm,6.33,6.296875
4amz,9.82,9.984375
1xdg,7.3,7.2890625
4nat,6.48,6.6835938
2qfu,4.18,4.7382812
4fyo,7.33,7.828125
4mm9,5.68,6.1523438
2qju,4.1,3.7675781
2a3a,2.82,2.9765625
1ezq,9.05,8.390625
4mqp,4.98,5.0351562
4qwf,6.0,6.1757812
2oag,8.47,8.203125
3u10,5.44,5.2734375
3lc5,6.57,6.5976562
4fk6,9.7,9.2578125
4mk2,6.14,5.8710938
2g0g,6.29,6.5664062
2pj5,7.82,7.765625
3srb,4.19,4.0390625
4lh2,1.24,0.9584961
3h03,3.87,4.2304688
4aba,3.82,2.921875
1c8l,8.16,8.5234375
2zp0,7.6,7.875
3eid,6.35,6.5390625
5d1w,5.12,4.7070312
4q7v,3.59,3.4707031
4fhi,7.0,7.2226562
1tcw,6.02,5.875
2b1g,6.64,6.2617188
4gw8,6.06,5.8789062
4ou3,4.41,3.9960938
3ccc,8.1,8.5
3wk8,4.31,3.8984375
4jg1,6.63,6.5195312
1gqs,6.3,6.1171875
3rjw,7.57,7.625
3b2q,4.55,4.6484375
3r2a,6.12,5.2304688
1jd5,6.62,6.921875
3o8h,6.24,6.2460938
1kfy,5.28,5.0703125
3in3,7.22,6.859375
4clz,4.37,4.5273438
3ryw,6.24,6.28125
3a1e,2.66,3.3398438
1r5w,5.54,5.4257812
2vaq,8.52,8.3125
3pxq,4.43,4.5
4r91,6.37,6.2617188
3s3m,7.4,7.1289062
3c6u,8.87,8.7578125
2vwc,6.62,6.8867188
3so6,5.39,4.8046875
4mm4,6.37,6.6523438
1oe0,5.16,4.84375
1o2u,5.85,5.3789062
1g9t,3.28,2.7246094
2df6,5.98,5.8046875
4hyb,6.46,6.1289062
4hn2,6.89,6.6914062
4zxx,8.1,8.171875
4mi6,4.31,4.4882812
1ke3,6.7,7.1328125
1kdz,8.22,7.75
4zhl,6.47,5.71875
4pvv,6.48,6.71875
2jle,6.42,5.28125
4ytf,8.15,7.9101562
4loj,6.52,5.6328125
3rxb,2.66,2.7421875
3g34,2.96,3.1933594
3dya,8.52,7.859375
4hiq,8.21,7.6757812
2qyk,5.48,5.2148438
3o86,7.15,7.3242188
2h2e,3.0,2.5722656
1k1o,6.17,5.5585938
4ryc,7.1,6.8671875
2v3u,3.0,2.9375
3ztd,4.02,3.4765625
1srg,5.3,4.8398438
2oah,7.96,7.4023438
3wb5,4.57,4.2773438
3p9t,6.2,5.9726562
4zpf,6.74,6.390625
4mbj,7.21,7.1796875
2fie,5.46,5.2773438
1h8s,5.81,6.203125
2v10,9.4,9.1171875
3cth,6.96,6.8203125
4fak,4.28,3.9921875
3qri,9.1,8.4140625
3bxs,5.1,4.6992188
4zed,5.12,4.9960938
3kl6,8.46,7.9804688
1fvv,8.0,7.78125
4g19,3.58,4.1757812
2rqu,4.63,4.4101562
4k6i,6.2,6.390625
3tv7,7.52,7.1601562
3fuc,9.72,9.8515625
1p03,8.19,7.7226562
4zjj,8.0,8.078125
1kcs,7.0,7.9570312
2g1y,7.05,6.421875
3aaq,3.3,3.0019531
2vj9,6.74,6.59375
3k5d,7.28,6.984375
3g76,6.64,6.4375
2tpi,4.31,4.3945312
3zpq,7.17,7.234375
2ok1,6.26,6.3867188
3zyh,4.29,3.8964844
4gz3,5.74,5.5078125
1t08,5.51,5.28125
3gz9,8.4,7.8164062
4ajl,3.8,3.7363281
3g19,6.67,6.8710938
1os0,6.03,5.9335938
1b6j,7.92,8.7578125
4ge2,6.05,6.140625
4eft,4.07,4.0585938
4ea1,6.44,6.5429688
4b0j,2.15,2.1152344
4eo6,8.7,9.0078125
1ukh,6.38,5.7148438
1q63,5.85,5.7421875
4ln7,7.39,7.6015625
2ai7,6.4,6.1367188
4gvd,4.57,4.7851562
4q1x,11.15,10.75
2yme,7.66,7.296875
3pdh,6.74,6.34375
1nhg,7.3,6.7617188
3zvy,5.1,4.3007812
3mxe,10.01,9.6171875
3udy,5.7,5.7460938
4ezt,5.13,4.8320312
1aq7,6.05,5.8789062
4ayv,9.17,8.1171875
1s19,9.51,8.9765625
3uvw,5.17,4.9609375
4c4j,8.52,8.0078125
3uqg,5.0,4.7304688
2vpo,5.42,5.3085938
3t2t,2.4,2.1796875
3f07,5.54,5.21875
3ljj,6.52,6.3515625
2x39,8.66,8.1015625
4z3v,8.4,8.4921875
4p4i,7.46,7.5625
2y06,6.1,5.5273438
3l8x,8.0,7.6328125
4xuc,5.96,5.8671875
1a2c,6.3,6.546875
1w2h,5.0,4.3984375
2ydt,5.52,5.2539062
1ad8,6.6,6.0195312
1sri,6.08,5.6992188
2o4n,7.82,8.09375
1i5h,4.28,4.1679688
1mrx,7.26,7.5078125
1sqn,9.4,8.6875
1h01,4.66,4.359375
1lqf,8.3,8.1640625
4bw2,5.2,5.1367188
1v0l,7.55,7.1367188
1b3f,6.89,7.5625
1cyn,7.68,6.6054688
4pda,4.21,3.7792969
2oh4,8.46,7.8320312
4x1f,7.97,8.3359375
3vs3,9.37,8.03125
3zev,8.64,7.7578125
1sh9,6.03,6.3515625
3lq8,9.4,8.203125
2uzd,6.74,6.8476562
1rm8,9.0,8.9296875
1fh8,6.89,6.3945312
4kwp,7.49,7.421875
2jbu,3.4,3.6542969
4j0a,6.8,6.5976562
2q2z,8.7,8.4765625
3d9l,4.17,4.3671875
3dej,8.0,7.7226562
4lyn,7.22,6.7070312
2rjs,2.28,3.3886719
1det,4.3,3.9511719
3f3t,4.59,4.6367188
4bh4,1.49,1.3300781
4d1d,5.74,5.4335938
2boi,4.32,4.8398438
3oaw,8.15,8.0546875
4dr9,8.0,7.8476562
4ehg,7.19,6.9101562
1jet,7.25,7.2304688
3b7j,5.17,4.8828125
2gh7,13.0,12.2265625
2ow2,8.22,7.6132812
4ddl,8.31,8.5078125
3wpn,4.36,4.5117188
4joh,3.35,3.015625
4oeg,5.05,4.9296875
2ay7,2.3,2.6621094
3k97,8.0,7.53125
2khh,6.56,6.4648438
2iwu,5.92,6.140625
3eg6,5.77,5.5898438
1z6p,6.05,5.6953125
3i3d,1.99,1.7480469
3cow,6.9,6.9609375
3r5m,4.34,4.6640625
4qiz,8.15,7.6132812
1bux,4.85,4.6953125
1qbv,5.39,5.6757812
4f70,5.74,5.7226562
3skg,8.1,7.2773438
4x0f,7.0,7.3085938
4aro,6.8,6.5898438
3hwx,7.86,7.296875
2o4l,9.22,9.21875
3vgc,5.51,5.4648438
2uvm,7.1,6.6835938
3v4t,4.11,4.4179688
3l4y,7.0,6.6757812
2p0d,7.0,6.9023438
2chx,7.74,7.5351562
3gjw,8.3,7.671875
4zyi,8.1,8.09375
3fqs,7.39,6.7226562
3p4v,5.1,5.015625
1il9,3.4,3.2851562
3sv2,4.19,3.8339844
4msg,10.0,10.421875
4yee,6.49,7.125
2qnn,7.15,7.5195312
1xh9,7.77,7.6835938
3iob,3.42,3.5625
2kce,6.17,6.03125
4ayy,8.17,8.5859375
1a9u,7.32,7.5546875
5bvw,8.82,8.7109375
2x8i,6.72,6.84375
3rq7,7.77,7.1015625
4yuw,5.77,5.5507812
4l4v,5.78,5.5742188
3c0z,3.95,3.8730469
1u8t,4.26,4.2460938
4ccd,4.49,4.5859375
4gts,7.89,8.0625
1nax,6.43,5.75
3rhx,6.08,6.65625
2wez,7.64,7.34375
2ima,6.52,6.2148438
2jh0,8.7,7.7617188
2ra6,4.52,5.1054688
4yog,5.74,5.6445312
1r10,3.83,3.8535156
3nzu,8.85,8.5625
4pnk,6.6,6.9023438
3qtu,7.15,6.703125
5cbs,5.41,5.65625
2ynn,5.17,6.0742188
5ajy,6.3,6.4023438
4qz0,5.46,5.5976562
4b3d,2.68,2.6503906
4ygf,7.68,7.3046875
3mt9,4.59,4.6289062
2aia,5.41,4.9375
2vba,4.6,5.0859375
5apr,7.77,7.2460938
4ab8,3.87,3.8242188
4lm0,3.25,2.8554688
4y8y,9.15,9.3046875
3hmo,7.52,7.4179688
3ds3,5.22,5.5078125
3t3d,4.91,4.96875
1nnu,6.82,6.6796875
1mdl,3.09,2.8359375
2hy0,9.19,8.4453125
2wkz,8.77,8.3359375
2yde,3.72,3.6582031
1lhc,10.4,9.5390625
4mao,7.33,7.28125
2vd4,4.74,4.5820312
1ppc,6.16,6.3007812
4e5f,4.82,4.4804688
4akn,6.1,6.59375
3byu,9.1,9.5390625
1qkn,8.47,8.0078125
3lzs,10.96,11.0078125
4hwb,9.24,9.2890625
1n7i,6.59,6.6210938
1cbr,9.4,8.3984375
4umb,4.0,4.1835938
2w05,9.0,8.40625
1p0y,1.0,1.1796875
1di8,6.0,5.6953125
1t79,6.04,6.1835938
5edr,7.46,7.0546875
2ybk,4.62,4.6015625
3sur,4.15,4.3085938
1jwm,3.57,4.5859375
1w25,6.3,6.921875
1unl,6.7,6.8320312
1o4h,2.44,2.4023438
3dv5,7.66,8.234375
3uo6,7.82,7.5273438
4op3,8.15,7.9609375
2pg2,5.77,6.0039062
4gfn,8.3,9.09375
4mzs,7.92,7.8085938
3b5j,5.68,5.8203125
3zke,6.8,7.9023438
4l51,3.0,3.2324219
3io7,7.77,8.78125
1zm6,4.35,4.4570312
1dmt,8.7,8.8515625
3drs,9.3,9.9140625
4qyy,7.3,8.0078125
3dc2,3.02,3.1777344
3dri,4.42,4.34375
3rxo,4.08,4.0664062
4wrs,9.4,9.421875
3f5p,6.85,6.3085938
4qy8,7.19,6.9804688
2ohr,4.0,3.7753906
2wf4,7.89,7.7695312
3tay,3.38,3.1640625
2yoj,8.3,8.125
4nku,4.67,4.6914062
3gxt,4.74,4.046875
4x6y,7.72,7.65625
2zjf,7.72,7.6679688
4ua8,6.26,6.6367188
1sve,8.3,8.953125
4wno,6.8,7.046875
3ms4,3.28,3.0078125
1pqc,7.0,7.8515625
1dwc,7.41,7.5976562
1lf2,7.52,7.7460938
2q63,7.18,7.9765625
2p8n,3.15,2.90625
1jif,6.2,6.5351562
3ckr,5.3,5.6289062
5ea7,7.96,8.1875
1uym,6.0,5.8710938
3s7m,8.0,8.2265625
3ck7,4.05,3.9863281
4z88,5.39,5.6953125
3ihz,6.8,7.0429688
2o63,6.11,5.9101562
3kqs,5.2,4.9804688
3fjz,4.05,4.9765625
3sni,7.96,8.0625
2agv,7.7,7.875
1u9q,8.33,8.5
2op3,6.31,6.734375
3gjs,4.99,5.25
3mo8,3.1,2.7851562
2i80,5.4,5.9101562
3old,5.9,6.8398438
4x13,3.3,3.5
2wzs,3.85,4.2929688
3ff3,3.57,3.4296875
1lf3,7.0,6.8046875
3cde,7.66,7.7226562
3udq,6.0,5.9375
4k5z,3.0,2.7050781
4kao,6.11,5.4804688
3tpp,7.82,7.6835938
4f9v,6.03,6.4609375
4w9j,6.23,6.140625
4xgz,7.62,7.7734375
1fls,7.48,8.359375
3v2x,5.35,5.6601562
3frz,8.15,7.921875
3rwj,7.8,8.1796875
4z2k,5.78,6.3828125
1vjy,7.64,7.625
3w1f,8.44,8.6484375
3sv7,6.08,6.2421875
4jaj,5.26,5.8515625
4o0z,7.24,7.6171875
2j34,7.82,8.1875
2y57,6.89,7.4414062
1w4p,4.74,5.0820312
5a46,7.66,7.8476562
4abi,8.2,7.4570312
1zgv,6.0,5.8789062
1kz8,6.08,6.3398438
3wf6,7.48,7.75
3l8v,8.1,7.7578125
1ilq,4.89,5.4648438
1fv9,5.0,5.3359375
3ft2,7.36,6.6289062
2q8y,3.99,3.6699219
2e1w,7.96,7.8945312
4cts,5.0,5.140625
4qwr,5.93,5.7929688
2w0z,4.03,4.4765625
4yz9,7.7,8.671875
2j2u,7.33,8.078125
4zls,9.09,10.40625
3o7u,7.28,7.5546875
2vev,6.52,6.75
4uuq,7.54,7.3945312
3bux,5.63,5.8476562
3h0b,5.49,5.2851562
1zog,7.15,7.6132812
2iko,5.45,5.46875
4e3d,2.3,2.5976562
1bty,4.74,4.4882812
3pju,4.88,4.4960938
2x2r,7.12,7.125
4jze,8.15,8.0078125
2ony,6.68,7.0117188
1w8l,0.49,0.6123047
3lbk,6.04,5.6679688
4klb,4.16,4.2890625
1xog,6.39,6.2890625
1d4t,6.19,6.7421875
3ppk,8.85,8.96875
3mke,5.66,5.2109375
4nnr,7.26,7.8320312
1ftm,7.61,7.8867188
1ecq,3.0,3.4746094
1rt2,8.22,8.7109375
4yvc,5.96,6.0585938
3mz3,7.83,6.9570312
4u93,7.89,7.6484375
4o05,7.43,7.3007812
4dpt,7.3,6.2148438
1udu,9.05,8.4609375
4rxa,5.74,5.1914062
4r18,7.68,6.9414062
3g0b,8.15,7.8515625
3d1z,8.8,8.40625
4hfz,5.72,5.515625
2r3y,5.49,5.0195312
2w3i,10.0,9.296875
3f7b,7.19,6.7851562
3bhb,8.47,6.6523438
1ikv,6.28,5.203125
1t69,6.32,5.9375
2o4h,6.52,5.1484375
4iku,5.75,5.4257812
2zas,7.86,7.7421875
1z1r,9.22,9.0
4jxw,4.72,4.4609375
4d09,8.77,8.3671875
1ung,6.8,6.5117188
3mg0,9.25,8.625
1upk,6.4,6.109375
4mc1,7.85,7.4804688
3vhd,9.28,8.8984375
4q4o,7.46,6.8125
2ogy,4.48,3.921875
2h4n,8.7,7.9179688
4nra,4.19,4.2421875
3t82,7.0,6.9492188
2piz,6.77,6.0820312
2wji,5.02,4.8554688
4j74,4.59,4.3007812
4l0b,7.17,6.78125
4wk2,6.94,7.0273438
4y6p,7.16,7.0273438
3vha,7.4,6.7148438
2pow,7.2,7.0078125
3ha6,5.68,5.1640625
2y59,6.44,5.7773438
1tr7,6.82,5.9804688
3oe9,8.18,8.234375
1kdw,5.54,5.1914062
4ba3,5.54,4.5625
4tk4,5.1,4.625
3k5k,7.64,7.8515625
1r17,6.42,5.7304688
4qip,5.15,3.7734375
2vc9,8.44,7.7304688
2j7x,8.77,8.1875
1lhf,8.09,6.9804688
3iet,6.85,5.953125
2w3o,6.72,6.859375
2w8f,6.3,5.703125
4int,5.8,5.2773438
4c4g,8.22,7.2617188
2yis,8.77,8.9296875
4jmg,8.82,8.390625
2o4k,10.46,11.0390625
2rt5,6.72,5.5273438
1xlx,7.6,7.7304688
4bo8,6.92,6.15625
4ly9,8.15,7.4804688
5ab9,6.33,4.5234375
2xdk,3.6,3.1933594
3pvw,7.27,6.3085938
2qa8,6.0,5.921875
4hnp,6.78,6.2578125
4kin,8.32,7.8320312
1h3a,6.55,5.8789062
1sw2,7.22,6.4804688
3pqz,4.46,3.9394531
3hv3,6.33,5.6992188
4z8m,7.44,6.3476562
3ed0,6.35,6.09375
1bzf,8.3,7.3242188
3mxc,6.54,6.234375
1okz,8.3,7.40625
3b2w,9.22,8.1015625
4nw6,8.4,7.4140625
2oxn,7.44,7.125
2wyj,9.0,8.296875
1d9i,9.11,8.6484375
1fax,7.39,6.7265625
4d8e,7.01,6.6679688
1hww,7.7,7.4921875
3g30,2.51,1.8115234
4yab,5.07,4.5195312
4g69,5.98,5.1328125
2glp,5.01,4.3671875
3h2n,3.67,3.0
3kqr,4.43,3.9902344
1l0a,4.62,4.2539062
4qxr,6.0,5.5390625
3udj,3.62,3.1113281
4o9s,6.55,6.2773438
4xya,5.86,5.3867188
1aj6,5.92,6.0742188
1oeb,6.93,6.4804688
1h0w,4.89,4.6484375
3qxp,7.7,6.765625
1bhf,4.38,3.9375
4g2w,8.8,8.1796875
4po7,7.07,6.8515625
4zb6,6.28,5.9921875
3nii,4.23,3.9511719
5ake,7.82,7.2460938
4pvt,6.52,6.0195312
3fv8,6.8,6.3554688
1aw1,1.05,0.94091797
2go4,5.15,4.5625
5est,6.52,5.7382812
4s3f,6.24,5.9414062
3t0x,8.0,7.7421875
1d8f,7.74,7.2148438
2ylc,7.89,6.7773438
4jwk,8.32,8.5859375
5ek0,7.68,7.6875
3oag,9.51,8.796875
1kti,3.43,2.7109375
5a3o,4.73,3.9824219
3rwg,8.55,7.5195312
1tpz,6.19,5.6875
1a9q,6.17,5.2421875
1cps,6.66,6.9140625
4m2u,8.04,7.1523438
