ID,train_true,train_pred
DB12-TUTHIA_clean_repeat,199.84506,197.25
DB12-XIQHIO_clean_repeat,13.94235,11.359375
DB12-KIXXOG01_clean_repeat,136.97974,126.125
DB12-AMAGAX_clean_repeat,118.967026,87.125
DB12-KITVEQ_clean_repeat,110.08263,103.25
DB12-HOXSIY_clean_repeat,152.19012,126.625
DB12-WOQTUT_clean_repeat,141.7524,130.125
DB12-WOCWAN_clean_repeat,100.821724,99.1875
DB12-ATIBOU02_clean_repeat,87.97241,93.375
DB12-CUCSAU_clean_repeat,121.96201,109.125
DB12-HOPHUP_clean_repeat,119.06857,105.4375
DB12-PANYEL_clean_repeat,74.02444,70.125
DB12-HAPHUD_clean_repeat,220.22832,218.875
DB12-MIYGIL_clean_repeat,1.615601,6.0
DB12-QUXRIM_clean_repeat,70.85883,64.9375
DB12-OMEWUZ_clean_repeat,45.45525,49.09375
DB12-FURFOP_clean_repeat,124.11648,123.875
DB12-ECODEG_clean_repeat,162.1923,159.375
DB12-BOTLED_clean_repeat,0.016281167,12.5234375
DB12-LETDUK_clean_repeat,243.68002,223.375
DB12-jacs.6b01663_ja6b01663_si_003_clean_repeat,173.52821,220.875
DB12-JEXWUF01_clean_repeat,0.0,-0.75097656
DB12-LUFQUZ_clean_repeat,164.56113,141.25
DB12-HIZQUD_clean_repeat,144.50252,148.625
DB12-SEHZUB_clean_repeat,141.48518,131.0
DB12-TECVEE_clean_repeat,128.8045,122.4375
DB12-GADHIF_clean_repeat,144.86435,143.75
DB12-WIJDAV_clean_repeat,141.80893,133.875
DB12-NIRMUW01_clean_repeat,123.62024,118.1875
DB12-BETGAK_clean_repeat,212.61441,205.0
DB12-YOMZIL_clean_repeat,69.42131,81.0
DB12-c6ra28728j_c6ra28728j2_clean_repeat,64.8487,81.75
DB12-BEXRIG_clean_repeat,181.84862,179.125
DB12-c6cc02494g_c6cc02494g3_clean_repeat,216.38702,210.75
DB12-NATXIR_clean_repeat,74.38502,69.1875
DB12-DIBPAH_clean_repeat,170.05504,170.75
DB12-PORGAE_clean_repeat,106.75402,94.5
DB12-HUCXIO_clean_repeat,178.45477,167.125
DB12-RUYTIQ_clean_repeat,182.58578,183.125
DB12-XIPHIN_clean_repeat,53.85621,46.5
DB12-QIXSOG01_clean_repeat,181.28207,174.625
DB12-DAWVOO_clean_repeat,159.02824,159.625
DB12-HAJYEZ_clean_repeat,105.34046,95.5625
DB12-HGCNCO_clean_repeat,128.45546,126.75
DB12-RAVXAP_clean_repeat,150.07777,151.125
DB12-FIZPOV_clean_repeat,239.96243,256.25
DB12-XUNGUJ_clean_repeat,121.20068,115.25
DB12-NOFQII_clean_repeat,88.91716,79.375
DB12-JOSQEN_clean_repeat,88.647194,77.6875
DB12-cg301577a_si_002_clean_repeat,245.62245,251.25
DB12-UKUPIB_clean_repeat,218.35962,202.5
DB12-CAHSOU_clean_repeat,96.486244,71.3125
DB12-OWIHUZ_clean_repeat,224.59251,214.75
DB12-GOBXAY_clean_repeat,92.31136,79.8125
DB12-QOWRAV06_clean_repeat,242.73946,234.875
DB12-QOCSEH_clean_repeat,186.8224,152.875
DB12-SAKDAM01_clean_repeat,111.6923,107.25
DB12-OSUVOP_clean_repeat,49.86451,46.78125
DB12-KOPXOE_clean_repeat,31.584793,29.421875
DB12-LUBNAZ_clean_repeat,200.52419,213.0
DB12-ARUYES_clean_repeat,165.73071,169.375
DB12-INOMOP01_clean_repeat,151.98523,153.125
DB12-KUNWEW_clean_repeat,84.66736,86.8125
DB12-ACOGEF_clean_repeat,153.8849,149.625
DB12-MUVJIX_clean_repeat,132.5241,126.125
DB12-ROGLOP_clean_repeat,104.79678,119.4375
DB12-MIDCAF_clean_repeat,196.48677,188.875
DB12-CIWRIK_clean_repeat,196.59366,200.5
DB12-GARLIX_clean_repeat,171.21779,161.0
DB12-cm202876r_si_002_clean_repeat,115.844315,122.8125
DB12-NUYWOU_clean_repeat,73.08578,82.125
DB12-DEPTOH_clean_repeat,212.21222,201.75
DB12-GELJAJ_clean_repeat,87.52146,70.5625
DB12-MOCJEU_clean_repeat,2.2732635,-0.11743164
DB12-LIVTIT_clean_repeat,172.43428,169.375
DB12-MUTDEM_clean_repeat,175.15347,170.375
DB12-DIDBAV_clean_repeat,198.31247,191.0
DB12-YARYUL_clean_repeat,143.91144,137.125
DB12-AQIXUV_clean_repeat,128.05545,116.0625
DB12-YOZRUC_clean_repeat,162.98701,94.375
DB12-WOWBIV_clean_repeat,102.46922,79.8125
DB12-LUSHOX01_clean_repeat,135.41632,132.75
DB12-OGIYAF_clean_repeat,158.83888,142.375
DB12-GUKZAO_clean_repeat,187.13698,193.125
DB12-LUFNAC04_clean_repeat,199.89644,191.75
DB12-ja500618z_si_006_clean_repeat,150.06024,149.875
DB12-AQUDIB_clean_repeat,228.95233,210.75
DB12-SUNJIV_clean_repeat,195.11163,187.75
DB12-IRELAU_clean_repeat,211.76295,175.0
DB12-BAZDAJ_clean_repeat,44.26151,44.15625
DB12-YOZSAJ_clean_repeat,12.910056,24.546875
DB12-VIZTIJ_clean_repeat,178.4547,183.25
DB12-DEJJIN_clean_repeat,193.00018,208.875
DB12-COKNAT_clean_repeat,241.0018,232.5
DB12-JUTCIM_clean_repeat,209.51794,204.25
DB12-KOJTOU_clean_repeat,189.21259,200.125
DB12-DOKDEN_clean_repeat,217.46074,238.0
DB12-TURDUH_clean_repeat,162.89279,159.375
DB12-CUGVUW_clean_repeat,96.235344,70.75
DB12-UHIYOB_clean_repeat,0.6337193,1.1943359
DB12-XAMDUM04_clean_repeat,248.35172,250.125
DB12-FUHNED_clean_repeat,184.51097,179.75
DB12-VUSKEA_clean_repeat,239.9644,229.75
DB12-MULXOH_clean_repeat,178.83089,178.375
DB12-BUXZAX_clean_repeat,194.59566,219.875
DB12-UKUCAF_clean_repeat,147.88602,140.875
DB12-KUGQIN_clean_repeat,4.370615,12.1484375
DB12-JASNAT_clean_repeat,140.90408,124.5
DB12-DIHVIB01_clean_repeat,237.28993,231.375
DB12-TIXMIX_clean_repeat,132.4444,122.75
DB12-CUWZIF_clean_repeat,156.42651,148.0
DB12-WUSLED_clean_repeat,212.43996,209.875
DB12-EDAGEX_clean_repeat,89.16001,99.125
DB12-MAPFIS_clean_repeat,162.82164,159.875
DB12-DAMZEZ_clean_repeat,75.43992,71.875
DB12-RUFMUA01_clean_repeat,131.57971,124.875
DB12-QOQWOK_clean_repeat,194.39714,185.375
DB12-SIKYER_clean_repeat,226.50294,213.5
DB12-XEXLUJ_clean_repeat,170.02542,172.375
DB12-YUXQOY_clean_repeat,217.19801,216.75
DB12-REXFIL_clean_repeat,167.62798,184.375
DB12-SEHSUU_clean_repeat,219.28406,202.625
DB12-OKIPUU_clean_repeat,59.97118,52.28125
DB12-FINQOK_clean_repeat,171.22597,167.0
DB12-YIVZOU_clean_repeat,185.35466,179.625
DB12-CAJHUS04_clean_repeat,0.0,-1.8652344
DB12-OVICUS_clean_repeat,86.92012,78.5
DB12-WARFAZ_clean_repeat,111.37739,96.875
DB12-SARGOJ_clean_repeat,228.86652,235.625
DB12-ROLCEC14_clean_repeat,0.0,0.06384277
DB12-MEMGAN_clean_repeat,153.14432,158.25
DB12-GUDJOG_clean_repeat,195.11339,213.125
DB12-VALZIU_clean_repeat,151.44545,146.0
DB12-VAGMEX_clean_repeat,225.84076,230.875
DB12-WARJAC_clean_repeat,156.36519,176.875
DB12-SOHGUS_clean_repeat,226.22096,247.0
DB12-NUCYIV_clean_repeat,70.36036,70.3125
DB12-RUWZUG_clean_repeat,120.171646,126.375
DB12-WUYXUL_clean_repeat,221.11891,226.25
DB12-VUKTAY_clean_repeat,135.5877,143.25
DB12-IZEQUB_clean_repeat,186.52933,209.875
DB12-KUTDAG_clean_repeat,178.13213,172.5
DB12-YEMLOS_clean_repeat,0.41828454,10.8046875
DB12-GAGXAP_clean_repeat,62.0165,91.4375
DB12-AFOVAT_clean_repeat,206.68959,207.0
DB12-EBEWIT_clean_repeat,190.81522,196.0
DB12-HELDOT_clean_repeat,237.33377,231.75
DB12-MUGQAI_clean_repeat,62.499184,67.625
DB12-SUNLET_clean_repeat,203.33356,214.5
DB12-TIKMEH_clean_repeat,126.93593,129.125
DB12-OJOZOE_clean_repeat,67.44611,58.40625
DB12-WIKYAQ_clean_repeat,76.88225,79.6875
DB12-TISJOW_clean_repeat,31.61091,31.125
DB12-YOMHAK_clean_repeat,0.16934493,13.6640625
DB12-FEJKEM_clean_repeat,64.61316,78.75
DB12-ZAVPOD_clean_repeat,161.81966,162.5
DB12-ESEVIH_clean_repeat,136.83557,144.25
DB12-ORUHAM_clean_repeat,0.0,1.9296875
DB12-ABEXIQ_clean_repeat,105.15518,115.8125
DB12-QALNEW_clean_repeat,97.13925,100.0
DB12-EVUPOC_clean_repeat,164.14989,173.5
DB12-ROQFUA_clean_repeat,107.45223,115.6875
DB12-YEGTEK_clean_repeat,91.98633,103.0
DB12-KADLUZ_clean_repeat,207.66196,218.625
DB12-HOWPOZ_clean_repeat,188.0689,199.75
DB12-TISNEQ_clean_repeat,13.7429285,30.75
DB12-IZIKEJ_clean_repeat,151.84319,160.875
DB12-ADABUE_clean_repeat,59.292313,75.6875
DB12-BEPVID_clean_repeat,91.811295,112.1875
DB12-WOHZAU_clean_repeat,113.6594,126.9375
DB12-HOBGEL_clean_repeat,139.80008,151.125
DB12-SOVLEW_clean_repeat,238.23807,255.125
DB12-WODFOL_clean_repeat,113.43959,149.25
DB12-HOVJIN_clean_repeat,57.250576,81.75
DB12-LORROB_clean_repeat,108.97815,122.5625
DB12-IWOSAP_clean_repeat,75.099495,88.375
DB12-LAHYOL_clean_repeat,124.49571,140.0
DB12-RUHFEH_clean_repeat,176.50053,177.875
DB12-AKUKUO_clean_repeat,119.67285,128.25
DB12-DAPBED_clean_repeat,244.67783,261.0
DB12-NOFHOG_clean_repeat,247.50046,234.75
DB12-EBAWIQ_clean_repeat,84.20249,88.3125
DB12-KEDJAG26_clean_repeat,200.26068,196.625
DB12-LASWIN_clean_repeat,138.83061,153.0
DB12-NIMPEG01_clean_repeat,257.11093,249.5
DB12-BIMDEF_clean_repeat,171.72398,158.375
DB12-FAVGER_clean_repeat,110.83734,124.25
DB12-UGAQEY_clean_repeat,131.42078,157.25
DB12-TORKES_clean_repeat,155.79398,152.75
DB12-SOZRUW_clean_repeat,235.81818,252.375
DB12-ABAYIO_clean_repeat,195.58249,179.5
DB12-EKIJAL_clean_repeat,0.032296605,-3.1386719
DB12-OYOSAX_clean_repeat,115.9317,131.375
DB12-SEYFEI_clean_repeat,117.887726,123.3125
DB12-AHUTIH01_clean_repeat,80.18481,100.1875
DB12-GISWEM_clean_repeat,90.0998,80.1875
DB12-SURDOA_clean_repeat,91.819916,92.4375
DB12-HEDGUS_clean_repeat,0.34986272,2.9433594
DB12-RAYLOU_clean_repeat,117.98236,128.25
DB12-NIMXIS_clean_repeat,198.68538,210.375
DB12-PURJIW_clean_repeat,199.56859,227.25
DB12-QASTUC_clean_repeat,113.565125,115.9375
DB12-COVJAA_clean_repeat,111.58104,112.375
DB12-DIYWIT_clean_repeat,78.37005,62.28125
DB12-FUVGAG_clean_repeat,43.84407,47.09375
DB12-GOYXID_clean_repeat,81.59394,79.25
DB12-ncomms7350-s2_clean_repeat,126.46694,142.625
DB12-ECIWOC_clean_repeat,78.40745,89.1875
DB12-PIJJOI_clean_repeat,120.203415,140.25
DB12-HOGJOD_clean_repeat,125.81895,133.125
DB12-CUGLTM01_clean_repeat,0.0030911032,1.7539062
DB12-MACHIJ_clean_repeat,189.39882,197.125
DB12-SAKRAZ_clean_repeat,207.17719,224.125
DB12-c5ce02194d_c5ce02194d2_clean_repeat,167.55763,192.75
DB12-ABEFUL_clean_repeat,63.91069,80.5625
DB12-APEBED_clean_repeat,86.95621,81.3125
DB12-c6ce00407e_c6ce00407e2_clean_repeat,225.75389,237.25
DB12-XIFHIF_clean_repeat,170.40082,183.25
DB12-ZERNUH_clean_repeat,71.598404,74.0
DB12-WODROY_clean_repeat,84.633606,108.375
DB12-PEPLIG_clean_repeat,178.10126,182.875
DB12-OBAHOR_clean_repeat,174.66064,201.125
DB12-PAPVAF_clean_repeat,243.41777,234.5
DB12-YAYLIV_clean_repeat,59.241703,63.09375
DB12-XIPTEW_clean_repeat,0.03745075,-0.16149902
DB12-NOSTUM01_clean_repeat,194.5479,198.875
DB12-YICGOI_clean_repeat,79.1778,104.25
DB12-CODSAR_clean_repeat,7.632101,5.3164062
DB12-OHAKEO_clean_repeat,116.867714,126.5625
DB12-UGEPEB01_clean_repeat,60.116985,78.375
DB12-OPAPUR_clean_repeat,80.23435,82.1875
DB12-FIJDIM06_clean_repeat,140.23505,156.75
DB12-NOFQOQ_clean_repeat,88.49841,91.8125
DB12-HEKTUO01_clean_repeat,127.73357,154.125
DB12-OFOCUI_clean_repeat,245.46216,276.0
DB12-CURYOE01_clean_repeat,181.36899,178.75
DB12-VUZVER_clean_repeat,138.57396,142.375
DB12-VAZKUE_clean_repeat,22.661617,26.453125
DB12-EMOSOP_clean_repeat,56.99068,74.75
DB12-EPOXAJ_clean_repeat,118.301125,127.125
DB12-NINVAI_clean_repeat,240.40054,245.25
DB12-COXQUB_clean_repeat,86.23957,107.375
DB12-DANROC_clean_repeat,126.24776,133.0
DB12-MABKIK01_clean_repeat,91.362816,93.8125
DB12-KAHKUB_clean_repeat,155.79585,160.0
DB12-OVIZOJ_clean_repeat,63.220406,74.375
DB12-acscombsci.5b00188_5020072_clean_repeat,195.79463,220.75
DB12-WALBOC02_clean_repeat,124.2868,140.375
DB12-MAJHUC_clean_repeat,42.99215,67.5625
DB12-QIJLAW_clean_repeat,159.18735,164.75
DB12-XEKCAT01_clean_repeat,220.80403,213.0
DB12-XAPCOJ03_clean_repeat,218.56805,216.75
DB12-DEPXAY_clean_repeat,221.4493,215.625
DB12-TATSIS_clean_repeat,59.771244,77.125
DB12-PEGQID_clean_repeat,76.01681,81.625
DB12-ARAGOR_clean_repeat,153.89426,168.5
DB12-KONFEA_clean_repeat,95.64476,91.0
DB12-WEHHOI_clean_repeat,254.67023,256.0
DB12-HIBGIJ_clean_repeat,86.910614,86.4375
DB12-POJTUE_clean_repeat,0.0008250854,-0.6196289
DB12-NOLRIR_clean_repeat,163.41795,160.0
DB12-acs.inorgchem.5b02108_ic5b02108_si_002_clean_repeat,229.43729,225.0
DB12-HITXUE_clean_repeat,234.30705,235.5
DB12-YASLUA_clean_repeat,143.39479,150.875
DB12-KOJZIT_clean_repeat,227.93619,243.75
DB12-JOJLOK_clean_repeat,72.900116,98.1875
DB12-RUGGOR_clean_repeat,138.82709,157.25
DB12-WUFSAT_clean_repeat,72.96233,81.875
DB12-JODFOZ_clean_repeat,79.93249,81.375
DB12-UWELIS_clean_repeat,218.70024,241.875
DB12-MUXJAQ01_clean_repeat,0.25986645,3.5292969
DB12-RIYBOS_clean_repeat,211.68549,209.0
DB12-MEJQEZ_clean_repeat,105.36608,106.25
DB12-c6cc02494g_c6cc02494g6_clean_repeat,207.11385,206.875
DB12-RUSXAG_clean_repeat,167.06995,169.875
DB12-XUMVAD_clean_repeat,185.1345,190.25
DB12-JEXXAM06_clean_repeat,0.0,4.1601562
DB12-WIDZOA_clean_repeat,69.1729,91.6875
DB12-LUMZEA_clean_repeat,83.01373,75.3125
DB12-LULXAS_clean_repeat,141.84448,139.375
DB12-CEGWER_clean_repeat,101.40914,101.625
DB12-ICOYIK_clean_repeat,103.14361,96.5625
DB12-KINLAW_clean_repeat,0.15581375,32.65625
DB12-ja203898s_si_006_clean_repeat,186.59047,204.125
DB12-YUCNEQ_clean_repeat,172.11017,184.375
DB12-WOWMEC_clean_repeat,117.29158,139.5
DB12-NOCZAI_clean_repeat,66.78093,81.5
DB12-RABHAZ_clean_repeat,171.50313,185.375
DB12-ZIJVOF_clean_repeat,141.38893,149.25
DB12-TAJQEC_clean_repeat,86.6993,88.1875
DB12-HUQGOR_clean_repeat,230.71239,253.375
DB12-WIDQEG_clean_repeat,230.97523,220.875
DB12-WEDQED_clean_repeat,120.518974,122.5625
DB12-LULVOF_clean_repeat,102.37812,95.4375
DB12-EWUKAK_clean_repeat,200.24637,224.5
DB12-DADNUU_clean_repeat,141.51828,144.125
DB12-USEVOF_clean_repeat,205.94771,206.0
DB12-SOHNIN_clean_repeat,206.02376,192.875
DB12-GAMTOE_clean_repeat,46.584785,51.59375
DB12-RIPKIM01_clean_repeat,114.37175,123.3125
DB12-CUGFAN_clean_repeat,41.02003,41.71875
DB12-OKIPOO_clean_repeat,71.78897,91.875
DB12-CIZLEE_clean_repeat,1.9532256,3.4433594
DB12-DAWBUA_clean_repeat,112.396324,117.0
DB12-TAFBIN_clean_repeat,68.98396,73.0625
DB12-SOCLAZ_clean_repeat,53.019985,41.4375
DB12-MABJUV_clean_repeat,63.36026,69.1875
DB12-ERIWAF_clean_repeat,233.93987,243.75
DB12-ROQDIM03_clean_repeat,118.53915,108.3125
DB12-TEWGEJ01_clean_repeat,76.50477,75.0
DB12-XUJSAY_clean_repeat,74.727196,72.4375
DB12-EPEYAB_clean_repeat,147.66493,153.125
DB12-FEFZOF_clean_repeat,150.16634,126.1875
DB12-EKIGIQ_clean_repeat,85.38802,94.9375
DB12-IFEYIB_clean_repeat,148.4966,136.75
DB12-TILDIC_clean_repeat,95.247574,80.4375
DB12-RONSIY_clean_repeat,78.83968,95.4375
DB12-ECAFOG_clean_repeat,155.11661,158.75
DB12-ZEZQEC_clean_repeat,170.23312,162.5
DB12-XEGKIF_clean_repeat,134.23805,153.75
DB12-HOHJAR_clean_repeat,65.03532,98.625
DB12-WEHJOK_clean_repeat,257.67435,261.25
DB12-GADDOH_clean_repeat,178.64749,189.125
DB12-MAQRAA_clean_repeat,161.58626,169.5
DB12-DONKOI_clean_repeat,179.87073,193.0
DB12-SERJUV_clean_repeat,159.08047,167.25
DB12-XUWSUD_clean_repeat,148.52536,145.5
DB12-TAGCIP_clean_repeat,0.1547385,1.4873047
DB12-jp102463p_si_002_clean_repeat,214.66425,214.5
DB12-TISHAF_clean_repeat,236.61041,230.625
DB12-FEBPUY_clean_repeat,121.30829,132.375
DB12-OYEBIE_clean_repeat,105.56845,74.625
DB12-CUTGII_clean_repeat,115.91143,132.625
DB12-TERNUA_clean_repeat,188.13054,195.0
DB12-PASNAA_clean_repeat,155.49722,167.125
DB12-UZIJUJ_clean_repeat,191.64763,198.75
DB12-WARWOC_clean_repeat,40.286663,31.734375
DB12-XUNRUV_clean_repeat,96.10694,98.6875
DB12-GOYPER_clean_repeat,133.49944,131.875
DB12-NAHNES_clean_repeat,247.17274,242.0
DB12-NIGGEQ_clean_repeat,218.93214,225.75
DB12-REWSUJ_clean_repeat,151.04237,170.5
DB12-ARAFIJ_clean_repeat,222.60527,233.0
DB12-NIHBEM_clean_repeat,88.97495,98.0
DB12-RAKPEZ_clean_repeat,40.772877,45.09375
DB12-SUPLOF_clean_repeat,219.48993,208.375
DB12-COKPEZ_clean_repeat,243.042,250.5
DB12-MALROJ_clean_repeat,228.8564,232.75
DB12-USOXEH_clean_repeat,171.6117,172.75
DB12-FECYUJ_clean_repeat,213.96666,222.625
DB12-IXECET_clean_repeat,221.02911,218.375
DB12-ONIXOZ_clean_repeat,218.63423,227.5
DB12-LEVYOC_clean_repeat,104.565094,116.5625
DB12-OPAGIX_clean_repeat,242.60315,250.75
DB12-ZOMNEW_clean_repeat,183.7695,171.875
DB12-AQODOA_clean_repeat,44.35046,47.5
DB12-TISWEZ_clean_repeat,57.030865,60.34375
DB12-SOPPOD_clean_repeat,2.0717804,13.03125
DB12-LIJXEI_clean_repeat,67.63218,83.9375
DB12-ZUDQEW_clean_repeat,158.63188,149.5
DB12-ISIKOL_clean_repeat,0.0,6.0273438
DB12-IXAMEA_clean_repeat,148.89876,129.25
DB12-XOVPUU_clean_repeat,236.45259,241.625
DB12-c5nj01930c_c5nj01930c2_clean_repeat,137.6609,141.125
DB12-YUZRAO_clean_repeat,160.63608,151.375
DB12-ALATAK_clean_repeat,25.178108,40.46875
DB12-KONCIA_clean_repeat,138.73582,145.125
DB12-CUGLTM_clean_repeat,0.003312013,1.8925781
DB12-KEDJAG02_clean_repeat,200.41914,210.875
DB12-SOZSEH_clean_repeat,236.59926,219.5
DB12-ROQDIM_clean_repeat,121.56627,112.1875
DB12-WOBQEL_clean_repeat,166.5322,175.5
DB12-FIPXAF_clean_repeat,112.380745,117.0
DB12-GIKMOD_clean_repeat,107.907906,106.0
DB12-VEJYUF02_clean_repeat,70.5603,67.5625
DB12-YONNAR_clean_repeat,242.97105,246.5
DB12-PARHEW_clean_repeat,249.01474,253.75
DB12-OTIPUE_clean_repeat,92.41363,89.875
DB12-IYAHEX_clean_repeat,65.425835,70.25
DB12-RURPAW_clean_repeat,169.38834,177.75
DB12-GUFXEM_clean_repeat,165.61555,163.375
DB12-COKQEA_clean_repeat,231.31007,228.125
DB12-ROYRII_clean_repeat,148.44524,157.75
DB12-HOJPAZ_clean_repeat,90.506714,109.875
DB12-UBECEM_clean_repeat,150.65755,143.875
DB12-WEFXEM_clean_repeat,164.73718,144.875
DB12-YUZBIG_clean_repeat,68.268036,51.96875
DB12-ic049498msi20040906_121120_clean_repeat,120.3091,122.8125
DB12-KIDDIM_clean_repeat,137.29027,138.25
DB12-UNABUH01_clean_repeat,99.88536,85.0
DB12-BENXUP_clean_repeat,104.12633,99.9375
DB12-ZOFZIF_clean_repeat,237.68956,202.375
DB12-QOZPOM_clean_repeat,162.22247,158.875
DB12-ECOROD_clean_repeat,108.48716,106.0625
DB12-AJAMEF_clean_repeat,84.45172,63.59375
DB12-MEJZEI_clean_repeat,85.601746,78.875
DB12-cm503311x_alf350K_clean_repeat,197.54866,160.625
DB12-KUDWAJ_clean_repeat,197.12404,195.25
DB12-jz4002345_si_006_clean_repeat,204.41824,188.25
DB12-ICEGED_clean_repeat,211.69978,205.875
DB12-AGIMOU_clean_repeat,129.82506,135.375
DB12-DUXMAL_clean_repeat,158.81512,165.5
DB12-RUWWUC_clean_repeat,139.3966,123.625
DB12-TUYJED_clean_repeat,215.12619,227.375
DB12-GAYGAQ_clean_h_repeat,145.48714,134.25
DB12-QUZZES_clean_repeat,173.35121,173.75
DB12-DALTAO_clean_repeat,146.45975,145.625
DB12-NAYZOE_clean_repeat,245.35553,226.625
DB12-FAMQES_clean_repeat,251.58144,261.0
DB12-HEDCEA_clean_repeat,99.90943,93.8125
DB12-EZUCIM_clean_repeat,183.77902,170.375
DB12-OYIVIC_clean_repeat,153.06339,154.375
DB12-UFEMIC_clean_repeat,126.85279,139.125
DB12-ZAVRAR_clean_repeat,161.75885,151.875
DB12-ATIBOU01_clean_repeat,87.8173,81.0625
DB12-OTOROF_clean_repeat,76.37573,64.875
DB12-KAXFUM_clean_repeat,106.522446,98.3125
DB12-NIKDAM_clean_repeat,187.47537,191.375
DB12-BARZOK_clean_repeat,59.48697,67.375
DB12-QIVBUT_clean_repeat,155.11082,130.0
DB12-PORVUO_clean_repeat,174.80925,168.25
DB12-QOJTUE_clean_repeat,190.66856,185.25
DB12-XEGKAX_clean_repeat,198.62799,185.875
DB12-ROQMER01_clean_repeat,123.74754,115.8125
DB12-ROQNES03_clean_repeat,109.14765,103.75
DB12-UBULUA_clean_repeat,206.20209,199.875
DB12-USUBUG_clean_repeat,193.51363,198.125
DB12-ASALOV_clean_repeat,76.904205,72.75
DB12-ETECOX_clean_repeat,220.82918,202.25
DB12-BEPNOB_clean_repeat,173.79149,151.375
DB12-QOMRUH_clean_repeat,200.13681,195.375
DB12-ZILBED_clean_repeat,206.53406,180.0
DB12-DEJRUH_clean_repeat,150.95459,135.0
DB12-CIFMIP_clean_repeat,203.17128,191.25
DB12-URUVUA_clean_repeat,198.77827,196.0
DB12-VIRKIQ_clean_repeat,111.25935,102.9375
DB12-FUVDEH07_clean_repeat,45.821564,40.28125
DB12-GAMVAS_clean_repeat,44.882812,41.0625
DB12-PENNUT_clean_repeat,135.5686,139.75
DB12-EFEGOM_clean_repeat,154.566,150.375
DB12-IDIWIB_clean_repeat,167.5269,170.125
DB12-GUKXIU_clean_repeat,81.67624,60.59375
DB12-NAQQON_clean_repeat,214.86916,223.25
DB12-AMILOY_clean_repeat,176.1131,167.125
DB12-XIHSAJ_clean_repeat,171.07916,164.25
DB12-OXAZIX_clean_repeat,58.422237,49.40625
DB12-RUGGUX_clean_repeat,135.95844,132.875
DB12-KUCDOD_clean_repeat,159.84924,170.75
DB12-REJLIC_clean_repeat,180.75694,184.125
DB12-TUKCUZ_clean_repeat,63.7602,68.25
DB12-FIJDIM08_clean_repeat,142.71146,132.125
DB12-VATYAR_clean_repeat,149.8873,151.25
DB12-ZEDROR_clean_repeat,166.18323,146.375
DB12-PEPKUR_clean_repeat,122.275024,123.0
DB12-BARZAW_clean_repeat,61.698666,48.78125
DB12-EPONEE_clean_repeat,130.69923,137.875
DB12-QOVSOL_clean_repeat,137.82968,149.5
DB12-FURSES_clean_repeat,116.606316,120.0625
DB12-QOWRAV04_clean_repeat,242.94212,246.125
DB12-UFENEZ_clean_repeat,116.58693,111.25
DB12-AVAQIX_clean_repeat,158.6677,170.125
DB12-ZEDHIB_clean_repeat,113.5216,85.375
DB12-DEBGIA_clean_repeat,118.80619,120.9375
DB12-TAJXIO05_clean_repeat,10.591071,6.7734375
DB12-TUMROK_clean_repeat,152.17607,154.5
DB12-XUMTUV_clean_repeat,185.06546,178.0
DB12-BIWYAH10_clean_repeat,169.51884,153.5
DB12-KAVTEI_clean_repeat,166.2411,153.25
DB12-QUPDEL_clean_repeat,148.67796,124.5
DB12-ERUVEU_clean_repeat,0.5161457,2.1933594
DB12-EMAMOW_clean_repeat,104.753494,102.125
DB12-FOJKIA_clean_repeat,180.67343,178.125
DB12-YEKXET_clean_repeat,206.4304,202.25
DB12-INOVEN_clean_repeat,210.44328,207.5
DB12-OPIYAP_clean_repeat,166.68675,170.5
DB12-CESYEF_clean_repeat,0.07349873,-1.3876953
DB12-LERNAY01_clean_repeat,101.31526,93.5
DB12-IJANEN_clean_repeat,132.33966,84.875
DB12-APETAS_clean_repeat,96.33031,82.3125
DB12-UKUPEX_clean_repeat,154.22502,151.5
DB12-AQIQAU_clean_repeat,214.20158,214.125
DB12-METYIU_clean_repeat,123.47565,130.75
DB12-HEMTEZ_clean_repeat,157.30518,146.875
DB12-XUFPIZ_clean_repeat,33.431824,34.875
DB12-ADASOP_clean_repeat,259.2506,257.25
DB12-NAWWUG_clean_repeat,185.26758,196.5
DB12-CACBUG_clean_repeat,112.9885,79.4375
DB12-QOXNIB_clean_repeat,104.23966,104.375
DB12-OGAGEJ_clean_repeat,188.65527,176.125
DB12-PELNEA01_clean_repeat,6.6780353,0.19934082
DB12-PEMRIK_clean_repeat,155.07175,140.75
DB12-FAPXOM_clean_repeat,220.55028,221.0
DB12-WABVIF_clean_repeat,145.84755,140.75
DB12-GIDKOU_clean_repeat,121.85622,110.9375
DB12-NATKIF_clean_repeat,227.98203,218.375
DB12-GADFAV_clean_repeat,115.83141,122.9375
DB12-ECAHEX_clean_repeat,113.44922,104.375
DB12-EGAFOJ_clean_repeat,135.50888,132.5
DB12-DOHYIJ_clean_repeat,69.115776,56.03125
DB12-OJIWIO_clean_repeat,102.131,98.9375
DB12-LEGGEK_clean_repeat,153.86562,140.5
DB12-RAVVIU_clean_repeat,91.7842,78.1875
DB12-BUGSOM_clean_repeat,109.65097,104.875
DB12-ERAHOV_clean_repeat,252.11565,238.5
DB12-IXAMIE_clean_repeat,147.68864,111.3125
DB12-CUVGIK_clean_repeat,151.57108,164.125
DB12-NOKLIJ_clean_repeat,231.76103,198.625
DB12-ic200463k_si_002_clean_repeat,100.76221,77.75
DB12-XAPDAU_clean_repeat,199.42587,198.75
DB12-PUDSUD_clean_repeat,208.27603,199.375
DB12-ECEBEW_clean_repeat,131.70024,123.9375
DB12-XAMDUM06_clean_repeat,244.04915,224.75
DB12-NUDMOQ_clean_repeat,149.50067,167.25
DB12-VAZTOG_clean_repeat,229.24414,242.5
DB12-PIZPIX_clean_h_repeat,162.0274,148.25
DB12-HUJGEA_clean_repeat,243.75279,267.5
DB12-VANXUD_clean_repeat,143.19688,136.625
DB12-jacs.5b12516_ja5b12516_si_004_clean_repeat,179.67609,156.375
DB12-TIRRIW_clean_repeat,156.9874,176.75
DB12-AYUPOZ_clean_repeat,41.39189,50.09375
DB12-EGAGEA_clean_repeat,139.57391,132.625
DB12-EXEXAH_clean_repeat,175.52931,166.25
DB12-MIVPEN_clean_repeat,0.022349048,-2.7832031
DB12-GAMTAQ_clean_repeat,142.6842,126.25
DB12-NELWIL_clean_repeat,1.6219661,4.8203125
DB12-ZIHTEP_clean_repeat,65.399925,79.6875
DB12-NAWXER_clean_repeat,256.2104,269.75
DB12-JORLEJ_clean_repeat,212.01529,210.5
DB12-SADLEQ_clean_repeat,190.33574,202.125
DB12-SIBDEO_clean_repeat,53.43941,35.53125
DB12-DAKVUI_clean_repeat,243.30756,240.375
DB12-ja5063423_si_002_clean_repeat,237.72325,234.25
DB12-FAHBIC_clean_repeat,128.664,135.0
DB12-OPENON_clean_repeat,82.782036,77.875
DB12-BOCTOE01_clean_repeat,106.587234,113.5
DB12-EDAFUM_clean_repeat,88.043304,86.625
DB12-TISKOW_clean_repeat,102.74696,88.0625
DB12-OGEBAF01_clean_repeat,225.17812,219.875
DB12-QAGQEW_clean_repeat,240.54727,248.125
DB12-KUQWIE_clean_repeat,62.300854,52.65625
DB12-RUHFIL_clean_repeat,174.26967,167.625
DB12-HAQJIV_clean_repeat,267.4736,249.625
DB12-ECASAD_clean_repeat,72.34542,84.5625
DB12-WOGHEG_clean_repeat,128.12752,118.9375
DB12-XALDAQ_clean_repeat,133.08664,124.875
DB12-RUZDAS_clean_repeat,104.39101,86.6875
DB12-QOMTET_clean_repeat,137.35306,137.75
DB12-ic100188w_si_002_clean_repeat,92.83002,88.6875
DB12-PIKBUH_clean_repeat,36.462383,34.34375
DB12-XEHSOT_clean_repeat,92.30679,77.6875
DB12-PEDMOB_clean_repeat,102.496765,106.4375
DB12-KETSEI_clean_repeat,94.84132,91.875
DB12-XUNTAD_clean_repeat,95.96536,80.5625
DB12-FUXXIH_clean_repeat,184.79651,169.5
DB12-WEHHIC_clean_repeat,253.85783,251.0
DB12-PAMVEG_clean_repeat,70.537834,59.8125
DB12-BOWNUY_clean_repeat,219.4602,207.75
DB12-OQIQIQ_clean_repeat,121.59616,123.375
DB12-SOTTUR_clean_repeat,93.44189,101.5625
DB12-OBIBAF_clean_repeat,174.99286,190.5
DB12-QAVWAN_clean_repeat,136.99295,157.375
DB12-UCOJAZ_clean_repeat,200.70123,217.25
DB12-DADLEC_clean_repeat,102.63633,95.5625
DB12-XUMVEH_clean_repeat,181.33131,169.75
DB12-LUWYUY_clean_repeat,50.258392,52.3125
DB12-HOJPIH_clean_repeat,86.573105,97.9375
DB12-LOMMIL_clean_repeat,16.867085,18.03125
DB12-XUVHEB_clean_repeat,152.39317,165.5
DB12-VIWKOD_clean_repeat,156.9611,156.875
DB12-PEFRUP_clean_repeat,215.8767,198.25
DB12-RIGVOU_clean_repeat,85.240944,93.625
DB12-RATSAI_clean_repeat,122.18708,134.125
DB12-DIZQOT_clean_repeat,2.3789923,22.421875
DB12-YIXZEM_clean_repeat,131.46,129.125
DB12-ic400853r_si_002_clean_repeat,108.01446,114.5
DB12-ETEPID_clean_repeat,174.40599,170.25
DB12-MULQOA_clean_repeat,184.59702,187.75
DB12-SEHTEF_clean_repeat,222.2337,213.0
DB12-OPOYUO_clean_repeat,93.308334,85.5625
DB12-LAKFIN_clean_repeat,203.29884,197.75
DB12-QONLAI_clean_repeat,189.54828,187.125
DB12-ODERIZ_clean_repeat,115.458176,125.625
DB12-CUVGOQ_clean_repeat,159.75809,168.0
DB12-QINSUD_clean_repeat,135.6218,130.25
DB12-AFIXES_clean_repeat,139.02722,137.25
DB12-VAZLOZ_clean_repeat,11.428978,9.4765625
DB12-EDOYOL_clean_repeat,113.414,126.9375
DB12-POSFIO_clean_repeat,114.062294,114.3125
DB12-FIJDIM10_clean_repeat,132.11064,131.75
DB12-BAZFUF_clean_repeat,229.59555,224.875
DB12-ZEXKUK_clean_repeat,128.93198,157.75
DB12-OFEREX_clean_repeat,192.1523,176.875
DB12-VEGXIQ01_clean_repeat,2.3602712,1.5283203
DB12-PUGHUW_clean_repeat,126.85221,122.875
DB12-SOHMUY_clean_repeat,205.23158,197.75
DB12-KAYCIY_clean_repeat,181.62965,183.125
DB12-UVIPIZ_clean_repeat,225.60147,218.25
DB12-QOWRAV02_clean_repeat,243.28938,257.25
DB12-HIDMEO_clean_repeat,52.583874,45.8125
DB12-EKOPEA_clean_repeat,179.01454,178.75
DB12-SISFEH_clean_repeat,73.464294,71.25
DB12-RUBDUP_clean_repeat,173.7305,189.875
DB12-PATWOY_clean_repeat,189.18076,190.75
DB12-ZIJVOF02_clean_repeat,144.83093,146.375
DB12-VUKTUS_clean_repeat,142.57668,144.125
DB12-XAFFUH_clean_repeat,206.64333,227.0
DB12-ZAXWAY_clean_repeat,86.22022,85.125
DB12-ZOZKAC_clean_repeat,130.72386,126.625
DB12-LELMIA_clean_repeat,150.63612,140.25
DB12-NEVJOP_clean_repeat,100.92738,105.0
DB12-WEHHEY_clean_repeat,252.78603,240.375
DB12-LIRFIB_clean_repeat,160.62628,165.625
DB12-TATSIS01_clean_repeat,58.40019,73.5
DB12-ZUDQUM_clean_repeat,160.8886,164.75
DB12-FIVYUF_clean_repeat,79.47656,84.75
DB12-PEVLEJ_clean_repeat,118.38255,104.6875
DB12-WECSAZ_clean_repeat,89.61901,87.5625
DB12-NUVYOT_clean_repeat,116.280174,110.0625
DB12-PIZPOD_clean_h_repeat,165.43277,181.0
DB12-ALIXUP_clean_repeat,134.58665,131.125
DB12-GERNOI_clean_repeat,160.23137,159.0
DB12-VELVIS_clean_repeat,82.84279,77.0625
DB12-BUBTUP_clean_repeat,134.88817,134.0
DB12-KOSKIO01_clean_repeat,211.38765,225.125
DB12-FIJFUA_clean_repeat,151.22818,156.375
DB12-HAHCUR_clean_repeat,178.93181,174.25
DB12-WORKUL_clean_repeat,216.55716,222.75
DB12-WAMRIN01_clean_repeat,199.62897,211.25
DB12-GITTUZ_clean_repeat,155.1273,136.25
DB12-KIJRUS_clean_repeat,247.205,247.375
DB12-CAJQIP_clean_repeat,249.3046,256.0
DB12-SIPVOD_clean_repeat,20.450071,26.171875
DB12-RAVWES_clean_repeat,196.88042,207.75
DB12-DONXUB_clean_repeat,115.68369,113.0625
DB12-SISPUH_clean_repeat,137.63423,135.25
DB12-OTIQAL_clean_repeat,136.2584,152.875
DB12-DAWBOU_clean_repeat,104.41084,93.875
DB12-QAQMON_clean_repeat,243.63342,259.0
DB12-HIFWAV_clean_repeat,144.46838,131.75
DB12-MOJNAC_clean_repeat,134.7085,135.125
DB12-MUDTAH_clean_repeat,244.21759,241.25
DB12-CEHWOD_clean_repeat,1.6446639,3.6113281
DB12-QOCRUW_clean_repeat,183.91913,167.375
DB12-JUSKAL_clean_repeat,69.72486,74.375
DB12-EDOMAM_clean_repeat,230.9897,225.875
DB12-CIXBUH_clean_repeat,197.98059,195.125
DB12-AMIWOJ_clean_repeat,108.124916,101.6875
DB12-HIFTOG02_clean_repeat,179.53003,178.125
DB12-TUMREA_clean_repeat,145.57416,135.0
DB12-PEWLUA_clean_repeat,253.63112,246.625
DB12-EJIDUW01_clean_repeat,109.59305,104.6875
DB12-GIRYUD_clean_repeat,49.859997,54.15625
DB12-BOCTOE03_clean_repeat,109.443146,106.6875
DB12-GATHAL_clean_repeat,86.39683,68.4375
DB12-BAXLOD_clean_repeat,31.95782,31.0625
DB12-BAKGAX_clean_repeat,124.58498,114.125
DB12-EBIPOX_clean_repeat,178.13063,186.25
DB12-JOYKUF_clean_repeat,223.09996,251.25
DB12-MINCIX_clean_repeat,264.73294,240.625
DB12-BEFMAC_clean_repeat,204.55515,192.375
DB12-ALUKIC_clean_repeat,246.82402,255.25
DB12-TOJVIZ_clean_repeat,1.3941307,4.046875
DB12-MEWNEH_clean_repeat,81.39263,86.5625
DB12-RUWXEN_clean_repeat,146.05507,147.875
DB12-OPOBIF_clean_repeat,30.668655,59.625
DB12-TOJXOH_clean_repeat,119.5579,117.9375
DB12-FIRPAZ_clean_repeat,234.71956,245.125
DB12-YEKXUJ_clean_repeat,197.73116,189.0
DB12-LADHEF_clean_repeat,180.04756,185.25
DB12-IXAKAU_clean_repeat,219.44406,231.75
DB12-c6ce00126b_c6ce00126b2_clean_repeat,118.727806,120.0625
DB12-RIPPEN_clean_repeat,81.88306,86.625
DB12-DARJOX_clean_repeat,155.24664,155.25
DB12-QUSRIH_clean_repeat,150.3135,149.25
DB12-TEVZIE_clean_repeat,89.97442,93.6875
DB12-DIKPOD_clean_repeat,99.31335,111.5625
DB12-HOWSIX_clean_repeat,186.42241,183.125
DB12-ERULEK_clean_repeat,225.00056,217.375
DB12-NAHFIO_clean_repeat,135.80536,126.9375
DB12-IWOKUC_clean_repeat,125.416336,116.375
DB12-WIFBAQ_clean_repeat,144.30518,138.375
DB12-HEDCAW_clean_repeat,197.36432,194.625
DB12-YULBAJ_clean_repeat,143.9929,164.5
DB12-ROJNEJ_clean_repeat,102.68534,104.9375
DB12-DUWBEE_clean_repeat,230.48582,233.0
DB12-YOMVIG_clean_repeat,108.836784,112.0625
DB12-MAPFOY_clean_repeat,84.17074,94.5
DB12-TOXNEB_clean_repeat,240.20268,222.5
DB12-SOHMEI_clean_repeat,210.31935,200.0
DB12-NURMUJ_clean_repeat,202.99901,202.625
DB12-OSAVEK_clean_repeat,151.77896,154.375
DB12-c5ce00862j_c5ce00862j2_clean_repeat,159.96413,158.375
DB12-QITDII_clean_repeat,44.483215,39.375
DB12-POHLOP_clean_repeat,99.47728,108.4375
DB12-GIRDUI_clean_repeat,84.61916,71.0
DB12-NIKDEQ_clean_repeat,10.66643,25.890625
DB12-FEZTIP_clean_repeat,136.85565,139.0
DB12-EDUVOO_clean_repeat,229.44868,235.625
DB12-UMODEH02_clean_repeat,252.35374,261.0
DB12-LULXEW_clean_repeat,73.93235,56.3125
DB12-FAVHAO_clean_repeat,87.41238,89.6875
DB12-XEXMAQ_clean_repeat,173.4737,161.375
DB12-MOBBOU_clean_repeat,9.776176,14.7578125
DB12-POMSER_clean_repeat,168.99019,157.0
DB12-JAKBIJ_clean_repeat,178.57031,176.0
DB12-SINZIA_clean_repeat,29.282286,43.4375
DB12-PENXUC_clean_repeat,112.09603,110.625
DB12-XAPTUE_clean_repeat,189.00671,163.125
DB12-CAYKEU_clean_repeat,169.34857,166.0
DB12-JAKBOP01_clean_repeat,159.37958,150.375
DB12-BETHIT_clean_repeat,233.3248,215.0
DB12-AXOHIE_clean_repeat,77.21163,80.625
DB12-ja0752540-file002_clean_repeat,197.38556,211.25
DB12-TOXNIF_clean_repeat,239.69191,245.5
DB12-FOFTIF_clean_repeat,190.17148,185.25
DB12-LONWIW_clean_repeat,214.59738,203.75
DB12-ZIJVOF01_clean_repeat,153.61606,166.125
DB12-UMELUU_clean_repeat,0.031881355,-1.0029297
DB12-ECAHAT_clean_repeat,171.61005,192.375
DB12-ACIBIY_clean_repeat,88.05299,97.6875
DB12-UMODEH_clean_repeat,257.95206,250.75
DB12-SADMIV_clean_repeat,0.009271548,1.1318359
DB12-c5nj02634b_c5nj02634b2_clean_repeat,180.17447,191.375
DB12-AWASAU_clean_repeat,105.91212,98.6875
DB12-GONNAA_clean_repeat,212.51459,215.25
DB12-YAZZAC_clean_repeat,86.4504,103.9375
DB12-ic502042h_si_002_clean_repeat,87.28308,70.0625
DB12-MAYKOO_clean_repeat,253.36989,232.875
DB12-EGATOW_clean_repeat,201.7632,196.75
DB12-BEFLIJ_clean_repeat,141.87689,136.75
DB12-FIQZAH_clean_repeat,92.43032,86.25
DB12-ASIVAB_clean_repeat,252.92792,254.375
DB12-LIJNOJ01_clean_repeat,88.56516,74.375
DB12-CUMDIY_clean_repeat,78.96933,81.375
DB12-SIVWUR_clean_repeat,65.868385,66.0
DB12-FUDHAP_clean_repeat,236.44589,235.875
DB12-ROGSAI_clean_repeat,212.915,208.75
DB12-AWAKEQ_clean_repeat,74.15152,85.25
DB12-MUQSAU_clean_repeat,144.79727,149.875
DB12-GUBVUU_clean_repeat,195.06784,173.375
DB12-VUQJUN_clean_repeat,218.91966,202.75
DB12-MUHPAI_clean_repeat,61.674866,61.84375
DB12-UXEQOE_clean_repeat,125.015465,118.25
DB12-VAHJEW_clean_repeat,161.16516,156.25
DB12-GOGWEF_clean_repeat,210.94536,204.125
DB12-HOGQIF_clean_repeat,38.350315,36.1875
DB12-DAGDIZ_clean_repeat,167.72137,142.0
DB12-ja203898s_si_004_clean_repeat,206.77832,190.75
DB12-GOLYUD_clean_repeat,72.93453,67.3125
DB12-DOQRUW_clean_repeat,129.66309,119.9375
DB12-WORREC_clean_repeat,263.73294,241.625
DB12-DOCKOW_clean_repeat,84.92586,77.3125
DB12-UBIPAY_clean_repeat,165.04865,137.75
DB12-RUYQIN01_clean_repeat,183.85481,185.375
DB12-QOQDAD_clean_repeat,85.96709,80.25
DB12-CECVOW_clean_repeat,75.605415,58.03125
DB12-RIXBIK_clean_repeat,123.0863,104.25
DB12-VULFOZ_clean_repeat,113.65183,115.8125
DB12-GEVYEN_clean_repeat,54.465992,30.953125
DB12-TASVUG_clean_repeat,176.0729,181.125
DB12-ROQVIE_clean_repeat,218.99315,205.5
DB12-ELAZEX_clean_repeat,40.24644,42.34375
DB12-HAZGOF05_clean_h_repeat,65.47166,52.5
DB12-POMSOB_clean_repeat,131.98102,124.375
DB12-RAKDEN_clean_repeat,208.49246,203.125
DB12-UMODEH03_clean_repeat,254.52336,260.75
DB12-IGAHED02_clean_repeat,121.7809,120.625
DB12-VAMQOS_clean_repeat,234.21306,210.125
DB12-ELOHOE_clean_repeat,133.63576,130.875
DB12-WABWEC_clean_repeat,184.72673,204.75
DB12-HOJNOL_clean_repeat,91.64169,96.375
DB12-WABVIF03_clean_repeat,144.21811,154.25
DB12-KIYQIU_clean_repeat,180.0309,176.75
DB12-DAWWIJ_clean_repeat,104.29735,115.1875
DB12-CEYPUT_clean_repeat,121.34905,141.25
DB12-TAQGUQ_clean_repeat,68.764114,69.8125
DB12-MODJOG_clean_repeat,225.69693,235.75
DB12-POXHOA_clean_repeat,81.30867,78.25
DB12-CAYDUD_clean_repeat,59.025322,78.4375
DB12-UXABOL_clean_repeat,87.81647,95.0
DB12-HUSGAE_clean_repeat,0.00012401592,-0.81103516
DB12-WUDNAK_clean_repeat,2.225085,1.6875
DB12-MOCKEV_clean_repeat,241.74658,233.25
DB12-ROQFUA01_clean_repeat,106.83676,120.8125
DB12-TETWUM_clean_repeat,41.720463,59.5
DB12-LITCIC_clean_repeat,205.8526,224.0
DB12-CIFDUS_clean_repeat,172.74283,198.75
DB12-XISPEW_clean_repeat,214.65074,224.75
DB12-AKEDIF_clean_repeat,174.64293,201.5
DB12-XEHSAF_clean_repeat,90.67029,92.9375
DB12-JAKBUV_clean_repeat,141.0066,144.0
DB12-LABNIO_clean_repeat,184.38069,198.0
DB12-HOYRIY_clean_repeat,174.9111,170.375
DB12-UVAROZ_clean_repeat,76.57732,101.75
DB12-TAJXIO02_clean_repeat,26.347483,22.90625
DB12-LAWGAS_clean_repeat,234.23242,236.25
DB12-GUWDUY_clean_repeat,154.06958,192.375
DB12-ZAVPUJ_clean_repeat,162.37494,168.75
DB12-GARTIF_clean_repeat,151.2126,161.25
DB12-KAYBIX_clean_repeat,159.45422,172.0
DB12-EQOCIW_clean_repeat,90.21344,104.3125
DB12-BAKLIK_clean_repeat,49.281208,63.6875
DB12-BUNLAZ_clean_repeat,186.95854,175.25
DB12-UBACOR_clean_repeat,112.41688,113.25
DB12-ENANIS_clean_repeat,110.43844,118.6875
DB12-QADWIE_clean_repeat,120.03903,110.125
DB12-QIYDEJ_clean_repeat,217.70682,237.375
DB12-TORKAO_clean_repeat,150.94348,159.125
DB12-INARUM_clean_repeat,134.59393,134.875
DB12-YUXQIS_clean_repeat,216.04913,222.625
DB12-PEPLAY_clean_repeat,177.70009,186.375
DB12-DORYUG_clean_repeat,106.035194,95.0625
DB12-EKARUE_clean_repeat,43.750496,51.15625
DB12-ROQFUA03_clean_repeat,105.15271,97.1875
DB12-AQEQES_clean_repeat,185.69255,208.25
DB12-ZELQAK_clean_repeat,246.22986,264.25
DB12-CEJZAU_clean_repeat,173.42964,189.375
DB12-DICVES_clean_repeat,198.99173,223.875
DB12-HAZWIP_clean_repeat,261.38437,265.0
DB12-HASMIZ_clean_repeat,218.44809,243.5
DB12-LICSUM_clean_repeat,12.402824,12.0546875
DB12-LULJAE_clean_repeat,203.25375,210.75
DB12-EDIKEH_clean_repeat,60.09622,79.625
DB12-FOKZIQ_clean_repeat,79.08445,86.375
DB12-PIBPIA_clean_repeat,186.52377,186.0
DB12-HEBKEG_clean_repeat,104.752235,115.1875
DB12-RAVWAO_clean_repeat,200.14502,220.5
DB12-LUSHOX04_clean_repeat,143.2893,158.625
DB12-OPAPIF_clean_repeat,78.60046,100.5625
DB12-BETDEL_clean_repeat,219.34491,232.75
DB12-TONMEQ_clean_repeat,112.50611,108.25
DB12-POHMAC_clean_repeat,99.762924,97.4375
DB12-ic502921j_si_002_clean_repeat,206.2618,204.75
DB12-SUFROA_clean_repeat,174.24178,172.0
DB12-HOFSUS_clean_repeat,148.33907,164.0
DB12-PEWXUL01_clean_repeat,145.84837,142.625
DB12-RUGHUY_clean_repeat,77.10682,103.9375
DB12-MUFJAZ_clean_repeat,28.195244,2.5410156
DB12-RIFDUG01_clean_repeat,251.32251,250.125
DB12-RUSSAA_clean_repeat,94.98043,105.9375
DB12-BOMCOX_clean_repeat,140.89015,156.125
DB12-FOKGET_clean_repeat,79.80832,70.5
DB12-SAKDEQ_clean_repeat,113.77224,126.5
DB12-POLNAG_clean_repeat,88.20397,103.0
DB12-IJANAJ_clean_repeat,90.13331,97.0625
DB12-MEJZIM_clean_repeat,85.63094,84.25
DB12-CUMJEB_clean_repeat,67.79766,88.5625
DB12-SEFVEG02_clean_repeat,184.8104,190.25
DB12-MUFHUR_clean_repeat,4.2694283,10.5546875
DB12-ja302380x_si_003_clean_repeat,192.87839,204.0
DB12-PUVREF_clean_repeat,2.027836,26.65625
DB12-OGAGIN_clean_repeat,77.022675,82.6875
DB12-JUKKIL_clean_repeat,141.32446,153.75
DB12-UXIQOJ_clean_repeat,212.27287,206.375
DB12-ULUPUM01_clean_repeat,3.897452,1.1425781
DB12-BADHIA_clean_repeat,90.88095,119.3125
DB12-OSIXEU_clean_repeat,69.7986,69.25
DB12-NIKYOW02_clean_repeat,88.45973,107.8125
DB12-HIFVOI_clean_repeat,183.45377,208.5
DB12-ABEYIR_clean_repeat,102.55773,107.0
DB12-EBOCOQ_clean_repeat,159.21912,141.125
DB12-GUNZIA_clean_repeat,153.69756,160.25
DB12-WEVZUT_clean_repeat,100.35338,112.125
DB12-NUDNEH_clean_repeat,148.08582,162.0
DB12-VAGTAA_clean_repeat,179.06778,213.5
DB12-UVOTOQ_clean_repeat,239.08777,221.875
DB12-UDEPIE_clean_repeat,122.289185,135.25
DB12-TASWOB_clean_repeat,181.06079,195.125
DB12-LIQDAS_clean_repeat,243.06564,242.125
DB12-NADZEZ_clean_repeat,132.57645,144.375
DB12-HUDWUA_clean_repeat,157.93484,179.875
DB12-KOXGAH_clean_repeat,116.790985,119.5625
DB12-CELZEA_clean_repeat,156.6077,171.0
DB12-AWAJIT_clean_repeat,87.37091,71.3125
DB12-ESUMOU01_clean_repeat,0.66121066,1.6074219
DB12-XIHSEN01_clean_repeat,159.04666,160.875
DB12-RUVMAX_clean_repeat,190.9899,198.75
DB12-WAQFIG_clean_repeat,252.85117,278.75
DB12-VIXGEQ_clean_repeat,56.234936,64.125
DB12-LUFNAC02_clean_repeat,199.67271,227.625
DB12-YASNAJ_clean_repeat,96.48332,109.125
DB12-UCOJIH_clean_repeat,206.55661,204.5
DB12-ZAVQOE_clean_repeat,161.92189,165.75
DB12-SAQQAD_clean_repeat,236.72952,230.0
DB12-APAZIC_clean_repeat,214.76364,223.75
DB12-ZISFEO01_clean_repeat,123.16299,131.125
DB12-BEPREV01_clean_repeat,228.95744,226.25
DB12-XUKLAS_clean_repeat,111.54996,124.875
DB12-ORAJEX_clean_repeat,38.941395,47.4375
DB12-HUTTIA_clean_repeat,77.81881,94.75
DB12-UQOYOP_clean_repeat,163.1945,158.125
DB12-IROROY_clean_repeat,100.60697,110.625
DB12-BEFLUV_clean_repeat,151.8233,156.125
DB12-OFUDUQ_clean_repeat,25.616142,33.0625
DB12-MORFEG_clean_repeat,99.02511,100.375
DB12-KUMBOL_clean_repeat,42.521687,51.96875
DB12-GUFBUG_clean_repeat,125.10138,123.75
DB12-XUNSAC_clean_repeat,116.49063,101.0625
DB12-YICREI_clean_repeat,167.1625,150.5
DB12-ZIZTOT_clean_repeat,110.97797,132.125
DB12-KEDJAG22_clean_repeat,201.55206,201.875
DB12-OQOXAV_clean_repeat,104.27386,99.0
DB12-RIVDEF_clean_repeat,108.96719,111.625
DB12-YUNJUO_clean_repeat,94.49444,82.625
DB12-HIBGEF_clean_repeat,92.39122,96.1875
DB12-FORKUU_clean_repeat,247.70482,222.125
DB12-FIRNAX_clean_repeat,227.98364,223.125
DB12-JOJMEB_clean_repeat,1.1223532,-3.7109375
DB12-XEXMEU_clean_repeat,177.48924,173.75
DB12-XALMII_clean_repeat,237.02733,231.375
DB12-CUYHIO_clean_repeat,40.95789,31.3125
DB12-ELOXIN_clean_repeat,26.878006,30.59375
DB12-XINYAW_clean_repeat,103.08302,102.375
DB12-UVEVAT_clean_repeat,225.56273,199.75
DB12-ESANET_clean_repeat,135.85841,119.5625
DB12-KEDJAG20_clean_repeat,200.95303,189.25
DB12-RAJFAL_clean_repeat,85.137535,82.8125
DB12-NARPAA_clean_repeat,45.032158,42.34375
DB12-LECGAD_clean_repeat,134.93832,141.125
DB12-BETZOR_clean_repeat,177.79959,189.125
DB12-TEMPAE_clean_repeat,197.07448,200.375
DB12-FONQIJ_clean_repeat,134.22908,120.5625
DB12-YEBKOG_clean_repeat,63.98122,57.90625
DB12-DADPEG_clean_repeat,154.10379,146.625
DB12-UNIPAJ_clean_repeat,89.580246,82.5625
DB12-j.jssc.2016.09.008_mmc7_clean_repeat,126.65268,119.6875
DB12-VERZID_clean_repeat,0.03789733,1.1357422
DB12-SIWPUL11_clean_repeat,16.227455,8.953125
DB12-ZOHFUZ_clean_repeat,242.86761,238.375
DB12-ZOFZOL_clean_repeat,237.74332,244.375
DB12-MAQBEO_clean_repeat,201.28734,204.75
DB12-HALQUJ_clean_repeat,214.21883,216.125
DB12-ja512437u_si_004_clean_repeat,148.89809,152.625
DB12-UKIQIP_clean_repeat,206.15503,195.875
DB12-XUNSIK_clean_repeat,123.88639,120.0
DB12-VIPXUO_clean_repeat,74.16494,96.625
DB12-ic403134c_si_002_clean_repeat,107.24728,123.375
DB12-AHOJUC_clean_repeat,12.786894,6.3828125
DB12-TOBKAY_clean_repeat,231.65775,215.125
DB12-DORFUM_clean_repeat,122.79887,123.5625
DB12-GUXZUV_clean_repeat,179.68954,182.0
DB12-la304204k_si_003_clean_repeat,196.26627,176.75
DB12-REXCUU_clean_repeat,168.98122,165.375
DB12-ZARLEL_clean_repeat,200.9504,202.875
DB12-TAGVAB_clean_repeat,219.03021,227.375
DB12-TETZEZ_clean_repeat,220.4376,226.875
DB12-WAHKUO_clean_repeat,262.5155,240.25
DB12-OJAKOA_clean_repeat,65.88816,66.25
DB12-HOJLUP_clean_repeat,173.96988,174.75
DB12-IPIHIA_clean_repeat,126.87017,122.6875
DB12-LERNAY02_clean_repeat,100.168724,116.9375
DB12-CECVIQ_clean_repeat,76.2382,85.375
DB12-HIHGUC_clean_repeat,235.15327,216.375
DB12-GOYYAW_clean_repeat,82.32829,80.0625
DB12-OKELIB_clean_repeat,0.8052008,3.0566406
DB12-EMAMUC_clean_repeat,93.275,95.875
DB12-KEDJAG04_clean_repeat,199.04366,213.625
DB12-KESGAS_clean_repeat,110.62157,114.125
DB12-POSGAH_clean_repeat,187.20338,191.75
DB12-GIXNAE_clean_repeat,209.57446,216.125
DB12-LAGNOY_clean_repeat,194.20341,174.0
DB12-EXUHUC_clean_repeat,77.494545,73.5625
DB12-PEGPUO_clean_repeat,65.695595,59.875
DB12-VEQBID_clean_repeat,172.38208,136.75
DB12-EBEXEQ01_clean_repeat,187.35428,188.75
DB12-HURGEH_clean_repeat,184.70595,213.125
DB12-UTOTUT01_clean_repeat,87.40626,82.875
DB12-EDUSIF_clean_repeat,236.93265,230.25
DB12-LASYOU_clean_repeat,248.1575,246.25
DB12-HEGCEB_clean_repeat,155.80539,143.875
DB12-COKMUM_clean_repeat,224.09073,224.875
DB12-TUMQID_clean_repeat,144.1186,156.625
DB12-MURTUO_clean_repeat,73.81629,71.875
DB12-NANNAU_clean_repeat,68.3101,67.4375
DB12-UGUHAG_clean_repeat,113.83822,119.0625
DB12-XEKDUO_clean_repeat,0.0,-0.6723633
DB12-QOLVET_clean_repeat,147.76958,140.375
DB12-EBEMEE_clean_repeat,69.71085,85.4375
DB12-GEGHAD_clean_repeat,116.13538,117.0
DB12-EKETUL_clean_repeat,61.865696,70.875
DB12-WANJIF_clean_repeat,104.86233,114.0
DB12-YEZFIU_clean_repeat,168.24393,173.25
DB12-FOFHUE_clean_repeat,147.07127,136.5
DB12-IVIXIW_clean_repeat,35.780224,34.0625
DB12-PEVFON_clean_repeat,185.40938,186.125
DB12-WAYKAK_clean_repeat,205.36513,205.5
DB12-DODMIT_clean_repeat,182.38722,157.875
DB12-DOTTEM_clean_repeat,188.39421,187.875
DB12-XEDPIH_clean_repeat,85.249405,83.9375
DB12-VEMDAT_clean_repeat,112.931755,107.625
DB12-VUJBEI_clean_repeat,245.7983,240.5
DB12-EKOPOK_clean_repeat,172.15045,156.25
DB12-FAFMAC_clean_repeat,131.95558,140.75
DB12-QOKCID_clean_repeat,57.769596,57.6875
DB12-FOJVUX_clean_repeat,69.0879,51.78125
DB12-AVUCEA_clean_repeat,222.9774,215.5
DB12-IXUWOO_clean_repeat,145.99814,135.0
DB12-MABKEG_clean_repeat,72.78272,60.375
DB12-RAVVUH_clean_repeat,238.99248,240.125
DB12-MOYMET_clean_repeat,158.6093,147.25
DB12-GIMSUS_clean_repeat,90.91543,78.0625
DB12-JOFKIA01_clean_repeat,113.53283,129.5
DB12-UKAJOH_clean_repeat,70.42835,67.0625
DB12-FUFREE_clean_repeat,70.236374,67.125
DB12-LEWTUD_clean_repeat,104.37219,101.375
DB12-OZUKUR_clean_repeat,226.57501,214.125
DB12-XEHRUY_clean_repeat,92.48451,91.4375
DB12-ADODII_clean_repeat,109.1697,117.1875
DB12-YEGKOM_clean_repeat,220.43318,188.625
DB12-XUMCAK_clean_repeat,102.200874,107.875
DB12-WEBQIF_clean_repeat,126.255585,121.4375
DB12-QOHTOX_clean_repeat,82.930695,79.5625
DB12-MAWVAK_clean_repeat,189.18239,200.25
DB12-XEJXER_clean_repeat,65.16606,56.71875
DB12-AJOXAA_clean_repeat,157.29128,162.375
DB12-IGOJEV_clean_repeat,152.51733,155.0
DB12-UQULAU_clean_repeat,185.21288,190.0
DB12-XUGDOU_clean_repeat,110.54833,116.5
DB12-TAKGOE_clean_repeat,149.64642,144.25
DB12-FIQYOU_clean_repeat,88.14581,91.3125
DB12-SALLAT_clean_repeat,99.65005,96.4375
DB12-LAGHIL_clean_repeat,124.220146,117.625
DB12-OFAWEZ_clean_repeat,243.15858,256.75
DB12-LIXWAR01_clean_repeat,155.58464,139.75
DB12-UMODEH07_clean_repeat,260.05643,267.0
DB12-BETFUD_clean_repeat,211.40923,224.625
DB12-VEMMAC_clean_repeat,217.0764,219.5
DB12-HOJPED_clean_repeat,87.861336,93.1875
DB12-IGUVIR_clean_repeat,110.71011,99.4375
DB12-cm1008587_si_003_clean_repeat,155.0121,151.625
DB12-EBISEQ_clean_repeat,62.68746,67.8125
DB12-XAPCOJ02_clean_repeat,218.38266,207.625
DB12-BAKJEE_clean_repeat,201.90399,222.625
DB12-CETVAA_clean_repeat,50.610687,52.59375
DB12-XILSUI_clean_repeat,222.40353,224.75
DB12-OLOPEM_clean_repeat,104.01218,120.125
DB12-RAZYIC_clean_repeat,210.22902,191.0
DB12-KIGCEK_clean_repeat,176.88107,175.25
DB12-TUMRAW_clean_repeat,144.47722,132.625
DB12-TATPOV_clean_repeat,230.04002,223.625
DB12-SUHHOT_clean_repeat,1.0371209,0.8613281
DB12-ALULID_clean_repeat,211.50879,198.875
DB12-LUDLIH_clean_repeat,243.42378,240.0
DB12-QIWCOQ_clean_repeat,223.20651,206.875
DB12-VOBRUB_clean_repeat,170.2952,142.25
DB12-RORVAX_clean_repeat,271.3452,255.25
DB12-LAZKUU_clean_repeat,168.52014,168.875
DB12-TISPAO_clean_repeat,209.35715,215.875
DB12-FUDGES_clean_repeat,240.64673,235.125
DB12-GAXGOD_clean_repeat,58.95395,51.5
DB12-cm501138g_si_011_clean_repeat,244.524,233.0
DB12-WURKEB_clean_repeat,183.10646,182.5
DB12-SUNJOB_clean_repeat,194.93634,160.75
DB12-ZIYQAB_clean_repeat,106.170586,122.625
DB12-NOBVOR_clean_repeat,169.6505,152.375
DB12-NEDWEA_clean_repeat,206.99115,212.25
DB12-XAVQIU_clean_repeat,194.91684,192.375
DB12-NOHFOG_clean_repeat,152.53883,163.0
DB12-CODRUJ_clean_repeat,139.13313,136.375
DB12-DUQYEU_clean_repeat,186.09566,181.875
DB12-NIZZEC_clean_repeat,209.80989,220.875
DB12-PIHWAG_clean_repeat,176.02686,167.625
DB12-ic5029383_si_002_clean_repeat,246.35912,248.75
DB12-ZIDDIB_clean_repeat,87.43499,87.875
DB12-HUQHOS_clean_repeat,225.94754,223.75
DB12-ic5011133_si_003_clean_repeat,204.37894,185.125
DB12-JIZJAF_clean_repeat,142.01701,141.625
DB12-MUXHUI02_clean_repeat,1.0204556,4.0820312
DB12-ANAWOD_clean_repeat,203.102,193.75
DB12-ODODES_clean_repeat,180.88954,179.375
DB12-XUCSAR_clean_repeat,118.845314,117.375
DB12-APEBEE_clean_repeat,130.82932,124.5625
DB12-ICAQOU_clean_repeat,247.37561,235.5
DB12-RACZEC_clean_repeat,90.89103,98.125
DB12-OBIBOT_clean_repeat,160.61983,159.75
DB12-IZIHAC_clean_repeat,170.25899,165.75
DB12-GAWMOJ_clean_repeat,225.90567,232.375
DB12-FAMQAO_clean_repeat,247.90205,253.125
DB12-EVADIQ_clean_repeat,209.80206,206.25
DB12-PELQII_clean_repeat,220.5281,215.375
DB12-PUPNAQ_clean_repeat,30.216997,21.28125
DB12-LUMZAW_clean_repeat,199.90411,178.625
DB12-DIBWUH_clean_repeat,91.103714,73.5
DB12-NIMPOQ_clean_repeat,253.8223,244.625
DB12-FOFCOU_clean_repeat,101.8014,104.375
DB12-POYPAW_clean_repeat,198.7739,176.5
DB12-GOWHOR_clean_repeat,106.11747,106.8125
DB12-PUGHIK_clean_repeat,142.89247,135.75
DB12-AYAWEE_clean_repeat,66.01975,69.75
DB12-RUVMUR_clean_repeat,80.76521,86.875
DB12-DUWFAE_clean_repeat,45.529255,45.28125
DB12-YOPQEB_clean_repeat,70.0765,75.6875
DB12-MOQSIV_clean_repeat,26.490303,15.7109375
DB12-OMIPAD_clean_repeat,90.76599,78.3125
DB12-ABIYIV_clean_repeat,80.62699,75.0625
DB12-DIMJUG_clean_repeat,84.725525,80.75
DB12-ULUQAV_clean_repeat,43.522724,44.125
DB12-QOJYEV_clean_repeat,67.60084,72.3125
DB12-JISVAJ_clean_repeat,221.9255,225.125
DB12-EVUQOC_clean_repeat,123.86758,135.625
DB12-VEDFOB_clean_repeat,169.48889,151.375
DB12-KIYMAI01_clean_repeat,176.53935,165.0
DB12-AVIHIY_clean_repeat,192.51782,186.5
DB12-NEDXOL_clean_repeat,123.08273,118.5625
DB12-CUGFAN01_clean_repeat,21.823359,34.625
DB12-POHLUV_clean_repeat,100.333435,89.625
DB12-EKOKIA_clean_repeat,148.63712,140.25
DB12-NIGBOW_clean_repeat,244.84108,242.875
DB12-WUXYOF_clean_repeat,4.6511497,1.3271484
DB12-UMOBEF01_clean_repeat,254.87352,246.875
DB12-CUNFOH01_clean_repeat,158.66107,155.25
DB12-EVURAP_clean_repeat,126.101494,127.4375
DB12-MEHMET_clean_repeat,218.28831,200.375
DB12-CENJIQ_clean_repeat,170.34203,166.75
DB12-VIYZIO_clean_repeat,86.33367,82.5625
DB12-ALURAB_clean_repeat,158.27115,153.375
DB12-TORJER_clean_repeat,146.85454,139.625
DB12-UFISOS_clean_repeat,60.092785,64.6875
DB12-DEWQUS_clean_repeat,157.57831,155.375
DB12-EWUKEO_clean_repeat,216.2894,211.5
DB12-NAWHOL_clean_repeat,104.60296,90.6875
DB12-XEJJOM_clean_repeat,51.8971,56.75
DB12-SABWAU01_clean_repeat,0.0,-2.3632812
DB12-TIGVUC_clean_repeat,115.55668,115.625
DB12-XOVPON_clean_repeat,156.16078,162.0
DB12-CAKYAQ_clean_repeat,116.1872,117.625
DB12-GAMTEU_clean_repeat,126.436295,134.125
DB12-IBUYAH_clean_repeat,39.841694,44.6875
DB12-LUMMAJ_clean_repeat,8.932151,11.6640625
DB12-KEDQAN_clean_repeat,116.75382,113.5625
DB12-BEVQID_clean_repeat,0.05654764,-0.32128906
DB12-ZONBAH_clean_repeat,117.06359,116.9375
DB12-REZJIR_clean_repeat,143.40149,136.875
DB12-GULPIN_clean_repeat,91.8548,97.75
DB12-YOMNIZ_clean_repeat,121.770035,124.5
DB12-FORPIM_clean_repeat,209.15315,208.0
DB12-HEKTUO_clean_repeat,128.15247,132.0
DB12-QOZPIG_clean_repeat,176.31467,161.25
DB12-ACAJIZ_clean_repeat,106.709724,97.125
DB12-QIVZEC_clean_repeat,90.27436,89.5
DB12-PAPXUB_clean_repeat,85.905075,87.75
DB12-LALFUB_clean_repeat,132.21887,123.1875
DB12-ABUWOJ_clean_repeat,201.61253,200.375
DB12-VUNXUY_clean_repeat,108.35287,113.1875
DB12-COWMIL_clean_repeat,199.78444,196.0
DB12-QAHMUJ_clean_repeat,114.19542,110.1875
DB12-RAXDAX_clean_repeat,66.53386,61.71875
DB12-FUVDEH08_clean_repeat,44.6575,48.40625
DB12-UMUBOV_clean_repeat,258.50378,227.625
DB12-PAMHIW_clean_repeat,210.10786,213.375
DB12-PEXFAA_clean_repeat,228.03784,226.25
DB12-ELIKAM_clean_repeat,143.16725,143.25
DB12-ZAVQAQ_clean_repeat,162.40535,163.75
DB12-COKPID_clean_repeat,232.1088,223.0
DB12-MAQZOV_clean_repeat,52.484726,35.5625
DB12-CETFUD_clean_repeat,147.27647,126.5625
DB12-XOXMED_clean_repeat,217.45094,235.75
DB12-DANFUW_clean_repeat,97.27546,78.0625
DB12-YUZSUH01_clean_repeat,140.79266,134.375
DB12-VOPCEK_clean_repeat,149.38832,150.625
DB12-QOWRAV05_clean_repeat,242.76219,242.625
DB12-JUMDEC_clean_repeat,180.62979,168.0
DB12-NIKYUC01_clean_repeat,86.56089,89.3125
DB12-BELTUJ_clean_repeat,145.10216,156.625
DB12-BEFMOQ_clean_repeat,137.3295,130.25
DB12-TETVIZ_clean_repeat,132.24715,116.6875
DB12-OCUGEZ01_clean_repeat,157.2713,153.875
DB12-BEPPOD_clean_repeat,165.4187,159.25
DB12-OHAKIS_clean_repeat,120.32058,106.5
DB12-PAFMUH_clean_repeat,77.175545,52.09375
DB12-PEVQOY_clean_h_repeat,243.81259,225.375
DB12-JUPNAL_clean_repeat,79.068,60.125
DB12-ZETLER_clean_repeat,151.38275,147.25
DB12-LIKFOB_clean_repeat,135.84163,135.25
DB12-NARNIG_clean_repeat,40.712963,36.375
DB12-SOTWUV_clean_repeat,198.73373,187.125
DB12-DIBXAO_clean_repeat,83.04988,76.4375
DB12-QAQRUW_clean_repeat,191.04507,200.125
DB12-BOYYOF_clean_repeat,171.8873,170.625
DB12-WACLEU_clean_repeat,153.49384,150.5
DB12-QOSJEP_clean_repeat,161.63416,166.875
DB12-ESASEY_clean_repeat,78.60306,78.25
DB12-WOPSOL01_clean_repeat,233.5781,221.75
DB12-HAWWAF_clean_repeat,166.82664,152.0
DB12-MOCKAR_clean_repeat,263.3225,258.25
DB12-UWALEL_clean_repeat,188.8072,178.25
DB12-QADWEA_clean_repeat,121.062195,125.125
DB12-SARHEA_clean_repeat,233.26993,208.0
DB12-HEDCIE_clean_repeat,168.51459,189.375
DB12-GUVZII_clean_repeat,226.71321,197.625
DB12-NEJRUR_clean_repeat,152.7726,151.125
DB12-LAWGEW_clean_repeat,236.7264,211.375
DB12-jz4002345_si_004_clean_repeat,187.60474,175.75
DB12-BACMOH10_clean_repeat,119.877335,130.875
DB12-NASROR_clean_repeat,225.70676,223.75
DB12-LUMDEC_clean_repeat,129.71823,130.875
DB12-OZAVES_clean_repeat,145.6295,153.375
DB12-SIWTOJ_clean_repeat,167.41927,158.375
DB12-VEJYIT01_clean_repeat,177.13527,178.625
DB12-UNACIW_clean_repeat,99.5158,76.5
DB12-j.inoche.2015.03.054_CIFs_clean_repeat,237.20915,236.25
DB12-ZNGLUD01_clean_repeat,0.019288724,1.2753906
DB12-VEJYUF01_clean_repeat,68.88278,66.3125
DB12-WIRMOB_clean_repeat,166.18684,169.625
DB12-OGIKAR_clean_repeat,208.03734,200.75
DB12-XAGCIS01_clean_repeat,106.64236,104.75
DB12-IQEKOG_clean_repeat,213.08981,210.375
DB12-DALSUH_clean_repeat,144.76932,157.0
DB12-ZAVQIY_clean_repeat,162.08241,171.625
DB12-VACFUB_clean_h_repeat,135.79645,133.0
DB12-YOTRUW_clean_repeat,60.430443,56.6875
DB12-QOTZEG_clean_repeat,184.80612,173.875
DB12-ic7025158-file001_clean_repeat,156.45212,157.375
DB12-VATXEU_clean_repeat,121.283676,112.75
DB12-OJAKUG_clean_repeat,67.42043,64.75
DB12-UHAXUW_clean_repeat,97.115944,78.6875
DB12-ZETPUL_clean_repeat,63.93412,62.65625
DB12-SARHAW_clean_repeat,229.5395,240.5
DB12-LOLVAJ_clean_repeat,57.581463,48.875
DB12-WENKEH_clean_repeat,90.395645,78.375
DB12-RILVOZ_clean_repeat,115.60753,104.0
DB12-BUSRUE_clean_repeat,184.63908,160.375
DB12-HABREJ_clean_repeat,209.97842,208.625
DB12-HIVQAG_clean_repeat,65.64074,61.78125
DB12-XUDNUH_clean_repeat,244.70995,215.625
DB12-NEFTUP_clean_repeat,59.068024,52.53125
DB12-WOJZIG_clean_repeat,207.38924,199.125
DB12-PUQYAC_clean_repeat,59.060898,51.34375
DB12-TAJXIO03_clean_repeat,20.299988,20.515625
DB12-EQUBUO_clean_repeat,119.20693,121.375
DB12-YOZKOP_clean_repeat,79.44076,91.5
DB12-UMODEH01_clean_repeat,255.44034,251.75
DB12-DAWCAH_clean_repeat,114.11071,102.75
DB12-AZAFIS_clean_repeat,126.46934,124.5
DB12-NIZZIG_clean_repeat,209.46791,201.625
DB12-NAHFOU_clean_repeat,105.02469,97.125
DB12-TAPHOJ_clean_repeat,55.31019,60.75
DB12-cm503311x_F-mil-53-Al-lp-mono_clean_repeat,244.00923,231.125
DB12-XUBGUY_clean_repeat,241.91212,225.75
DB12-CIFDOM_clean_repeat,184.61292,170.75
DB12-CATART03_clean_repeat,10.843768,15.2421875
DB12-acs.inorgchem.6b00894_ic6b00894_si_002_clean_repeat,143.89246,150.125
DB12-WEFCAN_clean_repeat,190.82407,171.0
DB12-ACOGAB_clean_repeat,152.6873,161.125
DB12-OKITAE_clean_repeat,100.54042,93.5
DB12-DOQHUN_clean_repeat,132.13261,104.1875
DB12-UNOJUD_clean_repeat,101.189514,90.0
DB12-PABXAT_clean_repeat,105.02629,111.3125
DB12-TAJXIO_clean_repeat,30.384855,25.84375
DB12-cm501138g_si_008_clean_repeat,245.39963,232.625
DB12-EBUQEX_clean_repeat,190.77783,187.875
DB12-KINDOC_clean_repeat,206.85757,192.875
DB12-IXAMAW_clean_repeat,145.67358,152.5
DB12-HAZNON_clean_repeat,82.88342,76.25
DB12-XAPCOJ_clean_repeat,217.24704,203.875
DB12-CUIMDZ01_clean_h_repeat,31.517944,42.21875
DB12-XUWTAK_clean_repeat,149.73657,144.375
DB12-FITJEY_clean_repeat,76.03438,78.3125
DB12-VUKRUQ_clean_repeat,218.4877,205.875
DB12-ARUCUN_clean_repeat,84.5279,102.0625
DB12-NIKZEN_clean_repeat,87.96147,93.625
DB12-VAGTUU_clean_repeat,172.3286,170.5
DB12-EQUBIC_clean_repeat,118.56759,102.0
DB12-ROLCEC13_clean_repeat,0.0,0.75927734
DB12-DAWBIO_clean_repeat,102.965576,113.4375
DB12-ZEDZAL_clean_repeat,202.34761,219.875
DB12-GUQWOG_clean_repeat,198.6909,200.5
DB12-XOCGUR_clean_repeat,44.268387,34.90625
DB12-DIMDAG_clean_repeat,105.26383,109.5
DB12-CAJHUS_clean_repeat,0.0,-0.07946777
DB12-OWIHIN_clean_repeat,225.71167,204.25
DB12-VAZTUM_clean_repeat,230.04083,237.375
DB12-COWROX_clean_repeat,155.91545,147.75
DB12-LUFNAC_clean_repeat,198.70326,184.875
DB12-PUZLUS_clean_repeat,231.22993,210.875
DB12-COKMOG_clean_repeat,220.627,215.875
DB12-DOMDAL_clean_repeat,146.86098,140.625
DB12-GOSKEG_clean_repeat,180.31094,166.875
DB12-RAZYOI_clean_repeat,221.53107,215.375
DB12-c4dt03702b_c4dt03702b2_clean_repeat,226.48497,223.25
DB12-GELVID_clean_repeat,118.68288,103.625
DB12-XESKAJ_clean_repeat,189.85283,205.875
DB12-COKMIA_clean_repeat,232.06548,243.375
DB12-XEJJIG_clean_repeat,51.6996,52.6875
DB12-WABVOL_clean_repeat,147.99522,150.875
DB12-UMUBAH_clean_repeat,257.1413,235.25
DB12-AJINOY_clean_repeat,27.156824,22.390625
DB12-XALCET_clean_repeat,176.10597,170.5
DB12-QOFLAA_clean_repeat,221.5414,221.125
DB12-HIHFOV_clean_repeat,115.01331,111.375
DB12-SUJRIZ_clean_repeat,73.683334,68.0
DB12-LERNEC01_clean_repeat,102.7742,99.375
DB12-GAFBEX_clean_repeat,27.47491,21.65625
DB12-MIVPAJ_clean_repeat,0.1702938,3.3886719
DB12-FIQYUA_clean_repeat,91.74339,82.6875
DB12-EXEQAA_clean_repeat,210.12032,208.25
DB12-AWEJIW_clean_repeat,162.72783,167.25
DB12-WAGLEY_clean_repeat,65.25937,79.4375
DB12-NIKZEN02_clean_repeat,86.87572,80.5625
DB12-ZACHIX_clean_repeat,242.73634,244.625
DB12-PIQFIG_clean_repeat,171.6992,179.0
DB12-NACVUI_clean_repeat,137.75967,143.625
DB12-ROQNES01_clean_repeat,110.40345,113.375
DB12-AVAKEP_clean_repeat,195.5687,199.625
DB12-VORBUA_clean_repeat,110.6421,90.875
DB12-XEQRAO_clean_repeat,113.66029,101.875
DB12-REXDAB_clean_repeat,174.37471,175.375
DB12-c6ce00407e_c6ce00407e1_clean_repeat,229.90344,245.125
DB12-ECORIX_clean_repeat,110.164085,92.8125
DB12-PUWVAG_clean_repeat,113.87647,107.375
DB12-LOBHAM_clean_repeat,215.72278,194.625
DB12-XALCAP_clean_repeat,176.04028,175.75
DB12-LUCDAO_clean_repeat,225.79741,238.625
DB12-VEJYIT_clean_repeat,175.61629,160.75
DB12-ULAQEF_clean_repeat,134.59416,127.625
DB12-RUSWOT_clean_repeat,166.87437,158.625
DB12-SOJGOO_clean_repeat,126.55721,127.3125
DB12-ECUCOV_clean_repeat,52.114227,33.84375
DB12-IDUDES_clean_repeat,101.36077,99.6875
DB12-BIQVII_clean_repeat,105.89887,103.875
DB12-ZOXGOK_clean_repeat,125.643005,119.5
DB12-CUMDOE_clean_repeat,122.3529,115.8125
DB12-EMUBOF_clean_repeat,201.9852,197.375
DB12-ORAJOH_clean_repeat,37.708496,41.125
DB12-WEYQAU04_clean_repeat,192.47849,187.375
DB12-AMUFIZ_clean_repeat,75.05969,55.28125
DB12-NADZID_clean_repeat,128.90938,141.125
DB12-IBOZIK_clean_repeat,197.7544,198.375
DB12-EBAVIP_clean_repeat,125.18126,120.125
DB12-RAYLAG_clean_repeat,122.578,138.25
DB12-CUZBUW_clean_repeat,160.08386,150.625
DB12-KEQDER_clean_repeat,247.95796,231.125
DB12-YUYBIF_clean_repeat,106.45372,101.75
DB12-XEJWUG_clean_repeat,104.142525,70.6875
DB12-BEXSEE_clean_repeat,146.10997,148.125
DB12-ZOMNIA_clean_repeat,187.5836,171.875
DB12-QEBGAH_clean_repeat,153.61848,158.75
DB12-NOCLOH02_clean_repeat,134.26216,129.125
DB12-DIVSUY_clean_repeat,204.65866,198.5
DB12-ZALMIL_clean_repeat,76.53073,68.1875
DB12-DOYLEI_clean_repeat,146.71098,127.5625
DB12-UKAPUS_clean_repeat,196.65997,183.5
DB12-ESIFET_clean_repeat,164.7639,170.625
DB12-AQUCOG_clean_repeat,231.41354,234.0
DB12-BUBWOM_clean_repeat,57.216045,73.0
DB12-KUHVOZ01_clean_repeat,119.027374,112.625
DB12-WEYQAU13_clean_repeat,194.83894,192.875
DB12-WAXHUB_clean_repeat,202.58041,202.75
DB12-XUNTIL_clean_repeat,109.26593,100.625
DB12-MAYPIM_clean_repeat,76.47905,67.625
DB12-LAXGOH01_clean_repeat,12.330261,22.890625
DB12-DIWNAA_clean_repeat,275.09637,274.75
DB12-EKIJEP_clean_repeat,0.1437194,-1.4130859
DB12-VEGBUG_clean_repeat,202.74834,205.375
DB12-FAMHAE01_clean_repeat,27.083212,26.875
DB12-BEPMAM_clean_repeat,177.00531,178.125
DB12-RAHBUZ_clean_repeat,204.50027,208.25
DB12-ASEJOZ_clean_repeat,73.56073,78.9375
DB12-NUHQAK_clean_repeat,195.72069,193.0
DB12-WOJZAY_clean_repeat,199.04053,199.75
DB12-CAKYEU_clean_repeat,116.65544,122.9375
DB12-FIRNIF_clean_repeat,234.58041,237.875
DB12-FURFIJ01_clean_repeat,85.90944,94.0
DB12-WOLFAG_clean_repeat,116.07854,119.3125
DB12-ZEZPOL_clean_repeat,138.40067,121.75
DB12-FOKYIP_clean_repeat,200.41594,191.375
DB12-REXFAD_clean_repeat,174.99728,156.75
DB12-OBODEQ_clean_repeat,194.86353,196.125
DB12-CIWROQ_clean_repeat,198.42455,198.375
DB12-CIDKUX_clean_repeat,181.13458,181.375
DB12-HOGLEV_clean_repeat,248.30344,249.25
DB12-KAHKUB02_clean_repeat,155.4549,151.875
DB12-AMUPOP_clean_repeat,91.6104,82.625
DB12-EQETAX_clean_repeat,194.894,197.0
DB12-TUJGIQ_clean_repeat,114.34523,109.625
DB12-KOSJOT_clean_repeat,217.65091,234.125
DB12-SERWAP_clean_repeat,197.1558,205.875
DB12-VEDGAO_clean_repeat,165.40927,157.625
DB12-TUMRIE_clean_repeat,148.80455,145.875
DB12-KIKDIT_clean_repeat,93.2262,93.375
DB12-GEDDEA_clean_repeat,182.6668,177.375
DB12-GUBKUL_clean_repeat,164.25668,172.625
DB12-CAGSAG_clean_repeat,216.02686,224.375
DB12-UJIZET_clean_repeat,198.05466,204.625
DB12-KALFOU_clean_repeat,205.3005,195.625
DB12-XALDIY_clean_repeat,130.82683,117.3125
DB12-CUBHOY_clean_repeat,144.60326,147.25
DB12-ISIMAZ_clean_repeat,0.0,4.5625
DB12-DOGZIJ_clean_repeat,97.27445,102.9375
DB12-WULJUJ_clean_repeat,235.4993,244.5
DB12-GOXMEN_clean_repeat,61.92184,72.25
DB12-UNABUH_clean_repeat,99.26757,89.0
DB12-TEBSAW_clean_repeat,127.4564,125.0625
DB12-RUFMUA_clean_repeat,119.855865,105.3125
DB12-IXISOX_clean_repeat,116.28314,106.9375
DB12-OWIZAW_clean_repeat,221.15263,226.0
DB12-ROLCEC18_clean_repeat,0.0,-1.25
DB12-YURKAY_clean_repeat,236.9442,251.75
DB12-HIZQEN_clean_repeat,167.21886,150.125
DB12-DIDBEZ_clean_repeat,201.43695,180.125
DB12-AVEHAM_clean_repeat,91.73838,67.875
DB12-HOGJIX_clean_repeat,254.87517,263.5
DB12-KAPGUE_clean_repeat,1.3740226,7.7382812
DB12-ETEMIB_clean_repeat,89.897804,105.375
DB12-WEHHUO_clean_repeat,257.22424,246.875
DB12-ja074366osi20070816_031204_clean_repeat,242.67094,224.875
DB12-TAJXIO01_clean_repeat,30.408186,25.6875
DB12-XAPCOJ06_clean_repeat,216.41624,220.25
DB12-j.inoche.2015.05.017_inc05998-mmc2_clean_repeat,57.296444,66.5
DB12-QAWRIQ_clean_repeat,106.94216,107.3125
DB12-PEGBAG_clean_repeat,77.44124,87.375
DB12-BEXVEH_clean_repeat,257.91495,256.25
DB12-UMEXUF_clean_repeat,154.59218,158.125
DB12-MOCHUI_clean_repeat,8.6107,3.9941406
DB12-HOJNUR01_clean_repeat,78.27058,88.0
DB12-ARAFOP_clean_repeat,133.44254,152.0
DB12-UTUMAY_clean_repeat,135.5521,130.5
DB12-MOYNIY_clean_repeat,116.25022,118.125
DB12-IBICED_clean_repeat,147.39551,173.75
DB12-ROLZEZ_clean_repeat,175.45161,173.375
DB12-IXOFOR_clean_repeat,181.22545,195.875
DB12-IGINIX01_clean_repeat,176.07613,187.125
DB12-DAGDUL_clean_repeat,143.5247,137.875
DB12-YAZYEF_clean_repeat,31.356852,30.875
DB12-PUDSIR01_clean_repeat,204.5829,207.875
DB12-FOKWIN_clean_repeat,84.6106,85.625
DB12-ic800131r-file003_clean_repeat,245.4563,228.75
DB12-j.inoche.2015.01.025_INC05862-mmc2_clean_repeat,167.83296,155.625
DB12-UMABOB_clean_repeat,179.94106,178.625
DB12-VUQKAU_clean_repeat,181.36769,180.25
DB12-ja5b00365_si_002_clean_repeat,251.47867,241.75
DB12-OXOZUY_clean_repeat,181.14725,187.75
DB12-NINHOH_clean_repeat,145.92032,146.0
DB12-HUCWOT_clean_repeat,175.21681,189.5
DB12-QOWRAV07_clean_repeat,242.99574,241.75
DB12-GEDTAM_clean_repeat,216.0696,219.5
DB12-ATIBIO_clean_repeat,74.67712,86.9375
DB12-AFIXAO_clean_repeat,139.89944,157.375
DB12-KIXXOG_clean_repeat,140.92331,132.0
DB12-RIBDAJ_clean_repeat,224.81078,225.375
DB12-NAPZUB_clean_repeat,118.86024,111.6875
DB12-IHIWIF_clean_repeat,82.72505,65.1875
DB12-JASNEX_clean_repeat,0.15132827,12.7890625
DB12-MEJMOE_clean_repeat,235.19283,243.625
DB12-IKETUO_clean_repeat,143.42099,140.5
DB12-TUMGUD_clean_repeat,15.009534,38.78125
DB12-SIVGOV_clean_repeat,156.59102,159.875
DB12-WAVQOB_clean_repeat,254.10362,247.625
DB12-COWMEH_clean_repeat,198.51987,192.0
DB12-GUJGEY_clean_repeat,94.551285,108.375
DB12-EKIJEP01_clean_repeat,0.24245393,2.7207031
DB12-UMOVEZ03_clean_repeat,255.2733,274.5
DB12-IFASOZ_clean_repeat,203.02982,222.75
DB12-WOHZAU01_clean_h_repeat,117.74682,124.9375
DB12-ZOXGUQ_clean_repeat,89.64142,101.8125
DB12-IJODES_clean_repeat,89.52365,83.375
DB12-UMOBEF05_clean_repeat,232.30112,225.625
DB12-BARZIE_clean_repeat,60.40434,54.34375
DB12-FEXCES_clean_repeat,185.81952,201.125
DB12-YAYLER_clean_repeat,99.725,96.3125
DB12-XOLYUS_clean_repeat,0.12155544,-0.72216797
DB12-VODPOU_clean_repeat,58.66869,52.59375
DB12-XOVVEK_clean_repeat,94.29586,85.25
DB12-PIRYOF_clean_repeat,154.53569,160.875
DB12-PUGHAC_clean_repeat,138.96046,138.5
DB12-IJASIW_clean_repeat,89.433716,98.6875
DB12-WEMCIC_clean_repeat,75.91864,77.9375
DB12-MOFBIU_clean_repeat,80.806564,81.6875
DB12-RIYWED_clean_repeat,78.66154,74.5
DB12-XUGWUS_clean_repeat,89.40831,83.5625
DB12-LUZBOY_clean_repeat,148.10693,144.625
DB12-ANOMUM_clean_repeat,236.13448,221.375
DB12-DACXUB_clean_repeat,94.030495,95.875
DB12-KINDIW_clean_repeat,89.838295,82.4375
DB12-CIWRUW_clean_repeat,197.8639,193.25
DB12-CABQEB_clean_repeat,26.873398,42.34375
DB12-LABQAI_clean_repeat,51.842194,49.8125
DB12-QOWRAV08_clean_repeat,242.9581,235.125
DB12-WOVDES_clean_repeat,86.45667,99.125
DB12-KULMIP_clean_repeat,21.435688,19.640625
DB12-VIWKIX_clean_repeat,158.03433,154.875
DB12-LELMIA01_clean_repeat,150.95695,139.0
DB12-PARMIG_clean_repeat,156.86378,165.625
DB12-UMIZEX_clean_repeat,168.6753,174.0
DB12-WIHWAN_clean_repeat,217.17882,217.625
DB12-VILXOE_clean_repeat,120.98302,136.875
DB12-IDIXAU_clean_repeat,221.87453,245.75
DB12-JALPAQ_clean_repeat,59.02237,61.3125
DB12-ECASOS_clean_repeat,1.5162318,-1.6210938
DB12-MOLKAB_clean_repeat,150.63542,151.75
DB12-ic5b00194_si_002_clean_repeat,257.6269,262.75
DB12-DOQHAT_clean_repeat,133.58931,145.75
DB12-WORLAS_clean_repeat,216.1413,219.0
DB12-KINQAB_clean_repeat,72.67503,74.125
DB12-CAJLEH_clean_repeat,89.85977,90.1875
DB12-KEXKEF_clean_repeat,101.75178,101.375
DB12-YURKIG_clean_repeat,204.59102,199.5
DB12-RONZID_clean_repeat,160.63869,157.375
DB12-ULEPIM_clean_repeat,47.059425,53.71875
DB12-LEMNOH_clean_repeat,100.51351,102.5
DB12-GAYFUJ_clean_repeat,209.90338,214.75
DB12-SARMOO_clean_repeat,106.204666,123.8125
DB12-RUWWOW01_clean_repeat,139.80304,129.375
DB12-TANMIH_clean_repeat,87.1944,85.9375
DB12-UMUBEL_clean_repeat,258.7155,249.75
DB12-PARVUB_clean_repeat,19.661451,39.71875
DB12-OZAVOC_clean_repeat,154.46361,156.75
DB12-QISNAJ_clean_repeat,210.43748,215.25
DB12-SIBMIB_clean_repeat,11.417762,30.328125
DB12-VUHGAH_clean_repeat,111.58437,123.25
DB12-MOPQIT_clean_repeat,91.95157,93.8125
DB12-HOGLEV01_clean_repeat,253.11461,246.875
DB12-PIBNUK_clean_repeat,193.87508,197.125
DB12-JOVDON_clean_repeat,29.446703,37.59375
DB12-VOTKEW_clean_repeat,137.30518,157.375
DB12-WEYQAU03_clean_repeat,194.8406,208.625
DB12-AXAWUT_clean_repeat,124.67283,134.625
DB12-ZEZPAX01_clean_repeat,138.65332,135.75
DB12-COQGAS_clean_repeat,146.39482,148.375
DB12-ILINIC_clean_repeat,109.53109,113.0625
DB12-LADWAR_clean_repeat,99.12214,97.875
DB12-IBUBAL_clean_repeat,175.28484,176.0
DB12-BEWWEH_clean_repeat,173.93382,174.0
DB12-AQUDEX_clean_repeat,66.99354,69.5
DB12-VATYIZ_clean_repeat,154.79277,158.25
DB12-UZIGOB_clean_repeat,75.889145,78.8125
DB12-WEYQAU14_clean_repeat,191.40297,172.75
DB12-IXEJIG_clean_repeat,225.91333,247.5
DB12-HURFEH_clean_repeat,186.34993,196.5
DB12-KEJBOQ_clean_h_repeat,159.25133,144.375
DB12-JUYROM_clean_repeat,212.95685,204.125
DB12-PURSOK_clean_repeat,202.723,177.375
DB12-YARBAW_clean_repeat,79.11622,100.0
DB12-OGOWAJ_clean_repeat,187.31851,201.375
DB12-LAWGIA_clean_repeat,235.97205,239.875
DB12-WECBOX_clean_repeat,132.03119,117.8125
DB12-MARXEK_clean_repeat,195.87215,207.125
DB12-WIHVEP_clean_repeat,87.96306,82.25
DB12-ic401157n_si_003_clean_repeat,237.98175,246.5
DB12-OKAZAD_clean_repeat,96.736885,79.0
DB12-KEDJAG16_clean_repeat,200.7696,226.25
DB12-MOCHOC_clean_repeat,9.860693,8.609375
DB12-LUDVUB_clean_repeat,60.742065,66.0625
DB12-EBIPIQ_clean_repeat,41.549908,25.84375
DB12-ISIKIF_clean_repeat,67.242584,59.46875
DB12-XEXLET_clean_repeat,175.27094,195.0
DB12-ja302340b_si_002_clean_repeat,179.4445,180.125
DB12-PASMUT_clean_repeat,157.86555,152.25
DB12-WEMNAF_clean_repeat,147.50105,128.375
DB12-BEYKEX_clean_repeat,161.93288,169.125
DB12-OQOJUB_clean_repeat,98.218544,88.375
DB12-FAFDEX_clean_repeat,123.8179,132.5
DB12-KORNAI_clean_repeat,116.376396,124.25
DB12-OWIJOV_clean_repeat,225.99532,234.875
DB12-CEJVET_clean_repeat,91.695755,85.5625
DB12-MORZID_clean_repeat,146.7974,157.375
DB12-UXABUR_clean_repeat,34.672455,25.859375
DB12-ADAXEK_clean_repeat,141.27467,156.125
DB12-LAGMUD_clean_repeat,198.85463,214.75
DB12-j.jssc.2016.09.008_mmc8_clean_repeat,135.38959,131.0
DB12-ROQDIM02_clean_repeat,119.7333,120.3125
DB12-FIJDIM07_clean_repeat,141.57977,150.875
DB12-TORJUH_clean_repeat,157.34364,148.5
DB12-WESYAV_clean_repeat,124.243866,121.8125
DB12-FECXES_clean_repeat,245.98473,258.0
DB12-KIYMEM_clean_repeat,173.0787,173.5
DB12-SABVUN_clean_h_min_repeat,248.70026,233.75
DB12-CAWGAJ_clean_repeat,105.97492,122.125
DB12-CAXWEF_clean_repeat,229.8684,231.0
DB12-MOYYIJ_clean_repeat,231.38531,233.5
DB12-PASTOU_clean_repeat,108.7076,119.9375
DB12-UKIQOV_clean_repeat,243.22643,259.0
DB12-KEDJAG12_clean_repeat,200.69685,205.625
DB12-MAXHEA_clean_repeat,0.0006488963,4.9453125
DB12-VURYIR_clean_repeat,97.29396,83.8125
DB12-LEQVIN_clean_repeat,150.9568,149.625
DB12-WEYQAU08_clean_repeat,194.90547,207.375
DB12-LEDPIU_clean_repeat,53.745308,63.90625
DB12-JEJKEP_clean_repeat,117.42903,108.9375
DB12-XOPMIA_clean_repeat,176.89844,161.875
DB12-RIPKIM_clean_repeat,113.499405,141.75
DB12-QUXQUX_clean_repeat,65.89761,73.25
DB12-SOTXAC_clean_repeat,201.39287,215.125
DB12-RAYFAA_clean_repeat,198.31416,209.25
DB12-ODOMIF_clean_repeat,201.17578,216.125
DB12-CUWNIT_clean_repeat,180.92502,181.875
DB12-BEPPIX_clean_repeat,162.16966,172.875
DB12-LIXDAZ_clean_repeat,45.478466,63.625
DB12-ABEXEM_clean_repeat,105.6926,115.3125
DB12-IDIWUN_clean_repeat,224.20251,234.375
DB12-VEFLUP_clean_repeat,120.68621,128.875
DB12-WEYQAU07_clean_repeat,194.16869,194.75
DB12-MATTUX_clean_repeat,163.36278,193.125
DB12-c6ce00407e_c6ce00407e3_clean_repeat,246.35014,233.0
DB12-XEBHOC_clean_repeat,245.79324,241.125
DB12-NERVOV_clean_repeat,86.558205,83.0
DB12-OZUMAZ_clean_repeat,218.61244,219.25
DB12-POJNIM_clean_repeat,124.818375,118.0
DB12-ZIYPUU_clean_repeat,119.65822,119.8125
DB12-GETXAG01_clean_repeat,2.3867536,12.8671875
DB12-YIXYUB_clean_repeat,138.74164,128.5
DB12-DEKHUX_clean_repeat,160.03018,152.375
DB12-LAGRIW_clean_repeat,102.48784,101.75
DB12-ISACIP_clean_repeat,78.28935,90.6875
DB12-XAQTIS_clean_repeat,110.17784,107.375
DB12-TUMGOX_clean_repeat,36.400078,31.171875
DB12-ZOHBUV_clean_repeat,39.259785,31.78125
DB12-TORXIJ_clean_repeat,162.37865,141.5
DB12-ATIBAG_clean_repeat,87.440094,95.5625
DB12-FURFIJ_clean_repeat,85.91594,76.1875
DB12-DINNIZ_clean_repeat,137.20355,147.0
DB12-XUYDIF_clean_repeat,56.114334,51.0625
DB12-WUSGOI_clean_repeat,115.27272,121.125
DB12-SOJKOT02_clean_repeat,15.869823,6.4570312
DB12-ZEDZAL01_clean_repeat,202.0915,209.125
DB12-MOYYEF_clean_repeat,194.20279,200.5
DB12-MEHPAQ_clean_repeat,0.00042824264,-1.0429688
DB12-QUPHIT_clean_repeat,118.21551,98.5
DB12-QUPJAN_clean_repeat,119.480515,123.4375
DB12-CIYZUG_clean_repeat,46.31064,61.46875
DB12-LERNEC_clean_repeat,102.30907,104.125
DB12-GISMIG_clean_repeat,69.69568,65.125
DB12-ACOLIP_clean_repeat,152.97066,151.5
DB12-KUMGIK_clean_repeat,202.37425,182.0
DB12-PARFOF_clean_h_repeat,0.0,0.56103516
DB12-XALXUF_clean_repeat,239.36365,247.875
DB12-KAHYID_clean_repeat,216.06618,199.75
DB12-XICNOO01_clean_repeat,209.93945,201.25
DB12-CUQROX_clean_repeat,160.19864,163.125
DB12-UMODEH24_clean_repeat,257.72296,282.75
DB12-BEFKUU_clean_repeat,247.31244,229.0
DB12-RESWUI01_clean_repeat,90.81679,83.8125
DB12-FUZKAN_clean_repeat,89.992386,82.5
DB12-YOCSEQ_clean_repeat,99.51506,114.5
DB12-QISNEN_clean_repeat,208.81688,215.375
DB12-NIHBAI02_clean_repeat,89.188126,85.25
DB12-ECEDEY_clean_repeat,164.57317,173.5
DB12-DEPXIG_clean_repeat,171.48466,170.125
DB12-IYOCOQ_clean_repeat,167.30948,176.625
DB12-VATVUK_clean_repeat,90.10725,86.125
DB12-JUVWUU_clean_repeat,128.61629,135.75
DB12-UMODEH13_clean_repeat,220.85791,226.125
DB12-FOCREW_clean_repeat,87.00769,99.0625
DB12-GIRYEN_clean_repeat,49.844044,46.0
DB12-YEGHIC_clean_repeat,80.43769,87.6875
DB12-XANLEE_clean_repeat,230.8523,232.125
DB12-LUFNAC03_clean_repeat,199.3182,188.375
DB12-NOFQIK_clean_repeat,84.56501,90.5
DB12-DOQGUM_clean_repeat,131.56967,115.25
DB12-HADPOU_clean_repeat,145.26775,141.375
DB12-CODFEH_clean_repeat,85.457054,97.1875
DB12-BERGAI_clean_repeat,80.957146,76.0625
DB12-YOZNAE_clean_repeat,243.87956,252.0
DB12-FAMPUH_clean_repeat,253.88127,264.25
DB12-TESHAB_clean_repeat,89.09838,88.1875
DB12-ABAVIJ_clean_repeat,56.389324,47.5625
DB12-BUQWER_clean_repeat,121.214264,121.4375
DB12-VIZSOO_clean_repeat,256.167,258.5
DB12-YOGKOW_clean_repeat,198.21532,196.0
DB12-YUMFES_clean_repeat,70.14598,53.25
DB12-UCAXEC_clean_repeat,98.193436,116.6875
DB12-QUQHAM_clean_repeat,66.83501,55.0625
DB12-EBATUZ_clean_repeat,270.79172,265.75
DB12-DOJYAD_clean_repeat,81.92638,74.6875
DB12-QESYOD_clean_repeat,129.49142,112.3125
DB12-TENLIJ_clean_repeat,144.55284,144.375
DB12-DUQCAU01_clean_repeat,89.60514,91.875
DB12-GUJVOX_clean_repeat,92.22842,85.125
DB12-GAXWAF_clean_repeat,160.51988,169.125
DB12-EXOTOB_clean_repeat,208.19554,210.75
DB12-OPENUT_clean_repeat,159.14217,166.875
DB12-MIXBEC_clean_repeat,237.89734,239.0
DB12-AMUXAI_clean_repeat,145.41258,137.625
DB12-SACDOR_clean_repeat,201.79593,195.25
DB12-POKGEC_clean_repeat,85.663605,93.375
DB12-UMEXUF01_clean_repeat,155.23827,150.75
DB12-OCUMIL_clean_repeat,146.8498,147.5
DB12-LUFQUZ01_clean_repeat,166.74937,162.0
DB12-MABJUV01_clean_repeat,63.467148,59.03125
DB12-YOYBUL_clean_repeat,217.91339,208.5
DB12-RESSAK_clean_repeat,159.91174,135.5
DB12-XATLIQ_clean_repeat,182.84544,191.625
DB12-LUSJIT_clean_repeat,132.17162,129.625
DB12-FIPXEJ_clean_repeat,115.62898,113.5625
DB12-YOCCIE_clean_repeat,136.61911,129.25
DB12-VIZQEC_clean_repeat,131.75209,118.875
DB12-RETBEZ_clean_repeat,116.922485,102.5
DB12-SAJLOH_clean_repeat,149.04565,147.375
DB12-QOJVAM_clean_repeat,193.13307,188.125
DB12-XACSIG_clean_repeat,98.93816,88.6875
DB12-KUHNEI_clean_repeat,167.18658,175.25
DB12-ZARTAP03_clean_repeat,132.0944,139.25
DB12-ILIQEB_clean_repeat,86.514046,77.5
DB12-ANUGOG_clean_repeat,270.66235,274.25
DB12-MAPCUE_clean_repeat,167.64532,146.0
DB12-KEVWUF_clean_repeat,208.34904,210.375
DB12-TEMPEI_clean_repeat,217.93011,211.375
DB12-HOVGIK_clean_repeat,150.96458,163.5
DB12-AFOTOF_clean_repeat,203.35599,200.5
DB12-RUYQIN02_clean_repeat,182.96568,182.375
DB12-MAFZOK_clean_repeat,81.10456,102.1875
DB12-GEGDED_clean_repeat,243.57143,245.75
DB12-ROQDIM04_clean_repeat,117.396675,128.375
DB12-QADXAX_clean_repeat,118.415016,114.125
DB12-ADABIS_clean_repeat,66.91241,50.21875
DB12-LUQGAG_clean_repeat,146.12892,153.5
DB12-WECJIZ_clean_repeat,106.59553,119.4375
DB12-NERVEL_clean_repeat,69.69938,70.5625
DB12-RASKON_clean_repeat,133.50883,114.125
DB12-NEYZAU_clean_repeat,225.46129,213.5
DB12-OTIQEP_clean_repeat,68.65775,77.0625
DB12-COXHED_clean_repeat,173.37054,170.75
DB12-RESWUI_clean_repeat,91.61587,78.3125
DB12-QUJKOX_clean_repeat,148.45813,131.0
DB12-DIDDOK_clean_repeat,256.29776,256.5
DB12-LIVLUZ_clean_repeat,115.16402,139.25
DB12-NIZZAY_clean_repeat,209.26224,200.125
DB12-XEGJIE_clean_repeat,173.88588,172.875
DB12-IQOKIK_clean_repeat,193.584,191.5
DB12-LUDLED_clean_repeat,242.61829,243.625
DB12-LODPUR_clean_repeat,65.6599,96.0625
DB12-CAXVII_clean_repeat,225.49875,238.375
DB12-QQQGTA03_clean_repeat,67.380104,52.125
DB12-HUQHEI_clean_repeat,226.51695,204.875
DB12-DAHWAM_clean_repeat,45.230003,35.8125
DB12-SIYXIH10_clean_repeat,111.41019,101.5
DB12-NIMTEJ_clean_repeat,0.00020050205,-0.28442383
DB12-EQOCES_clean_repeat,95.294655,103.0625
DB12-ENIHUG01_clean_repeat,259.51025,248.125
DB12-XUKHUI_clean_repeat,210.42162,153.0
DB12-MIMKIE_clean_repeat,156.67363,168.875
DB12-OCUNAE_clean_repeat,149.94893,161.25
DB12-FECYIX_clean_repeat,31.249666,32.4375
DB12-NEJSAY_clean_repeat,162.69014,142.5
DB12-GUPJEG01_clean_repeat,40.807384,44.5
DB12-FASJAL_clean_repeat,0.13558891,5.1835938
DB12-RUFTET_clean_repeat,135.38002,118.625
DB12-IKUMAE_clean_repeat,94.01851,119.9375
DB12-GEGGIK01_clean_repeat,116.18135,112.5
DB12-MARLID_clean_repeat,63.89382,46.375
DB12-TAKTIL_clean_repeat,228.76973,214.75
DB12-FONPUV_clean_repeat,109.438484,113.0625
DB12-VISTOG_clean_repeat,77.417145,76.9375
DB12-CAZFOA_clean_repeat,65.10371,68.625
DB12-CUGVUX_clean_repeat,66.32527,64.6875
DB12-CUKXOW_clean_repeat,137.84511,136.875
DB12-VAHVOR_clean_repeat,212.49033,209.75
DB12-BAEDTA01_clean_repeat,63.500813,67.9375
DB12-YUKVEG_clean_repeat,161.69322,155.125
DB12-ALAMUW_clean_repeat,255.4514,251.25
DB12-YUBGUZ_clean_repeat,154.89966,157.0
DB12-ic801404p_si_001_clean_repeat,101.28048,87.6875
DB12-JAJLEO_clean_repeat,100.64746,100.25
DB12-COMZAH_clean_repeat,74.7664,71.875
DB12-UMOBEF_clean_repeat,249.72066,261.25
DB12-ZOXNEH_clean_repeat,233.00116,203.625
DB12-EWUCOP_clean_repeat,196.4687,195.625
DB12-UMODEH04_clean_repeat,256.67047,253.5
DB12-PASNAA01_clean_repeat,156.00752,155.75
DB12-OZAVUI_clean_repeat,144.90402,149.25
DB12-LEQQEE_clean_repeat,142.89528,126.0
DB12-QAGDIO_clean_repeat,238.32779,229.875
DB12-FIJDIM12_clean_repeat,137.81114,131.0
DB12-XALXUF01_clean_repeat,243.3689,256.0
DB12-HOFMAS_clean_repeat,54.213398,50.90625
DB12-NIGFIT_clean_repeat,218.94473,219.625
DB12-IYUCEM_clean_repeat,171.67476,180.375
DB12-ADAXIO_clean_repeat,122.798485,124.3125
DB12-HIQNIG_clean_repeat,93.3964,116.25
DB12-LAXMIJ_clean_repeat,91.36124,85.875
DB12-JIZJOT_clean_repeat,138.32881,140.375
DB12-ZEZQIG_clean_repeat,169.51031,164.0
DB12-LUFNAC05_clean_repeat,199.12416,174.875
DB12-VUFBEE_clean_repeat,178.78638,165.875
DB12-RENWEM_clean_repeat,9.986144,6.8554688
DB12-UMEHOL_clean_repeat,164.51407,163.25
DB12-LIDZUV_clean_repeat,62.536892,72.0625
DB12-jz4002345_si_005_clean_repeat,160.11972,162.625
DB12-XICNOO_clean_repeat,209.01614,197.5
DB12-MOXPUL_clean_repeat,195.39465,189.625
DB12-IPIJEY_clean_repeat,124.2699,125.0
DB12-NISCOJ_clean_repeat,99.15909,90.0
DB12-ZAVREV_clean_repeat,162.44693,160.75
DB12-HUFYIS_clean_repeat,114.010605,110.0625
DB12-QAQSAD_clean_repeat,144.8583,149.5
DB12-EQERAU_clean_repeat,223.60886,224.875
DB12-NOHHID_clean_repeat,31.85824,31.375
DB12-IHOTEG_clean_repeat,13.493424,-0.23010254
DB12-ROQMER03_clean_repeat,121.31667,130.75
DB12-XUGWAZ_clean_repeat,64.18143,62.0625
DB12-CEDFIC_clean_repeat,182.01212,176.625
DB12-LEQQII_clean_repeat,235.08113,223.5
DB12-acs.inorgchem.6b00081_ic6b00081_si_001_clean_repeat,95.55101,102.5
DB12-XEQGAC_clean_repeat,140.7883,156.625
DB12-QOMDUS_clean_repeat,140.03809,137.5
DB12-JOPWUI_clean_repeat,98.9691,88.5
DB12-COKQIE_clean_repeat,230.43369,232.5
DB12-VOYWUB_clean_h_repeat,0.0005132016,6.8085938
DB12-EVUNAL_clean_repeat,76.269295,70.375
DB12-SAQQOR_clean_h_repeat,234.58125,225.875
DB12-IQINAZ_clean_repeat,136.68307,125.5
DB12-YUHHIU_clean_repeat,205.09563,200.5
DB12-XIHXET_clean_repeat,135.77724,148.25
DB12-XEJXAN_clean_repeat,119.59815,109.0
DB12-IJUTEM_clean_repeat,216.2296,201.25
DB12-FIFNUE_clean_repeat,206.04167,183.375
DB12-BOZFON_clean_repeat,127.43417,131.75
DB12-VOFFED_clean_repeat,89.34141,86.5
DB12-XEHSIN_clean_repeat,92.01603,87.8125
DB12-FIJDIM01_clean_repeat,136.8291,135.375
DB12-UVUDUM_clean_repeat,101.6829,98.375
DB12-GASSEB_clean_repeat,173.23459,193.625
DB12-YITHOA01_clean_repeat,52.596344,52.125
DB12-VUQKAU01_clean_repeat,176.20958,170.25
DB12-SUGVUM_clean_repeat,186.66708,173.875
DB12-ZIMLEO_clean_repeat,213.75342,220.375
DB12-IRISAD_clean_repeat,92.41615,86.75
DB12-KEFFEI_clean_repeat,122.04497,122.75
DB12-IQOJAB_clean_repeat,178.07968,175.5
DB12-GUHNUU_clean_repeat,194.49312,185.875
DB12-ECAHOH_clean_repeat,113.20833,99.5625
DB12-LUCDES_clean_repeat,224.2724,218.875
DB12-OSIXIY_clean_repeat,70.016624,62.09375
DB12-ETEJOD_clean_repeat,206.13942,198.875
DB12-BEDYEQ_clean_repeat,192.40584,188.375
DB12-IBICIH_clean_repeat,154.94533,148.0
DB12-VIPZAX_clean_repeat,107.81686,108.625
DB12-OTECAT_clean_repeat,262.84314,266.5
DB12-GIYSUD_clean_repeat,183.56763,180.125
DB12-LOTDIJ_clean_repeat,129.29602,119.0625
DB12-BEPMIU_clean_repeat,142.7738,148.25
DB12-XAHPED_clean_repeat,222.47263,240.125
DB12-ORIVOC_clean_repeat,233.4514,247.25
DB12-BOLPAU_clean_repeat,217.67474,205.75
DB12-LADQIT_clean_repeat,157.26566,161.375
DB12-EWESAC_clean_repeat,92.23649,92.25
DB12-SUSZIQ_clean_repeat,87.97523,93.0
DB12-VITYOO_clean_repeat,206.05112,213.125
DB12-PANRUS01_clean_repeat,255.54466,232.75
DB12-HIJSOK_clean_repeat,149.43517,162.5
DB12-YEKXOD_clean_repeat,186.48586,190.75
DB12-NISBEX_clean_repeat,106.768555,109.0625
DB12-VINHOR_clean_repeat,158.92154,153.875
DB12-LAJJAK_clean_repeat,160.79066,165.5
DB12-BIMDIL_clean_repeat,174.64653,170.125
DB12-cm503311x_alf450K_clean_repeat,197.45483,215.125
DB12-BUDDIO_clean_repeat,0.06529177,1.0625
DB12-VIFBOD_clean_repeat,157.37117,157.25
DB12-KOSLOV_clean_repeat,220.37312,227.5
DB12-AQAJEI_clean_repeat,146.70892,138.75
DB12-VUQKUO_clean_repeat,125.65967,121.0625
DB12-LONVAN_clean_repeat,221.63681,222.25
DB12-BUVHEH_clean_repeat,199.69669,190.75
DB12-MAKGOX_clean_repeat,58.54102,65.4375
DB12-IZIKOT02_clean_repeat,157.45047,159.625
DB12-UQOGAK_clean_repeat,183.06758,169.875
DB12-SAJKUM_clean_repeat,114.48103,98.1875
DB12-YOCLEJ_clean_repeat,242.76888,241.125
DB12-MARNUR_clean_repeat,68.781944,73.625
DB12-BUSGIG_clean_repeat,75.17056,79.375
DB12-EQEROJ_clean_repeat,114.80959,106.1875
DB12-TEJQAC_clean_repeat,16.14976,24.28125
DB12-KAXQIL_clean_repeat,61.910007,65.875
DB12-SOPLOA_clean_repeat,222.976,228.375
DB12-HOXSUK_clean_repeat,175.71138,169.125
DB12-YANBAR02_clean_repeat,87.984726,85.3125
DB12-GEGGIK_clean_repeat,115.52865,114.625
DB12-ZUXPOZ_clean_repeat,132.92313,130.5
DB12-KAWBOB_clean_repeat,174.11195,169.75
DB12-LIWFUS_clean_repeat,130.09236,143.875
DB12-VUNNEZ_clean_repeat,92.24553,109.0
DB12-MUWQEB_clean_repeat,220.7579,223.25
DB12-MUPYUS_clean_repeat,0.1790605,2.8085938
DB12-WAVRAO_clean_repeat,232.14836,223.125
DB12-RIPTAM_clean_repeat,132.38673,115.5625
DB12-SETQEP_clean_repeat,126.801796,123.0625
DB12-HUSQES_clean_repeat,179.4293,146.375
DB12-DEJCEB_clean_repeat,148.03017,148.5
DB12-IQECIS_clean_repeat,234.6831,218.125
DB12-XESKIR_clean_h_repeat,169.8826,161.5
DB12-AYOXUJ_clean_repeat,104.51021,104.3125
DB12-MATPOP_clean_repeat,172.09244,167.375
DB12-JOGHIY_clean_repeat,206.36583,203.0
DB12-CUVTUJ_clean_repeat,231.7105,228.125
DB12-LOQSUG_clean_repeat,80.28314,90.75
DB12-LALPIZ_clean_repeat,83.4961,86.4375
DB12-PIBNUK01_clean_repeat,192.68817,206.75
DB12-XUNSOQ_clean_repeat,107.55013,104.0
DB12-KAXZUG_clean_repeat,30.94627,32.6875
DB12-COZMUA_clean_repeat,230.3531,236.5
DB12-PUMZAZ_clean_repeat,35.938366,39.21875
DB12-PUJJEL_clean_repeat,185.99457,185.5
DB12-RAVWUI_clean_repeat,155.6993,166.625
DB12-GUPJEG_clean_repeat,53.850616,52.09375
DB12-FIJDIM11_clean_repeat,136.08702,138.5
DB12-BEVRAW_clean_repeat,0.0017426823,2.9355469
DB12-EDADIX_clean_repeat,143.42226,154.5
DB12-cg501141m_si_002_clean_repeat,182.8322,185.125
DB12-WIHCUM_clean_repeat,0.8860816,0.31103516
DB12-AHEQAH_clean_repeat,254.62126,224.25
DB12-MAJHOW_clean_repeat,105.13028,111.875
DB12-JUMDAY_clean_repeat,168.00085,169.25
DB12-FIJDIM09_clean_repeat,144.84558,139.25
DB12-CEGDUO_clean_repeat,99.28076,79.625
DB12-XAHQAA_clean_repeat,147.35248,158.375
DB12-NEXVET_clean_repeat,228.91084,238.125
DB12-cg401887b_si_004_clean_repeat,264.7564,255.125
DB12-WENKOR_clean_repeat,92.41424,99.125
DB12-MIVNUB_clean_repeat,43.935932,48.34375
DB12-OGAXUR_clean_repeat,144.19595,118.375
DB12-JIXWUJ01_clean_repeat,87.2877,77.625
DB12-TARVOX_clean_repeat,102.3139,113.125
DB12-QUDJIJ_clean_repeat,169.44798,188.125
DB12-SUJNUH_clean_repeat,117.23614,129.875
DB12-XAHPIH_clean_repeat,209.13618,220.5
DB12-SUVZOA_clean_repeat,101.040016,101.25
DB12-DUTKAG_clean_repeat,225.25896,219.5
DB12-IYASOS_clean_repeat,158.36908,165.125
DB12-HOTFED_clean_repeat,3.2072606,17.203125
DB12-AMILUE_clean_repeat,174.3131,170.25
DB12-GIWNUV_clean_repeat,133.20203,133.75
DB12-ZOHBIJ_clean_repeat,41.383167,58.09375
DB12-FIMYUX_clean_repeat,175.91774,186.25
DB12-LEYLUX_clean_repeat,113.69183,115.8125
DB12-PEYPIU_clean_repeat,124.1762,122.5
DB12-PEGCEL_clean_repeat,96.93948,94.25
DB12-KEJHIQ_clean_h_repeat,157.93562,137.75
DB12-XITYOP_clean_repeat,239.13094,243.0
DB12-UMOBEF02_clean_repeat,256.42285,253.625
DB12-JIXWUJ_clean_repeat,87.522125,83.5625
DB12-RUPTED_clean_repeat,52.181053,44.53125
DB12-IKEBUV01_clean_repeat,183.7368,178.75
DB12-RUVBOB_clean_repeat,151.71236,146.625
DB12-RUHFUX_clean_repeat,177.14658,180.5
DB12-SODQOT_clean_repeat,208.08238,200.5
DB12-SANJAV_clean_repeat,190.66634,171.0
DB12-OKAYEG_clean_repeat,55.45864,54.6875
DB12-SIVGIP_clean_repeat,155.71141,149.75
DB12-PUPXII_clean_repeat,96.0854,56.375
DB12-TORJIV_clean_repeat,147.70386,148.75
DB12-COWMOR_clean_repeat,199.05685,202.625
DB12-XALCUJ_clean_repeat,133.35196,141.875
DB12-TUBCEA_clean_repeat,108.92919,107.0625
DB12-KAHKUB01_clean_repeat,156.8072,165.75
DB12-XAKYUE_clean_repeat,176.39828,178.875
DB12-cg500121f_si_004_clean_repeat,119.746635,127.4375
DB12-WOPHIU01_clean_repeat,102.188614,116.1875
DB12-TIKMUW_clean_repeat,101.57615,98.875
DB12-PIZRUN_clean_repeat,142.52695,155.625
DB12-CIWSAD_clean_repeat,198.41116,217.25
DB12-HIDBON_clean_repeat,54.316265,57.46875
DB12-HUFLUR_clean_repeat,132.46669,143.125
DB12-QOPHEI_clean_repeat,0.66891056,3.6171875
DB12-NUWBOX_clean_repeat,132.02374,128.75
DB12-QUVFAP_clean_repeat,103.28016,112.75
DB12-LABGAY_clean_repeat,71.42136,41.21875
DB12-FAGREM_clean_repeat,187.78056,176.25
DB12-LAVSUY_clean_repeat,195.04321,212.25
DB12-ALULAV_clean_repeat,247.8785,235.375
DB12-GUXQAR_clean_repeat,44.59738,55.46875
DB12-BUCVAY_clean_repeat,65.01133,68.5
DB12-WEWGAH_clean_repeat,51.4901,53.78125
DB12-NAQREE_clean_repeat,217.3079,204.75
DB12-SIVQAR_clean_repeat,167.20882,174.0
DB12-XIDBUJ_clean_repeat,179.75685,185.5
DB12-IFOSIG_clean_repeat,87.143654,88.875
DB12-VETTOE_clean_repeat,232.42589,239.5
DB12-UMOBEF07_clean_repeat,230.51028,250.25
DB12-NEYYIZ_clean_repeat,122.02561,117.375
DB12-jacs.6b09155_ja6b09155_si_009_clean_repeat,198.44469,205.625
DB12-NEVVAM_clean_repeat,151.91849,148.5
DB12-LIXXAS_clean_repeat,200.023,211.125
DB12-LUFBUL_clean_repeat,108.78469,95.8125
DB12-YUDFOU_clean_repeat,172.01466,172.375
DB12-VAQSEO_clean_repeat,59.30677,60.3125
DB12-ESEHIV_clean_repeat,114.25394,106.125
DB12-WASNIO_clean_repeat,115.38877,133.125
DB12-YARDIG_clean_repeat,164.46457,160.375
DB12-LATPIG_clean_repeat,142.23506,151.875
DB12-LIFWOO_clean_repeat,132.29294,116.5
DB12-PUGFOO_clean_repeat,141.0058,147.25
DB12-DOPJAV_clean_repeat,133.51642,135.125
DB12-SAQZOB_clean_repeat,101.53665,102.75
DB12-OLOKEF_clean_repeat,122.66429,119.0625
DB12-UMODEH25_clean_repeat,252.63654,275.25
DB12-WEMCOI_clean_repeat,76.17519,67.8125
DB12-GOYYEA_clean_repeat,82.79732,84.0
DB12-DICVIW_clean_repeat,199.99605,205.25
DB12-EGUNAX_clean_repeat,101.36911,110.5625
DB12-OKABAE_clean_repeat,231.84174,228.125
DB12-BONNIC_clean_repeat,66.57771,63.59375
DB12-WOHDON_clean_repeat,232.12193,233.0
DB12-MURCAD_clean_repeat,203.89603,197.375
DB12-BACGAQ_clean_repeat,108.36014,115.5
DB12-VONBIK_clean_repeat,73.77168,62.125
DB12-CIWREG_clean_repeat,194.39151,204.375
DB12-MUPYIG_clean_repeat,18.480593,8.046875
DB12-REDYEG_clean_repeat,89.5799,94.4375
DB12-GUJGAU_clean_repeat,98.067024,76.625
DB12-YAVZUT_clean_repeat,231.75754,245.375
DB12-DOMKEX_clean_repeat,108.34222,107.375
DB12-VASGUU_clean_repeat,230.94882,242.875
DB12-ZAVRIZ_clean_repeat,161.0549,175.875
DB12-ZASWOF_clean_repeat,69.38157,73.5
DB12-KUTHOY_clean_repeat,115.23349,120.4375
DB12-OWIKAI_clean_repeat,93.380486,97.8125
DB12-FIJDIM05_clean_repeat,140.14638,139.5
DB12-DEYXIQ_clean_repeat,162.23297,152.0
DB12-GOTDIE_clean_repeat,32.331093,29.296875
DB12-MUNDAC_clean_repeat,172.346,164.875
DB12-GIHPAQ_clean_repeat,108.05162,138.5
DB12-NEYYUN_clean_repeat,224.75069,208.875
DB12-ISISUZ_clean_repeat,99.31117,107.5
DB12-CUNQOT_clean_repeat,107.617714,101.4375
DB12-DUKYOZ_clean_repeat,3.828386,9.609375
DB12-WUXLEI_clean_repeat,87.50551,90.3125
DB12-COKPUP_clean_repeat,244.62474,253.0
DB12-QEKLID_clean_repeat,144.89452,163.125
DB12-QUDGED_clean_repeat,236.35686,251.125
DB12-MIDSUP_clean_repeat,218.21468,240.375
DB12-JORSEQ_clean_repeat,130.38895,120.25
DB12-OWIJAH_clean_repeat,224.11972,225.0
DB12-LABPOV_clean_repeat,51.99189,51.875
DB12-S2052520616005515_bm5080sup1_clean_repeat,193.84288,189.625
DB12-SABVOH01_clean_repeat,190.09161,205.75
DB12-FEZQEI_clean_repeat,96.608925,85.4375
DB12-FIFMOY_clean_repeat,110.715546,97.875
DB12-MITGOL_clean_repeat,117.57117,106.75
DB12-GUHPEG_clean_repeat,135.83888,158.5
DB12-HEBTEP_clean_repeat,102.98975,111.5
DB12-UYAQAN_clean_repeat,108.08095,113.0
DB12-TIVFAG_clean_repeat,0.010844313,-3.1503906
DB12-TEVZEA_clean_repeat,93.22858,100.3125
DB12-ZOZCIC_clean_repeat,94.47108,96.4375
DB12-EWUGEK_clean_repeat,42.63227,29.515625
DB12-EBAVOV_clean_repeat,125.33119,120.5625
DB12-KOZQEX_clean_repeat,223.49377,222.875
DB12-ASOVEL_clean_repeat,111.89223,97.125
DB12-YAZWOM_clean_repeat,82.07794,87.3125
DB12-c6ra27069g_c6ra27069g2_clean_repeat,88.540245,85.5
DB12-TORJAN_clean_repeat,155.73497,163.75
DB12-PEVQIS_clean_h_repeat,232.29987,236.375
DB12-FUTYUQ_clean_repeat,228.33073,235.625
DB12-IYAYUE_clean_repeat,171.93945,154.375
DB12-ZAVQUK_clean_repeat,162.17476,154.25
DB12-LITCUO_clean_repeat,125.00834,126.125
DB12-PUWCOZ_clean_repeat,135.5313,136.75
DB12-IYOVOI_clean_repeat,152.23842,147.75
DB12-cg400449c_si_001_clean_repeat,245.22308,239.375
DB12-COXHIH_clean_repeat,177.12268,184.125
DB12-ILOSOS_clean_repeat,181.23944,164.625
DB12-SUNJER_clean_repeat,202.05746,188.5
DB12-XIGHAX_clean_repeat,172.78375,173.875
DB12-RIYBEI_clean_repeat,203.41472,206.375
DB12-HEGJUZ_clean_repeat,137.75937,136.0
DB12-OKAYAC_clean_repeat,57.76916,66.25
DB12-IQIPAZ_clean_repeat,66.09777,63.90625
DB12-ic502730y_si_002_clean_repeat,177.60231,189.375
DB12-EZABEN_clean_repeat,147.17926,149.5
DB12-XAMDUM02_clean_repeat,244.9632,233.875
DB12-GEVXIQ_clean_repeat,111.31241,122.0625
DB12-YOMVIG01_clean_repeat,109.022736,111.125
DB12-KANMIX_clean_repeat,197.89815,210.125
DB12-FAVGAN_clean_repeat,111.44652,115.4375
DB12-YARSIV_clean_repeat,50.312927,42.875
DB12-DAJHUS_clean_repeat,54.951035,58.78125
DB12-SOXDAM_clean_repeat,152.95934,145.25
DB12-BAKJII_clean_repeat,218.27937,229.625
DB12-HAZSIL_clean_repeat,218.75511,206.375
DB12-KOSJAF_clean_repeat,214.9582,205.25
DB12-YARYIZ_clean_repeat,138.54788,140.375
DB12-PUFXIZ_clean_repeat,100.869156,111.1875
DB12-cm503311x_F-mil-53-Al-lp-ortho_clean_repeat,245.25262,252.75
DB12-BUJKEW01_clean_repeat,128.86249,130.625
DB12-EBEXAM_clean_repeat,189.6995,192.125
DB12-CUGLTM02_clean_repeat,0.0019057887,-2.7089844
DB12-NOCYUB_clean_repeat,76.538284,61.28125
DB12-OPOZEZ_clean_repeat,148.90968,124.5
DB12-NAJTEA_clean_repeat,205.64876,205.25
DB12-TEBCEK_clean_repeat,43.045094,43.3125
DB12-XEGKEB_clean_repeat,195.11,188.5
DB12-YEYYAC_clean_repeat,121.13466,129.875
DB12-EDUTIG_clean_repeat,233.78023,226.75
DB12-XOVPIH_clean_repeat,120.31969,126.4375
DB12-POLDOK_clean_repeat,108.15242,106.0625
DB12-MEKDUC_clean_repeat,78.31465,83.625
DB12-XEDPON_clean_repeat,232.31462,239.125
DB12-EXUHEM_clean_repeat,103.65059,114.875
DB12-j.ica.2016.05.002_2_clean_repeat,174.59473,179.625
DB12-NARVUA_clean_repeat,54.179745,60.5
DB12-RAKDAJ_clean_repeat,200.93254,185.25
DB12-PUWDOA_clean_repeat,228.7893,234.25
DB12-SICDAL_clean_repeat,0.0,1.3105469
DB12-BOCTEU01_clean_repeat,103.9709,98.25
DB12-IXUQUO_clean_repeat,133.09499,148.0
DB12-SUFJIO_clean_repeat,169.00475,163.25
DB12-VEHYUE_clean_repeat,67.91938,72.75
DB12-WOPSAX02_clean_repeat,229.71756,226.5
DB12-ASAHEJ_clean_repeat,146.19691,128.5
DB12-AFITUF_clean_repeat,137.53403,144.25
DB12-UFILUR02_clean_repeat,99.75593,114.0
DB12-TEVZUQ_clean_repeat,90.18288,87.1875
DB12-FEVDER_clean_repeat,45.42708,39.875
DB12-LUMLIQ_clean_repeat,132.53963,133.0
DB12-HAJLOU_clean_repeat,39.5427,42.4375
DB12-AHOKAJ_clean_repeat,8.609214,7.2578125
DB12-XUNSEG_clean_repeat,111.23451,103.4375
DB12-NACYOG_clean_repeat,124.77792,112.5
DB12-SAJJOF_clean_repeat,127.58318,133.5
DB12-REYBAA_clean_repeat,71.68451,61.96875
DB12-FIHXUR_clean_repeat,0.38856605,7.0585938
DB12-UMOVEZ02_clean_repeat,254.80357,238.75
DB12-FATKUI_clean_repeat,114.335304,112.375
DB12-OTOVAW_clean_repeat,88.43211,94.125
DB12-GIHPEU_clean_repeat,111.15146,93.4375
DB12-CUKXUC_clean_repeat,139.18102,144.5
DB12-NIKYOW01_clean_repeat,89.24941,94.3125
DB12-FAHPOV_clean_repeat,218.50984,203.125
DB12-MARNOL_clean_repeat,163.68294,166.875
DB12-REXDEF_clean_repeat,166.27849,167.25
DB12-CIJVOH01_clean_repeat,234.18782,240.125
DB12-XEXLIX_clean_repeat,170.8224,156.375
DB12-FOKYEL_clean_repeat,172.7116,192.375
DB12-MOXKAN_clean_repeat,88.97398,79.3125
DB12-UMOBEF09_clean_repeat,228.52104,243.375
DB12-ZECKID_clean_repeat,223.65276,231.5
DB12-YAGJOI_clean_repeat,163.77202,167.875
DB12-DITYOW_clean_repeat,106.4406,100.8125
DB12-POXHUG_clean_repeat,80.282684,74.75
DB12-IJASES_clean_repeat,93.42663,97.1875
DB12-XISPUM_clean_repeat,219.6142,222.75
DB12-BOJCIN_clean_repeat,98.39957,107.875
DB12-IGINIX_clean_repeat,175.02003,166.5
DB12-MOSBIG_clean_repeat,168.45195,154.125
DB12-ZAGHAT_clean_repeat,150.27708,133.25
DB12-WAMREJ_clean_repeat,240.61488,236.875
DB12-XOMCIL_clean_repeat,125.17237,132.375
DB12-GEVKID_clean_repeat,66.28601,65.0
DB12-KOMGUP_clean_repeat,98.80562,109.5625
DB12-IKETIB_clean_repeat,227.89388,254.125
DB12-DURDIF_clean_repeat,250.17517,231.625
DB12-EPUXET_clean_repeat,102.79947,80.3125
DB12-TESGOO_clean_repeat,91.8588,99.1875
DB12-WUYXAR_clean_repeat,219.34029,220.0
DB12-XISXEE_clean_repeat,231.26364,218.5
DB12-EQEREY_clean_repeat,173.79155,166.125
DB12-IFEHUY_clean_repeat,207.26956,195.875
DB12-FIRNOL_clean_repeat,234.82845,248.875
DB12-DOQHEX_clean_repeat,133.26628,141.0
DB12-DALSER_clean_repeat,70.01693,65.875
DB12-ELIKOA_clean_repeat,139.31456,140.875
DB12-j.inoche.2015.01.025_INC05862-mmc1_clean_repeat,80.617546,77.375
DB12-ZIDVAL_clean_repeat,76.853035,66.5625
DB12-LAVTEJ_clean_repeat,191.26675,195.375
DB12-c6ce00407e_c6ce00407e9_clean_repeat,193.8731,196.625
DB12-XAQTOY01_clean_repeat,111.37884,120.375
DB12-MUVNAT_clean_repeat,131.5943,136.875
DB12-BOVHEB_clean_repeat,132.9364,147.5
DB12-ROCZAM_clean_repeat,192.90482,197.125
DB12-BIQHEQ_clean_repeat,166.13716,157.125
DB12-MANDUD_clean_repeat,211.7257,209.0
DB12-RUXKUS_clean_repeat,103.87335,98.875
DB12-JAVNIE_clean_repeat,218.15439,218.75
DB12-XAPCOJ04_clean_repeat,219.37767,212.125
DB12-SAKRED_clean_repeat,202.98448,200.25
DB12-QUFFED_clean_repeat,14.567973,19.140625
DB12-TAGSEB_clean_repeat,114.220604,116.875
DB12-ASUBIB_clean_repeat,166.33887,152.75
DB12-AXUHIL_clean_repeat,100.79039,98.1875
DB12-EPISOM_clean_repeat,259.52502,247.75
DB12-MEJQID_clean_repeat,145.64949,129.25
DB12-ADIQEL_clean_repeat,155.84966,154.625
DB12-ZIMLIS_clean_repeat,213.79807,215.625
DB12-NIHBIQ_clean_repeat,87.21676,90.75
DB12-ZAVQEU_clean_repeat,162.00954,166.875
DB12-RIWMUH_clean_repeat,196.54408,197.75
DB12-RAHNOF_clean_repeat,245.0821,235.625
DB12-OFEHAK_clean_repeat,161.3322,170.625
DB12-REJVOS_clean_repeat,90.58778,85.125
DB12-KAFYAT_clean_repeat,116.18239,110.75
DB12-QUPHUF_clean_repeat,92.38473,89.4375
DB12-CUQKOQ_clean_repeat,194.25586,180.0
DB12-FAVGUH_clean_repeat,87.36135,89.875
DB12-GELVID01_clean_repeat,70.57333,106.0625
DB12-PEFRUP01_clean_repeat,165.90605,182.0
DB12-c5cp03920g_c5cp03920g2_clean_repeat,201.59877,196.5
DB12-QOPZIF_clean_repeat,196.8335,197.75
DB12-HIZQEN01_clean_repeat,166.49716,175.5
DB12-UKUBIM_clean_repeat,142.2268,154.875
DB12-DAWCOV_clean_repeat,208.26764,207.375
DB12-FIRMUQ_clean_repeat,229.49797,203.375
DB12-ICIZOL_clean_repeat,145.51997,142.125
DB12-AVESAW_clean_repeat,63.179195,67.75
DB12-VARREL_clean_repeat,88.81966,87.1875
DB12-CODSOF_clean_repeat,51.970306,68.4375
DB12-XAQTEO_clean_repeat,111.3665,101.5
DB12-LAGVOG_clean_repeat,238.90767,227.125
DB12-PAMTUU_clean_repeat,221.95474,228.5
DB12-BEXPAX_clean_repeat,270.57147,258.75
DB12-OGUPIQ_clean_repeat,118.16417,118.9375
DB12-COQNIF_clean_repeat,238.90332,244.5
DB12-XUMMUP_clean_repeat,163.23225,142.875
DB12-RUSWIN_clean_repeat,164.59262,165.25
DB12-XIMPOA01_clean_repeat,35.27589,50.0625
DB12-CISMEY01_clean_repeat,13.660955,27.671875
DB12-VAZLEP_clean_repeat,13.543216,10.578125
DB12-ALUKOI_clean_repeat,246.93925,221.625
DB12-DAWCIP_clean_repeat,202.10097,222.875
DB12-SUJREV_clean_repeat,84.752075,102.1875
DB12-IJEVEA_clean_repeat,111.58116,117.5
DB12-HAZGOF03_clean_h_repeat,74.34292,77.0
DB12-LITCOI_clean_repeat,217.16837,218.375
DB12-SACDUX_clean_repeat,202.44168,204.625
DB12-LEDLAJ_clean_repeat,94.464806,97.8125
DB12-SEFWAD_clean_repeat,188.76787,176.0
DB12-WECFAN01_clean_repeat,84.08876,82.875
DB12-ASALIP_clean_repeat,144.8191,137.25
DB12-QITDEE_clean_repeat,49.034416,66.0
DB12-JUJZIZ_clean_repeat,41.33273,96.75
DB12-ic048812_clean_repeat,65.3477,70.125
DB12-FEFCUQ_clean_repeat,227.27327,225.875
DB12-BONWIL_clean_repeat,31.347004,49.8125
DB12-YUBGIN_clean_repeat,153.40901,148.625
DB12-YUMYUC_clean_repeat,173.46521,170.25
DB12-AFOQUI_clean_repeat,74.02068,99.875
DB12-SEQSIS_clean_repeat,122.801765,141.0
DB12-ECEDAU_clean_repeat,80.58083,101.6875
DB12-REGMOH_clean_repeat,92.762375,98.75
DB12-KIHTOL_clean_repeat,21.493162,4.8046875
DB12-IJEXUR_clean_repeat,76.2686,92.6875
DB12-ECIWIW_clean_repeat,77.71715,91.125
DB12-TUKDAG_clean_repeat,0.47191224,12.96875
DB12-UMOVEZ04_clean_repeat,255.35216,245.25
DB12-UZAROE_clean_repeat,163.02892,165.25
DB12-KAPHAL_clean_repeat,1.4832773,19.578125
DB12-KUCDIW_clean_repeat,174.35947,176.75
DB12-NIGFUF_clean_repeat,220.68063,217.5
DB12-IJENER_clean_repeat,126.02416,135.125
DB12-NOQKOV_clean_repeat,169.45517,169.625
DB12-LUFNAC01_clean_repeat,199.89134,185.875
DB12-UZUNAF01_clean_repeat,124.32759,147.5
DB12-IZEWAN_clean_repeat,229.90813,240.375
DB12-KEDJAG28_clean_repeat,200.48892,206.75
DB12-LAGPAM_clean_repeat,169.95734,173.0
DB12-OFUCEZ_clean_repeat,161.51294,161.5
DB12-TUMQOJ_clean_repeat,144.25458,143.75
DB12-LIHRIE_clean_repeat,155.06892,152.75
DB12-REGLOG_clean_repeat,163.6904,147.375
DB12-EYULOA_clean_repeat,104.06155,101.125
DB12-KILJEV_clean_repeat,45.81942,71.5625
DB12-NAYXOC_clean_repeat,200.56549,193.75
DB12-FAPXIG_clean_repeat,219.26703,208.25
DB12-cm503311x_F-mil-53-Al-np_clean_repeat,7.567373e-05,3.0546875
DB12-YUZXAT_clean_repeat,91.700165,92.8125
DB12-GOMREG_clean_repeat,107.136284,110.875
DB12-PEWFII_clean_repeat,119.79503,131.375
DB12-GEVXAI_clean_repeat,91.52733,94.8125
DB12-JUXFOZ_clean_repeat,235.7386,242.625
DB12-NEVVAM02_clean_repeat,147.32954,147.5
DB12-KOKSIO_clean_repeat,175.37494,178.5
DB12-EKETOF_clean_repeat,62.288773,59.71875
DB12-YOBYAR_clean_repeat,245.16441,247.125
DB12-LERNAY_clean_repeat,101.25517,105.9375
DB12-ROLCEC16_clean_repeat,0.0,-1.9423828
DB12-HILJUJ_clean_repeat,38.66777,41.28125
DB12-NUYWEK_clean_repeat,61.937885,65.0625
DB12-KASPOL_clean_repeat,113.57944,119.25
DB12-WIPZEC_clean_repeat,170.47595,159.75
DB12-WUDTIA_clean_repeat,111.46665,100.4375
DB12-MIHLEV_clean_repeat,89.575554,91.3125
DB12-BAPDAA_clean_repeat,232.72351,232.125
DB12-TAJXIO04_clean_repeat,19.277071,20.46875
DB12-om701262m-file004_clean_repeat,184.28777,188.25
DB12-GAXQIH_clean_repeat,92.901825,98.0625
DB12-PEXBIF01_clean_repeat,68.62343,50.1875
DB12-AWAGOV_clean_repeat,115.16809,125.4375
DB12-MOGVAG_clean_repeat,29.608849,48.71875
DB12-NIBJAK_clean_repeat,162.61224,173.625
DB12-CDLGLU12_clean_repeat,4.74878,-5.625
DB12-CORZIU_clean_repeat,266.8729,250.875
DB12-QOVWOP_clean_repeat,69.50782,50.59375
DB12-ASUWUI_clean_repeat,134.94727,127.3125
DB12-XAKZAL_clean_repeat,133.63068,140.25
DB12-SAJRUT_clean_repeat,229.58282,234.25
DB12-XUMNEA_clean_repeat,93.54299,84.5
DB12-TISGUY_clean_repeat,71.280945,81.125
DB12-MEFYUT_clean_repeat,180.16075,184.5
DB12-YAJXIT_clean_repeat,134.02483,140.625
DB12-IJASOC_clean_repeat,206.80101,194.125
DB12-PUMNIV_clean_repeat,138.11377,148.75
DB12-EJULUS_clean_repeat,81.44391,78.9375
DB12-CIGYAU_clean_repeat,36.940525,39.46875
DB12-ic402058f_si_005_clean_repeat,108.94193,106.25
DB12-EBANAY_clean_repeat,60.649612,77.0
DB12-VASKOR_clean_repeat,120.06934,141.125
DB12-LOMMOR_clean_repeat,16.850534,32.0
DB12-LAXGOH03_clean_repeat,16.79862,61.40625
DB12-ZAQWEW_clean_repeat,140.65912,135.75
DB12-IQOHUT_clean_repeat,190.85283,200.125
DB12-OSAXAI_clean_repeat,84.49151,94.625
DB12-TURDIV_clean_repeat,169.07085,177.375
DB12-CAYMIZ_clean_repeat,117.84853,121.1875
DB12-CIGFEF_clean_repeat,167.74034,157.75
DB12-ADAVIM_clean_repeat,229.54066,235.875
DB12-NEZBOK_clean_repeat,107.49986,95.625
DB12-WUSXEP_clean_repeat,242.23265,225.75
DB12-OZUKOL_clean_repeat,226.72949,213.25
DB12-OCUSUB_clean_repeat,136.69533,145.375
DB12-VANNIK_clean_repeat,224.35805,222.25
DB12-AXUHAD_clean_repeat,177.8128,165.75
DB12-BUVYEX_clean_repeat,99.35467,83.0625
DB12-QUGNOV_clean_repeat,55.08965,41.65625
DB12-FORPOS_clean_repeat,208.99498,202.5
DB12-BUVYIB_clean_repeat,233.51724,223.75
DB12-ULOMAL_clean_repeat,173.49356,158.625
DB12-WENDIE_clean_repeat,132.43378,117.5625
DB12-BADHOG_clean_repeat,90.56681,84.5625
DB12-KEYFUR_clean_repeat,41.70575,36.0
DB12-FECXAO_clean_repeat,211.8883,194.75
DB12-NIKZAJ01_clean_repeat,89.844086,98.375
DB12-SARGUP_clean_repeat,231.6103,218.125
DB12-WORSUT_clean_repeat,145.92091,122.3125
DB12-BAZFUF01_clean_repeat,230.89157,213.375
DB12-KASRED_clean_repeat,244.60373,246.5
DB12-ZEDQEG_clean_repeat,184.40707,182.25
DB12-KUJMEJ_clean_repeat,218.54797,204.25
DB12-PUZTOV_clean_repeat,236.66586,188.5
DB12-MAHTAR01_clean_repeat,118.775536,110.875
DB12-YONNUL_clean_repeat,189.93784,181.0
DB12-XAKZOZ_clean_repeat,185.60905,162.875
DB12-NIMPEG_clean_repeat,233.50398,227.125
DB12-VAZROF_clean_repeat,97.809685,95.625
DB12-MUDKOM_clean_repeat,105.46593,95.5625
DB12-TESGUU_clean_repeat,91.3797,77.1875
DB12-EGAFUP_clean_repeat,137.10606,96.1875
DB12-XAPCOJ05_clean_repeat,217.29094,203.25
DB12-LEJRIC_clean_repeat,232.13339,221.25
DB12-HABKOM_clean_repeat,141.12263,136.625
DB12-RODBAP_clean_repeat,218.5129,199.5
DB12-VIDXOX_clean_repeat,141.72958,111.6875
DB12-LEVNOQ01_clean_repeat,160.09145,140.5
DB12-REYMOZ_clean_repeat,245.29222,231.25
DB12-ROQMER02_clean_repeat,122.86511,117.3125
DB12-QIYDIN_clean_repeat,157.63588,159.5
DB12-JOGSAA_clean_repeat,244.3178,218.125
DB12-TOKDON_clean_repeat,242.4074,206.0
DB12-KEGZOL02_clean_repeat,163.69354,156.25
DB12-EBUFUE_clean_repeat,95.36752,83.5625
DB12-QERWAL_clean_repeat,160.25739,156.875
DB12-acs.jchemed.6b00258_ed6b00258_si_005_clean_repeat,59.29458,50.0625
DB12-FIJDIM_clean_repeat,136.55206,121.5625
DB12-IXOFIL_clean_repeat,212.2101,179.0
DB12-KUXLUL_clean_repeat,215.90115,214.75
DB12-XAPCOJ07_clean_repeat,217.9149,218.875
DB12-IBAPEJ_clean_repeat,77.62346,62.71875
DB12-CUFJUK_clean_repeat,0.06257613,-8.296875
DB12-KEDJAG14_clean_repeat,199.98964,200.875
DB12-DUFXOT_clean_repeat,69.77968,64.0625
DB12-CUVHIL02_clean_h_repeat,156.14287,152.75
DB12-TILHEC_clean_repeat,99.25541,97.125
DB12-YUZRES_clean_repeat,160.48804,148.5
DB12-RAHMAP_clean_repeat,127.262596,117.0625
DB12-QOQWOK01_clean_repeat,195.39542,182.375
DB12-VEDFAN_clean_repeat,183.38873,161.75
DB12-LEYQUD_clean_repeat,206.90889,204.375
DB12-VIXZUZ_clean_repeat,126.573006,110.3125
DB12-CEYPUT01_clean_repeat,118.67787,116.5625
DB12-KAYBUJ_clean_repeat,165.9041,159.0
DB12-ADEGIA_clean_repeat,92.28078,87.0
DB12-OKOSUE_clean_repeat,220.21689,209.25
DB12-QIVJAG_clean_repeat,184.06102,175.5
DB12-WOJZEC_clean_repeat,200.87257,189.125
DB12-RUGHOS_clean_repeat,104.42383,74.8125
DB12-ENISOK_clean_repeat,184.18459,173.5
DB12-DEZKEA_clean_repeat,18.156792,7.3984375
DB12-MIXPIU_clean_repeat,55.93654,33.6875
DB12-TUYNEI_clean_repeat,136.04362,131.625
DB12-FEFDAX_clean_repeat,234.57468,228.0
DB12-VECWUX_clean_repeat,91.08418,99.875
DB12-EDAVOV_clean_repeat,41.0484,43.6875
DB12-SUTJIC_clean_repeat,43.347195,22.234375
DB12-FAFGAU_clean_repeat,91.42959,81.0
DB12-LOFZUB_clean_repeat,227.81094,216.0
DB12-KOSLUB_clean_repeat,217.00948,206.5
DB12-WEXNIW_clean_repeat,12.638061,2.578125
DB12-cg501730q_si_002_clean_repeat,223.08614,198.875
DB12-IKETOI_clean_repeat,143.96712,132.25
DB12-AFIPAH_clean_repeat,135.96786,110.25
DB12-KOSMAI_clean_repeat,213.40971,203.625
DB12-HIYZEV01_clean_repeat,143.7654,130.75
DB12-NUXMAU_clean_repeat,138.47269,128.0
DB12-XISPUM01_clean_repeat,197.66519,171.5
DB12-GOVXIA_clean_repeat,139.7697,115.125
DB12-LEYRAK_clean_repeat,207.10779,193.875
DB12-KOMDAT_clean_repeat,160.10202,135.5
DB12-LAQNID_clean_repeat,254.1984,246.5
DB12-UMODEH10_clean_repeat,225.45213,231.75
DB12-ZERNOB_clean_repeat,69.522804,64.0625
DB12-NAKLIW_clean_repeat,204.33655,206.5
DB12-JUQTOG_clean_repeat,121.56185,109.6875
DB12-AWOFOI_clean_repeat,219.13423,202.875
DB12-KUNRAO_clean_repeat,144.40964,117.3125
DB12-cm503311x_OH-mil-53-Al-lp-ortho_clean_repeat,234.02335,209.625
DB12-SAKFAO_clean_repeat,111.206726,98.1875
DB12-YOQYOT_clean_repeat,58.199055,31.015625
DB12-QUTTII_clean_repeat,151.01985,146.875
DB12-JIXWUJ02_clean_repeat,86.81871,74.1875
DB12-UMOBEF08_clean_repeat,229.28261,238.125
DB12-BAHGUN04_clean_repeat,107.99515,95.625
DB12-LUPYAX_clean_repeat,198.89694,198.0
DB12-WABVIF01_clean_repeat,144.77727,134.875
DB12-HAWVEI_clean_repeat,160.12532,125.625
DB12-EKEVAT_clean_repeat,63.288185,53.09375
DB12-UMOVEZ01_clean_repeat,255.65585,234.875
DB12-SETQAL_clean_repeat,119.06139,110.375
DB12-ic300665a_si_002_clean_repeat,156.16815,112.875
DB12-VOBGEA_clean_repeat,62.990353,53.84375
DB12-JEMQEY_clean_repeat,0.23408537,-0.91552734
DB12-ic102347b_si_001_clean_repeat,215.49034,215.125
DB12-JUGQIN_clean_repeat,190.53975,184.125
DB12-WEHJIE_clean_repeat,257.17908,233.0
DB12-VEMMIK_clean_repeat,206.93103,201.25
DB12-EPOTAF_clean_repeat,260.36896,245.75
DB12-GOYPAN_clean_repeat,139.41045,77.1875
DB12-WOBHEB_clean_repeat,236.13046,220.75
DB12-SISQIW_clean_repeat,140.30273,117.875
DB12-GIKQIC_clean_repeat,85.115036,72.4375
DB12-EMUBIZ_clean_repeat,172.59294,166.5
DB12-XAFFIV_clean_repeat,225.6748,219.25
DB12-FEDBEX_clean_repeat,124.79272,106.625
DB12-ODEZAB_clean_repeat,257.04846,238.125
DB12-LAWGOG_clean_repeat,235.05872,231.375
DB12-VETMIS_clean_repeat,219.08339,214.125
DB12-KOMJED_clean_repeat,32.7575,56.9375
DB12-ALUKAU_clean_repeat,90.94124,74.5625
DB12-APAYUN_clean_repeat,208.85144,209.0
DB12-MOCJAQ_clean_repeat,3.335711,6.0976562
DB12-KEDJAG03_clean_repeat,201.02826,215.125
DB12-XAQTEO01_clean_repeat,112.32921,109.4375
DB12-QUXREI_clean_repeat,60.759068,71.625
DB12-WIDZUG_clean_repeat,128.52103,126.9375
DB12-VUQKAU02_clean_repeat,176.72137,195.0
DB12-IYOTAT_clean_repeat,232.32335,238.0
DB12-SOJKOT01_clean_repeat,13.397349,31.140625
DB12-TOHQEO_clean_repeat,178.16484,192.5
DB12-KUQXIE_clean_repeat,104.32913,118.5
DB12-MATVIN_clean_repeat,95.3724,102.75
DB12-AWAWUR_clean_repeat,203.65312,216.25
DB12-ALUJUN_clean_repeat,89.701195,120.0
DB12-AVIMIC_clean_repeat,51.270317,67.5
DB12-NIKYOW_clean_repeat,89.89598,92.0625
DB12-MOTMAK_clean_repeat,142.5011,166.875
DB12-HAWZEM_clean_repeat,134.12071,151.0
DB12-DANVAQ_clean_repeat,112.468506,121.75
DB12-PAKXIK_clean_repeat,160.5496,164.0
DB12-WEMHED_clean_repeat,110.50551,87.875
DB12-GAJZEY_clean_repeat,111.64296,116.9375
DB12-OTOVIE_clean_repeat,106.06445,106.5
DB12-KINPUU_clean_repeat,81.642334,91.1875
DB12-UREVIY_clean_repeat,145.64038,140.75
DB12-SOKWUM_clean_repeat,200.80284,198.125
DB12-HOJLEY_clean_repeat,88.12861,71.5
DB12-PUZKUS_clean_repeat,137.37968,141.125
DB12-VAZLIT_clean_repeat,10.1347275,19.359375
DB12-YEZKOF_clean_repeat,112.214676,123.625
DB12-NIZZOM_clean_repeat,211.74326,217.5
DB12-MINCUJ_clean_repeat,263.70078,269.25
DB12-GEFYUN_clean_repeat,140.28896,153.0
DB12-KIPKEB_clean_repeat,77.97847,77.0
DB12-UCABAE_clean_repeat,137.95006,170.125
DB12-BOFCEG_clean_repeat,139.61781,131.625
DB12-MAQJEW_clean_repeat,0.0,-0.2541504
DB12-XEGJUQ_clean_repeat,188.05034,188.5
DB12-RUWZOA_clean_repeat,119.873024,114.25
DB12-YUBHAG_clean_repeat,223.82285,260.25
DB12-HOJHUL_clean_repeat,59.468246,73.875
DB12-NOQNOY_clean_repeat,103.031784,122.625
DB12-IZUVUV_clean_repeat,165.81169,190.125
DB12-NABMUA_clean_repeat,197.64896,197.5
DB12-RUWZIU_clean_repeat,104.29952,127.125
DB12-AZILEC_clean_repeat,113.612724,106.375
DB12-ENUCOG_clean_repeat,70.34034,85.125
DB12-PEVZAT_clean_repeat,96.83711,98.3125
DB12-RUBHUS_clean_repeat,69.94516,78.75
DB12-GESDUF_clean_repeat,124.13084,146.375
DB12-VAKBIU_clean_repeat,193.52573,196.125
DB12-DOKHOB_clean_repeat,112.43503,111.3125
DB12-CUKYAJ_clean_repeat,140.4168,155.125
DB12-TURFET_clean_repeat,169.54535,175.5
DB12-EMUYAM_clean_repeat,29.894102,57.34375
DB12-TETWOG_clean_repeat,72.32879,91.375
DB12-XEZPUP_clean_repeat,56.87724,77.6875
DB12-ZECKOJ_clean_repeat,237.34068,236.25
DB12-CEZFIY_clean_repeat,127.28655,122.6875
DB12-ALANAD_clean_repeat,249.49007,235.375
DB12-NARPUU_clean_repeat,90.97269,111.3125
DB12-MEJZOS_clean_repeat,78.94066,88.5
DB12-RAXYOF_clean_repeat,85.51544,97.125
DB12-QUQPUO_clean_repeat,157.60892,157.0
DB12-ARAHIM02_clean_repeat,9.126954,0.9008789
DB12-HAJLUA_clean_repeat,39.77196,43.6875
DB12-ICIZAV_clean_repeat,54.564007,53.6875
DB12-LEWTUD01_clean_repeat,102.03835,109.375
DB12-KOSKIO_clean_repeat,215.11685,219.25
DB12-SARGID_clean_repeat,229.81737,250.625
DB12-KOVJAI_clean_repeat,189.03741,176.75
DB12-EXAXAE_clean_repeat,172.3843,175.875
DB12-RANPAA_clean_repeat,205.81125,198.125
DB12-VOCKUT_clean_repeat,74.04611,92.75
DB12-POVXII_clean_repeat,67.047516,85.0625
DB12-IDUDIW_clean_repeat,208.50446,198.0
DB12-JILXOS_clean_repeat,75.32496,78.3125
DB12-GUHPAC_clean_repeat,195.94348,209.5
DB12-WOJZOM_clean_repeat,199.90544,204.75
DB12-UMOVOJ_clean_repeat,250.96048,258.75
DB12-TERFUT_clean_repeat,234.73717,230.875
DB12-KINFAQ_clean_repeat,213.66298,227.25
DB12-VOXQOQ_clean_repeat,115.30312,132.75
DB12-QOZDOY_clean_repeat,132.22649,138.875
DB12-GULWOA_clean_repeat,177.145,177.0
DB12-REXFEH_clean_repeat,168.31639,169.375
DB12-JEJKIT_clean_repeat,118.42108,123.4375
DB12-YUKWOS_clean_repeat,66.603584,67.0
DB12-WOWMAY_clean_repeat,2.4979424,14.421875
DB12-BEPREV_clean_repeat,229.93814,226.5
DB12-BIRMUM_clean_repeat,58.483513,55.5625
DB12-LABJUV_clean_repeat,74.19301,84.75
DB12-GITVEL_clean_repeat,190.44333,186.0
DB12-LEDLEN_clean_repeat,190.1417,203.75
DB12-DEYNIG_clean_repeat,55.948776,54.65625
DB12-CAKFEB_clean_repeat,44.876446,45.59375
DB12-QUMYUT_clean_repeat,27.82816,31.46875
DB12-KADLOT_clean_repeat,215.91344,227.375
DB12-VIXGAM01_clean_repeat,56.416294,64.625
DB12-AZEWEH_clean_repeat,86.01374,110.6875
DB12-NIVWIY_clean_repeat,120.149315,135.25
DB12-NOMQAJ01_clean_repeat,81.9646,110.625
DB12-NIYJAI_clean_repeat,113.637344,124.125
DB12-PUDSOX_clean_repeat,204.51764,216.0
DB12-BOXYIY_clean_repeat,116.79913,124.8125
DB12-LARPEC_clean_repeat,205.40799,217.875
DB12-acs.jpcc.6b08594_Zn2Cd6MOF5_opt_clean_repeat,219.5384,224.0
DB12-MAGNEQ_clean_repeat,182.51318,200.25
DB12-WODQUD_clean_repeat,2.6337316,20.140625
DB12-WEWTOI_clean_repeat,51.805637,50.25
DB12-WUDJAI_clean_repeat,39.835884,36.90625
DB12-QUSRON_clean_repeat,85.35202,91.5
DB12-XOTSEG_clean_repeat,178.45352,199.875
DB12-GIRFUJ_clean_repeat,1.9843732,26.390625
DB12-CEHWIX_clean_repeat,147.49458,159.75
DB12-XARPAK_clean_repeat,194.19814,188.375
DB12-OKAYOQ_clean_repeat,97.74788,102.6875
DB12-SANHIB_clean_repeat,157.61864,179.5
DB12-TOXMUQ_clean_repeat,238.36969,230.375
DB12-VUCDAA_clean_repeat,112.56217,132.0
DB12-SAKDEP_clean_repeat,110.54575,116.75
DB12-UQUHAQ_clean_repeat,172.6199,170.125
DB12-IHILUI_clean_repeat,77.38743,94.4375
DB12-KOMHAW_clean_repeat,120.9283,114.5
DB12-GAJZAU_clean_repeat,111.52546,110.5625
DB12-OSAWEL_clean_repeat,132.68199,124.25
DB12-j.inoche.2015.06.004_1_clean_repeat,98.9644,123.9375
DB12-AQUDOH_clean_repeat,66.49363,66.9375
DB12-LAGNAK_clean_repeat,196.02573,201.5
DB12-PEXBIF_clean_repeat,67.09895,82.75
DB12-HAJLEK_clean_repeat,38.198708,51.78125
DB12-SARMII_clean_repeat,81.78716,85.125
DB12-CIPCUB_clean_repeat,130.13083,142.25
DB12-CUYRUK_clean_repeat,51.42704,65.625
DB12-REGREC_clean_repeat,241.94836,252.375
DB12-MIMSUY_clean_repeat,174.07735,173.875
DB12-YUDFIO_clean_repeat,170.39264,168.25
DB12-OQIZUL_clean_repeat,243.76025,235.875
DB12-TOVJOF_clean_repeat,238.16475,242.0
DB12-MUXHUI01_clean_repeat,0.9577778,-2.2851562
DB12-CAJHUS03_clean_repeat,0.0,1.2451172
DB12-CDLGLU11_clean_repeat,3.8012345,6.1484375
DB12-QEFNAQ_clean_repeat,141.63081,140.5
DB12-GIRZAK_clean_repeat,51.48657,64.1875
DB12-VAGTAA01_clean_repeat,185.80643,181.125
DB12-KUFBEU_clean_repeat,73.464455,93.8125
DB12-VUKHOZ_clean_repeat,151.38399,155.0
DB12-HAZGOF02_clean_h_repeat,63.62291,73.3125
DB12-CAKYIY_clean_repeat,117.53041,119.125
DB12-LOGBAK_clean_repeat,228.46167,227.875
DB12-FIJCUX01_clean_repeat,196.11235,193.375
DB12-DUDKOE_clean_repeat,255.28908,258.5
DB12-WEYQAU05_clean_repeat,192.50659,194.0
DB12-NIKDIU_clean_repeat,7.03238,13.2109375
DB12-WIYFAM_clean_repeat,229.1226,212.75
DB12-MABKIK_clean_repeat,73.66883,82.0625
DB12-KIFWUT_clean_repeat,36.232243,45.75
DB12-FOFTUR_clean_repeat,175.94531,198.0
DB12-CADQAB_clean_repeat,201.75412,211.0
DB12-UMOBEF04_clean_repeat,241.49644,248.5
DB12-HAXMUP_clean_repeat,113.140854,114.75
DB12-YUNJIB_clean_repeat,118.12118,148.0
DB12-XIPTIA_clean_repeat,0.12598743,3.0234375
DB12-GEDRUE_clean_repeat,219.23543,228.5
DB12-ICAQIO_clean_repeat,248.62668,262.0
DB12-SULKIU_clean_repeat,142.29147,159.25
DB12-APAZAU_clean_repeat,222.30263,224.375
DB12-WEYQAU02_clean_repeat,193.49115,201.875
DB12-KIVFEC_clean_repeat,129.40903,135.25
DB12-RIPNUB_clean_repeat,89.92647,91.25
DB12-TUZVUH_clean_repeat,140.11548,140.75
DB12-OKIQAB_clean_repeat,51.933277,69.0625
DB12-GELVEZ_clean_repeat,131.63719,122.5625
DB12-XINRAP_clean_repeat,196.71973,200.625
DB12-ic500323r_si_001_clean_repeat,102.70245,124.125
DB12-CUWYAW_clean_repeat,213.82997,232.5
DB12-HAJMEL_clean_repeat,39.88367,36.28125
DB12-UMELAB_clean_repeat,145.67867,144.75
DB12-XIGHEB_clean_repeat,172.50165,171.625
DB12-UJAQEC_clean_repeat,192.71889,182.375
DB12-ZOZSEO_clean_repeat,25.71353,19.5625
DB12-CAKXOD_clean_repeat,115.19332,103.4375
DB12-LUDVIP_clean_repeat,133.8267,146.5
DB12-WUSSEK_clean_repeat,174.6359,178.875
DB12-VIXPUP01_clean_repeat,248.16043,246.125
DB12-BEXSII_clean_repeat,222.0404,242.75
DB12-MAWTUC_clean_repeat,195.78781,184.5
DB12-DORFOG_clean_repeat,107.90913,114.0625
DB12-DAKVOC_clean_repeat,252.83652,248.375
DB12-HAKCIG_clean_repeat,65.35413,75.875
DB12-IBICON_clean_repeat,149.10188,155.375
DB12-BUSQUC_clean_repeat,43.253784,87.1875
DB12-XEDGIY_clean_repeat,177.29045,185.375
DB12-PEGQAV_clean_repeat,67.26852,70.125
DB12-NIFTIH_clean_repeat,148.75067,152.125
DB12-UXUPEK_clean_repeat,3.9857836,4.78125
DB12-IGAHED_clean_repeat,126.64616,136.5
DB12-ic5b00130_si_002_clean_repeat,57.76665,72.625
DB12-POTREX_clean_repeat,250.43784,252.375
DB12-JOVXEZ_clean_repeat,172.18745,181.625
DB12-EMAPAK_clean_repeat,191.63412,188.0
DB12-HETZOW_clean_repeat,162.32597,168.5
DB12-KIQKOK_clean_repeat,80.432785,101.0625
DB12-LUJPUC_clean_repeat,129.86719,123.4375
DB12-REXDUV_clean_repeat,170.87573,159.125
DB12-ELILER_clean_repeat,137.63336,145.5
DB12-NIHBEM01_clean_repeat,88.03612,92.1875
DB12-PAPKOJ_clean_repeat,36.406227,42.78125
DB12-YEMJAC_clean_repeat,190.97806,183.75
DB12-UCOHUR_clean_repeat,197.61763,195.625
DB12-ic501849g_si_002_clean_repeat,173.54251,179.375
DB12-TECTUS_clean_repeat,120.652145,146.375
DB12-WOPSOL_clean_repeat,223.86443,232.5
DB12-YAHPED_clean_repeat,200.83252,203.875
DB12-YAPXIX_clean_repeat,59.381172,62.96875
DB12-XINZEB_clean_repeat,161.80241,176.125
DB12-QUHMOX_clean_repeat,59.490005,72.375
DB12-RURPEA_clean_repeat,154.86195,144.125
DB12-PEQWAK_clean_repeat,152.9742,155.625
DB12-IJIGOX_clean_repeat,164.53226,173.0
DB12-CODKOX_clean_repeat,4.115905,8.6484375
DB12-REYPIW_clean_repeat,169.3878,185.875
DB12-IXOFUX01_clean_repeat,197.09184,199.75
DB12-HEZKIH_clean_repeat,145.62305,148.375
DB12-WUTBEU_clean_repeat,237.66356,248.75
DB12-ETEKAQ_clean_repeat,205.56789,198.375
DB12-MAHTAR_clean_repeat,118.92062,131.0
DB12-SEFVEG_clean_repeat,184.47789,187.0
DB12-LAZLEF_clean_repeat,89.49038,90.0
DB12-HOWROC_clean_repeat,92.790726,104.8125
DB12-AVIPOL_clean_repeat,170.0136,187.875
DB12-IGAHED01_clean_repeat,124.12662,136.625
DB12-UKAQIH_clean_repeat,200.26233,191.125
DB12-PAPKUP_clean_repeat,41.37411,51.78125
DB12-MIXBAY_clean_repeat,241.68248,248.125
DB12-FEQSIF_clean_repeat,246.69928,229.375
DB12-BUCVIG_clean_repeat,60.753605,73.5625
DB12-QUSBIP_clean_repeat,257.60455,252.875
DB12-NAGQET_clean_repeat,120.28162,127.5
DB12-NEDJAJ_clean_repeat,110.22471,132.125
DB12-YEGCUJ_clean_repeat,128.1817,134.125
DB12-LAWFOF_clean_repeat,234.81364,253.5
DB12-YUKWUY_clean_repeat,66.552376,73.0625
DB12-IXODUV_clean_repeat,204.02989,200.5
DB12-TAKHAR_clean_repeat,147.24657,153.0
DB12-JOSNAG01_clean_repeat,123.53673,124.75
DB12-NIBHOW_clean_repeat,186.84239,172.25
DB12-XACPEW_clean_repeat,70.85737,104.75
DB12-JIZJUZ_clean_repeat,141.04358,153.375
DB12-EDATOT_clean_repeat,173.53586,183.75
DB12-NOJBOF_clean_repeat,5.5333514,21.3125
DB12-WABVIF04_clean_repeat,145.53848,137.375
DB12-QETSOY_clean_repeat,84.61739,89.375
DB12-FOHRUR_clean_repeat,5.7906814,11.7265625
DB12-ZERQOE_clean_repeat,69.90756,73.625
DB12-VOQWUV_clean_repeat,46.928963,46.6875
DB12-NUCYAN_clean_repeat,70.60455,72.0
DB12-BUVYIB01_clean_repeat,236.52483,217.375
DB12-FORQAF_clean_repeat,202.48409,200.875
DB12-FIFNUE01_clean_repeat,204.59593,217.875
DB12-RAVVIU01_clean_repeat,91.61991,96.9375
DB12-YINCEF_clean_repeat,148.29912,152.75
DB12-XAMDUM05_clean_repeat,245.4666,251.25
DB12-HAZGOF06_clean_h_repeat,66.85977,72.4375
DB12-VOBQEK_clean_repeat,191.75499,166.625
DB12-ja205976v_si_006_clean_repeat,226.36525,214.75
DB12-SUSZOW_clean_repeat,88.07151,88.375
DB12-OSIKUX_clean_h_repeat,201.6374,206.875
DB12-acscombsci.5b00188_5036495_clean_repeat,203.57326,203.875
DB12-HALVAU_clean_repeat,181.96074,186.0
DB12-SOJSUH_clean_repeat,226.71635,231.875
DB12-SOPLAM_clean_repeat,229.57025,241.125
DB12-TUTZUD_clean_repeat,44.09425,47.9375
DB12-NAKNUK_clean_repeat,43.2215,49.96875
DB12-QUXROS_clean_repeat,60.643227,76.6875
DB12-IXUWII_clean_repeat,171.81999,178.125
DB12-QUFTAM_clean_repeat,97.05067,97.6875
DB12-JUCGUL_clean_repeat,193.40424,174.75
DB12-QIQTAN_clean_repeat,101.81083,108.375
DB12-TEWGEJ_clean_repeat,130.53954,128.5
DB12-TUTHOG_clean_repeat,198.58302,211.0
DB12-KOBPIB_clean_repeat,83.75545,94.0625
DB12-SISQAO_clean_repeat,138.34508,148.25
DB12-OQEPUW_clean_repeat,114.793816,108.1875
DB12-OVIZUP_clean_repeat,50.706337,63.40625
DB12-RUNXUV_clean_repeat,149.71544,154.75
DB12-OBAJAF_clean_repeat,181.50258,184.0
DB12-RUMRUO_clean_repeat,76.401024,101.5
DB12-MUTDIQ_clean_repeat,179.10484,175.0
DB12-VITZIJ_clean_repeat,170.30063,182.375
DB12-BEYSEF_clean_repeat,159.87186,151.875
DB12-XUGROI_clean_repeat,242.51411,243.625
DB12-CESYEF01_clean_repeat,0.001948269,0.68066406
DB12-ELUJEC_clean_repeat,116.317696,101.4375
DB12-BUGSIG_clean_repeat,109.10467,102.6875
DB12-TARWEO_clean_repeat,107.15609,109.875
DB12-DUJRAD_clean_repeat,165.61385,177.625
DB12-JURKIS_clean_repeat,115.56683,120.1875
DB12-CIFJAE_clean_repeat,162.3887,149.5
DB12-HIHGIQ_clean_repeat,210.66254,214.25
DB12-SAJLAT_clean_repeat,112.11998,113.625
DB12-PECLEP_clean_repeat,125.96267,117.5625
DB12-QISNIR_clean_repeat,208.65508,203.125
DB12-LAVTAF_clean_repeat,190.99413,181.625
DB12-ZIMLAK_clean_repeat,214.56929,218.5
DB12-SOZGIZ_clean_repeat,238.68471,244.875
DB12-XUYXAR_clean_repeat,104.867836,85.9375
DB12-ROLCEC15_clean_repeat,0.0,-0.84228516
DB12-WAHNIF_clean_repeat,263.1128,249.75
DB12-EBEMII_clean_repeat,74.34295,82.4375
DB12-PENNON_clean_repeat,224.9861,238.5
DB12-PUZKOM_clean_repeat,130.2659,125.625
DB12-WIJXEU_clean_repeat,238.3709,245.0
DB12-YUKVIK_clean_repeat,166.79086,149.5
DB12-NORBUT_clean_repeat,39.17565,40.6875
DB12-LIDWIG_clean_repeat,129.74487,136.125
DB12-UTEXIB_clean_repeat,173.52846,169.25
DB12-QIQVIX_clean_repeat,69.30425,76.875
DB12-OCAWAT_clean_repeat,127.5542,128.125
DB12-MIRLUU_clean_repeat,91.86564,97.5
DB12-ROQNES_clean_repeat,110.33519,112.0
DB12-BUCWAZ_clean_repeat,226.53201,210.375
DB12-NIKZAJ_clean_repeat,90.37438,84.1875
DB12-TOBJUR_clean_repeat,232.49565,237.625
DB12-NIGGAM_clean_repeat,219.02373,233.125
DB12-ja202303b_si_002_clean_repeat,61.555645,53.8125
DB12-QIXSOG_clean_repeat,180.65488,181.875
DB12-NEVVAM01_clean_repeat,149.4645,166.5
DB12-GOLQII_clean_repeat,79.712746,76.875
DB12-cm501138g_si_009_clean_repeat,244.06642,244.5
DB12-cg5b00056_si_004_clean_repeat,161.47414,173.125
DB12-BEXREC_clean_repeat,178.88443,172.125
DB12-BUBQOE_clean_repeat,112.23373,112.9375
DB12-WAHGIY_clean_repeat,94.36963,85.0625
DB12-MAGNEQ01_clean_repeat,184.09914,184.375
DB12-JOGHEU_clean_repeat,205.6292,212.125
DB12-IYEQUA_clean_repeat,69.32689,89.0
DB12-NUDMAC_clean_repeat,148.57153,147.625
DB12-REWNEO_clean_repeat,252.38272,243.625
DB12-XIHSAJ01_clean_repeat,169.22768,175.625
DB12-DIBPIP_clean_repeat,134.66959,147.5
DB12-FIPJAR_clean_repeat,144.66591,144.875
DB12-DUYVEA_clean_repeat,59.883698,64.9375
DB12-YOCDUR_clean_repeat,248.42049,256.5
DB12-LAGRES_clean_repeat,96.89591,82.8125
DB12-JUJZEV_clean_repeat,78.199524,65.625
DB12-NIMVEL_clean_repeat,0.00014944053,1.6035156
DB12-RUYQIN_clean_repeat,187.19026,194.5
DB12-BAKJOO_clean_repeat,199.03389,173.625
DB12-YEZKIZ_clean_repeat,110.461945,102.375
DB12-CUNWEO_clean_repeat,145.4298,156.375
DB12-WEBQOL_clean_repeat,110.431046,107.5625
DB12-MATTOR_clean_repeat,145.67711,151.25
DB12-ZOMNUM_clean_repeat,181.8622,188.375
DB12-YAJXUF_clean_repeat,120.26038,124.625
DB12-MUNDEG_clean_repeat,223.33234,235.0
DB12-SAHXAD_clean_repeat,236.13553,248.625
DB12-QUDJOP_clean_repeat,168.27144,183.875
DB12-PUNFIO_clean_repeat,1.397018,10.6328125
DB12-UYOJOI_clean_repeat,105.12289,93.625
DB12-XAPSIS_clean_repeat,181.54248,193.125
DB12-UMAROR_clean_repeat,143.09917,148.375
DB12-cm0623918si20061006_115210_clean_repeat,113.4937,117.75
DB12-UFUNAK_clean_repeat,111.971306,112.0625
DB12-PIHNUQ_clean_repeat,74.469574,77.0625
DB12-EQERIC_clean_repeat,177.41837,187.0
DB12-NOQKUB_clean_repeat,188.17612,174.375
DB12-EQOCES01_clean_repeat,103.63879,112.6875
DB12-LAQZOV_clean_repeat,187.30643,191.25
DB12-PEGQUP_clean_repeat,76.966286,81.3125
DB12-ORUKOD_clean_repeat,99.075714,97.5
DB12-QIZLIW_clean_repeat,154.7836,143.5
DB12-NIHBAI_clean_repeat,89.469826,89.8125
DB12-UMODEH18_clean_repeat,256.687,264.0
DB12-PEDMER_clean_repeat,118.21243,126.1875
DB12-IKUTOZ_clean_repeat,205.45607,214.125
DB12-KIYMAI_clean_repeat,175.81438,182.125
DB12-GIGWID01_clean_repeat,3.6921842,11.921875
DB12-TIVFIO_clean_repeat,0.002829948,2.2167969
DB12-MUXJAQ02_clean_repeat,0.44296503,2.5722656
DB12-TUBLIN_clean_repeat,121.719246,110.125
DB12-KUFVAK_clean_repeat,241.36609,242.75
DB12-ZAVPIX_clean_repeat,161.91922,156.125
DB12-UKAQAZ_clean_repeat,199.11783,212.0
DB12-NARPOO_clean_repeat,91.86455,89.0
DB12-IYOSUM_clean_repeat,231.69107,236.375
DB12-magnetochemistry3010001_PF362NdCl_clean_repeat,105.69511,98.75
DB12-ja106851d_si_001_clean_repeat,97.343155,81.375
DB12-SETRAM_clean_repeat,233.27464,219.75
DB12-JOFGOC_clean_repeat,72.99959,71.75
DB12-WOLYON_clean_repeat,186.9473,207.0
DB12-EBOBIJ_clean_repeat,175.86174,172.25
DB12-TUMDAI_clean_repeat,153.11053,142.25
DB12-SIVVAW_clean_repeat,91.921684,97.375
DB12-OZUMIH_clean_repeat,223.41461,245.75
DB12-DEHBIC_clean_repeat,62.04417,64.5625
DB12-FIGQUJ_clean_repeat,60.94299,52.3125
DB12-ROQMER_clean_repeat,124.66009,122.375
DB12-FALDAA_clean_repeat,161.14626,181.0
DB12-DUXKUD_clean_repeat,177.3584,169.125
DB12-AHOKOX_clean_repeat,178.96864,189.375
DB12-GALCAZ_clean_repeat,159.35149,168.25
DB12-acs.cgd.5b01686_WAHFUJ1434675_clean_repeat,131.12343,127.375
DB12-LAVTIN_clean_repeat,191.79352,201.0
DB12-DOYSIT_clean_repeat,121.74744,119.75
DB12-GURZID01_clean_repeat,108.955444,118.1875
DB12-CSMNOX_clean_repeat,0.026568025,0.8828125
DB12-HUCWUZ_clean_repeat,177.58113,153.25
DB12-YARDEC_clean_repeat,158.9769,178.125
DB12-XIBZUF_clean_repeat,222.05228,216.25
DB12-QOWRAV12_clean_repeat,243.31604,244.625
DB12-PESTUD_clean_repeat,120.56392,117.25
DB12-MAXJEC_clean_repeat,0.00024396439,0.30444336
DB12-KECRAL_clean_repeat,146.73276,161.5
DB12-DEFKUU_clean_repeat,159.6101,144.5
DB12-WOHQAN_clean_repeat,122.91731,117.875
DB12-GURPIT_clean_repeat,177.1144,182.25
DB12-XAKVIP_clean_repeat,0.0068543255,2.8535156
DB12-XULGUI_clean_repeat,94.852974,92.1875
DB12-ILOJEZ_clean_repeat,60.967438,62.25
DB12-APARAM_clean_repeat,157.05469,165.0
DB12-BEPVEZ_clean_repeat,95.49519,86.9375
DB12-LAZHUR_clean_repeat,85.735916,96.75
DB12-KOSKEK_clean_repeat,220.80014,230.75
DB12-UCEXIK_clean_repeat,152.78651,165.875
DB12-FARFIO_clean_repeat,171.03546,155.125
DB12-QARCET_clean_repeat,91.18383,93.0625
DB12-RUFRIV_clean_repeat,128.90524,121.4375
DB12-FEYQIK_clean_repeat,157.17912,159.375
DB12-YOZROW_clean_repeat,49.822754,55.78125
DB12-LAGWEX_clean_h_repeat,188.98746,198.375
DB12-EVUNOY_clean_repeat,100.643326,97.5
DB12-CIJVOH_clean_repeat,223.65115,225.125
DB12-ic5011133_si_004_clean_repeat,201.51128,207.625
DB12-GUXLIU_clean_repeat,149.46172,141.5
DB12-COWRIR_clean_repeat,131.84625,134.0
DB12-cm501138g_si_010_clean_repeat,243.93217,258.75
DB12-SESDEA_clean_repeat,2.9201791,3.3828125
DB12-KAVNIH_clean_repeat,142.00298,143.375
DB12-LUSYEF_clean_repeat,262.87665,274.0
DB12-EBEXEQ_clean_repeat,188.71704,192.625
DB12-CAVRAU_clean_repeat,204.49683,208.5
DB12-XEGJOK_clean_repeat,195.51591,184.75
DB12-SUVFEU_clean_repeat,17.559809,41.4375
DB12-LIDZOP_clean_repeat,74.772354,76.625
DB12-XIHXAP_clean_repeat,104.41357,110.3125
DB12-QUQGAL_clean_repeat,152.27043,153.875
DB12-LASDEQ_clean_repeat,245.38652,240.0
DB12-NOCLOH01_clean_repeat,133.09926,130.375
DB12-CABJOH_clean_repeat,208.68109,215.125
DB12-MIKJAR_clean_repeat,83.28198,106.0
DB12-HOWQAM_clean_repeat,237.6638,230.875
DB12-GAMTIY_clean_repeat,125.67141,128.375
DB12-LUSHOX_clean_repeat,137.7723,143.875
DB12-QUKQAQ_clean_repeat,58.197166,66.5
DB12-WEYQAU01_clean_repeat,184.7423,178.875
DB12-JUWBIO_clean_repeat,100.476036,123.625
DB12-BAZGAM_clean_repeat,130.13152,131.25
DB12-GITWIQ_clean_repeat,114.88082,115.75
DB12-JEXXAM07_clean_repeat,0.0,5.0078125
DB12-NUCYER_clean_repeat,69.742004,66.9375
DB12-HUCXOU_clean_repeat,177.93527,164.75
DB12-KOSKUA_clean_repeat,231.78021,232.125
DB12-ORIWET_clean_repeat,218.2289,228.75
DB12-WECSAZ01_clean_repeat,91.34812,102.125
DB12-CODSUL_clean_repeat,93.81527,80.75
DB12-MAYXUG_clean_repeat,62.228977,74.875
DB12-CUXFIL_clean_repeat,148.70284,151.625
DB12-NIRDEX_clean_repeat,0.0152063705,1.7021484
DB12-PIBGAK_clean_repeat,156.81274,167.875
DB12-NAVJAW01_clean_repeat,222.89774,231.25
DB12-CISLUN_clean_repeat,178.60437,178.625
DB12-XEDLUN01_clean_repeat,169.65971,155.375
DB12-RUGJEK_clean_repeat,62.849545,86.375
DB12-NUDMEG_clean_repeat,145.8112,144.5
DB12-ETEQUQ_clean_repeat,143.35974,141.25
DB12-RAVCOI_clean_repeat,79.90081,86.125
DB12-ECUDAI_clean_repeat,116.2718,125.3125
DB12-MIKDUH_clean_repeat,172.26611,178.625
DB12-JUFREJ_clean_repeat,51.106625,54.75
DB12-ic501898x_si_005_clean_repeat,125.80231,142.0
DB12-ALURIJ_clean_repeat,157.57578,176.625
DB12-BIYSUZ_clean_repeat,169.30782,163.125
DB12-WUDTOG_clean_repeat,107.58243,113.8125
DB12-WEMFEB_clean_repeat,184.34534,201.375
DB12-HURNOX_clean_repeat,0.3899568,3.5761719
DB12-YANBAR03_clean_repeat,89.94269,102.75
DB12-SOVHOA_clean_repeat,162.26442,166.5
DB12-PAJSAX_clean_repeat,192.51921,182.5
DB12-BUKYAJ_clean_repeat,139.54907,147.125
DB12-cg401887b_si_003_clean_repeat,266.3725,253.875
DB12-XICYAL_clean_repeat,147.21942,147.875
DB12-JUMCUR_clean_repeat,179.67067,184.625
DB12-OPAPOL_clean_repeat,81.100655,81.3125
DB12-IBUBIT_clean_repeat,189.60493,193.625
DB12-QUQFOY_clean_repeat,238.53856,245.5
DB12-VUCDEE_clean_repeat,113.424164,131.25
DB12-FUBDEM_clean_repeat,209.05986,195.75
DB12-CUYVOI_clean_repeat,66.451164,61.15625
DB12-MAKXAZ_clean_repeat,114.73654,109.3125
DB12-DACXOV_clean_repeat,91.29208,101.5
DB12-UMODEH21_clean_repeat,253.24434,257.25
DB12-LUSHUD_clean_repeat,123.644226,111.6875
DB12-SOCNAB_clean_repeat,106.38382,114.9375
DB12-HEDTER_clean_repeat,68.48731,76.3125
DB12-RUYTUC_clean_repeat,184.1387,175.375
DB12-COWRAJ_clean_repeat,135.64218,150.875
DB12-ATULIM_clean_repeat,67.7424,71.75
DB12-WEYQAU09_clean_repeat,195.1896,189.0
DB12-LEWMUX_clean_repeat,186.09625,211.125
DB12-LACJAC_clean_repeat,92.41957,90.875
DB12-GIRHEW_clean_repeat,119.53243,113.6875
DB12-QULLEP_clean_repeat,60.29707,56.28125
DB12-WEMDID_clean_repeat,178.80568,181.75
DB12-TOHSAL_clean_repeat,257.73563,220.625
DB12-PIDMEV_clean_repeat,192.39293,177.375
DB12-JOFKIA_clean_repeat,111.72429,99.5625
DB12-ELILAN_clean_repeat,138.2696,130.75
DB12-FEVDIV_clean_repeat,45.569073,46.09375
DB12-TOVHUJ_clean_repeat,231.8277,235.0
DB12-BERFIP_clean_repeat,69.877686,34.4375
DB12-NIMVIP_clean_repeat,0.00012645844,1.6044922
DB12-UMEDIB_clean_repeat,169.13469,162.0
DB12-KOSLEL_clean_repeat,218.11719,224.625
DB12-ELIKEQ_clean_repeat,142.07448,148.75
DB12-DAKVIW_clean_repeat,238.63228,249.375
DB12-PEGCAH_clean_repeat,91.146996,83.5625
DB12-VAHJIA_clean_repeat,132.90054,150.5
DB12-BUXNOZ_clean_repeat,217.53012,229.0
DB12-XOFPEP_clean_repeat,119.057785,132.5
DB12-KIFKAM_clean_repeat,97.69839,94.375
DB12-REXDOP_clean_repeat,180.85237,169.0
DB12-KEDJAG24_clean_repeat,201.18782,212.625
DB12-DAWWEF_clean_repeat,197.62538,204.625
DB12-OWIHOT_clean_repeat,225.17554,219.5
DB12-WEMFIF_clean_repeat,186.16235,170.375
DB12-OJIWAG_clean_repeat,198.09755,179.875
DB12-OTATOT_clean_repeat,148.05142,139.875
DB12-IKOPIJ_clean_repeat,177.85347,182.5
DB12-FAQGIP_clean_repeat,136.4355,149.875
DB12-ASINAT_clean_repeat,222.09392,219.25
DB12-RULVUP_clean_repeat,109.66776,111.5625
DB12-LEWVAL_clean_repeat,101.699234,100.75
DB12-TIVYAZ01_clean_repeat,224.35367,222.5
DB12-JUJTAL_clean_repeat,163.11748,134.25
DB12-LUVTAY_clean_repeat,146.37726,154.375
DB12-VANHEA_clean_repeat,227.6046,236.0
DB12-SITTUM_clean_repeat,81.87197,76.5625
DB12-EDAGAT_clean_repeat,90.82333,83.5
DB12-UCOJED_clean_repeat,194.61206,184.375
DB12-YABHER_clean_repeat,233.26985,243.25
DB12-YARYEV_clean_repeat,133.1726,129.25
DB12-NAGQOD_clean_repeat,113.805466,95.4375
DB12-EPEWEC_clean_repeat,148.90405,151.75
DB12-NIHBIQ02_clean_repeat,87.41172,104.3125
DB12-WODRAK_clean_repeat,14.568962,5.96875
DB12-CAMROA_clean_repeat,176.4697,184.25
DB12-KIPJIE_clean_repeat,118.07789,121.625
DB12-UZIZUZ_clean_repeat,118.425545,109.1875
DB12-ADUWIH_clean_repeat,214.7017,230.5
DB12-NACYAU_clean_repeat,247.86469,223.75
DB12-RAVDUP_clean_repeat,82.57754,72.3125
DB12-NIKYUC_clean_repeat,87.33487,86.0625
DB12-KOCCUC_clean_repeat,221.30264,221.5
DB12-KAVGAQ_clean_repeat,172.26506,168.25
DB12-GAMXAV_clean_repeat,217.26688,210.5
DB12-HUQGUX_clean_repeat,226.8173,223.25
DB12-CUYWUP_clean_repeat,217.28871,198.0
DB12-EQUBOI_clean_repeat,120.61778,132.25
DB12-HAWVUY_clean_repeat,164.96413,153.125
DB12-ROCZIU_clean_repeat,202.96138,214.0
DB12-TIRLIQ_clean_repeat,100.954254,110.3125
DB12-WEYQAU10_clean_repeat,188.47473,190.375
DB12-ADASIJ_clean_repeat,248.40952,246.25
DB12-VEGCAN_clean_repeat,203.88141,198.875
DB12-TASXIW_clean_repeat,217.11795,219.5
DB12-UMODEH20_clean_repeat,253.16794,256.5
DB12-PIZQUM_clean_repeat,143.2525,141.125
DB12-TIXVON_clean_repeat,195.12297,189.75
DB12-NAGBUU_clean_repeat,72.70494,64.375
DB12-LEVNOQ_clean_repeat,167.31525,152.25
DB12-IYIGEC_clean_repeat,0.28132588,0.36987305
DB12-ic9002115_si_001_clean_repeat,117.31615,104.0625
DB12-DANVEU_clean_repeat,117.40659,125.0625
DB12-LUSJEP_clean_repeat,133.10046,131.125
DB12-GAWCUF_clean_repeat,167.48262,197.25
DB12-NASREH_clean_repeat,234.59453,217.625
DB12-REXFOR_clean_repeat,167.72629,173.375
DB12-EMOFIX_clean_repeat,86.60182,80.875
DB12-LUSJOZ_clean_repeat,131.56375,131.25
DB12-VERZEZ_clean_repeat,0.044067275,-0.26513672
DB12-BUVWOF03_clean_repeat,101.90586,88.3125
DB12-BIYTOU_clean_repeat,186.37622,170.75
DB12-PURJES_clean_repeat,163.07231,188.625
DB12-QQQGTA01_clean_repeat,67.1437,66.0625
DB12-ncomms11831_ncomms11831-s2_clean_repeat,57.1692,74.125
DB12-ITIPAE_clean_repeat,89.421394,95.3125
DB12-AMAFOK_clean_repeat,93.01368,100.5625
DB12-JILWIL_clean_repeat,227.65863,227.25
DB12-NIGFOZ_clean_repeat,218.72266,221.75
DB12-YINCOP_clean_repeat,143.76772,135.875
DB12-CEGFAW_clean_repeat,105.631424,114.9375
DB12-VAPFOJ_clean_repeat,67.02018,57.6875
DB12-ROQRAS_clean_repeat,61.413895,60.4375
DB12-FEFVES_clean_repeat,132.17253,110.625
DB12-QITYOI_clean_repeat,127.028206,124.75
DB12-BETGUE_clean_repeat,224.39073,233.75
DB12-FAQVEA_clean_repeat,110.26141,93.25
DB12-ORULEU_clean_repeat,126.29565,123.3125
DB12-ULOGIL_clean_repeat,94.364914,111.625
DB12-DUDKUK_clean_repeat,242.22458,254.625
DB12-MUTVUT_clean_repeat,53.093464,51.4375
DB12-GIMSIG_clean_repeat,167.12184,177.125
DB12-PAMHES_clean_repeat,139.43596,133.375
DB12-REZJIR03_clean_repeat,144.59319,138.75
DB12-JUSHIQ_clean_repeat,143.5806,131.375
DB12-XACZEH_clean_repeat,150.00423,143.25
DB12-ECIWUJ_clean_repeat,0.06714957,21.75
DB12-MITGUR_clean_repeat,98.23709,94.6875
DB12-HOXGEH_clean_repeat,73.7031,64.875
DB12-HOWSAP_clean_repeat,172.07135,200.125
DB12-ELIJUF_clean_repeat,140.14816,144.0
DB12-IPOWOA_clean_repeat,37.954243,51.75
DB12-EVOMOR01_clean_repeat,106.22843,110.9375
DB12-KABNIL_clean_repeat,163.40411,165.875
DB12-FAQYUR_clean_repeat,98.65206,96.9375
DB12-QOWRAV03_clean_repeat,242.57513,231.625
DB12-ULOKAJ_clean_repeat,173.60358,172.5
DB12-TOHYUL_clean_repeat,171.92561,174.375
DB12-ATICEL_clean_repeat,85.52863,87.25
DB12-FIJDUY_clean_repeat,165.02332,168.625
DB12-acs.jpcc.6b08594_UiO66_Ce2Zr4_opt_clean_repeat,206.63022,191.125
DB12-ZEZPUR_clean_repeat,171.232,182.5
DB12-YIJYUN_clean_repeat,16.503035,18.921875
DB12-XOKHAH_clean_repeat,54.538902,54.09375
DB12-KAHMOW_clean_repeat,59.62549,41.96875
DB12-KIDDOS_clean_repeat,141.93079,145.375
DB12-OTEGUR_clean_repeat,227.00945,206.375
DB12-EZESAF_clean_repeat,98.25677,82.75
DB12-KANDAG_clean_repeat,91.756676,100.5625
DB12-PEPKOL_clean_repeat,107.08957,103.8125
DB12-BEXQIF_clean_repeat,163.4697,142.375
DB12-OWIJIP_clean_repeat,226.28426,222.375
DB12-VOTMAS_clean_repeat,81.25561,81.9375
DB12-ACOLOV_clean_repeat,215.54053,203.25
DB12-AZILEA_clean_repeat,62.536514,52.875
DB12-EJOQUR_clean_repeat,212.6828,208.75
DB12-JADJOQ_clean_repeat,206.2206,209.625
DB12-IKETUN_clean_repeat,225.59058,216.125
DB12-YUSGID_clean_repeat,115.46879,84.25
DB12-VAMPUX_clean_repeat,235.88657,201.0
DB12-NAPZOV_clean_repeat,113.8798,115.5625
DB12-jacs.5b12516_ja5b12516_si_003_clean_repeat,180.50656,197.875
DB12-QONLEM_clean_repeat,193.22241,186.75
DB12-XAVQIU01_clean_repeat,190.4659,195.125
DB12-XADDUD_clean_repeat,198.59268,189.75
DB12-MONFAY_clean_repeat,78.53676,68.4375
DB12-CERMIV_clean_repeat,80.98313,91.5
DB12-HIHFUB_clean_repeat,184.68562,189.25
DB12-CAKFEB01_clean_repeat,40.021477,29.671875
DB12-GOYXUP_clean_repeat,82.076126,103.4375
DB12-EPECEJ_clean_repeat,215.24011,210.875
DB12-HADLOQ01_clean_repeat,241.80466,215.375
DB12-WEYQAU15_clean_repeat,187.46596,169.25
DB12-NUDMUW_clean_repeat,148.27246,150.5
DB12-VEHNED_clean_repeat,115.07364,131.75
DB12-FUFTUX_clean_repeat,41.0963,53.46875
DB12-YUZBUS_clean_repeat,68.29095,37.59375
DB12-PENZUE_clean_repeat,52.573673,68.5625
DB12-DICKEH_clean_repeat,249.26431,249.375
DB12-CEHLAD_clean_repeat,245.66716,243.0
DB12-CIFMEL_clean_repeat,220.27954,199.0
DB12-XEXLAP_clean_repeat,174.9928,177.0
DB12-ic402058f_si_002_clean_repeat,113.90197,107.6875
DB12-ja5b02999_si_006_clean_repeat,221.79388,229.5
DB12-DODHUA_clean_repeat,61.78198,54.90625
DB12-GEDREO_clean_repeat,123.78111,137.5
DB12-KEXFAU_clean_repeat,199.947,181.375
DB12-HUQHIM_clean_repeat,230.56831,230.75
DB12-LOGBEO_clean_repeat,226.25829,209.25
DB12-VOPCIO_clean_repeat,205.81212,197.875
DB12-COMDOY_clean_repeat,167.6393,179.625
DB12-VASFAZ_clean_repeat,140.51418,143.0
DB12-SOHMIM_clean_repeat,203.64108,190.375
DB12-AXINEA_clean_repeat,82.696815,84.1875
DB12-TETZID_clean_repeat,106.89146,111.4375
DB12-IDAGOL_clean_repeat,58.737255,56.65625
DB12-WENLEI_clean_repeat,98.93286,87.375
DB12-YEGDAR_clean_repeat,23.110611,36.28125
DB12-OBAHIL_clean_repeat,176.79549,185.0
DB12-cm501138g_si_012_clean_repeat,244.15388,244.5
DB12-KASRAZ_clean_repeat,221.88379,216.125
DB12-OKILEA_clean_repeat,128.31827,148.5
DB12-YUDFEK_clean_repeat,174.81076,170.0
DB12-PAMTOO_clean_repeat,223.06833,216.875
DB12-PUDSIR_clean_repeat,200.25417,204.0
DB12-XAPCOH_clean_repeat,197.05489,198.375
DB12-IRORUE_clean_repeat,8.970596,-0.06707764
DB12-REHVAD_clean_repeat,94.78793,84.375
DB12-ODAJAG_clean_repeat,82.1981,71.8125
DB12-KEGZOL_clean_repeat,166.92207,157.625
DB12-OKIMAY_clean_repeat,122.748566,109.6875
DB12-RAZGOQ_clean_repeat,114.41699,98.5
DB12-ic5008457_si_002_clean_repeat,179.94516,166.625
DB12-GULBAR_clean_repeat,115.55111,118.125
DB12-QOWRAV11_clean_repeat,243.17044,232.25
DB12-ISUCUV_clean_repeat,158.03552,156.5
DB12-OLUCAZ_clean_repeat,86.247856,91.6875
DB12-XOPLOE_clean_repeat,199.06564,179.0
DB12-KECRAL10_clean_repeat,147.19133,137.75
DB12-EXAXAE01_clean_repeat,171.68979,166.5
DB12-FIJDIM03_clean_repeat,138.02634,150.0
DB12-BEPLUF_clean_repeat,178.28287,176.25
DB12-EBAVUB_clean_repeat,125.292206,132.375
DB12-ULOGAE_clean_repeat,205.92548,208.625
DB12-ja500618z_si_005_clean_repeat,149.80211,130.25
DB12-AWEGEP_clean_repeat,144.31512,148.875
DB12-HAMJOW_clean_repeat,225.16185,230.75
DB12-ZUQMAB_clean_repeat,163.59055,177.0
DB12-VULKOD_clean_repeat,95.46284,119.0625
DB12-LASQON_clean_repeat,97.53403,93.1875
DB12-IXOFUX_clean_repeat,212.99828,200.75
DB12-FIKTOK_clean_repeat,61.68095,45.0625
DB12-BAHGUN01_clean_repeat,109.82094,101.25
DB12-YERJEL_clean_repeat,13.522506,2.0605469
DB12-ANUGEW_clean_repeat,238.05817,254.25
DB12-WISTID_clean_repeat,149.71664,143.0
DB12-EJIDUW02_clean_repeat,118.209,123.3125
DB12-NAQLAT_clean_repeat,178.70435,145.0
DB12-BUWMIR_clean_repeat,224.06229,211.5
DB12-GELVEZ01_clean_repeat,120.37097,101.1875
DB12-EMICUZ_clean_repeat,40.726192,56.0625
DB12-RIRDED_clean_repeat,148.62498,137.5
DB12-AXUPEO_clean_repeat,127.47722,135.125
DB12-NANNEY_clean_repeat,68.2534,66.9375
DB12-CANRUG_clean_repeat,203.53459,181.0
DB12-EVUBAY_clean_repeat,66.79027,54.8125
DB12-VICSIL_clean_repeat,149.36018,154.5
DB12-OSIWUJ_clean_repeat,70.03485,67.375
DB12-QOHTUD_clean_repeat,99.8836,117.125
DB12-IXOFEH_clean_repeat,206.60187,173.625
DB12-EZOBUR_clean_repeat,113.54962,105.9375
DB12-IZEHAX_clean_repeat,125.687775,125.6875
DB12-YEZKUL_clean_repeat,107.61197,117.8125
DB12-AQUCUM_clean_repeat,234.65962,240.625
DB12-COYTEQ_clean_repeat,158.66214,147.0
DB12-MAXHIE_clean_repeat,0.044985607,0.1652832
DB12-MASMIC_clean_repeat,260.1674,251.0
DB12-SUKREX_clean_repeat,101.37682,90.5
DB12-MAXHOK_clean_repeat,0.009575951,3.546875
DB12-YIZGIZ_clean_repeat,227.64438,225.375
DB12-KAVTUY_clean_repeat,79.91616,79.5
DB12-ZEDRAD_clean_repeat,90.67423,100.4375
DB12-WAVQUF_clean_repeat,136.47777,138.75
DB12-MAFJIO_clean_repeat,244.29399,246.125
DB12-XINWUO_clean_repeat,175.50494,161.375
DB12-REWNEO01_clean_repeat,256.13547,247.75
DB12-TURDOB_clean_repeat,163.3903,165.5
DB12-BEXRUT_clean_repeat,146.54312,150.125
DB12-UPOVOL_clean_repeat,170.41568,167.625
DB12-KEGZOL01_clean_repeat,164.14825,155.125
DB12-PEGCIP_clean_repeat,143.5724,156.375
DB12-XUCSAR01_clean_repeat,118.62534,133.0
DB12-OWIJEL_clean_repeat,227.3455,221.875
DB12-UMOBEF06_clean_repeat,231.05312,223.625
DB12-cg500975j_si_002_clean_repeat,122.03335,122.6875
DB12-NIJSAC_clean_repeat,42.246254,40.375
DB12-KIRFIA_clean_repeat,199.26093,189.875
DB12-VUKROK_clean_repeat,237.1265,232.5
DB12-SODXUG_clean_repeat,135.28166,132.25
DB12-EVOMOR_clean_repeat,106.34885,127.4375
DB12-GIZVER_clean_repeat,131.26335,113.4375
DB12-KEGZOL04_clean_repeat,165.5218,166.625
DB12-cg301725z_si_003_clean_repeat,159.67744,183.625
DB12-PEVJOQ_clean_repeat,0.0,2.1386719
DB12-SIZNIA_clean_repeat,21.074259,8.4375
DB12-IJASES01_clean_repeat,93.56991,103.4375
DB12-RASXIT_clean_repeat,76.131775,71.1875
DB12-LEPLEZ02_clean_repeat,3.1537325,-0.4362793
DB12-XADFAL_clean_repeat,111.47064,106.1875
DB12-PAMGIV_clean_repeat,144.50543,159.25
DB12-XAMDUM_clean_repeat,242.92271,255.625
DB12-VIVXOP_clean_repeat,156.71391,157.375
DB12-ESIDOB_clean_repeat,187.66867,175.0
DB12-SEQTEP_clean_repeat,164.28864,178.625
DB12-COXCUP_clean_repeat,34.982754,42.625
DB12-BEXQOL_clean_repeat,166.41788,168.875
DB12-ACAJOF_clean_repeat,129.87256,141.25
DB12-acscombsci.5b00188_3001288_clean_repeat,99.04073,94.875
DB12-NIKKIC_clean_repeat,136.34114,140.25
DB12-FITJAU_clean_repeat,73.6866,73.375
DB12-SUSRUV_clean_repeat,156.52007,153.5
DB12-TUCJAD_clean_repeat,148.35411,153.5
DB12-OBEPER_clean_repeat,0.3064073,19.203125
DB12-UMODEH23_clean_repeat,256.84494,246.875
DB12-ZOYKAB_clean_repeat,108.334724,106.1875
DB12-MIHLIZ_clean_repeat,78.01357,60.25
DB12-MIMVEJ_clean_repeat,158.50374,175.25
DB12-VOLQOD_clean_repeat,223.41885,189.375
DB12-DEFRIR_clean_repeat,154.45386,153.0
DB12-VOGTIV_clean_h_repeat,234.38547,216.0
DB12-NOCLOH03_clean_repeat,138.33693,172.625
DB12-RIYBIM_clean_repeat,214.09665,185.625
DB12-TEWFUY_clean_repeat,128.00551,134.5
DB12-OGAGAF_clean_repeat,81.09536,85.25
DB12-QADKAH_clean_repeat,146.78018,141.0
DB12-NEKBEL_clean_repeat,94.12875,94.9375
DB12-NEDVUP_clean_repeat,209.41025,214.5
DB12-UXUZAP_clean_repeat,122.13631,132.625
DB12-JUQVAU_clean_repeat,151.59122,161.875
DB12-PORLAL_clean_repeat,169.87215,163.125
DB12-HOWQEQ_clean_repeat,98.91066,91.5
DB12-OXAMIK_clean_repeat,94.6226,90.5
DB12-ILIMOH_clean_repeat,115.28028,96.3125
DB12-YUFLIW_clean_repeat,212.33078,208.25
DB12-BOCTOE05_clean_repeat,113.194885,109.625
DB12-ZIWMEZ_clean_repeat,83.16124,84.3125
DB12-ja500618z_si_002_clean_repeat,150.13777,164.375
DB12-WEBREC_clean_repeat,115.742874,134.875
DB12-KEDJAG08_clean_repeat,200.24745,186.375
DB12-FIFPAM_clean_repeat,197.33456,197.125
DB12-XOBXIW_clean_repeat,93.659874,114.75
DB12-WALCET_clean_repeat,142.31981,134.125
DB12-SOMCON_clean_repeat,203.6734,222.0
DB12-ic202769e_si_002_clean_repeat,64.910805,90.0625
DB12-DUMXEQ01_clean_repeat,108.54379,104.1875
DB12-KIVFAY_clean_repeat,129.86024,135.0
DB12-KOHDIW_clean_repeat,229.30313,228.625
DB12-GARLET_clean_repeat,171.22636,172.125
DB12-WEGFUL_clean_repeat,107.46295,102.4375
DB12-PARHAS_clean_repeat,195.59085,209.75
DB12-LIQJEC_clean_repeat,170.5585,157.875
DB12-QAKFIU_clean_repeat,81.20616,88.8125
DB12-ZISFEO_clean_repeat,115.03891,104.3125
DB12-RORRIB_clean_repeat,151.22585,173.25
DB12-VEDFUH_clean_repeat,172.95631,174.0
DB12-UZANEP_clean_repeat,83.274956,86.5
DB12-GIXMUX_clean_repeat,107.608795,116.25
DB12-LUFCAS_clean_repeat,122.82493,114.625
DB12-PEVXAQ_clean_repeat,112.78653,92.4375
DB12-BOZFIH_clean_repeat,175.76248,197.25
DB12-VIRVEY_clean_repeat,206.35568,230.375
DB12-RUWWOW_clean_repeat,139.73758,139.875
DB12-EVEGIV_clean_repeat,104.900055,121.25
DB12-IGUTUB_clean_repeat,86.80766,108.625
DB12-FAGQAI_clean_repeat,225.94485,211.5
DB12-APAZEY_clean_repeat,218.94907,224.5
DB12-NAWKII_clean_repeat,164.6765,175.5
DB12-LECGEH_clean_repeat,146.34184,165.25
DB12-FUVDEH06_clean_repeat,46.206554,45.71875
DB12-HIFTOG01_clean_repeat,232.19911,237.75
DB12-FOHCIP_clean_repeat,142.68399,142.5
DB12-MONFEC_clean_repeat,79.585014,76.875
DB12-CAYDIR_clean_repeat,59.53852,51.59375
DB12-XAPDEY_clean_repeat,200.61781,201.5
DB12-JEXXAM_clean_repeat,0.0,1.625
DB12-XEHSEJ_clean_repeat,91.581924,98.25
DB12-GUMDEZ_clean_repeat,129.758,130.25
DB12-SARTIR_clean_repeat,222.00156,238.125
DB12-QIFLEY_clean_repeat,153.44696,155.875
DB12-EJEFOP_clean_repeat,40.444157,48.09375
DB12-QEWDON_clean_repeat,135.97226,143.75
DB12-GUFREF_clean_repeat,99.31114,94.75
DB12-WAXJAJ_clean_repeat,152.49783,150.625
DB12-SEQSOY_clean_repeat,192.80698,199.0
DB12-HOGSIG_clean_repeat,103.9818,100.1875
DB12-OVIZID_clean_repeat,133.29874,125.4375
DB12-ORANAY_clean_repeat,143.4285,125.0
DB12-XAPTEQ_clean_repeat,138.06438,155.125
DB12-MIDSUP01_clean_repeat,216.83092,212.5
DB12-ROQNES04_clean_repeat,109.12267,119.5625
DB12-JIZJEJ_clean_repeat,143.1165,154.875
DB12-WOHSOB_clean_repeat,39.537407,57.625
DB12-KIYMIP_clean_repeat,44.646595,37.71875
DB12-PEQTIQ_clean_repeat,88.75394,89.0
DB12-cg500033b_si_003_clean_repeat,96.88758,102.6875
DB12-DOHYIJ01_clean_repeat,79.51119,80.1875
DB12-BEFNAD_clean_repeat,117.65457,129.375
DB12-FUWYAY_clean_repeat,93.820496,111.1875
DB12-QADBII_clean_repeat,71.783745,90.625
DB12-FIMXUW_clean_repeat,84.85474,85.75
DB12-CURBOH_clean_repeat,181.71222,190.0
DB12-HIYGIH_clean_repeat,242.69371,242.875
DB12-YASPEP_clean_repeat,50.531868,64.4375
DB12-POXHIU_clean_repeat,81.62062,82.4375
DB12-HAKTOF_clean_repeat,190.02815,187.25
DB12-XAWVUN_clean_repeat,245.59302,229.5
DB12-DEQFOU_clean_repeat,158.60265,146.375
DB12-VAZLEP02_clean_repeat,120.675934,130.125
DB12-NOPJOT_clean_repeat,201.36313,193.625
DB12-FORQIN_clean_repeat,208.20135,223.125
DB12-FAPXEC_clean_repeat,216.4552,215.125
DB12-CDLGLU01_clean_repeat,4.6004725,2.1601562
DB12-SETQIT_clean_repeat,114.83569,140.125
DB12-WALBOC01_clean_repeat,132.81287,135.125
DB12-OHAZAZ_clean_repeat,175.51279,164.5
DB12-ICAROV_clean_repeat,247.9232,260.0
DB12-RUHFOR_clean_repeat,173.90079,166.5
DB12-CAYDEN_clean_repeat,59.373344,66.5
DB12-LUWMOH_clean_repeat,206.17418,195.875
DB12-JAKBOP_clean_repeat,181.99355,176.0
DB12-ja512437u_si_002_clean_repeat,145.27974,156.75
DB12-WEFDAO_clean_repeat,20.981588,26.890625
DB12-MOCHIW_clean_repeat,22.436674,8.5625
DB12-SOZSAD_clean_repeat,235.83405,232.875
DB12-WOPDEL_clean_repeat,58.22423,72.8125
DB12-LOXWEC_clean_repeat,123.9246,147.125
DB12-OTUXUX_clean_repeat,126.118904,136.5
DB12-FUTDII_clean_repeat,193.81783,195.5
DB12-LIWXIZ_clean_repeat,24.809546,35.96875
DB12-MUHNAG_clean_repeat,99.33282,112.875
DB12-SANHUN_clean_repeat,187.75758,197.125
DB12-JUSHAI_clean_repeat,142.80667,132.25
DB12-XANDAU_clean_repeat,118.711815,92.6875
DB12-OKAYIK_clean_repeat,56.600582,65.625
DB12-FIFPOA_clean_repeat,95.47949,85.5625
DB12-NIHBEM02_clean_repeat,87.112686,97.4375
DB12-DOQHIB_clean_repeat,132.41214,150.875
DB12-LOQSEQ_clean_repeat,79.418686,76.0
DB12-VEDFIV_clean_repeat,169.00671,170.375
DB12-UMODEH12_clean_repeat,223.01382,227.875
DB12-MAZTIR_clean_repeat,112.786064,134.25
DB12-DONKIC_clean_repeat,179.8687,165.125
DB12-POLBOH_clean_repeat,154.72964,172.75
DB12-WOXKOL_clean_repeat,46.29716,57.25
DB12-QITDOO_clean_repeat,83.68867,102.3125
DB12-APAYOH_clean_repeat,217.3174,200.875
DB12-WABVIF02_clean_repeat,145.07898,138.625
DB12-UFILUR_clean_repeat,100.86166,107.25
DB12-PAQJUM_clean_repeat,113.17892,138.0
DB12-UMODEH06_clean_repeat,259.51688,261.0
DB12-LEGGIO_clean_repeat,167.71167,175.375
DB12-FIBHIJ_clean_repeat,106.49687,111.25
DB12-KEFBEE_clean_repeat,254.20395,218.375
DB12-WALBOC_clean_repeat,117.809685,120.3125
DB12-BAFKUR_clean_repeat,60.650772,62.0625
DB12-GOBSUM_clean_repeat,181.76338,199.5
DB12-SUKYIH_clean_repeat,239.06065,231.25
DB12-RUYQOT_clean_repeat,183.00496,186.375
DB12-cg501560z_si_002_clean_repeat,175.26935,167.375
DB12-MUFJAZ01_clean_repeat,2.3692744,3.9980469
DB12-NEJSEC_clean_repeat,131.05022,151.375
DB12-WEHJAW_clean_repeat,252.16118,237.125
DB12-AVAKAL_clean_repeat,173.8899,194.125
DB12-EREGOY_clean_repeat,226.77637,226.0
DB12-YUGLES_clean_repeat,248.10727,254.0
DB12-CITXUZ_clean_repeat,101.12702,106.5625
DB12-JEMNAR_clean_repeat,118.80868,110.5625
DB12-UMODEH08_clean_repeat,242.99059,249.25
DB12-DADNII_clean_repeat,138.15413,149.625
DB12-OXITOF_clean_repeat,149.52307,141.625
DB12-KUFVEO_clean_repeat,155.43643,153.375
DB12-CAXPIC_clean_repeat,10.37276,26.0
DB12-TAQGOK_clean_repeat,43.744053,49.40625
DB12-XUPSAE_clean_repeat,241.44182,272.25
DB12-UREVOE_clean_repeat,146.08911,159.875
DB12-XUNHAQ_clean_repeat,145.42757,153.125
DB12-COJHIT_clean_repeat,231.77554,237.25
DB12-VERZOJ_clean_repeat,0.011277525,1.6259766
DB12-GASSUR_clean_repeat,209.08507,190.625
DB12-SAQQIL_clean_repeat,237.83467,237.875
DB12-QITMOW_clean_repeat,9.014149,11.421875
DB12-ZURROT_clean_repeat,143.92706,156.125
DB12-DIXKOL_clean_repeat,149.75851,158.125
DB12-JOGBIR_clean_repeat,34.846966,45.53125
DB12-PITPEP_clean_repeat,216.12633,225.25
DB12-OTAXOX_clean_repeat,82.443474,81.125
DB12-SAYKIO_clean_repeat,94.0816,124.5625
DB12-GEGGEG01_clean_repeat,115.589745,122.8125
DB12-YORZAH_clean_repeat,47.263523,45.53125
DB12-QOZGAP_clean_repeat,146.11829,146.0
DB12-CUWXOJ_clean_repeat,159.11946,171.375
DB12-PASKAX_clean_repeat,42.54165,62.5
DB12-RUFZID_clean_repeat,217.16943,203.625
DB12-GAQKOB_clean_repeat,94.9076,94.8125
DB12-QUQBAH_clean_repeat,223.48143,225.375
DB12-AVEQID_clean_repeat,251.48395,248.25
DB12-FOHSAW01_clean_repeat,88.26908,94.625
DB12-REYCOP_clean_repeat,51.970444,54.5
DB12-FECCIZ_clean_repeat,204.24977,197.375
DB12-HOJLID_clean_repeat,267.2529,243.875
DB12-IGUCIY_clean_repeat,85.47738,84.75
DB12-QOMSAO_clean_repeat,192.6648,208.125
DB12-HIHGAI_clean_repeat,200.80345,227.5
DB12-KAJZIH_clean_repeat,135.25365,151.5
DB12-RICHIV_clean_repeat,59.26294,64.0625
DB12-ALUJIB_clean_repeat,158.98712,161.625
DB12-ROQFUA04_clean_repeat,104.64805,109.125
DB12-QUXRUY_clean_repeat,59.564346,75.25
DB12-LEDHEJ_clean_repeat,87.01413,83.3125
DB12-VOZVAJ01_clean_repeat,162.30588,175.875
DB12-LUJBAV_clean_repeat,48.94771,43.15625
DB12-CENKAJ_clean_repeat,159.70871,168.0
DB12-ja308995t_si_002_clean_repeat,130.49388,141.75
DB12-WOTSEF_clean_repeat,214.83804,217.0
DB12-YARSAN_clean_repeat,101.977684,131.0
DB12-KEDJAG18_clean_repeat,200.85384,178.75
DB12-VEJZEQ_clean_repeat,84.65393,95.5
DB12-TUGFAE_clean_repeat,0.13366273,17.3125
DB12-XOVXAI_clean_repeat,77.538925,83.0
DB12-PEDRIA_clean_repeat,228.00061,233.375
DB12-YAVVUP_clean_repeat,147.76884,146.5
DB12-YOTSAD_clean_repeat,58.329754,53.03125
DB12-LAGNUE_clean_repeat,174.74635,191.75
DB12-QUPDEL01_clean_repeat,143.71779,154.625
DB12-REXFIL_freeONLY_repeat,168.48332,171.5
DB12-GOJDOZ_clean_repeat,143.34094,141.875
DB12-ROQFUA02_clean_repeat,105.86956,111.9375
DB12-UNECOH_clean_repeat,203.65582,210.0
DB12-IXELAA_clean_repeat,0.7053286,5.3359375
DB12-COWBEX_clean_repeat,47.932625,51.1875
DB12-JOSNAG_clean_repeat,121.005,120.25
DB12-KOLWEO_clean_repeat,103.56601,110.25
DB12-FUHMOM_clean_repeat,174.99031,173.25
DB12-NIHBAI01_clean_repeat,89.45803,100.25
DB12-LEQQAA_clean_repeat,216.55452,211.75
DB12-FERHAN_clean_repeat,217.86945,223.375
DB12-LUFQUZ02_clean_repeat,154.7752,149.25
DB12-cm500700z_si_003_clean_repeat,213.06126,208.5
DB12-POLDUQ_clean_repeat,104.17408,105.375
DB12-HOZDIL_clean_repeat,48.40274,55.375
DB12-XEGJIE02_clean_repeat,173.88324,188.375
DB12-UVIPOF_clean_repeat,225.37486,239.25
DB12-ARUJED_clean_repeat,75.28298,82.625
DB12-EPEWAY_clean_repeat,148.43526,158.375
DB12-YIVZIO_clean_repeat,169.71172,180.25
DB12-XUZXUN_clean_repeat,163.48106,161.875
DB12-PUGJEI_clean_repeat,139.59117,150.125
DB12-FUSGOR_clean_repeat,136.14436,139.125
DB12-SUFJOU_clean_repeat,163.05101,168.125
DB12-TAKGUK_clean_repeat,147.68959,158.375
DB12-VAYFUY_clean_repeat,73.04353,79.75
DB12-ZADDAJ_clean_repeat,10.168454,14.7265625
DB12-KOZNIY_clean_repeat,182.5843,179.125
DB12-LAWFUL_clean_repeat,234.57436,235.625
DB12-NATKOL_clean_repeat,244.51152,249.0
DB12-ICOWON_clean_repeat,158.76405,158.625
DB12-LEDHIN_clean_repeat,86.83284,101.0625
DB12-KUVMIZ_clean_repeat,216.22092,212.75
DB12-EPONAA_clean_repeat,131.64888,109.6875
DB12-AVELOD_clean_repeat,187.59604,205.375
DB12-NIGDIS_clean_repeat,255.05624,292.5
DB12-cg301725z_si_004_clean_repeat,195.51797,208.75
DB12-XINHOT_clean_repeat,88.34442,86.25
DB12-FUVGAG01_clean_repeat,42.710705,53.96875
DB12-FAGXIX_clean_repeat,145.14651,182.5
DB12-FOQPAE_clean_repeat,131.258,121.5
DB12-IQIJIC_clean_repeat,82.84113,85.0625
DB12-VAZLEP01_clean_repeat,4.489699,9.1796875
DB12-OPURIB_clean_repeat,44.600544,52.0625
DB12-LAXGOH02_clean_repeat,11.760535,30.046875
DB12-OYIVOI_clean_repeat,140.08353,155.25
DB12-GEDQOX_clean_repeat,214.45331,223.75
DB12-GACPUX_clean_repeat,188.47243,192.5
DB12-EXIDOF_clean_repeat,167.68715,190.625
DB12-ic2017598_si_001_clean_h_repeat,233.44965,250.875
DB12-ZUBCEG_clean_repeat,81.674644,90.9375
DB12-QARTEK_clean_repeat,40.811474,51.40625
DB12-jp102463p_si_004_clean_repeat,247.11485,250.625
DB12-YUFLOC_clean_repeat,212.44275,220.625
DB12-CUFGOB_clean_repeat,28.346651,32.375
DB12-HAZGOF04_clean_h_repeat,65.17936,71.1875
DB12-OGECOU_clean_repeat,123.175934,132.75
DB12-EVUQUI_clean_repeat,123.34188,138.25
DB12-ATUYAR_clean_repeat,121.84099,118.5625
DB12-MAKRIC_clean_repeat,139.16605,150.5
DB12-GIYTAK_clean_repeat,187.18805,208.0
DB12-VAMQIM_clean_repeat,233.7198,244.625
DB12-RUMROI_clean_repeat,119.842255,128.5
DB12-YANBAR_clean_repeat,89.06301,88.25
DB12-HICVOG_clean_repeat,166.36563,177.0
DB12-ZINDAD_clean_repeat,244.95251,250.75
DB12-HAZGOF_clean_repeat,82.80709,78.75
DB12-ic502369y_si_002_clean_repeat,54.266792,70.125
DB12-DUZPUL_clean_repeat,249.37392,269.0
DB12-PACZUQ_clean_repeat,77.05911,82.625
DB12-EBIJAC_clean_repeat,81.91455,83.75
DB12-OCACUR_clean_repeat,190.44035,189.875
DB12-RUWXAJ_clean_repeat,93.42897,101.6875
DB12-IQOJEF_clean_repeat,139.9773,134.375
DB12-XEDPED_clean_repeat,155.93384,177.0
DB12-XALVOY_clean_repeat,0.52326185,2.2421875
DB12-ZEKRIS_clean_repeat,148.80539,153.0
DB12-PIDMEV01_clean_repeat,194.58565,196.125
DB12-DADLIG_clean_repeat,109.40658,121.875
DB12-VAJQOP_clean_repeat,3.9743855,3.9648438
DB12-BEWVOQ_clean_repeat,179.13934,181.875
DB12-LUSHOX03_clean_repeat,134.57826,146.5
DB12-HEBTAL_clean_repeat,101.93073,109.9375
DB12-FEYJOJ_clean_repeat,240.99556,246.625
DB12-QULMIU_clean_repeat,162.9257,151.625
DB12-XOJPES_clean_repeat,147.49258,145.25
DB12-TAJXIO06_clean_repeat,9.874196,25.25
DB12-UMUBIP_clean_repeat,258.25375,273.0
DB12-BONWAD_clean_repeat,107.61485,124.6875
DB12-cg301725z_si_002_clean_repeat,137.3135,168.875
DB12-KALFEK_clean_repeat,201.19872,221.125
DB12-NIZNAN_clean_repeat,168.75375,176.5
DB12-ic501801f_si_002_clean_repeat,186.00624,207.375
DB12-JUCXEK_clean_repeat,114.03233,123.4375
DB12-IYODAD_clean_repeat,176.94595,175.75
DB12-YOPNUO_clean_repeat,100.86082,98.5
DB12-ZUSBOG_clean_repeat,164.84998,159.25
DB12-VEDGES_clean_repeat,171.09822,195.375
DB12-DOJXOQ_clean_repeat,80.19918,93.8125
DB12-CDLGLU10_clean_repeat,3.516041,-1.6572266
DB12-APAZOI_clean_repeat,206.72446,204.25
DB12-ac403674p_si_001_clean_repeat,147.37257,151.625
DB12-acs.inorgchem.6b00894_ic6b00894_si_003_clean_repeat,67.313286,80.0
DB12-WOPHIU_clean_repeat,69.87566,82.0625
DB12-BUSNAF_clean_repeat,109.32929,104.9375
DB12-UMORIY_clean_repeat,0.009419759,-0.6645508
DB12-HADXIW_clean_repeat,107.097336,103.0
DB12-WUZDOL_clean_repeat,155.1712,157.0
DB12-GAJZOI_clean_repeat,113.00399,123.875
DB12-ETIXEM_clean_repeat,52.227882,63.0625
DB12-FEWWOV_clean_repeat,188.15645,191.0
DB12-QERZUI01_clean_repeat,105.90478,106.375
DB12-VAJTUX_clean_repeat,99.26013,115.3125
DB12-BEFMUW_clean_repeat,124.13961,124.8125
DB12-VIPYOK_clean_repeat,115.08219,107.9375
DB12-SOCKOM_clean_repeat,119.707664,125.25
DB12-IXEJOM_clean_repeat,234.00616,245.375
DB12-ATAYAX_clean_repeat,250.94421,251.625
DB12-WOGHOP_clean_repeat,121.89499,122.9375
DB12-QIVYUR_clean_repeat,99.32727,97.4375
DB12-NABCIE_clean_repeat,57.375072,72.625
DB12-CUFGUH_clean_repeat,27.078703,28.625
DB12-VIXGAM_clean_repeat,56.39326,79.875
DB12-REZJIR02_clean_repeat,144.27106,134.125
DB12-MAKGEN_clean_repeat,53.069866,57.0
DB12-ZAVPET_clean_repeat,162.1489,164.75
DB12-FUNBAS_clean_repeat,144.58902,149.5
DB12-LAWGUM_clean_repeat,234.58237,249.875
DB12-IQEWOQ_clean_repeat,88.09242,87.625
DB12-ULOLEO_clean_repeat,172.10454,169.75
DB12-NEVVEQ_clean_repeat,119.833595,122.25
DB12-ITIXAM_clean_repeat,96.874565,121.625
DB12-ja206917z_si_001_clean_repeat,54.02161,75.125
DB12-PEKDAM_clean_repeat,216.22456,221.125
DB12-WIHVAL_clean_repeat,88.380486,92.0
DB12-OWEYOF_clean_repeat,209.92792,200.375
DB12-VUWSAJ_clean_repeat,202.00218,207.875
DB12-DOYBEA_clean_repeat,154.28314,175.625
DB12-QOFKUT_clean_repeat,129.06981,134.5
DB12-XOGXAU_clean_repeat,128.40932,129.75
DB12-RUBGUS_clean_repeat,95.9416,113.6875
DB12-BADHUM_clean_repeat,89.43699,110.5625
DB12-DOHNUL_clean_repeat,91.09019,128.625
DB12-LURLOB_clean_repeat,238.99408,239.0
DB12-TACFIN_clean_repeat,149.80707,140.75
DB12-DOYBAV_clean_repeat,160.33057,180.875
DB12-LUWMIB_clean_repeat,210.10971,211.25
DB12-YUKKAR_clean_repeat,178.8692,183.5
DB12-OSUWEF_clean_repeat,80.311745,118.0
DB12-UTIYED_clean_repeat,76.47233,90.5625
DB12-SARNOQ_clean_repeat,154.59904,152.0
DB12-JORRAL_clean_repeat,167.6811,178.625
DB12-GOKBUE_clean_repeat,114.791115,124.25
DB12-PENNAZ_clean_repeat,219.32236,214.75
DB12-CUVXAT_clean_repeat,169.68454,183.625
DB12-XUNSUW_clean_repeat,97.83628,99.875
DB12-cm501138g_si_005_clean_repeat,247.22728,265.0
DB12-EHEKUY_clean_repeat,101.16289,108.1875
DB12-ATIBOU_clean_repeat,87.91101,94.25
DB12-PEGBUA_clean_repeat,77.77159,78.25
DB12-QEBGEL_clean_repeat,161.0535,184.75
DB12-TUPDOZ_clean_repeat,109.1394,123.4375
DB12-SEHSOO_clean_repeat,218.30505,211.75
DB12-WALKAY_clean_repeat,96.90771,110.4375
DB12-ULIMIN_clean_repeat,114.98155,111.5625
DB12-cm501138g_si_002_clean_repeat,244.35196,241.625
DB12-YARYOF_clean_repeat,135.07486,150.5
DB12-JEXXAM05_clean_repeat,0.0,0.36791992
DB12-QUMJEP_clean_repeat,43.236538,59.09375
DB12-EYOCOM_clean_repeat,221.33878,217.25
DB12-EKIGOW_clean_repeat,89.56163,97.8125
DB12-ZOHBEF_clean_repeat,40.487736,49.21875
DB12-NAXLII_clean_repeat,109.97872,123.25
DB12-HURGUX01_clean_repeat,94.456085,104.6875
DB12-DUBJUH_clean_repeat,178.4545,168.625
DB12-UGUQUK_clean_repeat,34.083218,51.65625
DB12-YAPYUK_clean_repeat,60.865143,76.0625
DB12-FUNCAT_clean_repeat,193.03694,198.375
DB12-ERUFUS_clean_repeat,140.05452,141.5
DB12-JETZAK_clean_repeat,198.2495,203.625
DB12-ETUWOG_clean_repeat,101.90739,108.9375
DB12-KEWZET_clean_repeat,158.22026,166.5
DB12-SAHBEJ_clean_repeat,63.64488,76.375
DB12-VUHNET_clean_repeat,176.61404,189.625
DB12-YUBFOR_clean_repeat,164.07272,165.5
DB12-XEHFUL01_clean_repeat,127.86017,134.375
DB12-HEKTAU_clean_repeat,202.33006,191.0
DB12-ORIVUI_clean_repeat,238.84433,215.5
DB12-TURFAP_clean_repeat,155.28009,171.5
DB12-ja500618z_si_008_clean_repeat,149.42088,166.0
DB12-KEXKAB_clean_repeat,133.27682,157.875
DB12-OWUHOF_clean_repeat,116.3497,119.5625
DB12-BALMUW01_clean_repeat,1.087053,7.3867188
DB12-XAMDUM03_clean_repeat,243.36539,257.5
DB12-LOKPEG_clean_repeat,153.56345,145.5
DB12-POLYEW_clean_repeat,116.67659,112.25
DB12-NIRGAY_clean_repeat,193.11034,190.25
DB12-YOKKIU_clean_repeat,130.27223,128.0
DB12-AKUHOD01_clean_repeat,2.5782118,5.3671875
DB12-QIWDOR_clean_repeat,77.00382,82.4375
DB12-WEHJEA_clean_repeat,252.56133,242.25
DB12-ATICAH_clean_repeat,86.39476,101.125
DB12-GAFROX_clean_repeat,249.47107,239.875
DB12-VAPFUP_clean_repeat,68.40176,81.0625
DB12-XOVYIR_clean_repeat,78.954605,85.4375
DB12-DOYBUQ_clean_repeat,151.60982,163.625
DB12-AVIPAX_clean_repeat,184.85493,177.75
DB12-KOGJOG_clean_repeat,112.830666,125.5
DB12-OPURIB01_clean_repeat,35.483543,36.6875
DB12-YAWKOX_clean_repeat,195.03516,189.125
DB12-XISPEW01_clean_repeat,208.25809,220.25
DB12-OGESOJ_clean_repeat,94.49275,97.6875
DB12-HOJNIF_clean_repeat,89.28098,101.8125
DB12-CODGAE_clean_repeat,235.4308,248.75
DB12-HIWXER_clean_repeat,0.0034682774,2.7929688
DB12-jacs.6b09113_ja6b09113_si_002_clean_repeat,224.7372,230.375
DB12-ncomms11831_ncomms11831-s3_clean_repeat,69.72824,71.875
DB12-FONKEA_clean_repeat,82.61299,89.375
DB12-EGATEM_clean_repeat,205.10498,220.0
DB12-XEQLEM_clean_repeat,65.630585,85.375
DB12-ZETQIA_clean_repeat,66.93052,73.75
DB12-XOTGUI_clean_repeat,178.79384,179.75
DB12-LUKRIS_clean_repeat,45.400463,57.5625
DB12-FIRNAX01_clean_repeat,232.3254,225.25
DB12-QEYWUN_clean_repeat,0.0019750053,10.5546875
DB12-XAFBEN_clean_repeat,191.86229,196.0
DB12-FAKGOP_clean_repeat,58.51447,72.0625
DB12-RIPNOV_clean_repeat,86.349335,87.75
DB12-JETNOL_clean_repeat,93.564415,96.0625
DB12-AVIHOE_clean_repeat,192.48593,205.75
DB12-MUXHIW01_clean_repeat,4.197571,6.9648438
DB12-MOMJIJ_clean_repeat,54.16544,58.78125
DB12-XEHFUL_clean_repeat,128.29956,147.0
DB12-KUFVIS_clean_repeat,134.95613,134.75
DB12-EYOCIG_clean_repeat,219.49142,221.375
DB12-DAGJED_clean_repeat,133.63098,142.5
DB12-INOMOP_clean_repeat,152.7072,157.25
DB12-XUMVOS_clean_repeat,8.267666,41.8125
DB12-c5dt02374b_c5dt02374b2_clean_repeat,102.536255,100.625
DB12-HUWPIA_clean_repeat,170.51045,199.5
DB12-EVUDAA_clean_repeat,202.23784,202.0
DB12-KIHTOL01_clean_repeat,3.977324,8.765625
DB12-AZAWAZ_clean_repeat,55.495174,66.3125
DB12-JIVFUQ_clean_repeat,169.42987,167.0
DB12-KONYOB_clean_repeat,72.90233,78.125
DB12-DIYKAZ_clean_repeat,73.300224,65.0
DB12-IXISAJ_clean_repeat,130.66693,135.75
DB12-CUTGEE_clean_repeat,116.148796,124.9375
DB12-MODDEP_clean_repeat,4.6496744,4.4492188
DB12-KEGZOL03_clean_repeat,165.673,158.625
DB12-MIHHOA_clean_repeat,81.59347,66.5
DB12-UMOVID_clean_repeat,254.70348,267.5
DB12-AFOVEX_clean_repeat,204.59535,226.75
DB12-XOVYUD_clean_repeat,72.01227,84.25
DB12-LULHUW_clean_repeat,179.64479,182.25
DB12-OBOGUK_clean_repeat,240.95737,239.125
DB12-WEFDIW_clean_repeat,21.935484,18.96875
DB12-PUNSIB_clean_repeat,121.53407,151.75
DB12-REXDIJ_clean_repeat,180.52403,165.375
DB12-XOHLEM_clean_repeat,185.56192,191.125
DB12-OFUCAV_clean_repeat,138.03741,148.5
DB12-ACALIB_clean_repeat,67.719315,72.0625
DB12-AHOKIR_clean_repeat,125.62153,146.125
DB12-MEXJAC_clean_repeat,192.8942,195.875
DB12-GADRAH_clean_repeat,177.84091,188.0
DB12-TEVZOK_clean_repeat,93.60735,99.0625
DB12-KIPJOK_clean_repeat,123.567894,119.6875
DB12-QATRAG_clean_repeat,85.77588,85.875
DB12-HOCDIO_clean_repeat,144.53728,134.75
DB12-OPIPUZ_clean_repeat,105.56781,107.5
DB12-RIYBAE_clean_repeat,205.2416,202.125
DB12-TEJBAN_clean_repeat,76.676704,80.1875
DB12-SIHLUQ_clean_repeat,236.64705,245.625
DB12-UMODEH09_clean_repeat,231.29692,222.25
DB12-PEQRUZ_clean_repeat,125.542755,124.3125
DB12-VEDGIW_clean_repeat,169.42824,167.125
DB12-GARQAU_clean_repeat,129.46529,140.25
DB12-VAQLEG_clean_repeat,123.10199,134.75
DB12-MOMRIR_clean_repeat,85.91986,82.25
DB12-YUNKAV_clean_repeat,97.16504,87.375
DB12-KABXOC_clean_repeat,182.09503,187.5
DB12-XOHJUA_clean_repeat,54.98428,66.3125
DB12-YOPMAS_clean_repeat,38.111393,33.03125
DB12-XAWZOM_clean_repeat,50.41882,41.4375
DB12-USUPUV_clean_repeat,72.48774,76.5625
DB12-WASMIP01_clean_repeat,66.25589,57.9375
DB12-VONCOS_clean_repeat,181.25304,171.25
DB12-MUDTEL_clean_repeat,239.38074,247.75
DB12-VACFUB01_clean_repeat,142.82271,136.5
DB12-PELXIP_clean_repeat,94.37358,95.1875
DB12-XOJWEZ_clean_repeat,94.22698,86.375
DB12-EXOZIB_clean_repeat,228.95956,235.625
DB12-CUWXID_clean_repeat,217.99559,223.75
DB12-acs.inorgchem.6b01569_ic6b01569_si_002_clean_repeat,103.11656,105.4375
DB12-SAKDAM_clean_repeat,112.8022,100.0625
DB12-YANBAR01_clean_repeat,90.18516,86.625
DB12-JELPAS_clean_repeat,122.63928,124.625
DB12-XEHSUZ_clean_repeat,92.52025,95.5
DB12-NARNOM_clean_repeat,36.88495,39.125
DB12-UMUTOM_clean_repeat,77.564125,72.625
DB12-DICVAO_clean_repeat,200.59607,190.375
DB12-DUFGOB_clean_repeat,145.69406,133.375
DB12-DOJXUW_clean_repeat,80.43444,96.1875
DB12-ILOTOT_clean_repeat,79.697014,43.0
DB12-CAZNEY_clean_repeat,221.43526,206.5
DB12-SOJKOT03_clean_repeat,18.811537,18.828125
DB12-IZUMUM_clean_repeat,120.529854,114.875
DB12-LIFQIC_clean_repeat,71.87288,67.9375
DB12-BASJUB_clean_repeat,149.16998,147.625
DB12-QUVFET_clean_repeat,101.26856,104.375
DB12-AVEMAQ_clean_repeat,176.91573,179.5
DB12-KABXIW_clean_repeat,179.61366,191.25
DB12-BALMUW_clean_repeat,2.0920918,-0.6333008
DB12-XUCLIS_clean_repeat,133.07951,135.5
DB12-OZULUS_clean_repeat,220.6691,231.75
DB12-ETEKEU_clean_repeat,205.72757,208.375
DB12-BUWMEN_clean_repeat,194.8589,197.875
DB12-MIDRAT_clean_repeat,116.99463,111.9375
DB12-EGATIQ_clean_repeat,213.07855,212.375
DB12-LUYHAP_clean_repeat,245.2386,253.25
DB12-IXEQIL_clean_repeat,68.620804,73.1875
DB12-QOVWOO01_clean_repeat,0.0,3.7246094
DB12-UTODIR_clean_repeat,78.67193,73.75
DB12-XISPEW02_clean_repeat,208.83063,209.0
DB12-NIYZIG_clean_repeat,225.15321,236.25
DB12-VIYZIO01_clean_repeat,86.249146,97.8125
DB12-ZASTUK_clean_repeat,115.20581,118.125
DB12-KOSLAH_clean_repeat,230.3417,236.625
DB12-XEDLUN_clean_repeat,169.44118,171.125
DB12-FIQZEM_clean_repeat,118.84028,110.75
DB12-COWMAD_clean_repeat,199.15604,205.875
DB12-FUNCEX_clean_repeat,227.63751,216.125
DB12-XOFPEP01_clean_repeat,126.088455,131.0
DB12-RUBHOM_clean_repeat,76.854614,84.6875
DB12-c6cc02494g_c6cc02494g4_clean_repeat,216.6251,205.125
DB12-PEWXUL_clean_repeat,153.98347,135.375
DB12-MUNPER_clean_repeat,195.9392,200.375
DB12-ZUVTEP_clean_repeat,99.07892,109.0
DB12-TAZSAP02_clean_repeat,91.96459,81.75
DB12-OBENUF_clean_repeat,46.961506,48.875
DB12-MAQBIS_clean_repeat,243.75081,260.75
DB12-cm503311x_alf375K_clean_repeat,194.01494,198.875
DB12-ELIJOZ_clean_repeat,143.04936,145.5
DB12-ATIBUA_clean_repeat,86.35147,88.25
DB12-UVASAM01_clean_repeat,89.10281,75.0625
DB12-CAGXIU_clean_repeat,107.27173,113.375
DB12-ANAWIX_clean_repeat,142.34029,153.0
DB12-DARVAW_clean_repeat,109.17575,145.75
DB12-LAZXOB_clean_repeat,188.46428,198.5
DB12-KAHYEY_clean_repeat,92.998505,115.375
DB12-AMIXAW_clean_repeat,110.23034,114.875
DB12-HISJIE_clean_repeat,82.55033,83.5625
DB12-XUMMOJ_clean_repeat,147.51196,155.25
DB12-HORCUN_clean_repeat,119.843376,118.75
DB12-LAYGAV_clean_repeat,166.55711,169.0
DB12-USAWIW_clean_repeat,192.62065,184.25
DB12-GITVEL01_clean_repeat,190.48183,186.25
DB12-QETCUO_clean_repeat,170.75829,161.125
DB12-OZUKUR01_clean_repeat,217.81522,218.5
DB12-HURGUX_clean_repeat,95.17888,95.9375
DB12-YUZCAZ_clean_repeat,68.15463,54.25
DB12-SABKIS_clean_repeat,181.63724,168.625
DB12-DOKBUC_clean_repeat,0.020213053,0.97558594
DB12-UWOWAF_clean_repeat,150.07568,153.625
DB12-VIWHUG_clean_repeat,84.21424,93.4375
DB12-GIQZIQ_clean_repeat,132.87862,128.375
DB12-WUYXOF_clean_repeat,209.81606,199.75
DB12-GEDSOZ_clean_repeat,217.9412,206.625
DB12-NOCLUN_clean_repeat,172.81364,167.25
DB12-PEKCUF_clean_repeat,214.96082,229.5
DB12-OWIHEJ_clean_repeat,225.41586,217.375
DB12-XINJAH_clean_repeat,75.237976,82.5
DB12-OPENIH_clean_repeat,49.379536,53.40625
DB12-NUBPIL_clean_repeat,243.34085,236.375
DB12-UMODEH16_clean_repeat,248.40767,272.5
DB12-YIWBEN_clean_repeat,181.2299,185.375
DB12-EBATUY_clean_repeat,132.35475,129.375
DB12-LORMOW_clean_repeat,82.90732,80.1875
DB12-IHIMAP_clean_repeat,77.39975,65.9375
DB12-UWUTIQ_clean_repeat,196.46478,203.25
DB12-SOKWAS01_clean_repeat,171.79561,155.875
DB12-ZIKJOU_clean_repeat,207.99768,218.25
DB12-UCEXOQ_clean_repeat,151.27495,148.125
DB12-MOWQIZ_clean_repeat,61.963657,69.75
DB12-GARTAX_clean_repeat,154.11711,165.875
DB12-REXCOO_clean_repeat,168.83646,164.875
DB12-QOSJUF_clean_repeat,166.39583,165.0
DB12-FIFMIS01_clean_repeat,111.5026,111.375
DB12-KUCDES_clean_repeat,169.33388,164.875
DB12-KINFEU_clean_repeat,195.61884,186.5
DB12-CABDER_clean_repeat,40.954056,45.375
DB12-GAPNOD_clean_repeat,180.35855,177.5
DB12-VUCCUT_clean_repeat,112.11048,115.3125
DB12-EDEPAG_clean_repeat,160.29054,164.0
DB12-VAQLAC_clean_repeat,90.18539,78.9375
DB12-TIRHIL_clean_repeat,168.90048,165.875
DB12-COQJAV_clean_repeat,118.9086,92.9375
DB12-VEJYOZ_clean_repeat,193.09148,204.75
DB12-ABEYEN_clean_repeat,101.604614,103.875
DB12-REGRIG_clean_repeat,240.7823,272.25
DB12-RESWUI02_clean_repeat,90.69366,83.875
DB12-KORMOV_clean_repeat,70.1268,71.9375
DB12-KETHEY_clean_repeat,109.78312,125.25
DB12-ROQDIM01_clean_repeat,120.55612,110.4375
DB12-HOWJEK_clean_repeat,132.08043,132.0
DB12-ELILIV_clean_repeat,138.85606,149.0
DB12-WORKOF_clean_repeat,213.23836,215.5
DB12-NERMON_clean_repeat,73.191284,86.8125
DB12-UJECUI_clean_repeat,69.89045,80.8125
DB12-SEFTUU_clean_repeat,188.68837,194.0
DB12-SEFSOM_clean_repeat,104.30763,110.5
DB12-c6cc02494g_c6cc02494g5_clean_repeat,209.69913,215.625
DB12-RAVCUO_clean_repeat,80.38477,80.0
DB12-ECOKAJ_clean_repeat,170.04216,185.0
DB12-ODONIF_clean_repeat,42.494843,45.84375
DB12-GONTAG_clean_repeat,198.1857,146.0
DB12-NUVYIN_clean_repeat,95.91872,99.25
DB12-IPIJUM_clean_repeat,143.77536,135.75
DB12-HOTWUJ_clean_repeat,144.2862,155.0
DB12-BADHUM01_clean_repeat,24.162283,17.09375
DB12-SATRIP_clean_repeat,150.81116,154.625
DB12-GEDDAW_clean_repeat,212.9591,222.125
DB12-QQQGTA02_clean_repeat,64.45489,82.4375
DB12-ZILBAZ_clean_repeat,127.00545,135.0
DB12-MAYYAN_clean_repeat,54.685078,75.875
DB12-OLANEW_clean_repeat,145.17545,136.75
DB12-WINCEC_clean_repeat,137.5802,146.5
DB12-FAMHAE_clean_repeat,30.482567,23.078125
DB12-YUTDUO_clean_repeat,193.09444,210.25
DB12-UFUNIS_clean_repeat,107.114006,120.125
DB12-EBIZUN_clean_repeat,252.33763,251.875
DB12-COKQAW_clean_repeat,207.82068,213.875
DB12-KALGEL_clean_repeat,199.2345,165.375
DB12-ZASJAG_clean_repeat,174.06699,150.625
DB12-BEPPAP_clean_repeat,140.93176,151.875
DB12-NIKZAJ02_clean_repeat,89.02059,91.5
DB12-GOXGAD_clean_repeat,111.42024,93.6875
DB12-DITJIB_clean_repeat,226.48616,243.25
DB12-QEKLID01_clean_repeat,143.82611,142.25
DB12-HIFTOG_clean_repeat,184.07161,186.25
DB12-ASIRUR_clean_repeat,4.88487,3.1230469
DB12-GACQAE_clean_repeat,222.93736,229.5
DB12-XAKQOR_clean_repeat,171.32681,171.75
DB12-SEYFAE_clean_repeat,113.30846,110.375
DB12-cg500091k_si_002_clean_repeat,207.9883,203.25
DB12-KEFFEI01_clean_repeat,120.61989,98.875
DB12-PUQHEP_clean_repeat,58.624634,82.0625
DB12-WIKXAQ_clean_repeat,179.5552,179.75
DB12-j.inoche.2015.03.028_inc05925-mmc2_clean_repeat,217.01903,209.75
DB12-UKAQED_clean_repeat,198.44551,230.125
DB12-AZAVUU_clean_repeat,124.00189,146.125
DB12-XADDOX_clean_repeat,171.6694,158.5
DB12-QONLIQ_clean_repeat,194.18306,199.125
DB12-SOTWOP_clean_repeat,196.05742,212.875
DB12-HIDBIH_clean_repeat,80.12939,76.9375
DB12-QOCSAD_clean_repeat,184.39613,195.875
DB12-QOWRAV10_clean_repeat,242.23808,228.5
DB12-SEFVAC_clean_repeat,187.60936,196.125
DB12-NIJSAC_clean_repeat,42.246254,38.6875
DB12-PAPXUB_clean_repeat,85.905075,87.875
DB12-QOMRUH_clean_repeat,200.13681,183.25
DB12-LADHEF_clean_repeat,180.04756,170.875
DB12-APEBEE_clean_repeat,130.82932,121.6875
DB12-EBAVUB_clean_repeat,125.292206,126.5625
DB12-ZEDQEG_clean_repeat,184.40707,192.875
DB12-BAZFUF01_clean_repeat,230.89157,238.875
DB12-MEJZIM_clean_repeat,85.63094,84.625
DB12-ESEVIH_clean_repeat,136.83557,134.875
DB12-BOZFON_clean_repeat,127.43417,116.375
DB12-NAQLAT_clean_repeat,178.70435,153.25
DB12-YUGLES_clean_repeat,248.10727,239.25
DB12-OWEYOF_clean_repeat,209.92792,184.125
DB12-IPIHIA_clean_repeat,126.87017,129.625
DB12-NIGFUF_clean_repeat,220.68063,212.375
DB12-CUVGOQ_clean_repeat,159.75809,164.25
DB12-PIQFIG_clean_repeat,171.6992,173.5
DB12-ADAXIO_clean_repeat,122.798485,133.75
DB12-BAKLIK_clean_repeat,49.281208,33.46875
DB12-ELIKAM_clean_repeat,143.16725,149.375
DB12-FORPOS_clean_repeat,208.99498,209.0
DB12-XEGJUQ_clean_repeat,188.05034,211.125
DB12-RUWZUG_clean_repeat,120.171646,116.6875
DB12-HOWJEK_clean_repeat,132.08043,161.875
DB12-cg301577a_si_002_clean_repeat,245.62245,236.875
DB12-NIHBAI02_clean_repeat,89.188126,90.0
DB12-CATART03_clean_repeat,10.843768,9.5
DB12-EWUGEK_clean_repeat,42.63227,25.828125
DB12-ROQNES04_clean_repeat,109.12267,112.8125
DB12-DUFGOB_clean_repeat,145.69406,151.125
DB12-OGEBAF01_clean_repeat,225.17812,247.0
DB12-QEBGEL_clean_repeat,161.0535,158.875
DB12-NAKLIW_clean_repeat,204.33655,193.75
DB12-POKGEC_clean_repeat,85.663605,92.5
DB12-WEWTOI_clean_repeat,51.805637,43.625
DB12-MURTUO_clean_repeat,73.81629,86.75
DB12-PATWOY_clean_repeat,189.18076,187.875
DB12-cm1008587_si_003_clean_repeat,155.0121,168.0
DB12-QADBII_clean_repeat,71.783745,72.375
DB12-AZAFIS_clean_repeat,126.46934,146.25
DB12-acs.inorgchem.6b00081_ic6b00081_si_001_clean_repeat,95.55101,102.0625
DB12-XUKLAS_clean_repeat,111.54996,122.375
DB12-LAZHUR_clean_repeat,85.735916,86.75
DB12-LUMDEC_clean_repeat,129.71823,132.125
DB12-PEQTIQ_clean_repeat,88.75394,83.3125
DB12-DANFUW_clean_repeat,97.27546,84.75
DB12-EKETUL_clean_repeat,61.865696,57.21875
DB12-NAGBUU_clean_repeat,72.70494,86.5
DB12-GEDSOZ_clean_repeat,217.9412,211.375
DB12-SODXUG_clean_repeat,135.28166,120.8125
DB12-ZURROT_clean_repeat,143.92706,149.0
DB12-JIXWUJ_clean_repeat,87.522125,114.1875
DB12-BEFMAC_clean_repeat,204.55515,198.0
DB12-OMIPAD_clean_repeat,90.76599,82.0625
DB12-CUYRUK_clean_repeat,51.42704,60.0
DB12-WUXYOF_clean_repeat,4.6511497,3.2734375
DB12-TISPAO_clean_repeat,209.35715,211.5
DB12-WOHZAU_clean_repeat,113.6594,113.625
DB12-HEDTER_clean_repeat,68.48731,72.875
DB12-XAWZOM_clean_repeat,50.41882,71.0625
DB12-IFOSIG_clean_repeat,87.143654,76.1875
DB12-ADABUE_clean_repeat,59.292313,58.25
DB12-KOSMAI_clean_repeat,213.40971,221.0
DB12-ORIVOC_clean_repeat,233.4514,237.5
DB12-REYBAA_clean_repeat,71.68451,77.0625
DB12-YOBYAR_clean_repeat,245.16441,243.375
DB12-CAHSOU_clean_repeat,96.486244,126.5625
DB12-ZUSBOG_clean_repeat,164.84998,178.75
DB12-VUHGAH_clean_repeat,111.58437,122.5625
DB12-NOFQII_clean_repeat,88.91716,90.6875
DB12-CUGFAN_clean_repeat,41.02003,36.40625
DB12-ZETPUL_clean_repeat,63.93412,69.375
DB12-EKOPEA_clean_repeat,179.01454,167.25
DB12-ADABIS_clean_repeat,66.91241,75.0625
DB12-EVUBAY_clean_repeat,66.79027,86.375
DB12-KOCCUC_clean_repeat,221.30264,199.5
DB12-WIFBAQ_clean_repeat,144.30518,154.5
DB12-BETGUE_clean_repeat,224.39073,220.75
DB12-PEXFAA_clean_repeat,228.03784,217.25
DB12-PEVXAQ_clean_repeat,112.78653,92.375
DB12-LAJJAK_clean_repeat,160.79066,163.125
DB12-GAPNOD_clean_repeat,180.35855,182.875
DB12-ATIBOU01_clean_repeat,87.8173,86.4375
DB12-MUNPER_clean_repeat,195.9392,191.625
DB12-EBOCOQ_clean_repeat,159.21912,163.125
DB12-WAMREJ_clean_repeat,240.61488,244.875
DB12-FONPUV_clean_repeat,109.438484,97.625
DB12-TUTHIA_clean_repeat,199.84506,214.0
DB12-OSAWEL_clean_repeat,132.68199,128.875
DB12-IFEHUY_clean_repeat,207.26956,231.375
DB12-XAHQAA_clean_repeat,147.35248,142.625
DB12-CAYMIZ_clean_repeat,117.84853,110.375
DB12-VANNIK_clean_repeat,224.35805,207.625
DB12-SEFWAD_clean_repeat,188.76787,195.625
DB12-AFIPAH_clean_repeat,135.96786,131.875
DB12-JOFKIA_clean_repeat,111.72429,108.0
DB12-CIJVOH01_clean_repeat,234.18782,242.125
DB12-LAQNID_clean_repeat,254.1984,264.5
DB12-WURKEB_clean_repeat,183.10646,197.0
DB12-OZUKUR_clean_repeat,226.57501,223.75
DB12-OJIWAG_clean_repeat,198.09755,188.5
DB12-GAMTOE_clean_repeat,46.584785,55.09375
DB12-PIKBUH_clean_repeat,36.462383,53.09375
DB12-MUWQEB_clean_repeat,220.7579,227.75
DB12-XACSIG_clean_repeat,98.93816,95.25
DB12-PENXUC_clean_repeat,112.09603,111.3125
DB12-OCUNAE_clean_repeat,149.94893,135.625
DB12-GUJGEY_clean_repeat,94.551285,102.625
DB12-OWIJIP_clean_repeat,226.28426,221.875
DB12-VIZSOO_clean_repeat,256.167,250.0
DB12-COKQEA_clean_repeat,231.31007,231.625
DB12-VOLQOD_clean_repeat,223.41885,232.0
DB12-HIFTOG_clean_repeat,184.07161,177.625
DB12-cg5b00056_si_004_clean_repeat,161.47414,159.875
DB12-LUMLIQ_clean_repeat,132.53963,134.0
DB12-cg400449c_si_001_clean_repeat,245.22308,262.75
DB12-WEFDIW_clean_repeat,21.935484,7.5195312
DB12-FAFMAC_clean_repeat,131.95558,117.3125
DB12-YAYLIV_clean_repeat,59.241703,75.625
DB12-ZIKJOU_clean_repeat,207.99768,207.875
DB12-VUCCUT_clean_repeat,112.11048,106.625
DB12-EBUQEX_clean_repeat,190.77783,183.25
DB12-VEFLUP_clean_repeat,120.68621,124.5625
DB12-TAKGUK_clean_repeat,147.68959,136.125
DB12-VULKOD_clean_repeat,95.46284,101.75
DB12-CUNQOT_clean_repeat,107.617714,111.1875
DB12-CUWZIF_clean_repeat,156.42651,156.125
DB12-CUFJUK_clean_repeat,0.06257613,-0.8442383
DB12-ZECKID_clean_repeat,223.65276,221.25
DB12-GEDREO_clean_repeat,123.78111,137.5
DB12-XEJXER_clean_repeat,65.16606,67.125
DB12-XINWUO_clean_repeat,175.50494,193.375
DB12-AMILUE_clean_repeat,174.3131,168.625
DB12-QUDJOP_clean_repeat,168.27144,174.0
DB12-GUPJEG_clean_repeat,53.850616,71.75
DB12-LAGNUE_clean_repeat,174.74635,172.375
DB12-CUNWEO_clean_repeat,145.4298,153.375
DB12-WOWBIV_clean_repeat,102.46922,89.0625
DB12-JIZJOT_clean_repeat,138.32881,150.25
DB12-KIYMAI_clean_repeat,175.81438,187.375
DB12-MORFEG_clean_repeat,99.02511,109.3125
DB12-XEGKAX_clean_repeat,198.62799,202.625
DB12-EDAFUM_clean_repeat,88.043304,79.875
DB12-ARAFIJ_clean_repeat,222.60527,223.5
DB12-FITJEY_clean_repeat,76.03438,73.0
DB12-TESHAB_clean_repeat,89.09838,89.1875
DB12-cm501138g_si_011_clean_repeat,244.524,251.25
DB12-PURJES_clean_repeat,163.07231,165.5
DB12-WAQFIG_clean_repeat,252.85117,244.375
DB12-ROCZAM_clean_repeat,192.90482,187.375
DB12-KUXLUL_clean_repeat,215.90115,221.875
DB12-UYAQAN_clean_repeat,108.08095,113.3125
DB12-WUDNAK_clean_repeat,2.225085,-1.6689453
DB12-RESWUI_clean_repeat,91.61587,105.875
DB12-KIRFIA_clean_repeat,199.26093,193.375
DB12-GAQKOB_clean_repeat,94.9076,92.25
DB12-MOCJEU_clean_repeat,2.2732635,-0.39379883
DB12-MOSBIG_clean_repeat,168.45195,173.75
DB12-OKIPUU_clean_repeat,59.97118,52.75
DB12-BADHIA_clean_repeat,90.88095,89.0625
DB12-XEZPUP_clean_repeat,56.87724,56.15625
DB12-PIBNUK_clean_repeat,193.87508,187.0
DB12-YORZAH_clean_repeat,47.263523,69.8125
DB12-BIYTOU_clean_repeat,186.37622,192.375
DB12-LAWGAS_clean_repeat,234.23242,247.125
DB12-VIWKOD_clean_repeat,156.9611,166.375
DB12-MARXEK_clean_repeat,195.87215,194.0
DB12-ECEDEY_clean_repeat,164.57317,170.875
DB12-RESWUI02_clean_repeat,90.69366,93.75
DB12-LAGPAM_clean_repeat,169.95734,173.75
DB12-TIKMUW_clean_repeat,101.57615,106.9375
DB12-SABVOH01_clean_repeat,190.09161,209.625
DB12-c6ce00126b_c6ce00126b2_clean_repeat,118.727806,134.0
DB12-HOXSUK_clean_repeat,175.71138,179.875
DB12-CUYHIO_clean_repeat,40.95789,36.0
DB12-VACFUB01_clean_repeat,142.82271,149.75
DB12-ic402058f_si_005_clean_repeat,108.94193,116.6875
DB12-POLBOH_clean_repeat,154.72964,178.125
DB12-SAJKUM_clean_repeat,114.48103,116.875
DB12-FAVGER_clean_repeat,110.83734,102.1875
DB12-EBAVOV_clean_repeat,125.33119,133.25
DB12-QEFNAQ_clean_repeat,141.63081,141.625
DB12-SETQAL_clean_repeat,119.06139,135.625
DB12-LIQDAS_clean_repeat,243.06564,261.25
DB12-BERFIP_clean_repeat,69.877686,67.3125
DB12-JUJTAL_clean_repeat,163.11748,155.25
DB12-DORYUG_clean_repeat,106.035194,99.4375
DB12-MIHHOA_clean_repeat,81.59347,62.90625
DB12-BONWAD_clean_repeat,107.61485,118.375
DB12-HAKCIG_clean_repeat,65.35413,68.9375
DB12-HAZSIL_clean_repeat,218.75511,208.25
DB12-LECGEH_clean_repeat,146.34184,141.625
DB12-XEHSOT_clean_repeat,92.30679,82.625
DB12-NEJSEC_clean_repeat,131.05022,164.875
DB12-FIFMIS01_clean_repeat,111.5026,111.25
DB12-QOQDAD_clean_repeat,85.96709,73.9375
DB12-PAMVEG_clean_repeat,70.537834,62.375
DB12-XIPTEW_clean_repeat,0.03745075,-3.1621094
DB12-CUKYAJ_clean_repeat,140.4168,153.5
DB12-SIYXIH10_clean_repeat,111.41019,114.8125
DB12-YEZKUL_clean_repeat,107.61197,133.875
DB12-WABVIF03_clean_repeat,144.21811,156.125
DB12-POHLUV_clean_repeat,100.333435,102.1875
DB12-YUCNEQ_clean_repeat,172.11017,181.5
DB12-PEWXUL01_clean_repeat,145.84837,147.0
DB12-LIRFIB_clean_repeat,160.62628,177.5
DB12-MUFJAZ01_clean_repeat,2.3692744,5.6601562
DB12-ja206917z_si_001_clean_repeat,54.02161,53.59375
DB12-DEKHUX_clean_repeat,160.03018,151.125
DB12-LEVNOQ_clean_repeat,167.31525,176.375
DB12-ROQNES01_clean_repeat,110.40345,104.6875
DB12-FURFIJ01_clean_repeat,85.90944,101.75
DB12-JOVDON_clean_repeat,29.446703,30.40625
DB12-RUYQIN01_clean_repeat,183.85481,201.0
DB12-ZADDAJ_clean_repeat,10.168454,20.203125
DB12-VUCDAA_clean_repeat,112.56217,118.0625
DB12-FIJFUA_clean_repeat,151.22818,155.25
DB12-KOXGAH_clean_repeat,116.790985,129.0
DB12-RIRDED_clean_repeat,148.62498,148.375
DB12-ja500618z_si_002_clean_repeat,150.13777,155.125
DB12-EVURAP_clean_repeat,126.101494,121.75
DB12-DOQRUW_clean_repeat,129.66309,112.0
DB12-PIZPIX_clean_h_repeat,162.0274,156.0
DB12-ATULIM_clean_repeat,67.7424,68.625
DB12-WOHSOB_clean_repeat,39.537407,32.0625
DB12-XEXLAP_clean_repeat,174.9928,169.375
DB12-AQIXUV_clean_repeat,128.05545,129.375
DB12-USAWIW_clean_repeat,192.62065,194.375
DB12-IDIWUN_clean_repeat,224.20251,244.125
DB12-ADIQEL_clean_repeat,155.84966,144.0
DB12-TASVUG_clean_repeat,176.0729,187.0
DB12-FIVYUF_clean_repeat,79.47656,80.6875
DB12-YEKXET_clean_repeat,206.4304,204.25
DB12-YAHPED_clean_repeat,200.83252,190.875
DB12-UTUMAY_clean_repeat,135.5521,127.5
DB12-c6ra28728j_c6ra28728j2_clean_repeat,64.8487,78.9375
DB12-NATXIR_clean_repeat,74.38502,69.0625
DB12-OFUCAV_clean_repeat,138.03741,117.9375
DB12-EPUXET_clean_repeat,102.79947,84.8125
DB12-SUNLET_clean_repeat,203.33356,214.625
DB12-KUFVIS_clean_repeat,134.95613,134.875
DB12-LUDLIH_clean_repeat,243.42378,239.125
DB12-BEPREV_clean_repeat,229.93814,230.25
DB12-IBAPEJ_clean_repeat,77.62346,75.0
DB12-KOMDAT_clean_repeat,160.10202,174.75
DB12-ATICAH_clean_repeat,86.39476,75.4375
DB12-BEFMUW_clean_repeat,124.13961,152.75
DB12-QERWAL_clean_repeat,160.25739,179.75
DB12-QOWRAV12_clean_repeat,243.31604,255.0
DB12-FEDBEX_clean_repeat,124.79272,133.375
DB12-OPOYUO_clean_repeat,93.308334,89.3125
DB12-IBUYAH_clean_repeat,39.841694,38.03125
DB12-UHIYOB_clean_repeat,0.6337193,0.24890137
DB12-PEGCIP_clean_repeat,143.5724,165.625
DB12-EQEREY_clean_repeat,173.79155,190.875
DB12-JUKKIL_clean_repeat,141.32446,158.5
DB12-RUWWOW01_clean_repeat,139.80304,120.9375
DB12-TETVIZ_clean_repeat,132.24715,123.75
DB12-MUDKOM_clean_repeat,105.46593,98.1875
DB12-LAQZOV_clean_repeat,187.30643,195.625
DB12-JAKBUV_clean_repeat,141.0066,153.5
DB12-LUSHOX_clean_repeat,137.7723,143.375
DB12-VERZID_clean_repeat,0.03789733,0.6308594
DB12-LEWTUD01_clean_repeat,102.03835,73.0625
DB12-XUNSUW_clean_repeat,97.83628,59.96875
DB12-UNACIW_clean_repeat,99.5158,81.375
DB12-VOPCIO_clean_repeat,205.81212,201.625
DB12-GAGXAP_clean_repeat,62.0165,50.90625
DB12-TARWEO_clean_repeat,107.15609,109.375
DB12-YUDFEK_clean_repeat,174.81076,159.875
DB12-SAJLAT_clean_repeat,112.11998,105.625
DB12-TILHEC_clean_repeat,99.25541,110.5
DB12-SOZRUW_clean_repeat,235.81818,208.375
DB12-RUBGUS_clean_repeat,95.9416,100.125
DB12-PUDSIR_clean_repeat,200.25417,209.5
DB12-IXOFUX_clean_repeat,212.99828,208.125
DB12-AFOVAT_clean_repeat,206.68959,189.75
DB12-EDUVOO_clean_repeat,229.44868,222.5
DB12-DORFUM_clean_repeat,122.79887,109.8125
DB12-BEXRIG_clean_repeat,181.84862,184.125
DB12-SABVUN_clean_h_min_repeat,248.70026,215.75
DB12-KIDDOS_clean_repeat,141.93079,133.375
DB12-TUZVUH_clean_repeat,140.11548,135.25
DB12-ORUHAM_clean_repeat,0.0,-1.1035156
DB12-j.inoche.2015.01.025_INC05862-mmc1_clean_repeat,80.617546,66.8125
DB12-WEHHEY_clean_repeat,252.78603,244.875
DB12-HITXUE_clean_repeat,234.30705,211.875
DB12-VAHJEW_clean_repeat,161.16516,156.125
DB12-KUMGIK_clean_repeat,202.37425,205.375
DB12-SARNOQ_clean_repeat,154.59904,154.125
DB12-COKMOG_clean_repeat,220.627,225.375
DB12-FUNBAS_clean_repeat,144.58902,128.75
DB12-SUGVUM_clean_repeat,186.66708,168.625
DB12-QISNAJ_clean_repeat,210.43748,213.5
DB12-jacs.5b12516_ja5b12516_si_004_clean_repeat,179.67609,170.375
DB12-NAVJAW01_clean_repeat,222.89774,220.5
DB12-QOPZIF_clean_repeat,196.8335,194.875
DB12-EKIGIQ_clean_repeat,85.38802,69.875
DB12-MINCIX_clean_repeat,264.73294,278.75
DB12-GADRAH_clean_repeat,177.84091,185.875
DB12-HIJSOK_clean_repeat,149.43517,158.875
DB12-WALBOC_clean_repeat,117.809685,125.3125
DB12-EGATEM_clean_repeat,205.10498,214.75
DB12-VUKTUS_clean_repeat,142.57668,127.5
DB12-QONLEM_clean_repeat,193.22241,173.625
DB12-BARZOK_clean_repeat,59.48697,52.03125
DB12-ROLCEC14_clean_repeat,0.0,2.6621094
DB12-BUWMEN_clean_repeat,194.8589,196.625
DB12-KEXFAU_clean_repeat,199.947,187.375
DB12-OCACUR_clean_repeat,190.44035,212.125
DB12-DUBJUH_clean_repeat,178.4545,167.75
DB12-ISIKOL_clean_repeat,0.0,3.4296875
DB12-TETZID_clean_repeat,106.89146,88.0625
DB12-PUGHAC_clean_repeat,138.96046,129.5
DB12-OKITAE_clean_repeat,100.54042,93.6875
DB12-RUVBOB_clean_repeat,151.71236,141.625
DB12-IDUDES_clean_repeat,101.36077,119.8125
DB12-ODEZAB_clean_repeat,257.04846,231.75
DB12-CANRUG_clean_repeat,203.53459,191.25
DB12-FUNCEX_clean_repeat,227.63751,248.25
DB12-CUTGEE_clean_repeat,116.148796,109.0
DB12-VEHNED_clean_repeat,115.07364,102.8125
DB12-FIQZEM_clean_repeat,118.84028,102.375
DB12-EDAVOV_clean_repeat,41.0484,40.21875
DB12-PELQII_clean_repeat,220.5281,199.625
DB12-YAZZAC_clean_repeat,86.4504,84.0625
DB12-EPISOM_clean_repeat,259.52502,260.5
DB12-PACZUQ_clean_repeat,77.05911,69.4375
DB12-ICIZAV_clean_repeat,54.564007,51.59375
DB12-RIYBAE_clean_repeat,205.2416,200.25
DB12-HOWSIX_clean_repeat,186.42241,191.0
DB12-COJHIT_clean_repeat,231.77554,225.625
DB12-CIPCUB_clean_repeat,130.13083,117.0
DB12-EBATUY_clean_repeat,132.35475,126.4375
DB12-UTOTUT01_clean_repeat,87.40626,75.125
DB12-ODAJAG_clean_repeat,82.1981,64.875
DB12-ACIBIY_clean_repeat,88.05299,91.25
DB12-KEGZOL_clean_repeat,166.92207,161.375
DB12-GOGWEF_clean_repeat,210.94536,200.5
DB12-YUZBIG_clean_repeat,68.268036,67.5625
DB12-QONLIQ_clean_repeat,194.18306,198.5
DB12-AMIXAW_clean_repeat,110.23034,111.75
DB12-VAZTUM_clean_repeat,230.04083,219.125
DB12-OGIKAR_clean_repeat,208.03734,194.875
DB12-KEDJAG28_clean_repeat,200.48892,190.0
DB12-jacs.5b12516_ja5b12516_si_003_clean_repeat,180.50656,177.0
DB12-ja203898s_si_006_clean_repeat,186.59047,195.125
DB12-XUVHEB_clean_repeat,152.39317,153.875
DB12-AKUHOD01_clean_repeat,2.5782118,2.9179688
DB12-HIZQEN01_clean_repeat,166.49716,157.375
DB12-UKUBIM_clean_repeat,142.2268,145.75
DB12-HETZOW_clean_repeat,162.32597,154.125
DB12-ORULEU_clean_repeat,126.29565,109.1875
DB12-MEKDUC_clean_repeat,78.31465,89.625
DB12-YEKXUJ_clean_repeat,197.73116,184.875
DB12-FAGQAI_clean_repeat,225.94485,213.875
DB12-XEHFUL_clean_repeat,128.29956,130.625
DB12-USEVOF_clean_repeat,205.94771,197.25
DB12-XIHXET_clean_repeat,135.77724,128.5
DB12-NACYOG_clean_repeat,124.77792,109.0
DB12-IQEWOQ_clean_repeat,88.09242,91.9375
DB12-GAWMOJ_clean_repeat,225.90567,242.0
DB12-GOTDIE_clean_repeat,32.331093,16.140625
DB12-OTIQEP_clean_repeat,68.65775,56.65625
DB12-LORMOW_clean_repeat,82.90732,67.875
DB12-GAMTAQ_clean_repeat,142.6842,126.25
DB12-JIXWUJ02_clean_repeat,86.81871,94.25
DB12-UMOBEF02_clean_repeat,256.42285,250.625
DB12-DIYWIT_clean_repeat,78.37005,59.71875
DB12-NAKNUK_clean_repeat,43.2215,39.5
DB12-IDUDIW_clean_repeat,208.50446,190.875
DB12-KUNRAO_clean_repeat,144.40964,134.25
DB12-ZAVQOE_clean_repeat,161.92189,152.0
DB12-KOZQEX_clean_repeat,223.49377,223.5
DB12-JUQVAU_clean_repeat,151.59122,158.625
DB12-IJIGOX_clean_repeat,164.53226,163.0
DB12-HADPOU_clean_repeat,145.26775,139.875
DB12-USOXEH_clean_repeat,171.6117,157.25
DB12-GIYSUD_clean_repeat,183.56763,161.5
DB12-c5nj02634b_c5nj02634b2_clean_repeat,180.17447,189.75
DB12-JAKBOP_clean_repeat,181.99355,163.875
DB12-UKUPIB_clean_repeat,218.35962,202.125
DB12-UVUDUM_clean_repeat,101.6829,84.5625
DB12-VAZLEP_clean_repeat,13.543216,-0.5161133
DB12-OPIYAP_clean_repeat,166.68675,178.625
DB12-EBEMEE_clean_repeat,69.71085,65.625
DB12-LAWFOF_clean_repeat,234.81364,239.375
DB12-CEJZAU_clean_repeat,173.42964,155.125
DB12-KEDJAG26_clean_repeat,200.26068,188.125
DB12-COMZAH_clean_repeat,74.7664,84.0
DB12-DUMXEQ01_clean_repeat,108.54379,113.9375
DB12-BADHUM01_clean_repeat,24.162283,17.625
DB12-GAFROX_clean_repeat,249.47107,240.25
DB12-ASUBIB_clean_repeat,166.33887,173.0
DB12-ZUVTEP_clean_repeat,99.07892,111.0625
DB12-LOFZUB_clean_repeat,227.81094,213.125
DB12-MARNOL_clean_repeat,163.68294,163.375
DB12-QOWRAV04_clean_repeat,242.94212,252.0
DB12-CUIMDZ01_clean_h_repeat,31.517944,15.9140625
DB12-ic801404p_si_001_clean_repeat,101.28048,105.875
DB12-QUXREI_clean_repeat,60.759068,73.5625
DB12-DALTAO_clean_repeat,146.45975,143.0
DB12-EVUDAA_clean_repeat,202.23784,198.375
DB12-POJNIM_clean_repeat,124.818375,127.625
DB12-ZAVPOD_clean_repeat,161.81966,159.5
DB12-ALANAD_clean_repeat,249.49007,255.5
DB12-RUGJEK_clean_repeat,62.849545,35.875
DB12-ULOMAL_clean_repeat,173.49356,164.0
DB12-UGUQUK_clean_repeat,34.083218,27.015625
DB12-RATSAI_clean_repeat,122.18708,134.5
DB12-CADQAB_clean_repeat,201.75412,202.0
DB12-OPAPUR_clean_repeat,80.23435,68.5625
DB12-RAKDEN_clean_repeat,208.49246,212.5
DB12-VATXEU_clean_repeat,121.283676,119.25
DB12-QUPDEL_clean_repeat,148.67796,138.5
DB12-HOJPAZ_clean_repeat,90.506714,94.625
DB12-FIJDIM10_clean_repeat,132.11064,147.125
DB12-MEJQEZ_clean_repeat,105.36608,128.25
DB12-LERNEC01_clean_repeat,102.7742,96.125
DB12-VACFUB_clean_h_repeat,135.79645,140.25
DB12-PASKAX_clean_repeat,42.54165,53.5625
DB12-FECXAO_clean_repeat,211.8883,201.375
DB12-GEDDEA_clean_repeat,182.6668,201.625
DB12-XUCSAR01_clean_repeat,118.62534,111.8125
DB12-TURDIV_clean_repeat,169.07085,177.25
DB12-KIQKOK_clean_repeat,80.432785,85.5
DB12-HALQUJ_clean_repeat,214.21883,211.75
DB12-WOXKOL_clean_repeat,46.29716,43.46875
DB12-TISGUY_clean_repeat,71.280945,75.5
DB12-IGAHED_clean_repeat,126.64616,140.125
DB12-ja500618z_si_006_clean_repeat,150.06024,161.75
DB12-OGESOJ_clean_repeat,94.49275,98.9375
DB12-OHAKEO_clean_repeat,116.867714,122.5
DB12-IXAMIE_clean_repeat,147.68864,149.375
DB12-QUXQUX_clean_repeat,65.89761,65.125
DB12-SAKDAM01_clean_repeat,111.6923,106.1875
DB12-GADHIF_clean_repeat,144.86435,152.125
DB12-VOBGEA_clean_repeat,62.990353,62.1875
DB12-ROQFUA02_clean_repeat,105.86956,112.5625
DB12-BEPVEZ_clean_repeat,95.49519,94.0625
DB12-MEFYUT_clean_repeat,180.16075,207.875
DB12-NEVVEQ_clean_repeat,119.833595,111.75
DB12-JUPNAL_clean_repeat,79.068,71.0
DB12-cm501138g_si_008_clean_repeat,245.39963,250.625
DB12-NIKYOW_clean_repeat,89.89598,89.1875
DB12-PEKCUF_clean_repeat,214.96082,220.875
DB12-ERULEK_clean_repeat,225.00056,227.75
DB12-cg500975j_si_002_clean_repeat,122.03335,131.75
DB12-REYMOZ_clean_repeat,245.29222,236.625
DB12-UMUBEL_clean_repeat,258.7155,261.0
DB12-GELVID01_clean_repeat,70.57333,99.75
DB12-IGAHED01_clean_repeat,124.12662,116.9375
DB12-SUSRUV_clean_repeat,156.52007,167.125
DB12-ITIXAM_clean_repeat,96.874565,111.5
DB12-GUFXEM_clean_repeat,165.61555,173.25
DB12-GARLET_clean_repeat,171.22636,178.0
DB12-QUSRIH_clean_repeat,150.3135,154.625
DB12-CURYOE01_clean_repeat,181.36899,173.125
DB12-c6ce00407e_c6ce00407e9_clean_repeat,193.8731,206.5
DB12-FAPXIG_clean_repeat,219.26703,231.375
DB12-PIRYOF_clean_repeat,154.53569,142.875
DB12-DEJCEB_clean_repeat,148.03017,140.0
DB12-BUGSIG_clean_repeat,109.10467,107.6875
DB12-XEXLIX_clean_repeat,170.8224,146.125
DB12-CUCSAU_clean_repeat,121.96201,120.5
DB12-CDLGLU01_clean_repeat,4.6004725,3.3554688
DB12-BOTLED_clean_repeat,0.016281167,3.3886719
DB12-XUJSAY_clean_repeat,74.727196,63.25
DB12-LALPIZ_clean_repeat,83.4961,90.1875
DB12-MABKEG_clean_repeat,72.78272,63.6875
DB12-PEXBIF01_clean_repeat,68.62343,58.71875
DB12-UQUHAQ_clean_repeat,172.6199,134.75
DB12-PURSOK_clean_repeat,202.723,181.375
DB12-OZUMIH_clean_repeat,223.41461,209.5
DB12-XADFAL_clean_repeat,111.47064,118.1875
DB12-CUFGUH_clean_repeat,27.078703,29.6875
DB12-AXINEA_clean_repeat,82.696815,83.8125
DB12-TUGFAE_clean_repeat,0.13366273,3.5078125
DB12-CEGFAW_clean_repeat,105.631424,118.4375
DB12-PAPKOJ_clean_repeat,36.406227,48.25
DB12-BUCWAZ_clean_repeat,226.53201,214.625
DB12-ECORIX_clean_repeat,110.164085,122.3125
DB12-RUYQIN_clean_repeat,187.19026,182.25
DB12-VAQSEO_clean_repeat,59.30677,62.46875
DB12-NAPZOV_clean_repeat,113.8798,136.375
DB12-SOMCON_clean_repeat,203.6734,215.75
DB12-MATTUX_clean_repeat,163.36278,187.5
DB12-DEJRUH_clean_repeat,150.95459,160.625
DB12-NUDMUW_clean_repeat,148.27246,153.75
DB12-c5cp03920g_c5cp03920g2_clean_repeat,201.59877,209.125
DB12-TONMEQ_clean_repeat,112.50611,119.6875
DB12-HEKTAU_clean_repeat,202.33006,204.25
DB12-QUKQAQ_clean_repeat,58.197166,57.78125
DB12-MOYYIJ_clean_repeat,231.38531,229.625
DB12-ATICEL_clean_repeat,85.52863,91.25
DB12-CENKAJ_clean_repeat,159.70871,175.0
DB12-VUKROK_clean_repeat,237.1265,245.625
DB12-ZOHBIJ_clean_repeat,41.383167,36.53125
DB12-la304204k_si_003_clean_repeat,196.26627,215.5
DB12-CUTGII_clean_repeat,115.91143,126.0
DB12-LACJAC_clean_repeat,92.41957,116.4375
DB12-BEPNOB_clean_repeat,173.79149,169.375
DB12-BACMOH10_clean_repeat,119.877335,125.0625
DB12-AVUCEA_clean_repeat,222.9774,235.5
DB12-EMUBIZ_clean_repeat,172.59294,184.0
DB12-JUYROM_clean_repeat,212.95685,216.0
DB12-SAQQOR_clean_h_repeat,234.58125,250.875
DB12-VIWHUG_clean_repeat,84.21424,85.1875
DB12-ULOGIL_clean_repeat,94.364914,104.25
DB12-ENIHUG01_clean_repeat,259.51025,265.5
DB12-NAWWUG_clean_repeat,185.26758,171.375
DB12-HUSGAE_clean_repeat,0.00012401592,3.8652344
DB12-NELWIL_clean_repeat,1.6219661,1.7988281
DB12-OSUWEF_clean_repeat,80.311745,99.5625
DB12-HOWQAM_clean_repeat,237.6638,242.5
DB12-ROLCEC13_clean_repeat,0.0,2.6113281
DB12-HISJIE_clean_repeat,82.55033,105.0
DB12-DANVAQ_clean_repeat,112.468506,123.25
DB12-ja500618z_si_005_clean_repeat,149.80211,162.0
DB12-FAKGOP_clean_repeat,58.51447,64.375
DB12-DEPXIG_clean_repeat,171.48466,166.75
DB12-BETDEL_clean_repeat,219.34491,236.875
DB12-QOCSEH_clean_repeat,186.8224,191.25
DB12-BEXRUT_clean_repeat,146.54312,165.625
DB12-TIGVUC_clean_repeat,115.55668,126.875
DB12-PUVREF_clean_repeat,2.027836,11.609375
DB12-XUYXAR_clean_repeat,104.867836,95.25
DB12-URUVUA_clean_repeat,198.77827,208.375
DB12-FIJDIM05_clean_repeat,140.14638,148.125
DB12-NIGGAM_clean_repeat,219.02373,226.125
DB12-XUCSAR_clean_repeat,118.845314,123.3125
DB12-LAXGOH02_clean_repeat,11.760535,35.28125
DB12-GIRYEN_clean_repeat,49.844044,52.875
DB12-PEVLEJ_clean_repeat,118.38255,97.6875
DB12-SEHSOO_clean_repeat,218.30505,222.5
DB12-FIJDIM_clean_repeat,136.55206,154.375
DB12-TILDIC_clean_repeat,95.247574,104.375
DB12-OBODEQ_clean_repeat,194.86353,211.625
DB12-PEGQID_clean_repeat,76.01681,86.1875
DB12-NIKZAJ02_clean_repeat,89.02059,100.25
DB12-CENJIQ_clean_repeat,170.34203,177.75
DB12-WIPZEC_clean_repeat,170.47595,169.375
DB12-EWESAC_clean_repeat,92.23649,112.625
DB12-UWELIS_clean_repeat,218.70024,224.875
DB12-WOPSAX02_clean_repeat,229.71756,252.25
DB12-EQERAU_clean_repeat,223.60886,240.0
DB12-ROQDIM03_clean_repeat,118.53915,139.375
DB12-QEYWUN_clean_repeat,0.0019750053,2.1542969
DB12-VANHEA_clean_repeat,227.6046,211.5
DB12-DIDBEZ_clean_repeat,201.43695,221.875
DB12-NABMUA_clean_repeat,197.64896,219.75
DB12-ICAQIO_clean_repeat,248.62668,274.25
DB12-DAWCIP_clean_repeat,202.10097,229.875
DB12-DAJHUS_clean_repeat,54.951035,70.8125
DB12-WEFXEM_clean_repeat,164.73718,176.25
DB12-LABPOV_clean_repeat,51.99189,58.875
DB12-XAVQIU01_clean_repeat,190.4659,229.875
DB12-KEFFEI01_clean_repeat,120.61989,138.125
DB12-NACVUI_clean_repeat,137.75967,140.5
DB12-EPECEJ_clean_repeat,215.24011,214.375
DB12-RIYWED_clean_repeat,78.66154,88.875
DB12-GEVYEN_clean_repeat,54.465992,61.09375
DB12-WASMIP01_clean_repeat,66.25589,74.6875
DB12-EDAGEX_clean_repeat,89.16001,93.125
DB12-VIPZAX_clean_repeat,107.81686,122.875
DB12-CAGXIU_clean_repeat,107.27173,138.125
DB12-KEGZOL04_clean_repeat,165.5218,179.875
DB12-BEPREV01_clean_repeat,228.95744,225.75
DB12-AHOJUC_clean_repeat,12.786894,18.140625
DB12-DUJRAD_clean_repeat,165.61385,188.875
DB12-ISACIP_clean_repeat,78.28935,92.6875
DB12-UZIZUZ_clean_repeat,118.425545,123.0625
DB12-XATLIQ_clean_repeat,182.84544,204.875
DB12-CEJVET_clean_repeat,91.695755,110.8125
DB12-ZOHBEF_clean_repeat,40.487736,53.4375
DB12-VIZTIJ_clean_repeat,178.4547,182.875
DB12-PIBNUK01_clean_repeat,192.68817,204.5
DB12-GOYXID_clean_repeat,81.59394,108.3125
DB12-LITCUO_clean_repeat,125.00834,140.25
DB12-MUTDEM_clean_repeat,175.15347,182.25
DB12-MAGNEQ_clean_repeat,182.51318,186.5
DB12-FIKTOK_clean_repeat,61.68095,65.125
DB12-OKAYAC_clean_repeat,57.76916,71.25
DB12-UGEPEB01_clean_repeat,60.116985,72.9375
DB12-OSIXIY_clean_repeat,70.016624,79.3125
DB12-LEDHIN_clean_repeat,86.83284,100.375
DB12-YEMJAC_clean_repeat,190.97806,195.75
DB12-GIXNAE_clean_repeat,209.57446,238.5
DB12-ALUJUN_clean_repeat,89.701195,100.5
DB12-XAVQIU_clean_repeat,194.91684,213.5
DB12-WUSXEP_clean_repeat,242.23265,259.25
DB12-MULXOH_clean_repeat,178.83089,187.125
DB12-KIYMIP_clean_repeat,44.646595,58.09375
DB12-RUYTUC_clean_repeat,184.1387,186.0
DB12-CEYPUT_clean_repeat,121.34905,128.625
DB12-XICNOO01_clean_repeat,209.93945,203.375
DB12-AZILEA_clean_repeat,62.536514,82.75
DB12-COKQIE_clean_repeat,230.43369,252.0
DB12-LEWVAL_clean_repeat,101.699234,107.4375
DB12-VODPOU_clean_repeat,58.66869,45.90625
DB12-PANYEL_clean_repeat,74.02444,78.75
DB12-RABHAZ_clean_repeat,171.50313,172.125
DB12-UTIYED_clean_repeat,76.47233,87.9375
DB12-FEJKEM_clean_repeat,64.61316,68.1875
DB12-XAPTEQ_clean_repeat,138.06438,148.0
DB12-LUDLED_clean_repeat,242.61829,245.5
DB12-IXOFUX01_clean_repeat,197.09184,222.0
DB12-NIKDAM_clean_repeat,187.47537,176.125
DB12-FUFTUX_clean_repeat,41.0963,65.25
DB12-LEVNOQ01_clean_repeat,160.09145,154.0
DB12-ac403674p_si_001_clean_repeat,147.37257,147.875
DB12-KETHEY_clean_repeat,109.78312,116.625
DB12-POYPAW_clean_repeat,198.7739,212.75
DB12-FORQIN_clean_repeat,208.20135,197.625
DB12-YEGKOM_clean_repeat,220.43318,213.0
DB12-PEVQIS_clean_h_repeat,232.29987,237.75
DB12-QISNEN_clean_repeat,208.81688,213.625
DB12-UFISOS_clean_repeat,60.092785,67.9375
DB12-FIJCUX01_clean_repeat,196.11235,219.625
DB12-RUWZIU_clean_repeat,104.29952,136.625
DB12-acscombsci.5b00188_3001288_clean_repeat,99.04073,84.625
DB12-LUFNAC03_clean_repeat,199.3182,205.625
DB12-XUYDIF_clean_repeat,56.114334,65.0
DB12-WIDQEG_clean_repeat,230.97523,207.25
DB12-VOXQOQ_clean_repeat,115.30312,136.75
DB12-OTEGUR_clean_repeat,227.00945,244.375
DB12-APARAM_clean_repeat,157.05469,156.25
DB12-SABKIS_clean_repeat,181.63724,184.75
DB12-ODODES_clean_repeat,180.88954,198.125
DB12-FECYIX_clean_repeat,31.249666,28.78125
DB12-BUCVAY_clean_repeat,65.01133,78.25
DB12-MAXHEA_clean_repeat,0.0006488963,7.9804688
DB12-YOCDUR_clean_repeat,248.42049,277.0
DB12-RUNXUV_clean_repeat,149.71544,173.875
DB12-OWIHUZ_clean_repeat,224.59251,232.0
DB12-CUYWUP_clean_repeat,217.28871,218.25
DB12-XOMCIL_clean_repeat,125.17237,130.5
DB12-SOJGOO_clean_repeat,126.55721,121.1875
DB12-ZUDQEW_clean_repeat,158.63188,145.875
DB12-XUMCAK_clean_repeat,102.200874,105.125
DB12-WORSUT_clean_repeat,145.92091,146.125
DB12-RIPPEN_clean_repeat,81.88306,76.3125
DB12-ZIJVOF02_clean_repeat,144.83093,139.0
DB12-GACQAE_clean_repeat,222.93736,218.5
DB12-TOVJOF_clean_repeat,238.16475,225.625
DB12-EXAXAE01_clean_repeat,171.68979,170.125
DB12-AMILOY_clean_repeat,176.1131,169.625
DB12-HOYRIY_clean_repeat,174.9111,162.25
DB12-SUJNUH_clean_repeat,117.23614,116.375
DB12-QUQPUO_clean_repeat,157.60892,161.125
DB12-DUDKUK_clean_repeat,242.22458,226.875
DB12-KOHDIW_clean_repeat,229.30313,224.875
DB12-DICVIW_clean_repeat,199.99605,188.625
DB12-SUNJOB_clean_repeat,194.93634,180.125
DB12-TOBJUR_clean_repeat,232.49565,212.25
DB12-CELZEA_clean_repeat,156.6077,157.25
DB12-AFIXAO_clean_repeat,139.89944,133.75
DB12-HOGQIF_clean_repeat,38.350315,24.578125
DB12-EJOQUR_clean_repeat,212.6828,222.375
DB12-XOXMED_clean_repeat,217.45094,219.125
DB12-WABVIF04_clean_repeat,145.53848,159.25
DB12-YUFLIW_clean_repeat,212.33078,201.25
DB12-HOTFED_clean_repeat,3.2072606,9.9296875
DB12-HAZGOF04_clean_h_repeat,65.17936,62.96875
DB12-DAMZEZ_clean_repeat,75.43992,90.0625
DB12-FAVGAN_clean_repeat,111.44652,102.1875
DB12-XEBHOC_clean_repeat,245.79324,239.125
DB12-HOWSAP_clean_repeat,172.07135,186.875
DB12-MAYPIM_clean_repeat,76.47905,82.5625
DB12-RUWXEN_clean_repeat,146.05507,158.125
DB12-FUVDEH06_clean_repeat,46.206554,51.28125
DB12-VAMPUX_clean_repeat,235.88657,235.5
DB12-WIHVAL_clean_repeat,88.380486,82.375
DB12-ZAVPIX_clean_repeat,161.91922,175.625
DB12-XUWTAK_clean_repeat,149.73657,154.875
DB12-ROLZEZ_clean_repeat,175.45161,149.625
DB12-AQODOA_clean_repeat,44.35046,43.875
DB12-TAJXIO06_clean_repeat,9.874196,2.7519531
DB12-ZASTUK_clean_repeat,115.20581,116.625
DB12-DINNIZ_clean_repeat,137.20355,129.5
DB12-IJUTEM_clean_repeat,216.2296,230.875
DB12-RIVDEF_clean_repeat,108.96719,107.375
DB12-IYEQUA_clean_repeat,69.32689,68.375
DB12-CUQROX_clean_repeat,160.19864,154.0
DB12-CUVGIK_clean_repeat,151.57108,160.375
DB12-QUTTII_clean_repeat,151.01985,156.375
DB12-SEFVEG_clean_repeat,184.47789,183.75
DB12-ZEDHIB_clean_repeat,113.5216,122.375
DB12-OTOROF_clean_repeat,76.37573,83.1875
DB12-QUQGAL_clean_repeat,152.27043,141.25
DB12-JOVXEZ_clean_repeat,172.18745,176.125
DB12-ILOTOT_clean_repeat,79.697014,62.21875
DB12-OPENON_clean_repeat,82.782036,73.4375
DB12-UREVOE_clean_repeat,146.08911,156.875
DB12-OBAHOR_clean_repeat,174.66064,163.375
DB12-JOSNAG01_clean_repeat,123.53673,109.4375
DB12-XACZEH_clean_repeat,150.00423,141.75
DB12-WIHVEP_clean_repeat,87.96306,84.375
DB12-CUMDOE_clean_repeat,122.3529,130.25
DB12-LOLVAJ_clean_repeat,57.581463,58.1875
DB12-TUMDAI_clean_repeat,153.11053,147.125
DB12-YOMZIL_clean_repeat,69.42131,82.5625
DB12-PASNAA01_clean_repeat,156.00752,167.0
DB12-WAGLEY_clean_repeat,65.25937,49.71875
DB12-QUQBAH_clean_repeat,223.48143,213.625
DB12-NEDJAJ_clean_repeat,110.22471,107.0
DB12-YAZWOM_clean_repeat,82.07794,73.0625
DB12-LIVTIT_clean_repeat,172.43428,168.25
DB12-COWMIL_clean_repeat,199.78444,189.875
DB12-HIHFUB_clean_repeat,184.68562,189.5
DB12-TEJQAC_clean_repeat,16.14976,21.84375
DB12-BIWYAH10_clean_repeat,169.51884,173.25
DB12-ZIDVAL_clean_repeat,76.853035,75.375
DB12-KOJTOU_clean_repeat,189.21259,185.875
DB12-HIHGUC_clean_repeat,235.15327,227.125
DB12-KAPHAL_clean_repeat,1.4832773,4.5742188
DB12-RESWUI01_clean_repeat,90.81679,80.5625
DB12-UMOBEF05_clean_repeat,232.30112,234.875
DB12-YIJYUN_clean_repeat,16.503035,16.65625
DB12-jacs.6b09113_ja6b09113_si_002_clean_repeat,224.7372,236.875
DB12-S2052520616005515_bm5080sup1_clean_repeat,193.84288,190.625
DB12-MIDSUP01_clean_repeat,216.83092,232.125
DB12-XOFPEP_clean_repeat,119.057785,117.125
DB12-GAXQIH_clean_repeat,92.901825,102.0
DB12-BENXUP_clean_repeat,104.12633,114.0625
DB12-OPAGIX_clean_repeat,242.60315,244.125
DB12-XUNSIK_clean_repeat,123.88639,133.25
DB12-MARNUR_clean_repeat,68.781944,68.4375
DB12-MAKGOX_clean_repeat,58.54102,54.5625
DB12-ja5b00365_si_002_clean_repeat,251.47867,231.125
DB12-cg401887b_si_004_clean_repeat,264.7564,251.5
DB12-LETDUK_clean_repeat,243.68002,236.625
DB12-TESGUU_clean_repeat,91.3797,84.4375
DB12-XUGWUS_clean_repeat,89.40831,92.3125
DB12-TUTHOG_clean_repeat,198.58302,195.25
DB12-UVOTOQ_clean_repeat,239.08777,218.75
DB12-ic403134c_si_002_clean_repeat,107.24728,116.125
DB12-VEJYUF01_clean_repeat,68.88278,57.5625
DB12-XIHSEN01_clean_repeat,159.04666,153.625
DB12-DOQHAT_clean_repeat,133.58931,123.5
DB12-NARPOO_clean_repeat,91.86455,102.3125
DB12-ZEZPAX01_clean_repeat,138.65332,140.875
DB12-VISTOG_clean_repeat,77.417145,85.0
DB12-FIRPAZ_clean_repeat,234.71956,224.875
DB12-OCUGEZ01_clean_repeat,157.2713,159.0
DB12-BETFUD_clean_repeat,211.40923,229.875
DB12-SAJJOF_clean_repeat,127.58318,137.125
DB12-TAGCIP_clean_repeat,0.1547385,-0.48535156
DB12-IPIJEY_clean_repeat,124.2699,121.1875
DB12-TESGOO_clean_repeat,91.8588,88.1875
DB12-XINJAH_clean_repeat,75.237976,91.5
DB12-PEKDAM_clean_repeat,216.22456,236.375
DB12-OZULUS_clean_repeat,220.6691,202.125
DB12-CERMIV_clean_repeat,80.98313,89.125
DB12-MOWQIZ_clean_repeat,61.963657,51.9375
DB12-acs.jpcc.6b08594_UiO66_Ce2Zr4_opt_clean_repeat,206.63022,198.875
DB12-GOYYAW_clean_repeat,82.32829,83.0625
DB12-MOCHIW_clean_repeat,22.436674,7.5273438
DB12-OGAGIN_clean_repeat,77.022675,88.5
DB12-IGUVIR_clean_repeat,110.71011,109.25
DB12-XEDGIY_clean_repeat,177.29045,182.375
DB12-CODSUL_clean_repeat,93.81527,94.6875
DB12-ASUWUI_clean_repeat,134.94727,134.5
DB12-JALPAQ_clean_repeat,59.02237,41.96875
DB12-YUZCAZ_clean_repeat,68.15463,60.71875
DB12-KETSEI_clean_repeat,94.84132,88.8125
DB12-HIYGIH_clean_repeat,242.69371,254.625
DB12-BEXQOL_clean_repeat,166.41788,150.75
DB12-GIQZIQ_clean_repeat,132.87862,149.5
DB12-JILWIL_clean_repeat,227.65863,215.875
DB12-WOJZOM_clean_repeat,199.90544,197.375
DB12-SACDUX_clean_repeat,202.44168,207.125
DB12-APETAS_clean_repeat,96.33031,104.0
DB12-XOBXIW_clean_repeat,93.659874,93.75
DB12-FIPXAF_clean_repeat,112.380745,119.875
DB12-FECYUJ_clean_repeat,213.96666,206.5
DB12-ic502921j_si_002_clean_repeat,206.2618,195.5
DB12-XAPCOJ02_clean_repeat,218.38266,210.25
DB12-UMOVEZ01_clean_repeat,255.65585,258.5
DB12-FIJDIM11_clean_repeat,136.08702,134.375
DB12-EBOBIJ_clean_repeat,175.86174,167.625
DB12-cg500121f_si_004_clean_repeat,119.746635,125.6875
DB12-BUSQUC_clean_repeat,43.253784,51.625
DB12-LIXDAZ_clean_repeat,45.478466,49.71875
DB12-YOZROW_clean_repeat,49.822754,64.0
DB12-HOCDIO_clean_repeat,144.53728,142.875
DB12-PIZPOD_clean_h_repeat,165.43277,174.5
DB12-HUQHOS_clean_repeat,225.94754,246.875
DB12-FIJDIM12_clean_repeat,137.81114,134.75
DB12-MONFAY_clean_repeat,78.53676,80.9375
DB12-XUBGUY_clean_repeat,241.91212,261.5
DB12-JOFGOC_clean_repeat,72.99959,67.6875
DB12-HAJLUA_clean_repeat,39.77196,33.96875
DB12-NIKYOW01_clean_repeat,89.24941,88.4375
DB12-NIRMUW01_clean_repeat,123.62024,129.625
DB12-EKARUE_clean_repeat,43.750496,50.28125
DB12-SIWPUL11_clean_repeat,16.227455,10.9296875
DB12-DIXKOL_clean_repeat,149.75851,160.25
DB12-COVJAA_clean_repeat,111.58104,103.0
DB12-NIHBAI_clean_repeat,89.469826,91.625
DB12-GEFYUN_clean_repeat,140.28896,142.125
DB12-CODGAE_clean_repeat,235.4308,231.25
DB12-KINQAB_clean_repeat,72.67503,77.0625
DB12-ALUKAU_clean_repeat,90.94124,88.625
DB12-ULOKAJ_clean_repeat,173.60358,167.375
DB12-RUGHOS_clean_repeat,104.42383,98.6875
DB12-YOZSAJ_clean_repeat,12.910056,90.6875
DB12-SOHMUY_clean_repeat,205.23158,202.375
DB12-EKOPOK_clean_repeat,172.15045,180.25
DB12-AHOKIR_clean_repeat,125.62153,139.625
DB12-MIHLIZ_clean_repeat,78.01357,78.0625
DB12-GIXMUX_clean_repeat,107.608795,110.125
DB12-MOQSIV_clean_repeat,26.490303,15.625
DB12-XEJXAN_clean_repeat,119.59815,121.125
DB12-ENUCOG_clean_repeat,70.34034,63.65625
DB12-VEJYUF02_clean_repeat,70.5603,69.8125
DB12-QUGNOV_clean_repeat,55.08965,66.6875
DB12-IKEBUV01_clean_repeat,183.7368,189.25
DB12-TAJXIO03_clean_repeat,20.299988,20.171875
DB12-SIVQAR_clean_repeat,167.20882,161.875
DB12-XOGXAU_clean_repeat,128.40932,147.75
DB12-JEXXAM07_clean_repeat,0.0,6.328125
DB12-QOXNIB_clean_repeat,104.23966,110.3125
DB12-VIXZUZ_clean_repeat,126.573006,154.0
DB12-JAKBIJ_clean_repeat,178.57031,179.5
DB12-LITCIC_clean_repeat,205.8526,213.125
DB12-RAVDUP_clean_repeat,82.57754,58.78125
DB12-HUQHEI_clean_repeat,226.51695,232.25
DB12-NOCLOH02_clean_repeat,134.26216,144.0
DB12-IYOSUM_clean_repeat,231.69107,243.5
DB12-YUSGID_clean_repeat,115.46879,106.75
DB12-FUVGAG01_clean_repeat,42.710705,48.0625
DB12-VAZTOG_clean_repeat,229.24414,230.125
DB12-EDUTIG_clean_repeat,233.78023,243.0
DB12-LEYLUX_clean_repeat,113.69183,98.0625
DB12-BERGAI_clean_repeat,80.957146,84.9375
DB12-EQERIC_clean_repeat,177.41837,185.75
DB12-XANLEE_clean_repeat,230.8523,229.25
DB12-TOJVIZ_clean_repeat,1.3941307,-1.9589844
DB12-UNABUH_clean_repeat,99.26757,119.3125
DB12-KOPXOE_clean_repeat,31.584793,39.6875
DB12-MITGOL_clean_repeat,117.57117,118.0
DB12-JORRAL_clean_repeat,167.6811,161.5
DB12-BIMDEF_clean_repeat,171.72398,173.0
DB12-BARZAW_clean_repeat,61.698666,55.75
DB12-GEGGEG01_clean_repeat,115.589745,117.6875
DB12-FUVDEH08_clean_repeat,44.6575,51.21875
DB12-ic2017598_si_001_clean_h_repeat,233.44965,252.5
DB12-ATIBIO_clean_repeat,74.67712,81.1875
DB12-UMEDIB_clean_repeat,169.13469,177.125
DB12-PARVUB_clean_repeat,19.661451,39.96875
DB12-HEKTUO01_clean_repeat,127.73357,137.0
DB12-XALDAQ_clean_repeat,133.08664,134.625
DB12-FOKGET_clean_repeat,79.80832,87.6875
DB12-GUJGAU_clean_repeat,98.067024,84.875
DB12-WALBOC01_clean_repeat,132.81287,138.375
DB12-WANJIF_clean_repeat,104.86233,119.25
DB12-EVOMOR_clean_repeat,106.34885,110.1875
DB12-DIYKAZ_clean_repeat,73.300224,60.15625
DB12-AMUPOP_clean_repeat,91.6104,67.125
DB12-YARSAN_clean_repeat,101.977684,124.5625
DB12-FAVGUH_clean_repeat,87.36135,80.375
DB12-KALFEK_clean_repeat,201.19872,199.625
DB12-UCOJIH_clean_repeat,206.55661,206.75
DB12-KITVEQ_clean_repeat,110.08263,134.25
DB12-FAFGAU_clean_repeat,91.42959,103.8125
DB12-NISBEX_clean_repeat,106.768555,109.6875
DB12-QOZPIG_clean_repeat,176.31467,196.375
DB12-MIKJAR_clean_repeat,83.28198,82.5625
DB12-IXEQIL_clean_repeat,68.620804,85.625
DB12-ALULAV_clean_repeat,247.8785,228.375
DB12-HEZKIH_clean_repeat,145.62305,161.375
DB12-QIVZEC_clean_repeat,90.27436,90.0
DB12-KIPJIE_clean_repeat,118.07789,133.0
DB12-NIVWIY_clean_repeat,120.149315,105.0625
DB12-LUFNAC04_clean_repeat,199.89644,194.0
DB12-TIXMIX_clean_repeat,132.4444,148.125
DB12-IXUWII_clean_repeat,171.81999,180.375
DB12-LEWMUX_clean_repeat,186.09625,188.5
DB12-LONVAN_clean_repeat,221.63681,199.625
DB12-PARMIG_clean_repeat,156.86378,167.875
DB12-RUYQIN02_clean_repeat,182.96568,169.75
DB12-PUZTOV_clean_repeat,236.66586,221.125
DB12-ACOLOV_clean_repeat,215.54053,232.75
DB12-CAGSAG_clean_repeat,216.02686,212.75
DB12-YUYBIF_clean_repeat,106.45372,114.625
DB12-ECEDAU_clean_repeat,80.58083,103.3125
DB12-OPAPOL_clean_repeat,81.100655,78.0625
DB12-BAXLOD_clean_repeat,31.95782,50.5
DB12-PEYPIU_clean_repeat,124.1762,125.4375
DB12-LUSYEF_clean_repeat,262.87665,243.5
DB12-XEHRUY_clean_repeat,92.48451,86.625
DB12-DIMJUG_clean_repeat,84.725525,86.5625
DB12-XISPUM_clean_repeat,219.6142,218.75
DB12-GUMDEZ_clean_repeat,129.758,126.5
DB12-BEYKEX_clean_repeat,161.93288,155.5
DB12-LEYRAK_clean_repeat,207.10779,194.875
DB12-WASNIO_clean_repeat,115.38877,52.96875
DB12-QOJTUE_clean_repeat,190.66856,159.75
DB12-FOFTIF_clean_repeat,190.17148,183.875
DB12-SAYKIO_clean_repeat,94.0816,70.4375
DB12-ZILBED_clean_repeat,206.53406,179.25
DB12-XUKHUI_clean_repeat,210.42162,120.8125
DB12-GUVZII_clean_repeat,226.71321,211.875
DB12-ic5011133_si_003_clean_repeat,204.37894,174.125
DB12-CAYKEU_clean_repeat,169.34857,152.625
DB12-XUNTIL_clean_repeat,109.26593,101.75
DB12-KAHKUB01_clean_repeat,156.8072,143.0
DB12-ATIBOU_clean_repeat,87.91101,80.5625
DB12-cm500700z_si_003_clean_repeat,213.06126,191.5
DB12-GERNOI_clean_repeat,160.23137,124.3125
DB12-ISUCUV_clean_repeat,158.03552,138.75
DB12-ROJNEJ_clean_repeat,102.68534,88.25
DB12-YOMNIZ_clean_repeat,121.770035,114.5
DB12-BOCTOE03_clean_repeat,109.443146,96.875
DB12-JEJKIT_clean_repeat,118.42108,98.8125
DB12-FIQZAH_clean_repeat,92.43032,86.75
DB12-LEJRIC_clean_repeat,232.13339,213.375
DB12-KEDJAG14_clean_repeat,199.98964,188.5
DB12-XISXEE_clean_repeat,231.26364,218.5
DB12-NOFHOG_clean_repeat,247.50046,222.5
DB12-QOFLAA_clean_repeat,221.5414,220.125
DB12-ECAHAT_clean_repeat,171.61005,170.125
DB12-acs.jpcc.6b08594_Zn2Cd6MOF5_opt_clean_repeat,219.5384,213.125
DB12-SEFTUU_clean_repeat,188.68837,184.375
DB12-c6cc02494g_c6cc02494g4_clean_repeat,216.6251,203.625
DB12-MIXBAY_clean_repeat,241.68248,234.5
DB12-NIZZOM_clean_repeat,211.74326,192.625
DB12-ja308995t_si_002_clean_repeat,130.49388,128.75
DB12-YOGKOW_clean_repeat,198.21532,163.5
DB12-BETZOR_clean_repeat,177.79959,161.75
DB12-ZEXKUK_clean_repeat,128.93198,123.25
DB12-XAPCOJ06_clean_repeat,216.41624,198.0
DB12-ROQDIM02_clean_repeat,119.7333,114.5625
DB12-UGUHAG_clean_repeat,113.83822,91.8125
DB12-LUFNAC05_clean_repeat,199.12416,186.875
DB12-OJOZOE_clean_repeat,67.44611,60.0625
DB12-HUDWUA_clean_repeat,157.93484,133.375
DB12-YUKWOS_clean_repeat,66.603584,59.125
DB12-VAZLOZ_clean_repeat,11.428978,2.3378906
DB12-LAZKUU_clean_repeat,168.52014,155.25
DB12-QOVSOL_clean_repeat,137.82968,135.375
DB12-TOHSAL_clean_repeat,257.73563,231.0
DB12-j.inoche.2015.01.025_INC05862-mmc2_clean_repeat,167.83296,145.125
DB12-ROQFUA03_clean_repeat,105.15271,105.625
DB12-ROCZIU_clean_repeat,202.96138,186.25
DB12-NIKYOW02_clean_repeat,88.45973,88.875
DB12-ja106851d_si_001_clean_repeat,97.343155,70.375
DB12-PENNAZ_clean_repeat,219.32236,209.25
DB12-IJENER_clean_repeat,126.02416,108.8125
DB12-XEKCAT01_clean_repeat,220.80403,187.75
DB12-PEQWAK_clean_repeat,152.9742,126.625
DB12-DIMDAG_clean_repeat,105.26383,87.5625
DB12-HIFVOI_clean_repeat,183.45377,178.625
DB12-KAYCIY_clean_repeat,181.62965,167.125
DB12-RUSXAG_clean_repeat,167.06995,158.125
DB12-QUQHAM_clean_repeat,66.83501,46.53125
DB12-AFIXES_clean_repeat,139.02722,115.75
DB12-EGATIQ_clean_repeat,213.07855,180.125
DB12-KOMGUP_clean_repeat,98.80562,87.125
DB12-UVIPOF_clean_repeat,225.37486,209.875
DB12-VIFBOD_clean_repeat,157.37117,144.0
DB12-GEVXIQ_clean_repeat,111.31241,107.5
DB12-YAJXUF_clean_repeat,120.26038,110.8125
DB12-YOZKOP_clean_repeat,79.44076,73.4375
DB12-EWUKAK_clean_repeat,200.24637,181.25
DB12-EMAPAK_clean_repeat,191.63412,158.5
DB12-UMOBEF_clean_repeat,249.72066,229.625
DB12-JOYKUF_clean_repeat,223.09996,214.5
DB12-GEVXAI_clean_repeat,91.52733,37.15625
DB12-QUXRIM_clean_repeat,70.85883,51.625
DB12-ITIPAE_clean_repeat,89.421394,88.25
DB12-QOPHEI_clean_repeat,0.66891056,3.5957031
DB12-MATVIN_clean_repeat,95.3724,53.90625
DB12-YOPMAS_clean_repeat,38.111393,13.5234375
DB12-JIVFUQ_clean_repeat,169.42987,143.375
DB12-FIRNIF_clean_repeat,234.58041,224.0
DB12-XISPEW02_clean_repeat,208.83063,195.5
DB12-UCEXOQ_clean_repeat,151.27495,148.375
DB12-OTUXUX_clean_repeat,126.118904,102.375
DB12-KOKSIO_clean_repeat,175.37494,138.25
DB12-XEDPED_clean_repeat,155.93384,138.375
DB12-LALFUB_clean_repeat,132.21887,114.5
DB12-ANUGOG_clean_repeat,270.66235,223.75
DB12-TURDUH_clean_repeat,162.89279,147.0
DB12-SANHUN_clean_repeat,187.75758,179.25
DB12-HUCWUZ_clean_repeat,177.58113,144.375
DB12-TANMIH_clean_repeat,87.1944,53.625
DB12-HIDMEO_clean_repeat,52.583874,33.34375
DB12-HUQHIM_clean_repeat,230.56831,209.875
DB12-ja302380x_si_003_clean_repeat,192.87839,173.125
DB12-VEMMAC_clean_repeat,217.0764,210.5
DB12-acs.inorgchem.6b00894_ic6b00894_si_002_clean_repeat,143.89246,154.0
DB12-JISVAJ_clean_repeat,221.9255,193.625
DB12-XEDPON_clean_repeat,232.31462,226.5
DB12-ROGSAI_clean_repeat,212.915,177.875
DB12-QETCUO_clean_repeat,170.75829,161.25
DB12-PIDMEV01_clean_repeat,194.58565,174.25
DB12-ic5011133_si_004_clean_repeat,201.51128,184.625
DB12-UMABOB_clean_repeat,179.94106,164.0
DB12-AFOQUI_clean_repeat,74.02068,70.9375
DB12-MIDSUP_clean_repeat,218.21468,221.375
DB12-UMODEH25_clean_repeat,252.63654,245.375
DB12-EZESAF_clean_repeat,98.25677,72.3125
DB12-YEZFIU_clean_repeat,168.24393,149.25
DB12-WEHJEA_clean_repeat,252.56133,234.875
DB12-UNIPAJ_clean_repeat,89.580246,70.1875
DB12-HIHGAI_clean_repeat,200.80345,172.875
DB12-UMODEH18_clean_repeat,256.687,254.125
DB12-JETZAK_clean_repeat,198.2495,190.125
DB12-HOJNIF_clean_repeat,89.28098,67.0
DB12-RAXYOF_clean_repeat,85.51544,69.8125
DB12-WABVOL_clean_repeat,147.99522,127.375
DB12-HAJMEL_clean_repeat,39.88367,32.71875
DB12-IXISOX_clean_repeat,116.28314,114.375
DB12-IPOWOA_clean_repeat,37.954243,4.0742188
DB12-DOJXOQ_clean_repeat,80.19918,73.25
DB12-EDUSIF_clean_repeat,236.93265,216.0
DB12-WULJUJ_clean_repeat,235.4993,208.625
DB12-NATKOL_clean_repeat,244.51152,229.25
DB12-ANOMUM_clean_repeat,236.13448,228.625
DB12-QOWRAV07_clean_repeat,242.99574,219.75
DB12-CAVRAU_clean_repeat,204.49683,185.75
DB12-KEWZET_clean_repeat,158.22026,156.125
DB12-KUCDOD_clean_repeat,159.84924,166.0
DB12-RIYBIM_clean_repeat,214.09665,212.375
DB12-XEHSIN_clean_repeat,92.01603,89.0
DB12-TORJUH_clean_repeat,157.34364,174.375
DB12-KANDAG_clean_repeat,91.756676,87.875
DB12-IXOFEH_clean_repeat,206.60187,194.125
DB12-SOCNAB_clean_repeat,106.38382,108.125
DB12-XAMDUM03_clean_repeat,243.36539,244.5
DB12-ROQFUA01_clean_repeat,106.83676,109.5625
DB12-DOYSIT_clean_repeat,121.74744,119.875
DB12-OTATOT_clean_repeat,148.05142,159.25
DB12-PEVJOQ_clean_repeat,0.0,-1.4101562
DB12-XOHLEM_clean_repeat,185.56192,180.25
DB12-c5nj01930c_c5nj01930c2_clean_repeat,137.6609,133.25
DB12-XAMDUM05_clean_repeat,245.4666,248.125
DB12-PEDMOB_clean_repeat,102.496765,112.5
DB12-ASOVEL_clean_repeat,111.89223,116.4375
DB12-LERNAY_clean_repeat,101.25517,99.4375
DB12-HEDCIE_clean_repeat,168.51459,179.5
DB12-QIFLEY_clean_repeat,153.44696,150.625
DB12-OKAYIK_clean_repeat,56.600582,61.96875
DB12-NEDXOL_clean_repeat,123.08273,123.4375
DB12-KAWBOB_clean_repeat,174.11195,170.0
DB12-EVUPOC_clean_repeat,164.14989,162.75
DB12-XICYAL_clean_repeat,147.21942,150.875
DB12-TASXIW_clean_repeat,217.11795,228.0
DB12-ASALOV_clean_repeat,76.904205,92.0
DB12-FEWWOV_clean_repeat,188.15645,189.75
DB12-ic300665a_si_002_clean_repeat,156.16815,150.375
DB12-LOBHAM_clean_repeat,215.72278,185.625
DB12-UNOJUD_clean_repeat,101.189514,102.9375
DB12-IYUCEM_clean_repeat,171.67476,158.625
DB12-GIHPAQ_clean_repeat,108.05162,112.5625
DB12-HOBGEL_clean_repeat,139.80008,139.5
DB12-ROQFUA_clean_repeat,107.45223,109.25
DB12-BEFKUU_clean_repeat,247.31244,250.75
DB12-LUSHOX04_clean_repeat,143.2893,145.75
DB12-LUCDAO_clean_repeat,225.79741,230.0
DB12-EMOFIX_clean_repeat,86.60182,68.125
DB12-JAKBOP01_clean_repeat,159.37958,161.75
DB12-UCOHUR_clean_repeat,197.61763,208.75
DB12-NEVVAM02_clean_repeat,147.32954,147.875
DB12-ZUDQUM_clean_repeat,160.8886,159.875
DB12-AZILEC_clean_repeat,113.612724,93.625
DB12-FUDHAP_clean_repeat,236.44589,237.0
DB12-EDADIX_clean_repeat,143.42226,154.75
DB12-XAPDAU_clean_repeat,199.42587,195.375
DB12-LIWXIZ_clean_repeat,24.809546,25.609375
DB12-YOYBUL_clean_repeat,217.91339,218.375
DB12-BACGAQ_clean_repeat,108.36014,111.0625
DB12-UMOBEF09_clean_repeat,228.52104,218.125
DB12-LOGBAK_clean_repeat,228.46167,242.375
DB12-NEVJOP_clean_repeat,100.92738,92.625
DB12-ETEJOD_clean_repeat,206.13942,190.75
DB12-FIRNAX_clean_repeat,227.98364,250.75
DB12-NOHFOG_clean_repeat,152.53883,153.875
DB12-HAZGOF06_clean_h_repeat,66.85977,68.0625
DB12-ETEKEU_clean_repeat,205.72757,202.125
DB12-OGAXUR_clean_repeat,144.19595,146.5
DB12-KADLOT_clean_repeat,215.91344,219.375
DB12-IXUWOO_clean_repeat,145.99814,138.75
DB12-VIYZIO01_clean_repeat,86.249146,102.5
DB12-PASNAA_clean_repeat,155.49722,148.25
DB12-NEZBOK_clean_repeat,107.49986,105.25
DB12-WEYQAU04_clean_repeat,192.47849,179.375
DB12-QOVWOP_clean_repeat,69.50782,62.75
DB12-VIWKIX_clean_repeat,158.03433,153.125
DB12-UKAQAZ_clean_repeat,199.11783,211.75
DB12-ELILIV_clean_repeat,138.85606,144.375
DB12-HIYZEV01_clean_repeat,143.7654,161.125
DB12-YAJXIT_clean_repeat,134.02483,133.375
DB12-LEQQEE_clean_repeat,142.89528,114.6875
DB12-COWROX_clean_repeat,155.91545,151.75
DB12-ZEZQIG_clean_repeat,169.51031,168.625
DB12-EKIJAL_clean_repeat,0.032296605,-0.3659668
DB12-MOCJAQ_clean_repeat,3.335711,1.8222656
DB12-LAXGOH01_clean_repeat,12.330261,9.78125
DB12-UMODEH13_clean_repeat,220.85791,209.5
DB12-WOWMEC_clean_repeat,117.29158,133.875
DB12-ZUBCEG_clean_repeat,81.674644,74.3125
DB12-NIKKIC_clean_repeat,136.34114,132.375
DB12-ZIWMEZ_clean_repeat,83.16124,81.6875
DB12-CUKXUC_clean_repeat,139.18102,133.375
DB12-MIXPIU_clean_repeat,55.93654,64.9375
DB12-UMELUU_clean_repeat,0.031881355,-0.41186523
DB12-MAYXUG_clean_repeat,62.228977,69.0
DB12-NADZEZ_clean_repeat,132.57645,124.4375
DB12-LULHUW_clean_repeat,179.64479,198.875
DB12-GEDDAW_clean_repeat,212.9591,217.375
DB12-WEHHOI_clean_repeat,254.67023,272.75
DB12-DOHYIJ01_clean_repeat,79.51119,71.875
DB12-UBACOR_clean_repeat,112.41688,113.4375
DB12-EGUNAX_clean_repeat,101.36911,107.875
DB12-PUZKUS_clean_repeat,137.37968,145.0
DB12-cm202876r_si_002_clean_repeat,115.844315,110.0
DB12-WECJIZ_clean_repeat,106.59553,101.125
DB12-YANBAR_clean_repeat,89.06301,103.5625
DB12-NUYWOU_clean_repeat,73.08578,78.5
DB12-UMAROR_clean_repeat,143.09917,170.375
DB12-VEMMIK_clean_repeat,206.93103,241.0
DB12-WENDIE_clean_repeat,132.43378,117.625
DB12-DOMKEX_clean_repeat,108.34222,111.75
DB12-TUKDAG_clean_repeat,0.47191224,13.5625
DB12-JAVNIE_clean_repeat,218.15439,211.625
DB12-OLUCAZ_clean_repeat,86.247856,88.875
DB12-MAPFIS_clean_repeat,162.82164,169.5
DB12-WOWMAY_clean_repeat,2.4979424,9.9453125
DB12-ZETLER_clean_repeat,151.38275,148.75
DB12-MAHTAR01_clean_repeat,118.775536,119.0625
DB12-BAHGUN01_clean_repeat,109.82094,114.0625
DB12-VEJYOZ_clean_repeat,193.09148,176.0
DB12-YUNJUO_clean_repeat,94.49444,90.5625
DB12-SOHMEI_clean_repeat,210.31935,202.5
DB12-WOTSEF_clean_repeat,214.83804,214.875
DB12-FAMQAO_clean_repeat,247.90205,250.125
DB12-NIMTEJ_clean_repeat,0.00020050205,0.56591797
DB12-BEWVOQ_clean_repeat,179.13934,169.0
DB12-VONCOS_clean_repeat,181.25304,173.0
DB12-EBANAY_clean_repeat,60.649612,66.75
DB12-ETUWOG_clean_repeat,101.90739,107.8125
DB12-CAXWEF_clean_repeat,229.8684,235.25
DB12-GETXAG01_clean_repeat,2.3867536,7.9179688
DB12-TURFET_clean_repeat,169.54535,179.625
DB12-SUTJIC_clean_repeat,43.347195,50.21875
DB12-NIHBIQ02_clean_repeat,87.41172,89.0625
DB12-SARMOO_clean_repeat,106.204666,104.625
DB12-cg501730q_si_002_clean_repeat,223.08614,224.125
DB12-XOVYUD_clean_repeat,72.01227,79.125
DB12-UHAXUW_clean_repeat,97.115944,106.375
DB12-QAVWAN_clean_repeat,136.99295,155.0
DB12-CUMJEB_clean_repeat,67.79766,80.625
DB12-EMOSOP_clean_repeat,56.99068,59.96875
DB12-ic502042h_si_002_clean_repeat,87.28308,73.4375
DB12-FITJAU_clean_repeat,73.6866,81.5625
DB12-UMOBEF07_clean_repeat,230.51028,215.5
DB12-PAMGIV_clean_repeat,144.50543,148.125
DB12-CIFMEL_clean_repeat,220.27954,210.75
DB12-GISWEM_clean_repeat,90.0998,77.25
DB12-KOSKEK_clean_repeat,220.80014,215.5
DB12-AVAKEP_clean_repeat,195.5687,195.5
DB12-QESYOD_clean_repeat,129.49142,120.4375
DB12-LIXXAS_clean_repeat,200.023,202.5
DB12-OYOSAX_clean_repeat,115.9317,135.625
DB12-MUXHUI01_clean_repeat,0.9577778,-4.4804688
DB12-MAXHOK_clean_repeat,0.009575951,1.8886719
DB12-GIRHEW_clean_repeat,119.53243,117.1875
DB12-XEQLEM_clean_repeat,65.630585,87.6875
DB12-AXUHIL_clean_repeat,100.79039,102.9375
DB12-BOLPAU_clean_repeat,217.67474,225.5
DB12-j.inoche.2015.03.054_CIFs_clean_repeat,237.20915,223.5
DB12-MOCKEV_clean_repeat,241.74658,250.125
DB12-LAWGUM_clean_repeat,234.58237,207.125
DB12-ic5008457_si_002_clean_repeat,179.94516,188.875
DB12-ZUXPOZ_clean_repeat,132.92313,139.625
DB12-OTOVAW_clean_repeat,88.43211,91.75
DB12-NARNOM_clean_repeat,36.88495,24.75
DB12-YUNJIB_clean_repeat,118.12118,121.0625
DB12-TIVYAZ01_clean_repeat,224.35367,219.0
DB12-MUXJAQ01_clean_repeat,0.25986645,3.5019531
DB12-KOBPIB_clean_repeat,83.75545,91.25
DB12-XOVYIR_clean_repeat,78.954605,80.375
DB12-VAHVOR_clean_repeat,212.49033,209.0
DB12-SINZIA_clean_repeat,29.282286,44.5
DB12-NARVUA_clean_repeat,54.179745,55.125
DB12-GONTAG_clean_repeat,198.1857,214.625
DB12-CAYDUD_clean_repeat,59.025322,52.40625
DB12-VASKOR_clean_repeat,120.06934,117.5625
DB12-DOQGUM_clean_repeat,131.56967,140.625
DB12-BAZGAM_clean_repeat,130.13152,130.25
DB12-PUNSIB_clean_repeat,121.53407,153.625
DB12-ICEGED_clean_repeat,211.69978,213.5
DB12-QOQWOK01_clean_repeat,195.39542,207.75
DB12-RAVCOI_clean_repeat,79.90081,77.0625
DB12-HIQNIG_clean_repeat,93.3964,105.75
DB12-MOXPUL_clean_repeat,195.39465,200.25
DB12-DEFRIR_clean_repeat,154.45386,158.375
DB12-OZAVES_clean_repeat,145.6295,135.75
DB12-XAFFUH_clean_repeat,206.64333,221.375
DB12-NAGQOD_clean_repeat,113.805466,106.625
DB12-NAWKII_clean_repeat,164.6765,164.125
DB12-IDAGOL_clean_repeat,58.737255,67.0
DB12-LUSJIT_clean_repeat,132.17162,118.625
DB12-KIHTOL01_clean_repeat,3.977324,6.0625
DB12-HOJNOL_clean_repeat,91.64169,73.25
DB12-EZABEN_clean_repeat,147.17926,144.625
DB12-NIMPEG01_clean_repeat,257.11093,249.75
DB12-LUFCAS_clean_repeat,122.82493,98.5
DB12-OWIJOV_clean_repeat,225.99532,208.875
DB12-AVIPAX_clean_repeat,184.85493,195.25
DB12-OWIHIN_clean_repeat,225.71167,207.0
DB12-RORVAX_clean_repeat,271.3452,277.5
DB12-TEVZEA_clean_repeat,93.22858,106.375
DB12-HUJGEA_clean_repeat,243.75279,253.125
DB12-DOJYAD_clean_repeat,81.92638,95.0
DB12-HEMTEZ_clean_repeat,157.30518,158.625
DB12-OVICUS_clean_repeat,86.92012,91.5
DB12-QULLEP_clean_repeat,60.29707,76.375
DB12-NERMON_clean_repeat,73.191284,73.125
DB12-EBEXEQ_clean_repeat,188.71704,194.125
DB12-TETWUM_clean_repeat,41.720463,58.875
DB12-OQEPUW_clean_repeat,114.793816,114.8125
DB12-KOSLUB_clean_repeat,217.00948,215.25
DB12-DEYNIG_clean_repeat,55.948776,50.875
DB12-OSUVOP_clean_repeat,49.86451,51.3125
DB12-XAQTEO01_clean_repeat,112.32921,122.125
DB12-HIHFOV_clean_repeat,115.01331,117.3125
DB12-PUNFIO_clean_repeat,1.397018,6.0976562
DB12-PUGFOO_clean_repeat,141.0058,153.375
DB12-ic400853r_si_002_clean_repeat,108.01446,108.1875
DB12-IBOZIK_clean_repeat,197.7544,196.0
DB12-NISCOJ_clean_repeat,99.15909,91.0
DB12-XISPEW01_clean_repeat,208.25809,171.125
DB12-JUGQIN_clean_repeat,190.53975,177.625
DB12-KEGZOL02_clean_repeat,163.69354,153.0
DB12-AVELOD_clean_repeat,187.59604,176.75
DB12-ja202303b_si_002_clean_repeat,61.555645,60.71875
DB12-HIFWAV_clean_repeat,144.46838,140.375
DB12-VETTOE_clean_repeat,232.42589,230.875
DB12-CAXPIC_clean_repeat,10.37276,8.3515625
DB12-TEVZOK_clean_repeat,93.60735,88.9375
DB12-IRELAU_clean_repeat,211.76295,186.75
DB12-UKUPEX_clean_repeat,154.22502,142.375
DB12-SAHXAD_clean_repeat,236.13553,249.75
DB12-FAGXIX_clean_repeat,145.14651,149.125
DB12-AKUKUO_clean_repeat,119.67285,107.9375
DB12-UWUTIQ_clean_repeat,196.46478,192.25
DB12-COWMAD_clean_repeat,199.15604,182.25
DB12-OVIZUP_clean_repeat,50.706337,49.40625
DB12-YONNAR_clean_repeat,242.97105,248.625
DB12-ARUJED_clean_repeat,75.28298,84.5
DB12-acscombsci.5b00188_5020072_clean_repeat,195.79463,196.5
DB12-UJAQEC_clean_repeat,192.71889,171.75
DB12-RAYLAG_clean_repeat,122.578,115.8125
DB12-ABIYIV_clean_repeat,80.62699,89.6875
DB12-XADDOX_clean_repeat,171.6694,167.375
DB12-UMOVEZ03_clean_repeat,255.2733,257.5
DB12-COXQUB_clean_repeat,86.23957,89.375
DB12-NUYWEK_clean_repeat,61.937885,78.5
DB12-VASFAZ_clean_repeat,140.51418,130.0
DB12-UCEXIK_clean_repeat,152.78651,145.75
DB12-CEHLAD_clean_repeat,245.66716,228.875
DB12-UMOBEF08_clean_repeat,229.28261,232.25
DB12-BOZFIH_clean_repeat,175.76248,188.0
DB12-BUBWOM_clean_repeat,57.216045,65.5625
DB12-SIKYER_clean_repeat,226.50294,200.125
DB12-PEWFII_clean_repeat,119.79503,128.375
DB12-PENNON_clean_repeat,224.9861,219.875
DB12-MUDTAH_clean_repeat,244.21759,245.0
DB12-FIRNOL_clean_repeat,234.82845,249.375
DB12-CAYDIR_clean_repeat,59.53852,71.4375
DB12-SOTWOP_clean_repeat,196.05742,186.25
DB12-c4dt03702b_c4dt03702b2_clean_repeat,226.48497,236.375
DB12-XIGHAX_clean_repeat,172.78375,183.0
DB12-UMODEH01_clean_repeat,255.44034,262.75
DB12-UXUZAP_clean_repeat,122.13631,128.75
DB12-WUYXOF_clean_repeat,209.81606,208.0
DB12-ISIMAZ_clean_repeat,0.0,-0.6748047
DB12-ZUQMAB_clean_repeat,163.59055,151.0
DB12-RENWEM_clean_repeat,9.986144,19.15625
DB12-CODRUJ_clean_repeat,139.13313,132.0
DB12-QIWDOR_clean_repeat,77.00382,72.0
DB12-FOFTUR_clean_repeat,175.94531,173.5
DB12-magnetochemistry3010001_PF362NdCl_clean_repeat,105.69511,106.75
DB12-REJVOS_clean_repeat,90.58778,86.375
DB12-VAZROF_clean_repeat,97.809685,106.1875
DB12-ic102347b_si_001_clean_repeat,215.49034,208.75
DB12-CUGVUX_clean_repeat,66.32527,76.9375
DB12-WEMCOI_clean_repeat,76.17519,77.625
DB12-QOQWOK_clean_repeat,194.39714,188.75
DB12-LABQAI_clean_repeat,51.842194,54.125
DB12-LIKFOB_clean_repeat,135.84163,139.875
DB12-REXFOR_clean_repeat,167.72629,167.0
DB12-SUFJIO_clean_repeat,169.00475,146.875
DB12-RICHIV_clean_repeat,59.26294,69.8125
DB12-YUBGUZ_clean_repeat,154.89966,156.625
DB12-VEQBID_clean_repeat,172.38208,149.375
DB12-PUWCOZ_clean_repeat,135.5313,120.625
DB12-MUQSAU_clean_repeat,144.79727,144.375
DB12-HASMIZ_clean_repeat,218.44809,216.5
DB12-HOWPOZ_clean_repeat,188.0689,180.375
DB12-MEJQID_clean_repeat,145.64949,135.125
DB12-OXITOF_clean_repeat,149.52307,139.5
DB12-AXAWUT_clean_repeat,124.67283,143.875
DB12-KUDWAJ_clean_repeat,197.12404,209.625
DB12-OFEREX_clean_repeat,192.1523,188.625
DB12-OTIPUE_clean_repeat,92.41363,80.875
DB12-TASWOB_clean_repeat,181.06079,178.375
DB12-VUNNEZ_clean_repeat,92.24553,101.875
DB12-SUPLOF_clean_repeat,219.48993,219.875
DB12-PIBPIA_clean_repeat,186.52377,188.5
DB12-KUGQIN_clean_repeat,4.370615,9.6171875
DB12-WISTID_clean_repeat,149.71664,154.625
DB12-TAQGUQ_clean_repeat,68.764114,67.625
DB12-WOGHEG_clean_repeat,128.12752,115.1875
DB12-WIHWAN_clean_repeat,217.17882,227.875
DB12-VAZLEP02_clean_repeat,120.675934,118.3125
DB12-PIJJOI_clean_repeat,120.203415,133.125
DB12-ISISUZ_clean_repeat,99.31117,101.9375
DB12-GOVXIA_clean_repeat,139.7697,143.25
DB12-XEJJIG_clean_repeat,51.6996,57.40625
DB12-ZECKOJ_clean_repeat,237.34068,229.5
DB12-EDAGAT_clean_repeat,90.82333,84.9375
DB12-DUYVEA_clean_repeat,59.883698,87.75
DB12-RUFMUA_clean_repeat,119.855865,126.5625
DB12-MOJNAC_clean_repeat,134.7085,134.0
DB12-UFUNIS_clean_repeat,107.114006,116.0625
DB12-SAKDEQ_clean_repeat,113.77224,96.625
DB12-XEQGAC_clean_repeat,140.7883,152.875
DB12-UWOWAF_clean_repeat,150.07568,155.625
DB12-XUMVEH_clean_repeat,181.33131,169.5
DB12-VOQWUV_clean_repeat,46.928963,39.40625
DB12-MAKXAZ_clean_repeat,114.73654,120.9375
DB12-NATKIF_clean_repeat,227.98203,244.75
DB12-QUPHUF_clean_repeat,92.38473,89.875
DB12-QOVWOO01_clean_repeat,0.0,-2.5
DB12-OFOCUI_clean_repeat,245.46216,254.0
DB12-MAWVAK_clean_repeat,189.18239,183.75
DB12-IXODUV_clean_repeat,204.02989,202.125
DB12-PESTUD_clean_repeat,120.56392,119.625
DB12-OJAKOA_clean_repeat,65.88816,68.0625
DB12-RUYQOT_clean_repeat,183.00496,167.875
DB12-COWRAJ_clean_repeat,135.64218,152.125
DB12-TISWEZ_clean_repeat,57.030865,57.875
DB12-INARUM_clean_repeat,134.59393,123.1875
DB12-QADWIE_clean_repeat,120.03903,125.875
DB12-IZEWAN_clean_repeat,229.90813,213.125
DB12-ja5b02999_si_006_clean_repeat,221.79388,204.0
DB12-LUZBOY_clean_repeat,148.10693,148.125
DB12-NOBVOR_clean_repeat,169.6505,178.75
DB12-KECRAL10_clean_repeat,147.19133,147.125
DB12-HIBGEF_clean_repeat,92.39122,85.0
DB12-FUWYAY_clean_repeat,93.820496,100.0
DB12-GUXZUV_clean_repeat,179.68954,181.625
DB12-POTREX_clean_repeat,250.43784,261.5
DB12-SOJKOT02_clean_repeat,15.869823,6.234375
DB12-LOQSUG_clean_repeat,80.28314,91.125
DB12-RONZID_clean_repeat,160.63869,152.125
DB12-WEFCAN_clean_repeat,190.82407,198.625
DB12-UMODEH08_clean_repeat,242.99059,258.0
DB12-ic049498msi20040906_121120_clean_repeat,120.3091,120.375
DB12-FIRNAX01_clean_repeat,232.3254,234.625
DB12-EPEWAY_clean_repeat,148.43526,153.875
DB12-OSAXAI_clean_repeat,84.49151,78.9375
DB12-UCOJED_clean_repeat,194.61206,207.625
DB12-FUDGES_clean_repeat,240.64673,232.0
DB12-GUJVOX_clean_repeat,92.22842,107.9375
DB12-YAVVUP_clean_repeat,147.76884,138.5
DB12-OKELIB_clean_repeat,0.8052008,20.765625
DB12-LUSJOZ_clean_repeat,131.56375,150.625
DB12-OZAVOC_clean_repeat,154.46361,153.75
DB12-OPAPIF_clean_repeat,78.60046,78.8125
DB12-BEPLUF_clean_repeat,178.28287,172.25
DB12-UDEPIE_clean_repeat,122.289185,126.25
DB12-TISJOW_clean_repeat,31.61091,37.46875
DB12-PEPLIG_clean_repeat,178.10126,179.375
DB12-PIZRUN_clean_repeat,142.52695,141.875
DB12-WOHQAN_clean_repeat,122.91731,116.0
DB12-FEFZOF_clean_repeat,150.16634,134.0
DB12-GUXQAR_clean_repeat,44.59738,52.53125
DB12-YARYOF_clean_repeat,135.07486,134.125
DB12-BAHGUN04_clean_repeat,107.99515,101.25
DB12-DUWFAE_clean_repeat,45.529255,46.15625
DB12-FOJKIA_clean_repeat,180.67343,172.375
DB12-IQOJAB_clean_repeat,178.07968,170.5
DB12-FECXES_clean_repeat,245.98473,226.5
DB12-QAKFIU_clean_repeat,81.20616,80.75
DB12-RUVMAX_clean_repeat,190.9899,185.875
DB12-EQUBUO_clean_repeat,119.20693,113.25
DB12-YAZYEF_clean_repeat,31.356852,39.5
DB12-GEGGIK01_clean_repeat,116.18135,117.875
DB12-KEDJAG02_clean_repeat,200.41914,209.25
DB12-GEDRUE_clean_repeat,219.23543,205.125
DB12-XICNOO_clean_repeat,209.01614,209.875
DB12-LUYHAP_clean_repeat,245.2386,240.625
DB12-AVEQID_clean_repeat,251.48395,266.75
DB12-DOMDAL_clean_repeat,146.86098,145.5
DB12-RUVMUR_clean_repeat,80.76521,76.625
DB12-MIRLUU_clean_repeat,91.86564,100.625
DB12-XAKVIP_clean_repeat,0.0068543255,0.71191406
DB12-ROQMER02_clean_repeat,122.86511,124.25
DB12-IYOCOQ_clean_repeat,167.30948,163.625
DB12-FIFNUE_clean_repeat,206.04167,209.875
DB12-OGOWAJ_clean_repeat,187.31851,182.125
DB12-OGECOU_clean_repeat,123.175934,120.5
DB12-HOFMAS_clean_repeat,54.213398,55.21875
DB12-PUWDOA_clean_repeat,228.7893,228.375
DB12-MURCAD_clean_repeat,203.89603,210.75
DB12-ZOXNEH_clean_repeat,233.00116,231.5
DB12-HELDOT_clean_repeat,237.33377,213.375
DB12-NUVYOT_clean_repeat,116.280174,109.4375
DB12-MULQOA_clean_repeat,184.59702,184.125
DB12-JEXXAM06_clean_repeat,0.0,0.4819336
DB12-ULEPIM_clean_repeat,47.059425,50.65625
DB12-FUXXIH_clean_repeat,184.79651,194.75
DB12-WEWGAH_clean_repeat,51.4901,59.15625
DB12-VULFOZ_clean_repeat,113.65183,113.5625
DB12-KUQWIE_clean_repeat,62.300854,64.8125
DB12-IHILUI_clean_repeat,77.38743,84.5
DB12-XIFHIF_clean_repeat,170.40082,165.625
DB12-UNABUH01_clean_repeat,99.88536,100.25
DB12-MOFBIU_clean_repeat,80.806564,73.0625
DB12-KAPGUE_clean_repeat,1.3740226,3.0644531
DB12-NEVVAM01_clean_repeat,149.4645,147.75
DB12-IKETIB_clean_repeat,227.89388,209.75
DB12-NAXLII_clean_repeat,109.97872,104.9375
DB12-jacs.6b09155_ja6b09155_si_009_clean_repeat,198.44469,191.75
DB12-PUMNIV_clean_repeat,138.11377,143.25
DB12-LEQQAA_clean_repeat,216.55452,204.625
DB12-TURFAP_clean_repeat,155.28009,138.125
DB12-CUGLTM_clean_repeat,0.003312013,5.2421875
DB12-cm501138g_si_009_clean_repeat,244.06642,234.25
DB12-NOCLOH03_clean_repeat,138.33693,125.0625
DB12-HEDCAW_clean_repeat,197.36432,187.625
DB12-SOTTUR_clean_repeat,93.44189,83.375
DB12-IQOJEF_clean_repeat,139.9773,124.75
DB12-NIHBEM02_clean_repeat,87.112686,88.625
DB12-KUTDAG_clean_repeat,178.13213,193.25
DB12-TAJQEC_clean_repeat,86.6993,76.625
DB12-QIVYUR_clean_repeat,99.32727,93.0
DB12-FIPJAR_clean_repeat,144.66591,134.75
DB12-FAPXEC_clean_repeat,216.4552,214.875
DB12-VAGTUU_clean_repeat,172.3286,176.5
DB12-FONQIJ_clean_repeat,134.22908,134.125
DB12-WALBOC02_clean_repeat,124.2868,118.5625
DB12-UQULAU_clean_repeat,185.21288,174.25
DB12-AWAJIT_clean_repeat,87.37091,82.6875
DB12-AQUDOH_clean_repeat,66.49363,70.3125
DB12-MEJMOE_clean_repeat,235.19283,239.5
DB12-GIGWID01_clean_repeat,3.6921842,0.5078125
DB12-MUFHUR_clean_repeat,4.2694283,4.0546875
DB12-CUWNIT_clean_repeat,180.92502,184.25
DB12-HOGSIG_clean_repeat,103.9818,110.6875
DB12-DEFKUU_clean_repeat,159.6101,151.125
DB12-WOBQEL_clean_repeat,166.5322,153.625
DB12-GITVEL_clean_repeat,190.44333,182.25
DB12-ALIXUP_clean_repeat,134.58665,152.625
DB12-TOKDON_clean_repeat,242.4074,228.5
DB12-cm501138g_si_005_clean_repeat,247.22728,259.0
DB12-BEXVEH_clean_repeat,257.91495,254.0
DB12-NUCYIV_clean_repeat,70.36036,71.125
DB12-JORLEJ_clean_repeat,212.01529,211.25
DB12-HUQGOR_clean_repeat,230.71239,224.375
DB12-YUNKAV_clean_repeat,97.16504,115.4375
DB12-RODBAP_clean_repeat,218.5129,209.125
DB12-SUJRIZ_clean_repeat,73.683334,86.9375
DB12-PEPKOL_clean_repeat,107.08957,113.625
DB12-NAWXER_clean_repeat,256.2104,262.25
DB12-LEDPIU_clean_repeat,53.745308,82.1875
DB12-RIBDAJ_clean_repeat,224.81078,224.0
DB12-RAHBUZ_clean_repeat,204.50027,216.75
DB12-YIXYUB_clean_repeat,138.74164,126.5625
DB12-CIGYAU_clean_repeat,36.940525,32.5
DB12-acs.inorgchem.6b00894_ic6b00894_si_003_clean_repeat,67.313286,76.6875
DB12-FURSES_clean_repeat,116.606316,122.875
DB12-AQUDEX_clean_repeat,66.99354,65.1875
DB12-WABWEC_clean_repeat,184.72673,178.25
DB12-AWEJIW_clean_repeat,162.72783,156.25
DB12-MUVJIX_clean_repeat,132.5241,114.0625
DB12-cm503311x_alf375K_clean_repeat,194.01494,188.75
DB12-WAVRAO_clean_repeat,232.14836,233.75
DB12-VINHOR_clean_repeat,158.92154,163.125
DB12-KOSLEL_clean_repeat,218.11719,225.375
DB12-VIZQEC_clean_repeat,131.75209,128.25
DB12-AXUPEO_clean_repeat,127.47722,105.875
DB12-UVEVAT_clean_repeat,225.56273,215.625
DB12-TIVFAG_clean_repeat,0.010844313,3.9882812
DB12-UMEXUF01_clean_repeat,155.23827,162.125
DB12-WEBREC_clean_repeat,115.742874,131.625
DB12-YEGTEK_clean_repeat,91.98633,109.4375
DB12-XUNRUV_clean_repeat,96.10694,106.9375
DB12-TAQGOK_clean_repeat,43.744053,50.375
DB12-XESKAJ_clean_repeat,189.85283,205.875
DB12-FORKUU_clean_repeat,247.70482,243.25
DB12-HADLOQ01_clean_repeat,241.80466,237.875
DB12-SOCKOM_clean_repeat,119.707664,129.5
DB12-LIFQIC_clean_repeat,71.87288,77.1875
DB12-JUSHIQ_clean_repeat,143.5806,138.125
DB12-LIDWIG_clean_repeat,129.74487,130.5
DB12-REXCOO_clean_repeat,168.83646,157.75
DB12-NIYJAI_clean_repeat,113.637344,110.5625
DB12-CUVTUJ_clean_repeat,231.7105,239.875
DB12-XINRAP_clean_repeat,196.71973,195.0
DB12-cg501560z_si_002_clean_repeat,175.26935,166.25
DB12-ncomms11831_ncomms11831-s2_clean_repeat,57.1692,64.4375
DB12-DAHWAM_clean_repeat,45.230003,52.59375
DB12-LAGRIW_clean_repeat,102.48784,98.4375
DB12-JIXWUJ01_clean_repeat,87.2877,88.6875
DB12-UJIZET_clean_repeat,198.05466,199.5
DB12-WUXLEI_clean_repeat,87.50551,84.75
DB12-PUGHIK_clean_repeat,142.89247,145.75
DB12-YAYLER_clean_repeat,99.725,94.9375
DB12-LIDZUV_clean_repeat,62.536892,63.3125
DB12-KINFEU_clean_repeat,195.61884,206.125
DB12-APAYOH_clean_repeat,217.3174,197.75
DB12-BIRMUM_clean_repeat,58.483513,52.03125
DB12-SAJRUT_clean_repeat,229.58282,229.625
DB12-RASXIT_clean_repeat,76.131775,72.0
DB12-CIWSAD_clean_repeat,198.41116,205.125
DB12-BUVYIB01_clean_repeat,236.52483,226.375
DB12-BIQHEQ_clean_repeat,166.13716,159.5
DB12-YEGDAR_clean_repeat,23.110611,31.328125
DB12-XUNSAC_clean_repeat,116.49063,110.9375
DB12-BOCTOE01_clean_repeat,106.587234,101.3125
DB12-PEFRUP01_clean_repeat,165.90605,165.25
DB12-TETZEZ_clean_repeat,220.4376,215.0
DB12-DADNII_clean_repeat,138.15413,145.125
DB12-FIHXUR_clean_repeat,0.38856605,22.28125
DB12-KEDJAG08_clean_repeat,200.24745,196.25
DB12-YOZNAE_clean_repeat,243.87956,254.625
DB12-UFILUR_clean_repeat,100.86166,96.375
DB12-SADLEQ_clean_repeat,190.33574,185.0
DB12-EBEXAM_clean_repeat,189.6995,185.625
DB12-NUDMAC_clean_repeat,148.57153,144.0
DB12-UMUBIP_clean_repeat,258.25375,274.0
DB12-HAZNON_clean_repeat,82.88342,91.75
DB12-NIFTIH_clean_repeat,148.75067,131.75
DB12-ZIJVOF01_clean_repeat,153.61606,158.375
DB12-FUFREE_clean_repeat,70.236374,85.625
DB12-ncomms7350-s2_clean_repeat,126.46694,140.75
DB12-VASGUU_clean_repeat,230.94882,247.625
DB12-OVIZID_clean_repeat,133.29874,117.0
DB12-MUXHIW01_clean_repeat,4.197571,0.953125
DB12-IYOVOI_clean_repeat,152.23842,150.625
DB12-UPOVOL_clean_repeat,170.41568,158.625
DB12-OBAHIL_clean_repeat,176.79549,174.375
DB12-ESIFET_clean_repeat,164.7639,168.25
DB12-MIXBEC_clean_repeat,237.89734,241.875
DB12-SETQIT_clean_repeat,114.83569,121.1875
DB12-VAJQOP_clean_repeat,3.9743855,4.984375
DB12-APAZOI_clean_repeat,206.72446,220.5
DB12-XALCET_clean_repeat,176.10597,171.875
DB12-ULAQEF_clean_repeat,134.59416,132.0
DB12-OWIJEL_clean_repeat,227.3455,222.125
DB12-ZASJAG_clean_repeat,174.06699,166.625
DB12-BAFKUR_clean_repeat,60.650772,44.9375
DB12-LASYOU_clean_repeat,248.1575,250.5
DB12-TAJXIO02_clean_repeat,26.347483,20.671875
DB12-ETEPID_clean_repeat,174.40599,182.25
DB12-CETVAA_clean_repeat,50.610687,43.84375
DB12-JUVWUU_clean_repeat,128.61629,120.3125
DB12-SOPLOA_clean_repeat,222.976,215.5
DB12-cm0623918si20061006_115210_clean_repeat,113.4937,115.6875
DB12-AMIWOJ_clean_repeat,108.124916,125.75
DB12-APEBED_clean_repeat,86.95621,86.375
DB12-ZIJVOF_clean_repeat,141.38893,147.375
DB12-ACAJOF_clean_repeat,129.87256,133.0
DB12-XIHXAP_clean_repeat,104.41357,100.875
DB12-NOKLIJ_clean_repeat,231.76103,247.75
DB12-DAWCAH_clean_repeat,114.11071,119.125
DB12-AFOTOF_clean_repeat,203.35599,207.375
DB12-GOBXAY_clean_repeat,92.31136,90.0
DB12-OTOVIE_clean_repeat,106.06445,106.4375
DB12-JOJMEB_clean_repeat,1.1223532,5.7109375
DB12-REXDOP_clean_repeat,180.85237,195.5
DB12-NERVEL_clean_repeat,69.69938,76.8125
DB12-UVASAM01_clean_repeat,89.10281,81.25
DB12-CDLGLU11_clean_repeat,3.8012345,0.4074707
DB12-BAKGAX_clean_repeat,124.58498,125.3125
DB12-TAKHAR_clean_repeat,147.24657,148.25
DB12-ASIRUR_clean_repeat,4.88487,5.6601562
DB12-PIHNUQ_clean_repeat,74.469574,61.09375
DB12-FIRMUQ_clean_repeat,229.49797,224.625
DB12-LELMIA01_clean_repeat,150.95695,146.125
DB12-MUTDIQ_clean_repeat,179.10484,170.5
DB12-XAHPIH_clean_repeat,209.13618,209.375
DB12-HAJYEZ_clean_repeat,105.34046,91.375
DB12-EDATOT_clean_repeat,173.53586,167.0
DB12-CUMDIY_clean_repeat,78.96933,73.3125
DB12-NIKZAJ_clean_repeat,90.37438,86.75
DB12-HIVQAG_clean_repeat,65.64074,73.875
DB12-IYAYUE_clean_repeat,171.93945,174.75
DB12-PUFXIZ_clean_repeat,100.869156,94.1875
DB12-AVIHOE_clean_repeat,192.48593,193.875
DB12-j.inoche.2015.06.004_1_clean_repeat,98.9644,97.375
DB12-KASRAZ_clean_repeat,221.88379,224.875
DB12-MUPYUS_clean_repeat,0.1790605,-1.6699219
DB12-SABWAU01_clean_repeat,0.0,-4.125
DB12-XISPUM01_clean_repeat,197.66519,171.0
DB12-RUSSAA_clean_repeat,94.98043,79.875
DB12-DAWWIJ_clean_repeat,104.29735,103.0
DB12-KUFVAK_clean_repeat,241.36609,218.375
DB12-RIPKIM01_clean_repeat,114.37175,104.375
DB12-UZANEP_clean_repeat,83.274956,93.1875
DB12-ZIMLAK_clean_repeat,214.56929,206.25
DB12-KOMJED_clean_repeat,32.7575,42.375
DB12-VEDFAN_clean_repeat,183.38873,178.5
DB12-FUSGOR_clean_repeat,136.14436,141.75
DB12-RUSWIN_clean_repeat,164.59262,188.875
DB12-HEBTAL_clean_repeat,101.93073,104.4375
DB12-KANMIX_clean_repeat,197.89815,188.0
DB12-LUSHUD_clean_repeat,123.644226,117.5
DB12-HEKTUO_clean_repeat,128.15247,132.125
DB12-FERHAN_clean_repeat,217.86945,211.25
DB12-NUDNEH_clean_repeat,148.08582,156.125
DB12-MAQBEO_clean_repeat,201.28734,225.125
DB12-NOCLOH01_clean_repeat,133.09926,128.375
DB12-YAVZUT_clean_repeat,231.75754,235.0
DB12-CUGLTM01_clean_repeat,0.0030911032,0.42163086
DB12-DICVAO_clean_repeat,200.59607,201.875
DB12-NOFQIK_clean_repeat,84.56501,85.375
DB12-QUSBIP_clean_repeat,257.60455,250.5
DB12-REXDUV_clean_repeat,170.87573,165.125
DB12-EGAFUP_clean_repeat,137.10606,136.5
DB12-SOKWAS01_clean_repeat,171.79561,177.625
DB12-WEGFUL_clean_repeat,107.46295,109.375
DB12-PORLAL_clean_repeat,169.87215,153.875
DB12-ZAVQUK_clean_repeat,162.17476,150.0
DB12-QERZUI01_clean_repeat,105.90478,112.25
DB12-SOZGIZ_clean_repeat,238.68471,238.375
DB12-XAWVUN_clean_repeat,245.59302,237.875
DB12-KAJZIH_clean_repeat,135.25365,133.125
DB12-VEGBUG_clean_repeat,202.74834,180.5
DB12-YEZKOF_clean_repeat,112.214676,97.9375
DB12-PAMHIW_clean_repeat,210.10786,199.875
DB12-UMEHOL_clean_repeat,164.51407,156.375
DB12-GIKQIC_clean_repeat,85.115036,79.25
DB12-JUSHAI_clean_repeat,142.80667,142.0
DB12-MABKIK01_clean_repeat,91.362816,88.6875
DB12-GEDQOX_clean_repeat,214.45331,212.375
DB12-RUFTET_clean_repeat,135.38002,124.875
DB12-DEZKEA_clean_repeat,18.156792,29.25
DB12-WEYQAU07_clean_repeat,194.16869,198.375
DB12-cm503311x_F-mil-53-Al-lp-ortho_clean_repeat,245.25262,258.75
DB12-UCOJAZ_clean_repeat,200.70123,203.25
DB12-TERFUT_clean_repeat,234.73717,234.375
DB12-MOMRIR_clean_repeat,85.91986,98.1875
DB12-QALNEW_clean_repeat,97.13925,116.1875
DB12-RUBHUS_clean_repeat,69.94516,72.125
DB12-NIMPEG_clean_repeat,233.50398,239.625
DB12-CODSAR_clean_repeat,7.632101,16.0
DB12-BIYSUZ_clean_repeat,169.30782,160.25
DB12-KUFBEU_clean_repeat,73.464455,71.25
DB12-KEDJAG22_clean_repeat,201.55206,197.875
DB12-EBEXEQ01_clean_repeat,187.35428,186.375
DB12-OYEBIE_clean_repeat,105.56845,77.625
DB12-ROQDIM04_clean_repeat,117.396675,115.625
DB12-ACALIB_clean_repeat,67.719315,55.84375
DB12-ERIWAF_clean_repeat,233.93987,238.0
DB12-DAGDUL_clean_repeat,143.5247,122.3125
DB12-ENISOK_clean_repeat,184.18459,175.5
DB12-LAHYOL_clean_repeat,124.49571,111.75
DB12-SICDAL_clean_repeat,0.0,-4.9765625
DB12-CACBUG_clean_repeat,112.9885,111.125
DB12-DUZPUL_clean_repeat,249.37392,206.25
DB12-RIPNOV_clean_repeat,86.349335,76.0625
DB12-ODONIF_clean_repeat,42.494843,46.78125
DB12-IJEXUR_clean_repeat,76.2686,74.8125
DB12-FUTYUQ_clean_repeat,228.33073,233.75
DB12-XEDPIH_clean_repeat,85.249405,84.4375
DB12-FOQPAE_clean_repeat,131.258,115.1875
DB12-KAVNIH_clean_repeat,142.00298,126.625
DB12-FIJDIM09_clean_repeat,144.84558,136.125
DB12-ELIJOZ_clean_repeat,143.04936,145.25
DB12-FIJDIM07_clean_repeat,141.57977,131.25
DB12-ic202769e_si_002_clean_repeat,64.910805,81.8125
DB12-NINHOH_clean_repeat,145.92032,142.25
DB12-GUBKUL_clean_repeat,164.25668,156.25
DB12-EDEPAG_clean_repeat,160.29054,166.5
DB12-UMORIY_clean_repeat,0.009419759,-1.6318359
DB12-UMODEH_clean_repeat,257.95206,245.125
DB12-QATRAG_clean_repeat,85.77588,94.8125
DB12-JIZJAF_clean_repeat,142.01701,130.375
DB12-QIYDEJ_clean_repeat,217.70682,225.75
DB12-MAQZOV_clean_repeat,52.484726,43.75
DB12-ABAYIO_clean_repeat,195.58249,185.25
DB12-GADFAV_clean_repeat,115.83141,123.4375
DB12-DOHNUL_clean_repeat,91.09019,97.25
DB12-XUMVOS_clean_repeat,8.267666,10.390625
DB12-GIRZAK_clean_repeat,51.48657,53.46875
DB12-EWUCOP_clean_repeat,196.4687,179.125
DB12-AVEMAQ_clean_repeat,176.91573,169.625
DB12-TEJBAN_clean_repeat,76.676704,75.8125
DB12-j.ica.2016.05.002_2_clean_repeat,174.59473,185.0
DB12-YICGOI_clean_repeat,79.1778,68.25
DB12-JUSKAL_clean_repeat,69.72486,78.375
DB12-NUWBOX_clean_repeat,132.02374,132.125
DB12-SEHSUU_clean_repeat,219.28406,233.0
DB12-KEDJAG16_clean_repeat,200.7696,182.0
DB12-GEVKID_clean_repeat,66.28601,73.4375
DB12-NIZNAN_clean_repeat,168.75375,180.75
DB12-HUQGUX_clean_repeat,226.8173,249.125
DB12-CAKFEB_clean_repeat,44.876446,38.875
DB12-j.inoche.2015.05.017_inc05998-mmc2_clean_repeat,57.296444,55.75
DB12-EKETOF_clean_repeat,62.288773,54.625
DB12-YABHER_clean_repeat,233.26985,239.875
DB12-ZIDDIB_clean_repeat,87.43499,87.125
DB12-IQIJIC_clean_repeat,82.84113,93.9375
DB12-GUQWOG_clean_repeat,198.6909,209.625
DB12-FEZQEI_clean_repeat,96.608925,96.0
DB12-LUFBUL_clean_repeat,108.78469,108.625
DB12-GADDOH_clean_repeat,178.64749,159.375
DB12-COWMOR_clean_repeat,199.05685,208.0
DB12-SIPVOD_clean_repeat,20.450071,25.34375
DB12-LAGNAK_clean_repeat,196.02573,197.5
DB12-EQETAX_clean_repeat,194.894,210.25
DB12-BEPPAP_clean_repeat,140.93176,163.625
DB12-WIRMOB_clean_repeat,166.18684,163.625
DB12-VAPFOJ_clean_repeat,67.02018,66.0625
DB12-EBAWIQ_clean_repeat,84.20249,69.875
DB12-YUBHAG_clean_repeat,223.82285,227.875
DB12-TUMROK_clean_repeat,152.17607,149.25
DB12-GESDUF_clean_repeat,124.13084,121.5625
DB12-OPENUT_clean_repeat,159.14217,167.0
DB12-EREGOY_clean_repeat,226.77637,219.0
DB12-EPEYAB_clean_repeat,147.66493,149.625
DB12-LUFQUZ02_clean_repeat,154.7752,149.875
DB12-HURGEH_clean_repeat,184.70595,190.125
DB12-COKQAW_clean_repeat,207.82068,205.125
DB12-EQOCIW_clean_repeat,90.21344,93.0625
DB12-ESUMOU01_clean_repeat,0.66121066,1.3261719
DB12-MAQRAA_clean_repeat,161.58626,173.5
DB12-CIWRUW_clean_repeat,197.8639,203.0
DB12-QOCRUW_clean_repeat,183.91913,180.25
DB12-UTODIR_clean_repeat,78.67193,67.5625
DB12-DADPEG_clean_repeat,154.10379,148.375
DB12-cm503311x_F-mil-53-Al-np_clean_repeat,7.567373e-05,-0.74609375
DB12-WEYQAU05_clean_repeat,192.50659,204.375
DB12-USUBUG_clean_repeat,193.51363,186.25
DB12-QOZDOY_clean_repeat,132.22649,118.625
DB12-GUKXIU_clean_repeat,81.67624,75.5625
DB12-XAPCOJ_clean_repeat,217.24704,210.875
DB12-REXFEH_clean_repeat,168.31639,171.0
DB12-HOPHUP_clean_repeat,119.06857,115.1875
DB12-IXAMEA_clean_repeat,148.89876,147.125
DB12-ZAVQIY_clean_repeat,162.08241,159.375
DB12-TISNEQ_clean_repeat,13.7429285,19.125
DB12-VUFBEE_clean_repeat,178.78638,169.125
DB12-XAHPED_clean_repeat,222.47263,247.375
DB12-XALXUF_clean_repeat,239.36365,208.875
DB12-SUFROA_clean_repeat,174.24178,161.75
DB12-CEHWIX_clean_repeat,147.49458,163.75
DB12-IRISAD_clean_repeat,92.41615,109.1875
DB12-GIKMOD_clean_repeat,107.907906,124.375
DB12-YIVZIO_clean_repeat,169.71172,173.5
DB12-ZEKRIS_clean_repeat,148.80539,155.0
DB12-ja302340b_si_002_clean_repeat,179.4445,169.5
DB12-DAKVUI_clean_repeat,243.30756,253.25
DB12-MOYYEF_clean_repeat,194.20279,182.75
DB12-SALLAT_clean_repeat,99.65005,75.5
DB12-KINPUU_clean_repeat,81.642334,76.375
DB12-FAHPOV_clean_repeat,218.50984,255.75
DB12-WEYQAU09_clean_repeat,195.1896,196.25
DB12-VIRVEY_clean_repeat,206.35568,200.25
DB12-QUXROS_clean_repeat,60.643227,53.6875
DB12-FOFCOU_clean_repeat,101.8014,86.6875
DB12-c6cc02494g_c6cc02494g3_clean_repeat,216.38702,213.375
DB12-EKOKIA_clean_repeat,148.63712,149.125
DB12-LONWIW_clean_repeat,214.59738,226.125
DB12-XIGHEB_clean_repeat,172.50165,166.25
DB12-ja205976v_si_006_clean_repeat,226.36525,233.625
DB12-LICSUM_clean_repeat,12.402824,11.4453125
DB12-LASQON_clean_repeat,97.53403,93.625
DB12-PAFMUH_clean_repeat,77.175545,71.3125
DB12-IXAMAW_clean_repeat,145.67358,146.5
DB12-IYIGEC_clean_repeat,0.28132588,-1.2207031
DB12-ILIQEB_clean_repeat,86.514046,83.1875
DB12-YUZRES_clean_repeat,160.48804,151.75
DB12-AMUFIZ_clean_repeat,75.05969,73.5
DB12-KALGEL_clean_repeat,199.2345,177.625
DB12-LURLOB_clean_repeat,238.99408,267.0
DB12-REXDIJ_clean_repeat,180.52403,188.875
DB12-ACOGAB_clean_repeat,152.6873,158.875
DB12-ASINAT_clean_repeat,222.09392,218.25
DB12-DAWBUA_clean_repeat,112.396324,101.1875
DB12-REYPIW_clean_repeat,169.3878,167.25
DB12-EBEWIT_clean_repeat,190.81522,184.0
DB12-YIZGIZ_clean_repeat,227.64438,219.625
DB12-BOCTOE05_clean_repeat,113.194885,116.5625
DB12-LIJNOJ01_clean_repeat,88.56516,76.9375
DB12-LADQIT_clean_repeat,157.26566,143.0
DB12-IQOHUT_clean_repeat,190.85283,194.875
DB12-YOCCIE_clean_repeat,136.61911,121.375
DB12-OKAYEG_clean_repeat,55.45864,63.4375
DB12-CABJOH_clean_repeat,208.68109,205.625
DB12-WARFAZ_clean_repeat,111.37739,116.8125
DB12-OTECAT_clean_repeat,262.84314,244.25
DB12-PUPXII_clean_repeat,96.0854,75.75
DB12-SARMII_clean_repeat,81.78716,79.0
DB12-JASNAT_clean_repeat,140.90408,135.25
DB12-JELPAS_clean_repeat,122.63928,111.6875
DB12-FURFIJ_clean_repeat,85.91594,85.6875
DB12-GIRYUD_clean_repeat,49.859997,48.71875
DB12-EDIKEH_clean_repeat,60.09622,77.625
DB12-JEJKEP_clean_repeat,117.42903,115.4375
DB12-PEVFON_clean_repeat,185.40938,173.875
DB12-MOPQIT_clean_repeat,91.95157,93.0
DB12-KIPJOK_clean_repeat,123.567894,118.75
DB12-WIDZOA_clean_repeat,69.1729,64.1875
DB12-SOZSAD_clean_repeat,235.83405,220.25
DB12-ODERIZ_clean_repeat,115.458176,101.25
DB12-LEQQII_clean_repeat,235.08113,207.0
DB12-MUPYIG_clean_repeat,18.480593,4.7382812
DB12-CUGVUW_clean_repeat,96.235344,90.0625
DB12-CUGLTM02_clean_repeat,0.0019057887,-0.7807617
DB12-OZUMAZ_clean_repeat,218.61244,194.0
DB12-ABEYEN_clean_repeat,101.604614,103.0625
DB12-MEJZEI_clean_repeat,85.601746,89.4375
DB12-ic048812_clean_repeat,65.3477,61.1875
DB12-HOHJAR_clean_repeat,65.03532,71.75
DB12-XEXLET_clean_repeat,175.27094,169.75
DB12-ATAYAX_clean_repeat,250.94421,248.625
DB12-MATPOP_clean_repeat,172.09244,177.625
DB12-WOHZAU01_clean_h_repeat,117.74682,117.625
DB12-DACXUB_clean_repeat,94.030495,97.875
DB12-MALROJ_clean_repeat,228.8564,214.5
DB12-KUCDIW_clean_repeat,174.35947,167.25
DB12-GUFREF_clean_repeat,99.31114,73.6875
DB12-HORCUN_clean_repeat,119.843376,128.375
DB12-LUWMIB_clean_repeat,210.10971,193.25
DB12-IBUBIT_clean_repeat,189.60493,192.875
DB12-EYOCOM_clean_repeat,221.33878,228.5
DB12-BADHOG_clean_repeat,90.56681,87.0
DB12-NIGFOZ_clean_repeat,218.72266,212.25
DB12-ARUYES_clean_repeat,165.73071,158.875
DB12-VUZVER_clean_repeat,138.57396,140.25
DB12-QITDEE_clean_repeat,49.034416,55.71875
DB12-HIZQUD_clean_repeat,144.50252,151.125
DB12-QASTUC_clean_repeat,113.565125,104.75
DB12-DARVAW_clean_repeat,109.17575,113.125
DB12-XOVXAI_clean_repeat,77.538925,84.8125
DB12-DIDBAV_clean_repeat,198.31247,185.125
DB12-DORFOG_clean_repeat,107.90913,101.6875
DB12-GITTUZ_clean_repeat,155.1273,139.5
DB12-REGLOG_clean_repeat,163.6904,159.375
DB12-KUHVOZ01_clean_repeat,119.027374,119.9375
DB12-AMAGAX_clean_repeat,118.967026,97.1875
DB12-EXOZIB_clean_repeat,228.95956,209.375
DB12-ADAVIM_clean_repeat,229.54066,215.125
DB12-DIZQOT_clean_repeat,2.3789923,39.96875
DB12-FAMHAE_clean_repeat,30.482567,38.6875
DB12-FIMYUX_clean_repeat,175.91774,167.5
DB12-AZAWAZ_clean_repeat,55.495174,50.625
DB12-INOVEN_clean_repeat,210.44328,206.25
DB12-c6cc02494g_c6cc02494g6_clean_repeat,207.11385,196.0
DB12-LUBNAZ_clean_repeat,200.52419,199.25
DB12-VAKBIU_clean_repeat,193.52573,177.125
DB12-CODFEH_clean_repeat,85.457054,91.125
DB12-PEMRIK_clean_repeat,155.07175,127.1875
DB12-XALDIY_clean_repeat,130.82683,128.5
DB12-cm501138g_si_002_clean_repeat,244.35196,220.0
DB12-RAHMAP_clean_repeat,127.262596,129.0
DB12-OSAVEK_clean_repeat,151.77896,144.0
DB12-OVIZOJ_clean_repeat,63.220406,70.625
DB12-FEVDER_clean_repeat,45.42708,28.953125
DB12-XEJJOM_clean_repeat,51.8971,46.78125
DB12-ULOGAE_clean_repeat,205.92548,188.25
DB12-BARZIE_clean_repeat,60.40434,49.59375
DB12-FIJDIM01_clean_repeat,136.8291,128.75
DB12-LIHRIE_clean_repeat,155.06892,151.125
DB12-LAGRES_clean_repeat,96.89591,81.5
DB12-LAWGEW_clean_repeat,236.7264,243.625
DB12-REGMOH_clean_repeat,92.762375,80.8125
DB12-EMUBOF_clean_repeat,201.9852,194.0
DB12-WOPHIU_clean_repeat,69.87566,68.5625
DB12-EQOCES01_clean_repeat,103.63879,93.75
DB12-YARYIZ_clean_repeat,138.54788,136.125
DB12-WEYQAU02_clean_repeat,193.49115,199.625
DB12-HIFTOG01_clean_repeat,232.19911,218.375
DB12-KIKDIT_clean_repeat,93.2262,90.4375
DB12-GIHPEU_clean_repeat,111.15146,99.0
DB12-GAWCUF_clean_repeat,167.48262,144.0
DB12-XINHOT_clean_repeat,88.34442,85.25
DB12-ZELQAK_clean_repeat,246.22986,261.75
DB12-XUCLIS_clean_repeat,133.07951,126.625
DB12-NEJRUR_clean_repeat,152.7726,166.125
DB12-SAQQAD_clean_repeat,236.72952,223.625
DB12-QOZGAP_clean_repeat,146.11829,150.75
DB12-WUYXUL_clean_repeat,221.11891,198.5
DB12-LEPLEZ02_clean_repeat,3.1537325,0.8828125
DB12-QULMIU_clean_repeat,162.9257,155.875
DB12-c5ce00862j_c5ce00862j2_clean_repeat,159.96413,143.625
DB12-RUSWOT_clean_repeat,166.87437,158.5
DB12-RAVVIU01_clean_repeat,91.61991,89.3125
DB12-QOKCID_clean_repeat,57.769596,54.84375
DB12-DAWBOU_clean_repeat,104.41084,102.5625
DB12-WAMRIN01_clean_repeat,199.62897,193.0
DB12-ADODII_clean_repeat,109.1697,108.5625
DB12-EVEGIV_clean_repeat,104.900055,103.875
DB12-RORRIB_clean_repeat,151.22585,138.875
DB12-VUNXUY_clean_repeat,108.35287,105.375
DB12-NUDMOQ_clean_repeat,149.50067,140.375
DB12-APAZAU_clean_repeat,222.30263,218.875
DB12-CIZLEE_clean_repeat,1.9532256,-0.8144531
DB12-WUSLED_clean_repeat,212.43996,211.125
DB12-UJECUI_clean_repeat,69.89045,58.4375
DB12-NANNAU_clean_repeat,68.3101,62.8125
DB12-IZUMUM_clean_repeat,120.529854,116.625
DB12-XINZEB_clean_repeat,161.80241,172.625
DB12-DEJJIN_clean_repeat,193.00018,179.125
DB12-KEXKAB_clean_repeat,133.27682,121.0625
DB12-KOJZIT_clean_repeat,227.93619,229.75
DB12-ic401157n_si_003_clean_repeat,237.98175,226.25
DB12-KAHMOW_clean_repeat,59.62549,62.625
DB12-COMDOY_clean_repeat,167.6393,166.125
DB12-ja5063423_si_002_clean_repeat,237.72325,229.875
DB12-KINDIW_clean_repeat,89.838295,86.875
DB12-TEBSAW_clean_repeat,127.4564,125.5
DB12-PEGCEL_clean_repeat,96.93948,95.625
DB12-IJANEN_clean_repeat,132.33966,101.625
DB12-SUJREV_clean_repeat,84.752075,80.4375
DB12-FEFCUQ_clean_repeat,227.27327,239.0
DB12-EVOMOR01_clean_repeat,106.22843,92.0625
DB12-c5ce02194d_c5ce02194d2_clean_repeat,167.55763,152.625
DB12-TIKMEH_clean_repeat,126.93593,129.75
DB12-XALCAP_clean_repeat,176.04028,166.0
DB12-DADLIG_clean_repeat,109.40658,119.25
DB12-NIZZAY_clean_repeat,209.26224,199.625
DB12-ARAGOR_clean_repeat,153.89426,163.0
DB12-WAVQOB_clean_repeat,254.10362,254.625
DB12-UMUBAH_clean_repeat,257.1413,254.125
DB12-MAHTAR_clean_repeat,118.92062,125.5625
DB12-AVAKAL_clean_repeat,173.8899,193.375
DB12-WEVZUT_clean_repeat,100.35338,108.5
DB12-GIWNUV_clean_repeat,133.20203,140.75
DB12-PENZUE_clean_repeat,52.573673,38.625
DB12-PIHWAG_clean_repeat,176.02686,164.375
DB12-XAKZOZ_clean_repeat,185.60905,179.75
DB12-CABQEB_clean_repeat,26.873398,11.2421875
DB12-HEBTEP_clean_repeat,102.98975,109.9375
DB12-TORJER_clean_repeat,146.85454,142.875
DB12-NEJSAY_clean_repeat,162.69014,153.75
DB12-EQEROJ_clean_repeat,114.80959,95.125
DB12-EXEQAA_clean_repeat,210.12032,209.5
DB12-FAVHAO_clean_repeat,87.41238,87.5
DB12-TORKAO_clean_repeat,150.94348,142.625
DB12-RIXBIK_clean_repeat,123.0863,116.0
DB12-WUDTIA_clean_repeat,111.46665,105.625
DB12-EBAVIP_clean_repeat,125.18126,123.4375
DB12-AWASAU_clean_repeat,105.91212,90.3125
DB12-WOBHEB_clean_repeat,236.13046,231.25
DB12-FAQGIP_clean_repeat,136.4355,140.625
DB12-IPIJUM_clean_repeat,143.77536,138.25
DB12-WEYQAU10_clean_repeat,188.47473,189.25
DB12-CEHWOD_clean_repeat,1.6446639,4.9257812
DB12-XAPCOJ05_clean_repeat,217.29094,224.125
DB12-cm501138g_si_012_clean_repeat,244.15388,247.0
DB12-MOBBOU_clean_repeat,9.776176,-1.4765625
DB12-XEXMAQ_clean_repeat,173.4737,148.625
DB12-YUMFES_clean_repeat,70.14598,58.125
DB12-ZINDAD_clean_repeat,244.95251,250.125
DB12-MUDTEL_clean_repeat,239.38074,234.0
DB12-FOHSAW01_clean_repeat,88.26908,93.4375
DB12-XIMPOA01_clean_repeat,35.27589,39.875
DB12-ZAVPUJ_clean_repeat,162.37494,153.25
DB12-LERNAY01_clean_repeat,101.31526,95.9375
DB12-QQQGTA02_clean_repeat,64.45489,53.75
DB12-jz4002345_si_006_clean_repeat,204.41824,195.75
DB12-JASNEX_clean_repeat,0.15132827,5.5507812
DB12-YICREI_clean_repeat,167.1625,149.875
DB12-FOHCIP_clean_repeat,142.68399,133.25
DB12-OHAZAZ_clean_repeat,175.51279,188.5
DB12-NACYAU_clean_repeat,247.86469,249.875
DB12-GACPUX_clean_repeat,188.47243,182.625
DB12-SARGID_clean_repeat,229.81737,229.375
DB12-EPONEE_clean_repeat,130.69923,138.75
DB12-ALUKIC_clean_repeat,246.82402,253.625
DB12-RURPAW_clean_repeat,169.38834,159.5
DB12-LAYGAV_clean_repeat,166.55711,174.0
DB12-WECSAZ_clean_repeat,89.61901,88.25
DB12-YOMHAK_clean_repeat,0.16934493,-4.4023438
DB12-IXECET_clean_repeat,221.02911,213.625
DB12-ZARTAP03_clean_repeat,132.0944,132.5
DB12-XUFPIZ_clean_repeat,33.431824,35.21875
DB12-GAMTIY_clean_repeat,125.67141,111.0
DB12-VOTMAS_clean_repeat,81.25561,70.0625
DB12-OKIPOO_clean_repeat,71.78897,53.8125
DB12-ja500618z_si_008_clean_repeat,149.42088,158.5
DB12-XUMTUV_clean_repeat,185.06546,178.125
DB12-GONNAA_clean_repeat,212.51459,205.0
DB12-CAXVII_clean_repeat,225.49875,239.75
DB12-HIDBON_clean_repeat,54.316265,54.53125
DB12-QINSUD_clean_repeat,135.6218,128.875
DB12-IYOTAT_clean_repeat,232.32335,220.75
DB12-BONWIL_clean_repeat,31.347004,38.375
DB12-LASWIN_clean_repeat,138.83061,133.0
DB12-IXOFOR_clean_repeat,181.22545,180.5
DB12-DUFXOT_clean_repeat,69.77968,67.5
DB12-UMODEH09_clean_repeat,231.29692,217.5
DB12-NIMVEL_clean_repeat,0.00014944053,3.1914062
DB12-ZISFEO01_clean_repeat,123.16299,130.125
DB12-ICAQOU_clean_repeat,247.37561,235.5
DB12-UKAQIH_clean_repeat,200.26233,188.375
DB12-AZAVUU_clean_repeat,124.00189,122.25
DB12-PUDSOX_clean_repeat,204.51764,185.625
DB12-LORROB_clean_repeat,108.97815,120.0625
DB12-DOQHIB_clean_repeat,132.41214,115.25
DB12-UVIPIZ_clean_repeat,225.60147,226.625
DB12-RAVVIU_clean_repeat,91.7842,87.25
DB12-ROGLOP_clean_repeat,104.79678,99.0625
DB12-IHIMAP_clean_repeat,77.39975,86.0
DB12-KABXIW_clean_repeat,179.61366,170.5
DB12-DIBWUH_clean_repeat,91.103714,97.625
DB12-XAPDEY_clean_repeat,200.61781,191.0
DB12-XOCGUR_clean_repeat,44.268387,54.90625
DB12-LUVTAY_clean_repeat,146.37726,138.125
DB12-WAXHUB_clean_repeat,202.58041,221.25
DB12-SOHNIN_clean_repeat,206.02376,182.75
DB12-IHIWIF_clean_repeat,82.72505,78.75
DB12-NOHHID_clean_repeat,31.85824,28.84375
DB12-SEYFEI_clean_repeat,117.887726,121.75
DB12-EXUHEM_clean_repeat,103.65059,105.8125
DB12-GURPIT_clean_repeat,177.1144,174.125
DB12-CAYDEN_clean_repeat,59.373344,61.0625
DB12-ALURAB_clean_repeat,158.27115,155.875
DB12-BAZFUF_clean_repeat,229.59555,246.75
DB12-DUKYOZ_clean_repeat,3.828386,9.7890625
DB12-ja074366osi20070816_031204_clean_repeat,242.67094,261.5
DB12-VOZVAJ01_clean_repeat,162.30588,155.875
DB12-WEDQED_clean_repeat,120.518974,111.625
DB12-SUKYIH_clean_repeat,239.06065,241.25
DB12-LULXEW_clean_repeat,73.93235,62.09375
DB12-RASKON_clean_repeat,133.50883,123.5
DB12-FEYJOJ_clean_repeat,240.99556,213.75
DB12-jacs.6b01663_ja6b01663_si_003_clean_repeat,173.52821,201.75
DB12-TUMRIE_clean_repeat,148.80455,143.875
DB12-EVUQOC_clean_repeat,123.86758,125.5625
DB12-IWOKUC_clean_repeat,125.416336,120.9375
DB12-JUTCIM_clean_repeat,209.51794,206.125
DB12-MUXHUI02_clean_repeat,1.0204556,3.0722656
DB12-KADLUZ_clean_repeat,207.66196,191.5
DB12-OGUPIQ_clean_repeat,118.16417,109.0625
DB12-VURYIR_clean_repeat,97.29396,72.8125
DB12-NIGFIT_clean_repeat,218.94473,192.25
DB12-JODFOZ_clean_repeat,79.93249,67.0
DB12-TERNUA_clean_repeat,188.13054,175.25
DB12-SEHZUB_clean_repeat,141.48518,138.875
DB12-ARUCUN_clean_repeat,84.5279,113.9375
DB12-LAZLEF_clean_repeat,89.49038,88.75
DB12-GOXGAD_clean_repeat,111.42024,113.375
DB12-MIVPEN_clean_repeat,0.022349048,3.7832031
DB12-KEDJAG04_clean_repeat,199.04366,190.375
DB12-KEJHIQ_clean_h_repeat,157.93562,153.0
DB12-PEVQOY_clean_h_repeat,243.81259,223.125
DB12-YUMYUC_clean_repeat,173.46521,166.625
DB12-AJINOY_clean_repeat,27.156824,50.34375
DB12-LAWGIA_clean_repeat,235.97205,243.75
DB12-acs.cgd.5b01686_WAHFUJ1434675_clean_repeat,131.12343,127.25
DB12-ODOMIF_clean_repeat,201.17578,201.5
DB12-ALUKOI_clean_repeat,246.93925,230.375
DB12-VEDFOB_clean_repeat,169.48889,168.5
DB12-MUXJAQ02_clean_repeat,0.44296503,1.1660156
DB12-AHOKOX_clean_repeat,178.96864,164.125
DB12-PORVUO_clean_repeat,174.80925,142.625
DB12-FOJVUX_clean_repeat,69.0879,75.25
DB12-KALFOU_clean_repeat,205.3005,201.5
DB12-TEMPAE_clean_repeat,197.07448,174.375
DB12-VIXPUP01_clean_repeat,248.16043,249.25
DB12-HABKOM_clean_repeat,141.12263,136.125
DB12-OPOZEZ_clean_repeat,148.90968,138.0
DB12-WALCET_clean_repeat,142.31981,127.5625
DB12-KAXQIL_clean_repeat,61.910007,59.3125
DB12-EKIGOW_clean_repeat,89.56163,85.875
DB12-IZIKOT02_clean_repeat,157.45047,150.875
DB12-EMAMUC_clean_repeat,93.275,102.5625
DB12-c6ce00407e_c6ce00407e2_clean_repeat,225.75389,221.375
DB12-PEGQUP_clean_repeat,76.966286,85.25
DB12-MANDUD_clean_repeat,211.7257,191.75
DB12-ZALMIL_clean_repeat,76.53073,72.9375
DB12-ELAZEX_clean_repeat,40.24644,39.15625
DB12-DIBPAH_clean_repeat,170.05504,166.125
DB12-UFUNAK_clean_repeat,111.971306,99.375
DB12-MUTVUT_clean_repeat,53.093464,47.90625
DB12-REZJIR03_clean_repeat,144.59319,146.375
DB12-KEDJAG24_clean_repeat,201.18782,189.625
DB12-FIQYOU_clean_repeat,88.14581,83.5
DB12-ZISFEO_clean_repeat,115.03891,131.875
DB12-ADASIJ_clean_repeat,248.40952,234.5
DB12-WABVIF02_clean_repeat,145.07898,138.625
DB12-TORKES_clean_repeat,155.79398,146.5
DB12-QUFTAM_clean_repeat,97.05067,92.0
DB12-ECUCOV_clean_repeat,52.114227,66.1875
DB12-VIPXUO_clean_repeat,74.16494,87.8125
DB12-ZAVRAR_clean_repeat,161.75885,169.75
DB12-KIGCEK_clean_repeat,176.88107,173.25
DB12-WEBQIF_clean_repeat,126.255585,118.5625
DB12-PARHAS_clean_repeat,195.59085,202.0
DB12-VUQKAU_clean_repeat,181.36769,160.5
DB12-PUMZAZ_clean_repeat,35.938366,44.5
DB12-EXOTOB_clean_repeat,208.19554,192.125
DB12-AQUDIB_clean_repeat,228.95233,224.75
DB12-QUDGED_clean_repeat,236.35686,213.375
DB12-BETHIT_clean_repeat,233.3248,230.25
DB12-IYODAD_clean_repeat,176.94595,171.125
DB12-NIKDEQ_clean_repeat,10.66643,11.3125
DB12-VOFFED_clean_repeat,89.34141,97.9375
DB12-WECBOX_clean_repeat,132.03119,122.0625
DB12-NAYZOE_clean_repeat,245.35553,221.375
DB12-OJIWIO_clean_repeat,102.131,103.625
DB12-NAQQON_clean_repeat,214.86916,210.75
DB12-DUXMAL_clean_repeat,158.81512,162.0
DB12-UMODEH03_clean_repeat,254.52336,257.25
DB12-XEQRAO_clean_repeat,113.66029,112.1875
DB12-NORBUT_clean_repeat,39.17565,40.6875
DB12-SUVZOA_clean_repeat,101.040016,84.375
DB12-OZAVUI_clean_repeat,144.90402,148.5
DB12-LIDZOP_clean_repeat,74.772354,67.75
DB12-SUHHOT_clean_repeat,1.0371209,8.4375
DB12-ic501801f_si_002_clean_repeat,186.00624,181.0
DB12-YOPNUO_clean_repeat,100.86082,113.8125
DB12-CSMNOX_clean_repeat,0.026568025,1.1591797
DB12-KINDOC_clean_repeat,206.85757,201.375
DB12-MODJOG_clean_repeat,225.69693,220.0
DB12-BUSGIG_clean_repeat,75.17056,68.5
DB12-CODSOF_clean_repeat,51.970306,53.1875
DB12-WOCWAN_clean_repeat,100.821724,103.25
DB12-KEDJAG12_clean_repeat,200.69685,189.0
DB12-OWUHOF_clean_repeat,116.3497,110.125
DB12-FIFPAM_clean_repeat,197.33456,204.375
DB12-RESSAK_clean_repeat,159.91174,138.25
DB12-GARTIF_clean_repeat,151.2126,141.75
DB12-QOMDUS_clean_repeat,140.03809,148.625
DB12-NIKYUC_clean_repeat,87.33487,79.75
DB12-LATPIG_clean_repeat,142.23506,138.75
DB12-GOYXUP_clean_repeat,82.076126,69.4375
DB12-BOCTEU01_clean_repeat,103.9709,107.4375
DB12-WUDJAI_clean_repeat,39.835884,54.5625
DB12-DICVES_clean_repeat,198.99173,173.875
DB12-OPURIB01_clean_repeat,35.483543,34.03125
DB12-FORQAF_clean_repeat,202.48409,185.375
DB12-UMELAB_clean_repeat,145.67867,153.625
DB12-COQNIF_clean_repeat,238.90332,221.625
DB12-CEGWER_clean_repeat,101.40914,92.9375
DB12-IJODES_clean_repeat,89.52365,88.375
DB12-XADDUD_clean_repeat,198.59268,190.125
DB12-CECVOW_clean_repeat,75.605415,75.4375
DB12-OQIZUL_clean_repeat,243.76025,251.875
DB12-BOFCEG_clean_repeat,139.61781,131.5
DB12-UMOVOJ_clean_repeat,250.96048,223.875
DB12-VATYAR_clean_repeat,149.8873,149.5
DB12-WEMCIC_clean_repeat,75.91864,77.9375
DB12-MAFZOK_clean_repeat,81.10456,80.5
DB12-BEXSII_clean_repeat,222.0404,222.375
DB12-HUCXIO_clean_repeat,178.45477,165.125
DB12-FOKYIP_clean_repeat,200.41594,205.5
DB12-AXUHAD_clean_repeat,177.8128,169.125
DB12-ZEDRAD_clean_repeat,90.67423,109.9375
DB12-KUFVEO_clean_repeat,155.43643,154.75
DB12-RIPKIM_clean_repeat,113.499405,112.5625
DB12-SIVVAW_clean_repeat,91.921684,88.8125
DB12-TOXNIF_clean_repeat,239.69191,226.625
DB12-UMODEH23_clean_repeat,256.84494,236.75
DB12-QITDOO_clean_repeat,83.68867,76.1875
DB12-WAHNIF_clean_repeat,263.1128,273.0
DB12-ELOXIN_clean_repeat,26.878006,31.875
DB12-FOKYEL_clean_repeat,172.7116,166.875
DB12-RAVXAP_clean_repeat,150.07777,149.375
DB12-KIFWUT_clean_repeat,36.232243,49.8125
DB12-SERJUV_clean_repeat,159.08047,161.625
DB12-NAJTEA_clean_repeat,205.64876,194.375
DB12-NIGBOW_clean_repeat,244.84108,243.875
DB12-KAVTEI_clean_repeat,166.2411,154.625
DB12-SUNJIV_clean_repeat,195.11163,212.375
DB12-ADEGIA_clean_repeat,92.28078,102.8125
DB12-AJAMEF_clean_repeat,84.45172,66.625
DB12-HAMJOW_clean_repeat,225.16185,223.75
DB12-ALATAK_clean_repeat,25.178108,21.28125
DB12-MITGUR_clean_repeat,98.23709,97.0
DB12-WOVDES_clean_repeat,86.45667,90.375
DB12-RAJFAL_clean_repeat,85.137535,92.5625
DB12-KIVFAY_clean_repeat,129.86024,145.5
DB12-ROLCEC15_clean_repeat,0.0,3.8671875
DB12-PUGJEI_clean_repeat,139.59117,155.875
DB12-LEWTUD_clean_repeat,104.37219,92.3125
DB12-NAWHOL_clean_repeat,104.60296,102.1875
DB12-SATRIP_clean_repeat,150.81116,159.125
DB12-WODFOL_clean_repeat,113.43959,109.3125
DB12-WODQUD_clean_repeat,2.6337316,-1.1796875
DB12-ZOXGOK_clean_repeat,125.643005,147.0
DB12-XITYOP_clean_repeat,239.13094,260.25
DB12-CITXUZ_clean_repeat,101.12702,112.4375
DB12-ICIZOL_clean_repeat,145.51997,141.625
DB12-TUMREA_clean_repeat,145.57416,136.5
DB12-WEFDAO_clean_repeat,20.981588,17.5625
DB12-ESANET_clean_repeat,135.85841,145.375
DB12-UQOGAK_clean_repeat,183.06758,173.25
DB12-MIHLEV_clean_repeat,89.575554,100.125
DB12-TEWGEJ01_clean_repeat,76.50477,80.25
DB12-TURDOB_clean_repeat,163.3903,150.75
DB12-ROQVIE_clean_repeat,218.99315,215.75
DB12-NOQKUB_clean_repeat,188.17612,197.0
DB12-XIHSAJ01_clean_repeat,169.22768,177.125
DB12-KAYBUJ_clean_repeat,165.9041,170.25
DB12-WOPSOL_clean_repeat,223.86443,235.625
DB12-QEKLID_clean_repeat,144.89452,163.875
DB12-OLANEW_clean_repeat,145.17545,163.5
DB12-QOWRAV03_clean_repeat,242.57513,213.25
DB12-VEMDAT_clean_repeat,112.931755,131.625
DB12-PEVZAT_clean_repeat,96.83711,103.0625
DB12-YUHHIU_clean_repeat,205.09563,221.125
DB12-MEJZOS_clean_repeat,78.94066,94.8125
DB12-AZEWEH_clean_repeat,86.01374,118.875
DB12-WIDZUG_clean_repeat,128.52103,92.9375
DB12-QUSRON_clean_repeat,85.35202,102.1875
DB12-TUPDOZ_clean_repeat,109.1394,107.4375
DB12-KECRAL_clean_repeat,146.73276,142.5
DB12-PEGBUA_clean_repeat,77.77159,95.75
DB12-HOFSUS_clean_repeat,148.33907,160.25
DB12-BEPPIX_clean_repeat,162.16966,179.875
DB12-JOGSAA_clean_repeat,244.3178,252.25
DB12-YASLUA_clean_repeat,143.39479,146.5
DB12-TATSIS01_clean_repeat,58.40019,65.9375
DB12-HAHCUR_clean_repeat,178.93181,171.875
DB12-SISQIW_clean_repeat,140.30273,146.375
DB12-OCAWAT_clean_repeat,127.5542,130.75
DB12-YUTDUO_clean_repeat,193.09444,218.125
DB12-TEMPEI_clean_repeat,217.93011,232.0
DB12-KEDJAG20_clean_repeat,200.95303,208.0
DB12-SAQQIL_clean_repeat,237.83467,235.375
DB12-WOHDON_clean_repeat,232.12193,234.25
DB12-DONKIC_clean_repeat,179.8687,185.75
DB12-GUBVUU_clean_repeat,195.06784,204.25
DB12-UZAROE_clean_repeat,163.02892,179.75
DB12-DITJIB_clean_repeat,226.48616,230.375
DB12-TUMRAW_clean_repeat,144.47722,127.1875
DB12-ESASEY_clean_repeat,78.60306,81.75
DB12-RUFMUA01_clean_repeat,131.57971,135.875
DB12-BAEDTA01_clean_repeat,63.500813,86.1875
DB12-ARAHIM02_clean_repeat,9.126954,9.4609375
DB12-NUCYAN_clean_repeat,70.60455,69.25
DB12-EBISEQ_clean_repeat,62.68746,72.8125
DB12-RUWWUC_clean_repeat,139.3966,130.5
DB12-ZOZCIC_clean_repeat,94.47108,108.875
DB12-YUKWUY_clean_repeat,66.552376,67.5
DB12-UXABUR_clean_repeat,34.672455,33.6875
DB12-HUCWOT_clean_repeat,175.21681,180.5
DB12-OWIHOT_clean_repeat,225.17554,223.75
DB12-KIXXOG01_clean_repeat,136.97974,126.25
DB12-PARFOF_clean_h_repeat,0.0,0.085876465
DB12-IKUMAE_clean_repeat,94.01851,108.1875
DB12-ncomms11831_ncomms11831-s3_clean_repeat,69.72824,62.78125
DB12-LAVSUY_clean_repeat,195.04321,193.0
DB12-KONYOB_clean_repeat,72.90233,91.125
DB12-ic800131r-file003_clean_repeat,245.4563,269.0
DB12-UMODEH16_clean_repeat,248.40767,265.25
DB12-VEJZEQ_clean_repeat,84.65393,83.625
DB12-ZOMNEW_clean_repeat,183.7695,177.375
DB12-UMODEH21_clean_repeat,253.24434,250.625
DB12-HUFYIS_clean_repeat,114.010605,128.375
DB12-RUFZID_clean_repeat,217.16943,210.625
DB12-XIPTIA_clean_repeat,0.12598743,-1.4589844
DB12-XAMDUM02_clean_repeat,244.9632,223.5
DB12-YUKKAR_clean_repeat,178.8692,190.0
DB12-FAMHAE01_clean_repeat,27.083212,28.140625
DB12-ABEYIR_clean_repeat,102.55773,112.1875
DB12-HOZDIL_clean_repeat,48.40274,52.65625
DB12-MABKIK_clean_repeat,73.66883,77.125
DB12-HOJLID_clean_repeat,267.2529,261.0
DB12-XOKHAH_clean_repeat,54.538902,66.625
DB12-GOJDOZ_clean_repeat,143.34094,150.0
DB12-PEQRUZ_clean_repeat,125.542755,150.875
DB12-SUSZIQ_clean_repeat,87.97523,100.9375
DB12-VIXGAM_clean_repeat,56.39326,65.6875
DB12-POSFIO_clean_repeat,114.062294,133.125
DB12-QITMOW_clean_repeat,9.014149,37.09375
DB12-YUZRAO_clean_repeat,160.63608,148.625
DB12-TECVEE_clean_repeat,128.8045,135.5
DB12-RAVVUH_clean_repeat,238.99248,253.625
DB12-acs.inorgchem.6b01569_ic6b01569_si_002_clean_repeat,103.11656,93.6875
DB12-FASJAL_clean_repeat,0.13558891,6.6171875
DB12-KAFYAT_clean_repeat,116.18239,125.75
DB12-ECAHEX_clean_repeat,113.44922,111.375
DB12-XAKYUE_clean_repeat,176.39828,163.625
DB12-ILOSOS_clean_repeat,181.23944,163.125
DB12-NIKZEN_clean_repeat,87.96147,95.375
DB12-DEPTOH_clean_repeat,212.21222,229.75
DB12-UKAJOH_clean_repeat,70.42835,74.5
DB12-YARYUL_clean_repeat,143.91144,143.125
DB12-RUPTED_clean_repeat,52.181053,55.34375
DB12-VEJYIT_clean_repeat,175.61629,177.375
DB12-HOJLUP_clean_repeat,173.96988,192.75
DB12-EXAXAE_clean_repeat,172.3843,180.875
DB12-ABEXIQ_clean_repeat,105.15518,111.375
DB12-JOGHIY_clean_repeat,206.36583,215.75
DB12-MEXJAC_clean_repeat,192.8942,182.25
DB12-VERZOJ_clean_repeat,0.011277525,1.5859375
DB12-SAKDAM_clean_repeat,112.8022,111.125
DB12-KAXFUM_clean_repeat,106.522446,111.5625
DB12-RUHFIL_clean_repeat,174.26967,169.25
DB12-TUMQOJ_clean_repeat,144.25458,140.875
DB12-ALUJIB_clean_repeat,158.98712,165.875
DB12-RUWWOW_clean_repeat,139.73758,148.125
DB12-MUHPAI_clean_repeat,61.674866,69.0625
DB12-SOHMIM_clean_repeat,203.64108,195.5
DB12-SANJAV_clean_repeat,190.66634,184.125
DB12-NAHFIO_clean_repeat,135.80536,138.25
DB12-ONIXOZ_clean_repeat,218.63423,217.5
DB12-LAKFIN_clean_repeat,203.29884,221.75
DB12-IBUBAL_clean_repeat,175.28484,183.625
DB12-FEVDIV_clean_repeat,45.569073,41.75
DB12-OTIQAL_clean_repeat,136.2584,138.0
DB12-WEYQAU03_clean_repeat,194.8406,205.375
DB12-YARDIG_clean_repeat,164.46457,168.625
DB12-ZOHFUZ_clean_repeat,242.86761,246.125
DB12-FIGQUJ_clean_repeat,60.94299,71.5
DB12-MABJUV_clean_repeat,63.36026,66.6875
DB12-OFUCEZ_clean_repeat,161.51294,161.375
DB12-CUVXAT_clean_repeat,169.68454,175.0
DB12-OYIVIC_clean_repeat,153.06339,152.0
DB12-TAJXIO01_clean_repeat,30.408186,34.125
DB12-ZOZKAC_clean_repeat,130.72386,129.0
DB12-HOGJIX_clean_repeat,254.87517,259.0
DB12-cg501141m_si_002_clean_repeat,182.8322,162.0
DB12-LOMMOR_clean_repeat,16.850534,34.40625
DB12-MAGNEQ01_clean_repeat,184.09914,176.25
DB12-IJEVEA_clean_repeat,111.58116,134.0
DB12-MUFJAZ_clean_repeat,28.195244,11.9296875
DB12-WOPHIU01_clean_repeat,102.188614,92.875
DB12-SACDOR_clean_repeat,201.79593,194.5
DB12-BADHUM_clean_repeat,89.43699,99.5
DB12-MAPCUE_clean_repeat,167.64532,159.125
DB12-VAYFUY_clean_repeat,73.04353,91.75
DB12-LELMIA_clean_repeat,150.63612,144.25
DB12-ADASOP_clean_repeat,259.2506,269.5
DB12-ANUGEW_clean_repeat,238.05817,243.0
DB12-DALSER_clean_repeat,70.01693,87.0
DB12-SIHLUQ_clean_repeat,236.64705,255.375
DB12-XUWSUD_clean_repeat,148.52536,149.5
DB12-UKUCAF_clean_repeat,147.88602,147.375
DB12-AXOHIE_clean_repeat,77.21163,81.3125
DB12-ZAQWEW_clean_repeat,140.65912,146.75
DB12-OKILEA_clean_repeat,128.31827,132.125
DB12-SIVGIP_clean_repeat,155.71141,157.125
DB12-KILJEV_clean_repeat,45.81942,57.9375
DB12-WEXNIW_clean_repeat,12.638061,27.25
DB12-ECODEG_clean_repeat,162.1923,159.75
DB12-ATUYAR_clean_repeat,121.84099,130.5
DB12-PEGPUO_clean_repeat,65.695595,82.25
DB12-UMODEH04_clean_repeat,256.67047,262.5
DB12-SIZNIA_clean_repeat,21.074259,18.25
DB12-CAKYIY_clean_repeat,117.53041,101.6875
DB12-IJANAJ_clean_repeat,90.13331,98.5
DB12-WODRAK_clean_repeat,14.568962,10.2578125
DB12-TOHQEO_clean_repeat,178.16484,180.625
DB12-LOGBEO_clean_repeat,226.25829,217.875
DB12-UMODEH10_clean_repeat,225.45213,237.25
DB12-ROQFUA04_clean_repeat,104.64805,99.1875
DB12-IBICIH_clean_repeat,154.94533,153.0
DB12-EVUNAL_clean_repeat,76.269295,82.0
DB12-IDIXAU_clean_repeat,221.87453,225.125
DB12-IXISAJ_clean_repeat,130.66693,121.8125
DB12-DUQCAU01_clean_repeat,89.60514,86.1875
DB12-WEHHUO_clean_repeat,257.22424,239.5
DB12-GIRDUI_clean_repeat,84.61916,94.25
DB12-KIPKEB_clean_repeat,77.97847,72.25
DB12-XOLYUS_clean_repeat,0.12155544,9.8125
DB12-HOGJOD_clean_repeat,125.81895,122.8125
DB12-AHUTIH01_clean_repeat,80.18481,74.625
DB12-LOMMIL_clean_repeat,16.867085,22.671875
DB12-GAFBEX_clean_repeat,27.47491,19.59375
DB12-VUQJUN_clean_repeat,218.91966,222.875
DB12-AWAKEQ_clean_repeat,74.15152,106.875
DB12-cm503311x_OH-mil-53-Al-lp-ortho_clean_repeat,234.02335,222.875
DB12-NUBPIL_clean_repeat,243.34085,223.5
DB12-RACZEC_clean_repeat,90.89103,92.3125
DB12-IXEJIG_clean_repeat,225.91333,219.625
DB12-ECIWUJ_clean_repeat,0.06714957,22.734375
DB12-CUWXID_clean_repeat,217.99559,227.5
DB12-XAMDUM06_clean_repeat,244.04915,258.25
DB12-VITYOO_clean_repeat,206.05112,204.0
DB12-PELNEA01_clean_repeat,6.6780353,3.2441406
DB12-XOHJUA_clean_repeat,54.98428,62.40625
DB12-IXEJOM_clean_repeat,234.00616,231.625
DB12-YUBGIN_clean_repeat,153.40901,160.875
DB12-NOJBOF_clean_repeat,5.5333514,23.515625
DB12-DADNUU_clean_repeat,141.51828,151.625
DB12-QUVFAP_clean_repeat,103.28016,86.3125
DB12-ECOKAJ_clean_repeat,170.04216,178.625
DB12-MAXHIE_clean_repeat,0.044985607,2.5429688
DB12-cm503311x_alf350K_clean_repeat,197.54866,189.0
DB12-HILJUJ_clean_repeat,38.66777,49.125
DB12-WIYFAM_clean_repeat,229.1226,221.125
DB12-SARGOJ_clean_repeat,228.86652,226.625
DB12-HIHGIQ_clean_repeat,210.66254,200.625
DB12-UXIQOJ_clean_repeat,212.27287,194.375
DB12-acs.inorgchem.5b02108_ic5b02108_si_002_clean_repeat,229.43729,230.125
DB12-AYOXUJ_clean_repeat,104.51021,95.125
DB12-YUFLOC_clean_repeat,212.44275,210.375
DB12-KUJMEJ_clean_repeat,218.54797,226.625
DB12-XUGDOU_clean_repeat,110.54833,97.0625
DB12-YARYEV_clean_repeat,133.1726,131.375
DB12-NOMQAJ01_clean_repeat,81.9646,112.8125
DB12-XALMII_clean_repeat,237.02733,234.25
DB12-IFEYIB_clean_repeat,148.4966,153.25
DB12-QAQMON_clean_repeat,243.63342,250.375
DB12-DEWQUS_clean_repeat,157.57831,156.125
DB12-NOQKOV_clean_repeat,169.45517,182.25
DB12-TISKOW_clean_repeat,102.74696,112.0
DB12-DIKPOD_clean_repeat,99.31335,113.875
DB12-WUFSAT_clean_repeat,72.96233,79.0625
DB12-QOSJUF_clean_repeat,166.39583,160.125
DB12-XAPCOJ07_clean_repeat,217.9149,216.125
DB12-ZIYQAB_clean_repeat,106.170586,122.625
DB12-GOYPAN_clean_repeat,139.41045,155.125
DB12-RAVWAO_clean_repeat,200.14502,204.125
DB12-FIJDUY_clean_repeat,165.02332,165.875
DB12-BEVQID_clean_repeat,0.05654764,18.0
DB12-GEGHAD_clean_repeat,116.13538,123.125
DB12-QUPDEL01_clean_repeat,143.71779,143.0
DB12-PENNUT_clean_repeat,135.5686,140.875
DB12-PAPVAF_clean_repeat,243.41777,223.625
DB12-DOHYIJ_clean_repeat,69.115776,70.875
DB12-KEQDER_clean_repeat,247.95796,238.125
DB12-UMOBEF01_clean_repeat,254.87352,238.125
DB12-FAGREM_clean_repeat,187.78056,184.5
DB12-KIDDIM_clean_repeat,137.29027,148.75
DB12-WODROY_clean_repeat,84.633606,79.375
DB12-BOYYOF_clean_repeat,171.8873,167.25
DB12-FUZKAN_clean_repeat,89.992386,73.875
DB12-LABGAY_clean_repeat,71.42136,46.96875
DB12-BAKJII_clean_repeat,218.27937,214.875
DB12-OHAKIS_clean_repeat,120.32058,119.1875
DB12-BUNLAZ_clean_repeat,186.95854,181.375
DB12-HUSQES_clean_repeat,179.4293,161.0
DB12-HAPHUD_clean_repeat,220.22832,212.625
DB12-LUFQUZ_clean_repeat,164.56113,172.0
DB12-XOPMIA_clean_repeat,176.89844,159.5
DB12-PECLEP_clean_repeat,125.96267,118.75
DB12-NIGGEQ_clean_repeat,218.93214,219.25
DB12-QIQTAN_clean_repeat,101.81083,87.5625
DB12-FIBHIJ_clean_repeat,106.49687,96.3125
DB12-NIKZEN02_clean_repeat,86.87572,82.0625
DB12-QQQGTA01_clean_repeat,67.1437,66.3125
DB12-ECAFOG_clean_repeat,155.11661,123.1875
DB12-WUDTOG_clean_repeat,107.58243,94.125
DB12-FURFOP_clean_repeat,124.11648,117.25
DB12-ZAVQAQ_clean_repeat,162.40535,153.5
DB12-UMUTOM_clean_repeat,77.564125,67.0625
DB12-ic200463k_si_002_clean_repeat,100.76221,123.6875
DB12-YOQYOT_clean_repeat,58.199055,64.1875
DB12-QUPHIT_clean_repeat,118.21551,70.6875
DB12-DANROC_clean_repeat,126.24776,110.0625
DB12-GUNZIA_clean_repeat,153.69756,154.125
DB12-DOJXUW_clean_repeat,80.43444,72.1875
DB12-BUGSOM_clean_repeat,109.65097,109.125
DB12-ECEBEW_clean_repeat,131.70024,122.5625
DB12-POLDOK_clean_repeat,108.15242,101.5
DB12-VUQKAU02_clean_repeat,176.72137,167.875
DB12-RAVWUI_clean_repeat,155.6993,167.875
DB12-EBEMII_clean_repeat,74.34295,75.5625
DB12-MIMVEJ_clean_repeat,158.50374,151.375
DB12-SAJLOH_clean_repeat,149.04565,153.75
DB12-OQIQIQ_clean_repeat,121.59616,99.8125
DB12-JOPWUI_clean_repeat,98.9691,88.3125
DB12-VUWSAJ_clean_repeat,202.00218,221.625
DB12-VEDGES_clean_repeat,171.09822,172.25
DB12-HEBKEG_clean_repeat,104.752235,105.625
DB12-TORJAN_clean_repeat,155.73497,160.75
DB12-MEHMET_clean_repeat,218.28831,215.375
DB12-HEGJUZ_clean_repeat,137.75937,135.375
DB12-YARBAW_clean_repeat,79.11622,86.625
DB12-MAQJEW_clean_repeat,0.0,-0.5698242
DB12-GIMSUS_clean_repeat,90.91543,63.21875
DB12-BUSRUE_clean_repeat,184.63908,173.25
DB12-LEQVIN_clean_repeat,150.9568,113.375
DB12-DIBPIP_clean_repeat,134.66959,130.25
DB12-XEGJIE02_clean_repeat,173.88324,184.0
DB12-SAKRAZ_clean_repeat,207.17719,204.25
DB12-XUNSEG_clean_repeat,111.23451,104.5
DB12-AGIMOU_clean_repeat,129.82506,117.625
DB12-TIRHIL_clean_repeat,168.90048,173.5
DB12-JURKIS_clean_repeat,115.56683,95.0625
DB12-TUCJAD_clean_repeat,148.35411,127.25
DB12-GAYFUJ_clean_repeat,209.90338,212.375
DB12-OWIKAI_clean_repeat,93.380486,57.65625
DB12-IZUVUV_clean_repeat,165.81169,168.375
DB12-YEYYAC_clean_repeat,121.13466,121.3125
DB12-KIYMAI01_clean_repeat,176.53935,155.375
DB12-YANBAR03_clean_repeat,89.94269,86.0625
DB12-OBIBOT_clean_repeat,160.61983,146.625
DB12-QARTEK_clean_repeat,40.811474,33.0625
DB12-QAWRIQ_clean_repeat,106.94216,106.5625
DB12-ANAWIX_clean_repeat,142.34029,135.75
DB12-NUVYIN_clean_repeat,95.91872,85.625
DB12-QEKLID01_clean_repeat,143.82611,141.0
DB12-BEWWEH_clean_repeat,173.93382,168.75
DB12-ic9002115_si_001_clean_repeat,117.31615,119.9375
DB12-PASTOU_clean_repeat,108.7076,99.8125
DB12-YASNAJ_clean_repeat,96.48332,91.25
DB12-IZIKEJ_clean_repeat,151.84319,157.375
DB12-LAGWEX_clean_h_repeat,188.98746,192.0
DB12-XUNTAD_clean_repeat,95.96536,98.25
DB12-SERWAP_clean_repeat,197.1558,199.5
DB12-PARHEW_clean_repeat,249.01474,246.25
DB12-XOTSEG_clean_repeat,178.45352,145.25
DB12-OWIHEJ_clean_repeat,225.41586,227.125
DB12-KINLAW_clean_repeat,0.15581375,7.6796875
DB12-MEMGAN_clean_repeat,153.14432,169.25
DB12-XOVPUU_clean_repeat,236.45259,230.125
DB12-MAYYAN_clean_repeat,54.685078,69.75
DB12-LOTDIJ_clean_repeat,129.29602,128.375
DB12-ECASAD_clean_repeat,72.34542,77.5
DB12-WAYKAK_clean_repeat,205.36513,212.375
DB12-TAFBIN_clean_repeat,68.98396,58.6875
DB12-PUWVAG_clean_repeat,113.87647,114.875
DB12-PUPNAQ_clean_repeat,30.216997,20.234375
DB12-CUQKOQ_clean_repeat,194.25586,177.25
DB12-XISPEW_clean_repeat,214.65074,212.5
DB12-IQIPAZ_clean_repeat,66.09777,44.40625
DB12-BAPDAA_clean_repeat,232.72351,213.875
DB12-LAWFUL_clean_repeat,234.57436,226.5
DB12-FAPXOM_clean_repeat,220.55028,221.0
DB12-c5dt02374b_c5dt02374b2_clean_repeat,102.536255,111.6875
DB12-ZAVPET_clean_repeat,162.1489,154.5
DB12-OQOXAV_clean_repeat,104.27386,103.9375
DB12-MIMSUY_clean_repeat,174.07735,176.75
DB12-GELVID_clean_repeat,118.68288,109.0625
DB12-KEXKEF_clean_repeat,101.75178,103.5
DB12-QADWEA_clean_repeat,121.062195,108.1875
DB12-CUBHOY_clean_repeat,144.60326,158.625
DB12-EHEKUY_clean_repeat,101.16289,104.625
DB12-NAYXOC_clean_repeat,200.56549,193.375
DB12-KAHYEY_clean_repeat,92.998505,93.375
DB12-NINVAI_clean_repeat,240.40054,228.625
DB12-GULPIN_clean_repeat,91.8548,78.4375
DB12-GUHPEG_clean_repeat,135.83888,147.75
DB12-KIYQIU_clean_repeat,180.0309,166.75
DB12-NASROR_clean_repeat,225.70676,231.25
DB12-OKAZAD_clean_repeat,96.736885,80.625
DB12-jz4002345_si_004_clean_repeat,187.60474,184.125
DB12-LIWFUS_clean_repeat,130.09236,118.25
DB12-CAZFOA_clean_repeat,65.10371,48.28125
DB12-WEMHED_clean_repeat,110.50551,70.8125
DB12-EXUHUC_clean_repeat,77.494545,53.1875
DB12-MIMKIE_clean_repeat,156.67363,150.375
DB12-YUKVEG_clean_repeat,161.69322,128.625
DB12-XUGWAZ_clean_repeat,64.18143,47.53125
DB12-LERNAY02_clean_repeat,100.168724,67.375
DB12-BOMCOX_clean_repeat,140.89015,134.75
DB12-WEYQAU14_clean_repeat,191.40297,173.375
DB12-CAWGAJ_clean_repeat,105.97492,108.6875
DB12-QOHTOX_clean_repeat,82.930695,82.625
DB12-KAXZUG_clean_repeat,30.94627,19.5
DB12-SETRAM_clean_repeat,233.27464,227.5
DB12-NIGDIS_clean_repeat,255.05624,241.875
DB12-MUNDEG_clean_repeat,223.33234,228.75
DB12-acscombsci.5b00188_5036495_clean_repeat,203.57326,216.125
DB12-c6ce00407e_c6ce00407e1_clean_repeat,229.90344,249.125
DB12-ARAFOP_clean_repeat,133.44254,131.125
DB12-LEDLAJ_clean_repeat,94.464806,95.5625
DB12-acs.jchemed.6b00258_ed6b00258_si_005_clean_repeat,59.29458,67.3125
DB12-YOTRUW_clean_repeat,60.430443,64.0
DB12-LULVOF_clean_repeat,102.37812,93.0625
DB12-XANDAU_clean_repeat,118.711815,111.1875
DB12-JADJOQ_clean_repeat,206.2206,200.875
DB12-MOTMAK_clean_repeat,142.5011,144.875
DB12-XAQTOY01_clean_repeat,111.37884,105.625
DB12-MINCUJ_clean_repeat,263.70078,261.25
DB12-ZETQIA_clean_repeat,66.93052,78.875
DB12-LEGGIO_clean_repeat,167.71167,168.875
DB12-BEPPOD_clean_repeat,165.4187,149.875
DB12-CAJLEH_clean_repeat,89.85977,96.6875
DB12-NUDMEG_clean_repeat,145.8112,163.125
DB12-IRORUE_clean_repeat,8.970596,7.9609375
DB12-FOFHUE_clean_repeat,147.07127,142.5
DB12-FIPXEJ_clean_repeat,115.62898,111.8125
DB12-GOXMEN_clean_repeat,61.92184,65.9375
DB12-SESDEA_clean_repeat,2.9201791,2.9628906
DB12-NARPUU_clean_repeat,90.97269,79.875
DB12-SEFVAC_clean_repeat,187.60936,191.75
DB12-IVIXIW_clean_repeat,35.780224,52.125
DB12-VOBQEK_clean_repeat,191.75499,159.125
DB12-GULWOA_clean_repeat,177.145,170.5
DB12-VEGCAN_clean_repeat,203.88141,192.125
DB12-LAWGOG_clean_repeat,235.05872,230.875
DB12-HAZGOF03_clean_h_repeat,74.34292,72.0625
DB12-FOCREW_clean_repeat,87.00769,102.6875
DB12-IZIHAC_clean_repeat,170.25899,146.75
DB12-CUGFAN01_clean_repeat,21.823359,28.015625
DB12-MORZID_clean_repeat,146.7974,149.625
DB12-XIHSAJ_clean_repeat,171.07916,165.25
DB12-CEGDUO_clean_repeat,99.28076,103.0
DB12-NAHNES_clean_repeat,247.17274,227.375
DB12-UMOVID_clean_repeat,254.70348,267.0
DB12-SEQSOY_clean_repeat,192.80698,179.125
DB12-KORMOV_clean_repeat,70.1268,78.25
DB12-COZMUA_clean_repeat,230.3531,220.625
DB12-IQOKIK_clean_repeat,193.584,190.125
DB12-YURKIG_clean_repeat,204.59102,221.5
DB12-RAHNOF_clean_repeat,245.0821,243.25
DB12-QIVBUT_clean_repeat,155.11082,132.25
DB12-TIRLIQ_clean_repeat,100.954254,107.5625
DB12-XEXLUJ_clean_repeat,170.02542,161.5
DB12-LEYQUD_clean_repeat,206.90889,203.0
DB12-GOSKEG_clean_repeat,180.31094,161.5
DB12-HOWROC_clean_repeat,92.790726,105.375
DB12-VIDXOX_clean_repeat,141.72958,132.875
DB12-NEDWEA_clean_repeat,206.99115,217.125
DB12-ic5b00130_si_002_clean_repeat,57.76665,64.1875
DB12-HOXSIY_clean_repeat,152.19012,136.0
DB12-cm501138g_si_010_clean_repeat,243.93217,247.625
DB12-ORAJEX_clean_repeat,38.941395,41.625
DB12-ORIVUI_clean_repeat,238.84433,241.875
DB12-RONSIY_clean_repeat,78.83968,82.0
DB12-JEXWUF01_clean_repeat,0.0,-1.6787109
DB12-XALVOY_clean_repeat,0.52326185,19.4375
DB12-ULIMIN_clean_repeat,114.98155,82.875
DB12-ZOXGUQ_clean_repeat,89.64142,94.3125
DB12-NAQREE_clean_repeat,217.3079,209.0
DB12-IQECIS_clean_repeat,234.6831,233.875
DB12-KOSKUA_clean_repeat,231.78021,231.375
DB12-VUKTAY_clean_repeat,135.5877,132.0
DB12-cm503311x_alf450K_clean_repeat,197.45483,210.0
DB12-OSIWUJ_clean_repeat,70.03485,86.625
DB12-ERUVEU_clean_repeat,0.5161457,-3.2246094
DB12-JUJZIZ_clean_repeat,41.33273,50.71875
DB12-WOJZIG_clean_repeat,207.38924,202.875
DB12-XOVVEK_clean_repeat,94.29586,78.75
DB12-HUCXOU_clean_repeat,177.93527,190.25
DB12-IKETOI_clean_repeat,143.96712,148.875
DB12-KORNAI_clean_repeat,116.376396,117.5625
DB12-WOLFAG_clean_repeat,116.07854,136.5
DB12-YEGHIC_clean_repeat,80.43769,72.0625
DB12-c6cc02494g_c6cc02494g5_clean_repeat,209.69913,193.625
DB12-TEBCEK_clean_repeat,43.045094,51.875
DB12-IFASOZ_clean_repeat,203.02982,187.125
DB12-IGOJEV_clean_repeat,152.51733,165.0
DB12-HIDBIH_clean_repeat,80.12939,87.75
DB12-XEGJIE_clean_repeat,173.88588,174.25
DB12-UVAROZ_clean_repeat,76.57732,73.375
DB12-EKEVAT_clean_repeat,63.288185,68.375
DB12-COKPUP_clean_repeat,244.62474,233.25
DB12-GOWHOR_clean_repeat,106.11747,109.5
DB12-WAXJAJ_clean_repeat,152.49783,149.625
DB12-HAWZEM_clean_repeat,134.12071,127.625
DB12-CAJHUS03_clean_repeat,0.0,-1.5556641
DB12-LOQSEQ_clean_repeat,79.418686,74.75
DB12-WECSAZ01_clean_repeat,91.34812,93.0625
DB12-TATPOV_clean_repeat,230.04002,223.375
DB12-TEVZUQ_clean_repeat,90.18288,95.875
DB12-KEGZOL03_clean_repeat,165.673,170.875
DB12-UMIZEX_clean_repeat,168.6753,169.375
DB12-MIVPAJ_clean_repeat,0.1702938,-3.5488281
DB12-QOWRAV11_clean_repeat,243.17044,237.75
DB12-DEPXAY_clean_repeat,221.4493,194.625
DB12-ic500323r_si_001_clean_repeat,102.70245,96.1875
DB12-BIMDIL_clean_repeat,174.64653,178.125
DB12-SOZSEH_clean_repeat,236.59926,235.25
DB12-FUTDII_clean_repeat,193.81783,194.5
DB12-RUFRIV_clean_repeat,128.90524,126.0
DB12-SIVWUR_clean_repeat,65.868385,60.3125
DB12-TOBKAY_clean_repeat,231.65775,227.0
DB12-SISFEH_clean_repeat,73.464294,76.1875
DB12-MEWNEH_clean_repeat,81.39263,92.875
DB12-KAVTUY_clean_repeat,79.91616,68.625
DB12-POHLOP_clean_repeat,99.47728,96.9375
DB12-DITYOW_clean_repeat,106.4406,91.25
DB12-VAGTAA_clean_repeat,179.06778,166.25
DB12-YOKKIU_clean_repeat,130.27223,131.75
DB12-HAKTOF_clean_repeat,190.02815,183.375
DB12-PUGHUW_clean_repeat,126.85221,131.5
DB12-EJEFOP_clean_repeat,40.444157,58.5
DB12-MOYMET_clean_repeat,158.6093,158.25
DB12-QOWRAV05_clean_repeat,242.76219,222.875
DB12-PURJIW_clean_repeat,199.56859,199.625
DB12-LIXWAR01_clean_repeat,155.58464,166.125
DB12-CIWRIK_clean_repeat,196.59366,191.75
DB12-SISQAO_clean_repeat,138.34508,143.875
DB12-FUHNED_clean_repeat,184.51097,178.125
DB12-DOQHUN_clean_repeat,132.13261,115.625
DB12-WEYQAU01_clean_repeat,184.7423,172.875
DB12-NASREH_clean_repeat,234.59453,227.0
DB12-TOHYUL_clean_repeat,171.92561,176.25
DB12-SUVFEU_clean_repeat,17.559809,26.65625
DB12-RUHFOR_clean_repeat,173.90079,179.25
DB12-NADZID_clean_repeat,128.90938,133.25
DB12-UMOBEF06_clean_repeat,231.05312,226.125
DB12-c6ce00407e_c6ce00407e3_clean_repeat,246.35014,255.875
DB12-ROQMER_clean_repeat,124.66009,116.8125
DB12-OJAKUG_clean_repeat,67.42043,73.5
DB12-VUQKUO_clean_repeat,125.65967,133.25
DB12-XUPSAE_clean_repeat,241.44182,239.5
DB12-CEDFIC_clean_repeat,182.01212,190.875
DB12-KEVWUF_clean_repeat,208.34904,230.625
DB12-UMODEH06_clean_repeat,259.51688,253.125
DB12-LAGNOY_clean_repeat,194.20341,185.375
DB12-HAZGOF02_clean_h_repeat,63.62291,79.9375
DB12-ICAROV_clean_repeat,247.9232,232.0
DB12-PEDMER_clean_repeat,118.21243,147.625
DB12-NOPJOT_clean_repeat,201.36313,214.25
DB12-KAHYID_clean_repeat,216.06618,223.875
DB12-cg401887b_si_003_clean_repeat,266.3725,242.75
DB12-NIZZIG_clean_repeat,209.46791,200.5
DB12-NARNIG_clean_repeat,40.712963,42.75
DB12-KEGZOL01_clean_repeat,164.14825,170.25
DB12-RUZDAS_clean_repeat,104.39101,112.25
DB12-IQEKOG_clean_repeat,213.08981,210.25
DB12-cg301725z_si_002_clean_repeat,137.3135,164.5
DB12-TEWFUY_clean_repeat,128.00551,121.9375
DB12-LUFQUZ01_clean_repeat,166.74937,153.0
DB12-YUKVIK_clean_repeat,166.79086,154.25
DB12-DOQHEX_clean_repeat,133.26628,129.625
DB12-JOJLOK_clean_repeat,72.900116,67.875
DB12-HUWPIA_clean_repeat,170.51045,185.75
DB12-DAWVOO_clean_repeat,159.02824,172.875
DB12-TEVZIE_clean_repeat,89.97442,88.1875
DB12-KUMBOL_clean_repeat,42.521687,34.8125
DB12-YASPEP_clean_repeat,50.531868,41.03125
DB12-QONLAI_clean_repeat,189.54828,218.875
DB12-ZIZTOT_clean_repeat,110.97797,135.375
DB12-QOMTET_clean_repeat,137.35306,128.625
DB12-BUDDIO_clean_repeat,0.06529177,1.8486328
DB12-RIWMUH_clean_repeat,196.54408,197.25
DB12-QIQVIX_clean_repeat,69.30425,81.8125
DB12-VIPYOK_clean_repeat,115.08219,113.625
DB12-ECIWOC_clean_repeat,78.40745,82.0
DB12-QOLVET_clean_repeat,147.76958,133.375
DB12-AQEQES_clean_repeat,185.69255,181.375
DB12-TOJXOH_clean_repeat,119.5579,118.9375
DB12-XEGKEB_clean_repeat,195.11,204.5
DB12-MATTOR_clean_repeat,145.67711,138.125
DB12-COKMUM_clean_repeat,224.09073,237.875
DB12-LUDVUB_clean_repeat,60.742065,61.40625
DB12-RAZYIC_clean_repeat,210.22902,220.5
DB12-MIYGIL_clean_repeat,1.615601,4.1445312
DB12-GITWIQ_clean_repeat,114.88082,106.6875
DB12-DAGDIZ_clean_repeat,167.72137,158.0
DB12-NANNEY_clean_repeat,68.2534,63.0
DB12-XEDLUN01_clean_repeat,169.65971,159.75
DB12-ORANAY_clean_repeat,143.4285,135.5
DB12-JUMDEC_clean_repeat,180.62979,197.25
DB12-NIHBAI01_clean_repeat,89.45803,80.4375
DB12-POXHIU_clean_repeat,81.62062,78.8125
DB12-GISMIG_clean_repeat,69.69568,51.40625
DB12-SIBDEO_clean_repeat,53.43941,50.125
DB12-ATIBUA_clean_repeat,86.35147,82.8125
DB12-WABVIF01_clean_repeat,144.77727,150.75
DB12-GELVEZ01_clean_repeat,120.37097,110.9375
DB12-WEBQOL_clean_repeat,110.431046,102.75
DB12-JEXXAM05_clean_repeat,0.0,-0.25830078
DB12-DAKVIW_clean_repeat,238.63228,239.75
DB12-INOMOP01_clean_repeat,151.98523,143.875
DB12-MOXKAN_clean_repeat,88.97398,85.375
DB12-HEGCEB_clean_repeat,155.80539,144.5
DB12-HAJLEK_clean_repeat,38.198708,28.53125
DB12-WIHCUM_clean_repeat,0.8860816,1.0761719
DB12-om701262m-file004_clean_repeat,184.28777,166.25
DB12-CIXBUH_clean_repeat,197.98059,193.875
DB12-SAQZOB_clean_repeat,101.53665,102.125
DB12-GOBSUM_clean_repeat,181.76338,170.125
DB12-YEZKIZ_clean_repeat,110.461945,105.75
DB12-BUCVIG_clean_repeat,60.753605,80.5
DB12-JIZJUZ_clean_repeat,141.04358,145.5
DB12-HOGLEV01_clean_repeat,253.11461,247.25
DB12-FIMXUW_clean_repeat,84.85474,88.25
DB12-AMAFOK_clean_repeat,93.01368,114.0
DB12-ROYRII_clean_repeat,148.44524,161.375
DB12-XEGKIF_clean_repeat,134.23805,134.75
DB12-ESEHIV_clean_repeat,114.25394,113.75
DB12-FAFDEX_clean_repeat,123.8179,127.5
DB12-IJASOC_clean_repeat,206.80101,206.25
DB12-MOLKAB_clean_repeat,150.63542,163.0
DB12-GAYGAQ_clean_h_repeat,145.48714,149.625
DB12-ICOYIK_clean_repeat,103.14361,98.1875
DB12-CESYEF_clean_repeat,0.07349873,-2.2402344
DB12-LASDEQ_clean_repeat,245.38652,228.5
DB12-ECAHOH_clean_repeat,113.20833,105.5
DB12-ROQMER03_clean_repeat,121.31667,126.875
DB12-NOSTUM01_clean_repeat,194.5479,195.5
DB12-FECCIZ_clean_repeat,204.24977,184.5
DB12-XUMMOJ_clean_repeat,147.51196,145.875
DB12-NOLRIR_clean_repeat,163.41795,139.625
DB12-RUHFEH_clean_repeat,176.50053,185.625
DB12-KIXXOG_clean_repeat,140.92331,133.375
DB12-ja0752540-file002_clean_repeat,197.38556,201.5
DB12-LADWAR_clean_repeat,99.12214,88.8125
DB12-VEDGAO_clean_repeat,165.40927,169.625
DB12-OPURIB_clean_repeat,44.600544,42.90625
DB12-EBUFUE_clean_repeat,95.36752,94.5625
DB12-ZOMNUM_clean_repeat,181.8622,159.625
DB12-PANRUS01_clean_repeat,255.54466,230.5
DB12-CEYPUT01_clean_repeat,118.67787,117.625
DB12-YIXZEM_clean_repeat,131.46,117.125
DB12-CUZBUW_clean_repeat,160.08386,139.5
DB12-EPEWEC_clean_repeat,148.90405,141.25
DB12-WENKOR_clean_repeat,92.41424,90.0
DB12-NEFTUP_clean_repeat,59.068024,40.78125
DB12-YEBKOG_clean_repeat,63.98122,66.8125
DB12-LAVTAF_clean_repeat,190.99413,182.125
DB12-MOMJIJ_clean_repeat,54.16544,41.125
DB12-KAHKUB_clean_repeat,155.79585,151.375
DB12-YIVZOU_clean_repeat,185.35466,198.875
DB12-KOGJOG_clean_repeat,112.830666,118.625
DB12-YANBAR01_clean_repeat,90.18516,97.875
DB12-UCAXEC_clean_repeat,98.193436,106.6875
DB12-FEQSIF_clean_repeat,246.69928,248.75
DB12-OGIYAF_clean_repeat,158.83888,144.875
DB12-REXCUU_clean_repeat,168.98122,171.25
DB12-FIFMOY_clean_repeat,110.715546,100.5625
DB12-BEFMOQ_clean_repeat,137.3295,129.5
DB12-ECIWIW_clean_repeat,77.71715,88.0
DB12-VOTKEW_clean_repeat,137.30518,133.125
DB12-ic402058f_si_002_clean_repeat,113.90197,109.3125
DB12-FAQVEA_clean_repeat,110.26141,90.25
DB12-GAJZOI_clean_repeat,113.00399,104.625
DB12-TENLIJ_clean_repeat,144.55284,155.5
DB12-ASEJOZ_clean_repeat,73.56073,81.5625
DB12-WEHJAW_clean_repeat,252.16118,258.25
DB12-XIPHIN_clean_repeat,53.85621,59.375
DB12-XOJPES_clean_repeat,147.49258,137.25
DB12-TOVHUJ_clean_repeat,231.8277,232.5
DB12-POLYEW_clean_repeat,116.67659,95.0625
DB12-APAZIC_clean_repeat,214.76364,223.625
DB12-KESGAS_clean_repeat,110.62157,99.8125
DB12-OFEHAK_clean_repeat,161.3322,166.25
DB12-COWMEH_clean_repeat,198.51987,202.75
DB12-BAKJEE_clean_repeat,201.90399,216.25
DB12-VEDGIW_clean_repeat,169.42824,184.625
DB12-SARGUP_clean_repeat,231.6103,219.0
DB12-IROROY_clean_repeat,100.60697,82.0625
DB12-ELIKEQ_clean_repeat,142.07448,146.75
DB12-EMUYAM_clean_repeat,29.894102,37.5625
DB12-REXDAB_clean_repeat,174.37471,171.375
DB12-IJASES01_clean_repeat,93.56991,83.6875
DB12-KAHKUB02_clean_repeat,155.4549,155.625
DB12-HOVJIN_clean_repeat,57.250576,78.875
DB12-QOWRAV08_clean_repeat,242.9581,241.625
DB12-VEGXIQ01_clean_repeat,2.3602712,1.7890625
DB12-BUVWOF03_clean_repeat,101.90586,89.75
DB12-WENLEI_clean_repeat,98.93286,83.5
DB12-XALXUF01_clean_repeat,243.3689,258.0
DB12-BEXPAX_clean_repeat,270.57147,276.75
DB12-QAGDIO_clean_repeat,238.32779,238.25
DB12-QUZZES_clean_repeat,173.35121,178.375
DB12-CABDER_clean_repeat,40.954056,30.84375
DB12-IJASIW_clean_repeat,89.433716,85.375
DB12-OKIMAY_clean_repeat,122.748566,100.875
DB12-UFEMIC_clean_repeat,126.85279,136.375
DB12-FEZTIP_clean_repeat,136.85565,150.75
DB12-XEJWUG_clean_repeat,104.142525,116.1875
DB12-AVEHAM_clean_repeat,91.73838,94.25
DB12-AQIQAU_clean_repeat,214.20158,202.25
DB12-ORAJOH_clean_repeat,37.708496,35.4375
DB12-EVADIQ_clean_repeat,209.80206,214.125
DB12-LUMMAJ_clean_repeat,8.932151,3.9589844
DB12-SOJKOT01_clean_repeat,13.397349,-0.4711914
DB12-XULGUI_clean_repeat,94.852974,93.0625
DB12-ZIMLIS_clean_repeat,213.79807,222.75
DB12-RAXDAX_clean_repeat,66.53386,65.1875
DB12-QOWRAV10_clean_repeat,242.23808,238.875
DB12-TAKGOE_clean_repeat,149.64642,133.75
DB12-SOKWUM_clean_repeat,200.80284,208.0
DB12-IGINIX_clean_repeat,175.02003,188.125
DB12-XAPSIS_clean_repeat,181.54248,187.625
DB12-DOKDEN_clean_repeat,217.46074,200.75
DB12-SOTXAC_clean_repeat,201.39287,197.625
DB12-TAZSAP02_clean_repeat,91.96459,76.4375
DB12-EVUQUI_clean_repeat,123.34188,108.5625
DB12-LUSJEP_clean_repeat,133.10046,133.125
DB12-RAKPEZ_clean_repeat,40.772877,38.9375
DB12-CAMROA_clean_repeat,176.4697,171.375
DB12-YUXQIS_clean_repeat,216.04913,214.0
DB12-HAWVEI_clean_repeat,160.12532,144.875
DB12-WEMFIF_clean_repeat,186.16235,179.25
DB12-MOCKAR_clean_repeat,263.3225,257.75
DB12-CIWREG_clean_repeat,194.39151,196.125
DB12-ESIDOB_clean_repeat,187.66867,180.125
DB12-XUDNUH_clean_repeat,244.70995,231.75
DB12-GARLIX_clean_repeat,171.21779,176.125
DB12-KUHNEI_clean_repeat,167.18658,154.5
DB12-EMICUZ_clean_repeat,40.726192,62.5625
DB12-HAZWIP_clean_repeat,261.38437,255.375
DB12-HOJPED_clean_repeat,87.861336,88.375
DB12-QUFFED_clean_repeat,14.567973,3.6289062
DB12-QAHMUJ_clean_repeat,114.19542,101.25
DB12-RIFDUG01_clean_repeat,251.32251,251.25
DB12-GARTAX_clean_repeat,154.11711,160.625
DB12-TATSIS_clean_repeat,59.771244,73.0625
DB12-UKIQIP_clean_repeat,206.15503,223.375
DB12-XEDLUN_clean_repeat,169.44118,151.5
DB12-POVXII_clean_repeat,67.047516,59.96875
DB12-XUNSOQ_clean_repeat,107.55013,107.1875
DB12-CAJHUS_clean_repeat,0.0,-2.4414062
DB12-PEDRIA_clean_repeat,228.00061,235.0
DB12-KEDJAG18_clean_repeat,200.85384,207.125
DB12-RAKDAJ_clean_repeat,200.93254,208.875
DB12-GELJAJ_clean_repeat,87.52146,75.125
DB12-YONNUL_clean_repeat,189.93784,167.375
DB12-NEDVUP_clean_repeat,209.41025,201.25
DB12-EVUNOY_clean_repeat,100.643326,87.8125
DB12-COKPID_clean_repeat,232.1088,235.5
DB12-FEBPUY_clean_repeat,121.30829,124.625
DB12-TAPHOJ_clean_repeat,55.31019,52.59375
DB12-DIVSUY_clean_repeat,204.65866,215.25
DB12-CUWXOJ_clean_repeat,159.11946,146.0
DB12-POMSOB_clean_repeat,131.98102,137.0
DB12-VATYIZ_clean_repeat,154.79277,142.0
DB12-CIFMIP_clean_repeat,203.17128,194.75
DB12-WOGHOP_clean_repeat,121.89499,123.0625
DB12-AKEDIF_clean_repeat,174.64293,186.875
DB12-MUNDAC_clean_repeat,172.346,170.5
DB12-SODQOT_clean_repeat,208.08238,196.625
DB12-JUWBIO_clean_repeat,100.476036,101.375
DB12-IYAHEX_clean_repeat,65.425835,77.25
DB12-FALDAA_clean_repeat,161.14626,170.125
DB12-ic502369y_si_002_clean_repeat,54.266792,60.9375
DB12-XOPLOE_clean_repeat,199.06564,187.375
DB12-QOJYEV_clean_repeat,67.60084,53.40625
DB12-GEGDED_clean_repeat,243.57143,240.625
DB12-LOKPEG_clean_repeat,153.56345,156.625
DB12-WEHJIE_clean_repeat,257.17908,250.5
DB12-PUDSUD_clean_repeat,208.27603,205.875
DB12-LUQGAG_clean_repeat,146.12892,136.75
DB12-VIXGAM01_clean_repeat,56.416294,63.96875
DB12-LAXMIJ_clean_repeat,91.36124,78.25
DB12-QIVJAG_clean_repeat,184.06102,175.875
DB12-KOSJAF_clean_repeat,214.9582,206.375
DB12-LIQJEC_clean_repeat,170.5585,172.875
DB12-APAZEY_clean_repeat,218.94907,220.25
DB12-RIYBEI_clean_repeat,203.41472,199.5
DB12-COKPEZ_clean_repeat,243.042,247.5
DB12-PEWXUL_clean_repeat,153.98347,142.375
DB12-LUDVIP_clean_repeat,133.8267,123.5625
DB12-ZASWOF_clean_repeat,69.38157,69.0625
DB12-BALMUW_clean_repeat,2.0920918,0.09124756
DB12-IXAKAU_clean_repeat,219.44406,220.0
DB12-RUXKUS_clean_repeat,103.87335,103.125
DB12-FIZPOV_clean_repeat,239.96243,245.5
DB12-LULXAS_clean_repeat,141.84448,91.625
DB12-NIMXIS_clean_repeat,198.68538,199.625
DB12-LOXWEC_clean_repeat,123.9246,129.5
DB12-SULKIU_clean_repeat,142.29147,157.375
DB12-BOXYIY_clean_repeat,116.79913,116.25
DB12-GIZVER_clean_repeat,131.26335,108.75
DB12-AWAGOV_clean_repeat,115.16809,106.1875
DB12-QOWRAV06_clean_repeat,242.73946,221.875
DB12-PEFRUP_clean_repeat,215.8767,203.5
DB12-FONKEA_clean_repeat,82.61299,85.3125
DB12-HEDGUS_clean_repeat,0.34986272,1.609375
DB12-SUNJER_clean_repeat,202.05746,199.25
DB12-SEYFAE_clean_repeat,113.30846,123.4375
DB12-TUKCUZ_clean_repeat,63.7602,65.375
DB12-UBIPAY_clean_repeat,165.04865,138.0
DB12-VEJYIT01_clean_repeat,177.13527,191.75
DB12-DOYBEA_clean_repeat,154.28314,156.25
DB12-NIMPOQ_clean_repeat,253.8223,247.5
DB12-HICVOG_clean_repeat,166.36563,172.125
DB12-VATVUK_clean_repeat,90.10725,97.625
DB12-FEFVES_clean_repeat,132.17253,109.25
DB12-YARSIV_clean_repeat,50.312927,43.75
DB12-ja512437u_si_004_clean_repeat,148.89809,143.5
DB12-ELOHOE_clean_repeat,133.63576,122.0625
DB12-HAXMUP_clean_repeat,113.140854,108.375
DB12-BEFNAD_clean_repeat,117.65457,122.125
DB12-UCABAE_clean_repeat,137.95006,126.6875
DB12-KOZNIY_clean_repeat,182.5843,173.625
DB12-ALULID_clean_repeat,211.50879,211.625
DB12-KOVJAI_clean_repeat,189.03741,189.25
DB12-AJOXAA_clean_repeat,157.29128,154.75
DB12-GOLQII_clean_repeat,79.712746,73.8125
DB12-RAZYOI_clean_repeat,221.53107,203.25
DB12-ZEZPOL_clean_repeat,138.40067,119.8125
DB12-DONKOI_clean_repeat,179.87073,198.25
DB12-HUTTIA_clean_repeat,77.81881,80.4375
DB12-METYIU_clean_repeat,123.47565,113.3125
DB12-PEGBAG_clean_repeat,77.44124,73.25
DB12-WORLAS_clean_repeat,216.1413,201.375
DB12-BUKYAJ_clean_repeat,139.54907,120.375
DB12-QISNIR_clean_repeat,208.65508,198.875
DB12-LEGGEK_clean_repeat,153.86562,156.125
DB12-XAQTIS_clean_repeat,110.17784,109.3125
DB12-OKOSUE_clean_repeat,220.21689,213.125
DB12-EWUKEO_clean_repeat,216.2894,233.875
DB12-HOJLEY_clean_repeat,88.12861,55.1875
DB12-ELILAN_clean_repeat,138.2696,141.375
DB12-AMUXAI_clean_repeat,145.41258,151.375
DB12-XAFFIV_clean_repeat,225.6748,206.875
DB12-SEFVEG02_clean_repeat,184.8104,199.875
DB12-RURPEA_clean_repeat,154.86195,144.375
DB12-TIVFIO_clean_repeat,0.002829948,-0.08483887
DB12-UXUPEK_clean_repeat,3.9857836,6.7265625
DB12-FIQYUA_clean_repeat,91.74339,88.75
DB12-PAJSAX_clean_repeat,192.51921,190.25
DB12-ic7025158-file001_clean_repeat,156.45212,162.375
DB12-DAKVOC_clean_repeat,252.83652,243.375
DB12-DANVEU_clean_repeat,117.40659,119.375
DB12-ja512437u_si_002_clean_repeat,145.27974,149.0
DB12-TUYNEI_clean_repeat,136.04362,141.625
DB12-VAZLIT_clean_repeat,10.1347275,-2.7011719
DB12-JOGHEU_clean_repeat,205.6292,200.875
DB12-WAHGIY_clean_repeat,94.36963,97.25
DB12-VEHYUE_clean_repeat,67.91938,68.6875
DB12-ROQRAS_clean_repeat,61.413895,59.28125
DB12-GAJZEY_clean_repeat,111.64296,122.0625
DB12-BEVRAW_clean_repeat,0.0017426823,-0.5073242
DB12-REXFAD_clean_repeat,174.99728,169.0
DB12-ABUWOJ_clean_repeat,201.61253,208.875
DB12-QOFKUT_clean_repeat,129.06981,132.75
DB12-SOJSUH_clean_repeat,226.71635,212.75
DB12-RAYLOU_clean_repeat,117.98236,114.375
DB12-QUHMOX_clean_repeat,59.490005,55.625
DB12-SIVGOV_clean_repeat,156.59102,163.625
DB12-ILINIC_clean_repeat,109.53109,116.6875
DB12-POLNAG_clean_repeat,88.20397,88.25
DB12-IXUQUO_clean_repeat,133.09499,147.5
DB12-XILSUI_clean_repeat,222.40353,225.25
DB12-UMOVEZ04_clean_repeat,255.35216,249.625
DB12-MOCHOC_clean_repeat,9.860693,7.4335938
DB12-REHVAD_clean_repeat,94.78793,121.0
DB12-JUMDAY_clean_repeat,168.00085,174.625
DB12-XEKDUO_clean_repeat,0.0,-2.0976562
DB12-BASJUB_clean_repeat,149.16998,154.125
DB12-GELVEZ_clean_repeat,131.63719,119.625
DB12-UKIQOV_clean_repeat,243.22643,239.875
DB12-ja203898s_si_004_clean_repeat,206.77832,217.875
DB12-FAMPUH_clean_repeat,253.88127,265.0
DB12-JUQTOG_clean_repeat,121.56185,139.0
DB12-NOQNOY_clean_repeat,103.031784,99.8125
DB12-COQGAS_clean_repeat,146.39482,126.375
DB12-UKAQED_clean_repeat,198.44551,206.625
DB12-UMOVEZ02_clean_repeat,254.80357,281.25
DB12-QOJVAM_clean_repeat,193.13307,179.0
DB12-DIWNAA_clean_repeat,275.09637,262.0
DB12-LEMNOH_clean_repeat,100.51351,93.1875
DB12-NIKYUC01_clean_repeat,86.56089,83.3125
DB12-HOJNUR01_clean_repeat,78.27058,72.0625
DB12-EBIPIQ_clean_repeat,41.549908,66.5625
DB12-KUVMIZ_clean_repeat,216.22092,215.75
DB12-EBIJAC_clean_repeat,81.91455,81.75
DB12-JOGBIR_clean_repeat,34.846966,31.65625
DB12-WIJXEU_clean_repeat,238.3709,240.0
DB12-GOYPER_clean_repeat,133.49944,120.8125
DB12-HOJPIH_clean_repeat,86.573105,87.0625
DB12-MUHNAG_clean_repeat,99.33282,120.4375
DB12-MOCHUI_clean_repeat,8.6107,21.34375
DB12-SAHBEJ_clean_repeat,63.64488,56.28125
DB12-JIZJEJ_clean_repeat,143.1165,140.125
DB12-QOCSAD_clean_repeat,184.39613,186.75
DB12-QOWRAV02_clean_repeat,243.28938,244.875
DB12-XAGCIS01_clean_repeat,106.64236,114.6875
DB12-GUHNUU_clean_repeat,194.49312,191.875
DB12-HURNOX_clean_repeat,0.3899568,4.5507812
DB12-PUQHEP_clean_repeat,58.624634,71.4375
DB12-QAGQEW_clean_repeat,240.54727,257.5
DB12-IGUCIY_clean_repeat,85.47738,74.25
DB12-WOLYON_clean_repeat,186.9473,187.75
DB12-ZOYKAB_clean_repeat,108.334724,129.5
DB12-BUBQOE_clean_repeat,112.23373,114.8125
DB12-LODPUR_clean_repeat,65.6599,71.25
DB12-FIFNUE01_clean_repeat,204.59593,199.75
DB12-UYOJOI_clean_repeat,105.12289,109.3125
DB12-YINCEF_clean_repeat,148.29912,160.25
DB12-AQAJEI_clean_repeat,146.70892,142.375
DB12-LABJUV_clean_repeat,74.19301,78.3125
DB12-KOSLOV_clean_repeat,220.37312,233.75
DB12-INOMOP_clean_repeat,152.7072,149.0
DB12-REXFIL_clean_repeat,167.62798,176.0
DB12-NIYZIG_clean_repeat,225.15321,226.125
DB12-YUZSUH01_clean_repeat,140.79266,156.875
DB12-CIJVOH_clean_repeat,223.65115,224.625
DB12-VANXUD_clean_repeat,143.19688,154.875
DB12-ELILER_clean_repeat,137.63336,125.375
DB12-LIFWOO_clean_repeat,132.29294,114.75
DB12-FIJDIM06_clean_repeat,140.23505,120.0625
DB12-CISMEY01_clean_repeat,13.660955,-0.31640625
DB12-VOPCEK_clean_repeat,149.38832,153.875
DB12-DOYBAV_clean_repeat,160.33057,156.625
DB12-OMEWUZ_clean_repeat,45.45525,36.3125
DB12-YULBAJ_clean_repeat,143.9929,132.25
DB12-KABXOC_clean_repeat,182.09503,171.375
DB12-MODDEP_clean_repeat,4.6496744,0.50878906
DB12-YEKXOD_clean_repeat,186.48586,202.0
DB12-MIKDUH_clean_repeat,172.26611,155.5
DB12-OLOKEF_clean_repeat,122.66429,120.75
DB12-WABVIF_clean_repeat,145.84755,141.5
DB12-ROQMER01_clean_repeat,123.74754,132.375
DB12-UQOYOP_clean_repeat,163.1945,144.625
DB12-PAMTUU_clean_repeat,221.95474,222.25
DB12-RUGGUX_clean_repeat,135.95844,130.5
DB12-XESKIR_clean_h_repeat,169.8826,176.875
DB12-ROQDIM01_clean_repeat,120.55612,113.125
DB12-DODMIT_clean_repeat,182.38722,172.625
DB12-YAPXIX_clean_repeat,59.381172,49.75
DB12-DEHBIC_clean_repeat,62.04417,57.8125
DB12-FUHMOM_clean_repeat,174.99031,170.5
DB12-JETNOL_clean_repeat,93.564415,89.6875
DB12-TECTUS_clean_repeat,120.652145,125.625
DB12-REXFIL_freeONLY_repeat,168.48332,157.125
DB12-ZOMNIA_clean_repeat,187.5836,206.625
DB12-CAKXOD_clean_repeat,115.19332,92.1875
DB12-BOWNUY_clean_repeat,219.4602,220.0
DB12-GASSEB_clean_repeat,173.23459,167.5
DB12-XAPCOJ04_clean_repeat,219.37767,227.75
DB12-JUCGUL_clean_repeat,193.40424,193.625
DB12-DURDIF_clean_repeat,250.17517,257.5
DB12-UMOBEF04_clean_repeat,241.49644,244.0
DB12-HOTWUJ_clean_repeat,144.2862,137.75
DB12-XAPTUE_clean_repeat,189.00671,175.875
DB12-BIQVII_clean_repeat,105.89887,107.8125
DB12-SOTWUV_clean_repeat,198.73373,192.5
DB12-WUZDOL_clean_repeat,155.1712,141.875
DB12-RUHFUX_clean_repeat,177.14658,165.5
DB12-BAKJOO_clean_repeat,199.03389,186.25
DB12-XAKZAL_clean_repeat,133.63068,117.0625
DB12-PIDMEV_clean_repeat,192.39293,188.625
DB12-JOSQEN_clean_repeat,88.647194,76.3125
DB12-CETFUD_clean_repeat,147.27647,147.625
DB12-JUMCUR_clean_repeat,179.67067,172.125
DB12-UREVIY_clean_repeat,145.64038,132.375
DB12-XEHFUL01_clean_repeat,127.86017,110.5
DB12-FOKZIQ_clean_repeat,79.08445,62.5
DB12-GATHAL_clean_repeat,86.39683,80.5625
DB12-LAVTEJ_clean_repeat,191.26675,195.0
DB12-VAQLAC_clean_repeat,90.18539,52.03125
DB12-MIDRAT_clean_repeat,116.99463,108.375
DB12-YOCSEQ_clean_repeat,99.51506,84.875
DB12-OGAGAF_clean_repeat,81.09536,60.9375
DB12-RAYFAA_clean_repeat,198.31416,190.125
DB12-OXOZUY_clean_repeat,181.14725,193.875
DB12-NEYZAU_clean_repeat,225.46129,216.375
DB12-HIZQEN_clean_repeat,167.21886,162.625
DB12-EJIDUW02_clean_repeat,118.209,131.75
DB12-WOQTUT_clean_repeat,141.7524,122.6875
DB12-WEMNAF_clean_repeat,147.50105,139.125
DB12-ZAVQEU_clean_repeat,162.00954,164.875
DB12-VIRKIQ_clean_repeat,111.25935,116.875
DB12-ANAWOD_clean_repeat,203.102,202.25
DB12-BEPMIU_clean_repeat,142.7738,138.125
DB12-RUBHOM_clean_repeat,76.854614,70.5625
DB12-QIXSOG01_clean_repeat,181.28207,178.75
DB12-UMODEH02_clean_repeat,252.35374,253.375
DB12-RIPNUB_clean_repeat,89.92647,85.1875
DB12-NIRGAY_clean_repeat,193.11034,193.0
DB12-YUBFOR_clean_repeat,164.07272,159.0
DB12-GAXGOD_clean_repeat,58.95395,61.21875
DB12-WOJZEC_clean_repeat,200.87257,205.5
DB12-TETWOG_clean_repeat,72.32879,63.59375
DB12-FAQYUR_clean_repeat,98.65206,82.3125
DB12-FUNCAT_clean_repeat,193.03694,186.5
DB12-EYOCIG_clean_repeat,219.49142,234.75
DB12-GIMSIG_clean_repeat,167.12184,168.5
DB12-BUQWER_clean_repeat,121.214264,106.1875
DB12-YOCLEJ_clean_repeat,242.76888,245.0
DB12-KASRED_clean_repeat,244.60373,246.25
DB12-REWNEO_clean_repeat,252.38272,239.375
DB12-IXOFIL_clean_repeat,212.2101,193.625
DB12-KUNWEW_clean_repeat,84.66736,77.0625
DB12-SUSZOW_clean_repeat,88.07151,89.3125
DB12-OPENIH_clean_repeat,49.379536,34.03125
DB12-TUYJED_clean_repeat,215.12619,224.75
DB12-ic5029383_si_002_clean_repeat,246.35912,232.75
DB12-SIBMIB_clean_repeat,11.417762,9.296875
DB12-WEYQAU13_clean_repeat,194.83894,181.125
DB12-KONFEA_clean_repeat,95.64476,82.5625
DB12-UMODEH07_clean_repeat,260.05643,228.25
DB12-TUMQID_clean_repeat,144.1186,126.8125
DB12-NUCYER_clean_repeat,69.742004,75.75
DB12-DOYBUQ_clean_repeat,151.60982,168.125
DB12-JUFREJ_clean_repeat,51.106625,51.28125
DB12-ZEDROR_clean_repeat,166.18323,165.75
DB12-BEFLIJ_clean_repeat,141.87689,130.5
DB12-PEGQAV_clean_repeat,67.26852,72.625
DB12-GAMXAV_clean_repeat,217.26688,209.75
DB12-TUBLIN_clean_repeat,121.719246,97.0625
DB12-EPONAA_clean_repeat,131.64888,135.375
DB12-RUYTIQ_clean_repeat,182.58578,165.875
DB12-VUJBEI_clean_repeat,245.7983,233.125
DB12-NIZZEC_clean_repeat,209.80989,194.875
DB12-ABEXEM_clean_repeat,105.6926,101.1875
DB12-NIHBEM_clean_repeat,88.97495,101.25
DB12-UMEXUF_clean_repeat,154.59218,155.625
DB12-CIDKUX_clean_repeat,181.13458,163.25
DB12-TORJIV_clean_repeat,147.70386,140.125
DB12-BEXREC_clean_repeat,178.88443,177.125
DB12-XEHSAF_clean_repeat,90.67029,85.8125
DB12-FOKWIN_clean_repeat,84.6106,73.8125
DB12-PUQYAC_clean_repeat,59.060898,54.875
DB12-jp102463p_si_004_clean_repeat,247.11485,215.0
DB12-AWAWUR_clean_repeat,203.65312,203.625
DB12-COXHED_clean_repeat,173.37054,183.875
DB12-YEGCUJ_clean_repeat,128.1817,136.5
DB12-VERZEZ_clean_repeat,0.044067275,0.6201172
DB12-CECVIQ_clean_repeat,76.2382,64.3125
DB12-POMSER_clean_repeat,168.99019,153.625
DB12-CUYVOI_clean_repeat,66.451164,65.625
DB12-POXHUG_clean_repeat,80.282684,78.5
DB12-MONFEC_clean_repeat,79.585014,81.3125
DB12-DOPJAV_clean_repeat,133.51642,142.25
DB12-ETEMIB_clean_repeat,89.897804,118.9375
DB12-DOYLEI_clean_repeat,146.71098,154.125
DB12-UFENEZ_clean_repeat,116.58693,111.3125
DB12-SAKRED_clean_repeat,202.98448,209.25
DB12-OKAYOQ_clean_repeat,97.74788,93.0625
DB12-BUWMIR_clean_repeat,224.06229,214.0
DB12-RAVCUO_clean_repeat,80.38477,73.0625
DB12-QARCET_clean_repeat,91.18383,100.3125
DB12-NOCYUB_clean_repeat,76.538284,61.59375
DB12-EKIJEP_clean_repeat,0.1437194,-0.7026367
DB12-REZJIR02_clean_repeat,144.27106,152.0
DB12-MAPFOY_clean_repeat,84.17074,88.8125
DB12-XOVPIH_clean_repeat,120.31969,116.5625
DB12-WIKXAQ_clean_repeat,179.5552,170.375
DB12-XAPCOH_clean_repeat,197.05489,195.375
DB12-EJIDUW01_clean_repeat,109.59305,104.25
DB12-ROLCEC18_clean_repeat,0.0,-3.2714844
DB12-SEFSOM_clean_repeat,104.30763,102.8125
DB12-EXIDOF_clean_repeat,167.68715,175.75
DB12-VUKHOZ_clean_repeat,151.38399,150.75
DB12-SOXDAM_clean_repeat,152.95934,154.625
DB12-MAZTIR_clean_repeat,112.786064,122.8125
DB12-ic100188w_si_002_clean_repeat,92.83002,88.0625
DB12-GEDTAM_clean_repeat,216.0696,206.375
DB12-RULVUP_clean_repeat,109.66776,123.6875
DB12-CIFJAE_clean_repeat,162.3887,150.125
DB12-OGAGEJ_clean_repeat,188.65527,162.125
DB12-GURZID01_clean_repeat,108.955444,103.375
DB12-LUCDES_clean_repeat,224.2724,239.125
DB12-DIDDOK_clean_repeat,256.29776,249.75
DB12-OBAJAF_clean_repeat,181.50258,177.75
DB12-WEYQAU08_clean_repeat,194.90547,218.25
DB12-YOMVIG_clean_repeat,108.836784,98.5625
DB12-SOPPOD_clean_repeat,2.0717804,2.7363281
DB12-QUQFOY_clean_repeat,238.53856,251.0
DB12-SIWTOJ_clean_repeat,167.41927,155.125
DB12-SOHGUS_clean_repeat,226.22096,228.125
DB12-GUHPAC_clean_repeat,195.94348,207.125
DB12-FEFDAX_clean_repeat,234.57468,238.0
DB12-FIJDIM08_clean_repeat,142.71146,147.0
DB12-KEDJAG03_clean_repeat,201.02826,214.75
DB12-c6ra27069g_c6ra27069g2_clean_repeat,88.540245,90.5625
DB12-XAPCOJ03_clean_repeat,218.56805,201.375
DB12-XUNGUJ_clean_repeat,121.20068,125.875
DB12-TORXIJ_clean_repeat,162.37865,157.625
DB12-XUMVAD_clean_repeat,185.1345,205.625
DB12-HUFLUR_clean_repeat,132.46669,154.125
DB12-BOJCIN_clean_repeat,98.39957,95.75
DB12-UTEXIB_clean_repeat,173.52846,175.625
DB12-PEPKUR_clean_repeat,122.275024,113.8125
DB12-ROLCEC16_clean_repeat,0.0,-0.8808594
DB12-FEXCES_clean_repeat,185.81952,200.375
DB12-WUYXAR_clean_repeat,219.34029,219.5
DB12-UZIJUJ_clean_repeat,191.64763,188.375
DB12-TAGSEB_clean_repeat,114.220604,108.4375
DB12-KIJRUS_clean_repeat,247.205,249.375
DB12-LAVTIN_clean_repeat,191.79352,204.875
DB12-BEXSEE_clean_repeat,146.10997,150.375
DB12-HIWXER_clean_repeat,0.0034682774,8.6640625
DB12-RUGHUY_clean_repeat,77.10682,103.3125
DB12-OQOJUB_clean_repeat,98.218544,101.375
DB12-XOFPEP01_clean_repeat,126.088455,116.4375
DB12-UNECOH_clean_repeat,203.65582,191.875
DB12-HAZGOF05_clean_h_repeat,65.47166,75.875
DB12-XIQHIO_clean_repeat,13.94235,13.2578125
DB12-KOSKIO01_clean_repeat,211.38765,211.875
DB12-COWBEX_clean_repeat,47.932625,53.75
DB12-ZOHBUV_clean_repeat,39.259785,41.1875
DB12-NEVVAM_clean_repeat,151.91849,156.75
DB12-QIXSOG_clean_repeat,180.65488,171.375
DB12-KIYMEM_clean_repeat,173.0787,166.375
DB12-COXHIH_clean_repeat,177.12268,169.5
DB12-NEXVET_clean_repeat,228.91084,244.875
DB12-MOYNIY_clean_repeat,116.25022,104.8125
DB12-HAWWAF_clean_repeat,166.82664,164.125
DB12-OBOGUK_clean_repeat,240.95737,253.75
DB12-SOJKOT03_clean_repeat,18.811537,29.34375
DB12-DADLEC_clean_repeat,102.63633,110.5
DB12-ZOFZOL_clean_repeat,237.74332,249.75
DB12-BOVHEB_clean_repeat,132.9364,129.25
DB12-LUPYAX_clean_repeat,198.89694,188.5
DB12-XIDBUJ_clean_repeat,179.75685,183.875
DB12-TAJXIO_clean_repeat,30.384855,34.34375
DB12-QOZPOM_clean_repeat,162.22247,157.125
DB12-QUJKOX_clean_repeat,148.45813,134.25
DB12-AWEGEP_clean_repeat,144.31512,140.375
DB12-OBENUF_clean_repeat,46.961506,42.5625
DB12-UWALEL_clean_repeat,188.8072,177.5
DB12-GUFBUG_clean_repeat,125.10138,123.75
DB12-XAQTEO_clean_repeat,111.3665,120.6875
DB12-VAZLEP01_clean_repeat,4.489699,5.578125
DB12-LUSHOX03_clean_repeat,134.57826,133.875
DB12-DEQFOU_clean_repeat,158.60265,152.5
DB12-FAHBIC_clean_repeat,128.664,125.3125
DB12-ORIWET_clean_repeat,218.2289,218.375
DB12-TISHAF_clean_repeat,236.61041,251.125
DB12-ENANIS_clean_repeat,110.43844,106.25
DB12-MUVNAT_clean_repeat,131.5943,132.375
DB12-DAWCOV_clean_repeat,208.26764,220.125
DB12-ASIVAB_clean_repeat,252.92792,262.25
DB12-MEHPAQ_clean_repeat,0.00042824264,-0.6977539
DB12-CUXFIL_clean_repeat,148.70284,134.0
DB12-DACXOV_clean_repeat,91.29208,89.9375
DB12-GOKBUE_clean_repeat,114.791115,129.375
DB12-CUVHIL02_clean_h_repeat,156.14287,161.25
DB12-UXABOL_clean_repeat,87.81647,70.1875
DB12-CEZFIY_clean_repeat,127.28655,116.4375
DB12-QOHTUD_clean_repeat,99.8836,102.0625
DB12-ABAVIJ_clean_repeat,56.389324,45.875
DB12-WARWOC_clean_repeat,40.286663,46.0
DB12-UKAPUS_clean_repeat,196.65997,198.375
DB12-BEXQIF_clean_repeat,163.4697,166.625
DB12-REZJIR_clean_repeat,143.40149,137.375
DB12-CUFGOB_clean_repeat,28.346651,29.421875
DB12-LUWYUY_clean_repeat,50.258392,55.65625
DB12-ASAHEJ_clean_repeat,146.19691,143.875
DB12-SURDOA_clean_repeat,91.819916,96.75
DB12-GITVEL01_clean_repeat,190.48183,184.625
DB12-BUXZAX_clean_repeat,194.59566,202.5
DB12-MAJHUC_clean_repeat,42.99215,57.78125
DB12-KOSLAH_clean_repeat,230.3417,227.75
DB12-ZAXWAY_clean_repeat,86.22022,83.4375
DB12-KUQXIE_clean_repeat,104.32913,99.5625
DB12-SAKFAO_clean_repeat,111.206726,122.625
DB12-CAJQIP_clean_repeat,249.3046,256.75
DB12-CIGFEF_clean_repeat,167.74034,155.125
DB12-XUGROI_clean_repeat,242.51411,240.875
DB12-JAJLEO_clean_repeat,100.64746,103.6875
DB12-YOZRUC_clean_repeat,162.98701,104.0625
DB12-CESYEF01_clean_repeat,0.001948269,-5.2460938
DB12-TUJGIQ_clean_repeat,114.34523,117.625
DB12-ZERNUH_clean_repeat,71.598404,75.125
DB12-ECOROD_clean_repeat,108.48716,110.1875
DB12-XUZXUN_clean_repeat,163.48106,158.875
DB12-MAFJIO_clean_repeat,244.29399,235.375
DB12-GUXLIU_clean_repeat,149.46172,149.25
DB12-DICKEH_clean_repeat,249.26431,245.75
DB12-AHEQAH_clean_repeat,254.62126,247.375
DB12-GAMVAS_clean_repeat,44.882812,39.75
DB12-TEWGEJ_clean_repeat,130.53954,131.625
DB12-ACAJIZ_clean_repeat,106.709724,96.375
DB12-SUFJOU_clean_repeat,163.05101,168.125
DB12-jp102463p_si_002_clean_repeat,214.66425,210.875
DB12-IQINAZ_clean_repeat,136.68307,122.5625
DB12-ZEZQEC_clean_repeat,170.23312,192.875
DB12-SEQTEP_clean_repeat,164.28864,171.625
DB12-AHOKAJ_clean_repeat,8.609214,8.703125
DB12-VIVXOP_clean_repeat,156.71391,147.5
DB12-RUMRUO_clean_repeat,76.401024,70.9375
DB12-QUXRUY_clean_repeat,59.564346,46.40625
DB12-IHOTEG_clean_repeat,13.493424,13.671875
DB12-SETQEP_clean_repeat,126.801796,116.6875
DB12-ERAHOV_clean_repeat,252.11565,250.0
DB12-VUHNET_clean_repeat,176.61404,168.875
DB12-WECFAN01_clean_repeat,84.08876,94.1875
DB12-QADXAX_clean_repeat,118.415016,113.25
DB12-QUMJEP_clean_repeat,43.236538,57.625
DB12-HALVAU_clean_repeat,181.96074,189.125
DB12-IKUTOZ_clean_repeat,205.45607,211.25
DB12-JUJZEV_clean_repeat,78.199524,79.0
DB12-REGRIG_clean_repeat,240.7823,247.0
DB12-VUKRUQ_clean_repeat,218.4877,209.375
DB12-PAQJUM_clean_repeat,113.17892,100.0625
DB12-GAXWAF_clean_repeat,160.51988,171.0
DB12-TAJXIO05_clean_repeat,10.591071,18.46875
DB12-QUVFET_clean_repeat,101.26856,78.9375
DB12-ZAVRIZ_clean_repeat,161.0549,147.125
DB12-RUGGOR_clean_repeat,138.82709,142.375
DB12-WALKAY_clean_repeat,96.90771,126.9375
DB12-HAWVUY_clean_repeat,164.96413,164.75
DB12-PAPKUP_clean_repeat,41.37411,45.3125
DB12-YUZBUS_clean_repeat,68.29095,75.9375
DB12-MIVNUB_clean_repeat,43.935932,40.25
DB12-XAKQOR_clean_repeat,171.32681,171.125
DB12-EMAMOW_clean_repeat,104.753494,116.625
DB12-VEDFIV_clean_repeat,169.00671,170.875
DB12-OLOPEM_clean_repeat,104.01218,113.3125
DB12-RIPTAM_clean_repeat,132.38673,127.8125
DB12-QIJLAW_clean_repeat,159.18735,161.375
DB12-VONBIK_clean_repeat,73.77168,72.0
DB12-WENKEH_clean_repeat,90.395645,99.375
DB12-BEPVID_clean_repeat,91.811295,102.6875
DB12-IYASOS_clean_repeat,158.36908,164.125
DB12-NEKBEL_clean_repeat,94.12875,111.1875
DB12-YAPYUK_clean_repeat,60.865143,74.3125
DB12-HAQJIV_clean_repeat,267.4736,256.0
DB12-FORPIM_clean_repeat,209.15315,225.375
DB12-REYCOP_clean_repeat,51.970444,50.84375
DB12-QIYDIN_clean_repeat,157.63588,163.625
DB12-YUDFIO_clean_repeat,170.39264,173.625
DB12-DUQYEU_clean_repeat,186.09566,171.125
DB12-CIWROQ_clean_repeat,198.42455,192.0
DB12-LECGAD_clean_repeat,134.93832,139.375
DB12-JOSNAG_clean_repeat,121.005,119.6875
DB12-MAXJEC_clean_repeat,0.00024396439,-1.3671875
DB12-RIYBOS_clean_repeat,211.68549,199.5
DB12-NAHFOU_clean_repeat,105.02469,103.5625
DB12-HEDCEA_clean_repeat,99.90943,87.3125
DB12-YEMLOS_clean_repeat,0.41828454,-0.48486328
DB12-MASMIC_clean_repeat,260.1674,253.125
DB12-EPOXAJ_clean_repeat,118.301125,118.5
DB12-OFUDUQ_clean_repeat,25.616142,31.078125
DB12-AFITUF_clean_repeat,137.53403,143.75
DB12-VUSKEA_clean_repeat,239.9644,237.0
DB12-KASPOL_clean_repeat,113.57944,128.5
DB12-REWSUJ_clean_repeat,151.04237,166.0
DB12-KEFFEI_clean_repeat,122.04497,110.25
DB12-DARJOX_clean_repeat,155.24664,137.5
DB12-GOLYUD_clean_repeat,72.93453,78.75
DB12-ELIKOA_clean_repeat,139.31456,133.25
DB12-VAJTUX_clean_repeat,99.26013,100.875
DB12-VIXGEQ_clean_repeat,56.234936,56.875
DB12-WUSSEK_clean_repeat,174.6359,170.375
DB12-CDLGLU10_clean_repeat,3.516041,-0.43139648
DB12-SANHIB_clean_repeat,157.61864,164.125
DB12-VARREL_clean_repeat,88.81966,90.9375
DB12-MABJUV01_clean_repeat,63.467148,59.0625
DB12-WESYAV_clean_repeat,124.243866,134.0
DB12-KOMHAW_clean_repeat,120.9283,109.5625
DB12-NOCLUN_clean_repeat,172.81364,184.25
DB12-IGINIX01_clean_repeat,176.07613,186.875
DB12-YITHOA01_clean_repeat,52.596344,61.21875
DB12-TACFIN_clean_repeat,149.80707,145.5
DB12-SOCLAZ_clean_repeat,53.019985,46.53125
DB12-CAKYAQ_clean_repeat,116.1872,116.0
DB12-ZEZPUR_clean_repeat,171.232,180.0
DB12-FATKUI_clean_repeat,114.335304,118.8125
DB12-ZONBAH_clean_repeat,117.06359,117.0
DB12-ACOLIP_clean_repeat,152.97066,131.75
DB12-BUVHEH_clean_repeat,199.69669,199.625
DB12-ic501849g_si_002_clean_repeat,173.54251,191.25
DB12-UMODEH12_clean_repeat,223.01382,216.25
DB12-DAWWEF_clean_repeat,197.62538,200.625
DB12-POHMAC_clean_repeat,99.762924,98.0625
DB12-PUJJEL_clean_repeat,185.99457,197.125
DB12-RANPAA_clean_repeat,205.81125,171.375
DB12-OWIZAW_clean_repeat,221.15263,249.625
DB12-MUGQAI_clean_repeat,62.499184,50.125
DB12-OCUSUB_clean_repeat,136.69533,137.125
DB12-QADKAH_clean_repeat,146.78018,135.0
DB12-ROQDIM_clean_repeat,121.56627,122.375
DB12-MAWTUC_clean_repeat,195.78781,174.625
DB12-SOVLEW_clean_repeat,238.23807,241.75
DB12-QITDII_clean_repeat,44.483215,39.09375
DB12-cm503311x_F-mil-53-Al-lp-mono_clean_repeat,244.00923,245.75
DB12-SEHTEF_clean_repeat,222.2337,213.25
DB12-BUBTUP_clean_repeat,134.88817,128.625
DB12-RETBEZ_clean_repeat,116.922485,110.9375
DB12-SEQSIS_clean_repeat,122.801765,137.5
DB12-YUXQOY_clean_repeat,217.19801,220.375
DB12-SISPUH_clean_repeat,137.63423,129.625
DB12-WARJAC_clean_repeat,156.36519,162.5
DB12-VAGTAA01_clean_repeat,185.80643,203.25
DB12-NERVOV_clean_repeat,86.558205,80.375
DB12-DONXUB_clean_repeat,115.68369,108.0
DB12-CDLGLU12_clean_repeat,4.74878,11.1328125
DB12-CODKOX_clean_repeat,4.115905,9.671875
DB12-ZERNOB_clean_repeat,69.522804,83.375
DB12-XUMNEA_clean_repeat,93.54299,77.125
DB12-BETGAK_clean_repeat,212.61441,211.25
DB12-OPIPUZ_clean_repeat,105.56781,95.1875
DB12-USUPUV_clean_repeat,72.48774,71.0
DB12-EZOBUR_clean_repeat,113.54962,117.125
DB12-NURMUJ_clean_repeat,202.99901,210.5
DB12-MOGVAG_clean_repeat,29.608849,37.25
DB12-YINCOP_clean_repeat,143.76772,126.1875
DB12-ZOFZIF_clean_repeat,237.68956,247.25
DB12-PUZKOM_clean_repeat,130.2659,124.75
DB12-MAQBIS_clean_repeat,243.75081,256.25
DB12-ZEDZAL_clean_repeat,202.34761,204.875
DB12-ZOZSEO_clean_repeat,25.71353,19.140625
DB12-OSIKUX_clean_h_repeat,201.6374,191.375
DB12-YOMVIG01_clean_repeat,109.022736,86.9375
DB12-ILIMOH_clean_repeat,115.28028,119.0
DB12-BONNIC_clean_repeat,66.57771,96.75
DB12-LAGVOG_clean_repeat,238.90767,229.875
DB12-JORSEQ_clean_repeat,130.38895,98.0
DB12-AFOVEX_clean_repeat,204.59535,187.375
DB12-YAWKOX_clean_repeat,195.03516,194.625
DB12-UZUNAF01_clean_repeat,124.32759,135.5
DB12-FINQOK_clean_repeat,171.22597,165.5
DB12-ERUFUS_clean_repeat,140.05452,139.0
DB12-WORREC_clean_repeat,263.73294,265.5
DB12-HURGUX01_clean_repeat,94.456085,95.6875
DB12-j.jssc.2016.09.008_mmc7_clean_repeat,126.65268,137.875
DB12-ETECOX_clean_repeat,220.82918,212.875
DB12-VOBRUB_clean_repeat,170.2952,132.875
DB12-IZEHAX_clean_repeat,125.687775,128.875
DB12-NARPAA_clean_repeat,45.032158,48.9375
DB12-AVESAW_clean_repeat,63.179195,65.0
DB12-KINFAQ_clean_repeat,213.66298,221.625
DB12-ZILBAZ_clean_repeat,127.00545,121.5625
DB12-ADUWIH_clean_repeat,214.7017,212.625
DB12-MIDCAF_clean_repeat,196.48677,203.375
DB12-YAGJOI_clean_repeat,163.77202,170.25
DB12-AYAWEE_clean_repeat,66.01975,76.8125
DB12-UMODEH20_clean_repeat,253.16794,243.0
DB12-XINYAW_clean_repeat,103.08302,103.0
DB12-HURGUX_clean_repeat,95.17888,92.25
DB12-EJULUS_clean_repeat,81.44391,73.375
DB12-NIBHOW_clean_repeat,186.84239,185.75
DB12-j.inoche.2015.03.028_inc05925-mmc2_clean_repeat,217.01903,203.75
DB12-WOJZAY_clean_repeat,199.04053,188.5
DB12-NUHQAK_clean_repeat,195.72069,199.75
DB12-WIJDAV_clean_repeat,141.80893,153.25
DB12-FUVGAG_clean_repeat,43.84407,54.0
DB12-TIXVON_clean_repeat,195.12297,178.625
DB12-j.jssc.2016.09.008_mmc8_clean_repeat,135.38959,133.875
DB12-GAMTEU_clean_repeat,126.436295,124.125
DB12-CAZNEY_clean_repeat,221.43526,208.25
DB12-VETMIS_clean_repeat,219.08339,215.25
DB12-POSGAH_clean_repeat,187.20338,190.125
DB12-TARVOX_clean_repeat,102.3139,118.4375
DB12-IBICED_clean_repeat,147.39551,152.0
DB12-LIVLUZ_clean_repeat,115.16402,138.25
DB12-VITZIJ_clean_repeat,170.30063,166.375
DB12-OXAZIX_clean_repeat,58.422237,65.875
DB12-WAHKUO_clean_repeat,262.5155,259.0
DB12-NAGQET_clean_repeat,120.28162,115.9375
DB12-BEDYEQ_clean_repeat,192.40584,205.25
DB12-WINCEC_clean_repeat,137.5802,134.0
DB12-TOXMUQ_clean_repeat,238.36969,222.75
DB12-KAYBIX_clean_repeat,159.45422,150.375
DB12-OWIJAH_clean_repeat,224.11972,205.25
DB12-GASSUR_clean_repeat,209.08507,199.875
DB12-NOCZAI_clean_repeat,66.78093,66.5
DB12-ZACHIX_clean_repeat,242.73634,235.0
DB12-PASMUT_clean_repeat,157.86555,148.125
DB12-RILVOZ_clean_repeat,115.60753,104.9375
DB12-ULUPUM01_clean_repeat,3.897452,3.9726562
DB12-GAJZAU_clean_repeat,111.52546,115.25
DB12-XAMDUM_clean_repeat,242.92271,250.0
DB12-VICSIL_clean_repeat,149.36018,159.25
DB12-BEPMAM_clean_repeat,177.00531,175.125
DB12-VORBUA_clean_repeat,110.6421,117.875
DB12-XARPAK_clean_repeat,194.19814,186.875
DB12-cg301725z_si_003_clean_repeat,159.67744,166.625
DB12-TAGVAB_clean_repeat,219.03021,214.25
DB12-OPOBIF_clean_repeat,30.668655,49.8125
DB12-REGREC_clean_repeat,241.94836,236.875
DB12-OXAMIK_clean_repeat,94.6226,94.5625
DB12-EKIJEP01_clean_repeat,0.24245393,1.3164062
DB12-GUDJOG_clean_repeat,195.11339,193.25
DB12-ETEKAQ_clean_repeat,205.56789,204.375
DB12-ZIHTEP_clean_repeat,65.399925,65.8125
DB12-WACLEU_clean_repeat,153.49384,162.375
DB12-GALCAZ_clean_repeat,159.35149,151.75
DB12-BAZDAJ_clean_repeat,44.26151,51.40625
DB12-EFEGOM_clean_repeat,154.566,161.125
DB12-RAVWES_clean_repeat,196.88042,186.375
DB12-XALCUJ_clean_repeat,133.35196,137.125
DB12-WORKOF_clean_repeat,213.23836,207.125
DB12-QETSOY_clean_repeat,84.61739,79.0625
DB12-PEGCAH_clean_repeat,91.146996,97.6875
DB12-NOFQOQ_clean_repeat,88.49841,100.5625
DB12-UMODEH24_clean_repeat,257.72296,275.75
DB12-COKNAT_clean_repeat,241.0018,235.75
DB12-ELIJUF_clean_repeat,140.14816,141.75
DB12-REWNEO01_clean_repeat,256.13547,269.0
DB12-cg500091k_si_002_clean_repeat,207.9883,221.125
DB12-VECWUX_clean_repeat,91.08418,100.875
DB12-VOCKUT_clean_repeat,74.04611,71.875
DB12-FIFPOA_clean_repeat,95.47949,107.6875
DB12-NIKDIU_clean_repeat,7.03238,13.5625
DB12-UZIGOB_clean_repeat,75.889145,68.8125
DB12-KULMIP_clean_repeat,21.435688,16.4375
DB12-GUPJEG01_clean_repeat,40.807384,66.375
DB12-XOVPON_clean_repeat,156.16078,137.875
DB12-DAWBIO_clean_repeat,102.965576,107.4375
DB12-LUFNAC_clean_repeat,198.70326,192.75
DB12-FAMQES_clean_repeat,251.58144,264.0
DB12-ABEFUL_clean_repeat,63.91069,75.125
DB12-QITYOI_clean_repeat,127.028206,132.875
DB12-TAJXIO04_clean_repeat,19.277071,27.75
DB12-DAGJED_clean_repeat,133.63098,151.5
DB12-CIYZUG_clean_repeat,46.31064,54.375
DB12-QOMSAO_clean_repeat,192.6648,189.75
DB12-NIMVIP_clean_repeat,0.00012645844,0.28222656
DB12-ROQNES03_clean_repeat,109.14765,115.25
DB12-IGUTUB_clean_repeat,86.80766,100.6875
DB12-LABNIO_clean_repeat,184.38069,184.25
DB12-RIGVOU_clean_repeat,85.240944,86.75
DB12-ZIMLEO_clean_repeat,213.75342,207.375
DB12-REXDEF_clean_repeat,166.27849,169.375
DB12-FUBDEM_clean_repeat,209.05986,204.0
DB12-CUNFOH01_clean_repeat,158.66107,166.25
DB12-KOSKIO_clean_repeat,215.11685,211.0
DB12-YOTSAD_clean_repeat,58.329754,48.875
DB12-SOVHOA_clean_repeat,162.26442,155.125
DB12-IBICON_clean_repeat,149.10188,137.0
DB12-ROQNES_clean_repeat,110.33519,109.125
DB12-BUVYEX_clean_repeat,99.35467,102.4375
DB12-OFAWEZ_clean_repeat,243.15858,253.0
DB12-SAKDEP_clean_repeat,110.54575,107.125
DB12-VEDFUH_clean_repeat,172.95631,175.125
DB12-EDOMAM_clean_repeat,230.9897,224.0
DB12-EGATOW_clean_repeat,201.7632,209.0
DB12-WEHJOK_clean_repeat,257.67435,240.25
DB12-ILOJEZ_clean_repeat,60.967438,77.375
DB12-WEMDID_clean_repeat,178.80568,166.75
DB12-DALSUH_clean_repeat,144.76932,141.75
DB12-VAGMEX_clean_repeat,225.84076,227.125
DB12-QAQSAD_clean_repeat,144.8583,143.375
DB12-EBIZUN_clean_repeat,252.33763,236.875
DB12-QQQGTA03_clean_repeat,67.380104,69.75
DB12-HABREJ_clean_repeat,209.97842,190.0
DB12-HURFEH_clean_repeat,186.34993,188.5
DB12-WEHHIC_clean_repeat,253.85783,261.5
DB12-JILXOS_clean_repeat,75.32496,77.5
DB12-YARDEC_clean_repeat,158.9769,151.875
DB12-WEYQAU15_clean_repeat,187.46596,187.0
DB12-ETIXEM_clean_repeat,52.227882,47.5625
DB12-WOPSOL01_clean_repeat,233.5781,222.0
DB12-UBULUA_clean_repeat,206.20209,209.5
DB12-NIHBEM01_clean_repeat,88.03612,94.0
DB12-AVIMIC_clean_repeat,51.270317,58.1875
DB12-RUBDUP_clean_repeat,173.7305,142.875
DB12-TOXNEB_clean_repeat,240.20268,231.25
DB12-RUWZOA_clean_repeat,119.873024,113.5625
DB12-HAZGOF_clean_repeat,82.80709,110.9375
DB12-ELUJEC_clean_repeat,116.317696,105.8125
DB12-TAKTIL_clean_repeat,228.76973,228.125
DB12-BALMUW01_clean_repeat,1.087053,5.5195312
DB12-FUVDEH07_clean_repeat,45.821564,44.0625
DB12-VAPFUP_clean_repeat,68.40176,74.375
DB12-VOGTIV_clean_h_repeat,234.38547,224.25
DB12-MAYKOO_clean_repeat,253.36989,241.875
DB12-VUQKAU01_clean_repeat,176.20958,156.375
DB12-DAPBED_clean_repeat,244.67783,245.625
DB12-LEDHEJ_clean_repeat,87.01413,95.625
DB12-CAKFEB01_clean_repeat,40.021477,54.40625
DB12-SADMIV_clean_repeat,0.009271548,3.5683594
DB12-ZAVREV_clean_repeat,162.44693,149.875
DB12-KEJBOQ_clean_h_repeat,159.25133,140.5
DB12-DUTKAG_clean_repeat,225.25896,211.625
DB12-ACOGEF_clean_repeat,153.8849,160.25
DB12-VIYZIO_clean_repeat,86.33367,90.0
DB12-BEFLUV_clean_repeat,151.8233,156.625
DB12-KUCDES_clean_repeat,169.33388,166.5
DB12-WIKYAQ_clean_repeat,76.88225,79.5
DB12-TUMGUD_clean_repeat,15.009534,10.4375
DB12-TUTZUD_clean_repeat,44.09425,32.8125
DB12-DUWBEE_clean_repeat,230.48582,242.875
DB12-NIHBIQ_clean_repeat,87.21676,90.9375
DB12-LULJAE_clean_repeat,203.25375,188.625
DB12-VAQLEG_clean_repeat,123.10199,137.375
DB12-QEBGAH_clean_repeat,153.61848,150.375
DB12-SARHEA_clean_repeat,233.26993,221.125
DB12-PEWLUA_clean_repeat,253.63112,268.25
DB12-RUMROI_clean_repeat,119.842255,122.0
DB12-LUSHOX01_clean_repeat,135.41632,130.75
DB12-SARHAW_clean_repeat,229.5395,237.125
DB12-ASALIP_clean_repeat,144.8191,123.1875
DB12-LAZXOB_clean_repeat,188.46428,162.125
DB12-YANBAR02_clean_repeat,87.984726,95.5
DB12-VAZKUE_clean_repeat,22.661617,7.7734375
DB12-YUZXAT_clean_repeat,91.700165,82.625
DB12-YERJEL_clean_repeat,13.522506,27.671875
DB12-QUPJAN_clean_repeat,119.480515,108.0625
DB12-QOTZEG_clean_repeat,184.80612,171.375
DB12-CIFDOM_clean_repeat,184.61292,174.5
DB12-IKETUO_clean_repeat,143.42099,138.125
DB12-GIYTAK_clean_repeat,187.18805,206.875
DB12-LUFNAC01_clean_repeat,199.89134,183.125
DB12-ZAGHAT_clean_repeat,150.27708,130.75
DB12-KEFBEE_clean_repeat,254.20395,250.25
DB12-PEXBIF_clean_repeat,67.09895,57.21875
DB12-IKETUN_clean_repeat,225.59058,237.25
DB12-HOJHUL_clean_repeat,59.468246,59.0625
DB12-EBATUZ_clean_repeat,270.79172,243.0
DB12-DUXKUD_clean_repeat,177.3584,161.375
DB12-IJASES_clean_repeat,93.42663,93.625
DB12-PITPEP_clean_repeat,216.12633,220.125
DB12-QAQRUW_clean_repeat,191.04507,187.125
DB12-EGAFOJ_clean_repeat,135.50888,127.4375
DB12-LERNEC_clean_repeat,102.30907,110.5
DB12-JOFKIA01_clean_repeat,113.53283,121.625
DB12-QEWDON_clean_repeat,135.97226,136.0
DB12-PAMHES_clean_repeat,139.43596,138.0
DB12-NAPZUB_clean_repeat,118.86024,127.875
DB12-SOPLAM_clean_repeat,229.57025,216.25
DB12-LAXGOH03_clean_repeat,16.79862,5.7382812
DB12-BUJKEW01_clean_repeat,128.86249,129.0
DB12-PORGAE_clean_repeat,106.75402,117.6875
DB12-RUWXAJ_clean_repeat,93.42897,94.75
DB12-OTAXOX_clean_repeat,82.443474,84.5
DB12-WUSGOI_clean_repeat,115.27272,112.6875
DB12-ZNGLUD01_clean_repeat,0.019288724,3.6582031
DB12-XACPEW_clean_repeat,70.85737,94.1875
DB12-GOYYEA_clean_repeat,82.79732,82.75
DB12-COWRIR_clean_repeat,131.84625,136.25
DB12-ic501898x_si_005_clean_repeat,125.80231,120.5625
DB12-AQUCOG_clean_repeat,231.41354,220.375
DB12-JUCXEK_clean_repeat,114.03233,108.8125
DB12-DOKHOB_clean_repeat,112.43503,89.625
DB12-HOWQEQ_clean_repeat,98.91066,80.5
DB12-EGAGEA_clean_repeat,139.57391,149.125
DB12-QUMYUT_clean_repeat,27.82816,20.4375
DB12-WEMFEB_clean_repeat,184.34534,166.125
DB12-PIBGAK_clean_repeat,156.81274,147.75
DB12-OKIQAB_clean_repeat,51.933277,47.875
DB12-CORZIU_clean_repeat,266.8729,278.5
DB12-LUJBAV_clean_repeat,48.94771,65.75
DB12-MAKRIC_clean_repeat,139.16605,134.625
DB12-KIHTOL_clean_repeat,21.493162,-2.2246094
DB12-DUDKOE_clean_repeat,255.28908,225.5
DB12-PUZLUS_clean_repeat,231.22993,235.125
DB12-EPOTAF_clean_repeat,260.36896,238.25
DB12-WAVQUF_clean_repeat,136.47777,120.1875
DB12-LARPEC_clean_repeat,205.40799,193.375
DB12-LUMZAW_clean_repeat,199.90411,187.25
DB12-COKMIA_clean_repeat,232.06548,223.5
DB12-ULOLEO_clean_repeat,172.10454,157.75
DB12-PELXIP_clean_repeat,94.37358,96.9375
DB12-NEYYUN_clean_repeat,224.75069,217.875
DB12-cg500033b_si_003_clean_repeat,96.88758,101.9375
DB12-KONCIA_clean_repeat,138.73582,124.25
DB12-EBIPOX_clean_repeat,178.13063,185.25
DB12-OBIBAF_clean_repeat,174.99286,189.375
DB12-ZARLEL_clean_repeat,200.9504,191.375
DB12-WUTBEU_clean_repeat,237.66356,245.5
DB12-EQUBIC_clean_repeat,118.56759,130.25
DB12-UFILUR02_clean_repeat,99.75593,83.8125
DB12-FARFIO_clean_repeat,171.03546,172.625
DB12-DOTTEM_clean_repeat,188.39421,195.625
DB12-XEGJOK_clean_repeat,195.51591,184.625
DB12-QIWCOQ_clean_repeat,223.20651,214.625
DB12-MAJHOW_clean_repeat,105.13028,100.25
DB12-cg301725z_si_004_clean_repeat,195.51797,192.375
DB12-HADXIW_clean_repeat,107.097336,90.6875
DB12-KIVFEC_clean_repeat,129.40903,127.375
DB12-GUKZAO_clean_repeat,187.13698,201.25
DB12-jz4002345_si_005_clean_repeat,160.11972,172.0
DB12-QOSJEP_clean_repeat,161.63416,158.875
DB12-CISLUN_clean_repeat,178.60437,193.0
DB12-JUXFOZ_clean_repeat,235.7386,248.375
DB12-AVIHIY_clean_repeat,192.51782,196.125
DB12-UBECEM_clean_repeat,150.65755,149.0
DB12-HIFTOG02_clean_repeat,179.53003,192.25
DB12-ic502730y_si_002_clean_repeat,177.60231,196.75
DB12-PUDSIR01_clean_repeat,204.5829,215.75
DB12-AWOFOI_clean_repeat,219.13423,189.125
DB12-DOCKOW_clean_repeat,84.92586,89.4375
DB12-ZERQOE_clean_repeat,69.90756,59.6875
DB12-YOPQEB_clean_repeat,70.0765,50.96875
DB12-GARQAU_clean_repeat,129.46529,110.8125
DB12-SITTUM_clean_repeat,81.87197,76.125
DB12-CAKYEU_clean_repeat,116.65544,125.75
DB12-LITCOI_clean_repeat,217.16837,205.375
DB12-OZUKUR01_clean_repeat,217.81522,191.375
DB12-LEVYOC_clean_repeat,104.565094,82.375
DB12-GUWDUY_clean_repeat,154.06958,160.375
DB12-AQUCUM_clean_repeat,234.65962,242.0
DB12-ic5b00194_si_002_clean_repeat,257.6269,250.625
DB12-AYUPOZ_clean_repeat,41.39189,43.09375
DB12-XEXMEU_clean_repeat,177.48924,184.5
DB12-ULUQAV_clean_repeat,43.522724,47.875
DB12-LUWMOH_clean_repeat,206.17418,208.25
DB12-CIFDUS_clean_repeat,172.74283,167.875
DB12-EZUCIM_clean_repeat,183.77902,179.375
DB12-OSIXEU_clean_repeat,69.7986,73.8125
DB12-TUBCEA_clean_repeat,108.92919,103.6875
DB12-YUDFOU_clean_repeat,172.01466,177.75
DB12-HGCNCO_clean_repeat,128.45546,133.25
DB12-LAGMUD_clean_repeat,198.85463,186.0
DB12-LEDLEN_clean_repeat,190.1417,201.75
DB12-FOHRUR_clean_repeat,5.7906814,11.3203125
DB12-COQJAV_clean_repeat,118.9086,91.0
DB12-HAJLOU_clean_repeat,39.5427,42.1875
DB12-XAFBEN_clean_repeat,191.86229,185.25
DB12-AVAQIX_clean_repeat,158.6677,153.375
DB12-NEYYIZ_clean_repeat,122.02561,131.0
DB12-SUKREX_clean_repeat,101.37682,104.0
DB12-DIBXAO_clean_repeat,83.04988,80.5
DB12-POJTUE_clean_repeat,0.0008250854,-0.3737793
DB12-NUXMAU_clean_repeat,138.47269,113.25
DB12-OKABAE_clean_repeat,231.84174,217.875
DB12-IDIWIB_clean_repeat,167.5269,178.25
DB12-CURBOH_clean_repeat,181.71222,173.375
DB12-ALAMUW_clean_repeat,255.4514,233.0
DB12-VALZIU_clean_repeat,151.44545,121.0
DB12-PIZQUM_clean_repeat,143.2525,121.875
DB12-HIBGIJ_clean_repeat,86.910614,70.5625
DB12-IWOSAP_clean_repeat,75.099495,63.78125
DB12-KEYFUR_clean_repeat,41.70575,42.0
DB12-KOSJOT_clean_repeat,217.65091,211.25
DB12-XEHSEJ_clean_repeat,91.581924,93.1875
DB12-NIRDEX_clean_repeat,0.0152063705,0.5336914
DB12-UXEQOE_clean_repeat,125.015465,129.5
DB12-UMUBOV_clean_repeat,258.50378,259.5
DB12-REJLIC_clean_repeat,180.75694,185.5
DB12-MARLID_clean_repeat,63.89382,71.5
DB12-CUWYAW_clean_repeat,213.82997,227.125
DB12-PAMTOO_clean_repeat,223.06833,222.5
DB12-FEYQIK_clean_repeat,157.17912,153.5
DB12-BUXNOZ_clean_repeat,217.53012,225.25
DB12-GEGGIK_clean_repeat,115.52865,106.25
DB12-ATIBOU02_clean_repeat,87.97241,85.0625
DB12-DOGZIJ_clean_repeat,97.27445,103.0
DB12-HOXGEH_clean_repeat,73.7031,67.3125
DB12-LUMZEA_clean_repeat,83.01373,60.21875
DB12-BELTUJ_clean_repeat,145.10216,161.625
DB12-DEBGIA_clean_repeat,118.80619,104.5625
DB12-ISIKIF_clean_repeat,67.242584,52.21875
DB12-ORUKOD_clean_repeat,99.075714,97.75
DB12-LUFNAC02_clean_repeat,199.67271,192.125
DB12-VAHJIA_clean_repeat,132.90054,130.125
DB12-HOVGIK_clean_repeat,150.96458,136.75
DB12-BUVYIB_clean_repeat,233.51724,208.0
DB12-IKOPIJ_clean_repeat,177.85347,183.625
DB12-GIDKOU_clean_repeat,121.85622,112.4375
DB12-AVIPOL_clean_repeat,170.0136,167.375
DB12-JEMNAR_clean_repeat,118.80868,105.625
DB12-NIKZAJ01_clean_repeat,89.844086,89.6875
DB12-OBEPER_clean_repeat,0.3064073,-0.52246094
DB12-PABXAT_clean_repeat,105.02629,100.8125
DB12-QUDJIJ_clean_repeat,169.44798,188.125
DB12-KABNIL_clean_repeat,163.40411,148.625
DB12-VAMQIM_clean_repeat,233.7198,228.375
DB12-XOJWEZ_clean_repeat,94.22698,94.0625
DB12-EYULOA_clean_repeat,104.06155,100.4375
DB12-WORKUL_clean_repeat,216.55716,194.375
DB12-VELVIS_clean_repeat,82.84279,88.8125
DB12-CUKXOW_clean_repeat,137.84511,127.8125
DB12-WOPDEL_clean_repeat,58.22423,55.625
DB12-KOLWEO_clean_repeat,103.56601,98.5
DB12-GULBAR_clean_repeat,115.55111,114.5
DB12-ZEDZAL01_clean_repeat,202.0915,182.875
DB12-KUTHOY_clean_repeat,115.23349,118.25
DB12-VOYWUB_clean_h_repeat,0.0005132016,-3.2363281
DB12-ZIYPUU_clean_repeat,119.65822,114.125
DB12-EDOYOL_clean_repeat,113.414,124.8125
DB12-YURKAY_clean_repeat,236.9442,237.0
DB12-ADAXEK_clean_repeat,141.27467,133.125
DB12-ICOWON_clean_repeat,158.76405,179.75
DB12-POLDUQ_clean_repeat,104.17408,109.25
DB12-JEXXAM_clean_repeat,0.0,2.1738281
DB12-ECUDAI_clean_repeat,116.2718,122.8125
DB12-BEYSEF_clean_repeat,159.87186,169.875
DB12-MACHIJ_clean_repeat,189.39882,195.375
DB12-NIBJAK_clean_repeat,162.61224,169.25
DB12-XAMDUM04_clean_repeat,248.35172,248.5
DB12-TIRRIW_clean_repeat,156.9874,180.875
DB12-XUNHAQ_clean_repeat,145.42757,146.75
DB12-QIZLIW_clean_repeat,154.7836,167.625
DB12-XOTGUI_clean_repeat,178.79384,181.25
DB12-ATIBAG_clean_repeat,87.440094,95.0625
DB12-LAGHIL_clean_repeat,124.220146,144.125
DB12-OYIVOI_clean_repeat,140.08353,150.25
DB12-APAYUN_clean_repeat,208.85144,232.625
DB12-LUJPUC_clean_repeat,129.86719,138.5
DB12-VAMQOS_clean_repeat,234.21306,232.5
DB12-YIWBEN_clean_repeat,181.2299,198.375
DB12-PEPLAY_clean_repeat,177.70009,197.0
DB12-IGAHED02_clean_repeat,121.7809,139.875
DB12-JEMQEY_clean_repeat,0.23408537,-0.02772522
DB12-DOKBUC_clean_repeat,0.020213053,24.515625
DB12-FIJDIM03_clean_repeat,138.02634,172.625
DB12-ALURIJ_clean_repeat,157.57578,157.5
DB12-EQOCES_clean_repeat,95.294655,99.4375
DB12-KAVGAQ_clean_repeat,172.26506,201.25
DB12-UGAQEY_clean_repeat,131.42078,152.25
DB12-REDYEG_clean_repeat,89.5799,106.5625
DB12-GIRFUJ_clean_repeat,1.9843732,6.3007812
DB12-NABCIE_clean_repeat,57.375072,64.375
DB12-BUSNAF_clean_repeat,109.32929,111.0
DB12-OCUMIL_clean_repeat,146.8498,160.625
DB12-LUKRIS_clean_repeat,45.400463,68.75
DB12-OZUKOL_clean_repeat,226.72949,233.375
DB12-KIFKAM_clean_repeat,97.69839,110.0625
DB12-COXCUP_clean_repeat,34.982754,51.0
DB12-PAKXIK_clean_repeat,160.5496,179.25
DB12-XIBZUF_clean_repeat,222.05228,235.5
DB12-IZEQUB_clean_repeat,186.52933,205.125
DB12-MAKGEN_clean_repeat,53.069866,61.75
DB12-ECASOS_clean_repeat,1.5162318,21.25
DB12-VUCDEE_clean_repeat,113.424164,120.875
DB12-COYTEQ_clean_repeat,158.66214,155.625
DB12-GOMREG_clean_repeat,107.136284,112.625
DB12-HOGLEV_clean_repeat,248.30344,262.25
DB12-RAZGOQ_clean_repeat,114.41699,128.875
DB12-KEDQAN_clean_repeat,116.75382,139.5
DB12-DIHVIB01_clean_repeat,237.28993,247.75
DB12-DEYXIQ_clean_repeat,162.23297,170.125
DB12-EQUBOI_clean_repeat,120.61778,145.75
DB12-IXELAA_clean_repeat,0.7053286,17.734375
DB12-CAJHUS04_clean_repeat,0.0,3.9824219
DB12-XEHSUZ_clean_repeat,92.52025,109.8125
DB12-DODHUA_clean_repeat,61.78198,47.84375
DB12-TUMGOX_clean_repeat,36.400078,59.8125
DB12-SARTIR_clean_repeat,222.00156,241.75
DB12-POXHOA_clean_repeat,81.30867,93.875
DB12-VILXOE_clean_repeat,120.98302,138.5
DB12-LIJXEI_clean_repeat,67.63218,84.125
DB12-ETEQUQ_clean_repeat,143.35974,148.125
DB12-XUMMUP_clean_repeat,163.23225,172.25
DB12-EXEXAH_clean_repeat,175.52931,208.0
DB12-ILOTOT_clean_repeat,79.697014,55.21875
DB12-KIHTOL_clean_repeat,21.493162,33.5
DB12-OSAVEK_clean_repeat,151.77896,149.375
DB12-JIZJOT_clean_repeat,138.32881,138.75
DB12-ECAHOH_clean_repeat,113.20833,112.1875
DB12-DOHYIJ01_clean_repeat,79.51119,67.0625
DB12-LERNAY02_clean_repeat,100.168724,104.9375
DB12-FOFTUR_clean_repeat,175.94531,171.375
DB12-NURMUJ_clean_repeat,202.99901,180.0
DB12-ILIMOH_clean_repeat,115.28028,116.875
DB12-IXAKAU_clean_repeat,219.44406,238.25
DB12-MAJHOW_clean_repeat,105.13028,114.6875
DB12-CSMNOX_clean_repeat,0.026568025,0.1796875
DB12-ORUKOD_clean_repeat,99.075714,95.5625
DB12-GITVEL_clean_repeat,190.44333,188.625
DB12-WOBHEB_clean_repeat,236.13046,230.375
DB12-NOPJOT_clean_repeat,201.36313,212.5
DB12-OTECAT_clean_repeat,262.84314,267.75
DB12-OPOZEZ_clean_repeat,148.90968,143.125
DB12-BUQWER_clean_repeat,121.214264,118.125
DB12-ESEHIV_clean_repeat,114.25394,101.3125
DB12-MEFYUT_clean_repeat,180.16075,190.5
DB12-RUMRUO_clean_repeat,76.401024,85.0
DB12-MOYYEF_clean_repeat,194.20279,198.25
DB12-UMUTOM_clean_repeat,77.564125,81.4375
DB12-APARAM_clean_repeat,157.05469,148.25
DB12-ELUJEC_clean_repeat,116.317696,117.1875
DB12-IHIMAP_clean_repeat,77.39975,79.9375
DB12-UMODEH_clean_repeat,257.95206,256.5
DB12-ic5b00194_si_002_clean_repeat,257.6269,251.125
DB12-MAKGOX_clean_repeat,58.54102,77.4375
DB12-OMIPAD_clean_repeat,90.76599,76.875
DB12-BEFMOQ_clean_repeat,137.3295,125.5
DB12-KOPXOE_clean_repeat,31.584793,55.53125
DB12-KEDJAG28_clean_repeat,200.48892,210.75
DB12-HIFTOG01_clean_repeat,232.19911,246.75
DB12-ZEDZAL01_clean_repeat,202.0915,200.25
DB12-QUMYUT_clean_repeat,27.82816,32.5625
DB12-NOHFOG_clean_repeat,152.53883,151.5
DB12-OWIJOV_clean_repeat,225.99532,234.5
DB12-EMUBOF_clean_repeat,201.9852,200.5
DB12-ASALOV_clean_repeat,76.904205,75.625
DB12-VIWKOD_clean_repeat,156.9611,150.625
DB12-CUYWUP_clean_repeat,217.28871,202.5
DB12-YAWKOX_clean_repeat,195.03516,178.125
DB12-NEDVUP_clean_repeat,209.41025,216.75
DB12-PANYEL_clean_repeat,74.02444,80.5
DB12-UXABUR_clean_repeat,34.672455,41.65625
DB12-JEXXAM06_clean_repeat,0.0,-2.7207031
DB12-MAKRIC_clean_repeat,139.16605,132.875
DB12-TOKDON_clean_repeat,242.4074,222.625
DB12-DUKYOZ_clean_repeat,3.828386,25.734375
DB12-EQUBIC_clean_repeat,118.56759,117.5625
DB12-HURFEH_clean_repeat,186.34993,186.75
DB12-LUSHOX_clean_repeat,137.7723,140.875
DB12-DAHWAM_clean_repeat,45.230003,56.8125
DB12-VUKRUQ_clean_repeat,218.4877,218.75
DB12-WIFBAQ_clean_repeat,144.30518,120.1875
DB12-VASGUU_clean_repeat,230.94882,194.5
DB12-EGATEM_clean_repeat,205.10498,198.875
DB12-MEKDUC_clean_repeat,78.31465,98.4375
DB12-QIQTAN_clean_repeat,101.81083,112.75
DB12-TAKHAR_clean_repeat,147.24657,153.75
DB12-DALTAO_clean_repeat,146.45975,152.625
DB12-ic502921j_si_002_clean_repeat,206.2618,215.625
DB12-ROYRII_clean_repeat,148.44524,163.25
DB12-LOTDIJ_clean_repeat,129.29602,121.0625
DB12-KIYMEM_clean_repeat,173.0787,159.5
DB12-NASREH_clean_repeat,234.59453,234.0
DB12-DAWCAH_clean_repeat,114.11071,116.875
DB12-YOPNUO_clean_repeat,100.86082,93.0625
DB12-SAJRUT_clean_repeat,229.58282,232.75
DB12-ETEJOD_clean_repeat,206.13942,188.75
DB12-DOYLEI_clean_repeat,146.71098,151.125
DB12-VAZLIT_clean_repeat,10.1347275,29.328125
DB12-FUDHAP_clean_repeat,236.44589,226.0
DB12-EBEMII_clean_repeat,74.34295,68.0
DB12-RAVWAO_clean_repeat,200.14502,211.125
DB12-UMOBEF01_clean_repeat,254.87352,246.125
DB12-FOFHUE_clean_repeat,147.07127,139.75
DB12-VOCKUT_clean_repeat,74.04611,89.1875
DB12-FIJDIM05_clean_repeat,140.14638,134.875
DB12-XEJJOM_clean_repeat,51.8971,64.1875
DB12-NANNAU_clean_repeat,68.3101,53.6875
DB12-LADWAR_clean_repeat,99.12214,99.75
DB12-VAZLOZ_clean_repeat,11.428978,19.21875
DB12-GONNAA_clean_repeat,212.51459,221.5
DB12-IZUMUM_clean_repeat,120.529854,127.1875
DB12-UNECOH_clean_repeat,203.65582,204.75
DB12-KUTHOY_clean_repeat,115.23349,106.9375
DB12-UXEQOE_clean_repeat,125.015465,121.125
DB12-VAQLAC_clean_repeat,90.18539,55.5625
DB12-RUYQIN02_clean_repeat,182.96568,174.0
DB12-FAFDEX_clean_repeat,123.8179,112.625
DB12-FEYJOJ_clean_repeat,240.99556,255.5
DB12-YAZWOM_clean_repeat,82.07794,91.125
DB12-LIWFUS_clean_repeat,130.09236,106.9375
DB12-HIWXER_clean_repeat,0.0034682774,2.03125
DB12-ILINIC_clean_repeat,109.53109,111.9375
DB12-VIVXOP_clean_repeat,156.71391,140.0
DB12-DIBXAO_clean_repeat,83.04988,78.375
DB12-USUBUG_clean_repeat,193.51363,195.125
DB12-ECODEG_clean_repeat,162.1923,160.625
DB12-WEYQAU15_clean_repeat,187.46596,174.0
DB12-GACQAE_clean_repeat,222.93736,225.25
DB12-DOYBEA_clean_repeat,154.28314,146.75
DB12-VANXUD_clean_repeat,143.19688,144.875
DB12-CAKFEB_clean_repeat,44.876446,33.34375
DB12-FEYQIK_clean_repeat,157.17912,156.375
DB12-ERAHOV_clean_repeat,252.11565,246.375
DB12-EKIJEP01_clean_repeat,0.24245393,0.51904297
DB12-ECEDEY_clean_repeat,164.57317,158.25
DB12-EVUQUI_clean_repeat,123.34188,123.4375
DB12-VEMMIK_clean_repeat,206.93103,205.25
DB12-KEXKAB_clean_repeat,133.27682,122.5
DB12-MUHNAG_clean_repeat,99.33282,105.5
DB12-VONBIK_clean_repeat,73.77168,67.0625
DB12-CUNWEO_clean_repeat,145.4298,165.5
DB12-LIHRIE_clean_repeat,155.06892,149.375
DB12-DOQHIB_clean_repeat,132.41214,141.625
DB12-ROQFUA_clean_repeat,107.45223,116.5625
DB12-HOZDIL_clean_repeat,48.40274,44.65625
DB12-YUZBIG_clean_repeat,68.268036,82.875
DB12-FIGQUJ_clean_repeat,60.94299,74.75
DB12-HUSGAE_clean_repeat,0.00012401592,1.4677734
DB12-XEDLUN01_clean_repeat,169.65971,152.5
DB12-UYAQAN_clean_repeat,108.08095,94.9375
DB12-POSGAH_clean_repeat,187.20338,194.75
DB12-QISNIR_clean_repeat,208.65508,182.0
DB12-NUVYOT_clean_repeat,116.280174,111.0625
DB12-QOWRAV10_clean_repeat,242.23808,230.125
DB12-VUJBEI_clean_repeat,245.7983,248.0
DB12-QULMIU_clean_repeat,162.9257,164.125
DB12-VUKHOZ_clean_repeat,151.38399,139.875
DB12-MOWQIZ_clean_repeat,61.963657,63.96875
DB12-ICIZOL_clean_repeat,145.51997,120.75
DB12-LALFUB_clean_repeat,132.21887,128.5
DB12-UVUDUM_clean_repeat,101.6829,97.0625
DB12-LAQNID_clean_repeat,254.1984,255.25
DB12-KIQKOK_clean_repeat,80.432785,86.25
DB12-NUYWEK_clean_repeat,61.937885,60.09375
DB12-EKETUL_clean_repeat,61.865696,47.4375
DB12-KIJRUS_clean_repeat,247.205,240.75
DB12-JOFKIA01_clean_repeat,113.53283,111.5
DB12-LERNEC_clean_repeat,102.30907,108.6875
DB12-TISNEQ_clean_repeat,13.7429285,14.609375
DB12-YUZRES_clean_repeat,160.48804,153.25
DB12-FIFNUE_clean_repeat,206.04167,206.875
DB12-ROQDIM03_clean_repeat,118.53915,122.625
DB12-RUWZIU_clean_repeat,104.29952,116.6875
DB12-IXEQIL_clean_repeat,68.620804,67.8125
DB12-RUYQIN01_clean_repeat,183.85481,198.0
DB12-DAWBUA_clean_repeat,112.396324,118.0625
DB12-REYPIW_clean_repeat,169.3878,159.0
DB12-YAPYUK_clean_repeat,60.865143,63.0625
DB12-OZUMAZ_clean_repeat,218.61244,226.75
DB12-HURGEH_clean_repeat,184.70595,189.125
DB12-CAKXOD_clean_repeat,115.19332,102.625
DB12-UZIZUZ_clean_repeat,118.425545,129.125
DB12-OFOCUI_clean_repeat,245.46216,222.75
DB12-DEKHUX_clean_repeat,160.03018,147.875
DB12-VONCOS_clean_repeat,181.25304,183.5
DB12-QOMDUS_clean_repeat,140.03809,133.625
DB12-YUDFIO_clean_repeat,170.39264,162.5
DB12-JEXXAM05_clean_repeat,0.0,1.4003906
DB12-YUGLES_clean_repeat,248.10727,246.5
DB12-SADMIV_clean_repeat,0.009271548,0.23461914
DB12-PUGHIK_clean_repeat,142.89247,135.75
DB12-ELILAN_clean_repeat,138.2696,135.75
DB12-LUDLED_clean_repeat,242.61829,258.0
DB12-MIDSUP01_clean_repeat,216.83092,230.875
DB12-KAYBIX_clean_repeat,159.45422,149.5
DB12-DIBPAH_clean_repeat,170.05504,166.625
DB12-YUZRAO_clean_repeat,160.63608,151.75
DB12-TISPAO_clean_repeat,209.35715,215.125
DB12-MAQJEW_clean_repeat,0.0,0.36694336
DB12-DIMDAG_clean_repeat,105.26383,113.375
DB12-VAMQOS_clean_repeat,234.21306,244.875
DB12-ja512437u_si_004_clean_repeat,148.89809,132.375
DB12-BARZOK_clean_repeat,59.48697,70.25
DB12-FIFMIS01_clean_repeat,111.5026,120.3125
DB12-KOSLAH_clean_repeat,230.3417,213.5
DB12-SOPLOA_clean_repeat,222.976,231.375
DB12-LUDLIH_clean_repeat,243.42378,233.25
DB12-KOZQEX_clean_repeat,223.49377,239.875
DB12-YOZNAE_clean_repeat,243.87956,262.75
DB12-WOPDEL_clean_repeat,58.22423,58.65625
DB12-TAFBIN_clean_repeat,68.98396,69.4375
DB12-XUMNEA_clean_repeat,93.54299,79.875
DB12-GAMVAS_clean_repeat,44.882812,46.03125
DB12-EZOBUR_clean_repeat,113.54962,137.375
DB12-SUNJOB_clean_repeat,194.93634,182.125
DB12-ADAXIO_clean_repeat,122.798485,129.25
DB12-QUGNOV_clean_repeat,55.08965,42.15625
DB12-SAKFAO_clean_repeat,111.206726,110.0
DB12-OKAYEG_clean_repeat,55.45864,51.5
DB12-HEDCAW_clean_repeat,197.36432,216.125
DB12-OKABAE_clean_repeat,231.84174,240.375
DB12-VOBGEA_clean_repeat,62.990353,49.46875
DB12-SARHAW_clean_repeat,229.5395,221.5
DB12-HUFLUR_clean_repeat,132.46669,145.5
DB12-MUPYIG_clean_repeat,18.480593,9.890625
DB12-UMODEH08_clean_repeat,242.99059,242.5
DB12-PEDMER_clean_repeat,118.21243,124.125
DB12-XAMDUM04_clean_repeat,248.35172,239.0
DB12-VAGTAA_clean_repeat,179.06778,196.5
DB12-FEFZOF_clean_repeat,150.16634,148.5
DB12-SEYFEI_clean_repeat,117.887726,110.0625
DB12-TETWUM_clean_repeat,41.720463,47.0
DB12-ICEGED_clean_repeat,211.69978,201.5
DB12-XITYOP_clean_repeat,239.13094,236.375
DB12-XEGKAX_clean_repeat,198.62799,181.75
DB12-QUJKOX_clean_repeat,148.45813,154.0
DB12-GIKMOD_clean_repeat,107.907906,102.8125
DB12-BEPVID_clean_repeat,91.811295,95.0625
DB12-EREGOY_clean_repeat,226.77637,229.0
DB12-OBIBAF_clean_repeat,174.99286,189.125
DB12-ZEZQEC_clean_repeat,170.23312,172.0
DB12-UMODEH09_clean_repeat,231.29692,213.25
DB12-PARMIG_clean_repeat,156.86378,150.875
DB12-JUJZEV_clean_repeat,78.199524,63.4375
DB12-MABKIK01_clean_repeat,91.362816,84.625
DB12-TAQGOK_clean_repeat,43.744053,47.125
DB12-GESDUF_clean_repeat,124.13084,134.75
DB12-CUMDIY_clean_repeat,78.96933,79.1875
DB12-LUSHOX04_clean_repeat,143.2893,136.875
DB12-NIRMUW01_clean_repeat,123.62024,118.0625
DB12-TILHEC_clean_repeat,99.25541,115.3125
DB12-POMSER_clean_repeat,168.99019,148.625
DB12-EZABEN_clean_repeat,147.17926,152.5
DB12-NOCLOH02_clean_repeat,134.26216,125.9375
DB12-GAJZEY_clean_repeat,111.64296,103.1875
DB12-HAWZEM_clean_repeat,134.12071,126.0
DB12-BENXUP_clean_repeat,104.12633,99.8125
DB12-KUFVAK_clean_repeat,241.36609,248.375
DB12-HOJNIF_clean_repeat,89.28098,75.875
DB12-KUDWAJ_clean_repeat,197.12404,208.75
DB12-AVEHAM_clean_repeat,91.73838,85.0
DB12-UMODEH21_clean_repeat,253.24434,250.75
DB12-PUMZAZ_clean_repeat,35.938366,50.3125
DB12-VAZLEP01_clean_repeat,4.489699,1.9199219
DB12-AFIXAO_clean_repeat,139.89944,137.875
DB12-OWIHOT_clean_repeat,225.17554,221.0
DB12-XEDPIH_clean_repeat,85.249405,80.0625
DB12-BADHOG_clean_repeat,90.56681,88.125
DB12-UFUNIS_clean_repeat,107.114006,104.6875
DB12-cg301725z_si_002_clean_repeat,137.3135,160.375
DB12-SETQIT_clean_repeat,114.83569,117.3125
DB12-TUMQID_clean_repeat,144.1186,134.125
DB12-LAHYOL_clean_repeat,124.49571,131.125
DB12-AQIXUV_clean_repeat,128.05545,110.0625
DB12-POSFIO_clean_repeat,114.062294,117.6875
DB12-LEDHIN_clean_repeat,86.83284,78.5
DB12-JOSQEN_clean_repeat,88.647194,79.9375
DB12-MOPQIT_clean_repeat,91.95157,95.8125
DB12-PAFMUH_clean_repeat,77.175545,55.96875
DB12-jacs.6b09155_ja6b09155_si_009_clean_repeat,198.44469,209.75
DB12-GULBAR_clean_repeat,115.55111,116.5625
DB12-UQUHAQ_clean_repeat,172.6199,160.625
DB12-NISBEX_clean_repeat,106.768555,97.0625
DB12-DIHVIB01_clean_repeat,237.28993,235.125
DB12-TAJXIO01_clean_repeat,30.408186,14.1640625
DB12-PARHAS_clean_repeat,195.59085,201.75
DB12-COKPID_clean_repeat,232.1088,237.625
DB12-IXOFEH_clean_repeat,206.60187,199.875
DB12-QUSRIH_clean_repeat,150.3135,140.0
DB12-XEXMEU_clean_repeat,177.48924,181.625
DB12-EBISEQ_clean_repeat,62.68746,75.75
DB12-HOJNUR01_clean_repeat,78.27058,88.0625
DB12-GOJDOZ_clean_repeat,143.34094,132.375
DB12-NIBHOW_clean_repeat,186.84239,174.875
DB12-KOBPIB_clean_repeat,83.75545,69.8125
DB12-DEFKUU_clean_repeat,159.6101,147.875
DB12-RIYBAE_clean_repeat,205.2416,205.375
DB12-KOJTOU_clean_repeat,189.21259,188.375
DB12-YAHPED_clean_repeat,200.83252,200.625
DB12-XALVOY_clean_repeat,0.52326185,0.7109375
DB12-HIHGIQ_clean_repeat,210.66254,194.25
DB12-XAPSIS_clean_repeat,181.54248,189.625
DB12-OSIXEU_clean_repeat,69.7986,80.125
DB12-LEDLAJ_clean_repeat,94.464806,91.125
DB12-ODEZAB_clean_repeat,257.04846,236.25
DB12-NAGQET_clean_repeat,120.28162,119.3125
DB12-VUQKAU_clean_repeat,181.36769,175.75
DB12-ZIMLEO_clean_repeat,213.75342,209.5
DB12-WALBOC01_clean_repeat,132.81287,142.25
DB12-WANJIF_clean_repeat,104.86233,99.125
DB12-TESHAB_clean_repeat,89.09838,86.9375
DB12-UMEDIB_clean_repeat,169.13469,165.625
DB12-GOLQII_clean_repeat,79.712746,80.0
DB12-MORFEG_clean_repeat,99.02511,99.125
DB12-IGINIX_clean_repeat,175.02003,174.125
DB12-LIDZUV_clean_repeat,62.536892,69.0625
DB12-HAZGOF02_clean_h_repeat,63.62291,63.625
DB12-FIJDIM_clean_repeat,136.55206,145.375
DB12-DUFGOB_clean_repeat,145.69406,149.625
DB12-ZUDQUM_clean_repeat,160.8886,163.25
DB12-j.inoche.2015.05.017_inc05998-mmc2_clean_repeat,57.296444,42.21875
DB12-XEGJUQ_clean_repeat,188.05034,192.5
DB12-WUYXOF_clean_repeat,209.81606,207.375
DB12-ja500618z_si_008_clean_repeat,149.42088,140.5
DB12-DADNII_clean_repeat,138.15413,127.375
DB12-SARMOO_clean_repeat,106.204666,105.9375
DB12-FURFIJ01_clean_repeat,85.90944,98.6875
DB12-ETEQUQ_clean_repeat,143.35974,152.625
DB12-ZALMIL_clean_repeat,76.53073,71.0
DB12-CIGYAU_clean_repeat,36.940525,40.46875
DB12-OWIHUZ_clean_repeat,224.59251,222.75
DB12-jacs.6b01663_ja6b01663_si_003_clean_repeat,173.52821,188.5
DB12-NAQREE_clean_repeat,217.3079,198.0
DB12-WEYQAU03_clean_repeat,194.8406,198.125
DB12-ZERNUH_clean_repeat,71.598404,73.5625
DB12-ic5029383_si_002_clean_repeat,246.35912,247.25
DB12-LOGBAK_clean_repeat,228.46167,231.375
DB12-WIHWAN_clean_repeat,217.17882,226.0
DB12-OVIZUP_clean_repeat,50.706337,54.5
DB12-HEKTUO01_clean_repeat,127.73357,131.375
DB12-GEVYEN_clean_repeat,54.465992,44.71875
DB12-KINDIW_clean_repeat,89.838295,86.75
DB12-DIDDOK_clean_repeat,256.29776,260.25
DB12-BIMDIL_clean_repeat,174.64653,159.5
DB12-ZERNOB_clean_repeat,69.522804,71.3125
DB12-PABXAT_clean_repeat,105.02629,112.5625
DB12-OKIQAB_clean_repeat,51.933277,56.96875
DB12-RIYWED_clean_repeat,78.66154,88.0625
DB12-MULXOH_clean_repeat,178.83089,176.75
DB12-BACMOH10_clean_repeat,119.877335,120.125
DB12-MOJNAC_clean_repeat,134.7085,134.625
DB12-TOXMUQ_clean_repeat,238.36969,244.0
DB12-CELZEA_clean_repeat,156.6077,153.0
DB12-HADXIW_clean_repeat,107.097336,100.0625
DB12-ACOLIP_clean_repeat,152.97066,157.375
DB12-TAJXIO05_clean_repeat,10.591071,17.34375
DB12-QUFTAM_clean_repeat,97.05067,91.1875
DB12-LASQON_clean_repeat,97.53403,84.875
DB12-VAZLEP_clean_repeat,13.543216,0.7949219
DB12-QUDGED_clean_repeat,236.35686,242.125
DB12-RUSXAG_clean_repeat,167.06995,175.875
DB12-ic100188w_si_002_clean_repeat,92.83002,79.5625
DB12-HIDBIH_clean_repeat,80.12939,81.75
DB12-CUGVUX_clean_repeat,66.32527,61.40625
DB12-HUCXIO_clean_repeat,178.45477,165.75
DB12-COKQEA_clean_repeat,231.31007,231.125
DB12-BEXVEH_clean_repeat,257.91495,243.25
DB12-YUDFOU_clean_repeat,172.01466,172.25
DB12-OCAWAT_clean_repeat,127.5542,124.4375
DB12-MOCKAR_clean_repeat,263.3225,265.75
DB12-NEDXOL_clean_repeat,123.08273,131.625
DB12-CUGLTM_clean_repeat,0.003312013,3.78125
DB12-ja5063423_si_002_clean_repeat,237.72325,240.375
DB12-ORAJOH_clean_repeat,37.708496,32.96875
DB12-NEYYIZ_clean_repeat,122.02561,115.8125
DB12-SETQAL_clean_repeat,119.06139,115.0
DB12-EJIDUW01_clean_repeat,109.59305,106.375
DB12-UMUBIP_clean_repeat,258.25375,252.875
DB12-GUJGEY_clean_repeat,94.551285,89.4375
DB12-JETNOL_clean_repeat,93.564415,93.5
DB12-NIGBOW_clean_repeat,244.84108,223.75
DB12-DUWBEE_clean_repeat,230.48582,229.25
DB12-cg5b00056_si_004_clean_repeat,161.47414,161.5
DB12-XUNTAD_clean_repeat,95.96536,98.5625
DB12-ULUPUM01_clean_repeat,3.897452,-1.8193359
DB12-SUNJIV_clean_repeat,195.11163,188.375
DB12-IJEVEA_clean_repeat,111.58116,104.3125
DB12-CIFDUS_clean_repeat,172.74283,161.25
DB12-OTEGUR_clean_repeat,227.00945,215.5
DB12-APAZAU_clean_repeat,222.30263,225.75
DB12-JIXWUJ02_clean_repeat,86.81871,93.25
DB12-BEPPOD_clean_repeat,165.4187,174.375
DB12-UMEHOL_clean_repeat,164.51407,163.375
DB12-IBUBIT_clean_repeat,189.60493,181.375
DB12-FERHAN_clean_repeat,217.86945,242.75
DB12-MOGVAG_clean_repeat,29.608849,25.890625
DB12-SIVGOV_clean_repeat,156.59102,150.375
DB12-HOHJAR_clean_repeat,65.03532,79.3125
DB12-KIPJIE_clean_repeat,118.07789,118.5625
DB12-OZUKOL_clean_repeat,226.72949,228.875
DB12-ic200463k_si_002_clean_repeat,100.76221,102.875
DB12-NAKNUK_clean_repeat,43.2215,51.8125
DB12-PEKCUF_clean_repeat,214.96082,199.875
DB12-SEHTEF_clean_repeat,222.2337,236.5
DB12-BEPMAM_clean_repeat,177.00531,168.875
DB12-XEXMAQ_clean_repeat,173.4737,177.125
DB12-FIPXEJ_clean_repeat,115.62898,127.4375
DB12-VIXPUP01_clean_repeat,248.16043,244.125
DB12-YINCOP_clean_repeat,143.76772,135.125
DB12-GASSUR_clean_repeat,209.08507,208.25
DB12-LUKRIS_clean_repeat,45.400463,51.625
DB12-XUVHEB_clean_repeat,152.39317,137.375
DB12-MEWNEH_clean_repeat,81.39263,73.5625
DB12-IHOTEG_clean_repeat,13.493424,10.46875
DB12-MOYNIY_clean_repeat,116.25022,113.5
DB12-HEDCIE_clean_repeat,168.51459,181.875
DB12-EPISOM_clean_repeat,259.52502,269.0
DB12-MUDTEL_clean_repeat,239.38074,223.25
DB12-CIJVOH01_clean_repeat,234.18782,236.125
DB12-SOJKOT01_clean_repeat,13.397349,5.9257812
DB12-DUDKOE_clean_repeat,255.28908,245.625
DB12-NOKLIJ_clean_repeat,231.76103,205.75
DB12-JOJLOK_clean_repeat,72.900116,65.4375
DB12-ja203898s_si_006_clean_repeat,186.59047,186.375
DB12-FUNCEX_clean_repeat,227.63751,252.625
DB12-VAPFUP_clean_repeat,68.40176,68.8125
DB12-YUZBUS_clean_repeat,68.29095,71.6875
DB12-XOVPON_clean_repeat,156.16078,170.875
DB12-KEGZOL_clean_repeat,166.92207,161.125
DB12-RUHFOR_clean_repeat,173.90079,174.25
DB12-c6ce00126b_c6ce00126b2_clean_repeat,118.727806,139.5
DB12-SUSZOW_clean_repeat,88.07151,86.6875
DB12-ELIJUF_clean_repeat,140.14816,134.625
DB12-LUFQUZ_clean_repeat,164.56113,171.125
DB12-IHILUI_clean_repeat,77.38743,66.75
DB12-DOQHAT_clean_repeat,133.58931,124.6875
DB12-IDUDIW_clean_repeat,208.50446,210.25
DB12-MABJUV01_clean_repeat,63.467148,73.4375
DB12-ISIKOL_clean_repeat,0.0,0.14978027
DB12-WAMREJ_clean_repeat,240.61488,250.25
DB12-DEZKEA_clean_repeat,18.156792,7.03125
DB12-VEDFOB_clean_repeat,169.48889,181.875
DB12-COXHED_clean_repeat,173.37054,167.75
DB12-KOHDIW_clean_repeat,229.30313,230.5
DB12-ZASJAG_clean_repeat,174.06699,180.375
DB12-GUXLIU_clean_repeat,149.46172,154.0
DB12-KINFAQ_clean_repeat,213.66298,225.25
DB12-VATXEU_clean_repeat,121.283676,111.8125
DB12-GEVKID_clean_repeat,66.28601,76.125
DB12-CAKFEB01_clean_repeat,40.021477,45.875
DB12-JOYKUF_clean_repeat,223.09996,252.75
DB12-LAGNOY_clean_repeat,194.20341,192.625
DB12-UMODEH13_clean_repeat,220.85791,222.625
DB12-UNOJUD_clean_repeat,101.189514,116.8125
DB12-LEYRAK_clean_repeat,207.10779,205.0
DB12-NIGFOZ_clean_repeat,218.72266,231.625
DB12-HEMTEZ_clean_repeat,157.30518,156.375
DB12-LUCDES_clean_repeat,224.2724,231.125
DB12-ja302340b_si_002_clean_repeat,179.4445,168.625
DB12-XUNSAC_clean_repeat,116.49063,113.0625
DB12-EDOMAM_clean_repeat,230.9897,217.125
DB12-ESIDOB_clean_repeat,187.66867,202.125
DB12-CODSAR_clean_repeat,7.632101,2.9394531
DB12-RURPAW_clean_repeat,169.38834,150.0
DB12-YOMZIL_clean_repeat,69.42131,77.25
DB12-ROQVIE_clean_repeat,218.99315,228.125
DB12-ROQDIM_clean_repeat,121.56627,117.5625
DB12-RILVOZ_clean_repeat,115.60753,127.375
DB12-MEJZOS_clean_repeat,78.94066,81.0625
DB12-NIKYOW02_clean_repeat,88.45973,96.75
DB12-ZOXNEH_clean_repeat,233.00116,243.875
DB12-EBIPIQ_clean_repeat,41.549908,50.53125
DB12-TIGVUC_clean_repeat,115.55668,131.375
DB12-UZAROE_clean_repeat,163.02892,150.125
DB12-SISQIW_clean_repeat,140.30273,143.625
DB12-XEGKEB_clean_repeat,195.11,187.75
DB12-ZEDQEG_clean_repeat,184.40707,186.125
DB12-KALFOU_clean_repeat,205.3005,201.125
DB12-XAQTIS_clean_repeat,110.17784,124.6875
DB12-BUVHEH_clean_repeat,199.69669,190.875
DB12-NIHBAI01_clean_repeat,89.45803,94.8125
DB12-QOJVAM_clean_repeat,193.13307,187.75
DB12-SIHLUQ_clean_repeat,236.64705,244.75
DB12-NIHBIQ_clean_repeat,87.21676,86.125
DB12-YUZSUH01_clean_repeat,140.79266,167.5
DB12-TUGFAE_clean_repeat,0.13366273,-1.1083984
DB12-REJVOS_clean_repeat,90.58778,93.375
DB12-UFUNAK_clean_repeat,111.971306,91.0625
DB12-IQOHUT_clean_repeat,190.85283,201.75
DB12-UCOJED_clean_repeat,194.61206,186.125
DB12-JUMDEC_clean_repeat,180.62979,191.125
DB12-QIYDEJ_clean_repeat,217.70682,235.125
DB12-GUWDUY_clean_repeat,154.06958,152.625
DB12-CUYHIO_clean_repeat,40.95789,37.84375
DB12-VEDFAN_clean_repeat,183.38873,178.75
DB12-LERNAY01_clean_repeat,101.31526,97.1875
DB12-FOHSAW01_clean_repeat,88.26908,77.6875
DB12-YITHOA01_clean_repeat,52.596344,53.21875
DB12-YUBGIN_clean_repeat,153.40901,162.75
DB12-SAQQAD_clean_repeat,236.72952,246.625
DB12-VAZROF_clean_repeat,97.809685,99.4375
DB12-GIQZIQ_clean_repeat,132.87862,137.125
DB12-JISVAJ_clean_repeat,221.9255,217.5
DB12-WEXNIW_clean_repeat,12.638061,10.234375
DB12-MONFEC_clean_repeat,79.585014,76.125
DB12-cm1008587_si_003_clean_repeat,155.0121,168.375
DB12-IQECIS_clean_repeat,234.6831,240.5
DB12-KINQAB_clean_repeat,72.67503,74.5
DB12-HAJMEL_clean_repeat,39.88367,46.78125
DB12-MURCAD_clean_repeat,203.89603,215.75
DB12-BELTUJ_clean_repeat,145.10216,159.625
DB12-QOVWOO01_clean_repeat,0.0,8.78125
DB12-ADAXEK_clean_repeat,141.27467,125.8125
DB12-FIJDUY_clean_repeat,165.02332,159.625
DB12-ULIMIN_clean_repeat,114.98155,110.1875
DB12-LAVTEJ_clean_repeat,191.26675,184.0
DB12-COKPUP_clean_repeat,244.62474,232.875
DB12-KEJBOQ_clean_h_repeat,159.25133,152.625
DB12-HABREJ_clean_repeat,209.97842,232.375
DB12-ARAHIM02_clean_repeat,9.126954,13.5546875
DB12-IXAMEA_clean_repeat,148.89876,150.25
DB12-RASXIT_clean_repeat,76.131775,83.1875
DB12-ULOMAL_clean_repeat,173.49356,172.75
DB12-OFEREX_clean_repeat,192.1523,187.75
DB12-ORIVOC_clean_repeat,233.4514,216.625
DB12-WUXYOF_clean_repeat,4.6511497,6.2851562
DB12-LECGEH_clean_repeat,146.34184,155.625
DB12-HISJIE_clean_repeat,82.55033,113.5
DB12-PIBNUK_clean_repeat,193.87508,204.625
DB12-QOWRAV04_clean_repeat,242.94212,241.75
DB12-LEWMUX_clean_repeat,186.09625,194.375
DB12-VIXZUZ_clean_repeat,126.573006,122.875
DB12-LOLVAJ_clean_repeat,57.581463,55.4375
DB12-XAPCOJ02_clean_repeat,218.38266,231.75
DB12-TETVIZ_clean_repeat,132.24715,139.25
DB12-VUHNET_clean_repeat,176.61404,174.375
DB12-KIVFAY_clean_repeat,129.86024,143.375
DB12-EMOFIX_clean_repeat,86.60182,72.5625
DB12-DIYKAZ_clean_repeat,73.300224,56.75
DB12-EKOKIA_clean_repeat,148.63712,158.125
DB12-WOTSEF_clean_repeat,214.83804,223.5
DB12-FEXCES_clean_repeat,185.81952,200.125
DB12-FUBDEM_clean_repeat,209.05986,210.625
DB12-ZAVQAQ_clean_repeat,162.40535,175.5
DB12-PUZKOM_clean_repeat,130.2659,131.125
DB12-PASTOU_clean_repeat,108.7076,114.25
DB12-ATIBOU_clean_repeat,87.91101,90.75
DB12-JOGBIR_clean_repeat,34.846966,31.921875
DB12-ROQMER01_clean_repeat,123.74754,122.6875
DB12-ACAJIZ_clean_repeat,106.709724,116.0
DB12-BEDYEQ_clean_repeat,192.40584,220.375
DB12-QUXRUY_clean_repeat,59.564346,56.84375
DB12-TAJXIO02_clean_repeat,26.347483,14.0078125
DB12-TOXNEB_clean_repeat,240.20268,234.125
DB12-LUMDEC_clean_repeat,129.71823,121.625
DB12-VIYZIO_clean_repeat,86.33367,100.9375
DB12-EPOTAF_clean_repeat,260.36896,250.625
DB12-ROQNES04_clean_repeat,109.12267,110.375
DB12-NIMPEG_clean_repeat,233.50398,230.875
DB12-REZJIR03_clean_repeat,144.59319,150.25
DB12-MAKGEN_clean_repeat,53.069866,52.625
DB12-HEGCEB_clean_repeat,155.80539,169.75
DB12-PEKDAM_clean_repeat,216.22456,198.125
DB12-YAZZAC_clean_repeat,86.4504,98.3125
DB12-PECLEP_clean_repeat,125.96267,121.1875
DB12-UWUTIQ_clean_repeat,196.46478,207.625
DB12-KOSLOV_clean_repeat,220.37312,220.375
DB12-NIKKIC_clean_repeat,136.34114,132.625
DB12-SUJREV_clean_repeat,84.752075,80.3125
DB12-SIWPUL11_clean_repeat,16.227455,26.75
DB12-DUWFAE_clean_repeat,45.529255,47.65625
DB12-KOJZIT_clean_repeat,227.93619,227.375
DB12-ETEPID_clean_repeat,174.40599,160.0
DB12-ELILER_clean_repeat,137.63336,137.875
DB12-WIHVAL_clean_repeat,88.380486,98.9375
DB12-OGIYAF_clean_repeat,158.83888,165.875
DB12-EXUHEM_clean_repeat,103.65059,109.5625
DB12-LUVTAY_clean_repeat,146.37726,160.75
DB12-PAMGIV_clean_repeat,144.50543,162.75
DB12-KUHNEI_clean_repeat,167.18658,165.5
DB12-GASSEB_clean_repeat,173.23459,188.5
DB12-OKAYIK_clean_repeat,56.600582,45.375
DB12-ECIWUJ_clean_repeat,0.06714957,-0.35302734
DB12-GIMSIG_clean_repeat,167.12184,173.875
DB12-NIKYOW_clean_repeat,89.89598,80.0
DB12-TEVZIE_clean_repeat,89.97442,80.25
DB12-OGAXUR_clean_repeat,144.19595,145.125
DB12-KAFYAT_clean_repeat,116.18239,127.5625
DB12-EQEROJ_clean_repeat,114.80959,111.0625
DB12-ATIBAG_clean_repeat,87.440094,92.375
DB12-REWSUJ_clean_repeat,151.04237,158.75
DB12-FUSGOR_clean_repeat,136.14436,139.375
DB12-VIPYOK_clean_repeat,115.08219,117.3125
DB12-XACPEW_clean_repeat,70.85737,70.0625
DB12-USOXEH_clean_repeat,171.6117,168.625
DB12-OFAWEZ_clean_repeat,243.15858,259.5
DB12-LOGBEO_clean_repeat,226.25829,225.5
DB12-XIHSAJ01_clean_repeat,169.22768,175.625
DB12-RUYTIQ_clean_repeat,182.58578,181.0
DB12-SARNOQ_clean_repeat,154.59904,152.75
DB12-URUVUA_clean_repeat,198.77827,203.25
DB12-LUSJIT_clean_repeat,132.17162,129.0
DB12-YEGHIC_clean_repeat,80.43769,79.9375
DB12-PIBPIA_clean_repeat,186.52377,182.375
DB12-LIQDAS_clean_repeat,243.06564,226.75
DB12-MODDEP_clean_repeat,4.6496744,-2.0742188
DB12-VUZVER_clean_repeat,138.57396,146.625
DB12-MIKDUH_clean_repeat,172.26611,181.375
DB12-IFEYIB_clean_repeat,148.4966,135.0
DB12-DUJRAD_clean_repeat,165.61385,173.5
DB12-TEJQAC_clean_repeat,16.14976,24.03125
DB12-HAKTOF_clean_repeat,190.02815,199.25
DB12-BEWWEH_clean_repeat,173.93382,184.0
DB12-cm501138g_si_002_clean_repeat,244.35196,236.125
DB12-VOZVAJ01_clean_repeat,162.30588,160.375
DB12-UMODEH20_clean_repeat,253.16794,260.25
DB12-REXDAB_clean_repeat,174.37471,176.875
DB12-UBULUA_clean_repeat,206.20209,202.75
DB12-NIKDAM_clean_repeat,187.47537,189.625
DB12-SABKIS_clean_repeat,181.63724,187.25
DB12-WUTBEU_clean_repeat,237.66356,208.75
DB12-XUMMUP_clean_repeat,163.23225,154.625
DB12-KEXFAU_clean_repeat,199.947,203.0
DB12-LACJAC_clean_repeat,92.41957,98.0625
DB12-IXODUV_clean_repeat,204.02989,212.625
DB12-c6ra28728j_c6ra28728j2_clean_repeat,64.8487,71.875
DB12-MUTDIQ_clean_repeat,179.10484,157.375
DB12-QOWRAV03_clean_repeat,242.57513,249.25
DB12-IXUWII_clean_repeat,171.81999,161.25
DB12-HAZGOF04_clean_h_repeat,65.17936,65.5625
DB12-FITJEY_clean_repeat,76.03438,60.15625
DB12-GAJZAU_clean_repeat,111.52546,105.0
DB12-CIFMEL_clean_repeat,220.27954,213.5
DB12-KONFEA_clean_repeat,95.64476,113.5625
DB12-QETSOY_clean_repeat,84.61739,97.25
DB12-YEZKUL_clean_repeat,107.61197,117.5625
DB12-ACOLOV_clean_repeat,215.54053,205.125
DB12-NATXIR_clean_repeat,74.38502,81.75
DB12-ic402058f_si_002_clean_repeat,113.90197,114.5625
DB12-BADHUM01_clean_repeat,24.162283,17.796875
DB12-LUWMIB_clean_repeat,210.10971,195.125
DB12-XISPUM_clean_repeat,219.6142,215.0
DB12-GATHAL_clean_repeat,86.39683,76.0625
DB12-CEYPUT_clean_repeat,121.34905,117.8125
DB12-CUWXID_clean_repeat,217.99559,205.875
DB12-DALSUH_clean_repeat,144.76932,144.75
DB12-OVICUS_clean_repeat,86.92012,98.375
DB12-OQOXAV_clean_repeat,104.27386,116.375
DB12-ROJNEJ_clean_repeat,102.68534,99.4375
DB12-SIVVAW_clean_repeat,91.921684,88.25
DB12-RIBDAJ_clean_repeat,224.81078,210.25
DB12-acs.inorgchem.6b00081_ic6b00081_si_001_clean_repeat,95.55101,98.375
DB12-YUKVIK_clean_repeat,166.79086,175.25
DB12-XUGWAZ_clean_repeat,64.18143,65.625
DB12-POXHUG_clean_repeat,80.282684,70.625
DB12-QOJYEV_clean_repeat,67.60084,52.9375
DB12-UCAXEC_clean_repeat,98.193436,90.4375
DB12-WECFAN01_clean_repeat,84.08876,86.0625
DB12-TEWGEJ_clean_repeat,130.53954,128.375
DB12-KEFFEI01_clean_repeat,120.61989,117.25
DB12-DOGZIJ_clean_repeat,97.27445,99.0
DB12-AHOKIR_clean_repeat,125.62153,143.25
DB12-OWIKAI_clean_repeat,93.380486,70.9375
DB12-TILDIC_clean_repeat,95.247574,107.6875
DB12-CUGLTM02_clean_repeat,0.0019057887,-0.08325195
DB12-HUQHIM_clean_repeat,230.56831,240.75
DB12-NACYOG_clean_repeat,124.77792,126.3125
DB12-FAQVEA_clean_repeat,110.26141,115.9375
DB12-BOTLED_clean_repeat,0.016281167,7.265625
DB12-VEDFUH_clean_repeat,172.95631,170.625
DB12-IKETUN_clean_repeat,225.59058,235.875
DB12-LABGAY_clean_repeat,71.42136,75.1875
DB12-UMOVEZ04_clean_repeat,255.35216,252.75
DB12-TESGOO_clean_repeat,91.8588,94.6875
DB12-TOVJOF_clean_repeat,238.16475,228.625
DB12-FECYUJ_clean_repeat,213.96666,221.75
DB12-LUPYAX_clean_repeat,198.89694,199.5
DB12-KOSLUB_clean_repeat,217.00948,219.125
DB12-QEKLID_clean_repeat,144.89452,146.875
DB12-NIYJAI_clean_repeat,113.637344,115.9375
DB12-HAZNON_clean_repeat,82.88342,70.375
DB12-NOSTUM01_clean_repeat,194.5479,201.75
DB12-QOHTUD_clean_repeat,99.8836,86.625
DB12-KUTDAG_clean_repeat,178.13213,190.375
DB12-ATICEL_clean_repeat,85.52863,101.5
DB12-FIPJAR_clean_repeat,144.66591,146.5
DB12-KULMIP_clean_repeat,21.435688,25.390625
DB12-TUTHIA_clean_repeat,199.84506,194.875
DB12-ENIHUG01_clean_repeat,259.51025,276.25
DB12-PAPKOJ_clean_repeat,36.406227,31.703125
DB12-PUVREF_clean_repeat,2.027836,6.8710938
DB12-EBEMEE_clean_repeat,69.71085,61.625
DB12-MOXKAN_clean_repeat,88.97398,81.9375
DB12-SALLAT_clean_repeat,99.65005,111.75
DB12-FUHMOM_clean_repeat,174.99031,179.75
DB12-j.ica.2016.05.002_2_clean_repeat,174.59473,171.25
DB12-QAKFIU_clean_repeat,81.20616,82.9375
DB12-MOCJAQ_clean_repeat,3.335711,14.84375
DB12-SOHMEI_clean_repeat,210.31935,210.5
DB12-NOFQIK_clean_repeat,84.56501,87.8125
DB12-GADHIF_clean_repeat,144.86435,150.125
DB12-ARUYES_clean_repeat,165.73071,169.875
DB12-RAHMAP_clean_repeat,127.262596,116.75
DB12-EDAFUM_clean_repeat,88.043304,95.0
DB12-SUSRUV_clean_repeat,156.52007,153.875
DB12-CEZFIY_clean_repeat,127.28655,125.25
DB12-BETZOR_clean_repeat,177.79959,177.25
DB12-KUQWIE_clean_repeat,62.300854,63.34375
DB12-OKIPUU_clean_repeat,59.97118,72.75
DB12-HUCWUZ_clean_repeat,177.58113,174.25
DB12-MAYYAN_clean_repeat,54.685078,67.5
DB12-VOGTIV_clean_h_repeat,234.38547,233.875
DB12-QOCSAD_clean_repeat,184.39613,183.625
DB12-RORVAX_clean_repeat,271.3452,284.75
DB12-ADASIJ_clean_repeat,248.40952,248.0
DB12-ERUVEU_clean_repeat,0.5161457,-0.50927734
DB12-WIDQEG_clean_repeat,230.97523,213.25
DB12-XAVQIU01_clean_repeat,190.4659,204.375
DB12-NIGGEQ_clean_repeat,218.93214,234.875
DB12-GOBSUM_clean_repeat,181.76338,188.25
DB12-XUMTUV_clean_repeat,185.06546,178.5
DB12-XEXLUJ_clean_repeat,170.02542,163.75
DB12-ORANAY_clean_repeat,143.4285,144.375
DB12-TUMDAI_clean_repeat,153.11053,139.25
DB12-CEHWOD_clean_repeat,1.6446639,-0.28857422
DB12-NAYZOE_clean_repeat,245.35553,230.0
DB12-GADDOH_clean_repeat,178.64749,198.0
DB12-QUSRON_clean_repeat,85.35202,93.0625
DB12-IXOFUX_clean_repeat,212.99828,211.75
DB12-QOZDOY_clean_repeat,132.22649,134.125
DB12-GIXMUX_clean_repeat,107.608795,95.5
DB12-KANMIX_clean_repeat,197.89815,195.625
DB12-APAYUN_clean_repeat,208.85144,214.75
DB12-BEXRIG_clean_repeat,181.84862,187.375
DB12-YOGKOW_clean_repeat,198.21532,205.125
DB12-SESDEA_clean_repeat,2.9201791,3.2363281
DB12-ADAVIM_clean_repeat,229.54066,245.375
DB12-ZIMLIS_clean_repeat,213.79807,233.875
DB12-FAMPUH_clean_repeat,253.88127,261.25
DB12-PEGQID_clean_repeat,76.01681,75.0625
DB12-EMICUZ_clean_repeat,40.726192,63.75
DB12-MACHIJ_clean_repeat,189.39882,199.25
DB12-DOQHUN_clean_repeat,132.13261,150.75
DB12-WESYAV_clean_repeat,124.243866,123.4375
DB12-DADNUU_clean_repeat,141.51828,153.875
DB12-RAHBUZ_clean_repeat,204.50027,194.75
DB12-c6ce00407e_c6ce00407e1_clean_repeat,229.90344,204.75
DB12-PEXFAA_clean_repeat,228.03784,221.125
DB12-j.inoche.2015.06.004_1_clean_repeat,98.9644,93.0
DB12-BUSGIG_clean_repeat,75.17056,75.25
DB12-SERJUV_clean_repeat,159.08047,175.75
DB12-MAYXUG_clean_repeat,62.228977,66.1875
DB12-FUNBAS_clean_repeat,144.58902,153.375
DB12-SOPLAM_clean_repeat,229.57025,211.5
DB12-COKQIE_clean_repeat,230.43369,244.375
DB12-XIQHIO_clean_repeat,13.94235,13.7734375
DB12-NIZZAY_clean_repeat,209.26224,201.875
DB12-FIPXAF_clean_repeat,112.380745,117.9375
DB12-HAJLUA_clean_repeat,39.77196,37.71875
DB12-WOLYON_clean_repeat,186.9473,203.625
DB12-YARYIZ_clean_repeat,138.54788,136.625
DB12-RIPNOV_clean_repeat,86.349335,93.3125
DB12-ZETQIA_clean_repeat,66.93052,72.0
DB12-cm503311x_alf450K_clean_repeat,197.45483,191.125
DB12-UMOBEF07_clean_repeat,230.51028,222.625
DB12-ROQMER_clean_repeat,124.66009,124.8125
DB12-WEMFEB_clean_repeat,184.34534,196.0
DB12-QEKLID01_clean_repeat,143.82611,149.5
DB12-VEHNED_clean_repeat,115.07364,127.75
DB12-GERNOI_clean_repeat,160.23137,148.125
DB12-EYOCIG_clean_repeat,219.49142,221.0
DB12-IBUBAL_clean_repeat,175.28484,168.75
DB12-PEGCEL_clean_repeat,96.93948,107.25
DB12-SUFJIO_clean_repeat,169.00475,163.5
DB12-XISPEW_clean_repeat,214.65074,220.125
DB12-HGCNCO_clean_repeat,128.45546,139.875
DB12-LOKPEG_clean_repeat,153.56345,133.75
DB12-WEYQAU07_clean_repeat,194.16869,200.0
DB12-OXITOF_clean_repeat,149.52307,136.625
DB12-DOKHOB_clean_repeat,112.43503,99.0625
DB12-RAZYOI_clean_repeat,221.53107,234.375
DB12-XAMDUM05_clean_repeat,245.4666,266.5
DB12-UJECUI_clean_repeat,69.89045,55.84375
DB12-MIVPEN_clean_repeat,0.022349048,-0.16674805
DB12-CUCSAU_clean_repeat,121.96201,114.4375
DB12-RIYBEI_clean_repeat,203.41472,196.5
DB12-ORUHAM_clean_repeat,0.0,2.28125
DB12-AMUPOP_clean_repeat,91.6104,80.625
DB12-UNIPAJ_clean_repeat,89.580246,80.5
DB12-CENJIQ_clean_repeat,170.34203,163.125
DB12-cm501138g_si_010_clean_repeat,243.93217,242.875
DB12-YAYLER_clean_repeat,99.725,113.0
DB12-CUVGOQ_clean_repeat,159.75809,176.125
DB12-HIFVOI_clean_repeat,183.45377,202.75
DB12-DOHYIJ_clean_repeat,69.115776,60.21875
DB12-JAKBOP01_clean_repeat,159.37958,148.125
DB12-AVIHIY_clean_repeat,192.51782,206.875
DB12-XUFPIZ_clean_repeat,33.431824,33.28125
DB12-UFISOS_clean_repeat,60.092785,74.9375
DB12-ZAVPOD_clean_repeat,161.81966,156.375
DB12-MEHMET_clean_repeat,218.28831,227.0
DB12-NIHBIQ02_clean_repeat,87.41172,93.625
DB12-NAYXOC_clean_repeat,200.56549,196.0
DB12-NIVWIY_clean_repeat,120.149315,127.9375
DB12-GUDJOG_clean_repeat,195.11339,205.375
DB12-DEHBIC_clean_repeat,62.04417,70.1875
DB12-HAZWIP_clean_repeat,261.38437,259.75
DB12-REYCOP_clean_repeat,51.970444,54.5
DB12-LAQZOV_clean_repeat,187.30643,197.125
DB12-SEFSOM_clean_repeat,104.30763,101.9375
DB12-EDATOT_clean_repeat,173.53586,186.75
DB12-QUFFED_clean_repeat,14.567973,26.203125
DB12-ONIXOZ_clean_repeat,218.63423,227.25
DB12-BUKYAJ_clean_repeat,139.54907,138.625
DB12-QEWDON_clean_repeat,135.97226,135.25
DB12-BEFLIJ_clean_repeat,141.87689,153.5
DB12-PIKBUH_clean_repeat,36.462383,38.75
DB12-ANOMUM_clean_repeat,236.13448,240.25
DB12-FUWYAY_clean_repeat,93.820496,119.1875
DB12-ZOFZIF_clean_repeat,237.68956,232.875
DB12-FIRNAX01_clean_repeat,232.3254,243.5
DB12-XAMDUM06_clean_repeat,244.04915,261.0
DB12-GEDDAW_clean_repeat,212.9591,209.75
DB12-QEBGEL_clean_repeat,161.0535,172.875
DB12-XISPUM01_clean_repeat,197.66519,188.875
DB12-TUBLIN_clean_repeat,121.719246,107.3125
DB12-FOKZIQ_clean_repeat,79.08445,74.875
DB12-MOLKAB_clean_repeat,150.63542,151.625
DB12-ULAQEF_clean_repeat,134.59416,117.5
DB12-XIBZUF_clean_repeat,222.05228,219.25
DB12-KOMDAT_clean_repeat,160.10202,164.125
DB12-BAKGAX_clean_repeat,124.58498,113.0625
DB12-ALULAV_clean_repeat,247.8785,247.0
DB12-XACZEH_clean_repeat,150.00423,146.0
DB12-DOJXOQ_clean_repeat,80.19918,95.4375
DB12-OZULUS_clean_repeat,220.6691,219.375
DB12-KIKDIT_clean_repeat,93.2262,70.0
DB12-IXOFUX01_clean_repeat,197.09184,200.5
DB12-FORPIM_clean_repeat,209.15315,228.375
DB12-CIYZUG_clean_repeat,46.31064,62.875
DB12-YASPEP_clean_repeat,50.531868,50.40625
DB12-CAGXIU_clean_repeat,107.27173,111.6875
DB12-WEYQAU02_clean_repeat,193.49115,186.875
DB12-TORKAO_clean_repeat,150.94348,153.0
DB12-APAYOH_clean_repeat,217.3174,231.75
DB12-QUPHUF_clean_repeat,92.38473,76.75
DB12-ZOHBEF_clean_repeat,40.487736,24.375
DB12-IKEBUV01_clean_repeat,183.7368,176.375
DB12-CUVXAT_clean_repeat,169.68454,169.375
DB12-NIMVEL_clean_repeat,0.00014944053,2.4003906
DB12-OCUGEZ01_clean_repeat,157.2713,163.875
DB12-RUGGUX_clean_repeat,135.95844,144.375
DB12-AMAGAX_clean_repeat,118.967026,102.625
DB12-ACAJOF_clean_repeat,129.87256,125.5
DB12-LAKFIN_clean_repeat,203.29884,183.375
DB12-BACGAQ_clean_repeat,108.36014,112.5
DB12-ETEKAQ_clean_repeat,205.56789,211.625
DB12-EKOPOK_clean_repeat,172.15045,152.125
DB12-UQULAU_clean_repeat,185.21288,196.875
DB12-DONXUB_clean_repeat,115.68369,105.125
DB12-SOZGIZ_clean_repeat,238.68471,255.125
DB12-QONLAI_clean_repeat,189.54828,196.0
DB12-FOFCOU_clean_repeat,101.8014,109.3125
DB12-cm501138g_si_009_clean_repeat,244.06642,242.75
DB12-HAWVEI_clean_repeat,160.12532,177.0
DB12-MAQZOV_clean_repeat,52.484726,36.03125
DB12-EBEXAM_clean_repeat,189.6995,201.625
DB12-UNACIW_clean_repeat,99.5158,108.125
DB12-YAGJOI_clean_repeat,163.77202,185.875
DB12-VODPOU_clean_repeat,58.66869,56.5
DB12-ASINAT_clean_repeat,222.09392,243.125
DB12-IBOZIK_clean_repeat,197.7544,214.25
DB12-RUHFUX_clean_repeat,177.14658,197.5
DB12-SEQSIS_clean_repeat,122.801765,140.125
DB12-LALPIZ_clean_repeat,83.4961,83.1875
DB12-LAXGOH03_clean_repeat,16.79862,18.859375
DB12-WOWMAY_clean_repeat,2.4979424,4.171875
DB12-SOJGOO_clean_repeat,126.55721,127.3125
DB12-INOVEN_clean_repeat,210.44328,235.875
DB12-ZIDDIB_clean_repeat,87.43499,86.6875
DB12-YANBAR02_clean_repeat,87.984726,95.0625
DB12-EQOCES01_clean_repeat,103.63879,106.3125
DB12-AVUCEA_clean_repeat,222.9774,235.875
DB12-XIPTIA_clean_repeat,0.12598743,2.4355469
DB12-TASWOB_clean_repeat,181.06079,190.125
DB12-TOHSAL_clean_repeat,257.73563,260.25
DB12-QOPZIF_clean_repeat,196.8335,203.75
DB12-ZOXGOK_clean_repeat,125.643005,133.75
DB12-WODRAK_clean_repeat,14.568962,-1.2392578
DB12-ZAXWAY_clean_repeat,86.22022,85.5625
DB12-UKUPIB_clean_repeat,218.35962,215.125
DB12-WINCEC_clean_repeat,137.5802,129.75
DB12-MOCHUI_clean_repeat,8.6107,4.34375
DB12-ATULIM_clean_repeat,67.7424,73.5
DB12-ZEZPAX01_clean_repeat,138.65332,153.5
DB12-VAHJIA_clean_repeat,132.90054,135.5
DB12-EPONEE_clean_repeat,130.69923,141.875
DB12-FEVDIV_clean_repeat,45.569073,44.53125
DB12-OBAHOR_clean_repeat,174.66064,191.0
DB12-TISKOW_clean_repeat,102.74696,119.0625
DB12-JOGHIY_clean_repeat,206.36583,187.125
DB12-c5ce02194d_c5ce02194d2_clean_repeat,167.55763,175.375
DB12-ALATAK_clean_repeat,25.178108,12.2734375
DB12-EGATOW_clean_repeat,201.7632,202.625
DB12-ROCZIU_clean_repeat,202.96138,214.125
DB12-KEDQAN_clean_repeat,116.75382,120.0625
DB12-ROQFUA04_clean_repeat,104.64805,115.375
DB12-ANUGEW_clean_repeat,238.05817,224.625
DB12-IQOJAB_clean_repeat,178.07968,169.875
DB12-QADXAX_clean_repeat,118.415016,116.3125
DB12-ic400853r_si_002_clean_repeat,108.01446,104.8125
DB12-NUDMOQ_clean_repeat,149.50067,150.25
DB12-SOCNAB_clean_repeat,106.38382,107.8125
DB12-FOJKIA_clean_repeat,180.67343,202.625
DB12-EKIGOW_clean_repeat,89.56163,87.375
DB12-FAKGOP_clean_repeat,58.51447,63.125
DB12-ACOGEF_clean_repeat,153.8849,151.375
DB12-UCOJIH_clean_repeat,206.55661,209.625
DB12-PEPLIG_clean_repeat,178.10126,176.5
DB12-WEHJIE_clean_repeat,257.17908,226.5
DB12-VAZTUM_clean_repeat,230.04083,226.75
DB12-QADWEA_clean_repeat,121.062195,126.0625
DB12-KUCDES_clean_repeat,169.33388,178.625
DB12-NOJBOF_clean_repeat,5.5333514,6.0039062
DB12-HAWWAF_clean_repeat,166.82664,160.0
DB12-LAGPAM_clean_repeat,169.95734,167.75
DB12-RURPEA_clean_repeat,154.86195,152.75
DB12-UDEPIE_clean_repeat,122.289185,130.375
DB12-ic800131r-file003_clean_repeat,245.4563,249.125
DB12-SUNJER_clean_repeat,202.05746,187.625
DB12-ITIPAE_clean_repeat,89.421394,93.0625
DB12-QADBII_clean_repeat,71.783745,63.03125
DB12-FAQGIP_clean_repeat,136.4355,136.0
DB12-OSUWEF_clean_repeat,80.311745,85.4375
DB12-KONYOB_clean_repeat,72.90233,54.625
DB12-KAPGUE_clean_repeat,1.3740226,1.8388672
DB12-LAZXOB_clean_repeat,188.46428,184.0
DB12-BEVQID_clean_repeat,0.05654764,1.0458984
DB12-acs.jpcc.6b08594_UiO66_Ce2Zr4_opt_clean_repeat,206.63022,196.125
DB12-ZAVQEU_clean_repeat,162.00954,168.25
DB12-AWAWUR_clean_repeat,203.65312,180.875
DB12-DANFUW_clean_repeat,97.27546,66.5
DB12-jacs.6b09113_ja6b09113_si_002_clean_repeat,224.7372,229.75
DB12-GARLET_clean_repeat,171.22636,175.625
DB12-UVOTOQ_clean_repeat,239.08777,224.25
DB12-OPAPUR_clean_repeat,80.23435,88.0
DB12-FAPXEC_clean_repeat,216.4552,210.375
DB12-AVAKAL_clean_repeat,173.8899,175.375
DB12-ANAWIX_clean_repeat,142.34029,145.625
DB12-YIXZEM_clean_repeat,131.46,132.0
DB12-FUZKAN_clean_repeat,89.992386,79.8125
DB12-LAGNAK_clean_repeat,196.02573,199.5
DB12-WIRMOB_clean_repeat,166.18684,156.0
DB12-CIDKUX_clean_repeat,181.13458,175.375
DB12-QIVJAG_clean_repeat,184.06102,174.125
DB12-KITVEQ_clean_repeat,110.08263,121.375
DB12-GACPUX_clean_repeat,188.47243,178.125
DB12-FIJDIM11_clean_repeat,136.08702,133.125
DB12-AMAFOK_clean_repeat,93.01368,107.4375
DB12-XOVXAI_clean_repeat,77.538925,86.875
DB12-jz4002345_si_005_clean_repeat,160.11972,155.375
DB12-OZUMIH_clean_repeat,223.41461,220.625
DB12-CAZNEY_clean_repeat,221.43526,225.125
DB12-OGECOU_clean_repeat,123.175934,134.375
DB12-QITDOO_clean_repeat,83.68867,73.6875
DB12-OQOJUB_clean_repeat,98.218544,95.5
DB12-HEZKIH_clean_repeat,145.62305,126.875
DB12-GARTAX_clean_repeat,154.11711,151.5
DB12-EHEKUY_clean_repeat,101.16289,88.8125
DB12-QUPDEL_clean_repeat,148.67796,148.375
DB12-FUFREE_clean_repeat,70.236374,60.5625
DB12-DOKDEN_clean_repeat,217.46074,212.875
DB12-PEWFII_clean_repeat,119.79503,114.375
DB12-PENZUE_clean_repeat,52.573673,49.15625
DB12-KAVTUY_clean_repeat,79.91616,55.09375
DB12-VIFBOD_clean_repeat,157.37117,150.0
DB12-OHAZAZ_clean_repeat,175.51279,154.75
DB12-IHIWIF_clean_repeat,82.72505,72.25
DB12-TIKMUW_clean_repeat,101.57615,129.0
DB12-JIZJUZ_clean_repeat,141.04358,152.875
DB12-NAKLIW_clean_repeat,204.33655,200.875
DB12-MIYGIL_clean_repeat,1.615601,-2.7148438
DB12-UMORIY_clean_repeat,0.009419759,0.61035156
DB12-UMODEH12_clean_repeat,223.01382,221.375
DB12-UKAQED_clean_repeat,198.44551,192.0
DB12-VETMIS_clean_repeat,219.08339,219.375
DB12-RANPAA_clean_repeat,205.81125,164.0
DB12-OWUHOF_clean_repeat,116.3497,109.4375
DB12-ADABUE_clean_repeat,59.292313,62.03125
DB12-ZIJVOF_clean_repeat,141.38893,145.625
DB12-HAZGOF_clean_repeat,82.80709,79.0625
DB12-RUWWUC_clean_repeat,139.3966,103.875
DB12-EVUQOC_clean_repeat,123.86758,110.5
DB12-LOFZUB_clean_repeat,227.81094,223.75
DB12-QOVWOP_clean_repeat,69.50782,59.5
DB12-TOXNIF_clean_repeat,239.69191,232.0
DB12-GITTUZ_clean_repeat,155.1273,148.5
DB12-TORJAN_clean_repeat,155.73497,151.75
DB12-MATVIN_clean_repeat,95.3724,96.4375
DB12-BONWAD_clean_repeat,107.61485,87.1875
DB12-cm503311x_F-mil-53-Al-lp-mono_clean_repeat,244.00923,237.75
DB12-QIJLAW_clean_repeat,159.18735,156.25
DB12-UMOBEF02_clean_repeat,256.42285,243.5
DB12-LEVNOQ01_clean_repeat,160.09145,149.25
DB12-AYAWEE_clean_repeat,66.01975,67.625
DB12-IYODAD_clean_repeat,176.94595,165.625
DB12-XIFHIF_clean_repeat,170.40082,157.5
DB12-acs.jpcc.6b08594_Zn2Cd6MOF5_opt_clean_repeat,219.5384,223.5
DB12-JOSNAG_clean_repeat,121.005,133.625
DB12-TUZVUH_clean_repeat,140.11548,127.125
DB12-VIXGAM_clean_repeat,56.39326,48.0
DB12-KEDJAG03_clean_repeat,201.02826,193.125
DB12-VUHGAH_clean_repeat,111.58437,114.875
DB12-GEDREO_clean_repeat,123.78111,123.4375
DB12-OWIHIN_clean_repeat,225.71167,229.375
DB12-CORZIU_clean_repeat,266.8729,252.0
DB12-XAHQAA_clean_repeat,147.35248,153.625
DB12-GEDQOX_clean_repeat,214.45331,211.375
DB12-BOXYIY_clean_repeat,116.79913,116.3125
DB12-POTREX_clean_repeat,250.43784,248.875
DB12-TISWEZ_clean_repeat,57.030865,44.59375
DB12-KAHKUB_clean_repeat,155.79585,159.125
DB12-XEDPON_clean_repeat,232.31462,215.5
DB12-PEVXAQ_clean_repeat,112.78653,88.125
DB12-HIHFOV_clean_repeat,115.01331,117.0625
DB12-LUCDAO_clean_repeat,225.79741,206.0
DB12-GIRZAK_clean_repeat,51.48657,48.3125
DB12-HOWPOZ_clean_repeat,188.0689,157.125
DB12-ZUBCEG_clean_repeat,81.674644,77.1875
DB12-PUJJEL_clean_repeat,185.99457,188.875
DB12-ISIKIF_clean_repeat,67.242584,65.5
DB12-SIVQAR_clean_repeat,167.20882,168.5
DB12-BEPNOB_clean_repeat,173.79149,182.5
DB12-CUMDOE_clean_repeat,122.3529,117.6875
DB12-LAGRIW_clean_repeat,102.48784,107.9375
DB12-XUNSUW_clean_repeat,97.83628,73.375
DB12-LADHEF_clean_repeat,180.04756,162.375
DB12-XEBHOC_clean_repeat,245.79324,243.625
DB12-XAWVUN_clean_repeat,245.59302,247.25
DB12-APEBED_clean_repeat,86.95621,87.3125
DB12-JUJTAL_clean_repeat,163.11748,128.875
DB12-JORLEJ_clean_repeat,212.01529,204.0
DB12-BEPPAP_clean_repeat,140.93176,138.5
DB12-FIMXUW_clean_repeat,84.85474,80.9375
DB12-LAVTAF_clean_repeat,190.99413,181.875
DB12-SOHMUY_clean_repeat,205.23158,215.625
DB12-ECUCOV_clean_repeat,52.114227,56.71875
DB12-IGUVIR_clean_repeat,110.71011,113.75
DB12-cg500091k_si_002_clean_repeat,207.9883,199.75
DB12-AVEMAQ_clean_repeat,176.91573,171.75
DB12-KADLUZ_clean_repeat,207.66196,197.375
DB12-BEPREV_clean_repeat,229.93814,223.375
DB12-COKQAW_clean_repeat,207.82068,220.875
DB12-GIRYUD_clean_repeat,49.859997,42.21875
DB12-SIBDEO_clean_repeat,53.43941,48.21875
DB12-JUMCUR_clean_repeat,179.67067,176.625
DB12-REXDOP_clean_repeat,180.85237,183.25
DB12-ZOXGUQ_clean_repeat,89.64142,84.8125
DB12-ORIWET_clean_repeat,218.2289,192.25
DB12-OCUMIL_clean_repeat,146.8498,141.375
DB12-EDAGAT_clean_repeat,90.82333,101.6875
DB12-COVJAA_clean_repeat,111.58104,88.3125
DB12-SETQEP_clean_repeat,126.801796,124.875
DB12-KABXOC_clean_repeat,182.09503,174.125
DB12-MOCJEU_clean_repeat,2.2732635,4.4179688
DB12-DAKVOC_clean_repeat,252.83652,257.25
DB12-HIHFUB_clean_repeat,184.68562,178.125
DB12-NUBPIL_clean_repeat,243.34085,222.625
DB12-NUCYAN_clean_repeat,70.60455,69.8125
DB12-OWIZAW_clean_repeat,221.15263,224.375
DB12-KIFWUT_clean_repeat,36.232243,31.953125
DB12-SEFWAD_clean_repeat,188.76787,184.0
DB12-HAKCIG_clean_repeat,65.35413,66.1875
DB12-ABIYIV_clean_repeat,80.62699,70.0625
DB12-ODERIZ_clean_repeat,115.458176,112.9375
DB12-NADZID_clean_repeat,128.90938,120.8125
DB12-LIVTIT_clean_repeat,172.43428,179.25
DB12-SAKDAM_clean_repeat,112.8022,103.75
DB12-REGREC_clean_repeat,241.94836,240.875
DB12-OLOPEM_clean_repeat,104.01218,124.0
DB12-TATPOV_clean_repeat,230.04002,224.0
DB12-ZAVREV_clean_repeat,162.44693,156.625
DB12-NUWBOX_clean_repeat,132.02374,134.25
DB12-CODSOF_clean_repeat,51.970306,49.8125
DB12-DUMXEQ01_clean_repeat,108.54379,101.0625
DB12-GOXGAD_clean_repeat,111.42024,108.3125
DB12-UCABAE_clean_repeat,137.95006,146.75
DB12-XAPTEQ_clean_repeat,138.06438,138.75
DB12-WOVDES_clean_repeat,86.45667,77.5
DB12-LABNIO_clean_repeat,184.38069,192.875
DB12-WIKXAQ_clean_repeat,179.5552,177.0
DB12-SARGOJ_clean_repeat,228.86652,228.125
DB12-RUWWOW_clean_repeat,139.73758,134.375
DB12-VICSIL_clean_repeat,149.36018,142.625
DB12-LUSHOX01_clean_repeat,135.41632,122.25
DB12-LAXMIJ_clean_repeat,91.36124,89.9375
DB12-ABEYEN_clean_repeat,101.604614,95.1875
DB12-PAPXUB_clean_repeat,85.905075,70.8125
DB12-WALKAY_clean_repeat,96.90771,107.0625
DB12-HUDWUA_clean_repeat,157.93484,150.125
DB12-LAZKUU_clean_repeat,168.52014,186.375
DB12-BEXPAX_clean_repeat,270.57147,287.0
DB12-LEJRIC_clean_repeat,232.13339,241.25
DB12-IDIWUN_clean_repeat,224.20251,214.625
DB12-WOPHIU_clean_repeat,69.87566,66.6875
DB12-CECVIQ_clean_repeat,76.2382,66.0625
DB12-YABHER_clean_repeat,233.26985,225.875
DB12-ANUGOG_clean_repeat,270.66235,270.0
DB12-TEVZEA_clean_repeat,93.22858,82.625
DB12-IXAMAW_clean_repeat,145.67358,147.75
DB12-TUMRIE_clean_repeat,148.80455,132.0
DB12-PEVLEJ_clean_repeat,118.38255,61.28125
DB12-LUMZAW_clean_repeat,199.90411,191.5
DB12-GAXGOD_clean_repeat,58.95395,57.15625
DB12-NERMON_clean_repeat,73.191284,68.375
DB12-WABVIF_clean_repeat,145.84755,139.125
DB12-POLDUQ_clean_repeat,104.17408,98.0625
DB12-EBUFUE_clean_repeat,95.36752,88.0625
DB12-DAKVIW_clean_repeat,238.63228,218.0
DB12-JUSKAL_clean_repeat,69.72486,66.625
DB12-TOBKAY_clean_repeat,231.65775,223.25
DB12-XAKQOR_clean_repeat,171.32681,166.0
DB12-IJANEN_clean_repeat,132.33966,97.125
DB12-SEYFAE_clean_repeat,113.30846,110.75
DB12-FIRNIF_clean_repeat,234.58041,236.5
DB12-BEPVEZ_clean_repeat,95.49519,105.6875
DB12-FIJDIM06_clean_repeat,140.23505,137.375
DB12-CEHLAD_clean_repeat,245.66716,237.25
DB12-GIGWID01_clean_repeat,3.6921842,6.4453125
DB12-NINHOH_clean_repeat,145.92032,148.625
DB12-ZAVPUJ_clean_repeat,162.37494,152.875
DB12-YUMYUC_clean_repeat,173.46521,185.375
DB12-HURGUX_clean_repeat,95.17888,100.6875
DB12-DIDBEZ_clean_repeat,201.43695,198.0
DB12-WALBOC02_clean_repeat,124.2868,111.625
DB12-CUNFOH01_clean_repeat,158.66107,152.875
DB12-cg400449c_si_001_clean_repeat,245.22308,253.0
DB12-FIQZEM_clean_repeat,118.84028,116.4375
DB12-XEQGAC_clean_repeat,140.7883,139.25
DB12-ZAVRIZ_clean_repeat,161.0549,174.875
DB12-QUZZES_clean_repeat,173.35121,160.875
DB12-ZOFZOL_clean_repeat,237.74332,229.375
DB12-NELWIL_clean_repeat,1.6219661,-0.012451172
DB12-KOCCUC_clean_repeat,221.30264,207.375
DB12-QITYOI_clean_repeat,127.028206,126.1875
DB12-YAVZUT_clean_repeat,231.75754,200.125
DB12-PEYPIU_clean_repeat,124.1762,124.375
DB12-NIBJAK_clean_repeat,162.61224,141.125
DB12-TISJOW_clean_repeat,31.61091,26.078125
DB12-BETGUE_clean_repeat,224.39073,211.25
DB12-ICOWON_clean_repeat,158.76405,159.5
DB12-EQOCIW_clean_repeat,90.21344,114.125
DB12-SARTIR_clean_repeat,222.00156,214.875
DB12-FUTYUQ_clean_repeat,228.33073,240.625
DB12-QOKCID_clean_repeat,57.769596,59.8125
DB12-WOHZAU01_clean_h_repeat,117.74682,128.5
DB12-JORRAL_clean_repeat,167.6811,147.375
DB12-KAYCIY_clean_repeat,181.62965,185.125
DB12-GOLYUD_clean_repeat,72.93453,67.375
DB12-IDIXAU_clean_repeat,221.87453,225.5
DB12-ADEGIA_clean_repeat,92.28078,99.5
DB12-LAGRES_clean_repeat,96.89591,93.0625
DB12-BOZFIH_clean_repeat,175.76248,186.125
DB12-ABEYIR_clean_repeat,102.55773,91.8125
DB12-ENISOK_clean_repeat,184.18459,188.5
DB12-KIRFIA_clean_repeat,199.26093,186.5
DB12-NABCIE_clean_repeat,57.375072,54.53125
DB12-GAJZOI_clean_repeat,113.00399,101.3125
DB12-FAVGER_clean_repeat,110.83734,97.375
DB12-VOYWUB_clean_h_repeat,0.0005132016,0.7597656
DB12-IJIGOX_clean_repeat,164.53226,144.0
DB12-WECSAZ01_clean_repeat,91.34812,96.875
DB12-DEPXIG_clean_repeat,171.48466,148.25
DB12-JAKBIJ_clean_repeat,178.57031,159.0
DB12-NAGQOD_clean_repeat,113.805466,108.5
DB12-KABXIW_clean_repeat,179.61366,188.875
DB12-GELVEZ01_clean_repeat,120.37097,132.0
DB12-HOWSAP_clean_repeat,172.07135,184.75
DB12-AWASAU_clean_repeat,105.91212,113.625
DB12-OGAGAF_clean_repeat,81.09536,87.5625
DB12-BEPPIX_clean_repeat,162.16966,178.5
DB12-CESYEF01_clean_repeat,0.001948269,0.2697754
DB12-WOGHOP_clean_repeat,121.89499,122.5625
DB12-UMODEH18_clean_repeat,256.687,252.75
DB12-EPEWAY_clean_repeat,148.43526,155.5
DB12-CATART03_clean_repeat,10.843768,53.75
DB12-DAGDUL_clean_repeat,143.5247,129.5
DB12-acs.inorgchem.6b01569_ic6b01569_si_002_clean_repeat,103.11656,107.375
DB12-SIZNIA_clean_repeat,21.074259,49.84375
DB12-TUCJAD_clean_repeat,148.35411,149.75
DB12-CUGVUW_clean_repeat,96.235344,91.9375
DB12-ALUKAU_clean_repeat,90.94124,105.75
DB12-OKAZAD_clean_repeat,96.736885,89.8125
DB12-WEWGAH_clean_repeat,51.4901,49.1875
DB12-IJASIW_clean_repeat,89.433716,96.5
DB12-KINFEU_clean_repeat,195.61884,199.375
DB12-VECWUX_clean_repeat,91.08418,102.5
DB12-cg301725z_si_004_clean_repeat,195.51797,195.5
DB12-AYOXUJ_clean_repeat,104.51021,113.6875
DB12-GOBXAY_clean_repeat,92.31136,99.75
DB12-ja500618z_si_006_clean_repeat,150.06024,153.0
DB12-FIVYUF_clean_repeat,79.47656,87.875
DB12-TEMPAE_clean_repeat,197.07448,201.625
DB12-WEMFIF_clean_repeat,186.16235,196.0
DB12-SOHNIN_clean_repeat,206.02376,202.0
DB12-POJNIM_clean_repeat,124.818375,125.5625
DB12-BUVWOF03_clean_repeat,101.90586,108.5
DB12-YURKAY_clean_repeat,236.9442,208.375
DB12-QADKAH_clean_repeat,146.78018,149.875
DB12-PAMTUU_clean_repeat,221.95474,237.25
DB12-CUGLTM01_clean_repeat,0.0030911032,-2.2207031
DB12-HOTFED_clean_repeat,3.2072606,22.0625
DB12-HIBGIJ_clean_repeat,86.910614,87.5
DB12-XEHSUZ_clean_repeat,92.52025,100.75
DB12-ROQNES_clean_repeat,110.33519,108.3125
DB12-LUFQUZ02_clean_repeat,154.7752,148.875
DB12-NEYZAU_clean_repeat,225.46129,221.375
DB12-OKAYAC_clean_repeat,57.76916,64.8125
DB12-OFEHAK_clean_repeat,161.3322,169.75
DB12-VILXOE_clean_repeat,120.98302,131.0
DB12-WOHSOB_clean_repeat,39.537407,45.875
DB12-QOPHEI_clean_repeat,0.66891056,1.5615234
DB12-AFOVAT_clean_repeat,206.68959,210.75
DB12-FIJCUX01_clean_repeat,196.11235,210.625
DB12-GAYFUJ_clean_repeat,209.90338,192.375
DB12-EYOCOM_clean_repeat,221.33878,220.375
DB12-JUQVAU_clean_repeat,151.59122,148.5
DB12-FOHRUR_clean_repeat,5.7906814,4.8632812
DB12-PEPLAY_clean_repeat,177.70009,200.375
DB12-CEHWIX_clean_repeat,147.49458,153.125
DB12-ZASTUK_clean_repeat,115.20581,118.625
DB12-KAHYEY_clean_repeat,92.998505,87.25
DB12-BEWVOQ_clean_repeat,179.13934,179.125
DB12-QUXQUX_clean_repeat,65.89761,73.0625
DB12-POLNAG_clean_repeat,88.20397,111.125
DB12-EBOCOQ_clean_repeat,159.21912,163.125
DB12-LUFCAS_clean_repeat,122.82493,113.875
DB12-PEMRIK_clean_repeat,155.07175,153.5
DB12-AZAVUU_clean_repeat,124.00189,151.25
DB12-YARYUL_clean_repeat,143.91144,160.75
DB12-ZERQOE_clean_repeat,69.90756,51.375
DB12-FONKEA_clean_repeat,82.61299,99.5625
DB12-HOYRIY_clean_repeat,174.9111,200.875
DB12-FIRNAX_clean_repeat,227.98364,233.75
DB12-DANVAQ_clean_repeat,112.468506,96.9375
DB12-BIQVII_clean_repeat,105.89887,109.5
DB12-WOPSOL01_clean_repeat,233.5781,225.125
DB12-POXHIU_clean_repeat,81.62062,86.6875
DB12-HUCXOU_clean_repeat,177.93527,196.875
DB12-AYUPOZ_clean_repeat,41.39189,41.84375
DB12-ja0752540-file002_clean_repeat,197.38556,220.25
DB12-DOHNUL_clean_repeat,91.09019,99.0625
DB12-FECYIX_clean_repeat,31.249666,22.4375
DB12-VIRKIQ_clean_repeat,111.25935,110.5
DB12-QERZUI01_clean_repeat,105.90478,106.0625
DB12-JOPWUI_clean_repeat,98.9691,99.5
DB12-CUVTUJ_clean_repeat,231.7105,227.375
DB12-QETCUO_clean_repeat,170.75829,183.625
DB12-NABMUA_clean_repeat,197.64896,193.5
DB12-UREVOE_clean_repeat,146.08911,140.125
DB12-PAMHES_clean_repeat,139.43596,154.25
DB12-WEFDAO_clean_repeat,20.981588,25.84375
DB12-TACFIN_clean_repeat,149.80707,136.625
DB12-QOHTOX_clean_repeat,82.930695,82.6875
DB12-WEMHED_clean_repeat,110.50551,79.5
DB12-WUSGOI_clean_repeat,115.27272,137.625
DB12-LULXAS_clean_repeat,141.84448,136.125
DB12-HOFSUS_clean_repeat,148.33907,165.625
DB12-EPUXET_clean_repeat,102.79947,97.9375
DB12-HAJYEZ_clean_repeat,105.34046,104.8125
DB12-KIXXOG01_clean_repeat,136.97974,158.125
DB12-EKIJAL_clean_repeat,0.032296605,-2.03125
DB12-TUJGIQ_clean_repeat,114.34523,121.5625
DB12-IJEXUR_clean_repeat,76.2686,82.5
DB12-PARVUB_clean_repeat,19.661451,47.78125
DB12-OYEBIE_clean_repeat,105.56845,91.1875
DB12-GISWEM_clean_repeat,90.0998,90.25
DB12-QUKQAQ_clean_repeat,58.197166,65.6875
DB12-XAQTOY01_clean_repeat,111.37884,108.125
DB12-NEVJOP_clean_repeat,100.92738,104.5
DB12-XUPSAE_clean_repeat,241.44182,258.75
DB12-UMODEH04_clean_repeat,256.67047,251.5
DB12-UMODEH02_clean_repeat,252.35374,248.0
DB12-VULKOD_clean_repeat,95.46284,110.0625
DB12-EDEPAG_clean_repeat,160.29054,163.875
DB12-CAJHUS04_clean_repeat,0.0,-0.10412598
DB12-OBAJAF_clean_repeat,181.50258,195.625
DB12-IXOFOR_clean_repeat,181.22545,208.75
DB12-OGAGIN_clean_repeat,77.022675,75.0
DB12-ISACIP_clean_repeat,78.28935,85.25
DB12-VIXGEQ_clean_repeat,56.234936,54.84375
DB12-EQEREY_clean_repeat,173.79155,173.625
DB12-HURGUX01_clean_repeat,94.456085,79.3125
DB12-MAPFOY_clean_repeat,84.17074,101.8125
DB12-RAVXAP_clean_repeat,150.07777,157.25
DB12-NIGDIS_clean_repeat,255.05624,273.5
DB12-TAPHOJ_clean_repeat,55.31019,71.9375
DB12-BARZAW_clean_repeat,61.698666,55.8125
DB12-EDAVOV_clean_repeat,41.0484,75.25
DB12-TOHYUL_clean_repeat,171.92561,178.75
DB12-WAHGIY_clean_repeat,94.36963,98.4375
DB12-XAFFIV_clean_repeat,225.6748,250.5
DB12-YAYLIV_clean_repeat,59.241703,62.375
DB12-EVUPOC_clean_repeat,164.14989,188.0
DB12-KIPKEB_clean_repeat,77.97847,78.6875
DB12-QUQGAL_clean_repeat,152.27043,158.625
DB12-VOBRUB_clean_repeat,170.2952,168.625
DB12-HABKOM_clean_repeat,141.12263,148.875
DB12-ILOSOS_clean_repeat,181.23944,196.75
DB12-BONNIC_clean_repeat,66.57771,72.9375
DB12-PUGJEI_clean_repeat,139.59117,141.625
DB12-EKIGIQ_clean_repeat,85.38802,76.375
DB12-SARHEA_clean_repeat,233.26993,236.5
DB12-YOMNIZ_clean_repeat,121.770035,122.6875
DB12-RATSAI_clean_repeat,122.18708,129.25
DB12-QINSUD_clean_repeat,135.6218,139.625
DB12-RENWEM_clean_repeat,9.986144,18.25
DB12-XIHXET_clean_repeat,135.77724,154.875
DB12-ARAGOR_clean_repeat,153.89426,163.125
DB12-QAVWAN_clean_repeat,136.99295,138.75
DB12-LUMLIQ_clean_repeat,132.53963,136.0
DB12-DORYUG_clean_repeat,106.035194,92.4375
DB12-WUDNAK_clean_repeat,2.225085,-2.0976562
DB12-YUNJUO_clean_repeat,94.49444,78.0
DB12-EZUCIM_clean_repeat,183.77902,200.0
DB12-TORXIJ_clean_repeat,162.37865,176.75
DB12-RESSAK_clean_repeat,159.91174,159.25
DB12-FOKGET_clean_repeat,79.80832,83.8125
DB12-VAJTUX_clean_repeat,99.26013,108.375
DB12-WUSLED_clean_repeat,212.43996,218.0
DB12-WABVIF02_clean_repeat,145.07898,168.0
DB12-PEDMOB_clean_repeat,102.496765,107.9375
DB12-MEJZEI_clean_repeat,85.601746,69.875
DB12-NERVOV_clean_repeat,86.558205,85.375
DB12-WEWTOI_clean_repeat,51.805637,45.71875
DB12-NIRDEX_clean_repeat,0.0152063705,1.5654297
DB12-ARUJED_clean_repeat,75.28298,77.875
DB12-KUFBEU_clean_repeat,73.464455,78.6875
DB12-XOFPEP01_clean_repeat,126.088455,143.25
DB12-XINJAH_clean_repeat,75.237976,92.0
DB12-FAFMAC_clean_repeat,131.95558,140.75
DB12-UMOBEF_clean_repeat,249.72066,249.125
DB12-LEYLUX_clean_repeat,113.69183,114.5625
DB12-BEPREV01_clean_repeat,228.95744,222.875
DB12-FAGQAI_clean_repeat,225.94485,235.0
DB12-YOCLEJ_clean_repeat,242.76888,245.25
DB12-RUVMUR_clean_repeat,80.76521,69.0
DB12-LAWGIA_clean_repeat,235.97205,244.25
DB12-HIZQEN_clean_repeat,167.21886,165.5
DB12-QIXSOG01_clean_repeat,181.28207,201.625
DB12-TETWOG_clean_repeat,72.32879,72.25
DB12-AKUHOD01_clean_repeat,2.5782118,4.125
DB12-HAHCUR_clean_repeat,178.93181,179.25
DB12-MAFZOK_clean_repeat,81.10456,79.625
DB12-IRISAD_clean_repeat,92.41615,98.8125
DB12-KAYBUJ_clean_repeat,165.9041,172.0
DB12-RUYQIN_clean_repeat,187.19026,180.875
DB12-UTOTUT01_clean_repeat,87.40626,85.3125
DB12-BUBQOE_clean_repeat,112.23373,118.0625
DB12-COWMAD_clean_repeat,199.15604,208.375
DB12-BAKJOO_clean_repeat,199.03389,210.0
DB12-XUMMOJ_clean_repeat,147.51196,147.875
DB12-GIRYEN_clean_repeat,49.844044,44.1875
DB12-NASROR_clean_repeat,225.70676,251.75
DB12-BAXLOD_clean_repeat,31.95782,25.5
DB12-WOWMEC_clean_repeat,117.29158,123.625
DB12-EDUSIF_clean_repeat,236.93265,244.75
DB12-IZEQUB_clean_repeat,186.52933,194.25
DB12-BEFKUU_clean_repeat,247.31244,250.375
DB12-XOTSEG_clean_repeat,178.45352,178.75
DB12-NOCZAI_clean_repeat,66.78093,67.5
DB12-DAGDIZ_clean_repeat,167.72137,148.25
DB12-VEFLUP_clean_repeat,120.68621,132.375
DB12-MOCHIW_clean_repeat,22.436674,15.0859375
DB12-COWMOR_clean_repeat,199.05685,204.5
DB12-PUGFOO_clean_repeat,141.0058,159.875
DB12-DUQCAU01_clean_repeat,89.60514,92.625
DB12-UWOWAF_clean_repeat,150.07568,150.375
DB12-ICAROV_clean_repeat,247.9232,250.5
DB12-VEJYIT_clean_repeat,175.61629,184.0
DB12-AXUHAD_clean_repeat,177.8128,176.5
DB12-QQQGTA03_clean_repeat,67.380104,67.25
DB12-DITYOW_clean_repeat,106.4406,111.25
DB12-XACSIG_clean_repeat,98.93816,97.6875
DB12-DODHUA_clean_repeat,61.78198,55.40625
DB12-VATYAR_clean_repeat,149.8873,184.875
DB12-VEHYUE_clean_repeat,67.91938,66.1875
DB12-OLANEW_clean_repeat,145.17545,155.625
DB12-SOTWOP_clean_repeat,196.05742,207.875
DB12-cg500121f_si_004_clean_repeat,119.746635,145.5
DB12-EXUHUC_clean_repeat,77.494545,90.6875
DB12-VACFUB01_clean_repeat,142.82271,140.25
DB12-IPIJUM_clean_repeat,143.77536,153.5
DB12-SOCLAZ_clean_repeat,53.019985,56.875
DB12-GUKZAO_clean_repeat,187.13698,179.5
DB12-IQINAZ_clean_repeat,136.68307,121.5
DB12-MEJQEZ_clean_repeat,105.36608,127.1875
DB12-KOZNIY_clean_repeat,182.5843,206.375
DB12-TONMEQ_clean_repeat,112.50611,104.9375
DB12-CAMROA_clean_repeat,176.4697,202.125
DB12-WEMCOI_clean_repeat,76.17519,77.5
DB12-RACZEC_clean_repeat,90.89103,112.4375
DB12-QIZLIW_clean_repeat,154.7836,173.5
DB12-CEJZAU_clean_repeat,173.42964,193.125
DB12-QEYWUN_clean_repeat,0.0019750053,0.009681702
DB12-RIYBIM_clean_repeat,214.09665,215.25
DB12-KASRED_clean_repeat,244.60373,261.0
DB12-HOCDIO_clean_repeat,144.53728,164.375
DB12-TUTHOG_clean_repeat,198.58302,215.25
DB12-RUSWIN_clean_repeat,164.59262,181.75
DB12-NORBUT_clean_repeat,39.17565,43.21875
DB12-RUFZID_clean_repeat,217.16943,227.5
DB12-HOJLID_clean_repeat,267.2529,258.0
DB12-VEGCAN_clean_repeat,203.88141,213.125
DB12-NAHFOU_clean_repeat,105.02469,95.5
DB12-XANDAU_clean_repeat,118.711815,105.25
DB12-FIJDIM10_clean_repeat,132.11064,138.875
DB12-XUCLIS_clean_repeat,133.07951,143.125
DB12-LEPLEZ02_clean_repeat,3.1537325,5.7539062
DB12-CUKXUC_clean_repeat,139.18102,137.5
DB12-JUSHAI_clean_repeat,142.80667,147.375
DB12-IQOKIK_clean_repeat,193.584,205.625
DB12-CERMIV_clean_repeat,80.98313,71.75
DB12-SABVOH01_clean_repeat,190.09161,207.75
DB12-MUFJAZ_clean_repeat,28.195244,1.2978516
DB12-BAHGUN04_clean_repeat,107.99515,111.75
DB12-XADDOX_clean_repeat,171.6694,179.375
DB12-XUWTAK_clean_repeat,149.73657,140.125
DB12-YARBAW_clean_repeat,79.11622,72.75
DB12-OXOZUY_clean_repeat,181.14725,203.5
DB12-KUGQIN_clean_repeat,4.370615,7.5625
DB12-VEDGIW_clean_repeat,169.42824,156.25
DB12-c5cp03920g_c5cp03920g2_clean_repeat,201.59877,194.25
DB12-OZUKUR01_clean_repeat,217.81522,226.625
DB12-WECBOX_clean_repeat,132.03119,145.0
DB12-GEDRUE_clean_repeat,219.23543,223.625
DB12-TERFUT_clean_repeat,234.73717,229.625
DB12-OCUSUB_clean_repeat,136.69533,136.25
DB12-LASDEQ_clean_repeat,245.38652,238.0
DB12-ja106851d_si_001_clean_repeat,97.343155,81.375
DB12-CUMJEB_clean_repeat,67.79766,63.125
DB12-POHLOP_clean_repeat,99.47728,94.5625
DB12-CEGWER_clean_repeat,101.40914,91.625
DB12-OWIHEJ_clean_repeat,225.41586,203.875
DB12-QOFKUT_clean_repeat,129.06981,131.75
DB12-CUTGII_clean_repeat,115.91143,116.0625
DB12-QOWRAV12_clean_repeat,243.31604,242.875
DB12-ZUXPOZ_clean_repeat,132.92313,133.25
DB12-MABJUV_clean_repeat,63.36026,56.8125
DB12-ZECKID_clean_repeat,223.65276,213.75
DB12-KUJMEJ_clean_repeat,218.54797,203.625
DB12-IKOPIJ_clean_repeat,177.85347,179.125
DB12-OKITAE_clean_repeat,100.54042,103.9375
DB12-GUFBUG_clean_repeat,125.10138,120.125
DB12-FUFTUX_clean_repeat,41.0963,43.59375
DB12-OQIZUL_clean_repeat,243.76025,226.25
DB12-EBEXEQ01_clean_repeat,187.35428,178.375
DB12-QULLEP_clean_repeat,60.29707,66.75
DB12-HOWQAM_clean_repeat,237.6638,218.625
DB12-RUVBOB_clean_repeat,151.71236,142.5
DB12-PAPVAF_clean_repeat,243.41777,250.75
DB12-QITMOW_clean_repeat,9.014149,25.71875
DB12-GOMREG_clean_repeat,107.136284,106.4375
DB12-TEMPEI_clean_repeat,217.93011,218.25
DB12-GUXQAR_clean_repeat,44.59738,36.15625
DB12-VUNNEZ_clean_repeat,92.24553,102.4375
DB12-VASKOR_clean_repeat,120.06934,118.4375
DB12-ic202769e_si_002_clean_repeat,64.910805,79.125
DB12-KEDJAG04_clean_repeat,199.04366,189.0
DB12-PUDSUD_clean_repeat,208.27603,182.5
DB12-ic7025158-file001_clean_repeat,156.45212,157.5
DB12-PASNAA01_clean_repeat,156.00752,152.5
DB12-KOSLEL_clean_repeat,218.11719,225.5
DB12-cm503311x_OH-mil-53-Al-lp-ortho_clean_repeat,234.02335,232.25
DB12-ZIYQAB_clean_repeat,106.170586,113.5625
DB12-OTIQEP_clean_repeat,68.65775,67.5625
DB12-CAKYEU_clean_repeat,116.65544,88.625
DB12-COZMUA_clean_repeat,230.3531,245.625
DB12-RIYBOS_clean_repeat,211.68549,209.125
DB12-YEMLOS_clean_repeat,0.41828454,-2.5996094
DB12-HAZSIL_clean_repeat,218.75511,213.625
DB12-UMOVEZ02_clean_repeat,254.80357,262.25
DB12-XAFBEN_clean_repeat,191.86229,192.875
DB12-MOYYIJ_clean_repeat,231.38531,206.25
DB12-QOXNIB_clean_repeat,104.23966,107.75
DB12-SEHSUU_clean_repeat,219.28406,212.75
DB12-PIHNUQ_clean_repeat,74.469574,67.5
DB12-PORLAL_clean_repeat,169.87215,161.125
DB12-WIHVEP_clean_repeat,87.96306,86.3125
DB12-PENNON_clean_repeat,224.9861,232.875
DB12-HAWVUY_clean_repeat,164.96413,157.625
DB12-AQAJEI_clean_repeat,146.70892,145.0
DB12-COKNAT_clean_repeat,241.0018,239.25
DB12-TORJIV_clean_repeat,147.70386,138.375
DB12-EGAGEA_clean_repeat,139.57391,128.0
DB12-UMODEH16_clean_repeat,248.40767,258.0
DB12-ZOYKAB_clean_repeat,108.334724,83.75
DB12-SEQTEP_clean_repeat,164.28864,168.5
DB12-VIRVEY_clean_repeat,206.35568,209.875
DB12-YUKWUY_clean_repeat,66.552376,66.6875
DB12-VAMPUX_clean_repeat,235.88657,225.5
DB12-HOBGEL_clean_repeat,139.80008,152.75
DB12-KIYMAI01_clean_repeat,176.53935,177.25
DB12-AMIXAW_clean_repeat,110.23034,98.75
DB12-TISGUY_clean_repeat,71.280945,58.75
DB12-XEHSIN_clean_repeat,92.01603,80.1875
DB12-RUFMUA01_clean_repeat,131.57971,121.25
DB12-RIPPEN_clean_repeat,81.88306,75.1875
DB12-RUGHUY_clean_repeat,77.10682,88.4375
DB12-VUQKAU02_clean_repeat,176.72137,185.375
DB12-OWEYOF_clean_repeat,209.92792,175.625
DB12-cm503311x_F-mil-53-Al-np_clean_repeat,7.567373e-05,-1.8896484
DB12-FUVDEH07_clean_repeat,45.821564,44.71875
DB12-LORROB_clean_repeat,108.97815,101.125
DB12-MUDKOM_clean_repeat,105.46593,108.375
DB12-FIJDIM08_clean_repeat,142.71146,146.25
DB12-JUXFOZ_clean_repeat,235.7386,238.25
DB12-ROQFUA02_clean_repeat,105.86956,105.8125
DB12-CUZBUW_clean_repeat,160.08386,151.0
DB12-VORBUA_clean_repeat,110.6421,75.0625
DB12-SICDAL_clean_repeat,0.0,3.1132812
DB12-CUYRUK_clean_repeat,51.42704,34.125
DB12-BOWNUY_clean_repeat,219.4602,217.5
DB12-NARVUA_clean_repeat,54.179745,40.25
DB12-TUBCEA_clean_repeat,108.92919,99.0625
DB12-IKETUO_clean_repeat,143.42099,148.875
DB12-YIZGIZ_clean_repeat,227.64438,210.75
DB12-XAPDAU_clean_repeat,199.42587,187.875
DB12-DUBJUH_clean_repeat,178.4545,190.875
DB12-OKAYOQ_clean_repeat,97.74788,99.0625
DB12-DEJCEB_clean_repeat,148.03017,138.375
DB12-UMODEH07_clean_repeat,260.05643,260.5
DB12-LEQQII_clean_repeat,235.08113,218.75
DB12-XOJWEZ_clean_repeat,94.22698,77.75
DB12-TEJBAN_clean_repeat,76.676704,70.6875
DB12-OGAGEJ_clean_repeat,188.65527,161.75
DB12-OCUNAE_clean_repeat,149.94893,143.75
DB12-GELVID_clean_repeat,118.68288,85.25
DB12-ncomms7350-s2_clean_repeat,126.46694,126.6875
DB12-NATKIF_clean_repeat,227.98203,235.875
DB12-MIHHOA_clean_repeat,81.59347,71.0
DB12-FOKYIP_clean_repeat,200.41594,186.25
DB12-UMIZEX_clean_repeat,168.6753,161.25
DB12-UKAQAZ_clean_repeat,199.11783,196.375
DB12-WAQFIG_clean_repeat,252.85117,241.125
DB12-GAYGAQ_clean_h_repeat,145.48714,142.875
DB12-GIYSUD_clean_repeat,183.56763,175.375
DB12-ZUQMAB_clean_repeat,163.59055,180.875
DB12-MAFJIO_clean_repeat,244.29399,235.0
DB12-c6cc02494g_c6cc02494g3_clean_repeat,216.38702,190.625
DB12-XOHJUA_clean_repeat,54.98428,30.328125
DB12-UBECEM_clean_repeat,150.65755,146.625
DB12-IXELAA_clean_repeat,0.7053286,0.98046875
DB12-IQIJIC_clean_repeat,82.84113,94.75
DB12-WOHDON_clean_repeat,232.12193,235.125
DB12-YUBHAG_clean_repeat,223.82285,220.5
DB12-SOXDAM_clean_repeat,152.95934,145.625
DB12-BETGAK_clean_repeat,212.61441,204.625
DB12-ROQDIM02_clean_repeat,119.7333,121.3125
DB12-ORIVUI_clean_repeat,238.84433,232.125
DB12-YOZSAJ_clean_repeat,12.910056,66.5625
DB12-XUYXAR_clean_repeat,104.867836,92.75
DB12-cm202876r_si_002_clean_repeat,115.844315,113.8125
DB12-LAWGOG_clean_repeat,235.05872,257.75
DB12-FIFMOY_clean_repeat,110.715546,105.9375
DB12-NARPOO_clean_repeat,91.86455,104.1875
DB12-QISNEN_clean_repeat,208.81688,210.125
DB12-ZAVQOE_clean_repeat,161.92189,172.75
DB12-XOLYUS_clean_repeat,0.12155544,0.7363281
DB12-ZEDROR_clean_repeat,166.18323,158.0
DB12-OGEBAF01_clean_repeat,225.17812,205.625
DB12-LEDLEN_clean_repeat,190.1417,193.0
DB12-PUNFIO_clean_repeat,1.397018,1.7919922
DB12-PEDRIA_clean_repeat,228.00061,231.75
DB12-JELPAS_clean_repeat,122.63928,123.9375
DB12-HOWSIX_clean_repeat,186.42241,186.5
DB12-ELIKAM_clean_repeat,143.16725,154.5
DB12-RUFRIV_clean_repeat,128.90524,129.875
DB12-POKGEC_clean_repeat,85.663605,100.25
DB12-JOVXEZ_clean_repeat,172.18745,145.375
DB12-VUFBEE_clean_repeat,178.78638,160.25
DB12-KEQDER_clean_repeat,247.95796,247.0
DB12-PENNAZ_clean_repeat,219.32236,219.0
DB12-SAKDEQ_clean_repeat,113.77224,104.5
DB12-QIVYUR_clean_repeat,99.32727,116.5625
DB12-cm501138g_si_012_clean_repeat,244.15388,257.75
DB12-QUDJIJ_clean_repeat,169.44798,177.875
DB12-VAQSEO_clean_repeat,59.30677,69.0625
DB12-EJEFOP_clean_repeat,40.444157,36.65625
DB12-IQOJEF_clean_repeat,139.9773,138.75
DB12-ECUDAI_clean_repeat,116.2718,126.1875
DB12-OTOROF_clean_repeat,76.37573,83.3125
DB12-AQUDOH_clean_repeat,66.49363,57.71875
DB12-MAQRAA_clean_repeat,161.58626,162.125
DB12-CESYEF_clean_repeat,0.07349873,-1.1835938
DB12-IYASOS_clean_repeat,158.36908,165.875
DB12-PEXBIF_clean_repeat,67.09895,53.59375
DB12-SAJLAT_clean_repeat,112.11998,116.0625
DB12-NOCYUB_clean_repeat,76.538284,68.0625
DB12-NIHBAI_clean_repeat,89.469826,76.875
DB12-TIVYAZ01_clean_repeat,224.35367,218.125
DB12-WALCET_clean_repeat,142.31981,143.375
DB12-WISTID_clean_repeat,149.71664,139.625
DB12-UKIQIP_clean_repeat,206.15503,198.5
DB12-RIPTAM_clean_repeat,132.38673,117.625
DB12-DORFUM_clean_repeat,122.79887,119.5
DB12-UYOJOI_clean_repeat,105.12289,110.6875
DB12-IJODES_clean_repeat,89.52365,81.875
DB12-KAHYID_clean_repeat,216.06618,198.75
DB12-LEVNOQ_clean_repeat,167.31525,163.375
DB12-NIMPEG01_clean_repeat,257.11093,258.75
DB12-ARUCUN_clean_repeat,84.5279,116.875
DB12-WOGHEG_clean_repeat,128.12752,113.625
DB12-POMSOB_clean_repeat,131.98102,123.875
DB12-ALANAD_clean_repeat,249.49007,230.25
DB12-CUXFIL_clean_repeat,148.70284,150.625
DB12-TAKTIL_clean_repeat,228.76973,243.5
DB12-FORQAF_clean_repeat,202.48409,196.25
DB12-WABVOL_clean_repeat,147.99522,145.625
DB12-NIKYUC01_clean_repeat,86.56089,87.5
DB12-MIDSUP_clean_repeat,218.21468,205.375
DB12-HIHGUC_clean_repeat,235.15327,223.375
DB12-PEVJOQ_clean_repeat,0.0,-1.5830078
DB12-FIBHIJ_clean_repeat,106.49687,96.4375
DB12-KOSJAF_clean_repeat,214.9582,224.75
DB12-AWAJIT_clean_repeat,87.37091,79.6875
DB12-ja308995t_si_002_clean_repeat,130.49388,139.125
DB12-REXFOR_clean_repeat,167.72629,162.875
DB12-ZONBAH_clean_repeat,117.06359,136.375
DB12-CUQKOQ_clean_repeat,194.25586,199.5
DB12-PEVFON_clean_repeat,185.40938,183.25
DB12-HAZGOF03_clean_h_repeat,74.34292,77.0625
DB12-YEZKOF_clean_repeat,112.214676,130.375
DB12-CABDER_clean_repeat,40.954056,45.625
DB12-GUBVUU_clean_repeat,195.06784,193.625
DB12-WORKUL_clean_repeat,216.55716,217.875
DB12-DACXOV_clean_repeat,91.29208,96.875
DB12-YOYBUL_clean_repeat,217.91339,227.375
DB12-AKEDIF_clean_repeat,174.64293,197.125
DB12-SIVGIP_clean_repeat,155.71141,150.75
DB12-PUZTOV_clean_repeat,236.66586,231.125
DB12-SAJJOF_clean_repeat,127.58318,144.125
DB12-HEDTER_clean_repeat,68.48731,67.6875
DB12-OPURIB_clean_repeat,44.600544,32.96875
DB12-SABWAU01_clean_repeat,0.0,16.53125
DB12-LAXGOH01_clean_repeat,12.330261,26.15625
DB12-PUGHAC_clean_repeat,138.96046,139.25
DB12-AMIWOJ_clean_repeat,108.124916,110.25
DB12-WEBQOL_clean_repeat,110.431046,121.3125
DB12-QAHMUJ_clean_repeat,114.19542,111.4375
DB12-YEYYAC_clean_repeat,121.13466,124.9375
DB12-DAWCOV_clean_repeat,208.26764,221.75
DB12-om701262m-file004_clean_repeat,184.28777,191.375
DB12-TIRHIL_clean_repeat,168.90048,180.75
DB12-HALQUJ_clean_repeat,214.21883,228.375
DB12-OZAVUI_clean_repeat,144.90402,134.625
DB12-GIZVER_clean_repeat,131.26335,99.9375
DB12-ZOMNIA_clean_repeat,187.5836,193.25
DB12-KOMGUP_clean_repeat,98.80562,102.9375
DB12-ZETLER_clean_repeat,151.38275,150.75
DB12-RAVCUO_clean_repeat,80.38477,89.0
DB12-MALROJ_clean_repeat,228.8564,214.5
DB12-HIZQEN01_clean_repeat,166.49716,175.25
DB12-j.inoche.2015.01.025_INC05862-mmc1_clean_repeat,80.617546,71.625
DB12-CUYVOI_clean_repeat,66.451164,73.8125
DB12-WECSAZ_clean_repeat,89.61901,93.75
DB12-VERZOJ_clean_repeat,0.011277525,4.0742188
DB12-XEJXAN_clean_repeat,119.59815,93.9375
DB12-KOLWEO_clean_repeat,103.56601,98.1875
DB12-QOJTUE_clean_repeat,190.66856,199.875
DB12-RONZID_clean_repeat,160.63869,147.5
DB12-UJAQEC_clean_repeat,192.71889,192.125
DB12-ZELQAK_clean_repeat,246.22986,253.5
DB12-EKETOF_clean_repeat,62.288773,59.09375
DB12-GULWOA_clean_repeat,177.145,174.5
DB12-NACVUI_clean_repeat,137.75967,151.125
DB12-TEWFUY_clean_repeat,128.00551,131.375
DB12-MAXHOK_clean_repeat,0.009575951,-1.7421875
DB12-KIVFEC_clean_repeat,129.40903,132.125
DB12-ABEXEM_clean_repeat,105.6926,116.875
DB12-ORAJEX_clean_repeat,38.941395,41.15625
DB12-VINHOR_clean_repeat,158.92154,165.375
DB12-CUGFAN_clean_repeat,41.02003,43.125
DB12-LUQGAG_clean_repeat,146.12892,155.5
DB12-GEGGEG01_clean_repeat,115.589745,111.0625
DB12-FINQOK_clean_repeat,171.22597,184.75
DB12-BEXQIF_clean_repeat,163.4697,166.0
DB12-MIRLUU_clean_repeat,91.86564,113.3125
DB12-LEWTUD_clean_repeat,104.37219,98.5
DB12-ZUSBOG_clean_repeat,164.84998,156.625
DB12-DINNIZ_clean_repeat,137.20355,141.25
DB12-PEWLUA_clean_repeat,253.63112,264.25
DB12-KEDJAG18_clean_repeat,200.85384,199.375
DB12-NARNOM_clean_repeat,36.88495,35.625
DB12-WUZDOL_clean_repeat,155.1712,159.625
DB12-KEDJAG22_clean_repeat,201.55206,210.75
DB12-RIXBIK_clean_repeat,123.0863,118.3125
DB12-NEXVET_clean_repeat,228.91084,230.625
DB12-USUPUV_clean_repeat,72.48774,84.875
DB12-QUDJOP_clean_repeat,168.27144,181.125
DB12-LORMOW_clean_repeat,82.90732,105.375
DB12-JOGSAA_clean_repeat,244.3178,273.0
DB12-QAWRIQ_clean_repeat,106.94216,99.25
DB12-MINCUJ_clean_repeat,263.70078,280.5
DB12-XOCGUR_clean_repeat,44.268387,56.75
DB12-RIPNUB_clean_repeat,89.92647,81.5625
DB12-QARCET_clean_repeat,91.18383,92.5625
DB12-UMOBEF09_clean_repeat,228.52104,220.0
DB12-WOJZOM_clean_repeat,199.90544,210.625
DB12-HEGJUZ_clean_repeat,137.75937,145.375
DB12-HAXMUP_clean_repeat,113.140854,118.625
DB12-NIKYOW01_clean_repeat,89.24941,86.75
DB12-XAKZOZ_clean_repeat,185.60905,191.0
DB12-WIDZOA_clean_repeat,69.1729,81.875
DB12-YANBAR03_clean_repeat,89.94269,96.75
DB12-HOJLUP_clean_repeat,173.96988,196.375
DB12-UMEXUF_clean_repeat,154.59218,160.25
DB12-HUQGUX_clean_repeat,226.8173,213.5
DB12-COMZAH_clean_repeat,74.7664,80.5625
DB12-HOVJIN_clean_repeat,57.250576,83.6875
DB12-MUGQAI_clean_repeat,62.499184,64.625
DB12-COXCUP_clean_repeat,34.982754,39.59375
DB12-OVIZOJ_clean_repeat,63.220406,63.75
DB12-OPOBIF_clean_repeat,30.668655,28.734375
DB12-ELAZEX_clean_repeat,40.24644,44.125
DB12-DOYBAV_clean_repeat,160.33057,168.0
DB12-LAJJAK_clean_repeat,160.79066,168.125
DB12-ja074366osi20070816_031204_clean_repeat,242.67094,239.875
DB12-WOCWAN_clean_repeat,100.821724,113.125
DB12-GUHPAC_clean_repeat,195.94348,200.75
DB12-EKEVAT_clean_repeat,63.288185,66.3125
DB12-jacs.5b12516_ja5b12516_si_004_clean_repeat,179.67609,183.375
DB12-ULOKAJ_clean_repeat,173.60358,179.375
DB12-SADLEQ_clean_repeat,190.33574,206.625
DB12-VARREL_clean_repeat,88.81966,96.125
DB12-PIZQUM_clean_repeat,143.2525,142.5
DB12-VEMDAT_clean_repeat,112.931755,125.3125
DB12-OPENUT_clean_repeat,159.14217,171.625
DB12-HIVQAG_clean_repeat,65.64074,69.3125
DB12-FUVDEH08_clean_repeat,44.6575,48.625
DB12-FALDAA_clean_repeat,161.14626,165.25
DB12-YIVZIO_clean_repeat,169.71172,179.375
DB12-DUQYEU_clean_repeat,186.09566,194.5
DB12-HOPHUP_clean_repeat,119.06857,138.625
DB12-YUNKAV_clean_repeat,97.16504,91.0
DB12-WOJZIG_clean_repeat,207.38924,209.625
DB12-JUWBIO_clean_repeat,100.476036,128.0
DB12-EXEXAH_clean_repeat,175.52931,175.25
DB12-GUXZUV_clean_repeat,179.68954,152.125
DB12-KEDJAG12_clean_repeat,200.69685,205.125
DB12-VURYIR_clean_repeat,97.29396,99.8125
DB12-ZAVRAR_clean_repeat,161.75885,157.75
DB12-MAYPIM_clean_repeat,76.47905,91.125
DB12-SUJRIZ_clean_repeat,73.683334,91.6875
DB12-QUHMOX_clean_repeat,59.490005,75.0
DB12-KEDJAG26_clean_repeat,200.26068,198.375
DB12-ZIZTOT_clean_repeat,110.97797,133.375
DB12-acscombsci.5b00188_3001288_clean_repeat,99.04073,86.4375
DB12-ECASAD_clean_repeat,72.34542,64.75
DB12-NIGFUF_clean_repeat,220.68063,237.0
DB12-WEYQAU14_clean_repeat,191.40297,199.625
DB12-EDUVOO_clean_repeat,229.44868,244.0
DB12-GEFYUN_clean_repeat,140.28896,142.75
DB12-XIPHIN_clean_repeat,53.85621,61.3125
DB12-acscombsci.5b00188_5036495_clean_repeat,203.57326,204.375
DB12-ic9002115_si_001_clean_repeat,117.31615,131.125
DB12-HITXUE_clean_repeat,234.30705,228.0
DB12-SANJAV_clean_repeat,190.66634,189.25
DB12-ZEDRAD_clean_repeat,90.67423,96.375
DB12-HIQNIG_clean_repeat,93.3964,106.9375
DB12-EQERIC_clean_repeat,177.41837,181.375
DB12-KINDOC_clean_repeat,206.85757,215.0
DB12-ZILBAZ_clean_repeat,127.00545,154.875
DB12-ZNGLUD01_clean_repeat,0.019288724,3.1894531
DB12-WAXJAJ_clean_repeat,152.49783,155.0
DB12-UFILUR02_clean_repeat,99.75593,112.4375
DB12-REYBAA_clean_repeat,71.68451,79.875
DB12-NIMTEJ_clean_repeat,0.00020050205,3.9492188
DB12-FAQYUR_clean_repeat,98.65206,93.4375
DB12-EXOZIB_clean_repeat,228.95956,233.0
DB12-IYUCEM_clean_repeat,171.67476,181.625
DB12-RUYQOT_clean_repeat,183.00496,189.0
DB12-HAMJOW_clean_repeat,225.16185,211.75
DB12-OGUPIQ_clean_repeat,118.16417,109.0
DB12-AVIPAX_clean_repeat,184.85493,188.25
DB12-SOVHOA_clean_repeat,162.26442,167.125
DB12-DAMZEZ_clean_repeat,75.43992,88.0
DB12-KINLAW_clean_repeat,0.15581375,8.9453125
DB12-OHAKEO_clean_repeat,116.867714,126.6875
DB12-KONCIA_clean_repeat,138.73582,151.75
DB12-QOVSOL_clean_repeat,137.82968,136.875
DB12-SINZIA_clean_repeat,29.282286,40.0625
DB12-RUXKUS_clean_repeat,103.87335,106.75
DB12-XUKLAS_clean_repeat,111.54996,114.9375
DB12-FUHNED_clean_repeat,184.51097,186.625
DB12-FIZPOV_clean_repeat,239.96243,245.375
DB12-BEFMAC_clean_repeat,204.55515,219.125
DB12-YULBAJ_clean_repeat,143.9929,144.75
DB12-EQUBUO_clean_repeat,119.20693,135.125
DB12-LELMIA01_clean_repeat,150.95695,149.0
DB12-GUMDEZ_clean_repeat,129.758,150.375
DB12-GOYPER_clean_repeat,133.49944,166.25
DB12-CAXWEF_clean_repeat,229.8684,244.125
DB12-CIWROQ_clean_repeat,198.42455,201.25
DB12-VIXGAM01_clean_repeat,56.416294,50.625
DB12-PUQYAC_clean_repeat,59.060898,74.875
DB12-LODPUR_clean_repeat,65.6599,65.125
DB12-UMOBEF06_clean_repeat,231.05312,213.875
DB12-DAKVUI_clean_repeat,243.30756,247.125
DB12-LIXXAS_clean_repeat,200.023,210.5
DB12-QAQSAD_clean_repeat,144.8583,154.75
DB12-JUKKIL_clean_repeat,141.32446,137.625
DB12-OFUCEZ_clean_repeat,161.51294,163.875
DB12-JORSEQ_clean_repeat,130.38895,107.8125
DB12-RIPKIM_clean_repeat,113.499405,141.875
DB12-QOWRAV07_clean_repeat,242.99574,226.375
DB12-FOQPAE_clean_repeat,131.258,120.125
DB12-CAYDIR_clean_repeat,59.53852,32.0
DB12-RUHFEH_clean_repeat,176.50053,171.5
DB12-RIWMUH_clean_repeat,196.54408,171.375
DB12-NEJRUR_clean_repeat,152.7726,105.1875
DB12-TUYJED_clean_repeat,215.12619,196.0
DB12-j.inoche.2015.03.028_inc05925-mmc2_clean_repeat,217.01903,217.0
DB12-WUDTIA_clean_repeat,111.46665,72.5625
DB12-KAJZIH_clean_repeat,135.25365,108.6875
DB12-CUQROX_clean_repeat,160.19864,131.875
DB12-HURNOX_clean_repeat,0.3899568,-0.2763672
DB12-LELMIA_clean_repeat,150.63612,138.125
DB12-j.inoche.2015.01.025_INC05862-mmc2_clean_repeat,167.83296,146.0
DB12-SIKYER_clean_repeat,226.50294,205.625
DB12-UMABOB_clean_repeat,179.94106,168.0
DB12-cm501138g_si_008_clean_repeat,245.39963,244.125
DB12-CANRUG_clean_repeat,203.53459,172.25
DB12-RUYTUC_clean_repeat,184.1387,171.5
DB12-QOZPIG_clean_repeat,176.31467,124.375
DB12-AQUCOG_clean_repeat,231.41354,231.875
DB12-CISLUN_clean_repeat,178.60437,172.625
DB12-WIJXEU_clean_repeat,238.3709,233.25
DB12-UQOYOP_clean_repeat,163.1945,150.5
DB12-REXFIL_clean_repeat,167.62798,157.5
DB12-FAVGUH_clean_repeat,87.36135,87.0
DB12-YAZYEF_clean_repeat,31.356852,20.90625
DB12-XAFFUH_clean_repeat,206.64333,193.875
DB12-KASRAZ_clean_repeat,221.88379,211.5
DB12-FIJDIM07_clean_repeat,141.57977,133.5
DB12-BOCTOE03_clean_repeat,109.443146,99.4375
DB12-TETZID_clean_repeat,106.89146,99.3125
DB12-GITVEL01_clean_repeat,190.48183,169.625
DB12-XAPCOJ03_clean_repeat,218.56805,203.125
DB12-FAPXOM_clean_repeat,220.55028,210.0
DB12-IFASOZ_clean_repeat,203.02982,195.875
DB12-ZOZSEO_clean_repeat,25.71353,1.2001953
DB12-IYOSUM_clean_repeat,231.69107,223.375
DB12-c4dt03702b_c4dt03702b2_clean_repeat,226.48497,207.75
DB12-MOSBIG_clean_repeat,168.45195,159.125
DB12-BEXREC_clean_repeat,178.88443,146.375
DB12-DEQFOU_clean_repeat,158.60265,136.875
DB12-NAGBUU_clean_repeat,72.70494,60.75
DB12-SOVLEW_clean_repeat,238.23807,225.75
DB12-XOPMIA_clean_repeat,176.89844,146.875
DB12-MOFBIU_clean_repeat,80.806564,71.8125
DB12-IGUCIY_clean_repeat,85.47738,58.65625
DB12-QADWIE_clean_repeat,120.03903,90.25
DB12-ARAFOP_clean_repeat,133.44254,109.25
DB12-FAHPOV_clean_repeat,218.50984,203.375
DB12-UCOHUR_clean_repeat,197.61763,197.0
DB12-LUFNAC01_clean_repeat,199.89134,180.375
DB12-BIQHEQ_clean_repeat,166.13716,147.0
DB12-NIHBEM_clean_repeat,88.97495,78.6875
DB12-YEKXUJ_clean_repeat,197.73116,174.5
DB12-XINYAW_clean_repeat,103.08302,86.0625
DB12-LEDHEJ_clean_repeat,87.01413,72.125
DB12-ja500618z_si_005_clean_repeat,149.80211,136.75
DB12-UPOVOL_clean_repeat,170.41568,135.75
DB12-ZEDZAL_clean_repeat,202.34761,189.625
DB12-LUMZEA_clean_repeat,83.01373,78.4375
DB12-QUSBIP_clean_repeat,257.60455,223.875
DB12-EQUBOI_clean_repeat,120.61778,104.9375
DB12-FAMHAE_clean_repeat,30.482567,20.625
DB12-ACIBIY_clean_repeat,88.05299,81.3125
DB12-DEYXIQ_clean_repeat,162.23297,131.625
DB12-EDIKEH_clean_repeat,60.09622,33.1875
DB12-YURKIG_clean_repeat,204.59102,178.625
DB12-BOYYOF_clean_repeat,171.8873,160.625
DB12-WOJZAY_clean_repeat,199.04053,188.75
DB12-MAHTAR_clean_repeat,118.92062,110.1875
DB12-YASLUA_clean_repeat,143.39479,141.625
DB12-PEQRUZ_clean_repeat,125.542755,111.25
DB12-VOXQOQ_clean_repeat,115.30312,97.1875
DB12-OWIJIP_clean_repeat,226.28426,230.375
DB12-RAHNOF_clean_repeat,245.0821,231.125
DB12-POJTUE_clean_repeat,0.0008250854,2.0976562
DB12-KUFVIS_clean_repeat,134.95613,114.375
DB12-NIKYUC_clean_repeat,87.33487,77.25
DB12-IGAHED02_clean_repeat,121.7809,102.0
DB12-ZAVQUK_clean_repeat,162.17476,146.0
DB12-ZINDAD_clean_repeat,244.95251,243.25
DB12-COMDOY_clean_repeat,167.6393,158.25
DB12-FIJDIM03_clean_repeat,138.02634,121.9375
DB12-TUPDOZ_clean_repeat,109.1394,97.0
DB12-FEQSIF_clean_repeat,246.69928,232.25
DB12-WENLEI_clean_repeat,98.93286,93.4375
DB12-VAQLEG_clean_repeat,123.10199,91.5625
DB12-KECRAL_clean_repeat,146.73276,125.375
DB12-NIMXIS_clean_repeat,198.68538,167.375
DB12-ENANIS_clean_repeat,110.43844,91.375
DB12-OGOWAJ_clean_repeat,187.31851,185.0
DB12-HIFTOG_clean_repeat,184.07161,153.5
DB12-PATWOY_clean_repeat,189.18076,159.0
DB12-WOJZEC_clean_repeat,200.87257,197.25
DB12-SUKYIH_clean_repeat,239.06065,225.125
DB12-RAVVIU01_clean_repeat,91.61991,86.8125
DB12-CAGSAG_clean_repeat,216.02686,206.25
DB12-LIQJEC_clean_repeat,170.5585,157.375
DB12-HOJNOL_clean_repeat,91.64169,60.53125
DB12-ODODES_clean_repeat,180.88954,178.375
DB12-WAVQOB_clean_repeat,254.10362,228.375
DB12-acs.inorgchem.6b00894_ic6b00894_si_002_clean_repeat,143.89246,132.5
DB12-NIKZAJ_clean_repeat,90.37438,80.875
DB12-ic300665a_si_002_clean_repeat,156.16815,112.6875
DB12-VAMQIM_clean_repeat,233.7198,188.0
DB12-VEJZEQ_clean_repeat,84.65393,77.3125
DB12-ATIBOU02_clean_repeat,87.97241,86.8125
DB12-XAMDUM03_clean_repeat,243.36539,232.875
DB12-ELOHOE_clean_repeat,133.63576,101.375
DB12-SOZSAD_clean_repeat,235.83405,194.625
DB12-YERJEL_clean_repeat,13.522506,-0.7548828
DB12-c6ce00407e_c6ce00407e2_clean_repeat,225.75389,204.375
DB12-UMOVEZ03_clean_repeat,255.2733,251.75
DB12-CAJQIP_clean_repeat,249.3046,236.375
DB12-TUMREA_clean_repeat,145.57416,117.1875
DB12-EMUBIZ_clean_repeat,172.59294,162.0
DB12-NARNIG_clean_repeat,40.712963,23.265625
DB12-IJASES_clean_repeat,93.42663,72.25
DB12-S2052520616005515_bm5080sup1_clean_repeat,193.84288,182.375
DB12-HAPHUD_clean_repeat,220.22832,193.375
DB12-VASFAZ_clean_repeat,140.51418,124.5625
DB12-OCACUR_clean_repeat,190.44035,171.75
DB12-OJAKOA_clean_repeat,65.88816,56.3125
DB12-OZAVOC_clean_repeat,154.46361,154.125
DB12-WEHHOI_clean_repeat,254.67023,235.5
DB12-ic102347b_si_001_clean_repeat,215.49034,199.0
DB12-DICKEH_clean_repeat,249.26431,239.75
DB12-cg401887b_si_003_clean_repeat,266.3725,228.25
DB12-VUWSAJ_clean_repeat,202.00218,219.375
DB12-TUTZUD_clean_repeat,44.09425,39.21875
DB12-UMUBEL_clean_repeat,258.7155,249.5
DB12-HOWROC_clean_repeat,92.790726,93.9375
DB12-CADQAB_clean_repeat,201.75412,204.625
DB12-ODAJAG_clean_repeat,82.1981,82.375
DB12-FIQYUA_clean_repeat,91.74339,105.3125
DB12-HELDOT_clean_repeat,237.33377,227.375
DB12-SODQOT_clean_repeat,208.08238,216.375
DB12-WEMCIC_clean_repeat,75.91864,80.5
DB12-MOCKEV_clean_repeat,241.74658,256.75
DB12-GURPIT_clean_repeat,177.1144,182.625
DB12-MANDUD_clean_repeat,211.7257,206.5
DB12-SABVUN_clean_h_min_repeat,248.70026,248.0
DB12-COQNIF_clean_repeat,238.90332,229.875
DB12-CEGFAW_clean_repeat,105.631424,98.0625
DB12-ASOVEL_clean_repeat,111.89223,100.625
DB12-NAWKII_clean_repeat,164.6765,161.125
DB12-YARDIG_clean_repeat,164.46457,161.75
DB12-XINHOT_clean_repeat,88.34442,80.875
DB12-NAHNES_clean_repeat,247.17274,240.25
DB12-YARSIV_clean_repeat,50.312927,57.53125
DB12-RAVVUH_clean_repeat,238.99248,229.0
DB12-AXUHIL_clean_repeat,100.79039,100.1875
DB12-EDAGEX_clean_repeat,89.16001,81.5625
DB12-HUTTIA_clean_repeat,77.81881,90.3125
DB12-KORNAI_clean_repeat,116.376396,102.125
DB12-KEGZOL03_clean_repeat,165.673,148.875
DB12-QUQBAH_clean_repeat,223.48143,222.5
DB12-IVIXIW_clean_repeat,35.780224,43.4375
DB12-JASNEX_clean_repeat,0.15132827,2.8457031
DB12-RAJFAL_clean_repeat,85.137535,91.6875
DB12-WAMRIN01_clean_repeat,199.62897,199.25
DB12-BETHIT_clean_repeat,233.3248,232.375
DB12-ULEPIM_clean_repeat,47.059425,50.53125
DB12-WAVQUF_clean_repeat,136.47777,122.375
DB12-GADRAH_clean_repeat,177.84091,178.75
DB12-EQOCES_clean_repeat,95.294655,86.5625
DB12-ECAHEX_clean_repeat,113.44922,127.0625
DB12-XEXLAP_clean_repeat,174.9928,172.5
DB12-IYAYUE_clean_repeat,171.93945,172.0
DB12-GAMTIY_clean_repeat,125.67141,126.3125
DB12-PUQHEP_clean_repeat,58.624634,71.0625
DB12-KOMHAW_clean_repeat,120.9283,110.5625
DB12-VIZQEC_clean_repeat,131.75209,120.5625
DB12-WAXHUB_clean_repeat,202.58041,217.25
DB12-ABAYIO_clean_repeat,195.58249,176.125
DB12-LAXGOH02_clean_repeat,11.760535,31.765625
DB12-GAXQIH_clean_repeat,92.901825,98.875
DB12-KINPUU_clean_repeat,81.642334,78.5
DB12-REGMOH_clean_repeat,92.762375,91.125
DB12-CIPCUB_clean_repeat,130.13083,119.4375
DB12-DAJHUS_clean_repeat,54.951035,57.25
DB12-SIWTOJ_clean_repeat,167.41927,174.875
DB12-PARFOF_clean_h_repeat,0.0,3.4882812
DB12-MIKJAR_clean_repeat,83.28198,55.4375
DB12-MOCHOC_clean_repeat,9.860693,7.3203125
DB12-NIGGAM_clean_repeat,219.02373,215.375
DB12-AVAKEP_clean_repeat,195.5687,185.0
DB12-EBIZUN_clean_repeat,252.33763,250.5
DB12-IYIGEC_clean_repeat,0.28132588,0.21240234
DB12-KUNRAO_clean_repeat,144.40964,147.125
DB12-IZIKOT02_clean_repeat,157.45047,162.375
DB12-CDLGLU12_clean_repeat,4.74878,10.3359375
DB12-AFOQUI_clean_repeat,74.02068,105.4375
DB12-CUWNIT_clean_repeat,180.92502,168.875
DB12-UVIPOF_clean_repeat,225.37486,209.5
DB12-KIDDOS_clean_repeat,141.93079,132.75
DB12-YOMHAK_clean_repeat,0.16934493,1.3710938
DB12-NEVVAM_clean_repeat,151.91849,156.125
DB12-TORJUH_clean_repeat,157.34364,142.5
DB12-VEDGAO_clean_repeat,165.40927,167.125
DB12-ALUKOI_clean_repeat,246.93925,264.0
DB12-TEBCEK_clean_repeat,43.045094,32.625
DB12-VUKTUS_clean_repeat,142.57668,155.0
DB12-QUQPUO_clean_repeat,157.60892,159.875
DB12-RAVDUP_clean_repeat,82.57754,95.6875
DB12-XIHSEN01_clean_repeat,159.04666,165.25
DB12-XIPTEW_clean_repeat,0.03745075,3.4609375
DB12-LUSHUD_clean_repeat,123.644226,109.75
DB12-NUCYER_clean_repeat,69.742004,87.25
DB12-LIJXEI_clean_repeat,67.63218,73.875
DB12-RUMROI_clean_repeat,119.842255,136.375
DB12-GOKBUE_clean_repeat,114.791115,117.125
DB12-cg401887b_si_004_clean_repeat,264.7564,257.5
DB12-SOMCON_clean_repeat,203.6734,217.875
DB12-QQQGTA02_clean_repeat,64.45489,65.0
DB12-IBAPEJ_clean_repeat,77.62346,82.375
DB12-HOGQIF_clean_repeat,38.350315,39.96875
DB12-CDLGLU11_clean_repeat,3.8012345,2.7890625
DB12-KIDDIM_clean_repeat,137.29027,145.875
DB12-MASMIC_clean_repeat,260.1674,252.75
DB12-IBICON_clean_repeat,149.10188,157.25
DB12-RAZGOQ_clean_repeat,114.41699,110.8125
DB12-LEVYOC_clean_repeat,104.565094,95.5
DB12-PANRUS01_clean_repeat,255.54466,226.25
DB12-XIHXAP_clean_repeat,104.41357,101.5625
DB12-ZIJVOF01_clean_repeat,153.61606,148.75
DB12-DADPEG_clean_repeat,154.10379,143.375
DB12-WAVRAO_clean_repeat,232.14836,225.5
DB12-DEPTOH_clean_repeat,212.21222,222.5
DB12-UMOBEF08_clean_repeat,229.28261,223.25
DB12-CODFEH_clean_repeat,85.457054,90.3125
DB12-NEVVAM02_clean_repeat,147.32954,146.625
DB12-QOZGAP_clean_repeat,146.11829,160.75
DB12-TAGVAB_clean_repeat,219.03021,209.0
DB12-QEBGAH_clean_repeat,153.61848,153.0
DB12-XALCET_clean_repeat,176.10597,170.25
DB12-WAGLEY_clean_repeat,65.25937,69.75
DB12-XIDBUJ_clean_repeat,179.75685,179.125
DB12-KUXLUL_clean_repeat,215.90115,209.5
DB12-PASNAA_clean_repeat,155.49722,147.25
DB12-acs.inorgchem.5b02108_ic5b02108_si_002_clean_repeat,229.43729,247.25
DB12-c6cc02494g_c6cc02494g4_clean_repeat,216.6251,220.75
DB12-XEDPED_clean_repeat,155.93384,160.75
DB12-EPONAA_clean_repeat,131.64888,124.875
DB12-XIGHAX_clean_repeat,172.78375,172.375
DB12-TOJVIZ_clean_repeat,1.3941307,18.625
DB12-UMOBEF05_clean_repeat,232.30112,213.375
DB12-LOMMIL_clean_repeat,16.867085,25.234375
DB12-YEKXET_clean_repeat,206.4304,201.625
DB12-MEJMOE_clean_repeat,235.19283,206.625
DB12-CODRUJ_clean_repeat,139.13313,151.5
DB12-MEJQID_clean_repeat,145.64949,134.125
DB12-KIFKAM_clean_repeat,97.69839,106.375
DB12-UKUBIM_clean_repeat,142.2268,149.5
DB12-XOVYUD_clean_repeat,72.01227,77.25
DB12-WURKEB_clean_repeat,183.10646,187.375
DB12-CUFJUK_clean_repeat,0.06257613,0.18737793
DB12-JUSHIQ_clean_repeat,143.5806,140.375
DB12-VEJYOZ_clean_repeat,193.09148,190.125
DB12-RICHIV_clean_repeat,59.26294,65.5
DB12-COKMIA_clean_repeat,232.06548,225.375
DB12-BARZIE_clean_repeat,60.40434,60.90625
DB12-RULVUP_clean_repeat,109.66776,108.6875
DB12-YUKVEG_clean_repeat,161.69322,132.75
DB12-DONKIC_clean_repeat,179.8687,187.75
DB12-OTOVIE_clean_repeat,106.06445,110.625
DB12-NANNEY_clean_repeat,68.2534,64.75
DB12-WUDTOG_clean_repeat,107.58243,104.75
DB12-UMODEH25_clean_repeat,252.63654,249.0
DB12-UNABUH01_clean_repeat,99.88536,102.9375
DB12-BAZFUF01_clean_repeat,230.89157,227.875
DB12-VUNXUY_clean_repeat,108.35287,119.5
DB12-YAPXIX_clean_repeat,59.381172,58.25
DB12-PEGQUP_clean_repeat,76.966286,85.125
DB12-ELIKEQ_clean_repeat,142.07448,147.0
DB12-YEGTEK_clean_repeat,91.98633,87.0625
DB12-ALAMUW_clean_repeat,255.4514,228.0
DB12-OSIXIY_clean_repeat,70.016624,63.1875
DB12-ZEXKUK_clean_repeat,128.93198,147.5
DB12-UBACOR_clean_repeat,112.41688,117.625
DB12-HOGLEV01_clean_repeat,253.11461,251.5
DB12-SOCKOM_clean_repeat,119.707664,142.875
DB12-DAWBIO_clean_repeat,102.965576,112.6875
DB12-LUJPUC_clean_repeat,129.86719,121.5
DB12-AQEQES_clean_repeat,185.69255,170.75
DB12-YONNAR_clean_repeat,242.97105,251.125
DB12-AFOTOF_clean_repeat,203.35599,196.375
DB12-XEDGIY_clean_repeat,177.29045,167.5
DB12-XUMVEH_clean_repeat,181.33131,186.875
DB12-SAQQIL_clean_repeat,237.83467,240.875
DB12-QUPHIT_clean_repeat,118.21551,96.3125
DB12-DACXUB_clean_repeat,94.030495,98.8125
DB12-magnetochemistry3010001_PF362NdCl_clean_repeat,105.69511,106.5625
DB12-ic501898x_si_005_clean_repeat,125.80231,136.625
DB12-WIKYAQ_clean_repeat,76.88225,68.75
DB12-CODSUL_clean_repeat,93.81527,82.3125
DB12-VAZTOG_clean_repeat,229.24414,217.75
DB12-AQUCUM_clean_repeat,234.65962,210.125
DB12-LULJAE_clean_repeat,203.25375,205.125
DB12-NAPZOV_clean_repeat,113.8798,128.25
DB12-UMUBOV_clean_repeat,258.50378,241.375
DB12-cg500033b_si_003_clean_repeat,96.88758,106.1875
DB12-VOBQEK_clean_repeat,191.75499,164.875
DB12-CECVOW_clean_repeat,75.605415,72.6875
DB12-WEVZUT_clean_repeat,100.35338,97.1875
DB12-INARUM_clean_repeat,134.59393,135.375
DB12-QUPJAN_clean_repeat,119.480515,115.625
DB12-XALMII_clean_repeat,237.02733,235.75
DB12-REXCUU_clean_repeat,168.98122,173.875
DB12-NUYWOU_clean_repeat,73.08578,75.5
DB12-TUMROK_clean_repeat,152.17607,143.25
DB12-CAXVII_clean_repeat,225.49875,218.0
DB12-WEGFUL_clean_repeat,107.46295,105.9375
DB12-KORMOV_clean_repeat,70.1268,73.3125
DB12-MARLID_clean_repeat,63.89382,50.8125
DB12-DIBPIP_clean_repeat,134.66959,163.25
DB12-UMODEH03_clean_repeat,254.52336,262.0
DB12-YEMJAC_clean_repeat,190.97806,192.0
DB12-ASEJOZ_clean_repeat,73.56073,82.875
DB12-MUFHUR_clean_repeat,4.2694283,3.8125
DB12-PEVQIS_clean_h_repeat,232.29987,228.25
DB12-BETFUD_clean_repeat,211.40923,200.25
DB12-VUCDEE_clean_repeat,113.424164,106.0625
DB12-WEYQAU05_clean_repeat,192.50659,185.125
DB12-ADABIS_clean_repeat,66.91241,75.5
DB12-LIRFIB_clean_repeat,160.62628,148.625
DB12-XOVVEK_clean_repeat,94.29586,96.1875
DB12-ZEZPUR_clean_repeat,171.232,178.625
DB12-XUKHUI_clean_repeat,210.42162,169.25
DB12-ABAVIJ_clean_repeat,56.389324,60.8125
DB12-NUCYIV_clean_repeat,70.36036,74.5625
DB12-PEFRUP01_clean_repeat,165.90605,159.875
DB12-SATRIP_clean_repeat,150.81116,136.5
DB12-ATIBIO_clean_repeat,74.67712,91.3125
DB12-MULQOA_clean_repeat,184.59702,175.75
DB12-NOMQAJ01_clean_repeat,81.9646,108.1875
DB12-XAMDUM02_clean_repeat,244.9632,228.625
DB12-WUSXEP_clean_repeat,242.23265,247.125
DB12-SISFEH_clean_repeat,73.464294,83.4375
DB12-RIFDUG01_clean_repeat,251.32251,248.0
DB12-LITCIC_clean_repeat,205.8526,201.125
DB12-ECEDAU_clean_repeat,80.58083,102.625
DB12-MIVPAJ_clean_repeat,0.1702938,6.3125
DB12-OPAGIX_clean_repeat,242.60315,230.0
DB12-ZIWMEZ_clean_repeat,83.16124,78.0
DB12-ZAVPET_clean_repeat,162.1489,172.5
DB12-IRELAU_clean_repeat,211.76295,189.375
DB12-ic402058f_si_005_clean_repeat,108.94193,112.0
DB12-CIFDOM_clean_repeat,184.61292,173.75
DB12-TAJQEC_clean_repeat,86.6993,105.3125
DB12-HIFTOG02_clean_repeat,179.53003,176.75
DB12-ic2017598_si_001_clean_h_repeat,233.44965,233.125
DB12-VAGMEX_clean_repeat,225.84076,217.875
DB12-JIXWUJ01_clean_repeat,87.2877,88.8125
DB12-LAYGAV_clean_repeat,166.55711,172.0
DB12-BUWMEN_clean_repeat,194.8589,198.75
DB12-CIWRUW_clean_repeat,197.8639,192.75
DB12-YEBKOG_clean_repeat,63.98122,67.4375
DB12-BIRMUM_clean_repeat,58.483513,66.4375
DB12-TIVFAG_clean_repeat,0.010844313,16.0625
DB12-PITPEP_clean_repeat,216.12633,210.5
DB12-TUYNEI_clean_repeat,136.04362,140.5
DB12-KEDJAG14_clean_repeat,199.98964,197.625
DB12-NOHHID_clean_repeat,31.85824,27.1875
DB12-BEFLUV_clean_repeat,151.8233,166.125
DB12-UFENEZ_clean_repeat,116.58693,118.25
DB12-QARTEK_clean_repeat,40.811474,60.59375
DB12-FONQIJ_clean_repeat,134.22908,138.375
DB12-LATPIG_clean_repeat,142.23506,136.5
DB12-CAYDUD_clean_repeat,59.025322,68.375
DB12-BALMUW01_clean_repeat,1.087053,2.2695312
DB12-cm501138g_si_011_clean_repeat,244.524,235.875
DB12-BONWIL_clean_repeat,31.347004,44.625
DB12-FATKUI_clean_repeat,114.335304,104.0
DB12-PAPKUP_clean_repeat,41.37411,46.1875
DB12-ECORIX_clean_repeat,110.164085,111.8125
DB12-COKPEZ_clean_repeat,243.042,243.5
DB12-VEJYUF02_clean_repeat,70.5603,66.9375
DB12-KEGZOL02_clean_repeat,163.69354,156.25
DB12-CAKYAQ_clean_repeat,116.1872,118.1875
DB12-OJIWAG_clean_repeat,198.09755,195.125
DB12-HOTWUJ_clean_repeat,144.2862,135.0
DB12-NOCLOH01_clean_repeat,133.09926,129.625
DB12-SITTUM_clean_repeat,81.87197,82.4375
DB12-jz4002345_si_006_clean_repeat,204.41824,187.75
DB12-jp102463p_si_002_clean_repeat,214.66425,213.0
DB12-IXEJOM_clean_repeat,234.00616,226.125
DB12-HUQHEI_clean_repeat,226.51695,218.125
DB12-IGAHED01_clean_repeat,124.12662,122.0
DB12-ZIKJOU_clean_repeat,207.99768,217.625
DB12-SUTJIC_clean_repeat,43.347195,61.28125
DB12-KAVNIH_clean_repeat,142.00298,131.875
DB12-IXISOX_clean_repeat,116.28314,105.875
DB12-NACYAU_clean_repeat,247.86469,262.75
DB12-SAHBEJ_clean_repeat,63.64488,63.34375
DB12-TISHAF_clean_repeat,236.61041,227.125
DB12-ROQDIM04_clean_repeat,117.396675,128.625
DB12-XICNOO_clean_repeat,209.01614,213.375
DB12-KEDJAG24_clean_repeat,201.18782,197.375
DB12-KEVWUF_clean_repeat,208.34904,209.25
DB12-WEDQED_clean_repeat,120.518974,119.75
DB12-KIHTOL01_clean_repeat,3.977324,9.984375
DB12-PAKXIK_clean_repeat,160.5496,148.0
DB12-ja203898s_si_004_clean_repeat,206.77832,216.375
DB12-KEGZOL01_clean_repeat,164.14825,166.25
DB12-IKETIB_clean_repeat,227.89388,237.75
DB12-DUTKAG_clean_repeat,225.25896,222.75
DB12-MAHTAR01_clean_repeat,118.775536,112.9375
DB12-WOQTUT_clean_repeat,141.7524,133.875
DB12-VATYIZ_clean_repeat,154.79277,155.875
DB12-EGATIQ_clean_repeat,213.07855,207.5
DB12-RESWUI02_clean_repeat,90.69366,103.0
DB12-LULXEW_clean_repeat,73.93235,61.875
DB12-QUQFOY_clean_repeat,238.53856,243.25
DB12-IZIHAC_clean_repeat,170.25899,160.125
DB12-BERGAI_clean_repeat,80.957146,101.5
DB12-GIMSUS_clean_repeat,90.91543,78.75
DB12-IYOCOQ_clean_repeat,167.30948,168.25
DB12-XEGJOK_clean_repeat,195.51591,196.875
DB12-OPENIH_clean_repeat,49.379536,50.09375
DB12-RUGJEK_clean_repeat,62.849545,55.09375
DB12-LEQQAA_clean_repeat,216.55452,213.25
DB12-ETEMIB_clean_repeat,89.897804,125.0
DB12-QOMTET_clean_repeat,137.35306,137.375
DB12-ja5b02999_si_006_clean_repeat,221.79388,222.875
DB12-YANBAR_clean_repeat,89.06301,84.1875
DB12-RODBAP_clean_repeat,218.5129,211.875
DB12-PUZKUS_clean_repeat,137.37968,140.5
DB12-GOYPAN_clean_repeat,139.41045,150.875
DB12-BEXRUT_clean_repeat,146.54312,148.25
DB12-JUVWUU_clean_repeat,128.61629,124.375
DB12-WEYQAU04_clean_repeat,192.47849,193.75
DB12-WABWEC_clean_repeat,184.72673,188.125
DB12-NOFHOG_clean_repeat,247.50046,224.25
DB12-XAQTEO01_clean_repeat,112.32921,100.75
DB12-KAWBOB_clean_repeat,174.11195,176.0
DB12-QUPDEL01_clean_repeat,143.71779,133.375
DB12-VUQJUN_clean_repeat,218.91966,187.5
DB12-KIPJOK_clean_repeat,123.567894,121.0
DB12-LICSUM_clean_repeat,12.402824,13.1640625
DB12-UMUBAH_clean_repeat,257.1413,242.5
DB12-XUNRUV_clean_repeat,96.10694,99.4375
DB12-BALMUW_clean_repeat,2.0920918,3.671875
DB12-YOCCIE_clean_repeat,136.61911,130.75
DB12-TETZEZ_clean_repeat,220.4376,226.75
DB12-TUMGUD_clean_repeat,15.009534,33.25
DB12-GUVZII_clean_repeat,226.71321,219.0
DB12-IGOJEV_clean_repeat,152.51733,158.75
DB12-SEHSOO_clean_repeat,218.30505,218.625
DB12-UMODEH06_clean_repeat,259.51688,250.75
DB12-ITIXAM_clean_repeat,96.874565,96.4375
DB12-RIRDED_clean_repeat,148.62498,142.375
DB12-SUKREX_clean_repeat,101.37682,103.0625
DB12-PELXIP_clean_repeat,94.37358,91.875
DB12-XICYAL_clean_repeat,147.21942,142.875
DB12-WAYKAK_clean_repeat,205.36513,205.125
DB12-HUCWOT_clean_repeat,175.21681,188.125
DB12-BAPDAA_clean_repeat,232.72351,214.75
DB12-NUDMAC_clean_repeat,148.57153,144.5
DB12-ROCZAM_clean_repeat,192.90482,169.0
DB12-WUYXUL_clean_repeat,221.11891,210.875
DB12-UMAROR_clean_repeat,143.09917,146.875
DB12-acs.jchemed.6b00258_ed6b00258_si_005_clean_repeat,59.29458,58.625
DB12-EPOXAJ_clean_repeat,118.301125,113.1875
DB12-XEXLET_clean_repeat,175.27094,163.875
DB12-NUVYIN_clean_repeat,95.91872,92.375
DB12-XUBGUY_clean_repeat,241.91212,244.5
DB12-JUCGUL_clean_repeat,193.40424,161.75
DB12-HEKTUO_clean_repeat,128.15247,135.125
DB12-GELVEZ_clean_repeat,131.63719,114.875
DB12-RAVWUI_clean_repeat,155.6993,156.75
DB12-GALCAZ_clean_repeat,159.35149,163.125
DB12-IPOWOA_clean_repeat,37.954243,56.125
DB12-KEFBEE_clean_repeat,254.20395,248.375
DB12-DAWBOU_clean_repeat,104.41084,93.6875
DB12-CDLGLU10_clean_repeat,3.516041,-0.052978516
DB12-FITJAU_clean_repeat,73.6866,78.9375
DB12-JIZJEJ_clean_repeat,143.1165,152.125
DB12-HAJLOU_clean_repeat,39.5427,49.125
DB12-cg501560z_si_002_clean_repeat,175.26935,169.625
DB12-XOKHAH_clean_repeat,54.538902,61.53125
DB12-EVADIQ_clean_repeat,209.80206,217.5
DB12-jp102463p_si_004_clean_repeat,247.11485,210.25
DB12-UHIYOB_clean_repeat,0.6337193,10.375
DB12-LIWXIZ_clean_repeat,24.809546,25.484375
DB12-MAXHEA_clean_repeat,0.0006488963,0.5029297
DB12-QERWAL_clean_repeat,160.25739,156.125
DB12-WOLFAG_clean_repeat,116.07854,111.3125
DB12-MEHPAQ_clean_repeat,0.00042824264,1.8447266
DB12-UKAQIH_clean_repeat,200.26233,208.5
DB12-FOJVUX_clean_repeat,69.0879,77.625
DB12-IZUVUV_clean_repeat,165.81169,166.0
DB12-EDADIX_clean_repeat,143.42226,139.625
DB12-TAGCIP_clean_repeat,0.1547385,1.5449219
DB12-XAHPIH_clean_repeat,209.13618,223.625
DB12-TANMIH_clean_repeat,87.1944,86.5
DB12-FEFVES_clean_repeat,132.17253,118.125
DB12-RASKON_clean_repeat,133.50883,133.5
DB12-QUVFET_clean_repeat,101.26856,86.8125
DB12-XAKVIP_clean_repeat,0.0068543255,2.9570312
DB12-RIPKIM01_clean_repeat,114.37175,111.6875
DB12-XUNSIK_clean_repeat,123.88639,115.4375
DB12-VAHVOR_clean_repeat,212.49033,219.625
DB12-EJOQUR_clean_repeat,212.6828,196.125
DB12-LURLOB_clean_repeat,238.99408,238.25
DB12-FAMQES_clean_repeat,251.58144,251.625
DB12-QUTTII_clean_repeat,151.01985,137.875
DB12-BAKLIK_clean_repeat,49.281208,48.40625
DB12-LUWYUY_clean_repeat,50.258392,45.96875
DB12-KUMBOL_clean_repeat,42.521687,46.53125
DB12-CUKXOW_clean_repeat,137.84511,131.625
DB12-SAQQOR_clean_h_repeat,234.58125,254.875
DB12-CDLGLU01_clean_repeat,4.6004725,4.8984375
DB12-REXCOO_clean_repeat,168.83646,168.0
DB12-RORRIB_clean_repeat,151.22585,184.5
DB12-PEFRUP_clean_repeat,215.8767,212.25
DB12-SUFJOU_clean_repeat,163.05101,169.125
DB12-GIHPEU_clean_repeat,111.15146,111.125
DB12-CAXPIC_clean_repeat,10.37276,19.59375
DB12-ERULEK_clean_repeat,225.00056,209.5
DB12-EPEWEC_clean_repeat,148.90405,145.0
DB12-ALUJIB_clean_repeat,158.98712,162.0
DB12-AHOKOX_clean_repeat,178.96864,166.875
DB12-CABQEB_clean_repeat,26.873398,12.3359375
DB12-GUNZIA_clean_repeat,153.69756,142.875
DB12-UZANEP_clean_repeat,83.274956,83.9375
DB12-ANAWOD_clean_repeat,203.102,213.0
DB12-TAGSEB_clean_repeat,114.220604,123.625
DB12-CIZLEE_clean_repeat,1.9532256,1.3828125
DB12-LUDVIP_clean_repeat,133.8267,144.375
DB12-PURJES_clean_repeat,163.07231,183.125
DB12-PURSOK_clean_repeat,202.723,169.5
DB12-MUNDEG_clean_repeat,223.33234,238.25
DB12-GELVID01_clean_repeat,70.57333,85.0
DB12-GEGHAD_clean_repeat,116.13538,125.9375
DB12-jacs.5b12516_ja5b12516_si_003_clean_repeat,180.50656,181.0
DB12-OKIPOO_clean_repeat,71.78897,52.5625
DB12-NIJSAC_clean_repeat,42.246254,54.0625
DB12-SAJLOH_clean_repeat,149.04565,159.375
DB12-IWOKUC_clean_repeat,125.416336,129.875
DB12-BUSRUE_clean_repeat,184.63908,177.125
DB12-TUMQOJ_clean_repeat,144.25458,162.125
DB12-UKUPEX_clean_repeat,154.22502,156.25
DB12-DONKOI_clean_repeat,179.87073,170.5
DB12-POYPAW_clean_repeat,198.7739,199.375
DB12-YOMVIG_clean_repeat,108.836784,94.375
DB12-BUXZAX_clean_repeat,194.59566,222.75
DB12-XEKCAT01_clean_repeat,220.80403,215.75
DB12-QITDEE_clean_repeat,49.034416,74.875
DB12-XUNGUJ_clean_repeat,121.20068,128.875
DB12-TUKDAG_clean_repeat,0.47191224,-0.19543457
DB12-LUDVUB_clean_repeat,60.742065,56.3125
DB12-WABVIF04_clean_repeat,145.53848,150.125
DB12-XEHSOT_clean_repeat,92.30679,94.0
DB12-XOVYIR_clean_repeat,78.954605,75.5625
DB12-FIJDIM09_clean_repeat,144.84558,153.625
DB12-ASALIP_clean_repeat,144.8191,135.625
DB12-QOWRAV06_clean_repeat,242.73946,240.5
DB12-la304204k_si_003_clean_repeat,196.26627,201.75
DB12-BIWYAH10_clean_repeat,169.51884,166.75
DB12-NEJSAY_clean_repeat,162.69014,187.875
DB12-c6cc02494g_c6cc02494g6_clean_repeat,207.11385,215.0
DB12-PELQII_clean_repeat,220.5281,218.5
DB12-XUNHAQ_clean_repeat,145.42757,147.375
DB12-NOQKOV_clean_repeat,169.45517,178.0
DB12-JUYROM_clean_repeat,212.95685,219.75
DB12-SOTTUR_clean_repeat,93.44189,100.0625
DB12-DIWNAA_clean_repeat,275.09637,276.25
DB12-XOXMED_clean_repeat,217.45094,202.25
DB12-QAGDIO_clean_repeat,238.32779,242.75
DB12-SUJNUH_clean_repeat,117.23614,123.0
DB12-EGAFUP_clean_repeat,137.10606,147.75
DB12-BOZFON_clean_repeat,127.43417,133.5
DB12-DEBGIA_clean_repeat,118.80619,148.875
DB12-UGUHAG_clean_repeat,113.83822,122.6875
DB12-TOBJUR_clean_repeat,232.49565,225.125
DB12-UREVIY_clean_repeat,145.64038,136.125
DB12-cm503311x_alf350K_clean_repeat,197.54866,198.125
DB12-LUJBAV_clean_repeat,48.94771,43.0
DB12-IDIWIB_clean_repeat,167.5269,198.0
DB12-HIYZEV01_clean_repeat,143.7654,158.375
DB12-MONFAY_clean_repeat,78.53676,86.3125
DB12-JOGHEU_clean_repeat,205.6292,211.0
DB12-LAZHUR_clean_repeat,85.735916,86.0
DB12-HOXSUK_clean_repeat,175.71138,174.5
DB12-CUFGUH_clean_repeat,27.078703,29.1875
DB12-LEDPIU_clean_repeat,53.745308,87.3125
DB12-JUCXEK_clean_repeat,114.03233,109.3125
DB12-YOPQEB_clean_repeat,70.0765,66.0
DB12-XOMCIL_clean_repeat,125.17237,115.0625
DB12-ncomms11831_ncomms11831-s2_clean_repeat,57.1692,63.625
DB12-INOMOP01_clean_repeat,151.98523,157.75
DB12-EDUTIG_clean_repeat,233.78023,235.75
DB12-KUCDOD_clean_repeat,159.84924,155.0
DB12-SISQAO_clean_repeat,138.34508,133.25
DB12-BOJCIN_clean_repeat,98.39957,106.0625
DB12-HEBKEG_clean_repeat,104.752235,115.5
DB12-SIVWUR_clean_repeat,65.868385,75.0625
DB12-PAMHIW_clean_repeat,210.10786,216.0
DB12-LUFNAC_clean_repeat,198.70326,206.5
DB12-SUNLET_clean_repeat,203.33356,195.375
DB12-RAYFAA_clean_repeat,198.31416,210.5
DB12-NISCOJ_clean_repeat,99.15909,99.625
DB12-CAJLEH_clean_repeat,89.85977,103.3125
DB12-YOTRUW_clean_repeat,60.430443,62.71875
DB12-ROQFUA01_clean_repeat,106.83676,111.3125
DB12-YUFLOC_clean_repeat,212.44275,205.125
DB12-JADJOQ_clean_repeat,206.2206,222.875
DB12-UMODEH24_clean_repeat,257.72296,240.25
DB12-GOYYEA_clean_repeat,82.79732,78.25
DB12-EJIDUW02_clean_repeat,118.209,113.5
DB12-OZAVES_clean_repeat,145.6295,151.5
DB12-OPOYUO_clean_repeat,93.308334,90.4375
DB12-OJAKUG_clean_repeat,67.42043,54.0
DB12-IZEHAX_clean_repeat,125.687775,132.5
DB12-DALSER_clean_repeat,70.01693,80.375
DB12-ECEBEW_clean_repeat,131.70024,125.3125
DB12-MAZTIR_clean_repeat,112.786064,116.1875
DB12-WIDZUG_clean_repeat,128.52103,104.9375
DB12-CODKOX_clean_repeat,4.115905,5.2851562
DB12-ic500323r_si_001_clean_repeat,102.70245,115.0
DB12-REZJIR02_clean_repeat,144.27106,148.5
DB12-MIHLEV_clean_repeat,89.575554,100.5625
DB12-LEYQUD_clean_repeat,206.90889,201.875
DB12-UMELUU_clean_repeat,0.031881355,5.5664062
DB12-OYOSAX_clean_repeat,115.9317,147.75
DB12-TASVUG_clean_repeat,176.0729,177.375
DB12-KOVJAI_clean_repeat,189.03741,196.5
DB12-XEHFUL_clean_repeat,128.29956,128.375
DB12-c6ce00407e_c6ce00407e9_clean_repeat,193.8731,202.625
DB12-DEYNIG_clean_repeat,55.948776,61.34375
DB12-AVELOD_clean_repeat,187.59604,183.5
DB12-DUFXOT_clean_repeat,69.77968,78.625
DB12-XISPEW02_clean_repeat,208.83063,211.75
DB12-SAKRED_clean_repeat,202.98448,201.875
DB12-WEHJAW_clean_repeat,252.16118,243.75
DB12-OPIPUZ_clean_repeat,105.56781,103.875
DB12-GISMIG_clean_repeat,69.69568,82.125
DB12-ROGLOP_clean_repeat,104.79678,104.1875
DB12-OKILEA_clean_repeat,128.31827,132.125
DB12-MUNPER_clean_repeat,195.9392,193.0
DB12-HIFWAV_clean_repeat,144.46838,144.0
DB12-IJASOC_clean_repeat,206.80101,201.75
DB12-CAYDEN_clean_repeat,59.373344,55.0
DB12-YANBAR01_clean_repeat,90.18516,88.9375
DB12-ic049498msi20040906_121120_clean_repeat,120.3091,118.4375
DB12-LULHUW_clean_repeat,179.64479,169.0
DB12-TENLIJ_clean_repeat,144.55284,145.5
DB12-MIMSUY_clean_repeat,174.07735,169.125
DB12-LAGVOG_clean_repeat,238.90767,225.625
DB12-HOFMAS_clean_repeat,54.213398,65.6875
DB12-VAZKUE_clean_repeat,22.661617,2.6855469
DB12-IROROY_clean_repeat,100.60697,93.0
DB12-NOBVOR_clean_repeat,169.6505,150.875
DB12-YARYEV_clean_repeat,133.1726,124.4375
DB12-FIQZAH_clean_repeat,92.43032,81.125
DB12-HIDBON_clean_repeat,54.316265,39.1875
DB12-RAVWES_clean_repeat,196.88042,186.625
DB12-ic048812_clean_repeat,65.3477,78.375
DB12-PUDSIR01_clean_repeat,204.5829,203.125
DB12-XIGHEB_clean_repeat,172.50165,162.125
DB12-NEDWEA_clean_repeat,206.99115,210.625
DB12-FUVGAG01_clean_repeat,42.710705,42.375
DB12-FEZQEI_clean_repeat,96.608925,101.625
DB12-ZAVQIY_clean_repeat,162.08241,175.875
DB12-MOYMET_clean_repeat,158.6093,162.75
DB12-DANROC_clean_repeat,126.24776,123.8125
DB12-LUFNAC03_clean_repeat,199.3182,219.875
DB12-APEBEE_clean_repeat,130.82932,133.875
DB12-DOQRUW_clean_repeat,129.66309,120.0
DB12-QOMRUH_clean_repeat,200.13681,200.375
DB12-XEHSAF_clean_repeat,90.67029,90.0625
DB12-FIRPAZ_clean_repeat,234.71956,217.25
DB12-OFUCAV_clean_repeat,138.03741,123.4375
DB12-YEZFIU_clean_repeat,168.24393,174.375
DB12-IGUTUB_clean_repeat,86.80766,99.75
DB12-QASTUC_clean_repeat,113.565125,99.75
DB12-SURDOA_clean_repeat,91.819916,83.5
DB12-GARTIF_clean_repeat,151.2126,136.5
DB12-FIFPOA_clean_repeat,95.47949,104.8125
DB12-EBIPOX_clean_repeat,178.13063,196.875
DB12-UKAJOH_clean_repeat,70.42835,73.4375
DB12-MEMGAN_clean_repeat,153.14432,140.875
DB12-MUTVUT_clean_repeat,53.093464,48.59375
DB12-WACLEU_clean_repeat,153.49384,154.875
DB12-PUWVAG_clean_repeat,113.87647,116.75
DB12-PIBGAK_clean_repeat,156.81274,155.75
DB12-QOWRAV11_clean_repeat,243.17044,236.625
DB12-OXAMIK_clean_repeat,94.6226,86.0
DB12-DADLEC_clean_repeat,102.63633,102.5
DB12-GAXWAF_clean_repeat,160.51988,149.125
DB12-QOCSEH_clean_repeat,186.8224,149.875
DB12-LAGMUD_clean_repeat,198.85463,212.75
DB12-MIDCAF_clean_repeat,196.48677,206.5
DB12-WORSUT_clean_repeat,145.92091,133.5
DB12-GOTDIE_clean_repeat,32.331093,26.875
DB12-IXUWOO_clean_repeat,145.99814,136.125
DB12-XUZXUN_clean_repeat,163.48106,158.875
DB12-EBEXEQ_clean_repeat,188.71704,174.875
DB12-MUTDEM_clean_repeat,175.15347,165.75
DB12-CISMEY01_clean_repeat,13.660955,7.171875
DB12-OZUKUR_clean_repeat,226.57501,211.75
DB12-IKUTOZ_clean_repeat,205.45607,205.875
DB12-LEQVIN_clean_repeat,150.9568,157.875
DB12-PUZLUS_clean_repeat,231.22993,215.5
DB12-PUPXII_clean_repeat,96.0854,79.0625
DB12-BUWMIR_clean_repeat,224.06229,200.625
DB12-SANHUN_clean_repeat,187.75758,189.5
DB12-YICGOI_clean_repeat,79.1778,82.0
DB12-YEKXOD_clean_repeat,186.48586,198.125
DB12-KUVMIZ_clean_repeat,216.22092,206.125
DB12-DOJYAD_clean_repeat,81.92638,82.4375
DB12-JURKIS_clean_repeat,115.56683,120.0
DB12-REXFEH_clean_repeat,168.31639,175.5
DB12-CIWSAD_clean_repeat,198.41116,190.25
DB12-OTIQAL_clean_repeat,136.2584,135.25
DB12-AWAGOV_clean_repeat,115.16809,115.875
DB12-KOSKEK_clean_repeat,220.80014,234.625
DB12-GAQKOB_clean_repeat,94.9076,80.8125
DB12-ZADDAJ_clean_repeat,10.168454,2.6152344
DB12-ELIJOZ_clean_repeat,143.04936,144.5
DB12-XARPAK_clean_repeat,194.19814,164.0
DB12-GARLIX_clean_repeat,171.21779,171.625
DB12-GONTAG_clean_repeat,198.1857,187.5
DB12-NEKBEL_clean_repeat,94.12875,75.25
DB12-KEWZET_clean_repeat,158.22026,157.25
DB12-WECJIZ_clean_repeat,106.59553,112.375
DB12-BUSNAF_clean_repeat,109.32929,90.1875
DB12-XEZPUP_clean_repeat,56.87724,49.65625
DB12-ICAQOU_clean_repeat,247.37561,244.75
DB12-IDUDES_clean_repeat,101.36077,111.25
DB12-ALIXUP_clean_repeat,134.58665,140.25
DB12-AZAFIS_clean_repeat,126.46934,118.9375
DB12-ASAHEJ_clean_repeat,146.19691,144.25
DB12-FORQIN_clean_repeat,208.20135,203.0
DB12-ic401157n_si_003_clean_repeat,237.98175,230.0
DB12-YOCSEQ_clean_repeat,99.51506,104.8125
DB12-LAWFOF_clean_repeat,234.81364,241.25
DB12-QIVBUT_clean_repeat,155.11082,139.375
DB12-RUPTED_clean_repeat,52.181053,46.5
DB12-MIMKIE_clean_repeat,156.67363,143.125
DB12-OSAXAI_clean_repeat,84.49151,88.3125
DB12-DUXMAL_clean_repeat,158.81512,154.125
DB12-ICAQIO_clean_repeat,248.62668,254.75
DB12-IXOFIL_clean_repeat,212.2101,204.0
DB12-ZAVPIX_clean_repeat,161.91922,158.375
DB12-DUXKUD_clean_repeat,177.3584,193.25
DB12-PEGCIP_clean_repeat,143.5724,131.375
DB12-WODQUD_clean_repeat,2.6337316,3.2265625
DB12-NAWWUG_clean_repeat,185.26758,191.125
DB12-QUMJEP_clean_repeat,43.236538,36.78125
DB12-MAQBIS_clean_repeat,243.75081,241.75
DB12-WIPZEC_clean_repeat,170.47595,176.25
DB12-SOZSEH_clean_repeat,236.59926,216.125
DB12-KOSKUA_clean_repeat,231.78021,218.5
DB12-DAWCIP_clean_repeat,202.10097,207.0
DB12-LECGAD_clean_repeat,134.93832,126.125
DB12-IBUYAH_clean_repeat,39.841694,36.96875
DB12-DOQGUM_clean_repeat,131.56967,146.625
DB12-VUSKEA_clean_repeat,239.9644,228.75
DB12-GOYXID_clean_repeat,81.59394,71.6875
DB12-PEGQAV_clean_repeat,67.26852,78.9375
DB12-FEJKEM_clean_repeat,64.61316,66.625
DB12-XAPDEY_clean_repeat,200.61781,210.375
DB12-INOMOP_clean_repeat,152.7072,142.875
DB12-c5nj02634b_c5nj02634b2_clean_repeat,180.17447,191.125
DB12-FUVGAG_clean_repeat,43.84407,40.5
DB12-KETSEI_clean_repeat,94.84132,95.1875
DB12-MAKXAZ_clean_repeat,114.73654,124.125
DB12-YOKKIU_clean_repeat,130.27223,123.3125
DB12-MITGUR_clean_repeat,98.23709,100.4375
DB12-RUZDAS_clean_repeat,104.39101,114.3125
DB12-GOSKEG_clean_repeat,180.31094,184.375
DB12-TATSIS_clean_repeat,59.771244,77.875
DB12-c6cc02494g_c6cc02494g5_clean_repeat,209.69913,205.875
DB12-NEVVEQ_clean_repeat,119.833595,118.0
DB12-AVIHOE_clean_repeat,192.48593,190.5
DB12-MAWVAK_clean_repeat,189.18239,209.75
DB12-AFIPAH_clean_repeat,135.96786,121.125
DB12-KEDJAG20_clean_repeat,200.95303,210.5
DB12-EWUCOP_clean_repeat,196.4687,194.0
DB12-EMAMOW_clean_repeat,104.753494,122.1875
DB12-ZACHIX_clean_repeat,242.73634,233.375
DB12-MUXHUI01_clean_repeat,0.9577778,3.3261719
DB12-CEJVET_clean_repeat,91.695755,85.0625
DB12-ADIQEL_clean_repeat,155.84966,147.25
DB12-AZEWEH_clean_repeat,86.01374,80.375
DB12-WOPSOL_clean_repeat,223.86443,218.625
DB12-AQODOA_clean_repeat,44.35046,47.125
DB12-TOHQEO_clean_repeat,178.16484,189.0
DB12-UGAQEY_clean_repeat,131.42078,126.125
DB12-VUQKAU01_clean_repeat,176.20958,160.0
DB12-AHUTIH01_clean_repeat,80.18481,74.0625
DB12-LIKFOB_clean_repeat,135.84163,136.625
DB12-IPIHIA_clean_repeat,126.87017,116.9375
DB12-SERWAP_clean_repeat,197.1558,200.625
DB12-GEGDED_clean_repeat,243.57143,254.875
DB12-GITWIQ_clean_repeat,114.88082,104.125
DB12-DORFOG_clean_repeat,107.90913,92.875
DB12-SARGID_clean_repeat,229.81737,241.0
DB12-NOCLOH03_clean_repeat,138.33693,136.5
DB12-YUKKAR_clean_repeat,178.8692,176.375
DB12-MUWQEB_clean_repeat,220.7579,213.0
DB12-BOCTOE01_clean_repeat,106.587234,111.125
DB12-WARFAZ_clean_repeat,111.37739,118.1875
DB12-DEWQUS_clean_repeat,157.57831,143.625
DB12-OQEPUW_clean_repeat,114.793816,122.1875
DB12-ISIMAZ_clean_repeat,0.0,-1.3359375
DB12-WALBOC_clean_repeat,117.809685,127.5625
DB12-AVIPOL_clean_repeat,170.0136,198.25
DB12-ASIVAB_clean_repeat,252.92792,259.25
DB12-GUJGAU_clean_repeat,98.067024,84.375
DB12-SAQZOB_clean_repeat,101.53665,115.0625
DB12-NOFQII_clean_repeat,88.91716,88.875
DB12-ic502042h_si_002_clean_repeat,87.28308,80.5
DB12-LARPEC_clean_repeat,205.40799,218.0
DB12-ZIJVOF02_clean_repeat,144.83093,141.375
DB12-KOXGAH_clean_repeat,116.790985,133.375
DB12-CODGAE_clean_repeat,235.4308,247.0
DB12-JOVDON_clean_repeat,29.446703,33.53125
DB12-WEHHIC_clean_repeat,253.85783,242.75
DB12-OBEPER_clean_repeat,0.3064073,19.03125
DB12-CITXUZ_clean_repeat,101.12702,97.8125
DB12-DOKBUC_clean_repeat,0.020213053,1.1347656
DB12-PORVUO_clean_repeat,174.80925,182.25
DB12-VAYFUY_clean_repeat,73.04353,93.625
DB12-BUSQUC_clean_repeat,43.253784,55.90625
DB12-FIFNUE01_clean_repeat,204.59593,216.375
DB12-USEVOF_clean_repeat,205.94771,211.25
DB12-GEGGIK_clean_repeat,115.52865,118.75
DB12-UGEPEB01_clean_repeat,60.116985,61.0625
DB12-EQERAU_clean_repeat,223.60886,211.75
DB12-ACOGAB_clean_repeat,152.6873,152.75
DB12-LAVTIN_clean_repeat,191.79352,197.0
DB12-QATRAG_clean_repeat,85.77588,90.0625
DB12-FIJFUA_clean_repeat,151.22818,176.5
DB12-KUMGIK_clean_repeat,202.37425,192.25
DB12-ELILIV_clean_repeat,138.85606,149.875
DB12-TEVZUQ_clean_repeat,90.18288,77.0
DB12-SISPUH_clean_repeat,137.63423,131.5
DB12-WABVIF01_clean_repeat,144.77727,151.875
DB12-SOHMIM_clean_repeat,203.64108,214.75
DB12-YEZKIZ_clean_repeat,110.461945,130.625
DB12-ICOYIK_clean_repeat,103.14361,103.25
DB12-UMELAB_clean_repeat,145.67867,152.0
DB12-AXUPEO_clean_repeat,127.47722,130.125
DB12-OBAHIL_clean_repeat,176.79549,184.0
DB12-YEGKOM_clean_repeat,220.43318,192.5
DB12-PIDMEV_clean_repeat,192.39293,204.25
DB12-ic502730y_si_002_clean_repeat,177.60231,177.75
DB12-EDOYOL_clean_repeat,113.414,125.875
DB12-DOPJAV_clean_repeat,133.51642,144.75
DB12-WAHNIF_clean_repeat,263.1128,272.25
DB12-XEJJIG_clean_repeat,51.6996,59.03125
DB12-c5ce00862j_c5ce00862j2_clean_repeat,159.96413,166.5
DB12-BUCVIG_clean_repeat,60.753605,73.1875
DB12-ja512437u_si_002_clean_repeat,145.27974,142.5
DB12-FOFTIF_clean_repeat,190.17148,195.0
DB12-DADLIG_clean_repeat,109.40658,120.75
DB12-ESEVIH_clean_repeat,136.83557,150.75
DB12-PUDSIR_clean_repeat,200.25417,209.375
DB12-DARJOX_clean_repeat,155.24664,174.375
DB12-JUFREJ_clean_repeat,51.106625,49.9375
DB12-VERZEZ_clean_repeat,0.044067275,1.2880859
DB12-UBIPAY_clean_repeat,165.04865,156.25
DB12-ALUKIC_clean_repeat,246.82402,254.25
DB12-ENUCOG_clean_repeat,70.34034,59.4375
DB12-DUYVEA_clean_repeat,59.883698,63.5625
DB12-EXEQAA_clean_repeat,210.12032,204.125
DB12-DOMKEX_clean_repeat,108.34222,138.125
DB12-RUWZUG_clean_repeat,120.171646,137.5
DB12-VEDGES_clean_repeat,171.09822,171.25
DB12-DOMDAL_clean_repeat,146.86098,146.25
DB12-MIMVEJ_clean_repeat,158.50374,128.0
DB12-LUSHOX03_clean_repeat,134.57826,137.125
DB12-MIDRAT_clean_repeat,116.99463,105.3125
DB12-QOMSAO_clean_repeat,192.6648,208.125
DB12-MAGNEQ_clean_repeat,182.51318,193.75
DB12-ja206917z_si_001_clean_repeat,54.02161,54.875
DB12-APETAS_clean_repeat,96.33031,79.625
DB12-OMEWUZ_clean_repeat,45.45525,34.65625
DB12-QUXROS_clean_repeat,60.643227,53.03125
DB12-jz4002345_si_004_clean_repeat,187.60474,187.75
DB12-GUHNUU_clean_repeat,194.49312,215.625
DB12-JODFOZ_clean_repeat,79.93249,79.625
DB12-SIBMIB_clean_repeat,11.417762,7.921875
DB12-HEDCEA_clean_repeat,99.90943,106.0
DB12-OTAXOX_clean_repeat,82.443474,83.25
DB12-NIYZIG_clean_repeat,225.15321,235.125
DB12-OYIVOI_clean_repeat,140.08353,125.625
DB12-GAMTOE_clean_repeat,46.584785,51.9375
DB12-KANDAG_clean_repeat,91.756676,102.8125
DB12-PURJIW_clean_repeat,199.56859,210.125
DB12-NIFTIH_clean_repeat,148.75067,141.75
DB12-WEHHUO_clean_repeat,257.22424,252.125
DB12-EBATUZ_clean_repeat,270.79172,263.0
DB12-QUXRIM_clean_repeat,70.85883,77.6875
DB12-XEHSEJ_clean_repeat,91.581924,97.6875
DB12-BASJUB_clean_repeat,149.16998,169.75
DB12-GOYXUP_clean_repeat,82.076126,83.0625
DB12-FEFCUQ_clean_repeat,227.27327,232.375
DB12-AJAMEF_clean_repeat,84.45172,84.0625
DB12-IYAHEX_clean_repeat,65.425835,70.5
DB12-GOWHOR_clean_repeat,106.11747,107.75
DB12-PIZPOD_clean_h_repeat,165.43277,164.75
DB12-ATUYAR_clean_repeat,121.84099,135.875
DB12-ERUFUS_clean_repeat,140.05452,150.375
DB12-BUVYIB_clean_repeat,233.51724,225.25
DB12-RUWZOA_clean_repeat,119.873024,126.125
DB12-XOHLEM_clean_repeat,185.56192,179.5
DB12-NIKDEQ_clean_repeat,10.66643,7.3984375
DB12-LULVOF_clean_repeat,102.37812,87.8125
DB12-ZARLEL_clean_repeat,200.9504,206.0
DB12-XATLIQ_clean_repeat,182.84544,175.5
DB12-RAVVIU_clean_repeat,91.7842,96.875
DB12-FOKWIN_clean_repeat,84.6106,95.75
DB12-AZAWAZ_clean_repeat,55.495174,59.28125
DB12-ADUWIH_clean_repeat,214.7017,222.125
DB12-WODFOL_clean_repeat,113.43959,114.9375
DB12-OVIZID_clean_repeat,133.29874,131.75
DB12-IFOSIG_clean_repeat,87.143654,102.25
DB12-MUQSAU_clean_repeat,144.79727,139.375
DB12-CIXBUH_clean_repeat,197.98059,204.375
DB12-NIKZAJ01_clean_repeat,89.844086,88.3125
DB12-AMILOY_clean_repeat,176.1131,167.375
DB12-PENXUC_clean_repeat,112.09603,105.125
DB12-ZEZQIG_clean_repeat,169.51031,167.375
DB12-XEKDUO_clean_repeat,0.0,0.17993164
DB12-XOPLOE_clean_repeat,199.06564,204.25
DB12-VOQWUV_clean_repeat,46.928963,45.1875
DB12-FAFGAU_clean_repeat,91.42959,82.625
DB12-QOQDAD_clean_repeat,85.96709,87.5
DB12-LUFNAC04_clean_repeat,199.89644,209.375
DB12-IKUMAE_clean_repeat,94.01851,92.0
DB12-ZIMLAK_clean_repeat,214.56929,206.25
DB12-REJLIC_clean_repeat,180.75694,180.75
DB12-SAKDAM01_clean_repeat,111.6923,99.9375
DB12-BADHIA_clean_repeat,90.88095,79.375
DB12-OSUVOP_clean_repeat,49.86451,44.9375
DB12-ASIRUR_clean_repeat,4.88487,-1.4091797
DB12-BEFNAD_clean_repeat,117.65457,131.0
DB12-RAKDAJ_clean_repeat,200.93254,203.75
DB12-DITJIB_clean_repeat,226.48616,215.125
DB12-LASWIN_clean_repeat,138.83061,136.875
DB12-ROQFUA03_clean_repeat,105.15271,103.4375
DB12-WORREC_clean_repeat,263.73294,252.875
DB12-YAJXUF_clean_repeat,120.26038,115.1875
DB12-IJENER_clean_repeat,126.02416,138.25
DB12-DICVIW_clean_repeat,199.99605,211.0
DB12-MIXBEC_clean_repeat,237.89734,257.25
DB12-PUNSIB_clean_repeat,121.53407,152.5
DB12-KAXZUG_clean_repeat,30.94627,34.84375
DB12-PUWDOA_clean_repeat,228.7893,226.0
DB12-HOWJEK_clean_repeat,132.08043,134.75
DB12-FUDGES_clean_repeat,240.64673,235.5
DB12-ZUDQEW_clean_repeat,158.63188,150.75
DB12-YUFLIW_clean_repeat,212.33078,208.625
DB12-XADFAL_clean_repeat,111.47064,100.4375
DB12-FASJAL_clean_repeat,0.13558891,-3.21875
DB12-CUIMDZ01_clean_h_repeat,31.517944,34.6875
DB12-BAZDAJ_clean_repeat,44.26151,51.46875
DB12-BUXNOZ_clean_repeat,217.53012,209.25
DB12-DAWWEF_clean_repeat,197.62538,209.5
DB12-OPAPIF_clean_repeat,78.60046,85.8125
DB12-YUZXAT_clean_repeat,91.700165,95.0625
DB12-RESWUI_clean_repeat,91.61587,94.625
DB12-EPEYAB_clean_repeat,147.66493,155.375
DB12-ic5011133_si_004_clean_repeat,201.51128,212.75
DB12-WUYXAR_clean_repeat,219.34029,224.75
DB12-LABPOV_clean_repeat,51.99189,45.5
DB12-CABJOH_clean_repeat,208.68109,207.125
DB12-KAHKUB01_clean_repeat,156.8072,168.375
DB12-TATSIS01_clean_repeat,58.40019,83.1875
DB12-XUGDOU_clean_repeat,110.54833,117.3125
DB12-AJINOY_clean_repeat,27.156824,45.40625
DB12-YUBFOR_clean_repeat,164.07272,171.375
DB12-GUQWOG_clean_repeat,198.6909,187.0
DB12-HOGJOD_clean_repeat,125.81895,111.125
DB12-VIZTIJ_clean_repeat,178.4547,168.375
DB12-PUFXIZ_clean_repeat,100.869156,101.0
DB12-cm500700z_si_003_clean_repeat,213.06126,200.625
DB12-XAGCIS01_clean_repeat,106.64236,106.0625
DB12-FARFIO_clean_repeat,171.03546,183.75
DB12-LUZBOY_clean_repeat,148.10693,154.875
DB12-SAYKIO_clean_repeat,94.0816,107.875
DB12-CURBOH_clean_repeat,181.71222,181.125
DB12-DIKPOD_clean_repeat,99.31335,109.625
DB12-UMOVID_clean_repeat,254.70348,246.375
DB12-NAVJAW01_clean_repeat,222.89774,219.625
DB12-CUKYAJ_clean_repeat,140.4168,153.875
DB12-SEQSOY_clean_repeat,192.80698,181.5
DB12-HOJLEY_clean_repeat,88.12861,56.5625
DB12-RUBHUS_clean_repeat,69.94516,78.0625
DB12-BOVHEB_clean_repeat,132.9364,136.875
DB12-ASUBIB_clean_repeat,166.33887,156.375
DB12-IYEQUA_clean_repeat,69.32689,68.1875
DB12-SAJKUM_clean_repeat,114.48103,104.4375
DB12-XOVPIH_clean_repeat,120.31969,125.0625
DB12-UVIPIZ_clean_repeat,225.60147,215.75
DB12-PIRYOF_clean_repeat,154.53569,159.375
DB12-ic5008457_si_002_clean_repeat,179.94516,174.375
DB12-PEPKOL_clean_repeat,107.08957,103.625
DB12-GUBKUL_clean_repeat,164.25668,168.375
DB12-ic5b00130_si_002_clean_repeat,57.76665,58.375
DB12-KAVTEI_clean_repeat,166.2411,168.625
DB12-YUSGID_clean_repeat,115.46879,102.5
DB12-PAJSAX_clean_repeat,192.51921,192.875
DB12-ETIXEM_clean_repeat,52.227882,50.03125
DB12-HIZQUD_clean_repeat,144.50252,147.125
DB12-ja500618z_si_002_clean_repeat,150.13777,153.5
DB12-XUCSAR01_clean_repeat,118.62534,111.875
DB12-acs.inorgchem.6b00894_ic6b00894_si_003_clean_repeat,67.313286,88.125
DB12-AHEQAH_clean_repeat,254.62126,253.25
DB12-LITCOI_clean_repeat,217.16837,204.5
DB12-VAKBIU_clean_repeat,193.52573,194.75
DB12-LOQSEQ_clean_repeat,79.418686,78.6875
DB12-NIGFIT_clean_repeat,218.94473,220.25
DB12-UXABOL_clean_repeat,87.81647,82.625
DB12-SOJKOT02_clean_repeat,15.869823,20.015625
DB12-XAPCOH_clean_repeat,197.05489,199.0
DB12-RUWXAJ_clean_repeat,93.42897,92.0625
DB12-XALDIY_clean_repeat,130.82683,129.75
DB12-VETTOE_clean_repeat,232.42589,235.75
DB12-MARXEK_clean_repeat,195.87215,196.25
DB12-UXIQOJ_clean_repeat,212.27287,213.125
DB12-SUFROA_clean_repeat,174.24178,179.25
DB12-LEQQEE_clean_repeat,142.89528,144.5
DB12-LASYOU_clean_repeat,248.1575,228.375
DB12-QIXSOG_clean_repeat,180.65488,176.375
DB12-AWEJIW_clean_repeat,162.72783,163.5
DB12-BETDEL_clean_repeat,219.34491,218.125
DB12-XAPCOJ07_clean_repeat,217.9149,228.25
DB12-FEFDAX_clean_repeat,234.57468,225.875
DB12-ECIWOC_clean_repeat,78.40745,91.8125
DB12-XOVPUU_clean_repeat,236.45259,239.125
DB12-QOZPOM_clean_repeat,162.22247,157.625
DB12-ZOHFUZ_clean_repeat,242.86761,246.5
DB12-UGUQUK_clean_repeat,34.083218,37.4375
DB12-XAVQIU_clean_repeat,194.91684,183.125
DB12-QUQHAM_clean_repeat,66.83501,57.53125
DB12-WAHKUO_clean_repeat,262.5155,241.75
DB12-YINCEF_clean_repeat,148.29912,149.5
DB12-PESTUD_clean_repeat,120.56392,129.375
DB12-LITCUO_clean_repeat,125.00834,131.125
DB12-c6ra27069g_c6ra27069g2_clean_repeat,88.540245,80.1875
DB12-EVUDAA_clean_repeat,202.23784,187.625
DB12-EBOBIJ_clean_repeat,175.86174,183.625
DB12-FAMHAE01_clean_repeat,27.083212,24.453125
DB12-UKAPUS_clean_repeat,196.65997,190.875
DB12-ja202303b_si_002_clean_repeat,61.555645,62.8125
DB12-PAMTOO_clean_repeat,223.06833,225.5
DB12-GIWNUV_clean_repeat,133.20203,139.5
DB12-KAXFUM_clean_repeat,106.522446,80.0
DB12-NIKDIU_clean_repeat,7.03238,5.3632812
DB12-XALXUF01_clean_repeat,243.3689,250.25
DB12-QAQRUW_clean_repeat,191.04507,179.5
DB12-TIRLIQ_clean_repeat,100.954254,111.3125
DB12-NEZBOK_clean_repeat,107.49986,125.75
DB12-WEFXEM_clean_repeat,164.73718,160.75
DB12-AHOKAJ_clean_repeat,8.609214,4.4414062
DB12-WEMNAF_clean_repeat,147.50105,126.6875
DB12-XEHRUY_clean_repeat,92.48451,93.1875
DB12-CUWYAW_clean_repeat,213.82997,205.375
DB12-ZOZCIC_clean_repeat,94.47108,91.75
DB12-ESIFET_clean_repeat,164.7639,160.25
DB12-DIYWIT_clean_repeat,78.37005,61.84375
DB12-cg501730q_si_002_clean_repeat,223.08614,231.875
DB12-j.inoche.2015.03.054_CIFs_clean_repeat,237.20915,232.125
DB12-ISISUZ_clean_repeat,99.31117,87.75
DB12-QIWCOQ_clean_repeat,223.20651,204.375
DB12-RUSWOT_clean_repeat,166.87437,166.25
DB12-GELJAJ_clean_repeat,87.52146,108.3125
DB12-LOMMOR_clean_repeat,16.850534,16.328125
DB12-LAWGEW_clean_repeat,236.7264,232.625
DB12-LAGNUE_clean_repeat,174.74635,179.25
DB12-YUXQOY_clean_repeat,217.19801,227.25
DB12-XAWZOM_clean_repeat,50.41882,30.03125
DB12-XEGJIE_clean_repeat,173.88588,170.375
DB12-ZEKRIS_clean_repeat,148.80539,137.875
DB12-OKELIB_clean_repeat,0.8052008,6.0703125
DB12-BAHGUN01_clean_repeat,109.82094,93.8125
DB12-GIDKOU_clean_repeat,121.85622,119.625
DB12-KOSMAI_clean_repeat,213.40971,206.0
DB12-BAEDTA01_clean_repeat,63.500813,68.4375
DB12-WIYFAM_clean_repeat,229.1226,235.75
DB12-RAVCOI_clean_repeat,79.90081,86.375
DB12-UMODEH01_clean_repeat,255.44034,232.375
DB12-COXQUB_clean_repeat,86.23957,68.875
DB12-GEDTAM_clean_repeat,216.0696,194.625
DB12-FURFOP_clean_repeat,124.11648,115.875
DB12-UWALEL_clean_repeat,188.8072,167.625
DB12-EXAXAE_clean_repeat,172.3843,167.625
DB12-VEJYIT01_clean_repeat,177.13527,187.125
DB12-LAWFUL_clean_repeat,234.57436,232.5
DB12-MUVNAT_clean_repeat,131.5943,154.5
DB12-VUCDAA_clean_repeat,112.56217,101.3125
DB12-EBIJAC_clean_repeat,81.91455,88.0
DB12-WOHZAU_clean_repeat,113.6594,111.6875
DB12-AKUKUO_clean_repeat,119.67285,102.3125
DB12-CEGDUO_clean_repeat,99.28076,89.875
DB12-ULOGAE_clean_repeat,205.92548,203.875
DB12-UCEXIK_clean_repeat,152.78651,168.25
DB12-SARGUP_clean_repeat,231.6103,235.375
DB12-IZEWAN_clean_repeat,229.90813,204.5
DB12-IQEKOG_clean_repeat,213.08981,187.875
DB12-RAXDAX_clean_repeat,66.53386,64.9375
DB12-DIBWUH_clean_repeat,91.103714,79.3125
DB12-EVUBAY_clean_repeat,66.79027,52.5625
DB12-COXHIH_clean_repeat,177.12268,166.125
DB12-FIQYOU_clean_repeat,88.14581,81.75
DB12-ROQMER02_clean_repeat,122.86511,113.875
DB12-QIFLEY_clean_repeat,153.44696,139.375
DB12-VOPCIO_clean_repeat,205.81212,192.125
DB12-ESUMOU01_clean_repeat,0.66121066,6.0273438
DB12-RIGVOU_clean_repeat,85.240944,95.625
DB12-BIMDEF_clean_repeat,171.72398,156.0
DB12-GAMTEU_clean_repeat,126.436295,123.375
DB12-FIJDIM01_clean_repeat,136.8291,135.25
DB12-VEDFIV_clean_repeat,169.00671,167.0
DB12-ELOXIN_clean_repeat,26.878006,12.0859375
DB12-OKOSUE_clean_repeat,220.21689,220.25
DB12-JAJLEO_clean_repeat,100.64746,104.0625
DB12-RIVDEF_clean_repeat,108.96719,106.0
DB12-WUXLEI_clean_repeat,87.50551,85.4375
DB12-PEVQOY_clean_h_repeat,243.81259,217.375
DB12-ARAFIJ_clean_repeat,222.60527,209.375
DB12-POVXII_clean_repeat,67.047516,70.5625
DB12-TIXMIX_clean_repeat,132.4444,129.125
DB12-PEQTIQ_clean_repeat,88.75394,79.25
DB12-FIMYUX_clean_repeat,175.91774,180.25
DB12-WULJUJ_clean_repeat,235.4993,220.375
DB12-PIJJOI_clean_repeat,120.203415,112.0
DB12-GAWMOJ_clean_repeat,225.90567,233.125
DB12-QIQVIX_clean_repeat,69.30425,56.28125
DB12-KOSJOT_clean_repeat,217.65091,196.75
DB12-ORULEU_clean_repeat,126.29565,134.125
DB12-PAQJUM_clean_repeat,113.17892,105.25
DB12-QISNAJ_clean_repeat,210.43748,225.25
DB12-VITZIJ_clean_repeat,170.30063,175.375
DB12-RUFMUA_clean_repeat,119.855865,122.625
DB12-AXINEA_clean_repeat,82.696815,82.625
DB12-IDAGOL_clean_repeat,58.737255,70.6875
DB12-cm503311x_alf375K_clean_repeat,194.01494,207.25
DB12-NATKOL_clean_repeat,244.51152,235.625
DB12-JIXWUJ_clean_repeat,87.522125,81.75
DB12-REWNEO01_clean_repeat,256.13547,237.875
DB12-TOVHUJ_clean_repeat,231.8277,225.75
DB12-DIMJUG_clean_repeat,84.725525,77.8125
DB12-VUCCUT_clean_repeat,112.11048,106.5
DB12-XUMCAK_clean_repeat,102.200874,107.5
DB12-SODXUG_clean_repeat,135.28166,123.125
DB12-FOKYEL_clean_repeat,172.7116,193.75
DB12-PUWCOZ_clean_repeat,135.5313,122.0625
DB12-NAQLAT_clean_repeat,178.70435,169.875
DB12-ADODII_clean_repeat,109.1697,146.375
DB12-JIVFUQ_clean_repeat,169.42987,178.625
DB12-KIGCEK_clean_repeat,176.88107,182.625
DB12-BUGSOM_clean_repeat,109.65097,114.0
DB12-ETUWOG_clean_repeat,101.90739,97.3125
DB12-IRORUE_clean_repeat,8.970596,3.0019531
DB12-EVUNAL_clean_repeat,76.269295,55.46875
DB12-EJULUS_clean_repeat,81.44391,80.0
DB12-TEBSAW_clean_repeat,127.4564,128.0
DB12-FAVHAO_clean_repeat,87.41238,84.3125
DB12-KESGAS_clean_repeat,110.62157,110.4375
DB12-XUCSAR_clean_repeat,118.845314,112.25
DB12-KEDJAG02_clean_repeat,200.41914,201.875
DB12-ZISFEO_clean_repeat,115.03891,119.625
DB12-XUWSUD_clean_repeat,148.52536,137.5
DB12-ERIWAF_clean_repeat,233.93987,241.5
DB12-COYTEQ_clean_repeat,158.66214,128.5
DB12-FUNCAT_clean_repeat,193.03694,197.625
DB12-BUJKEW01_clean_repeat,128.86249,130.5
DB12-KETHEY_clean_repeat,109.78312,110.0
DB12-LIXDAZ_clean_repeat,45.478466,42.71875
DB12-OBIBOT_clean_repeat,160.61983,169.75
DB12-LAZLEF_clean_repeat,89.49038,79.125
DB12-YOPMAS_clean_repeat,38.111393,44.46875
DB12-EBANAY_clean_repeat,60.649612,43.375
DB12-TIKMEH_clean_repeat,126.93593,127.625
DB12-DARVAW_clean_repeat,109.17575,110.375
DB12-RUBGUS_clean_repeat,95.9416,112.1875
DB12-EXAXAE01_clean_repeat,171.68979,174.125
DB12-JETZAK_clean_repeat,198.2495,226.75
DB12-JUMDAY_clean_repeat,168.00085,177.625
DB12-JUQTOG_clean_repeat,121.56185,119.5
DB12-YOZKOP_clean_repeat,79.44076,89.8125
DB12-RUBHOM_clean_repeat,76.854614,60.75
DB12-REXDIJ_clean_repeat,180.52403,193.5
DB12-FAGREM_clean_repeat,187.78056,175.125
DB12-SEFVAC_clean_repeat,187.60936,197.375
DB12-REXDUV_clean_repeat,170.87573,173.125
DB12-UTIYED_clean_repeat,76.47233,75.5625
DB12-MUDTAH_clean_repeat,244.21759,239.25
DB12-SETRAM_clean_repeat,233.27464,241.625
DB12-QEFNAQ_clean_repeat,141.63081,142.5
DB12-LEMNOH_clean_repeat,100.51351,101.8125
DB12-GUFREF_clean_repeat,99.31114,95.1875
DB12-RUWXEN_clean_repeat,146.05507,151.25
DB12-WEBQIF_clean_repeat,126.255585,105.0625
DB12-BEXQOL_clean_repeat,166.41788,162.75
DB12-PELNEA01_clean_repeat,6.6780353,6.5820312
DB12-APAZOI_clean_repeat,206.72446,203.375
DB12-CEYPUT01_clean_repeat,118.67787,134.25
DB12-DOYSIT_clean_repeat,121.74744,123.25
DB12-EKIJEP_clean_repeat,0.1437194,-2.2460938
DB12-TIXVON_clean_repeat,195.12297,190.0
DB12-PAMVEG_clean_repeat,70.537834,61.25
DB12-XINRAP_clean_repeat,196.71973,189.875
DB12-YUXQIS_clean_repeat,216.04913,230.5
DB12-BOFCEG_clean_repeat,139.61781,155.375
DB12-WUDJAI_clean_repeat,39.835884,36.96875
DB12-NIMVIP_clean_repeat,0.00012645844,-0.6088867
DB12-GOYYAW_clean_repeat,82.32829,75.375
DB12-XAKYUE_clean_repeat,176.39828,176.75
DB12-KOGJOG_clean_repeat,112.830666,104.6875
DB12-QQQGTA01_clean_repeat,67.1437,69.1875
DB12-FOCREW_clean_repeat,87.00769,100.1875
DB12-GUFXEM_clean_repeat,165.61555,167.875
DB12-BADHUM_clean_repeat,89.43699,74.625
DB12-ALURIJ_clean_repeat,157.57578,170.375
DB12-RAKPEZ_clean_repeat,40.772877,41.15625
DB12-YONNUL_clean_repeat,189.93784,184.125
DB12-ILIQEB_clean_repeat,86.514046,90.375
DB12-QOWRAV02_clean_repeat,243.28938,252.0
DB12-YICREI_clean_repeat,167.1625,159.0
DB12-NADZEZ_clean_repeat,132.57645,130.625
DB12-AFIXES_clean_repeat,139.02722,139.875
DB12-ATIBOU01_clean_repeat,87.8173,96.0
DB12-AQUDIB_clean_repeat,228.95233,238.75
DB12-EXOTOB_clean_repeat,208.19554,219.125
DB12-EVUNOY_clean_repeat,100.643326,104.375
DB12-YUYBIF_clean_repeat,106.45372,109.0
DB12-VEJYUF01_clean_repeat,68.88278,68.0625
DB12-IQIPAZ_clean_repeat,66.09777,69.75
DB12-LUSYEF_clean_repeat,262.87665,249.25
DB12-KEGZOL04_clean_repeat,165.5218,170.5
DB12-WEYQAU09_clean_repeat,195.1896,195.0
DB12-PEVZAT_clean_repeat,96.83711,102.625
DB12-AFOVEX_clean_repeat,204.59535,213.125
DB12-YEGCUJ_clean_repeat,128.1817,131.0
DB12-YASNAJ_clean_repeat,96.48332,93.1875
DB12-IJUTEM_clean_repeat,216.2296,226.0
DB12-AZILEC_clean_repeat,113.612724,114.875
DB12-QIVZEC_clean_repeat,90.27436,95.8125
DB12-CIGFEF_clean_repeat,167.74034,170.75
DB12-YIWBEN_clean_repeat,181.2299,190.125
DB12-ROLCEC14_clean_repeat,0.0,0.68847656
DB12-ZARTAP03_clean_repeat,132.0944,130.25
DB12-YOBYAR_clean_repeat,245.16441,243.625
DB12-NEDJAJ_clean_repeat,110.22471,111.5
DB12-JUTCIM_clean_repeat,209.51794,212.625
DB12-YUNJIB_clean_repeat,118.12118,132.25
DB12-QOCRUW_clean_repeat,183.91913,180.5
DB12-KAPHAL_clean_repeat,1.4832773,3.8183594
DB12-OBOGUK_clean_repeat,240.95737,232.0
DB12-DEJJIN_clean_repeat,193.00018,208.25
DB12-YUBGUZ_clean_repeat,154.89966,144.375
DB12-COWROX_clean_repeat,155.91545,157.625
DB12-ELIKOA_clean_repeat,139.31456,145.5
DB12-OPENON_clean_repeat,82.782036,84.9375
DB12-MUPYUS_clean_repeat,0.1790605,8.296875
DB12-XULGUI_clean_repeat,94.852974,101.8125
DB12-HAJLEK_clean_repeat,38.198708,47.65625
DB12-MATPOP_clean_repeat,172.09244,178.25
DB12-CIWREG_clean_repeat,194.39151,202.0
DB12-XILSUI_clean_repeat,222.40353,213.375
DB12-TAKGOE_clean_repeat,149.64642,148.375
DB12-GUPJEG_clean_repeat,53.850616,56.875
DB12-ATAYAX_clean_repeat,250.94421,241.875
DB12-VIPZAX_clean_repeat,107.81686,113.625
DB12-ROQNES01_clean_repeat,110.40345,105.3125
DB12-TASXIW_clean_repeat,217.11795,222.5
DB12-DIVSUY_clean_repeat,204.65866,188.25
DB12-GIRDUI_clean_repeat,84.61916,87.625
DB12-HOJPIH_clean_repeat,86.573105,84.1875
DB12-WEYQAU13_clean_repeat,194.83894,174.375
DB12-KUNWEW_clean_repeat,84.66736,94.625
DB12-HOGSIG_clean_repeat,103.9818,126.9375
DB12-UKUCAF_clean_repeat,147.88602,149.375
DB12-EPECEJ_clean_repeat,215.24011,221.75
DB12-PEXBIF01_clean_repeat,68.62343,67.4375
DB12-IBICIH_clean_repeat,154.94533,142.0
DB12-VITYOO_clean_repeat,206.05112,198.5
DB12-c6ce00407e_c6ce00407e3_clean_repeat,246.35014,268.75
DB12-GEDSOZ_clean_repeat,217.9412,230.375
DB12-PIBNUK01_clean_repeat,192.68817,190.125
DB12-GIXNAE_clean_repeat,209.57446,240.5
DB12-LABJUV_clean_repeat,74.19301,75.375
DB12-LUBNAZ_clean_repeat,200.52419,230.75
DB12-LUFBUL_clean_repeat,108.78469,112.375
DB12-VAPFOJ_clean_repeat,67.02018,75.875
DB12-LIVLUZ_clean_repeat,115.16402,140.25
DB12-SOPPOD_clean_repeat,2.0717804,13.4140625
DB12-LAGHIL_clean_repeat,124.220146,129.25
DB12-XEXLIX_clean_repeat,170.8224,150.25
DB12-XUMVOS_clean_repeat,8.267666,35.21875
DB12-cm0623918si20061006_115210_clean_repeat,113.4937,138.625
DB12-CURYOE01_clean_repeat,181.36899,199.375
DB12-QOSJEP_clean_repeat,161.63416,161.0
DB12-YIVZOU_clean_repeat,185.35466,207.0
DB12-TURDIV_clean_repeat,169.07085,191.875
DB12-METYIU_clean_repeat,123.47565,137.875
DB12-XAMDUM_clean_repeat,242.92271,266.5
DB12-NEFTUP_clean_repeat,59.068024,57.34375
DB12-XEGJIE02_clean_repeat,173.88324,186.625
DB12-COKMOG_clean_repeat,220.627,211.375
DB12-AGIMOU_clean_repeat,129.82506,114.375
DB12-JUGQIN_clean_repeat,190.53975,207.125
DB12-PACZUQ_clean_repeat,77.05911,73.375
DB12-GOVXIA_clean_repeat,139.7697,165.875
DB12-ROGSAI_clean_repeat,212.915,211.75
DB12-XEJXER_clean_repeat,65.16606,72.25
DB12-ROQRAS_clean_repeat,61.413895,86.6875
DB12-SUPLOF_clean_repeat,219.48993,224.25
DB12-ICIZAV_clean_repeat,54.564007,68.625
DB12-NOCLUN_clean_repeat,172.81364,191.625
DB12-MORZID_clean_repeat,146.7974,145.25
DB12-ECOKAJ_clean_repeat,170.04216,171.125
DB12-BUBWOM_clean_repeat,57.216045,64.375
DB12-COJHIT_clean_repeat,231.77554,225.5
DB12-AJOXAA_clean_repeat,157.29128,160.375
DB12-HASMIZ_clean_repeat,218.44809,230.5
DB12-FEVDER_clean_repeat,45.42708,48.40625
DB12-EBAWIQ_clean_repeat,84.20249,89.375
DB12-PEGBUA_clean_repeat,77.77159,102.5625
DB12-ZETPUL_clean_repeat,63.93412,61.0
DB12-YUTDUO_clean_repeat,193.09444,212.0
DB12-DICVAO_clean_repeat,200.59607,223.625
DB12-JASNAT_clean_repeat,140.90408,153.5
DB12-NAXLII_clean_repeat,109.97872,131.5
DB12-VULFOZ_clean_repeat,113.65183,122.6875
DB12-WENKOR_clean_repeat,92.41424,102.625
DB12-QUVFAP_clean_repeat,103.28016,100.125
DB12-AMUXAI_clean_repeat,145.41258,149.625
DB12-NIKZEN02_clean_repeat,86.87572,93.0
DB12-QAQMON_clean_repeat,243.63342,254.375
DB12-MOMJIJ_clean_repeat,54.16544,52.25
DB12-CAYKEU_clean_repeat,169.34857,181.125
DB12-HOXGEH_clean_repeat,73.7031,100.9375
DB12-PEWXUL01_clean_repeat,145.84837,153.25
DB12-TAJXIO06_clean_repeat,9.874196,23.46875
DB12-SIPVOD_clean_repeat,20.450071,33.78125
DB12-EBEWIT_clean_repeat,190.81522,192.625
DB12-ic501801f_si_002_clean_repeat,186.00624,201.125
DB12-UMOBEF04_clean_repeat,241.49644,246.375
DB12-REGLOG_clean_repeat,163.6904,157.5
DB12-SUSZIQ_clean_repeat,87.97523,96.6875
DB12-KEJHIQ_clean_h_repeat,157.93562,164.875
DB12-VAGTUU_clean_repeat,172.3286,178.0
DB12-ic403134c_si_002_clean_repeat,107.24728,127.875
DB12-CIFJAE_clean_repeat,162.3887,171.5
DB12-MINCIX_clean_repeat,264.73294,266.25
DB12-BAZFUF_clean_repeat,229.59555,248.125
DB12-NOFQOQ_clean_repeat,88.49841,92.0
DB12-KAXQIL_clean_repeat,61.910007,66.625
DB12-COWRIR_clean_repeat,131.84625,143.375
DB12-OSIKUX_clean_h_repeat,201.6374,223.25
DB12-VEGXIQ01_clean_repeat,2.3602712,0.66845703
DB12-OJIWIO_clean_repeat,102.131,111.5
DB12-SOKWAS01_clean_repeat,171.79561,181.875
DB12-FEBPUY_clean_repeat,121.30829,143.75
DB12-IGAHED_clean_repeat,126.64616,122.5
DB12-SUVFEU_clean_repeat,17.559809,46.15625
DB12-DOCKOW_clean_repeat,84.92586,101.875
DB12-YARYOF_clean_repeat,135.07486,141.25
DB12-CUWZIF_clean_repeat,156.42651,159.875
DB12-SOJKOT03_clean_repeat,18.811537,58.71875
DB12-MEJZIM_clean_repeat,85.63094,79.0625
DB12-MUXHUI02_clean_repeat,1.0204556,0.3786621
DB12-BEPLUF_clean_repeat,178.28287,198.75
DB12-ZIHTEP_clean_repeat,65.399925,66.9375
DB12-HICVOG_clean_repeat,166.36563,178.875
DB12-KAVGAQ_clean_repeat,172.26506,181.375
DB12-MAXJEC_clean_repeat,0.00024396439,-3.015625
DB12-OTATOT_clean_repeat,148.05142,163.25
DB12-REHVAD_clean_repeat,94.78793,97.1875
DB12-YUZCAZ_clean_repeat,68.15463,72.125
DB12-IZIKEJ_clean_repeat,151.84319,154.0
DB12-VELVIS_clean_repeat,82.84279,88.1875
DB12-COQJAV_clean_repeat,118.9086,110.9375
DB12-cg301725z_si_003_clean_repeat,159.67744,169.0
DB12-DOQHEX_clean_repeat,133.26628,138.75
DB12-DIZQOT_clean_repeat,2.3789923,29.46875
DB12-MABKEG_clean_repeat,72.78272,77.6875
DB12-WASMIP01_clean_repeat,66.25589,70.6875
DB12-KIYMIP_clean_repeat,44.646595,61.40625
DB12-CUWXOJ_clean_repeat,159.11946,163.25
DB12-JEJKIT_clean_repeat,118.42108,118.625
DB12-ZILBED_clean_repeat,206.53406,212.75
DB12-ILOJEZ_clean_repeat,60.967438,62.25
DB12-RUWWOW01_clean_repeat,139.80304,155.5
DB12-MUXJAQ02_clean_repeat,0.44296503,-0.025878906
DB12-VOTMAS_clean_repeat,81.25561,87.9375
DB12-MARNUR_clean_repeat,68.781944,67.0625
DB12-XINZEB_clean_repeat,161.80241,189.625
DB12-HUQHOS_clean_repeat,225.94754,253.25
DB12-UJIZET_clean_repeat,198.05466,195.0
DB12-FUVDEH06_clean_repeat,46.206554,60.15625
DB12-CENKAJ_clean_repeat,159.70871,177.25
DB12-c5dt02374b_c5dt02374b2_clean_repeat,102.536255,121.75
DB12-AZILEA_clean_repeat,62.536514,58.3125
DB12-LUMMAJ_clean_repeat,8.932151,9.6875
DB12-LIFQIC_clean_repeat,71.87288,85.1875
DB12-LUWMOH_clean_repeat,206.17418,213.625
DB12-LUFNAC02_clean_repeat,199.67271,202.625
DB12-TIRRIW_clean_repeat,156.9874,167.875
DB12-UFEMIC_clean_repeat,126.85279,132.125
DB12-NAPZUB_clean_repeat,118.86024,111.125
DB12-PUGHUW_clean_repeat,126.85221,122.0625
DB12-ja205976v_si_006_clean_repeat,226.36525,229.875
DB12-ROLZEZ_clean_repeat,175.45161,174.625
DB12-VATVUK_clean_repeat,90.10725,95.6875
DB12-COKMUM_clean_repeat,224.09073,247.5
DB12-UMEXUF01_clean_repeat,155.23827,179.0
DB12-SOKWUM_clean_repeat,200.80284,214.125
DB12-OHAKIS_clean_repeat,120.32058,118.875
DB12-VEQBID_clean_repeat,172.38208,161.375
DB12-cg501141m_si_002_clean_repeat,182.8322,190.5
DB12-GIKQIC_clean_repeat,85.115036,82.8125
DB12-PUPNAQ_clean_repeat,30.216997,23.609375
DB12-XAPCOJ04_clean_repeat,219.37767,188.75
DB12-VERZID_clean_repeat,0.03789733,-0.6875
DB12-EYULOA_clean_repeat,104.06155,97.5625
DB12-ROQNES03_clean_repeat,109.14765,98.5
DB12-ZECKOJ_clean_repeat,237.34068,238.25
DB12-OBODEQ_clean_repeat,194.86353,190.75
DB12-VIPXUO_clean_repeat,74.16494,89.125
DB12-MOBBOU_clean_repeat,9.776176,3.7734375
DB12-ATICAH_clean_repeat,86.39476,94.375
DB12-LAWGUM_clean_repeat,234.58237,255.125
DB12-TECVEE_clean_repeat,128.8045,126.4375
DB12-AFITUF_clean_repeat,137.53403,138.375
DB12-VIWHUG_clean_repeat,84.21424,94.125
DB12-ZISFEO01_clean_repeat,123.16299,119.875
DB12-DOYBUQ_clean_repeat,151.60982,159.125
DB12-HEKTAU_clean_repeat,202.33006,198.0
DB12-SACDOR_clean_repeat,201.79593,200.0
DB12-JEXXAM_clean_repeat,0.0,-1.921875
DB12-YUDFEK_clean_repeat,174.81076,180.375
DB12-OLUCAZ_clean_repeat,86.247856,95.4375
DB12-ROLCEC13_clean_repeat,0.0,-0.9506836
DB12-ULUQAV_clean_repeat,43.522724,55.78125
DB12-ULOGIL_clean_repeat,94.364914,105.125
DB12-SUHHOT_clean_repeat,1.0371209,2.3046875
DB12-VOLQOD_clean_repeat,223.41885,218.75
DB12-ACALIB_clean_repeat,67.719315,85.8125
DB12-ic502369y_si_002_clean_repeat,54.266792,53.75
DB12-YIJYUN_clean_repeat,16.503035,32.8125
DB12-BEYSEF_clean_repeat,159.87186,122.5625
DB12-NOLRIR_clean_repeat,163.41795,151.375
DB12-YUCNEQ_clean_repeat,172.11017,161.625
DB12-BEXSEE_clean_repeat,146.10997,143.0
DB12-CAHSOU_clean_repeat,96.486244,100.4375
DB12-UVAROZ_clean_repeat,76.57732,93.6875
DB12-KEFFEI_clean_repeat,122.04497,116.625
DB12-REYMOZ_clean_repeat,245.29222,243.625
DB12-NUDNEH_clean_repeat,148.08582,144.0
DB12-PIZRUN_clean_repeat,142.52695,153.25
DB12-LUFQUZ01_clean_repeat,166.74937,150.25
DB12-NUHQAK_clean_repeat,195.72069,200.75
DB12-WEYQAU01_clean_repeat,184.7423,185.875
DB12-TAQGUQ_clean_repeat,68.764114,69.8125
DB12-UZIGOB_clean_repeat,75.889145,71.6875
DB12-KABNIL_clean_repeat,163.40411,156.875
DB12-CAYMIZ_clean_repeat,117.84853,118.6875
DB12-EQETAX_clean_repeat,194.894,219.0
DB12-BEFMUW_clean_repeat,124.13961,128.75
DB12-LABQAI_clean_repeat,51.842194,51.125
DB12-IWOSAP_clean_repeat,75.099495,92.875
DB12-LUSJEP_clean_repeat,133.10046,139.5
DB12-LADQIT_clean_repeat,157.26566,169.25
DB12-ZOMNUM_clean_repeat,181.8622,168.75
DB12-OFUDUQ_clean_repeat,25.616142,37.125
DB12-TOJXOH_clean_repeat,119.5579,111.375
DB12-CAJHUS03_clean_repeat,0.0,-1.0195312
DB12-VANNIK_clean_repeat,224.35805,215.75
DB12-AXOHIE_clean_repeat,77.21163,69.1875
DB12-LERNAY_clean_repeat,101.25517,107.375
DB12-XISXEE_clean_repeat,231.26364,237.875
DB12-FEZTIP_clean_repeat,136.85565,140.0
DB12-QOQWOK01_clean_repeat,195.39542,202.75
DB12-GIYTAK_clean_repeat,187.18805,178.5
DB12-DIXKOL_clean_repeat,149.75851,144.25
DB12-PUMNIV_clean_repeat,138.11377,147.0
DB12-UTODIR_clean_repeat,78.67193,75.8125
DB12-UQOGAK_clean_repeat,183.06758,169.25
DB12-MOMRIR_clean_repeat,85.91986,83.875
DB12-REXFIL_freeONLY_repeat,168.48332,175.625
DB12-RABHAZ_clean_repeat,171.50313,157.625
DB12-HIHGAI_clean_repeat,200.80345,190.125
DB12-KEXKEF_clean_repeat,101.75178,127.0
DB12-UXUZAP_clean_repeat,122.13631,135.375
DB12-LAGWEX_clean_h_repeat,188.98746,172.25
DB12-LIDWIG_clean_repeat,129.74487,118.9375
DB12-XAPCOJ06_clean_repeat,216.41624,217.875
DB12-QOWRAV08_clean_repeat,242.9581,238.25
DB12-BAFKUR_clean_repeat,60.650772,39.375
DB12-TAJXIO04_clean_repeat,19.277071,28.28125
DB12-SOTWUV_clean_repeat,198.73373,189.25
DB12-BAKJII_clean_repeat,218.27937,228.875
DB12-WEFDIW_clean_repeat,21.935484,43.875
DB12-JEJKEP_clean_repeat,117.42903,117.0
DB12-HADLOQ01_clean_repeat,241.80466,238.5
DB12-MATTUX_clean_repeat,163.36278,179.25
DB12-MUFJAZ01_clean_repeat,2.3692744,14.046875
DB12-MOTMAK_clean_repeat,142.5011,155.25
DB12-MAQBEO_clean_repeat,201.28734,196.125
DB12-YUHHIU_clean_repeat,205.09563,204.5
DB12-REZJIR_clean_repeat,143.40149,150.625
DB12-COWRAJ_clean_repeat,135.64218,147.0
DB12-LAWGAS_clean_repeat,234.23242,209.875
DB12-CAWGAJ_clean_repeat,105.97492,106.5
DB12-XINWUO_clean_repeat,175.50494,182.5
DB12-CAVRAU_clean_repeat,204.49683,197.5
DB12-COQGAS_clean_repeat,146.39482,138.25
DB12-TURDUH_clean_repeat,162.89279,168.75
DB12-IFEHUY_clean_repeat,207.26956,209.25
DB12-OWIJAH_clean_repeat,224.11972,217.5
DB12-PEGCAH_clean_repeat,91.146996,81.375
DB12-JIZJAF_clean_repeat,142.01701,149.875
DB12-TURFAP_clean_repeat,155.28009,141.75
DB12-KUCDIW_clean_repeat,174.35947,171.125
DB12-EBATUY_clean_repeat,132.35475,118.125
DB12-cm501138g_si_005_clean_repeat,247.22728,252.5
DB12-XUDNUH_clean_repeat,244.70995,239.5
DB12-GAFBEX_clean_repeat,27.47491,23.5625
DB12-AQUDEX_clean_repeat,66.99354,77.4375
DB12-CUNQOT_clean_repeat,107.617714,101.875
DB12-DUDKUK_clean_repeat,242.22458,243.875
DB12-BOCTEU01_clean_repeat,103.9709,89.5
DB12-FUTDII_clean_repeat,193.81783,195.625
DB12-ASUWUI_clean_repeat,134.94727,148.5
DB12-MAPCUE_clean_repeat,167.64532,162.125
DB12-KECRAL10_clean_repeat,147.19133,145.125
DB12-CIJVOH_clean_repeat,223.65115,224.625
DB12-ULOLEO_clean_repeat,172.10454,174.0
DB12-GUPJEG01_clean_repeat,40.807384,48.03125
DB12-LONVAN_clean_repeat,221.63681,220.875
DB12-JILXOS_clean_repeat,75.32496,70.875
DB12-BUGSIG_clean_repeat,109.10467,114.4375
DB12-EKOPEA_clean_repeat,179.01454,185.25
DB12-EGUNAX_clean_repeat,101.36911,109.8125
DB12-YIXYUB_clean_repeat,138.74164,122.75
DB12-CUVGIK_clean_repeat,151.57108,155.125
DB12-HUFYIS_clean_repeat,114.010605,105.8125
DB12-DICVES_clean_repeat,198.99173,193.375
DB12-SOTXAC_clean_repeat,201.39287,208.625
DB12-NINVAI_clean_repeat,240.40054,237.75
DB12-EFEGOM_clean_repeat,154.566,156.875
DB12-EWUKEO_clean_repeat,216.2894,215.875
DB12-BEVRAW_clean_repeat,0.0017426823,-1.3720703
DB12-KAHKUB02_clean_repeat,155.4549,152.75
DB12-WOPHIU01_clean_repeat,102.188614,100.4375
DB12-acscombsci.5b00188_5020072_clean_repeat,195.79463,188.375
DB12-UZUNAF01_clean_repeat,124.32759,134.375
DB12-RETBEZ_clean_repeat,116.922485,123.9375
DB12-JOFKIA_clean_repeat,111.72429,112.375
DB12-VIZSOO_clean_repeat,256.167,231.125
DB12-ZEDHIB_clean_repeat,113.5216,99.3125
DB12-COWBEX_clean_repeat,47.932625,47.3125
DB12-PEQWAK_clean_repeat,152.9742,155.25
DB12-QITDII_clean_repeat,44.483215,57.90625
DB12-WEFCAN_clean_repeat,190.82407,190.125
DB12-HETZOW_clean_repeat,162.32597,163.0
DB12-DOTTEM_clean_repeat,188.39421,196.875
DB12-MARNOL_clean_repeat,163.68294,143.0
DB12-ZOMNEW_clean_repeat,183.7695,172.25
DB12-MITGOL_clean_repeat,117.57117,106.5
DB12-TUKCUZ_clean_repeat,63.7602,83.8125
DB12-PEPKUR_clean_repeat,122.275024,115.125
DB12-WOHQAN_clean_repeat,122.91731,132.125
DB12-CUFGOB_clean_repeat,28.346651,23.796875
DB12-WABVIF03_clean_repeat,144.21811,142.875
DB12-ZURROT_clean_repeat,143.92706,164.625
DB12-GADFAV_clean_repeat,115.83141,106.125
DB12-YAVVUP_clean_repeat,147.76884,132.875
DB12-HOXSIY_clean_repeat,152.19012,140.75
DB12-IGINIX01_clean_repeat,176.07613,175.875
DB12-XUNSEG_clean_repeat,111.23451,116.3125
DB12-WOWBIV_clean_repeat,102.46922,112.4375
DB12-KAHMOW_clean_repeat,59.62549,60.0625
DB12-POHLUV_clean_repeat,100.333435,107.3125
DB12-YOMVIG01_clean_repeat,109.022736,116.9375
DB12-OQIQIQ_clean_repeat,121.59616,136.5
DB12-XOGXAU_clean_repeat,128.40932,126.25
DB12-LOXWEC_clean_repeat,123.9246,133.125
DB12-GULPIN_clean_repeat,91.8548,90.3125
DB12-IXEJIG_clean_repeat,225.91333,210.875
DB12-MAGNEQ01_clean_repeat,184.09914,175.875
DB12-ZASWOF_clean_repeat,69.38157,65.75
DB12-ALUJUN_clean_repeat,89.701195,95.1875
DB12-NUDMEG_clean_repeat,145.8112,148.125
DB12-BERFIP_clean_repeat,69.877686,59.6875
DB12-ETEKEU_clean_repeat,205.72757,196.0
DB12-IPIJEY_clean_repeat,124.2699,115.75
DB12-GEGGIK01_clean_repeat,116.18135,108.25
DB12-ROQDIM01_clean_repeat,120.55612,119.4375
DB12-OJOZOE_clean_repeat,67.44611,53.84375
DB12-LIDZOP_clean_repeat,74.772354,77.5625
DB12-NARPAA_clean_repeat,45.032158,39.0
DB12-WEYQAU10_clean_repeat,188.47473,192.125
DB12-EVEGIV_clean_repeat,104.900055,114.375
DB12-AVEQID_clean_repeat,251.48395,264.0
DB12-CIFMIP_clean_repeat,203.17128,213.125
DB12-CAZFOA_clean_repeat,65.10371,68.5
DB12-HOJHUL_clean_repeat,59.468246,60.625
DB12-DAPBED_clean_repeat,244.67783,224.125
DB12-WORLAS_clean_repeat,216.1413,226.25
DB12-AWOFOI_clean_repeat,219.13423,235.0
DB12-FAVGAN_clean_repeat,111.44652,115.1875
DB12-BOMCOX_clean_repeat,140.89015,143.375
DB12-AVAQIX_clean_repeat,158.6677,155.75
DB12-QOLVET_clean_repeat,147.76958,120.5
DB12-YEGDAR_clean_repeat,23.110611,34.75
DB12-DEFRIR_clean_repeat,154.45386,161.25
DB12-PORGAE_clean_repeat,106.75402,99.4375
DB12-CIWRIK_clean_repeat,196.59366,218.125
DB12-GURZID01_clean_repeat,108.955444,94.625
DB12-PEWXUL_clean_repeat,153.98347,154.375
DB12-FIKTOK_clean_repeat,61.68095,54.75
DB12-XUNTIL_clean_repeat,109.26593,104.125
DB12-KADLOT_clean_repeat,215.91344,206.125
DB12-GOGWEF_clean_repeat,210.94536,211.5
DB12-YUMFES_clean_repeat,70.14598,63.03125
DB12-PARHEW_clean_repeat,249.01474,234.375
DB12-KEYFUR_clean_repeat,41.70575,46.5
DB12-KIYQIU_clean_repeat,180.0309,151.75
DB12-XUMVAD_clean_repeat,185.1345,176.125
DB12-AWEGEP_clean_repeat,144.31512,136.25
DB12-FURFIJ_clean_repeat,85.91594,68.75
DB12-LIFWOO_clean_repeat,132.29294,134.125
DB12-NEJSEC_clean_repeat,131.05022,144.875
DB12-XAPCOJ_clean_repeat,217.24704,226.375
DB12-CUVHIL02_clean_h_repeat,156.14287,147.75
DB12-GEVXIQ_clean_repeat,111.31241,121.6875
DB12-BIYSUZ_clean_repeat,169.30782,163.25
DB12-AQIQAU_clean_repeat,214.20158,208.125
DB12-CACBUG_clean_repeat,112.9885,98.1875
DB12-OSAWEL_clean_repeat,132.68199,147.875
DB12-ETECOX_clean_repeat,220.82918,220.0
DB12-XALCUJ_clean_repeat,133.35196,149.5
DB12-FOHCIP_clean_repeat,142.68399,139.875
DB12-ABUWOJ_clean_repeat,201.61253,201.375
DB12-MIXBAY_clean_repeat,241.68248,235.875
DB12-EVOMOR01_clean_repeat,106.22843,115.125
DB12-ZIYPUU_clean_repeat,119.65822,104.0
DB12-PASMUT_clean_repeat,157.86555,152.0
DB12-AWAKEQ_clean_repeat,74.15152,88.75
DB12-HILJUJ_clean_repeat,38.66777,21.328125
DB12-RUVMAX_clean_repeat,190.9899,197.375
DB12-PEGPUO_clean_repeat,65.695595,66.75
DB12-PENNUT_clean_repeat,135.5686,133.625
DB12-j.jssc.2016.09.008_mmc7_clean_repeat,126.65268,133.0
DB12-SEHZUB_clean_repeat,141.48518,141.0
DB12-GEDDEA_clean_repeat,182.6668,179.25
DB12-CETVAA_clean_repeat,50.610687,48.46875
DB12-BEYKEX_clean_repeat,161.93288,166.625
DB12-XIMPOA01_clean_repeat,35.27589,47.34375
DB12-WOXKOL_clean_repeat,46.29716,48.625
DB12-RUHFIL_clean_repeat,174.26967,156.875
DB12-GUJVOX_clean_repeat,92.22842,87.6875
DB12-XAPCOJ05_clean_repeat,217.29094,213.0
DB12-BUBTUP_clean_repeat,134.88817,114.75
DB12-PEGBAG_clean_repeat,77.44124,83.6875
DB12-NAWXER_clean_repeat,256.2104,227.875
DB12-KIYMAI_clean_repeat,175.81438,175.125
DB12-UMOVOJ_clean_repeat,250.96048,260.0
DB12-EGAFOJ_clean_repeat,135.50888,119.1875
DB12-IXECET_clean_repeat,221.02911,215.25
DB12-OGIKAR_clean_repeat,208.03734,213.125
DB12-SAHXAD_clean_repeat,236.13553,227.125
DB12-WEHJEA_clean_repeat,252.56133,254.125
DB12-TEVZOK_clean_repeat,93.60735,91.3125
DB12-EWUKAK_clean_repeat,200.24637,190.75
DB12-UMODEH10_clean_repeat,225.45213,222.25
DB12-GIRFUJ_clean_repeat,1.9843732,-2.3789062
DB12-SULKIU_clean_repeat,142.29147,145.375
DB12-JOFGOC_clean_repeat,72.99959,80.0
DB12-LERNEC01_clean_repeat,102.7742,101.25
DB12-VIYZIO01_clean_repeat,86.249146,87.25
DB12-TECTUS_clean_repeat,120.652145,135.375
DB12-BUCWAZ_clean_repeat,226.53201,208.5
DB12-TURDOB_clean_repeat,163.3903,161.0
DB12-XESKAJ_clean_repeat,189.85283,178.625
DB12-IXAMIE_clean_repeat,147.68864,135.75
DB12-OLOKEF_clean_repeat,122.66429,107.625
DB12-QESYOD_clean_repeat,129.49142,130.625
DB12-PASKAX_clean_repeat,42.54165,57.125
DB12-MAYKOO_clean_repeat,253.36989,239.875
DB12-EMAMUC_clean_repeat,93.275,99.3125
DB12-QOSJUF_clean_repeat,166.39583,165.125
DB12-ODOMIF_clean_repeat,201.17578,213.875
DB12-NUXMAU_clean_repeat,138.47269,126.25
DB12-BUNLAZ_clean_repeat,186.95854,167.875
DB12-TORJER_clean_repeat,146.85454,161.0
DB12-ZEZPOL_clean_repeat,138.40067,137.875
DB12-RESWUI01_clean_repeat,90.81679,100.625
DB12-FIRNOL_clean_repeat,234.82845,221.25
DB12-YARSAN_clean_repeat,101.977684,111.5625
DB12-EMOSOP_clean_repeat,56.99068,52.21875
DB12-USAWIW_clean_repeat,192.62065,174.75
DB12-JUPNAL_clean_repeat,79.068,72.125
DB12-LIJNOJ01_clean_repeat,88.56516,79.8125
DB12-GAMTAQ_clean_repeat,142.6842,131.75
DB12-JILWIL_clean_repeat,227.65863,220.75
DB12-NIRGAY_clean_repeat,193.11034,181.0
DB12-RUFTET_clean_repeat,135.38002,113.125
DB12-NAWHOL_clean_repeat,104.60296,87.5625
DB12-JUJZIZ_clean_repeat,41.33273,35.78125
DB12-ZUVTEP_clean_repeat,99.07892,104.9375
DB12-ZAQWEW_clean_repeat,140.65912,142.25
DB12-LUYHAP_clean_repeat,245.2386,252.125
DB12-MABKIK_clean_repeat,73.66883,76.25
DB12-NAQQON_clean_repeat,214.86916,206.125
DB12-KEDJAG16_clean_repeat,200.7696,192.875
DB12-XOFPEP_clean_repeat,119.057785,132.125
DB12-ESANET_clean_repeat,135.85841,136.875
DB12-HUJGEA_clean_repeat,243.75279,224.0
DB12-OTIPUE_clean_repeat,92.41363,94.9375
DB12-NUDMUW_clean_repeat,148.27246,141.5
DB12-IJANAJ_clean_repeat,90.13331,92.375
DB12-OPURIB01_clean_repeat,35.483543,39.6875
DB12-BEPMIU_clean_repeat,142.7738,135.375
DB12-ALULID_clean_repeat,211.50879,212.0
DB12-NIMPOQ_clean_repeat,253.8223,234.25
DB12-APAZEY_clean_repeat,218.94907,225.375
DB12-YAJXIT_clean_repeat,134.02483,137.625
DB12-AVESAW_clean_repeat,63.179195,50.90625
DB12-MIVNUB_clean_repeat,43.935932,38.09375
DB12-WEBREC_clean_repeat,115.742874,117.0625
DB12-XALDAQ_clean_repeat,133.08664,141.5
DB12-DEJRUH_clean_repeat,150.95459,141.125
DB12-MUHPAI_clean_repeat,61.674866,65.8125
DB12-WEYQAU08_clean_repeat,194.90547,172.625
DB12-RAXYOF_clean_repeat,85.51544,75.8125
DB12-BUDDIO_clean_repeat,0.06529177,-0.4272461
DB12-WEHHEY_clean_repeat,252.78603,251.0
DB12-NOQKUB_clean_repeat,188.17612,178.125
DB12-XAPTUE_clean_repeat,189.00671,185.625
DB12-MIHLIZ_clean_repeat,78.01357,66.4375
DB12-AXAWUT_clean_repeat,124.67283,122.0
DB12-HUSQES_clean_repeat,179.4293,186.875
DB12-LUFNAC05_clean_repeat,199.12416,195.25
DB12-MOQSIV_clean_repeat,26.490303,4.1757812
DB12-ECASOS_clean_repeat,1.5162318,-1.5380859
DB12-QOFLAA_clean_repeat,221.5414,218.5
DB12-XAKZAL_clean_repeat,133.63068,137.0
DB12-LEWTUD01_clean_repeat,102.03835,84.125
DB12-FEDBEX_clean_repeat,124.79272,138.375
DB12-ZOHBUV_clean_repeat,39.259785,31.265625
DB12-GUKXIU_clean_repeat,81.67624,74.625
DB12-UCEXOQ_clean_repeat,151.27495,157.25
DB12-FONPUV_clean_repeat,109.438484,109.5
DB12-NAJTEA_clean_repeat,205.64876,197.25
DB12-NEYYUN_clean_repeat,224.75069,231.5
DB12-VAGTAA01_clean_repeat,185.80643,176.25
DB12-KUHVOZ01_clean_repeat,119.027374,120.375
DB12-NARPUU_clean_repeat,90.97269,96.8125
DB12-CEDFIC_clean_repeat,182.01212,178.375
DB12-KOKSIO_clean_repeat,175.37494,153.875
DB12-JAVNIE_clean_repeat,218.15439,217.125
DB12-LOQSUG_clean_repeat,80.28314,92.25
DB12-AVIMIC_clean_repeat,51.270317,55.53125
DB12-JEMNAR_clean_repeat,118.80868,113.0625
DB12-QOWRAV05_clean_repeat,242.76219,223.375
DB12-POLYEW_clean_repeat,116.67659,103.9375
DB12-c5nj01930c_c5nj01930c2_clean_repeat,137.6609,130.875
DB12-KASPOL_clean_repeat,113.57944,104.9375
DB12-MUNDAC_clean_repeat,172.346,159.25
DB12-WODROY_clean_repeat,84.633606,82.375
DB12-IYOTAT_clean_repeat,232.32335,243.25
DB12-j.jssc.2016.09.008_mmc8_clean_repeat,135.38959,137.25
DB12-WARWOC_clean_repeat,40.286663,37.28125
DB12-GAGXAP_clean_repeat,62.0165,50.5
DB12-EBUQEX_clean_repeat,190.77783,187.125
DB12-BOCTOE05_clean_repeat,113.194885,117.0625
DB12-UXUPEK_clean_repeat,3.9857836,7.3007812
DB12-GIHPAQ_clean_repeat,108.05162,109.1875
DB12-HOVGIK_clean_repeat,150.96458,143.625
DB12-CUBHOY_clean_repeat,144.60326,130.375
DB12-YORZAH_clean_repeat,47.263523,47.3125
DB12-FORKUU_clean_repeat,247.70482,250.125
DB12-SOZRUW_clean_repeat,235.81818,236.75
DB12-WOBQEL_clean_repeat,166.5322,168.625
DB12-WENKEH_clean_repeat,90.395645,84.375
DB12-HADPOU_clean_repeat,145.26775,156.875
DB12-VEMMAC_clean_repeat,217.0764,204.0
DB12-DUZPUL_clean_repeat,249.37392,258.75
DB12-WEHJOK_clean_repeat,257.67435,253.875
DB12-HEDGUS_clean_repeat,0.34986272,-0.16259766
DB12-REXFAD_clean_repeat,174.99728,172.375
DB12-MAXHIE_clean_repeat,0.044985607,1.4560547
DB12-YOCDUR_clean_repeat,248.42049,245.875
DB12-cg500975j_si_002_clean_repeat,122.03335,125.25
DB12-SANHIB_clean_repeat,157.61864,157.625
DB12-cm503311x_F-mil-53-Al-lp-ortho_clean_repeat,245.25262,234.25
DB12-JALPAQ_clean_repeat,59.02237,28.546875
DB12-OXAZIX_clean_repeat,58.422237,51.40625
DB12-QONLIQ_clean_repeat,194.18306,193.25
DB12-KALFEK_clean_repeat,201.19872,205.375
DB12-IKETOI_clean_repeat,143.96712,134.75
DB12-OPAPOL_clean_repeat,81.100655,84.0
DB12-EZESAF_clean_repeat,98.25677,66.75
DB12-SACDUX_clean_repeat,202.44168,200.875
DB12-VACFUB_clean_h_repeat,135.79645,139.125
DB12-LIXWAR01_clean_repeat,155.58464,161.0
DB12-JAKBUV_clean_repeat,141.0066,141.0
DB12-VIDXOX_clean_repeat,141.72958,147.125
DB12-NIHBEM01_clean_repeat,88.03612,93.4375
DB12-FECXAO_clean_repeat,211.8883,206.875
DB12-TAZSAP02_clean_repeat,91.96459,90.625
DB12-UHAXUW_clean_repeat,97.115944,90.5
DB12-ROLCEC15_clean_repeat,0.0,-0.58203125
DB12-LUSJOZ_clean_repeat,131.56375,137.75
DB12-MUXJAQ01_clean_repeat,0.25986645,1.4238281
DB12-GEVXAI_clean_repeat,91.52733,79.375
DB12-ac403674p_si_001_clean_repeat,147.37257,161.375
DB12-EXIDOF_clean_repeat,167.68715,191.625
DB12-HOGJIX_clean_repeat,254.87517,253.625
DB12-NIZZIG_clean_repeat,209.46791,225.75
DB12-RUGHOS_clean_repeat,104.42383,123.5625
DB12-VUKTAY_clean_repeat,135.5877,120.0
DB12-KALGEL_clean_repeat,199.2345,190.75
DB12-SEFTUU_clean_repeat,188.68837,186.125
DB12-SAKRAZ_clean_repeat,207.17719,210.125
DB12-DANVEU_clean_repeat,117.40659,112.5
DB12-HIJSOK_clean_repeat,149.43517,137.375
DB12-MATTOR_clean_repeat,145.67711,144.375
DB12-XALXUF_clean_repeat,239.36365,250.25
DB12-MIXPIU_clean_repeat,55.93654,53.28125
DB12-QALNEW_clean_repeat,97.13925,94.25
DB12-FAHBIC_clean_repeat,128.664,138.0
DB12-KOSKIO_clean_repeat,215.11685,211.75
DB12-RUGGOR_clean_repeat,138.82709,128.25
DB12-ZOZKAC_clean_repeat,130.72386,114.5
DB12-ic501849g_si_002_clean_repeat,173.54251,183.5
DB12-FIJDIM12_clean_repeat,137.81114,142.125
DB12-GETXAG01_clean_repeat,2.3867536,19.1875
DB12-WUSSEK_clean_repeat,174.6359,176.375
DB12-QOQWOK_clean_repeat,194.39714,192.875
DB12-HIYGIH_clean_repeat,242.69371,217.75
DB12-DOJXUW_clean_repeat,80.43444,76.375
DB12-PUDSOX_clean_repeat,204.51764,207.875
DB12-XOTGUI_clean_repeat,178.79384,170.875
DB12-XUJSAY_clean_repeat,74.727196,62.125
DB12-DAWVOO_clean_repeat,159.02824,156.0
DB12-XUYDIF_clean_repeat,56.114334,55.5
DB12-TAKGUK_clean_repeat,147.68959,164.5
DB12-PIQFIG_clean_repeat,171.6992,172.75
DB12-BAKJEE_clean_repeat,201.90399,216.25
DB12-EBAVOV_clean_repeat,125.33119,135.125
DB12-AMILUE_clean_repeat,174.3131,164.75
DB12-OPIYAP_clean_repeat,166.68675,173.375
DB12-LEWVAL_clean_repeat,101.699234,94.625
DB12-HAQJIV_clean_repeat,267.4736,245.25
DB12-FORPOS_clean_repeat,208.99498,221.125
DB12-OGESOJ_clean_repeat,94.49275,108.8125
DB12-RAZYIC_clean_repeat,210.22902,195.0
DB12-NIKZEN_clean_repeat,87.96147,68.625
DB12-ZIDVAL_clean_repeat,76.853035,76.1875
DB12-WASNIO_clean_repeat,115.38877,93.8125
DB12-ja5b00365_si_002_clean_repeat,251.47867,246.125
DB12-YOTSAD_clean_repeat,58.329754,55.5625
DB12-VANHEA_clean_repeat,227.6046,212.5
DB12-SAKDEP_clean_repeat,110.54575,87.625
DB12-FURSES_clean_repeat,116.606316,124.625
DB12-DAWWIJ_clean_repeat,104.29735,99.375
DB12-KUFVEO_clean_repeat,155.43643,149.25
DB12-acs.cgd.5b01686_WAHFUJ1434675_clean_repeat,131.12343,117.5
DB12-TESGUU_clean_repeat,91.3797,96.0625
DB12-LONWIW_clean_repeat,214.59738,205.625
DB12-BUVYEX_clean_repeat,99.35467,99.25
DB12-XOBXIW_clean_repeat,93.659874,98.875
DB12-MAWTUC_clean_repeat,195.78781,184.125
DB12-OKIMAY_clean_repeat,122.748566,131.0
DB12-XISPEW01_clean_repeat,208.25809,211.25
DB12-BUVYIB01_clean_repeat,236.52483,240.375
DB12-NIHBEM02_clean_repeat,87.112686,87.125
DB12-XEDLUN_clean_repeat,169.44118,177.625
DB12-SUVZOA_clean_repeat,101.040016,94.5625
DB12-EBAVIP_clean_repeat,125.18126,117.8125
DB12-PIDMEV01_clean_repeat,194.58565,196.125
DB12-NAHFIO_clean_repeat,135.80536,135.625
DB12-RONSIY_clean_repeat,78.83968,88.75
DB12-HAZGOF05_clean_h_repeat,65.47166,57.28125
DB12-RUNXUV_clean_repeat,149.71544,157.875
DB12-NEVVAM01_clean_repeat,149.4645,167.25
DB12-VAZLEP02_clean_repeat,120.675934,70.25
DB12-DODMIT_clean_repeat,182.38722,171.375
DB12-PIHWAG_clean_repeat,176.02686,178.375
DB12-ODONIF_clean_repeat,42.494843,33.375
DB12-JEXXAM07_clean_repeat,0.0,0.20166016
DB12-XADDUD_clean_repeat,198.59268,199.625
DB12-VOFFED_clean_repeat,89.34141,100.375
DB12-FEWWOV_clean_repeat,188.15645,185.75
DB12-NIZZEC_clean_repeat,209.80989,218.0
DB12-SUGVUM_clean_repeat,186.66708,181.625
DB12-TAJXIO_clean_repeat,30.384855,17.609375
DB12-VOTKEW_clean_repeat,137.30518,150.875
DB12-MUXHIW01_clean_repeat,4.197571,4.9609375
DB12-LEGGEK_clean_repeat,153.86562,165.875
DB12-OWIJEL_clean_repeat,227.3455,235.125
DB12-TARVOX_clean_repeat,102.3139,98.0625
DB12-UKIQOV_clean_repeat,243.22643,246.5
DB12-HEBTEP_clean_repeat,102.98975,101.5625
DB12-HOJPED_clean_repeat,87.861336,83.5
DB12-FECXES_clean_repeat,245.98473,239.25
DB12-BUCVAY_clean_repeat,65.01133,68.5625
DB12-XANLEE_clean_repeat,230.8523,223.375
DB12-XUGWUS_clean_repeat,89.40831,80.0
DB12-WEMDID_clean_repeat,178.80568,180.75
DB12-FECCIZ_clean_repeat,204.24977,219.75
DB12-REXDEF_clean_repeat,166.27849,179.25
DB12-HORCUN_clean_repeat,119.843376,103.875
DB12-HUQGOR_clean_repeat,230.71239,230.625
DB12-TUMGOX_clean_repeat,36.400078,32.4375
DB12-UCOJAZ_clean_repeat,200.70123,197.5
DB12-EBAVUB_clean_repeat,125.292206,130.375
DB12-POHMAC_clean_repeat,99.762924,119.625
DB12-VALZIU_clean_repeat,151.44545,125.5
DB12-CETFUD_clean_repeat,147.27647,123.125
DB12-XOJPES_clean_repeat,147.49258,147.875
DB12-COWMIL_clean_repeat,199.78444,182.5
DB12-SOHGUS_clean_repeat,226.22096,227.625
DB12-DURDIF_clean_repeat,250.17517,236.75
DB12-RAYLAG_clean_repeat,122.578,125.6875
DB12-KUQXIE_clean_repeat,104.32913,114.6875
DB12-GAWCUF_clean_repeat,167.48262,176.0
DB12-DAGJED_clean_repeat,133.63098,135.75
DB12-WIHCUM_clean_repeat,0.8860816,0.2602539
DB12-VOPCEK_clean_repeat,149.38832,167.625
DB12-TURFET_clean_repeat,169.54535,157.625
DB12-IBICED_clean_repeat,147.39551,145.875
DB12-ncomms11831_ncomms11831-s3_clean_repeat,69.72824,60.53125
DB12-KEDJAG08_clean_repeat,200.24745,178.375
DB12-QIYDIN_clean_repeat,157.63588,138.875
DB12-XEQLEM_clean_repeat,65.630585,77.0
DB12-REGRIG_clean_repeat,240.7823,215.625
DB12-TARWEO_clean_repeat,107.15609,95.6875
DB12-IQEWOQ_clean_repeat,88.09242,83.0625
DB12-XEGKIF_clean_repeat,134.23805,129.875
DB12-JOJMEB_clean_repeat,1.1223532,-0.7583008
DB12-HOGLEV_clean_repeat,248.30344,262.5
DB12-ZOHBIJ_clean_repeat,41.383167,52.25
DB12-XIHSAJ_clean_repeat,171.07916,161.25
DB12-ECAFOG_clean_repeat,155.11661,142.25
DB12-ROLCEC18_clean_repeat,0.0,-0.29516602
DB12-ABEFUL_clean_repeat,63.91069,71.6875
DB12-ESASEY_clean_repeat,78.60306,86.25
DB12-IJASES01_clean_repeat,93.56991,88.8125
DB12-KIXXOG_clean_repeat,140.92331,135.875
DB12-HOJPAZ_clean_repeat,90.506714,83.3125
DB12-MAJHUC_clean_repeat,42.99215,47.75
DB12-ic5011133_si_003_clean_repeat,204.37894,198.25
DB12-QAGQEW_clean_repeat,240.54727,223.875
DB12-HIDMEO_clean_repeat,52.583874,44.8125
DB12-MURTUO_clean_repeat,73.81629,82.5625
DB12-WENDIE_clean_repeat,132.43378,118.9375
DB12-NIHBAI02_clean_repeat,89.188126,78.4375
DB12-MOXPUL_clean_repeat,195.39465,191.625
DB12-UMODEH23_clean_repeat,256.84494,254.5
DB12-AHOJUC_clean_repeat,12.786894,3.0371094
DB12-EWUGEK_clean_repeat,42.63227,36.3125
DB12-VISTOG_clean_repeat,77.417145,54.65625
DB12-RUSSAA_clean_repeat,94.98043,81.6875
DB12-FAGXIX_clean_repeat,145.14651,146.0
DB12-HALVAU_clean_repeat,181.96074,173.125
DB12-GAMXAV_clean_repeat,217.26688,187.25
DB12-NERVEL_clean_repeat,69.69938,75.375
DB12-BOLPAU_clean_repeat,217.67474,211.875
DB12-HOWQEQ_clean_repeat,98.91066,97.75
DB12-GAFROX_clean_repeat,249.47107,247.0
DB12-DIDBAV_clean_repeat,198.31247,190.125
DB12-XALCAP_clean_repeat,176.04028,167.875
DB12-ROQMER03_clean_repeat,121.31667,125.25
DB12-EMAPAK_clean_repeat,191.63412,194.0
DB12-OYIVIC_clean_repeat,153.06339,148.125
DB12-EVOMOR_clean_repeat,106.34885,104.9375
DB12-TERNUA_clean_repeat,188.13054,178.5
DB12-QIWDOR_clean_repeat,77.00382,65.8125
DB12-MEXJAC_clean_repeat,192.8942,200.0
DB12-RAYLOU_clean_repeat,117.98236,120.3125
DB12-AMUFIZ_clean_repeat,75.05969,93.8125
DB12-WIJDAV_clean_repeat,141.80893,139.5
DB12-ABEXIQ_clean_repeat,105.15518,108.375
DB12-OSIWUJ_clean_repeat,70.03485,73.875
DB12-ic801404p_si_001_clean_repeat,101.28048,100.8125
DB12-GIRHEW_clean_repeat,119.53243,112.8125
DB12-YARDEC_clean_repeat,158.9769,150.25
DB12-MODJOG_clean_repeat,225.69693,207.75
DB12-KOSKIO01_clean_repeat,211.38765,214.25
DB12-SARMII_clean_repeat,81.78716,60.59375
DB12-YOZRUC_clean_repeat,162.98701,120.0
DB12-TORKES_clean_repeat,155.79398,158.125
DB12-LOBHAM_clean_repeat,215.72278,209.75
DB12-TAJXIO03_clean_repeat,20.299988,27.71875
DB12-VUKROK_clean_repeat,237.1265,236.75
DB12-SEFVEG_clean_repeat,184.47789,182.75
DB12-ja302380x_si_003_clean_repeat,192.87839,180.0
DB12-WARJAC_clean_repeat,156.36519,153.375
DB12-PIZPIX_clean_h_repeat,162.0274,168.125
DB12-UVASAM01_clean_repeat,89.10281,91.5625
DB12-EVURAP_clean_repeat,126.101494,126.8125
DB12-NIZNAN_clean_repeat,168.75375,171.25
DB12-VAHJEW_clean_repeat,161.16516,163.125
DB12-ECAHAT_clean_repeat,171.61005,168.125
DB12-LEGGIO_clean_repeat,167.71167,178.625
DB12-cg301577a_si_002_clean_repeat,245.62245,240.75
DB12-POLBOH_clean_repeat,154.72964,160.375
DB12-ZAGHAT_clean_repeat,150.27708,140.25
DB12-HUWPIA_clean_repeat,170.51045,171.375
DB12-ECOROD_clean_repeat,108.48716,100.0625
DB12-ECIWIW_clean_repeat,77.71715,72.625
DB12-XESKIR_clean_h_repeat,169.8826,155.875
DB12-UFILUR_clean_repeat,100.86166,101.75
DB12-REWNEO_clean_repeat,252.38272,254.5
DB12-XEJWUG_clean_repeat,104.142525,93.25
DB12-QUXREI_clean_repeat,60.759068,70.0
DB12-EMUYAM_clean_repeat,29.894102,35.5625
DB12-COWMEH_clean_repeat,198.51987,215.25
DB12-IYOVOI_clean_repeat,152.23842,152.375
DB12-VAJQOP_clean_repeat,3.9743855,-1.3105469
DB12-OTOVAW_clean_repeat,88.43211,83.6875
DB12-HEBTAL_clean_repeat,101.93073,106.875
DB12-ATIBUA_clean_repeat,86.35147,84.8125
DB12-EKARUE_clean_repeat,43.750496,53.125
DB12-XAHPED_clean_repeat,222.47263,237.125
DB12-SOJSUH_clean_repeat,226.71635,219.0
DB12-YOQYOT_clean_repeat,58.199055,71.75
DB12-XUNSOQ_clean_repeat,107.55013,108.4375
DB12-ADASOP_clean_repeat,259.2506,275.75
DB12-SIYXIH10_clean_repeat,111.41019,119.875
DB12-FUXXIH_clean_repeat,184.79651,187.125
DB12-FAMQAO_clean_repeat,247.90205,239.5
DB12-LETDUK_clean_repeat,243.68002,238.125
DB12-MAPFIS_clean_repeat,162.82164,158.375
DB12-KOMJED_clean_repeat,32.7575,30.046875
DB12-POLDOK_clean_repeat,108.15242,116.875
DB12-VEGBUG_clean_repeat,202.74834,184.125
DB12-KILJEV_clean_repeat,45.81942,36.1875
DB12-BIYTOU_clean_repeat,186.37622,192.375
DB12-OBENUF_clean_repeat,46.961506,41.5625
DB12-JAKBOP_clean_repeat,181.99355,190.0
DB12-WORKOF_clean_repeat,213.23836,194.75
DB12-XEQRAO_clean_repeat,113.66029,110.4375
DB12-IXISAJ_clean_repeat,130.66693,116.4375
DB12-UTEXIB_clean_repeat,173.52846,187.5
DB12-POXHOA_clean_repeat,81.30867,86.75
DB12-CAKYIY_clean_repeat,117.53041,103.5
DB12-FIRMUQ_clean_repeat,229.49797,250.625
DB12-RAKDEN_clean_repeat,208.49246,218.25
DB12-ISUCUV_clean_repeat,158.03552,159.375
DB12-RUBDUP_clean_repeat,173.7305,195.125
DB12-ALURAB_clean_repeat,158.27115,189.5
DB12-JEXWUF01_clean_repeat,0.0,-2.5097656
DB12-UZIJUJ_clean_repeat,191.64763,189.0
DB12-IXUQUO_clean_repeat,133.09499,149.875
DB12-NIZZOM_clean_repeat,211.74326,222.25
DB12-VUQKUO_clean_repeat,125.65967,126.125
DB12-XEHFUL01_clean_repeat,127.86017,126.9375
DB12-APAZIC_clean_repeat,214.76364,216.375
DB12-JEMQEY_clean_repeat,0.23408537,15.640625
DB12-GARQAU_clean_repeat,129.46529,137.75
DB12-MUVJIX_clean_repeat,132.5241,131.125
DB12-BAZGAM_clean_repeat,130.13152,125.375
DB12-GUHPEG_clean_repeat,135.83888,139.5
DB12-GOXMEN_clean_repeat,61.92184,64.5
DB12-BEXSII_clean_repeat,222.0404,242.125
DB12-VIWKIX_clean_repeat,158.03433,144.625
DB12-YUKWOS_clean_repeat,66.603584,71.5
DB12-GAPNOD_clean_repeat,180.35855,174.375
DB12-REDYEG_clean_repeat,89.5799,106.875
DB12-FIHXUR_clean_repeat,0.38856605,26.734375
DB12-XICNOO01_clean_repeat,209.93945,206.375
DB12-UMOVEZ01_clean_repeat,255.65585,265.25
DB12-SEFVEG02_clean_repeat,184.8104,207.25
DB12-TUMRAW_clean_repeat,144.47722,135.0
DB12-CUGFAN01_clean_repeat,21.823359,23.921875
DB12-WUFSAT_clean_repeat,72.96233,76.875
DB12-CUTGEE_clean_repeat,116.148796,117.4375
DB12-UNABUH_clean_repeat,99.26757,86.8125
DB12-WOPSAX02_clean_repeat,229.71756,244.875
DB12-XAQTEO_clean_repeat,111.3665,114.625
DB12-QONLEM_clean_repeat,193.22241,195.0
DB12-UTUMAY_clean_repeat,135.5521,128.5
DB12-NOQNOY_clean_repeat,103.031784,108.75
DB12-OTUXUX_clean_repeat,126.118904,138.75
DB12-HAZGOF06_clean_h_repeat,66.85977,70.3125
DB12-DEPXAY_clean_repeat,221.4493,221.75
DB12-EWESAC_clean_repeat,92.23649,103.75
DB12-ROLCEC16_clean_repeat,0.0,4.2851562
DB12-YOZROW_clean_repeat,49.822754,46.96875
DB12-CAJHUS_clean_repeat,0.0,0.32641602
DB12-FIFPAM_clean_repeat,197.33456,216.625
DB12-UWELIS_clean_repeat,218.70024,218.875
DB12-LAVSUY_clean_repeat,195.04321,200.875
DB12-UVEVAT_clean_repeat,225.56273,209.125
DB12-TEWGEJ01_clean_repeat,76.50477,77.8125
DB12-NIKZAJ02_clean_repeat,89.02059,93.25
DB12-FAPXIG_clean_repeat,219.26703,212.875
DB12-QOTZEG_clean_repeat,184.80612,176.5
DB12-JOSNAG01_clean_repeat,123.53673,125.1875
DB12-XUGROI_clean_repeat,242.51411,256.25
DB12-HIBGEF_clean_repeat,92.39122,91.9375
DB12-TIVFIO_clean_repeat,0.002829948,0.9658203
DB12-QUXRUY_clean_repeat,59.564346,70.6875
DB12-PAPKUP_clean_repeat,41.37411,48.4375
DB12-NIZNAN_clean_repeat,168.75375,186.25
DB12-ROCZAM_clean_repeat,192.90482,198.625
DB12-JELPAS_clean_repeat,122.63928,134.875
DB12-XUYDIF_clean_repeat,56.114334,49.9375
DB12-VUQJUN_clean_repeat,218.91966,213.875
DB12-IZIHAC_clean_repeat,170.25899,156.75
DB12-SOJSUH_clean_repeat,226.71635,216.25
DB12-AXINEA_clean_repeat,82.696815,79.1875
DB12-FUDHAP_clean_repeat,236.44589,223.125
DB12-AQUDOH_clean_repeat,66.49363,64.3125
DB12-IBICIH_clean_repeat,154.94533,144.75
DB12-CEYPUT_clean_repeat,121.34905,130.75
DB12-FAPXIG_clean_repeat,219.26703,198.625
DB12-LASQON_clean_repeat,97.53403,90.0
DB12-NADZEZ_clean_repeat,132.57645,141.875
DB12-VIVXOP_clean_repeat,156.71391,150.375
DB12-PEVXAQ_clean_repeat,112.78653,104.4375
DB12-KAHYID_clean_repeat,216.06618,205.625
DB12-SIVQAR_clean_repeat,167.20882,164.75
DB12-NIZZAY_clean_repeat,209.26224,207.25
DB12-IXUWII_clean_repeat,171.81999,173.0
DB12-UMEDIB_clean_repeat,169.13469,165.125
DB12-FATKUI_clean_repeat,114.335304,125.5625
DB12-ic400853r_si_002_clean_repeat,108.01446,100.6875
DB12-LUFQUZ02_clean_repeat,154.7752,172.625
DB12-YOZKOP_clean_repeat,79.44076,90.875
DB12-KAHYEY_clean_repeat,92.998505,74.25
DB12-XAMDUM06_clean_repeat,244.04915,232.75
DB12-IXAMEA_clean_repeat,148.89876,150.125
DB12-NIZZEC_clean_repeat,209.80989,213.875
DB12-QIWCOQ_clean_repeat,223.20651,212.0
DB12-EDADIX_clean_repeat,143.42226,158.875
DB12-RUWWOW_clean_repeat,139.73758,144.375
DB12-AHOKIR_clean_repeat,125.62153,142.125
DB12-CESYEF_clean_repeat,0.07349873,18.0
DB12-RAHMAP_clean_repeat,127.262596,140.625
DB12-OPOBIF_clean_repeat,30.668655,34.1875
DB12-TAKGUK_clean_repeat,147.68959,153.75
DB12-TOVJOF_clean_repeat,238.16475,240.125
DB12-NIKDIU_clean_repeat,7.03238,2.7988281
DB12-KIYQIU_clean_repeat,180.0309,169.625
DB12-SODXUG_clean_repeat,135.28166,136.875
DB12-BOCTOE03_clean_repeat,109.443146,111.1875
DB12-WEFXEM_clean_repeat,164.73718,168.875
DB12-XIGHAX_clean_repeat,172.78375,178.25
DB12-KABXOC_clean_repeat,182.09503,185.25
DB12-TEMPAE_clean_repeat,197.07448,203.0
DB12-IQIJIC_clean_repeat,82.84113,93.4375
DB12-ALULAV_clean_repeat,247.8785,238.25
DB12-KIGCEK_clean_repeat,176.88107,170.0
DB12-OVICUS_clean_repeat,86.92012,81.5625
DB12-GETXAG01_clean_repeat,2.3867536,7.671875
DB12-REWNEO_clean_repeat,252.38272,226.0
DB12-IZUMUM_clean_repeat,120.529854,129.625
DB12-GIKMOD_clean_repeat,107.907906,102.5
DB12-FIJDIM01_clean_repeat,136.8291,142.625
DB12-XALCET_clean_repeat,176.10597,166.5
DB12-OXAMIK_clean_repeat,94.6226,90.25
DB12-RUSSAA_clean_repeat,94.98043,79.375
DB12-HURFEH_clean_repeat,186.34993,189.625
DB12-XANDAU_clean_repeat,118.711815,104.0625
DB12-ic502730y_si_002_clean_repeat,177.60231,199.5
DB12-FIJDIM10_clean_repeat,132.11064,147.0
DB12-RUWXAJ_clean_repeat,93.42897,100.0
DB12-UQUHAQ_clean_repeat,172.6199,150.625
DB12-GOWHOR_clean_repeat,106.11747,105.25
DB12-RUBHUS_clean_repeat,69.94516,67.0625
DB12-ZEZQEC_clean_repeat,170.23312,172.875
DB12-ALANAD_clean_repeat,249.49007,245.375
DB12-KOCCUC_clean_repeat,221.30264,224.0
DB12-OSAXAI_clean_repeat,84.49151,83.875
DB12-DAGJED_clean_repeat,133.63098,133.125
DB12-POHLUV_clean_repeat,100.333435,100.25
DB12-MURCAD_clean_repeat,203.89603,207.25
DB12-QOSJEP_clean_repeat,161.63416,157.75
DB12-ACOGEF_clean_repeat,153.8849,151.75
DB12-FIQYOU_clean_repeat,88.14581,80.6875
DB12-QOPZIF_clean_repeat,196.8335,206.875
DB12-PUDSUD_clean_repeat,208.27603,183.75
DB12-LUWYUY_clean_repeat,50.258392,51.9375
DB12-RAVWUI_clean_repeat,155.6993,159.0
DB12-KIDDOS_clean_repeat,141.93079,144.75
DB12-XAVQIU_clean_repeat,194.91684,195.625
DB12-CUNQOT_clean_repeat,107.617714,98.25
DB12-EQEROJ_clean_repeat,114.80959,110.0625
DB12-ECIWIW_clean_repeat,77.71715,83.625
DB12-UMEXUF_clean_repeat,154.59218,156.75
DB12-IJIGOX_clean_repeat,164.53226,156.625
DB12-BIMDIL_clean_repeat,174.64653,177.25
DB12-FIQYUA_clean_repeat,91.74339,99.875
DB12-PEDMER_clean_repeat,118.21243,120.375
DB12-RASKON_clean_repeat,133.50883,130.375
DB12-CUWXOJ_clean_repeat,159.11946,132.25
DB12-GUDJOG_clean_repeat,195.11339,210.5
DB12-VAZLIT_clean_repeat,10.1347275,9.484375
DB12-SAKDAM01_clean_repeat,111.6923,116.8125
DB12-NAHNES_clean_repeat,247.17274,252.0
DB12-KEDJAG24_clean_repeat,201.18782,182.375
DB12-LUFNAC_clean_repeat,198.70326,202.625
DB12-KEWZET_clean_repeat,158.22026,170.25
DB12-QOVSOL_clean_repeat,137.82968,148.875
DB12-ORUHAM_clean_repeat,0.0,0.81152344
DB12-QUQBAH_clean_repeat,223.48143,223.875
DB12-VIYZIO01_clean_repeat,86.249146,99.25
DB12-NAGQOD_clean_repeat,113.805466,112.875
DB12-WALKAY_clean_repeat,96.90771,97.0
DB12-NEVJOP_clean_repeat,100.92738,110.4375
DB12-USEVOF_clean_repeat,205.94771,199.625
DB12-IDIWIB_clean_repeat,167.5269,184.125
DB12-YUNJUO_clean_repeat,94.49444,102.6875
DB12-NAKNUK_clean_repeat,43.2215,59.78125
DB12-WABVIF03_clean_repeat,144.21811,147.625
DB12-YUZXAT_clean_repeat,91.700165,84.375
DB12-COWMIL_clean_repeat,199.78444,197.125
DB12-QAQRUW_clean_repeat,191.04507,197.125
DB12-HIDBIH_clean_repeat,80.12939,79.1875
DB12-BALMUW01_clean_repeat,1.087053,3.1621094
DB12-JASNAT_clean_repeat,140.90408,145.125
DB12-SAKDEP_clean_repeat,110.54575,116.625
DB12-GAFROX_clean_repeat,249.47107,243.5
DB12-NUCYIV_clean_repeat,70.36036,65.4375
DB12-FOKYEL_clean_repeat,172.7116,186.625
DB12-XEKDUO_clean_repeat,0.0,0.6796875
DB12-EBANAY_clean_repeat,60.649612,62.71875
DB12-NAHFIO_clean_repeat,135.80536,133.625
DB12-ATAYAX_clean_repeat,250.94421,231.0
DB12-POMSER_clean_repeat,168.99019,162.0
DB12-QADWIE_clean_repeat,120.03903,116.75
DB12-NISCOJ_clean_repeat,99.15909,83.0625
DB12-NUDMAC_clean_repeat,148.57153,158.125
DB12-DEPTOH_clean_repeat,212.21222,210.0
DB12-KONYOB_clean_repeat,72.90233,51.21875
DB12-UXUPEK_clean_repeat,3.9857836,1.0
DB12-JAKBOP_clean_repeat,181.99355,174.125
DB12-BUBTUP_clean_repeat,134.88817,105.5
DB12-AVAQIX_clean_repeat,158.6677,158.0
DB12-PASKAX_clean_repeat,42.54165,44.59375
DB12-HIZQEN_clean_repeat,167.21886,160.75
DB12-MODDEP_clean_repeat,4.6496744,2.5214844
DB12-SADMIV_clean_repeat,0.009271548,3.2832031
DB12-cm501138g_si_005_clean_repeat,247.22728,254.75
DB12-HELDOT_clean_repeat,237.33377,229.875
DB12-c5nj01930c_c5nj01930c2_clean_repeat,137.6609,102.75
DB12-SUNJOB_clean_repeat,194.93634,184.125
DB12-UQOYOP_clean_repeat,163.1945,139.0
DB12-ZEZPUR_clean_repeat,171.232,167.625
DB12-MIDSUP_clean_repeat,218.21468,218.125
DB12-KUTDAG_clean_repeat,178.13213,167.625
DB12-XAWZOM_clean_repeat,50.41882,46.21875
DB12-YUFLOC_clean_repeat,212.44275,207.875
DB12-MABKEG_clean_repeat,72.78272,66.0
DB12-UMODEH09_clean_repeat,231.29692,242.375
DB12-COYTEQ_clean_repeat,158.66214,132.5
DB12-GARLET_clean_repeat,171.22636,171.875
DB12-UVIPIZ_clean_repeat,225.60147,244.875
DB12-ETEPID_clean_repeat,174.40599,182.5
DB12-RAXDAX_clean_repeat,66.53386,42.15625
DB12-YUZRES_clean_repeat,160.48804,140.875
DB12-TIRRIW_clean_repeat,156.9874,162.125
DB12-WAYKAK_clean_repeat,205.36513,197.25
DB12-KEGZOL02_clean_repeat,163.69354,165.75
DB12-XEBHOC_clean_repeat,245.79324,227.875
DB12-WEYQAU03_clean_repeat,194.8406,203.875
DB12-ATULIM_clean_repeat,67.7424,63.0
DB12-CURBOH_clean_repeat,181.71222,170.0
DB12-KALGEL_clean_repeat,199.2345,182.75
DB12-BEPMIU_clean_repeat,142.7738,144.75
DB12-XUVHEB_clean_repeat,152.39317,137.0
DB12-VALZIU_clean_repeat,151.44545,118.0
DB12-ZAQWEW_clean_repeat,140.65912,128.875
DB12-XUZXUN_clean_repeat,163.48106,148.5
DB12-RUWWUC_clean_repeat,139.3966,123.25
DB12-RAVCUO_clean_repeat,80.38477,76.5625
DB12-SUVZOA_clean_repeat,101.040016,85.9375
DB12-MUNDAC_clean_repeat,172.346,174.875
DB12-IGINIX_clean_repeat,175.02003,182.25
DB12-POLNAG_clean_repeat,88.20397,80.625
DB12-ROYRII_clean_repeat,148.44524,149.25
DB12-VEMMIK_clean_repeat,206.93103,196.0
DB12-WODFOL_clean_repeat,113.43959,111.75
DB12-PIBPIA_clean_repeat,186.52377,200.625
DB12-MAHTAR01_clean_repeat,118.775536,118.5625
DB12-MIXPIU_clean_repeat,55.93654,44.3125
DB12-HEBTAL_clean_repeat,101.93073,104.125
DB12-VACFUB_clean_h_repeat,135.79645,125.0
DB12-UMUBIP_clean_repeat,258.25375,249.5
DB12-WOJZEC_clean_repeat,200.87257,189.75
DB12-IXOFOR_clean_repeat,181.22545,197.625
DB12-IJENER_clean_repeat,126.02416,115.125
DB12-RIYBOS_clean_repeat,211.68549,194.75
DB12-EGATEM_clean_repeat,205.10498,190.375
DB12-XOVPON_clean_repeat,156.16078,154.5
DB12-ja074366osi20070816_031204_clean_repeat,242.67094,229.0
DB12-ASEJOZ_clean_repeat,73.56073,66.75
DB12-VATVUK_clean_repeat,90.10725,77.0625
DB12-OBAJAF_clean_repeat,181.50258,189.375
DB12-UFUNIS_clean_repeat,107.114006,100.5625
DB12-ja206917z_si_001_clean_repeat,54.02161,40.90625
DB12-UMEHOL_clean_repeat,164.51407,134.75
DB12-FIPJAR_clean_repeat,144.66591,133.375
DB12-AXOHIE_clean_repeat,77.21163,46.28125
DB12-PEKDAM_clean_repeat,216.22456,224.0
DB12-KAYBUJ_clean_repeat,165.9041,164.875
DB12-AFOQUI_clean_repeat,74.02068,86.6875
DB12-MAWVAK_clean_repeat,189.18239,187.875
DB12-QQQGTA02_clean_repeat,64.45489,66.6875
DB12-EXEXAH_clean_repeat,175.52931,164.875
DB12-GARLIX_clean_repeat,171.21779,166.625
DB12-NIMVIP_clean_repeat,0.00012645844,-1.484375
DB12-NIHBAI01_clean_repeat,89.45803,86.25
DB12-CURYOE01_clean_repeat,181.36899,162.0
DB12-CUQROX_clean_repeat,160.19864,111.5
DB12-cm500700z_si_003_clean_repeat,213.06126,196.875
DB12-UTODIR_clean_repeat,78.67193,69.25
DB12-MIMSUY_clean_repeat,174.07735,159.125
DB12-TERNUA_clean_repeat,188.13054,186.0
DB12-XAQTEO_clean_repeat,111.3665,117.375
DB12-SUJRIZ_clean_repeat,73.683334,69.375
DB12-YUKKAR_clean_repeat,178.8692,172.0
DB12-VAGTAA_clean_repeat,179.06778,178.375
DB12-WOJZIG_clean_repeat,207.38924,221.75
DB12-DAGDUL_clean_repeat,143.5247,114.625
DB12-YUXQOY_clean_repeat,217.19801,219.875
DB12-KAHMOW_clean_repeat,59.62549,35.0625
DB12-XICYAL_clean_repeat,147.21942,143.125
DB12-MAPFOY_clean_repeat,84.17074,87.875
DB12-XOVPUU_clean_repeat,236.45259,218.625
DB12-VAZTOG_clean_repeat,229.24414,219.25
DB12-YONNAR_clean_repeat,242.97105,223.375
DB12-OZULUS_clean_repeat,220.6691,228.25
DB12-ZOMNEW_clean_repeat,183.7695,185.5
DB12-HISJIE_clean_repeat,82.55033,64.6875
DB12-KEGZOL04_clean_repeat,165.5218,164.125
DB12-KAFYAT_clean_repeat,116.18239,93.1875
DB12-EXAXAE01_clean_repeat,171.68979,174.875
DB12-om701262m-file004_clean_repeat,184.28777,177.75
DB12-GUHPEG_clean_repeat,135.83888,127.3125
DB12-HIBGIJ_clean_repeat,86.910614,89.75
DB12-ja500618z_si_006_clean_repeat,150.06024,130.375
DB12-WEHHEY_clean_repeat,252.78603,262.0
DB12-WALBOC_clean_repeat,117.809685,122.125
DB12-NEXVET_clean_repeat,228.91084,242.625
DB12-JOJMEB_clean_repeat,1.1223532,1.3291016
DB12-XOHLEM_clean_repeat,185.56192,191.125
DB12-DEJJIN_clean_repeat,193.00018,195.125
DB12-ZARLEL_clean_repeat,200.9504,196.25
DB12-KOSLEL_clean_repeat,218.11719,212.5
DB12-CUGLTM_clean_repeat,0.003312013,2.8847656
DB12-ABEYIR_clean_repeat,102.55773,93.5
DB12-BETDEL_clean_repeat,219.34491,199.0
DB12-YUNJIB_clean_repeat,118.12118,104.1875
DB12-METYIU_clean_repeat,123.47565,111.1875
DB12-LUDLIH_clean_repeat,243.42378,233.75
DB12-PASMUT_clean_repeat,157.86555,157.25
DB12-CIFDUS_clean_repeat,172.74283,170.75
DB12-RUGHUY_clean_repeat,77.10682,85.1875
DB12-XUNRUV_clean_repeat,96.10694,105.5
DB12-ic200463k_si_002_clean_repeat,100.76221,99.3125
DB12-NINVAI_clean_repeat,240.40054,232.375
DB12-IDAGOL_clean_repeat,58.737255,62.59375
DB12-CECVIQ_clean_repeat,76.2382,62.5
DB12-NUVYOT_clean_repeat,116.280174,112.375
DB12-QOQWOK01_clean_repeat,195.39542,179.25
DB12-QUSBIP_clean_repeat,257.60455,233.375
DB12-DIZQOT_clean_repeat,2.3789923,22.625
DB12-XALCAP_clean_repeat,176.04028,166.5
DB12-ZOXGUQ_clean_repeat,89.64142,91.0
DB12-OBENUF_clean_repeat,46.961506,36.0625
DB12-LEMNOH_clean_repeat,100.51351,91.625
DB12-OGIYAF_clean_repeat,158.83888,159.625
DB12-GITVEL_clean_repeat,190.44333,169.375
DB12-AKUKUO_clean_repeat,119.67285,116.0625
DB12-TAFBIN_clean_repeat,68.98396,69.3125
DB12-UJECUI_clean_repeat,69.89045,59.28125
DB12-cg501141m_si_002_clean_repeat,182.8322,184.0
DB12-cg500121f_si_004_clean_repeat,119.746635,132.5
DB12-OYOSAX_clean_repeat,115.9317,120.5
DB12-LAYGAV_clean_repeat,166.55711,164.25
DB12-IXECET_clean_repeat,221.02911,222.75
DB12-GUKXIU_clean_repeat,81.67624,71.6875
DB12-GASSEB_clean_repeat,173.23459,173.375
DB12-RETBEZ_clean_repeat,116.922485,112.4375
DB12-KALFEK_clean_repeat,201.19872,201.25
DB12-jp102463p_si_004_clean_repeat,247.11485,224.5
DB12-UMOVEZ04_clean_repeat,255.35216,241.875
DB12-YOTRUW_clean_repeat,60.430443,61.90625
DB12-LUSHUD_clean_repeat,123.644226,126.5
DB12-PAMTUU_clean_repeat,221.95474,212.25
DB12-XOHJUA_clean_repeat,54.98428,48.71875
DB12-ULIMIN_clean_repeat,114.98155,104.5
DB12-HUFLUR_clean_repeat,132.46669,135.125
DB12-XOVXAI_clean_repeat,77.538925,79.1875
DB12-ARAGOR_clean_repeat,153.89426,157.25
DB12-OYEBIE_clean_repeat,105.56845,98.625
DB12-RUFZID_clean_repeat,217.16943,215.75
DB12-TOVHUJ_clean_repeat,231.8277,218.875
DB12-WOPDEL_clean_repeat,58.22423,52.4375
DB12-XEXMAQ_clean_repeat,173.4737,153.875
DB12-acs.inorgchem.6b00081_ic6b00081_si_001_clean_repeat,95.55101,84.8125
DB12-JEXXAM07_clean_repeat,0.0,-1.2089844
DB12-POKGEC_clean_repeat,85.663605,84.6875
DB12-UFUNAK_clean_repeat,111.971306,109.5
DB12-LOGBAK_clean_repeat,228.46167,207.75
DB12-NUHQAK_clean_repeat,195.72069,171.5
DB12-JUJZIZ_clean_repeat,41.33273,42.65625
DB12-UTEXIB_clean_repeat,173.52846,167.875
DB12-DAWBUA_clean_repeat,112.396324,105.9375
DB12-ZARTAP03_clean_repeat,132.0944,131.625
DB12-cm501138g_si_012_clean_repeat,244.15388,226.5
DB12-YIVZIO_clean_repeat,169.71172,167.75
DB12-ZUXPOZ_clean_repeat,132.92313,124.9375
DB12-WULJUJ_clean_repeat,235.4993,237.75
DB12-BONWAD_clean_repeat,107.61485,113.875
DB12-VAZLEP01_clean_repeat,4.489699,10.6875
DB12-OKIPUU_clean_repeat,59.97118,46.96875
DB12-ROQMER03_clean_repeat,121.31667,125.125
DB12-ROQDIM04_clean_repeat,117.396675,109.8125
DB12-XAPCOJ07_clean_repeat,217.9149,215.0
DB12-TEVZUQ_clean_repeat,90.18288,87.9375
DB12-REXFOR_clean_repeat,167.72629,163.375
DB12-BACMOH10_clean_repeat,119.877335,113.25
DB12-CIJVOH01_clean_repeat,234.18782,225.125
DB12-KIHTOL01_clean_repeat,3.977324,8.9765625
DB12-NARVUA_clean_repeat,54.179745,52.65625
DB12-ICOYIK_clean_repeat,103.14361,92.9375
DB12-ESIDOB_clean_repeat,187.66867,188.0
DB12-OWUHOF_clean_repeat,116.3497,104.125
DB12-RESWUI_clean_repeat,91.61587,89.5625
DB12-DUJRAD_clean_repeat,165.61385,162.375
DB12-NIGFIT_clean_repeat,218.94473,220.0
DB12-CUCSAU_clean_repeat,121.96201,117.1875
DB12-OCUNAE_clean_repeat,149.94893,148.875
DB12-ZAVRAR_clean_repeat,161.75885,158.25
DB12-ERUVEU_clean_repeat,0.5161457,-1.5957031
DB12-FOJKIA_clean_repeat,180.67343,180.875
DB12-LUSJEP_clean_repeat,133.10046,131.625
DB12-VUQKAU02_clean_repeat,176.72137,170.5
DB12-LOLVAJ_clean_repeat,57.581463,51.78125
DB12-MINCUJ_clean_repeat,263.70078,234.75
DB12-ZAVQIY_clean_repeat,162.08241,149.875
DB12-GOYYAW_clean_repeat,82.32829,81.375
DB12-MOXKAN_clean_repeat,88.97398,74.9375
DB12-LOTDIJ_clean_repeat,129.29602,126.25
DB12-FIJDIM05_clean_repeat,140.14638,144.5
DB12-YUKWOS_clean_repeat,66.603584,71.0625
DB12-NIMPOQ_clean_repeat,253.8223,250.5
DB12-OCAWAT_clean_repeat,127.5542,128.75
DB12-ORIVUI_clean_repeat,238.84433,222.875
DB12-HOGQIF_clean_repeat,38.350315,27.0
DB12-LIFWOO_clean_repeat,132.29294,131.0
DB12-FEFCUQ_clean_repeat,227.27327,219.0
DB12-KUJMEJ_clean_repeat,218.54797,197.125
DB12-GIXNAE_clean_repeat,209.57446,224.125
DB12-DAWWEF_clean_repeat,197.62538,171.75
DB12-c6cc02494g_c6cc02494g6_clean_repeat,207.11385,196.625
DB12-VAMPUX_clean_repeat,235.88657,226.125
DB12-ADABIS_clean_repeat,66.91241,55.0625
DB12-MATVIN_clean_repeat,95.3724,81.6875
DB12-XAGCIS01_clean_repeat,106.64236,106.4375
DB12-KOMGUP_clean_repeat,98.80562,106.9375
DB12-BAKLIK_clean_repeat,49.281208,46.03125
DB12-EDOYOL_clean_repeat,113.414,132.25
DB12-FOQPAE_clean_repeat,131.258,125.25
DB12-INARUM_clean_repeat,134.59393,133.125
DB12-GUBKUL_clean_repeat,164.25668,140.75
DB12-GUXLIU_clean_repeat,149.46172,149.375
DB12-DIMJUG_clean_repeat,84.725525,80.875
DB12-IPOWOA_clean_repeat,37.954243,27.828125
DB12-IHILUI_clean_repeat,77.38743,91.4375
DB12-XEDGIY_clean_repeat,177.29045,149.875
DB12-KAYBIX_clean_repeat,159.45422,154.5
DB12-acscombsci.5b00188_5020072_clean_repeat,195.79463,213.5
DB12-GUBVUU_clean_repeat,195.06784,192.125
DB12-NIZZOM_clean_repeat,211.74326,214.625
DB12-PEGQAV_clean_repeat,67.26852,63.96875
DB12-KASPOL_clean_repeat,113.57944,116.0
DB12-PANYEL_clean_repeat,74.02444,80.5
DB12-VUZVER_clean_repeat,138.57396,144.5
DB12-ZERNUH_clean_repeat,71.598404,58.125
DB12-NAQQON_clean_repeat,214.86916,212.375
DB12-SAJJOF_clean_repeat,127.58318,140.5
DB12-ODODES_clean_repeat,180.88954,204.125
DB12-BEYKEX_clean_repeat,161.93288,151.5
DB12-TISJOW_clean_repeat,31.61091,41.125
DB12-WEYQAU14_clean_repeat,191.40297,199.625
DB12-NIKZEN02_clean_repeat,86.87572,87.6875
DB12-WUDTOG_clean_repeat,107.58243,100.1875
DB12-BEPMAM_clean_repeat,177.00531,163.25
DB12-NEDVUP_clean_repeat,209.41025,213.5
DB12-AQEQES_clean_repeat,185.69255,194.375
DB12-CENJIQ_clean_repeat,170.34203,151.875
DB12-TEJBAN_clean_repeat,76.676704,74.875
DB12-LEPLEZ02_clean_repeat,3.1537325,-1.515625
DB12-JIXWUJ02_clean_repeat,86.81871,77.375
DB12-MOJNAC_clean_repeat,134.7085,127.125
DB12-QETSOY_clean_repeat,84.61739,95.125
DB12-LITCOI_clean_repeat,217.16837,215.375
DB12-HAJYEZ_clean_repeat,105.34046,103.625
DB12-cg501560z_si_002_clean_repeat,175.26935,171.875
DB12-OPENON_clean_repeat,82.782036,77.1875
DB12-GADFAV_clean_repeat,115.83141,111.4375
DB12-OFUCAV_clean_repeat,138.03741,124.375
DB12-CIWRIK_clean_repeat,196.59366,193.0
DB12-PIDMEV01_clean_repeat,194.58565,188.0
DB12-SESDEA_clean_repeat,2.9201791,1.5634766
DB12-VANNIK_clean_repeat,224.35805,246.5
DB12-HOVJIN_clean_repeat,57.250576,59.53125
DB12-BUVYIB_clean_repeat,233.51724,220.0
DB12-WURKEB_clean_repeat,183.10646,184.625
DB12-VAHJIA_clean_repeat,132.90054,116.5625
DB12-NOCLOH03_clean_repeat,138.33693,148.125
DB12-FIFMIS01_clean_repeat,111.5026,101.6875
DB12-KAPHAL_clean_repeat,1.4832773,3.8652344
DB12-GONTAG_clean_repeat,198.1857,155.375
DB12-ROQVIE_clean_repeat,218.99315,222.875
DB12-COXHED_clean_repeat,173.37054,199.0
DB12-RABHAZ_clean_repeat,171.50313,172.0
DB12-QEKLID_clean_repeat,144.89452,145.25
DB12-IXAMAW_clean_repeat,145.67358,149.625
DB12-JOGBIR_clean_repeat,34.846966,50.59375
DB12-OVIZUP_clean_repeat,50.706337,47.9375
DB12-TERFUT_clean_repeat,234.73717,214.25
DB12-DANFUW_clean_repeat,97.27546,79.375
DB12-CIDKUX_clean_repeat,181.13458,185.5
DB12-GOJDOZ_clean_repeat,143.34094,136.25
DB12-ATUYAR_clean_repeat,121.84099,111.75
DB12-WOPSOL01_clean_repeat,233.5781,214.75
DB12-TURDUH_clean_repeat,162.89279,154.25
DB12-ZOZSEO_clean_repeat,25.71353,10.484375
DB12-VEDFIV_clean_repeat,169.00671,179.5
DB12-XAPCOH_clean_repeat,197.05489,204.0
DB12-HOBGEL_clean_repeat,139.80008,132.25
DB12-IJEVEA_clean_repeat,111.58116,118.75
DB12-WEMFIF_clean_repeat,186.16235,173.5
DB12-JUJTAL_clean_repeat,163.11748,155.125
DB12-ANUGEW_clean_repeat,238.05817,240.625
DB12-DORFUM_clean_repeat,122.79887,113.25
DB12-WEHHIC_clean_repeat,253.85783,232.5
DB12-j.jssc.2016.09.008_mmc7_clean_repeat,126.65268,128.0
DB12-DIBPIP_clean_repeat,134.66959,126.4375
DB12-IYEQUA_clean_repeat,69.32689,75.4375
DB12-AVEQID_clean_repeat,251.48395,232.375
DB12-JIXWUJ01_clean_repeat,87.2877,80.8125
DB12-MIHLEV_clean_repeat,89.575554,102.0625
DB12-HOYRIY_clean_repeat,174.9111,159.875
DB12-DOQHEX_clean_repeat,133.26628,115.625
DB12-GAWMOJ_clean_repeat,225.90567,229.875
DB12-DAGDIZ_clean_repeat,167.72137,152.25
DB12-EDATOT_clean_repeat,173.53586,172.5
DB12-XAWVUN_clean_repeat,245.59302,259.0
DB12-WODQUD_clean_repeat,2.6337316,6.1835938
DB12-ic300665a_si_002_clean_repeat,156.16815,133.5
DB12-ZOYKAB_clean_repeat,108.334724,99.8125
DB12-OJAKOA_clean_repeat,65.88816,64.625
DB12-REWSUJ_clean_repeat,151.04237,149.125
DB12-TEWGEJ01_clean_repeat,76.50477,71.125
DB12-HAJMEL_clean_repeat,39.88367,36.4375
DB12-VIYZIO_clean_repeat,86.33367,78.3125
DB12-UMOBEF09_clean_repeat,228.52104,213.625
DB12-GEDQOX_clean_repeat,214.45331,226.5
DB12-PECLEP_clean_repeat,125.96267,116.25
DB12-LUBNAZ_clean_repeat,200.52419,209.625
DB12-CAZFOA_clean_repeat,65.10371,87.1875
DB12-SEFVEG02_clean_repeat,184.8104,183.375
DB12-EVUQOC_clean_repeat,123.86758,135.375
DB12-UMODEH10_clean_repeat,225.45213,233.375
DB12-ZAXWAY_clean_repeat,86.22022,79.8125
DB12-HGCNCO_clean_repeat,128.45546,128.5
DB12-YANBAR02_clean_repeat,87.984726,87.25
DB12-XAPDEY_clean_repeat,200.61781,197.5
DB12-EDIKEH_clean_repeat,60.09622,82.3125
DB12-COKMOG_clean_repeat,220.627,216.0
DB12-ASALOV_clean_repeat,76.904205,106.0625
DB12-EFEGOM_clean_repeat,154.566,141.125
DB12-FECXES_clean_repeat,245.98473,260.25
DB12-NOPJOT_clean_repeat,201.36313,205.75
DB12-FUVDEH06_clean_repeat,46.206554,38.125
DB12-SOPLOA_clean_repeat,222.976,222.625
DB12-XADDOX_clean_repeat,171.6694,169.25
DB12-NIMVEL_clean_repeat,0.00014944053,0.29174805
DB12-RAZYIC_clean_repeat,210.22902,202.125
DB12-SEHZUB_clean_repeat,141.48518,146.5
DB12-GUWDUY_clean_repeat,154.06958,163.125
DB12-CAXWEF_clean_repeat,229.8684,218.625
DB12-NIYJAI_clean_repeat,113.637344,111.8125
DB12-MATPOP_clean_repeat,172.09244,163.875
DB12-WUSGOI_clean_repeat,115.27272,121.5
DB12-DADPEG_clean_repeat,154.10379,147.0
DB12-GAMTOE_clean_repeat,46.584785,44.25
DB12-GAXGOD_clean_repeat,58.95395,67.5625
DB12-NUBPIL_clean_repeat,243.34085,249.75
DB12-MAYPIM_clean_repeat,76.47905,65.625
DB12-MUXHUI01_clean_repeat,0.9577778,2.2363281
DB12-COKMIA_clean_repeat,232.06548,246.625
DB12-CUVTUJ_clean_repeat,231.7105,245.0
DB12-BACGAQ_clean_repeat,108.36014,94.5625
DB12-HASMIZ_clean_repeat,218.44809,211.625
DB12-RANPAA_clean_repeat,205.81125,179.25
DB12-YEGHIC_clean_repeat,80.43769,81.375
DB12-NIKZAJ01_clean_repeat,89.844086,93.75
DB12-EXEQAA_clean_repeat,210.12032,218.25
DB12-KIPKEB_clean_repeat,77.97847,59.25
DB12-XEJJIG_clean_repeat,51.6996,67.0625
DB12-KECRAL_clean_repeat,146.73276,152.5
DB12-QADWEA_clean_repeat,121.062195,117.8125
DB12-XARPAK_clean_repeat,194.19814,177.75
DB12-QIVJAG_clean_repeat,184.06102,185.0
DB12-JUJZEV_clean_repeat,78.199524,74.25
DB12-HOWSIX_clean_repeat,186.42241,176.0
DB12-VUSKEA_clean_repeat,239.9644,226.375
DB12-ZIMLIS_clean_repeat,213.79807,231.125
DB12-CISLUN_clean_repeat,178.60437,153.875
DB12-IZEQUB_clean_repeat,186.52933,186.75
DB12-HUJGEA_clean_repeat,243.75279,226.875
DB12-VIXPUP01_clean_repeat,248.16043,257.25
DB12-RUWWOW01_clean_repeat,139.80304,133.375
DB12-ETEJOD_clean_repeat,206.13942,192.875
DB12-GIHPAQ_clean_repeat,108.05162,106.625
DB12-OHAKEO_clean_repeat,116.867714,104.1875
DB12-PASNAA01_clean_repeat,156.00752,150.125
DB12-OBIBOT_clean_repeat,160.61983,138.75
DB12-USUBUG_clean_repeat,193.51363,172.875
DB12-QEKLID01_clean_repeat,143.82611,131.375
DB12-KALFOU_clean_repeat,205.3005,204.5
DB12-jz4002345_si_005_clean_repeat,160.11972,148.625
DB12-NUDMOQ_clean_repeat,149.50067,139.125
DB12-GEDDAW_clean_repeat,212.9591,216.25
DB12-KESGAS_clean_repeat,110.62157,114.0
DB12-NERMON_clean_repeat,73.191284,67.3125
DB12-XUGROI_clean_repeat,242.51411,242.5
DB12-VUNNEZ_clean_repeat,92.24553,96.1875
DB12-ERULEK_clean_repeat,225.00056,203.875
DB12-ORUKOD_clean_repeat,99.075714,87.0
DB12-XUKLAS_clean_repeat,111.54996,83.25
DB12-ZUVTEP_clean_repeat,99.07892,105.375
DB12-VUHNET_clean_repeat,176.61404,174.375
DB12-OTATOT_clean_repeat,148.05142,131.0
DB12-WABWEC_clean_repeat,184.72673,166.625
DB12-FEFZOF_clean_repeat,150.16634,135.75
DB12-GOBSUM_clean_repeat,181.76338,170.125
DB12-ADAVIM_clean_repeat,229.54066,216.75
DB12-DOHYIJ_clean_repeat,69.115776,62.03125
DB12-BEPLUF_clean_repeat,178.28287,169.0
DB12-ENISOK_clean_repeat,184.18459,176.625
DB12-ORAJEX_clean_repeat,38.941395,46.21875
DB12-MIYGIL_clean_repeat,1.615601,0.37841797
DB12-KAHKUB_clean_repeat,155.79585,154.375
DB12-KITVEQ_clean_repeat,110.08263,112.4375
DB12-ic049498msi20040906_121120_clean_repeat,120.3091,116.5
DB12-QQQGTA03_clean_repeat,67.380104,57.84375
DB12-FAFMAC_clean_repeat,131.95558,115.875
DB12-AVESAW_clean_repeat,63.179195,32.03125
DB12-CAKYEU_clean_repeat,116.65544,102.8125
DB12-OPENUT_clean_repeat,159.14217,160.875
DB12-QOZDOY_clean_repeat,132.22649,122.875
DB12-EPUXET_clean_repeat,102.79947,82.5
DB12-WAXHUB_clean_repeat,202.58041,183.125
DB12-KAVNIH_clean_repeat,142.00298,120.6875
DB12-FUTYUQ_clean_repeat,228.33073,245.5
DB12-PUZLUS_clean_repeat,231.22993,227.25
DB12-LULXAS_clean_repeat,141.84448,111.125
DB12-ZEDROR_clean_repeat,166.18323,138.125
DB12-YUKWUY_clean_repeat,66.552376,62.5625
DB12-TORJIV_clean_repeat,147.70386,150.375
DB12-jacs.5b12516_ja5b12516_si_003_clean_repeat,180.50656,174.0
DB12-HOJNIF_clean_repeat,89.28098,66.3125
DB12-cm1008587_si_003_clean_repeat,155.0121,141.125
DB12-ILIMOH_clean_repeat,115.28028,95.0625
DB12-NAKLIW_clean_repeat,204.33655,190.125
DB12-FALDAA_clean_repeat,161.14626,159.25
DB12-YUZRAO_clean_repeat,160.63608,149.125
DB12-RAVCOI_clean_repeat,79.90081,78.5
DB12-XUYXAR_clean_repeat,104.867836,84.3125
DB12-DOJXUW_clean_repeat,80.43444,86.5625
DB12-BEPREV01_clean_repeat,228.95744,236.25
DB12-RASXIT_clean_repeat,76.131775,63.46875
DB12-YICREI_clean_repeat,167.1625,170.75
DB12-SEFWAD_clean_repeat,188.76787,167.25
DB12-QULMIU_clean_repeat,162.9257,148.0
DB12-UMOVEZ01_clean_repeat,255.65585,262.25
DB12-ic500323r_si_001_clean_repeat,102.70245,104.0
DB12-IGINIX01_clean_repeat,176.07613,179.5
DB12-IZIKEJ_clean_repeat,151.84319,139.125
DB12-ZIJVOF02_clean_repeat,144.83093,132.875
DB12-VIXGEQ_clean_repeat,56.234936,54.1875
DB12-QADKAH_clean_repeat,146.78018,131.75
DB12-BIRMUM_clean_repeat,58.483513,33.75
DB12-QIVZEC_clean_repeat,90.27436,93.375
DB12-QUDJOP_clean_repeat,168.27144,152.75
DB12-AFOVEX_clean_repeat,204.59535,191.25
DB12-XITYOP_clean_repeat,239.13094,226.0
DB12-ROQMER02_clean_repeat,122.86511,118.3125
DB12-DANVEU_clean_repeat,117.40659,119.9375
DB12-RAVVUH_clean_repeat,238.99248,227.75
DB12-ROQMER_clean_repeat,124.66009,124.125
DB12-SIKYER_clean_repeat,226.50294,204.375
DB12-LORROB_clean_repeat,108.97815,101.875
DB12-IQEKOG_clean_repeat,213.08981,213.125
DB12-TETZEZ_clean_repeat,220.4376,219.625
DB12-XUWTAK_clean_repeat,149.73657,121.5
DB12-DEBGIA_clean_repeat,118.80619,101.75
DB12-PEGCEL_clean_repeat,96.93948,92.125
DB12-ZIYPUU_clean_repeat,119.65822,108.3125
DB12-SAQQIL_clean_repeat,237.83467,234.5
DB12-UMUBAH_clean_repeat,257.1413,261.5
DB12-RAVXAP_clean_repeat,150.07777,139.5
DB12-VISTOG_clean_repeat,77.417145,86.375
DB12-CEHWIX_clean_repeat,147.49458,135.75
DB12-PEQRUZ_clean_repeat,125.542755,125.3125
DB12-GELJAJ_clean_repeat,87.52146,75.8125
DB12-JETNOL_clean_repeat,93.564415,73.8125
DB12-IDIWUN_clean_repeat,224.20251,222.5
DB12-OTUXUX_clean_repeat,126.118904,124.0
DB12-TUPDOZ_clean_repeat,109.1394,105.875
DB12-CUZBUW_clean_repeat,160.08386,157.375
DB12-LUSJIT_clean_repeat,132.17162,121.1875
DB12-LUMZAW_clean_repeat,199.90411,199.125
DB12-KIQKOK_clean_repeat,80.432785,75.375
DB12-TOJVIZ_clean_repeat,1.3941307,-0.98046875
DB12-LAGNOY_clean_repeat,194.20341,169.0
DB12-ZAVQEU_clean_repeat,162.00954,162.5
DB12-CIGYAU_clean_repeat,36.940525,24.265625
DB12-WAMRIN01_clean_repeat,199.62897,189.0
DB12-SUJNUH_clean_repeat,117.23614,99.125
DB12-DALTAO_clean_repeat,146.45975,142.375
DB12-DAPBED_clean_repeat,244.67783,232.125
DB12-BOTLED_clean_repeat,0.016281167,-4.359375
DB12-PEWFII_clean_repeat,119.79503,103.6875
DB12-BIQVII_clean_repeat,105.89887,93.4375
DB12-AQUCOG_clean_repeat,231.41354,233.75
DB12-PEWLUA_clean_repeat,253.63112,268.5
DB12-USAWIW_clean_repeat,192.62065,180.375
DB12-YAVVUP_clean_repeat,147.76884,135.25
DB12-WUXLEI_clean_repeat,87.50551,73.625
DB12-YUMFES_clean_repeat,70.14598,47.3125
DB12-COKQAW_clean_repeat,207.82068,202.625
DB12-WECFAN01_clean_repeat,84.08876,78.8125
DB12-WEYQAU05_clean_repeat,192.50659,175.875
DB12-XUNGUJ_clean_repeat,121.20068,107.875
DB12-PEGQID_clean_repeat,76.01681,76.4375
DB12-NUDNEH_clean_repeat,148.08582,141.25
DB12-MOSBIG_clean_repeat,168.45195,142.875
DB12-NIHBIQ_clean_repeat,87.21676,91.8125
DB12-BEPPOD_clean_repeat,165.4187,149.625
DB12-OHAZAZ_clean_repeat,175.51279,157.625
DB12-RORRIB_clean_repeat,151.22585,135.625
DB12-HOXSUK_clean_repeat,175.71138,149.625
DB12-RUWZIU_clean_repeat,104.29952,101.4375
DB12-NIMPEG01_clean_repeat,257.11093,260.5
DB12-DOYBUQ_clean_repeat,151.60982,146.0
DB12-BEPVEZ_clean_repeat,95.49519,92.5625
DB12-OFEREX_clean_repeat,192.1523,177.5
DB12-BOCTOE05_clean_repeat,113.194885,101.6875
DB12-WECBOX_clean_repeat,132.03119,122.0
DB12-UQOGAK_clean_repeat,183.06758,169.5
DB12-HUDWUA_clean_repeat,157.93484,150.25
DB12-TONMEQ_clean_repeat,112.50611,104.4375
DB12-UJAQEC_clean_repeat,192.71889,187.875
DB12-ADABUE_clean_repeat,59.292313,50.4375
DB12-XAFBEN_clean_repeat,191.86229,185.0
DB12-KUNWEW_clean_repeat,84.66736,69.4375
DB12-VIZQEC_clean_repeat,131.75209,102.875
DB12-LELMIA_clean_repeat,150.63612,134.625
DB12-QETCUO_clean_repeat,170.75829,160.375
DB12-JOFKIA_clean_repeat,111.72429,105.875
DB12-BUVYEX_clean_repeat,99.35467,90.9375
DB12-PUQYAC_clean_repeat,59.060898,47.53125
DB12-YAVZUT_clean_repeat,231.75754,220.5
DB12-SEHSOO_clean_repeat,218.30505,184.75
DB12-LAWGIA_clean_repeat,235.97205,216.625
DB12-ROQDIM01_clean_repeat,120.55612,95.625
DB12-YANBAR_clean_repeat,89.06301,87.4375
DB12-ic403134c_si_002_clean_repeat,107.24728,103.625
DB12-XAPTUE_clean_repeat,189.00671,170.875
DB12-ELILIV_clean_repeat,138.85606,127.875
DB12-SUKYIH_clean_repeat,239.06065,236.125
DB12-SARHEA_clean_repeat,233.26993,207.0
DB12-DANROC_clean_repeat,126.24776,112.625
DB12-HEMTEZ_clean_repeat,157.30518,141.875
DB12-MAKXAZ_clean_repeat,114.73654,94.75
DB12-LEQQAA_clean_repeat,216.55452,210.375
DB12-ABAYIO_clean_repeat,195.58249,185.25
DB12-CISMEY01_clean_repeat,13.660955,2.0488281
DB12-REXFAD_clean_repeat,174.99728,161.75
DB12-HAKTOF_clean_repeat,190.02815,180.75
DB12-LADHEF_clean_repeat,180.04756,167.25
DB12-EZESAF_clean_repeat,98.25677,64.8125
DB12-ja302340b_si_002_clean_repeat,179.4445,163.75
DB12-UMOVID_clean_repeat,254.70348,239.375
DB12-IYODAD_clean_repeat,176.94595,159.875
DB12-UMODEH21_clean_repeat,253.24434,246.875
DB12-JOGHIY_clean_repeat,206.36583,192.25
DB12-DOQGUM_clean_repeat,131.56967,131.0
DB12-JAKBOP01_clean_repeat,159.37958,159.375
DB12-LEDHEJ_clean_repeat,87.01413,62.40625
DB12-BIQHEQ_clean_repeat,166.13716,152.75
DB12-LIKFOB_clean_repeat,135.84163,119.25
DB12-FOHSAW01_clean_repeat,88.26908,64.875
DB12-QUPDEL_clean_repeat,148.67796,135.75
DB12-ZELQAK_clean_repeat,246.22986,251.125
DB12-NELWIL_clean_repeat,1.6219661,-0.82421875
DB12-ACAJIZ_clean_repeat,106.709724,90.4375
DB12-UKUCAF_clean_repeat,147.88602,136.0
DB12-VOQWUV_clean_repeat,46.928963,34.875
DB12-RIYWED_clean_repeat,78.66154,71.25
DB12-XAPSIS_clean_repeat,181.54248,190.125
DB12-WEBREC_clean_repeat,115.742874,94.8125
DB12-DIBPAH_clean_repeat,170.05504,163.125
DB12-EDAVOV_clean_repeat,41.0484,43.875
DB12-QOZPIG_clean_repeat,176.31467,162.375
DB12-IPIJUM_clean_repeat,143.77536,124.0625
DB12-DOQHAT_clean_repeat,133.58931,135.875
DB12-KEDJAG08_clean_repeat,200.24745,186.5
DB12-ROQDIM_clean_repeat,121.56627,106.4375
DB12-FUWYAY_clean_repeat,93.820496,80.375
DB12-GEGGIK01_clean_repeat,116.18135,107.25
DB12-WIDZOA_clean_repeat,69.1729,69.5
DB12-NIGBOW_clean_repeat,244.84108,234.875
DB12-AQUDIB_clean_repeat,228.95233,220.75
DB12-MIMVEJ_clean_repeat,158.50374,158.625
DB12-IXEJOM_clean_repeat,234.00616,215.375
DB12-WUZDOL_clean_repeat,155.1712,134.375
DB12-XACSIG_clean_repeat,98.93816,83.4375
DB12-UMEXUF01_clean_repeat,155.23827,149.875
DB12-WOJZAY_clean_repeat,199.04053,180.5
DB12-IWOSAP_clean_repeat,75.099495,68.875
DB12-YEGTEK_clean_repeat,91.98633,72.625
DB12-RIGVOU_clean_repeat,85.240944,69.5
DB12-OPURIB_clean_repeat,44.600544,32.25
DB12-NOHFOG_clean_repeat,152.53883,152.25
DB12-WAGLEY_clean_repeat,65.25937,56.375
DB12-COKQEA_clean_repeat,231.31007,222.625
DB12-QOQWOK_clean_repeat,194.39714,182.375
DB12-LUSHOX04_clean_repeat,143.2893,131.75
DB12-IYUCEM_clean_repeat,171.67476,154.375
DB12-RIPPEN_clean_repeat,81.88306,85.3125
DB12-OJOZOE_clean_repeat,67.44611,68.5
DB12-ic2017598_si_001_clean_h_repeat,233.44965,230.875
DB12-EBEMEE_clean_repeat,69.71085,59.9375
DB12-DOPJAV_clean_repeat,133.51642,132.625
DB12-XALMII_clean_repeat,237.02733,213.0
DB12-QOMSAO_clean_repeat,192.6648,193.625
DB12-HAJLOU_clean_repeat,39.5427,28.75
DB12-QIXSOG01_clean_repeat,181.28207,193.125
DB12-CAYDUD_clean_repeat,59.025322,44.6875
DB12-REZJIR02_clean_repeat,144.27106,134.0
DB12-GACPUX_clean_repeat,188.47243,171.0
DB12-UWUTIQ_clean_repeat,196.46478,195.75
DB12-FIFMOY_clean_repeat,110.715546,89.25
DB12-QAGDIO_clean_repeat,238.32779,233.375
DB12-OQIZUL_clean_repeat,243.76025,218.25
DB12-QOJVAM_clean_repeat,193.13307,182.25
DB12-KEDJAG18_clean_repeat,200.85384,199.75
DB12-JAJLEO_clean_repeat,100.64746,89.375
DB12-APEBEE_clean_repeat,130.82932,103.0625
DB12-LAWGEW_clean_repeat,236.7264,224.375
DB12-SOZGIZ_clean_repeat,238.68471,230.25
DB12-FAGREM_clean_repeat,187.78056,171.625
DB12-LARPEC_clean_repeat,205.40799,194.25
DB12-UKIQOV_clean_repeat,243.22643,241.875
DB12-KOSKIO_clean_repeat,215.11685,210.875
DB12-SIBMIB_clean_repeat,11.417762,2.1640625
DB12-PENZUE_clean_repeat,52.573673,35.75
DB12-JAKBUV_clean_repeat,141.0066,140.125
DB12-ZAVPOD_clean_repeat,161.81966,163.375
DB12-QUVFET_clean_repeat,101.26856,93.6875
DB12-REWNEO01_clean_repeat,256.13547,222.5
DB12-PEGBUA_clean_repeat,77.77159,81.8125
DB12-LUFNAC05_clean_repeat,199.12416,214.625
DB12-DEZKEA_clean_repeat,18.156792,16.3125
DB12-GULWOA_clean_repeat,177.145,186.5
DB12-OQOJUB_clean_repeat,98.218544,87.25
DB12-HAZSIL_clean_repeat,218.75511,211.0
DB12-ODERIZ_clean_repeat,115.458176,123.4375
DB12-UMODEH03_clean_repeat,254.52336,275.75
DB12-j.inoche.2015.03.054_CIFs_clean_repeat,237.20915,254.0
DB12-LIWFUS_clean_repeat,130.09236,132.875
DB12-OCUSUB_clean_repeat,136.69533,134.375
DB12-UNABUH01_clean_repeat,99.88536,124.0625
DB12-XINWUO_clean_repeat,175.50494,187.625
DB12-IKETOI_clean_repeat,143.96712,139.75
DB12-SERJUV_clean_repeat,159.08047,155.625
DB12-VIPXUO_clean_repeat,74.16494,90.0
DB12-OCUMIL_clean_repeat,146.8498,146.75
DB12-BOXYIY_clean_repeat,116.79913,107.8125
DB12-FUVDEH07_clean_repeat,45.821564,49.6875
DB12-acs.cgd.5b01686_WAHFUJ1434675_clean_repeat,131.12343,126.875
DB12-GELVID01_clean_repeat,70.57333,92.0625
DB12-AWAGOV_clean_repeat,115.16809,115.5625
DB12-MOMJIJ_clean_repeat,54.16544,62.0625
DB12-IKEBUV01_clean_repeat,183.7368,181.5
DB12-NAPZUB_clean_repeat,118.86024,106.25
DB12-BOJCIN_clean_repeat,98.39957,97.1875
DB12-ULUPUM01_clean_repeat,3.897452,0.42700195
DB12-SOHMIM_clean_repeat,203.64108,216.875
DB12-EWESAC_clean_repeat,92.23649,110.9375
DB12-TIKMUW_clean_repeat,101.57615,113.4375
DB12-ACIBIY_clean_repeat,88.05299,92.5625
DB12-FORPOS_clean_repeat,208.99498,203.0
DB12-FURFOP_clean_repeat,124.11648,141.125
DB12-HAZGOF03_clean_h_repeat,74.34292,71.6875
DB12-JAVNIE_clean_repeat,218.15439,216.125
DB12-MIHLIZ_clean_repeat,78.01357,81.4375
DB12-CABJOH_clean_repeat,208.68109,201.25
DB12-TAJXIO01_clean_repeat,30.408186,22.859375
DB12-EVUPOC_clean_repeat,164.14989,163.25
DB12-VODPOU_clean_repeat,58.66869,56.65625
DB12-OWIHUZ_clean_repeat,224.59251,221.25
DB12-HABKOM_clean_repeat,141.12263,153.75
DB12-NOQKUB_clean_repeat,188.17612,192.875
DB12-KOPXOE_clean_repeat,31.584793,24.625
DB12-XOPLOE_clean_repeat,199.06564,209.875
DB12-KANMIX_clean_repeat,197.89815,197.125
DB12-EPONAA_clean_repeat,131.64888,129.0
DB12-XAKZAL_clean_repeat,133.63068,139.25
DB12-WODROY_clean_repeat,84.633606,97.0625
DB12-GOYXID_clean_repeat,81.59394,79.375
DB12-JOVXEZ_clean_repeat,172.18745,152.625
DB12-VINHOR_clean_repeat,158.92154,163.625
DB12-BUSNAF_clean_repeat,109.32929,116.375
DB12-LEQQEE_clean_repeat,142.89528,145.5
DB12-MAJHOW_clean_repeat,105.13028,104.0625
DB12-jacs.6b01663_ja6b01663_si_003_clean_repeat,173.52821,188.625
DB12-BUVYIB01_clean_repeat,236.52483,236.0
DB12-SOHMEI_clean_repeat,210.31935,206.0
DB12-ALURAB_clean_repeat,158.27115,154.5
DB12-TORXIJ_clean_repeat,162.37865,186.375
DB12-QOWRAV05_clean_repeat,242.76219,238.625
DB12-HIJSOK_clean_repeat,149.43517,169.0
DB12-GIHPEU_clean_repeat,111.15146,108.6875
DB12-CUFGUH_clean_repeat,27.078703,31.796875
DB12-FURSES_clean_repeat,116.606316,141.125
DB12-HEBTEP_clean_repeat,102.98975,115.75
DB12-cm503311x_F-mil-53-Al-lp-ortho_clean_repeat,245.25262,219.625
DB12-GUMDEZ_clean_repeat,129.758,140.75
DB12-FECYIX_clean_repeat,31.249666,19.609375
DB12-YULBAJ_clean_repeat,143.9929,169.75
DB12-JUYROM_clean_repeat,212.95685,225.0
DB12-QOKCID_clean_repeat,57.769596,69.0625
DB12-HOJNUR01_clean_repeat,78.27058,84.875
DB12-SIVGOV_clean_repeat,156.59102,176.875
DB12-KOMJED_clean_repeat,32.7575,41.5625
DB12-TAKGOE_clean_repeat,149.64642,137.25
DB12-POJTUE_clean_repeat,0.0008250854,-1.3076172
DB12-ICAROV_clean_repeat,247.9232,245.375
DB12-PEMRIK_clean_repeat,155.07175,142.25
DB12-XISPEW01_clean_repeat,208.25809,199.875
DB12-BUSQUC_clean_repeat,43.253784,53.78125
DB12-NURMUJ_clean_repeat,202.99901,212.0
DB12-SODQOT_clean_repeat,208.08238,218.0
DB12-CUVGIK_clean_repeat,151.57108,170.25
DB12-AMAFOK_clean_repeat,93.01368,94.5
DB12-CABQEB_clean_repeat,26.873398,31.4375
DB12-YEBKOG_clean_repeat,63.98122,78.4375
DB12-GONNAA_clean_repeat,212.51459,222.75
DB12-YOCSEQ_clean_repeat,99.51506,110.375
DB12-VIXGAM01_clean_repeat,56.416294,53.375
DB12-SIPVOD_clean_repeat,20.450071,31.921875
DB12-KOJZIT_clean_repeat,227.93619,238.375
DB12-SOCNAB_clean_repeat,106.38382,97.5625
DB12-WEYQAU13_clean_repeat,194.83894,187.375
DB12-ROQFUA02_clean_repeat,105.86956,112.25
DB12-RUFMUA_clean_repeat,119.855865,119.5625
DB12-ic402058f_si_005_clean_repeat,108.94193,120.0
DB12-CODSUL_clean_repeat,93.81527,94.0
DB12-WEHHUO_clean_repeat,257.22424,263.0
DB12-YAZYEF_clean_repeat,31.356852,61.34375
DB12-PUDSOX_clean_repeat,204.51764,199.25
DB12-QUSRIH_clean_repeat,150.3135,153.125
DB12-DADNUU_clean_repeat,141.51828,127.4375
DB12-NACYOG_clean_repeat,124.77792,114.6875
DB12-MAYXUG_clean_repeat,62.228977,58.90625
DB12-IXODUV_clean_repeat,204.02989,216.25
DB12-XUNSEG_clean_repeat,111.23451,106.0625
DB12-ENUCOG_clean_repeat,70.34034,72.75
DB12-BONWIL_clean_repeat,31.347004,53.125
DB12-SUKREX_clean_repeat,101.37682,103.9375
DB12-OYIVIC_clean_repeat,153.06339,154.875
DB12-UMOBEF01_clean_repeat,254.87352,256.0
DB12-OWIJAH_clean_repeat,224.11972,221.25
DB12-SUVFEU_clean_repeat,17.559809,32.0
DB12-ICIZAV_clean_repeat,54.564007,81.1875
DB12-c6ra27069g_c6ra27069g2_clean_repeat,88.540245,91.125
DB12-OJIWIO_clean_repeat,102.131,100.5
DB12-TORJER_clean_repeat,146.85454,142.375
DB12-TANMIH_clean_repeat,87.1944,80.9375
DB12-NACVUI_clean_repeat,137.75967,145.625
DB12-LULXEW_clean_repeat,73.93235,84.1875
DB12-UFILUR_clean_repeat,100.86166,91.625
DB12-KAHKUB01_clean_repeat,156.8072,154.5
DB12-ROQDIM02_clean_repeat,119.7333,124.5
DB12-MUXJAQ02_clean_repeat,0.44296503,-1.1582031
DB12-XOCGUR_clean_repeat,44.268387,51.28125
DB12-WIYFAM_clean_repeat,229.1226,244.0
DB12-MARNOL_clean_repeat,163.68294,150.75
DB12-JUFREJ_clean_repeat,51.106625,44.65625
DB12-NEJRUR_clean_repeat,152.7726,142.25
DB12-YEMLOS_clean_repeat,0.41828454,-2.3867188
DB12-VEJZEQ_clean_repeat,84.65393,78.3125
DB12-VAQSEO_clean_repeat,59.30677,55.625
DB12-QEBGAH_clean_repeat,153.61848,135.75
DB12-QUDGED_clean_repeat,236.35686,241.5
DB12-RUWZUG_clean_repeat,120.171646,110.8125
DB12-NAHFOU_clean_repeat,105.02469,99.125
DB12-JILWIL_clean_repeat,227.65863,218.5
DB12-BUKYAJ_clean_repeat,139.54907,145.375
DB12-WOGHOP_clean_repeat,121.89499,129.5
DB12-QUVFAP_clean_repeat,103.28016,89.3125
DB12-YEKXOD_clean_repeat,186.48586,180.875
DB12-UMODEH23_clean_repeat,256.84494,278.75
DB12-HOWQAM_clean_repeat,237.6638,220.625
DB12-HIFWAV_clean_repeat,144.46838,147.125
DB12-GAXWAF_clean_repeat,160.51988,164.0
DB12-GIYSUD_clean_repeat,183.56763,180.25
DB12-MUFJAZ_clean_repeat,28.195244,4.8398438
DB12-HIZQEN01_clean_repeat,166.49716,145.625
DB12-EBUQEX_clean_repeat,190.77783,194.375
DB12-SOXDAM_clean_repeat,152.95934,153.75
DB12-ESUMOU01_clean_repeat,0.66121066,1.6054688
DB12-ATIBOU01_clean_repeat,87.8173,77.4375
DB12-KEDJAG04_clean_repeat,199.04366,213.125
DB12-EKIGOW_clean_repeat,89.56163,84.6875
DB12-JILXOS_clean_repeat,75.32496,73.6875
DB12-WEHHOI_clean_repeat,254.67023,235.375
DB12-QAVWAN_clean_repeat,136.99295,151.25
DB12-KAVGAQ_clean_repeat,172.26506,178.75
DB12-BUWMEN_clean_repeat,194.8589,191.0
DB12-LEYLUX_clean_repeat,113.69183,112.5
DB12-OKAYEG_clean_repeat,55.45864,50.0625
DB12-XUNSAC_clean_repeat,116.49063,113.0625
DB12-LUFCAS_clean_repeat,122.82493,121.125
DB12-GEDREO_clean_repeat,123.78111,127.8125
DB12-GUKZAO_clean_repeat,187.13698,176.25
DB12-NATXIR_clean_repeat,74.38502,69.875
DB12-YAZZAC_clean_repeat,86.4504,80.4375
DB12-DACXOV_clean_repeat,91.29208,89.4375
DB12-HAMJOW_clean_repeat,225.16185,210.25
DB12-UMUBOV_clean_repeat,258.50378,232.875
DB12-PUGHIK_clean_repeat,142.89247,145.25
DB12-XAHQAA_clean_repeat,147.35248,155.625
DB12-GARQAU_clean_repeat,129.46529,118.4375
DB12-QIXSOG_clean_repeat,180.65488,172.0
DB12-CANRUG_clean_repeat,203.53459,204.875
DB12-JOVDON_clean_repeat,29.446703,26.84375
DB12-XAHPIH_clean_repeat,209.13618,243.5
DB12-FARFIO_clean_repeat,171.03546,168.625
DB12-OGAGAF_clean_repeat,81.09536,76.375
DB12-OMIPAD_clean_repeat,90.76599,82.75
DB12-DOJXOQ_clean_repeat,80.19918,96.75
DB12-SIVGIP_clean_repeat,155.71141,157.125
DB12-OGESOJ_clean_repeat,94.49275,94.1875
DB12-LAGPAM_clean_repeat,169.95734,157.375
DB12-JUSHIQ_clean_repeat,143.5806,135.875
DB12-YIVZOU_clean_repeat,185.35466,187.125
DB12-ATIBAG_clean_repeat,87.440094,82.5625
DB12-TAJXIO03_clean_repeat,20.299988,19.828125
DB12-XADFAL_clean_repeat,111.47064,115.1875
DB12-FIPXEJ_clean_repeat,115.62898,121.5
DB12-EZUCIM_clean_repeat,183.77902,174.625
DB12-GARTAX_clean_repeat,154.11711,149.125
DB12-DOQRUW_clean_repeat,129.66309,128.5
DB12-RIPKIM_clean_repeat,113.499405,120.75
DB12-FIHXUR_clean_repeat,0.38856605,9.9765625
DB12-ic502921j_si_002_clean_repeat,206.2618,189.75
DB12-HAZGOF02_clean_h_repeat,63.62291,60.84375
DB12-AVAKAL_clean_repeat,173.8899,160.75
DB12-GIRYEN_clean_repeat,49.844044,51.78125
DB12-ZOFZOL_clean_repeat,237.74332,216.25
DB12-ZIMLEO_clean_repeat,213.75342,210.875
DB12-ZOMNUM_clean_repeat,181.8622,196.0
DB12-HAZNON_clean_repeat,82.88342,94.625
DB12-NASROR_clean_repeat,225.70676,224.375
DB12-ENIHUG01_clean_repeat,259.51025,263.75
DB12-AXAWUT_clean_repeat,124.67283,116.1875
DB12-XUPSAE_clean_repeat,241.44182,221.375
DB12-VUCDAA_clean_repeat,112.56217,115.5625
DB12-UMODEH01_clean_repeat,255.44034,252.875
DB12-ROQFUA01_clean_repeat,106.83676,99.375
DB12-EKETUL_clean_repeat,61.865696,59.09375
DB12-IRELAU_clean_repeat,211.76295,203.125
DB12-VUQKAU01_clean_repeat,176.20958,192.625
DB12-FEXCES_clean_repeat,185.81952,191.0
DB12-RODBAP_clean_repeat,218.5129,220.25
DB12-JEXXAM06_clean_repeat,0.0,-1.1328125
DB12-LERNAY01_clean_repeat,101.31526,105.375
DB12-NIZZIG_clean_repeat,209.46791,225.625
DB12-TOXNIF_clean_repeat,239.69191,242.625
DB12-DAWCIP_clean_repeat,202.10097,200.375
DB12-VAQLEG_clean_repeat,123.10199,124.9375
DB12-EXOTOB_clean_repeat,208.19554,209.375
DB12-acs.inorgchem.5b02108_ic5b02108_si_002_clean_repeat,229.43729,231.875
DB12-PUMZAZ_clean_repeat,35.938366,39.40625
DB12-XEDLUN01_clean_repeat,169.65971,156.875
DB12-NUYWEK_clean_repeat,61.937885,63.46875
DB12-XALXUF_clean_repeat,239.36365,229.625
DB12-DALSER_clean_repeat,70.01693,76.75
DB12-ELAZEX_clean_repeat,40.24644,37.96875
DB12-EZABEN_clean_repeat,147.17926,144.5
DB12-YAJXUF_clean_repeat,120.26038,132.75
DB12-LEDPIU_clean_repeat,53.745308,69.3125
DB12-QERWAL_clean_repeat,160.25739,148.125
DB12-XUCSAR01_clean_repeat,118.62534,120.6875
DB12-MUNPER_clean_repeat,195.9392,199.375
DB12-KIYMAI_clean_repeat,175.81438,180.875
DB12-ORAJOH_clean_repeat,37.708496,42.3125
DB12-KIXXOG01_clean_repeat,136.97974,147.625
DB12-OSIXEU_clean_repeat,69.7986,72.375
DB12-KAVTUY_clean_repeat,79.91616,104.8125
DB12-KEJHIQ_clean_h_repeat,157.93562,173.625
DB12-QERZUI01_clean_repeat,105.90478,114.1875
DB12-MAPCUE_clean_repeat,167.64532,157.625
DB12-XEGKAX_clean_repeat,198.62799,197.75
DB12-MOCKEV_clean_repeat,241.74658,237.0
DB12-MULQOA_clean_repeat,184.59702,182.875
DB12-SACDOR_clean_repeat,201.79593,191.125
DB12-PUPNAQ_clean_repeat,30.216997,30.375
DB12-ZOHBEF_clean_repeat,40.487736,56.625
DB12-KEDJAG14_clean_repeat,199.98964,188.0
DB12-LUFQUZ_clean_repeat,164.56113,152.875
DB12-CODSOF_clean_repeat,51.970306,55.6875
DB12-DITJIB_clean_repeat,226.48616,220.0
DB12-QOWRAV06_clean_repeat,242.73946,242.25
DB12-EYOCIG_clean_repeat,219.49142,229.0
DB12-acs.inorgchem.6b00894_ic6b00894_si_002_clean_repeat,143.89246,145.0
DB12-OBEPER_clean_repeat,0.3064073,19.296875
DB12-BALMUW_clean_repeat,2.0920918,1.9970703
DB12-c5dt02374b_c5dt02374b2_clean_repeat,102.536255,108.375
DB12-RUZDAS_clean_repeat,104.39101,105.75
DB12-IYOCOQ_clean_repeat,167.30948,179.5
DB12-TARVOX_clean_repeat,102.3139,118.25
DB12-MUHNAG_clean_repeat,99.33282,114.875
DB12-UXABUR_clean_repeat,34.672455,40.40625
DB12-DODMIT_clean_repeat,182.38722,157.25
DB12-MAHTAR_clean_repeat,118.92062,120.125
DB12-CUYVOI_clean_repeat,66.451164,76.8125
DB12-MOFBIU_clean_repeat,80.806564,78.4375
DB12-WESYAV_clean_repeat,124.243866,127.4375
DB12-COKMUM_clean_repeat,224.09073,232.625
DB12-LUMDEC_clean_repeat,129.71823,119.8125
DB12-MIKDUH_clean_repeat,172.26611,175.875
DB12-AQAJEI_clean_repeat,146.70892,147.125
DB12-SUHHOT_clean_repeat,1.0371209,6.90625
DB12-CIWROQ_clean_repeat,198.42455,202.375
DB12-REGMOH_clean_repeat,92.762375,81.9375
DB12-YINCEF_clean_repeat,148.29912,141.375
DB12-UVUDUM_clean_repeat,101.6829,112.8125
DB12-QUPJAN_clean_repeat,119.480515,120.0625
DB12-EGAGEA_clean_repeat,139.57391,118.625
DB12-LAWFUL_clean_repeat,234.57436,216.375
DB12-LIQDAS_clean_repeat,243.06564,229.0
DB12-WIHCUM_clean_repeat,0.8860816,2.3847656
DB12-PEPLAY_clean_repeat,177.70009,202.75
DB12-LAWFOF_clean_repeat,234.81364,224.125
DB12-IKETUO_clean_repeat,143.42099,145.75
DB12-UMODEH07_clean_repeat,260.05643,262.0
DB12-YOMNIZ_clean_repeat,121.770035,116.8125
DB12-HOVGIK_clean_repeat,150.96458,152.5
DB12-ZUDQUM_clean_repeat,160.8886,178.0
DB12-ULAQEF_clean_repeat,134.59416,150.75
DB12-XOKHAH_clean_repeat,54.538902,63.15625
DB12-ADAXEK_clean_repeat,141.27467,134.5
DB12-TATPOV_clean_repeat,230.04002,235.625
DB12-PUJJEL_clean_repeat,185.99457,189.125
DB12-SIYXIH10_clean_repeat,111.41019,144.0
DB12-MAFZOK_clean_repeat,81.10456,74.125
DB12-XUGWUS_clean_repeat,89.40831,71.6875
DB12-JOFGOC_clean_repeat,72.99959,82.125
DB12-KAJZIH_clean_repeat,135.25365,135.5
DB12-VAKBIU_clean_repeat,193.52573,205.875
DB12-RAZYOI_clean_repeat,221.53107,229.625
DB12-WEMHED_clean_repeat,110.50551,66.8125
DB12-CABDER_clean_repeat,40.954056,45.15625
DB12-CUKXOW_clean_repeat,137.84511,132.125
DB12-QAGQEW_clean_repeat,240.54727,231.625
DB12-GALCAZ_clean_repeat,159.35149,164.625
DB12-JETZAK_clean_repeat,198.2495,202.75
DB12-OMEWUZ_clean_repeat,45.45525,60.0625
DB12-WUDTIA_clean_repeat,111.46665,95.9375
DB12-EBAWIQ_clean_repeat,84.20249,65.5625
DB12-UMODEH08_clean_repeat,242.99059,248.375
DB12-FECYUJ_clean_repeat,213.96666,209.875
DB12-HOWROC_clean_repeat,92.790726,80.875
DB12-ASIVAB_clean_repeat,252.92792,246.75
DB12-PAKXIK_clean_repeat,160.5496,147.125
DB12-BOMCOX_clean_repeat,140.89015,136.0
DB12-NAYXOC_clean_repeat,200.56549,201.625
DB12-EKOPOK_clean_repeat,172.15045,158.875
DB12-WOPSOL_clean_repeat,223.86443,220.5
DB12-PUGFOO_clean_repeat,141.0058,143.625
DB12-XIPHIN_clean_repeat,53.85621,66.875
DB12-CUVGOQ_clean_repeat,159.75809,168.25
DB12-WAVRAO_clean_repeat,232.14836,235.75
DB12-FIRNAX01_clean_repeat,232.3254,238.0
DB12-OKAYAC_clean_repeat,57.76916,61.5625
DB12-YARBAW_clean_repeat,79.11622,90.6875
DB12-CACBUG_clean_repeat,112.9885,109.8125
DB12-RUBDUP_clean_repeat,173.7305,161.125
DB12-WEHJOK_clean_repeat,257.67435,260.0
DB12-MOCJAQ_clean_repeat,3.335711,4.9375
DB12-BUGSOM_clean_repeat,109.65097,103.5
DB12-MOBBOU_clean_repeat,9.776176,9.0
DB12-XALVOY_clean_repeat,0.52326185,9.984375
DB12-XISPEW_clean_repeat,214.65074,205.125
DB12-TUMRAW_clean_repeat,144.47722,126.0625
DB12-ULOMAL_clean_repeat,173.49356,182.875
DB12-VAHJEW_clean_repeat,161.16516,173.25
DB12-REYPIW_clean_repeat,169.3878,153.25
DB12-PENNAZ_clean_repeat,219.32236,221.625
DB12-WEYQAU01_clean_repeat,184.7423,186.625
DB12-CIFMIP_clean_repeat,203.17128,225.875
DB12-HIFVOI_clean_repeat,183.45377,190.375
DB12-ROLZEZ_clean_repeat,175.45161,181.0
DB12-EBAVOV_clean_repeat,125.33119,139.5
DB12-OJIWAG_clean_repeat,198.09755,184.25
DB12-NIJSAC_clean_repeat,42.246254,56.4375
DB12-ja500618z_si_008_clean_repeat,149.42088,138.75
DB12-PARVUB_clean_repeat,19.661451,35.09375
DB12-HOFSUS_clean_repeat,148.33907,169.0
DB12-LAZXOB_clean_repeat,188.46428,190.5
DB12-LIDZUV_clean_repeat,62.536892,58.375
DB12-PEFRUP01_clean_repeat,165.90605,172.75
DB12-USOXEH_clean_repeat,171.6117,173.625
DB12-BAPDAA_clean_repeat,232.72351,211.625
DB12-QUTTII_clean_repeat,151.01985,157.125
DB12-ja512437u_si_004_clean_repeat,148.89809,139.0
DB12-RAXYOF_clean_repeat,85.51544,89.4375
DB12-UXUZAP_clean_repeat,122.13631,124.5625
DB12-QOVWOO01_clean_repeat,0.0,4.9414062
DB12-ARUYES_clean_repeat,165.73071,174.625
DB12-HIHFOV_clean_repeat,115.01331,113.1875
DB12-DACXUB_clean_repeat,94.030495,102.125
DB12-IBICED_clean_repeat,147.39551,154.125
DB12-CDLGLU12_clean_repeat,4.74878,4.6484375
DB12-VIXZUZ_clean_repeat,126.573006,133.125
DB12-BONNIC_clean_repeat,66.57771,68.875
DB12-HOTWUJ_clean_repeat,144.2862,147.75
DB12-REJLIC_clean_repeat,180.75694,173.625
DB12-EQERAU_clean_repeat,223.60886,234.0
DB12-PAMHIW_clean_repeat,210.10786,223.125
DB12-YABHER_clean_repeat,233.26985,223.0
DB12-PIZRUN_clean_repeat,142.52695,128.125
DB12-TISPAO_clean_repeat,209.35715,199.875
DB12-UMUBEL_clean_repeat,258.7155,242.25
DB12-YOPQEB_clean_repeat,70.0765,63.75
DB12-LASWIN_clean_repeat,138.83061,123.625
DB12-BEYSEF_clean_repeat,159.87186,145.375
DB12-AVIMIC_clean_repeat,51.270317,58.21875
DB12-WEFCAN_clean_repeat,190.82407,194.5
DB12-WOWMAY_clean_repeat,2.4979424,6.3515625
DB12-KAVTEI_clean_repeat,166.2411,159.75
DB12-VEJYUF02_clean_repeat,70.5603,79.625
DB12-XEHSIN_clean_repeat,92.01603,98.5625
DB12-RUFMUA01_clean_repeat,131.57971,130.5
DB12-EKIGIQ_clean_repeat,85.38802,81.4375
DB12-SAKDAM_clean_repeat,112.8022,114.3125
DB12-SAKRAZ_clean_repeat,207.17719,206.0
DB12-S2052520616005515_bm5080sup1_clean_repeat,193.84288,210.5
DB12-LAQNID_clean_repeat,254.1984,253.25
DB12-SETQEP_clean_repeat,126.801796,124.875
DB12-ALATAK_clean_repeat,25.178108,27.34375
DB12-QIWDOR_clean_repeat,77.00382,66.75
DB12-ic5011133_si_004_clean_repeat,201.51128,206.875
DB12-VUCCUT_clean_repeat,112.11048,103.5
DB12-cg500091k_si_002_clean_repeat,207.9883,218.625
DB12-cg301725z_si_003_clean_repeat,159.67744,176.75
DB12-YASNAJ_clean_repeat,96.48332,105.75
DB12-COWRIR_clean_repeat,131.84625,143.5
DB12-PUZKOM_clean_repeat,130.2659,121.5
DB12-jp102463p_si_002_clean_repeat,214.66425,210.625
DB12-MACHIJ_clean_repeat,189.39882,177.875
DB12-TAGSEB_clean_repeat,114.220604,113.25
DB12-ORULEU_clean_repeat,126.29565,123.625
DB12-ECORIX_clean_repeat,110.164085,104.625
DB12-ROGLOP_clean_repeat,104.79678,108.3125
DB12-GATHAL_clean_repeat,86.39683,85.6875
DB12-OTEGUR_clean_repeat,227.00945,239.375
DB12-EKARUE_clean_repeat,43.750496,40.15625
DB12-ZURROT_clean_repeat,143.92706,142.875
DB12-APAYUN_clean_repeat,208.85144,214.625
DB12-SUFROA_clean_repeat,174.24178,176.375
DB12-SOJKOT02_clean_repeat,15.869823,12.359375
DB12-JEXXAM_clean_repeat,0.0,3.015625
DB12-KEDQAN_clean_repeat,116.75382,118.25
DB12-JUWBIO_clean_repeat,100.476036,120.9375
DB12-WALCET_clean_repeat,142.31981,130.25
DB12-MIVNUB_clean_repeat,43.935932,37.75
DB12-CODKOX_clean_repeat,4.115905,2.9667969
DB12-MIXBEC_clean_repeat,237.89734,241.125
DB12-XEXMEU_clean_repeat,177.48924,177.375
DB12-EWUGEK_clean_repeat,42.63227,47.3125
DB12-FITJEY_clean_repeat,76.03438,90.4375
DB12-LAGNAK_clean_repeat,196.02573,199.125
DB12-JIXWUJ_clean_repeat,87.522125,101.8125
DB12-KAWBOB_clean_repeat,174.11195,182.25
DB12-SAJKUM_clean_repeat,114.48103,121.3125
DB12-OXAZIX_clean_repeat,58.422237,61.0625
DB12-NUCYER_clean_repeat,69.742004,82.3125
DB12-WAHNIF_clean_repeat,263.1128,268.5
DB12-ZOZKAC_clean_repeat,130.72386,105.6875
DB12-UMODEH12_clean_repeat,223.01382,219.125
DB12-XUGWAZ_clean_repeat,64.18143,65.4375
DB12-XUMVOS_clean_repeat,8.267666,0.8300781
DB12-PIJJOI_clean_repeat,120.203415,119.625
DB12-WEVZUT_clean_repeat,100.35338,100.3125
DB12-QITDEE_clean_repeat,49.034416,59.15625
DB12-LUDVUB_clean_repeat,60.742065,70.4375
DB12-CUYWUP_clean_repeat,217.28871,225.875
DB12-ZIJVOF01_clean_repeat,153.61606,146.0
DB12-PUNSIB_clean_repeat,121.53407,158.75
DB12-FUTDII_clean_repeat,193.81783,203.375
DB12-PURJIW_clean_repeat,199.56859,209.75
DB12-PUGJEI_clean_repeat,139.59117,162.625
DB12-VIFBOD_clean_repeat,157.37117,152.625
DB12-PEQWAK_clean_repeat,152.9742,161.375
DB12-YAGJOI_clean_repeat,163.77202,160.875
DB12-XUMNEA_clean_repeat,93.54299,82.4375
DB12-GELVEZ01_clean_repeat,120.37097,113.5625
DB12-cm503311x_F-mil-53-Al-np_clean_repeat,7.567373e-05,8.828125
DB12-AMUFIZ_clean_repeat,75.05969,79.5625
DB12-MUDTEL_clean_repeat,239.38074,242.875
DB12-QOZPOM_clean_repeat,162.22247,165.625
DB12-BUVWOF03_clean_repeat,101.90586,101.9375
DB12-YUXQIS_clean_repeat,216.04913,225.875
DB12-UMOBEF_clean_repeat,249.72066,268.75
DB12-IQOHUT_clean_repeat,190.85283,213.875
DB12-XANLEE_clean_repeat,230.8523,215.625
DB12-KEDJAG02_clean_repeat,200.41914,187.625
DB12-YEGCUJ_clean_repeat,128.1817,129.125
DB12-BEWWEH_clean_repeat,173.93382,179.125
DB12-AYAWEE_clean_repeat,66.01975,75.125
DB12-NOHHID_clean_repeat,31.85824,21.921875
DB12-CEHLAD_clean_repeat,245.66716,236.5
DB12-AQIXUV_clean_repeat,128.05545,118.75
DB12-VETTOE_clean_repeat,232.42589,248.375
DB12-ja202303b_si_002_clean_repeat,61.555645,56.8125
DB12-POLDOK_clean_repeat,108.15242,118.3125
DB12-MIMKIE_clean_repeat,156.67363,166.625
DB12-INOVEN_clean_repeat,210.44328,215.875
DB12-YOMZIL_clean_repeat,69.42131,74.6875
DB12-RORVAX_clean_repeat,271.3452,273.0
DB12-NAYZOE_clean_repeat,245.35553,243.5
DB12-ZONBAH_clean_repeat,117.06359,119.0625
DB12-AVEMAQ_clean_repeat,176.91573,177.125
DB12-NIHBEM_clean_repeat,88.97495,95.3125
DB12-DAMZEZ_clean_repeat,75.43992,91.25
DB12-WOQTUT_clean_repeat,141.7524,147.0
DB12-LAGWEX_clean_h_repeat,188.98746,189.375
DB12-TEMPEI_clean_repeat,217.93011,224.5
DB12-NIKZAJ_clean_repeat,90.37438,85.375
DB12-SOHGUS_clean_repeat,226.22096,224.75
DB12-XIQHIO_clean_repeat,13.94235,9.3203125
DB12-MAWTUC_clean_repeat,195.78781,182.375
DB12-cm503311x_alf450K_clean_repeat,197.45483,191.875
DB12-ZEZPOL_clean_repeat,138.40067,136.125
DB12-VAMQIM_clean_repeat,233.7198,224.5
DB12-OGECOU_clean_repeat,123.175934,146.375
DB12-RURPEA_clean_repeat,154.86195,165.125
DB12-TASVUG_clean_repeat,176.0729,175.5
DB12-XALCUJ_clean_repeat,133.35196,132.0
DB12-BUXZAX_clean_repeat,194.59566,186.125
DB12-MAPFIS_clean_repeat,162.82164,160.875
DB12-HETZOW_clean_repeat,162.32597,164.375
DB12-LALPIZ_clean_repeat,83.4961,84.9375
DB12-SAJLAT_clean_repeat,112.11998,106.625
DB12-EGATOW_clean_repeat,201.7632,215.25
DB12-SETQAL_clean_repeat,119.06139,121.4375
DB12-OGUPIQ_clean_repeat,118.16417,110.0625
DB12-GADHIF_clean_repeat,144.86435,153.0
DB12-UCOJED_clean_repeat,194.61206,193.625
DB12-OSAVEK_clean_repeat,151.77896,170.75
DB12-LEYRAK_clean_repeat,207.10779,211.0
DB12-GEVYEN_clean_repeat,54.465992,49.3125
DB12-DOQHIB_clean_repeat,132.41214,139.375
DB12-cg501730q_si_002_clean_repeat,223.08614,221.375
DB12-ja512437u_si_002_clean_repeat,145.27974,143.625
DB12-CESYEF01_clean_repeat,0.001948269,0.2355957
DB12-FAGQAI_clean_repeat,225.94485,234.875
DB12-OBIBAF_clean_repeat,174.99286,173.375
DB12-WARFAZ_clean_repeat,111.37739,116.3125
DB12-JEXWUF01_clean_repeat,0.0,-0.22680664
DB12-RENWEM_clean_repeat,9.986144,23.28125
DB12-LEGGEK_clean_repeat,153.86562,135.5
DB12-TECTUS_clean_repeat,120.652145,121.625
DB12-GAYGAQ_clean_h_repeat,145.48714,133.75
DB12-ic5008457_si_002_clean_repeat,179.94516,184.5
DB12-HEDCEA_clean_repeat,99.90943,85.375
DB12-UGEPEB01_clean_repeat,60.116985,64.1875
DB12-RAYLOU_clean_repeat,117.98236,111.3125
DB12-MUGQAI_clean_repeat,62.499184,61.15625
DB12-QOMTET_clean_repeat,137.35306,129.0
DB12-IJANAJ_clean_repeat,90.13331,84.8125
DB12-XUMCAK_clean_repeat,102.200874,107.0
DB12-FIGQUJ_clean_repeat,60.94299,48.3125
DB12-NACYAU_clean_repeat,247.86469,261.75
DB12-IZEWAN_clean_repeat,229.90813,220.5
DB12-NOCZAI_clean_repeat,66.78093,59.0
DB12-JORLEJ_clean_repeat,212.01529,205.125
DB12-LAZHUR_clean_repeat,85.735916,91.3125
DB12-FUNCEX_clean_repeat,227.63751,243.75
DB12-GEDDEA_clean_repeat,182.6668,182.375
DB12-PITPEP_clean_repeat,216.12633,235.875
DB12-KUMGIK_clean_repeat,202.37425,214.25
DB12-TUBCEA_clean_repeat,108.92919,92.875
DB12-EDOMAM_clean_repeat,230.9897,219.25
DB12-QOCSEH_clean_repeat,186.8224,166.875
DB12-KUDWAJ_clean_repeat,197.12404,206.75
DB12-BIWYAH10_clean_repeat,169.51884,160.75
DB12-VORBUA_clean_repeat,110.6421,79.875
DB12-DANVAQ_clean_repeat,112.468506,100.4375
DB12-COWMEH_clean_repeat,198.51987,205.0
DB12-HUCWOT_clean_repeat,175.21681,163.625
DB12-NIGGEQ_clean_repeat,218.93214,233.75
DB12-TIVYAZ01_clean_repeat,224.35367,204.625
DB12-ZAVPIX_clean_repeat,161.91922,139.625
DB12-YAPYUK_clean_repeat,60.865143,55.21875
DB12-YERJEL_clean_repeat,13.522506,15.8984375
DB12-ONIXOZ_clean_repeat,218.63423,213.625
DB12-WAMREJ_clean_repeat,240.61488,240.125
DB12-HURGUX01_clean_repeat,94.456085,99.9375
DB12-ZAGHAT_clean_repeat,150.27708,139.375
DB12-UYOJOI_clean_repeat,105.12289,109.375
DB12-WIJXEU_clean_repeat,238.3709,230.25
DB12-BAZFUF01_clean_repeat,230.89157,227.75
DB12-MAKGEN_clean_repeat,53.069866,55.0
DB12-VERZEZ_clean_repeat,0.044067275,1.3095703
DB12-GIMSIG_clean_repeat,167.12184,158.625
DB12-REYBAA_clean_repeat,71.68451,60.6875
DB12-AVIPAX_clean_repeat,184.85493,177.0
DB12-COWMOR_clean_repeat,199.05685,190.25
DB12-AGIMOU_clean_repeat,129.82506,128.625
DB12-WOLYON_clean_repeat,186.9473,181.0
DB12-OCUGEZ01_clean_repeat,157.2713,157.75
DB12-TETWOG_clean_repeat,72.32879,61.84375
DB12-TIXVON_clean_repeat,195.12297,184.625
DB12-CAKYAQ_clean_repeat,116.1872,91.375
DB12-LEDLAJ_clean_repeat,94.464806,88.25
DB12-ic5b00194_si_002_clean_repeat,257.6269,262.0
DB12-AMUPOP_clean_repeat,91.6104,63.1875
DB12-IXEJIG_clean_repeat,225.91333,210.25
DB12-FIJDIM09_clean_repeat,144.84558,135.25
DB12-IGUVIR_clean_repeat,110.71011,95.6875
DB12-UMOBEF02_clean_repeat,256.42285,269.75
DB12-MOLKAB_clean_repeat,150.63542,132.625
DB12-NIBJAK_clean_repeat,162.61224,160.75
DB12-FAMHAE01_clean_repeat,27.083212,33.71875
DB12-KIVFAY_clean_repeat,129.86024,128.5
DB12-jacs.6b09155_ja6b09155_si_009_clean_repeat,198.44469,201.875
DB12-WUYXOF_clean_repeat,209.81606,201.625
DB12-SANJAV_clean_repeat,190.66634,187.5
DB12-HIHGAI_clean_repeat,200.80345,195.375
DB12-TEWGEJ_clean_repeat,130.53954,118.0
DB12-LAKFIN_clean_repeat,203.29884,200.625
DB12-WENKOR_clean_repeat,92.41424,76.375
DB12-IPIHIA_clean_repeat,126.87017,107.375
DB12-GUHNUU_clean_repeat,194.49312,185.25
DB12-IJODES_clean_repeat,89.52365,72.3125
DB12-EKIJEP_clean_repeat,0.1437194,-3.6621094
DB12-RIRDED_clean_repeat,148.62498,142.75
DB12-DUFGOB_clean_repeat,145.69406,140.25
DB12-WUSLED_clean_repeat,212.43996,226.75
DB12-MAXHEA_clean_repeat,0.0006488963,-2.2792969
DB12-RUFRIV_clean_repeat,128.90524,125.4375
DB12-YARSAN_clean_repeat,101.977684,121.3125
DB12-SERWAP_clean_repeat,197.1558,188.75
DB12-TASXIW_clean_repeat,217.11795,207.75
DB12-UKAPUS_clean_repeat,196.65997,182.25
DB12-VAZTUM_clean_repeat,230.04083,221.25
DB12-BEXVEH_clean_repeat,257.91495,260.0
DB12-IYOVOI_clean_repeat,152.23842,151.25
DB12-SUFJIO_clean_repeat,169.00475,162.75
DB12-SANHUN_clean_repeat,187.75758,193.625
DB12-YEZKIZ_clean_repeat,110.461945,117.6875
DB12-RIYBAE_clean_repeat,205.2416,176.875
DB12-EMOSOP_clean_repeat,56.99068,67.4375
DB12-YARDIG_clean_repeat,164.46457,144.25
DB12-IXOFIL_clean_repeat,212.2101,191.625
DB12-TORKES_clean_repeat,155.79398,165.125
DB12-TASWOB_clean_repeat,181.06079,178.125
DB12-SAKDEQ_clean_repeat,113.77224,110.875
DB12-IJUTEM_clean_repeat,216.2296,226.5
DB12-NINHOH_clean_repeat,145.92032,150.25
DB12-GELVID_clean_repeat,118.68288,86.75
DB12-SULKIU_clean_repeat,142.29147,146.0
DB12-JODFOZ_clean_repeat,79.93249,79.125
DB12-COKNAT_clean_repeat,241.0018,240.125
DB12-NOCLUN_clean_repeat,172.81364,153.625
DB12-DIHVIB01_clean_repeat,237.28993,247.625
DB12-QOJTUE_clean_repeat,190.66856,175.875
DB12-KEFFEI_clean_repeat,122.04497,86.375
DB12-SABVOH01_clean_repeat,190.09161,190.125
DB12-JUCXEK_clean_repeat,114.03233,104.75
DB12-LUWMOH_clean_repeat,206.17418,186.875
DB12-BEWVOQ_clean_repeat,179.13934,164.75
DB12-SOCLAZ_clean_repeat,53.019985,40.1875
DB12-FUVGAG_clean_repeat,43.84407,39.75
DB12-GAWCUF_clean_repeat,167.48262,141.25
DB12-VUQKAU_clean_repeat,181.36769,181.75
DB12-GASSUR_clean_repeat,209.08507,208.125
DB12-OZUMAZ_clean_repeat,218.61244,197.25
DB12-LULJAE_clean_repeat,203.25375,175.0
DB12-IFOSIG_clean_repeat,87.143654,87.3125
DB12-DOCKOW_clean_repeat,84.92586,82.6875
DB12-TESHAB_clean_repeat,89.09838,85.3125
DB12-NIYZIG_clean_repeat,225.15321,206.5
DB12-TIXMIX_clean_repeat,132.4444,127.25
DB12-ic501849g_si_002_clean_repeat,173.54251,180.0
DB12-FAMPUH_clean_repeat,253.88127,257.0
DB12-DOKHOB_clean_repeat,112.43503,82.0
DB12-IJASES01_clean_repeat,93.56991,78.125
DB12-LEGGIO_clean_repeat,167.71167,164.625
DB12-LOXWEC_clean_repeat,123.9246,127.8125
DB12-WAVQOB_clean_repeat,254.10362,244.5
DB12-GESDUF_clean_repeat,124.13084,108.0
DB12-GIQZIQ_clean_repeat,132.87862,146.625
DB12-PIQFIG_clean_repeat,171.6992,172.375
DB12-VUKROK_clean_repeat,237.1265,233.5
DB12-EBOBIJ_clean_repeat,175.86174,173.375
DB12-TURFET_clean_repeat,169.54535,156.75
DB12-VEJYOZ_clean_repeat,193.09148,184.375
DB12-QOWRAV03_clean_repeat,242.57513,252.375
DB12-BEPPAP_clean_repeat,140.93176,146.0
DB12-TAJXIO_clean_repeat,30.384855,18.0
DB12-NAWXER_clean_repeat,256.2104,252.375
DB12-JOFKIA01_clean_repeat,113.53283,101.0
DB12-RUYQIN_clean_repeat,187.19026,200.0
DB12-RUHFOR_clean_repeat,173.90079,176.875
DB12-FIFPAM_clean_repeat,197.33456,202.375
DB12-SAQQAD_clean_repeat,236.72952,228.375
DB12-ORIWET_clean_repeat,218.2289,201.25
DB12-GEVXIQ_clean_repeat,111.31241,119.4375
DB12-ZIMLAK_clean_repeat,214.56929,201.0
DB12-NOCLOH01_clean_repeat,133.09926,126.125
DB12-URUVUA_clean_repeat,198.77827,187.875
DB12-DARVAW_clean_repeat,109.17575,122.0
DB12-IYAHEX_clean_repeat,65.425835,78.75
DB12-EBEMII_clean_repeat,74.34295,75.4375
DB12-MUXHIW01_clean_repeat,4.197571,-2.7792969
DB12-WEYQAU09_clean_repeat,195.1896,186.375
DB12-AHUTIH01_clean_repeat,80.18481,71.4375
DB12-SEFVEG_clean_repeat,184.47789,163.875
DB12-ARUCUN_clean_repeat,84.5279,103.25
DB12-CUGFAN01_clean_repeat,21.823359,34.25
DB12-MAXHIE_clean_repeat,0.044985607,4.4492188
DB12-ic401157n_si_003_clean_repeat,237.98175,244.0
DB12-XIMPOA01_clean_repeat,35.27589,42.5625
DB12-XISXEE_clean_repeat,231.26364,222.625
DB12-ROLCEC14_clean_repeat,0.0,-0.58447266
DB12-JOPWUI_clean_repeat,98.9691,125.0
DB12-FEFDAX_clean_repeat,234.57468,229.875
DB12-SETQIT_clean_repeat,114.83569,117.25
DB12-NIHBEM02_clean_repeat,87.112686,86.75
DB12-POMSOB_clean_repeat,131.98102,121.0625
DB12-DUQYEU_clean_repeat,186.09566,171.25
DB12-GEGHAD_clean_repeat,116.13538,127.875
DB12-UMOBEF08_clean_repeat,229.28261,224.5
DB12-EBIJAC_clean_repeat,81.91455,96.625
DB12-CAYMIZ_clean_repeat,117.84853,124.3125
DB12-FUVGAG01_clean_repeat,42.710705,39.625
DB12-QUKQAQ_clean_repeat,58.197166,58.84375
DB12-CAYKEU_clean_repeat,169.34857,167.375
DB12-WEXNIW_clean_repeat,12.638061,7.3046875
DB12-QUSRON_clean_repeat,85.35202,102.0625
DB12-KUTHOY_clean_repeat,115.23349,104.3125
DB12-FUBDEM_clean_repeat,209.05986,199.0
DB12-MAQZOV_clean_repeat,52.484726,58.8125
DB12-PELQII_clean_repeat,220.5281,208.375
DB12-RURPAW_clean_repeat,169.38834,148.75
DB12-CENKAJ_clean_repeat,159.70871,165.0
DB12-TUYNEI_clean_repeat,136.04362,132.75
DB12-TUMROK_clean_repeat,152.17607,156.5
DB12-j.inoche.2015.05.017_inc05998-mmc2_clean_repeat,57.296444,53.3125
DB12-EYULOA_clean_repeat,104.06155,102.625
DB12-GITWIQ_clean_repeat,114.88082,111.4375
DB12-NARPUU_clean_repeat,90.97269,94.0
DB12-BUCVIG_clean_repeat,60.753605,83.375
DB12-XIPTIA_clean_repeat,0.12598743,1.6445312
DB12-OZAVUI_clean_repeat,144.90402,140.0
DB12-XAHPED_clean_repeat,222.47263,232.375
DB12-SOZRUW_clean_repeat,235.81818,221.0
DB12-CORZIU_clean_repeat,266.8729,256.25
DB12-VEDGES_clean_repeat,171.09822,192.75
DB12-RUVMUR_clean_repeat,80.76521,64.25
DB12-OLOKEF_clean_repeat,122.66429,117.3125
DB12-MOGVAG_clean_repeat,29.608849,43.09375
DB12-MEHMET_clean_repeat,218.28831,228.375
DB12-OFUCEZ_clean_repeat,161.51294,148.375
DB12-CIWREG_clean_repeat,194.39151,181.875
DB12-ZIHTEP_clean_repeat,65.399925,67.875
DB12-UHIYOB_clean_repeat,0.6337193,-0.6791992
DB12-UTUMAY_clean_repeat,135.5521,130.875
DB12-MOYNIY_clean_repeat,116.25022,117.9375
DB12-NIKYOW02_clean_repeat,88.45973,83.6875
DB12-BETHIT_clean_repeat,233.3248,228.25
DB12-XIHSAJ01_clean_repeat,169.22768,170.375
DB12-AZAVUU_clean_repeat,124.00189,129.25
DB12-REDYEG_clean_repeat,89.5799,96.3125
DB12-SUJREV_clean_repeat,84.752075,87.5
DB12-BOZFIH_clean_repeat,175.76248,168.125
DB12-SEQSIS_clean_repeat,122.801765,149.625
DB12-CERMIV_clean_repeat,80.98313,85.0625
DB12-CEHWOD_clean_repeat,1.6446639,16.3125
DB12-ALURIJ_clean_repeat,157.57578,153.5
DB12-EBEWIT_clean_repeat,190.81522,190.75
DB12-XUKHUI_clean_repeat,210.42162,135.25
DB12-CIFDOM_clean_repeat,184.61292,178.5
DB12-GEDRUE_clean_repeat,219.23543,201.5
DB12-MUNDEG_clean_repeat,223.33234,224.625
DB12-RUVMAX_clean_repeat,190.9899,182.75
DB12-KAHKUB02_clean_repeat,155.4549,162.25
DB12-GAQKOB_clean_repeat,94.9076,80.625
DB12-MOXPUL_clean_repeat,195.39465,202.75
DB12-PAJSAX_clean_repeat,192.51921,189.375
DB12-XUCSAR_clean_repeat,118.845314,128.625
DB12-NOBVOR_clean_repeat,169.6505,179.625
DB12-MOYYEF_clean_repeat,194.20279,182.0
DB12-NIKYUC01_clean_repeat,86.56089,91.3125
DB12-ISACIP_clean_repeat,78.28935,77.75
DB12-YOYBUL_clean_repeat,217.91339,218.25
DB12-BADHIA_clean_repeat,90.88095,97.375
DB12-FEDBEX_clean_repeat,124.79272,125.25
DB12-HAHCUR_clean_repeat,178.93181,182.5
DB12-FONPUV_clean_repeat,109.438484,128.625
DB12-BERGAI_clean_repeat,80.957146,95.875
DB12-BEXRUT_clean_repeat,146.54312,148.25
DB12-cm503311x_OH-mil-53-Al-lp-ortho_clean_repeat,234.02335,225.625
DB12-ECUDAI_clean_repeat,116.2718,135.5
DB12-VEDGIW_clean_repeat,169.42824,168.5
DB12-PAFMUH_clean_repeat,77.175545,68.6875
DB12-VEFLUP_clean_repeat,120.68621,119.0
DB12-BUNLAZ_clean_repeat,186.95854,187.25
DB12-XULGUI_clean_repeat,94.852974,86.75
DB12-NIKYUC_clean_repeat,87.33487,82.1875
DB12-NATKIF_clean_repeat,227.98203,235.625
DB12-VOPCIO_clean_repeat,205.81212,207.25
DB12-IDIXAU_clean_repeat,221.87453,207.625
DB12-KIVFEC_clean_repeat,129.40903,122.9375
DB12-c6ra28728j_c6ra28728j2_clean_repeat,64.8487,72.875
DB12-HOGLEV01_clean_repeat,253.11461,226.0
DB12-HALVAU_clean_repeat,181.96074,181.75
DB12-HOGJOD_clean_repeat,125.81895,126.4375
DB12-SEHTEF_clean_repeat,222.2337,221.75
DB12-PEVJOQ_clean_repeat,0.0,-0.06390381
DB12-SITTUM_clean_repeat,81.87197,71.0625
DB12-CUQKOQ_clean_repeat,194.25586,186.875
DB12-PEVQOY_clean_h_repeat,243.81259,244.875
DB12-OPAGIX_clean_repeat,242.60315,240.25
DB12-GACQAE_clean_repeat,222.93736,211.75
DB12-MUPYUS_clean_repeat,0.1790605,-0.1743164
DB12-ac403674p_si_001_clean_repeat,147.37257,155.875
DB12-DUWFAE_clean_repeat,45.529255,53.25
DB12-QOWRAV07_clean_repeat,242.99574,263.75
DB12-XUNTIL_clean_repeat,109.26593,112.625
DB12-ALAMUW_clean_repeat,255.4514,241.0
DB12-LUSHOX_clean_repeat,137.7723,127.6875
DB12-EQUBIC_clean_repeat,118.56759,116.5625
DB12-QINSUD_clean_repeat,135.6218,127.375
DB12-APETAS_clean_repeat,96.33031,109.1875
DB12-ja500618z_si_005_clean_repeat,149.80211,134.625
DB12-IQEWOQ_clean_repeat,88.09242,91.75
DB12-TAJXIO02_clean_repeat,26.347483,13.7265625
DB12-AVELOD_clean_repeat,187.59604,195.25
DB12-MATTUX_clean_repeat,163.36278,169.125
DB12-VELVIS_clean_repeat,82.84279,84.625
DB12-FURFIJ_clean_repeat,85.91594,78.6875
DB12-QOWRAV11_clean_repeat,243.17044,243.875
DB12-ABIYIV_clean_repeat,80.62699,73.9375
DB12-DALSUH_clean_repeat,144.76932,158.875
DB12-BADHUM01_clean_repeat,24.162283,41.3125
DB12-PIRYOF_clean_repeat,154.53569,163.125
DB12-IZEHAX_clean_repeat,125.687775,111.3125
DB12-EVADIQ_clean_repeat,209.80206,216.5
DB12-YUGLES_clean_repeat,248.10727,252.5
DB12-SISQIW_clean_repeat,140.30273,142.5
DB12-ECAFOG_clean_repeat,155.11661,163.75
DB12-CUMDIY_clean_repeat,78.96933,78.0625
DB12-CUTGII_clean_repeat,115.91143,108.875
DB12-TISGUY_clean_repeat,71.280945,80.125
DB12-UCOJAZ_clean_repeat,200.70123,209.5
DB12-GOKBUE_clean_repeat,114.791115,110.25
DB12-OWIJOV_clean_repeat,225.99532,222.375
DB12-PASNAA_clean_repeat,155.49722,145.0
DB12-WUTBEU_clean_repeat,237.66356,251.25
DB12-MIRLUU_clean_repeat,91.86564,96.125
DB12-JUQTOG_clean_repeat,121.56185,124.625
DB12-NABCIE_clean_repeat,57.375072,59.84375
DB12-DEHBIC_clean_repeat,62.04417,75.875
DB12-ic102347b_si_001_clean_repeat,215.49034,214.125
DB12-RUFTET_clean_repeat,135.38002,135.375
DB12-LIJNOJ01_clean_repeat,88.56516,77.6875
DB12-ECAHAT_clean_repeat,171.61005,176.875
DB12-XAKZOZ_clean_repeat,185.60905,207.625
DB12-YASLUA_clean_repeat,143.39479,133.75
DB12-PEQTIQ_clean_repeat,88.75394,89.1875
DB12-RIBDAJ_clean_repeat,224.81078,218.125
DB12-TECVEE_clean_repeat,128.8045,136.125
DB12-JALPAQ_clean_repeat,59.02237,61.28125
DB12-PIZPOD_clean_h_repeat,165.43277,168.875
DB12-ic501801f_si_002_clean_repeat,186.00624,185.625
DB12-FIRMUQ_clean_repeat,229.49797,230.625
DB12-FIRNOL_clean_repeat,234.82845,234.25
DB12-VICSIL_clean_repeat,149.36018,154.375
DB12-KOXGAH_clean_repeat,116.790985,128.625
DB12-FAMQAO_clean_repeat,247.90205,278.0
DB12-KUHNEI_clean_repeat,167.18658,149.125
DB12-UPOVOL_clean_repeat,170.41568,164.875
DB12-ZEDZAL_clean_repeat,202.34761,217.0
DB12-ILIQEB_clean_repeat,86.514046,84.8125
DB12-NUYWOU_clean_repeat,73.08578,88.5625
DB12-DARJOX_clean_repeat,155.24664,146.875
DB12-VAZLEP_clean_repeat,13.543216,8.6171875
DB12-UGAQEY_clean_repeat,131.42078,135.625
DB12-BEFLUV_clean_repeat,151.8233,148.625
DB12-REXFIL_freeONLY_repeat,168.48332,168.875
DB12-WECSAZ01_clean_repeat,91.34812,91.0625
DB12-POSFIO_clean_repeat,114.062294,124.875
DB12-WEHJAW_clean_repeat,252.16118,270.25
DB12-SABVUN_clean_h_min_repeat,248.70026,251.5
DB12-NIKYOW_clean_repeat,89.89598,95.0
DB12-RUYQIN01_clean_repeat,183.85481,179.625
DB12-ULUQAV_clean_repeat,43.522724,49.53125
DB12-WIFBAQ_clean_repeat,144.30518,141.75
DB12-TAQGOK_clean_repeat,43.744053,49.125
DB12-LERNEC01_clean_repeat,102.7742,101.9375
DB12-GAMVAS_clean_repeat,44.882812,41.125
DB12-PEVQIS_clean_h_repeat,232.29987,229.875
DB12-TUGFAE_clean_repeat,0.13366273,13.453125
DB12-APAZAU_clean_repeat,222.30263,232.375
DB12-PARHEW_clean_repeat,249.01474,214.75
DB12-YEGKOM_clean_repeat,220.43318,213.125
DB12-LONVAN_clean_repeat,221.63681,223.625
DB12-BAEDTA01_clean_repeat,63.500813,69.5
DB12-TIKMEH_clean_repeat,126.93593,125.0
DB12-ZEDRAD_clean_repeat,90.67423,69.0
DB12-JEJKIT_clean_repeat,118.42108,117.9375
DB12-TETWUM_clean_repeat,41.720463,58.1875
DB12-NARPOO_clean_repeat,91.86455,106.375
DB12-EKEVAT_clean_repeat,63.288185,50.71875
DB12-c6cc02494g_c6cc02494g5_clean_repeat,209.69913,193.375
DB12-MOYMET_clean_repeat,158.6093,150.5
DB12-HIDMEO_clean_repeat,52.583874,44.71875
DB12-ELIKAM_clean_repeat,143.16725,140.125
DB12-CUMJEB_clean_repeat,67.79766,69.75
DB12-ORANAY_clean_repeat,143.4285,137.125
DB12-AYUPOZ_clean_repeat,41.39189,59.4375
DB12-HIFTOG_clean_repeat,184.07161,185.25
DB12-KEQDER_clean_repeat,247.95796,253.25
DB12-ATIBUA_clean_repeat,86.35147,84.4375
DB12-TUCJAD_clean_repeat,148.35411,139.875
DB12-MEJQEZ_clean_repeat,105.36608,127.4375
DB12-ZECKID_clean_repeat,223.65276,233.375
DB12-c6cc02494g_c6cc02494g4_clean_repeat,216.6251,217.125
DB12-DICVIW_clean_repeat,199.99605,196.125
DB12-UXIQOJ_clean_repeat,212.27287,219.375
DB12-ROQFUA03_clean_repeat,105.15271,101.8125
DB12-EDAGEX_clean_repeat,89.16001,89.125
DB12-KOMDAT_clean_repeat,160.10202,171.875
DB12-HUCXOU_clean_repeat,177.93527,177.875
DB12-LAZKUU_clean_repeat,168.52014,171.5
DB12-KUVMIZ_clean_repeat,216.22092,220.875
DB12-SINZIA_clean_repeat,29.282286,51.3125
DB12-TAJXIO05_clean_repeat,10.591071,20.15625
DB12-ZALMIL_clean_repeat,76.53073,75.125
DB12-OKIQAB_clean_repeat,51.933277,44.9375
DB12-ETEKEU_clean_repeat,205.72757,208.875
DB12-OWIHOT_clean_repeat,225.17554,216.75
DB12-WISTID_clean_repeat,149.71664,121.1875
DB12-GIRZAK_clean_repeat,51.48657,40.0
DB12-GOYPER_clean_repeat,133.49944,153.75
DB12-XUDNUH_clean_repeat,244.70995,234.625
DB12-UMODEH04_clean_repeat,256.67047,261.0
DB12-KEDJAG12_clean_repeat,200.69685,198.625
DB12-WENKEH_clean_repeat,90.395645,98.3125
DB12-ic100188w_si_002_clean_repeat,92.83002,87.75
DB12-UNIPAJ_clean_repeat,89.580246,79.0
DB12-XOTGUI_clean_repeat,178.79384,167.5
DB12-REYMOZ_clean_repeat,245.29222,253.375
DB12-COQGAS_clean_repeat,146.39482,128.0
DB12-LELMIA01_clean_repeat,150.95695,139.125
DB12-QITDOO_clean_repeat,83.68867,78.375
DB12-HEDTER_clean_repeat,68.48731,58.09375
DB12-HADLOQ01_clean_repeat,241.80466,223.625
DB12-RUPTED_clean_repeat,52.181053,50.8125
DB12-BOCTOE01_clean_repeat,106.587234,119.625
DB12-JUMDAY_clean_repeat,168.00085,185.5
DB12-NIGGAM_clean_repeat,219.02373,201.5
DB12-TIGVUC_clean_repeat,115.55668,111.1875
DB12-ECODEG_clean_repeat,162.1923,159.375
DB12-QUQPUO_clean_repeat,157.60892,165.0
DB12-NEVVAM01_clean_repeat,149.4645,157.375
DB12-XEDPON_clean_repeat,232.31462,235.0
DB12-XEJWUG_clean_repeat,104.142525,94.9375
DB12-PURSOK_clean_repeat,202.723,153.0
DB12-ZIWMEZ_clean_repeat,83.16124,94.4375
DB12-LURLOB_clean_repeat,238.99408,234.625
DB12-DADLIG_clean_repeat,109.40658,101.5
DB12-MUWQEB_clean_repeat,220.7579,223.25
DB12-MABJUV_clean_repeat,63.36026,59.96875
DB12-LAVTEJ_clean_repeat,191.26675,195.875
DB12-CEDFIC_clean_repeat,182.01212,176.625
DB12-IGAHED01_clean_repeat,124.12662,127.9375
DB12-FINQOK_clean_repeat,171.22597,168.125
DB12-CDLGLU01_clean_repeat,4.6004725,4.015625
DB12-MAQBEO_clean_repeat,201.28734,201.875
DB12-FAMQES_clean_repeat,251.58144,239.875
DB12-KASRED_clean_repeat,244.60373,226.875
DB12-VEDFUH_clean_repeat,172.95631,172.125
DB12-QUMJEP_clean_repeat,43.236538,65.125
DB12-GUFREF_clean_repeat,99.31114,88.0
DB12-GOLYUD_clean_repeat,72.93453,70.5
DB12-IQIPAZ_clean_repeat,66.09777,69.75
DB12-NIKZEN_clean_repeat,87.96147,84.0625
DB12-NEYYUN_clean_repeat,224.75069,220.75
DB12-NEVVAM02_clean_repeat,147.32954,148.375
DB12-ncomms7350-s2_clean_repeat,126.46694,135.125
DB12-PAMTOO_clean_repeat,223.06833,233.0
DB12-IGAHED02_clean_repeat,121.7809,124.5625
DB12-UBECEM_clean_repeat,150.65755,150.5
DB12-XEGKIF_clean_repeat,134.23805,143.25
DB12-OBOGUK_clean_repeat,240.95737,244.125
DB12-HUQHOS_clean_repeat,225.94754,217.875
DB12-DONKIC_clean_repeat,179.8687,190.75
DB12-ZOXGOK_clean_repeat,125.643005,125.6875
DB12-AVIHIY_clean_repeat,192.51782,196.375
DB12-COQJAV_clean_repeat,118.9086,109.375
DB12-HAJLEK_clean_repeat,38.198708,27.9375
DB12-UKUBIM_clean_repeat,142.2268,147.5
DB12-QUFFED_clean_repeat,14.567973,21.40625
DB12-VETMIS_clean_repeat,219.08339,235.875
DB12-KETHEY_clean_repeat,109.78312,102.9375
DB12-EQOCES_clean_repeat,95.294655,100.3125
DB12-ic402058f_si_002_clean_repeat,113.90197,115.375
DB12-AXUHAD_clean_repeat,177.8128,173.625
DB12-FAFDEX_clean_repeat,123.8179,123.8125
DB12-BEDYEQ_clean_repeat,192.40584,199.5
DB12-SOTTUR_clean_repeat,93.44189,93.5625
DB12-LONWIW_clean_repeat,214.59738,209.25
DB12-PEGCAH_clean_repeat,91.146996,97.875
DB12-EJEFOP_clean_repeat,40.444157,46.3125
DB12-MODJOG_clean_repeat,225.69693,194.75
DB12-PEGCIP_clean_repeat,143.5724,139.5
DB12-NIRMUW01_clean_repeat,123.62024,138.375
DB12-SEYFAE_clean_repeat,113.30846,116.3125
DB12-CELZEA_clean_repeat,156.6077,154.75
DB12-RUYTUC_clean_repeat,184.1387,192.625
DB12-XIHXET_clean_repeat,135.77724,138.625
DB12-GUPJEG01_clean_repeat,40.807384,50.03125
DB12-FORQAF_clean_repeat,202.48409,204.625
DB12-RICHIV_clean_repeat,59.26294,45.875
DB12-DAWVOO_clean_repeat,159.02824,161.375
DB12-acs.inorgchem.6b00894_ic6b00894_si_003_clean_repeat,67.313286,73.125
DB12-QOJYEV_clean_repeat,67.60084,59.9375
DB12-TILDIC_clean_repeat,95.247574,85.9375
DB12-ZEDHIB_clean_repeat,113.5216,116.3125
DB12-PUDSIR01_clean_repeat,204.5829,207.0
DB12-XOVYIR_clean_repeat,78.954605,74.25
DB12-DOQHUN_clean_repeat,132.13261,133.875
DB12-OWIHEJ_clean_repeat,225.41586,233.625
DB12-GAMTEU_clean_repeat,126.436295,126.0
DB12-OLUCAZ_clean_repeat,86.247856,90.25
DB12-EMAPAK_clean_repeat,191.63412,193.125
DB12-RUBHOM_clean_repeat,76.854614,54.40625
DB12-DUQCAU01_clean_repeat,89.60514,96.25
DB12-HOJLEY_clean_repeat,88.12861,76.75
DB12-XOVVEK_clean_repeat,94.29586,88.375
DB12-SOPLAM_clean_repeat,229.57025,234.5
DB12-IKUMAE_clean_repeat,94.01851,107.0
DB12-LUFBUL_clean_repeat,108.78469,115.375
DB12-FOFTUR_clean_repeat,175.94531,186.875
DB12-PIZQUM_clean_repeat,143.2525,133.5
DB12-UGUHAG_clean_repeat,113.83822,108.0625
DB12-ADAXIO_clean_repeat,122.798485,129.125
DB12-RIPKIM01_clean_repeat,114.37175,125.5
DB12-ZISFEO01_clean_repeat,123.16299,119.3125
DB12-TISNEQ_clean_repeat,13.7429285,2.3242188
DB12-YANBAR03_clean_repeat,89.94269,94.4375
DB12-IJASIW_clean_repeat,89.433716,94.4375
DB12-TARWEO_clean_repeat,107.15609,94.125
DB12-KOSKUA_clean_repeat,231.78021,231.25
DB12-QOPHEI_clean_repeat,0.66891056,0.40478516
DB12-BAZFUF_clean_repeat,229.59555,219.75
DB12-BOZFON_clean_repeat,127.43417,125.6875
DB12-AJINOY_clean_repeat,27.156824,27.3125
DB12-ncomms11831_ncomms11831-s3_clean_repeat,69.72824,63.53125
DB12-OGAGEJ_clean_repeat,188.65527,168.25
DB12-FASJAL_clean_repeat,0.13558891,0.5576172
DB12-AQODOA_clean_repeat,44.35046,57.09375
DB12-cg301577a_si_002_clean_repeat,245.62245,242.875
DB12-UNACIW_clean_repeat,99.5158,100.1875
DB12-PEPKUR_clean_repeat,122.275024,125.0625
DB12-ESANET_clean_repeat,135.85841,138.625
DB12-HIWXER_clean_repeat,0.0034682774,6.0039062
DB12-FUHMOM_clean_repeat,174.99031,179.75
DB12-OKABAE_clean_repeat,231.84174,222.625
DB12-SOHNIN_clean_repeat,206.02376,198.25
DB12-WIHWAN_clean_repeat,217.17882,230.125
DB12-KEDJAG16_clean_repeat,200.7696,186.5
DB12-FORQIN_clean_repeat,208.20135,214.625
DB12-YUFLIW_clean_repeat,212.33078,206.375
DB12-NIKDAM_clean_repeat,187.47537,182.625
DB12-OKAZAD_clean_repeat,96.736885,101.8125
DB12-QEYWUN_clean_repeat,0.0019750053,-1.5341797
DB12-KUMBOL_clean_repeat,42.521687,42.0625
DB12-MEMGAN_clean_repeat,153.14432,146.75
DB12-YOMVIG01_clean_repeat,109.022736,111.5625
DB12-OSIWUJ_clean_repeat,70.03485,68.75
DB12-OTECAT_clean_repeat,262.84314,272.75
DB12-cg401887b_si_003_clean_repeat,266.3725,264.5
DB12-SUGVUM_clean_repeat,186.66708,194.625
DB12-CETVAA_clean_repeat,50.610687,61.34375
DB12-KOSLUB_clean_repeat,217.00948,224.125
DB12-LEQVIN_clean_repeat,150.9568,140.5
DB12-WAVQUF_clean_repeat,136.47777,120.8125
DB12-ETIXEM_clean_repeat,52.227882,52.71875
DB12-DIWNAA_clean_repeat,275.09637,258.5
DB12-LEQQII_clean_repeat,235.08113,220.25
DB12-CUYHIO_clean_repeat,40.95789,54.4375
DB12-MEHPAQ_clean_repeat,0.00042824264,-1.5146484
DB12-CUWYAW_clean_repeat,213.82997,217.5
DB12-XAKVIP_clean_repeat,0.0068543255,3.1640625
DB12-PEXFAA_clean_repeat,228.03784,239.875
DB12-HITXUE_clean_repeat,234.30705,244.75
DB12-UMODEH18_clean_repeat,256.687,249.875
DB12-LEDHIN_clean_repeat,86.83284,84.9375
DB12-DAWWIJ_clean_repeat,104.29735,107.1875
DB12-XINRAP_clean_repeat,196.71973,186.125
DB12-RAHNOF_clean_repeat,245.0821,240.875
DB12-OVIZID_clean_repeat,133.29874,127.0
DB12-ECIWOC_clean_repeat,78.40745,84.1875
DB12-OKAYIK_clean_repeat,56.600582,49.25
DB12-VOFFED_clean_repeat,89.34141,105.375
DB12-VOCKUT_clean_repeat,74.04611,72.0625
DB12-FUHNED_clean_repeat,184.51097,173.125
DB12-QITDII_clean_repeat,44.483215,50.6875
DB12-DOHYIJ01_clean_repeat,79.51119,68.8125
DB12-GELVEZ_clean_repeat,131.63719,128.375
DB12-NOCLOH02_clean_repeat,134.26216,141.375
DB12-PASTOU_clean_repeat,108.7076,119.5
DB12-LUMZEA_clean_repeat,83.01373,80.375
DB12-KAPGUE_clean_repeat,1.3740226,8.8203125
DB12-CAJQIP_clean_repeat,249.3046,274.75
DB12-XIBZUF_clean_repeat,222.05228,235.625
DB12-FEZQEI_clean_repeat,96.608925,88.5
DB12-ATICEL_clean_repeat,85.52863,93.125
DB12-GIZVER_clean_repeat,131.26335,136.0
DB12-KEDJAG28_clean_repeat,200.48892,194.0
DB12-OTIQAL_clean_repeat,136.2584,134.75
DB12-XAQTOY01_clean_repeat,111.37884,107.125
DB12-YUCNEQ_clean_repeat,172.11017,192.875
DB12-EREGOY_clean_repeat,226.77637,221.125
DB12-EBUFUE_clean_repeat,95.36752,94.375
DB12-YUZSUH01_clean_repeat,140.79266,147.25
DB12-SUNJIV_clean_repeat,195.11163,188.375
DB12-NIHBAI02_clean_repeat,89.188126,96.375
DB12-PAQJUM_clean_repeat,113.17892,116.0
DB12-DAWCAH_clean_repeat,114.11071,108.9375
DB12-CADQAB_clean_repeat,201.75412,198.375
DB12-HOJPIH_clean_repeat,86.573105,105.5
DB12-ESEVIH_clean_repeat,136.83557,137.0
DB12-VEJYIT01_clean_repeat,177.13527,176.875
DB12-TOKDON_clean_repeat,242.4074,225.5
DB12-ZUDQEW_clean_repeat,158.63188,148.375
DB12-ZAVREV_clean_repeat,162.44693,162.25
DB12-PEVFON_clean_repeat,185.40938,171.75
DB12-YICGOI_clean_repeat,79.1778,83.5625
DB12-LUJPUC_clean_repeat,129.86719,132.75
DB12-PATWOY_clean_repeat,189.18076,206.125
DB12-UMOBEF05_clean_repeat,232.30112,226.125
DB12-VIPYOK_clean_repeat,115.08219,126.6875
DB12-UMOVOJ_clean_repeat,250.96048,258.25
DB12-QAWRIQ_clean_repeat,106.94216,104.625
DB12-YUMYUC_clean_repeat,173.46521,184.0
DB12-JUGQIN_clean_repeat,190.53975,195.375
DB12-GIMSUS_clean_repeat,90.91543,83.75
DB12-YINCOP_clean_repeat,143.76772,139.75
DB12-RUVBOB_clean_repeat,151.71236,158.5
DB12-BIYTOU_clean_repeat,186.37622,187.625
DB12-OPURIB01_clean_repeat,35.483543,41.4375
DB12-WALBOC01_clean_repeat,132.81287,142.75
DB12-VIRVEY_clean_repeat,206.35568,223.75
DB12-UNECOH_clean_repeat,203.65582,183.5
DB12-QUQGAL_clean_repeat,152.27043,146.0
DB12-ICEGED_clean_repeat,211.69978,226.5
DB12-LASDEQ_clean_repeat,245.38652,248.875
DB12-NIHBIQ02_clean_repeat,87.41172,94.75
DB12-LEWTUD01_clean_repeat,102.03835,111.3125
DB12-WOCWAN_clean_repeat,100.821724,102.6875
DB12-WARWOC_clean_repeat,40.286663,52.34375
DB12-IXELAA_clean_repeat,0.7053286,0.1763916
DB12-BASJUB_clean_repeat,149.16998,163.625
DB12-TETZID_clean_repeat,106.89146,105.4375
DB12-DIYWIT_clean_repeat,78.37005,66.8125
DB12-PEGQUP_clean_repeat,76.966286,83.75
DB12-DOTTEM_clean_repeat,188.39421,196.75
DB12-SUSZOW_clean_repeat,88.07151,82.125
DB12-REXCUU_clean_repeat,168.98122,183.625
DB12-AZILEA_clean_repeat,62.536514,59.78125
DB12-acs.jchemed.6b00258_ed6b00258_si_005_clean_repeat,59.29458,68.25
DB12-ASALIP_clean_repeat,144.8191,150.0
DB12-ja308995t_si_002_clean_repeat,130.49388,143.5
DB12-MINCIX_clean_repeat,264.73294,276.5
DB12-WIHVEP_clean_repeat,87.96306,97.875
DB12-SUNLET_clean_repeat,203.33356,211.0
DB12-MARNUR_clean_repeat,68.781944,69.3125
DB12-MEJZEI_clean_repeat,85.601746,97.625
DB12-IBAPEJ_clean_repeat,77.62346,75.5
DB12-JURKIS_clean_repeat,115.56683,132.375
DB12-MABKIK_clean_repeat,73.66883,65.0625
DB12-ESIFET_clean_repeat,164.7639,154.375
DB12-KORNAI_clean_repeat,116.376396,108.1875
DB12-AQIQAU_clean_repeat,214.20158,210.0
DB12-VIWHUG_clean_repeat,84.21424,90.4375
DB12-POLYEW_clean_repeat,116.67659,117.875
DB12-REJVOS_clean_repeat,90.58778,86.1875
DB12-TUBLIN_clean_repeat,121.719246,98.0625
DB12-UVAROZ_clean_repeat,76.57732,83.8125
DB12-AWASAU_clean_repeat,105.91212,99.625
DB12-VASFAZ_clean_repeat,140.51418,133.25
DB12-ETEQUQ_clean_repeat,143.35974,146.75
DB12-WEBQIF_clean_repeat,126.255585,117.125
DB12-ja5b00365_si_002_clean_repeat,251.47867,264.5
DB12-LIXWAR01_clean_repeat,155.58464,161.25
DB12-DUMXEQ01_clean_repeat,108.54379,118.625
DB12-XAPDAU_clean_repeat,199.42587,193.375
DB12-XEXLIX_clean_repeat,170.8224,164.125
DB12-YOMVIG_clean_repeat,108.836784,105.5
DB12-acs.jpcc.6b08594_UiO66_Ce2Zr4_opt_clean_repeat,206.63022,192.125
DB12-ja5b02999_si_006_clean_repeat,221.79388,231.0
DB12-EPISOM_clean_repeat,259.52502,261.0
DB12-ic501898x_si_005_clean_repeat,125.80231,145.25
DB12-EVUNAL_clean_repeat,76.269295,81.4375
DB12-WOHSOB_clean_repeat,39.537407,58.6875
DB12-IPIJEY_clean_repeat,124.2699,114.5
DB12-XEDPIH_clean_repeat,85.249405,94.1875
DB12-DUFXOT_clean_repeat,69.77968,70.3125
DB12-XACPEW_clean_repeat,70.85737,89.4375
DB12-ZEKRIS_clean_repeat,148.80539,141.625
DB12-BUSRUE_clean_repeat,184.63908,170.375
DB12-QUFTAM_clean_repeat,97.05067,96.75
DB12-DAHWAM_clean_repeat,45.230003,40.8125
DB12-GUQWOG_clean_repeat,198.6909,201.0
DB12-DICVES_clean_repeat,198.99173,190.5
DB12-YUZBIG_clean_repeat,68.268036,76.9375
DB12-PUZTOV_clean_repeat,236.66586,214.5
DB12-c5ce02194d_c5ce02194d2_clean_repeat,167.55763,170.875
DB12-QOVWOP_clean_repeat,69.50782,68.0
DB12-NAWKII_clean_repeat,164.6765,168.875
DB12-DUTKAG_clean_repeat,225.25896,239.625
DB12-QOTZEG_clean_repeat,184.80612,173.875
DB12-KEXKEF_clean_repeat,101.75178,113.75
DB12-COXCUP_clean_repeat,34.982754,41.84375
DB12-IGAHED_clean_repeat,126.64616,130.875
DB12-PUQHEP_clean_repeat,58.624634,79.375
DB12-KUCDES_clean_repeat,169.33388,164.125
DB12-ELOXIN_clean_repeat,26.878006,33.46875
DB12-RUGJEK_clean_repeat,62.849545,93.8125
DB12-FOKWIN_clean_repeat,84.6106,93.0
DB12-ANAWIX_clean_repeat,142.34029,160.125
DB12-VULFOZ_clean_repeat,113.65183,120.9375
DB12-ECASOS_clean_repeat,1.5162318,-0.20397949
DB12-HAXMUP_clean_repeat,113.140854,114.3125
DB12-NIMTEJ_clean_repeat,0.00020050205,1.5791016
DB12-UFISOS_clean_repeat,60.092785,76.5625
DB12-LAGRES_clean_repeat,96.89591,91.8125
DB12-SUPLOF_clean_repeat,219.48993,228.25
DB12-SEFSOM_clean_repeat,104.30763,108.8125
DB12-ABEXIQ_clean_repeat,105.15518,107.25
DB12-XINYAW_clean_repeat,103.08302,101.0625
DB12-OPAPOL_clean_repeat,81.100655,102.125
DB12-INOMOP01_clean_repeat,151.98523,147.625
DB12-MOCHOC_clean_repeat,9.860693,21.3125
DB12-GOYPAN_clean_repeat,139.41045,165.375
DB12-TORJAN_clean_repeat,155.73497,162.375
DB12-KOSLAH_clean_repeat,230.3417,210.125
DB12-GAJZEY_clean_repeat,111.64296,127.75
DB12-ZETPUL_clean_repeat,63.93412,70.6875
DB12-XAPCOJ04_clean_repeat,219.37767,212.625
DB12-KADLOT_clean_repeat,215.91344,213.75
DB12-SOJKOT01_clean_repeat,13.397349,11.453125
DB12-YOTSAD_clean_repeat,58.329754,68.9375
DB12-c6ce00407e_c6ce00407e9_clean_repeat,193.8731,182.875
DB12-UXABOL_clean_repeat,87.81647,96.9375
DB12-BUDDIO_clean_repeat,0.06529177,-3.0449219
DB12-KOLWEO_clean_repeat,103.56601,120.0
DB12-FAMHAE_clean_repeat,30.482567,32.625
DB12-LEJRIC_clean_repeat,232.13339,242.5
DB12-ROLCEC13_clean_repeat,0.0,0.9824219
DB12-ROQDIM03_clean_repeat,118.53915,122.0
DB12-UVIPOF_clean_repeat,225.37486,214.625
DB12-LEWMUX_clean_repeat,186.09625,197.25
DB12-jacs.6b09113_ja6b09113_si_002_clean_repeat,224.7372,239.625
DB12-OCACUR_clean_repeat,190.44035,190.25
DB12-JOGSAA_clean_repeat,244.3178,256.25
DB12-UDEPIE_clean_repeat,122.289185,136.625
DB12-KONCIA_clean_repeat,138.73582,135.0
DB12-LUWMIB_clean_repeat,210.10971,197.25
DB12-CSMNOX_clean_repeat,0.026568025,2.1835938
DB12-ADIQEL_clean_repeat,155.84966,160.5
DB12-ASUBIB_clean_repeat,166.33887,167.625
DB12-ROQRAS_clean_repeat,61.413895,67.875
DB12-PORGAE_clean_repeat,106.75402,117.3125
DB12-ESEHIV_clean_repeat,114.25394,118.1875
DB12-GUNZIA_clean_repeat,153.69756,160.375
DB12-YEKXUJ_clean_repeat,197.73116,189.75
DB12-ANAWOD_clean_repeat,203.102,205.0
DB12-SIBDEO_clean_repeat,53.43941,52.40625
DB12-QITYOI_clean_repeat,127.028206,129.875
DB12-KOSMAI_clean_repeat,213.40971,216.0
DB12-ABAVIJ_clean_repeat,56.389324,60.125
DB12-PELXIP_clean_repeat,94.37358,107.0625
DB12-UMODEH06_clean_repeat,259.51688,262.0
DB12-SEYFEI_clean_repeat,117.887726,114.125
DB12-ALUKOI_clean_repeat,246.93925,231.375
DB12-XOLYUS_clean_repeat,0.12155544,7.3984375
DB12-PURJES_clean_repeat,163.07231,163.0
DB12-COKQIE_clean_repeat,230.43369,232.25
DB12-QADBII_clean_repeat,71.783745,85.0625
DB12-GAFBEX_clean_repeat,27.47491,17.15625
DB12-NAPZOV_clean_repeat,113.8798,116.375
DB12-ROLCEC16_clean_repeat,0.0,7.2109375
DB12-EQEREY_clean_repeat,173.79155,181.625
DB12-ZEDZAL01_clean_repeat,202.0915,212.375
DB12-CUGFAN_clean_repeat,41.02003,57.71875
DB12-QIQVIX_clean_repeat,69.30425,79.6875
DB12-EBIZUN_clean_repeat,252.33763,243.625
DB12-ERIWAF_clean_repeat,233.93987,242.125
DB12-QIFLEY_clean_repeat,153.44696,154.875
DB12-CIXBUH_clean_repeat,197.98059,204.5
DB12-FEQSIF_clean_repeat,246.69928,201.0
DB12-OSIXIY_clean_repeat,70.016624,74.375
DB12-WUSSEK_clean_repeat,174.6359,182.25
DB12-FOKGET_clean_repeat,79.80832,87.0625
DB12-ZIKJOU_clean_repeat,207.99768,224.125
DB12-WUYXUL_clean_repeat,221.11891,229.125
DB12-PEVZAT_clean_repeat,96.83711,87.8125
DB12-JUXFOZ_clean_repeat,235.7386,246.125
DB12-DADLEC_clean_repeat,102.63633,109.0625
DB12-BAKJEE_clean_repeat,201.90399,223.75
DB12-NUWBOX_clean_repeat,132.02374,143.75
DB12-DUXMAL_clean_repeat,158.81512,164.0
DB12-NOFQII_clean_repeat,88.91716,82.125
DB12-REZJIR_clean_repeat,143.40149,140.125
DB12-BUGSIG_clean_repeat,109.10467,101.875
DB12-LIHRIE_clean_repeat,155.06892,157.0
DB12-UCABAE_clean_repeat,137.95006,148.25
DB12-WABVOL_clean_repeat,147.99522,133.75
DB12-YOBYAR_clean_repeat,245.16441,252.625
DB12-WUFSAT_clean_repeat,72.96233,85.625
DB12-OPIYAP_clean_repeat,166.68675,170.75
DB12-HIHGIQ_clean_repeat,210.66254,193.375
DB12-HUSGAE_clean_repeat,0.00012401592,0.25170898
DB12-DIXKOL_clean_repeat,149.75851,152.625
DB12-FIJDIM11_clean_repeat,136.08702,154.75
DB12-HURGUX_clean_repeat,95.17888,108.6875
DB12-LERNAY02_clean_repeat,100.168724,99.5625
DB12-MEJMOE_clean_repeat,235.19283,224.0
DB12-BUSGIG_clean_repeat,75.17056,70.5
DB12-DADNII_clean_repeat,138.15413,150.625
DB12-QUPHIT_clean_repeat,118.21551,83.125
DB12-XAPCOJ06_clean_repeat,216.41624,219.25
DB12-NOCYUB_clean_repeat,76.538284,74.9375
DB12-PEPLIG_clean_repeat,178.10126,191.0
DB12-HUQGOR_clean_repeat,230.71239,220.25
DB12-YANBAR01_clean_repeat,90.18516,95.3125
DB12-ECOKAJ_clean_repeat,170.04216,170.25
DB12-VOPCEK_clean_repeat,149.38832,162.625
DB12-DIBXAO_clean_repeat,83.04988,92.4375
DB12-YUTDUO_clean_repeat,193.09444,210.375
DB12-REGREC_clean_repeat,241.94836,241.625
DB12-CAJHUS03_clean_repeat,0.0,-1.5830078
DB12-SALLAT_clean_repeat,99.65005,116.125
DB12-QOXNIB_clean_repeat,104.23966,108.75
DB12-AFIXES_clean_repeat,139.02722,128.5
DB12-HEDCIE_clean_repeat,168.51459,171.75
DB12-VONBIK_clean_repeat,73.77168,72.375
DB12-cm501138g_si_011_clean_repeat,244.524,248.375
DB12-IXISOX_clean_repeat,116.28314,125.125
DB12-YUBGIN_clean_repeat,153.40901,163.375
DB12-WEFDIW_clean_repeat,21.935484,31.6875
DB12-AWAKEQ_clean_repeat,74.15152,91.5
DB12-LOQSUG_clean_repeat,80.28314,96.6875
DB12-QARCET_clean_repeat,91.18383,101.5
DB12-VAZLOZ_clean_repeat,11.428978,33.65625
DB12-NOKLIJ_clean_repeat,231.76103,244.25
DB12-TISHAF_clean_repeat,236.61041,241.125
DB12-ZOFZIF_clean_repeat,237.68956,222.5
DB12-TUTZUD_clean_repeat,44.09425,36.53125
DB12-KOBPIB_clean_repeat,83.75545,86.875
DB12-LUFNAC02_clean_repeat,199.67271,209.0
DB12-LEVNOQ01_clean_repeat,160.09145,147.125
DB12-DEFRIR_clean_repeat,154.45386,171.125
DB12-SUFJOU_clean_repeat,163.05101,166.125
DB12-MUHPAI_clean_repeat,61.674866,50.71875
DB12-OXITOF_clean_repeat,149.52307,141.625
DB12-NISBEX_clean_repeat,106.768555,112.125
DB12-ZUBCEG_clean_repeat,81.674644,90.75
DB12-ECEDAU_clean_repeat,80.58083,96.1875
DB12-RUBGUS_clean_repeat,95.9416,102.25
DB12-XADDUD_clean_repeat,198.59268,189.25
DB12-OPOYUO_clean_repeat,93.308334,81.5
DB12-LAGVOG_clean_repeat,238.90767,213.375
DB12-XUNSUW_clean_repeat,97.83628,109.125
DB12-BETGAK_clean_repeat,212.61441,212.0
DB12-IXAKAU_clean_repeat,219.44406,244.0
DB12-RUWXEN_clean_repeat,146.05507,154.0
DB12-GAJZOI_clean_repeat,113.00399,120.6875
DB12-LUFNAC03_clean_repeat,199.3182,200.875
DB12-VOTMAS_clean_repeat,81.25561,78.125
DB12-TAJXIO06_clean_repeat,9.874196,21.9375
DB12-GIWNUV_clean_repeat,133.20203,138.75
DB12-HIQNIG_clean_repeat,93.3964,106.1875
DB12-WAXJAJ_clean_repeat,152.49783,158.125
DB12-EQERIC_clean_repeat,177.41837,168.0
DB12-SUSZIQ_clean_repeat,87.97523,96.5625
DB12-OLANEW_clean_repeat,145.17545,152.125
DB12-ja203898s_si_006_clean_repeat,186.59047,181.5
DB12-XEGJOK_clean_repeat,195.51591,197.25
DB12-SARGOJ_clean_repeat,228.86652,225.625
DB12-KONFEA_clean_repeat,95.64476,92.6875
DB12-IBUBIT_clean_repeat,189.60493,165.125
DB12-GAGXAP_clean_repeat,62.0165,78.3125
DB12-XEZPUP_clean_repeat,56.87724,63.71875
DB12-QITMOW_clean_repeat,9.014149,6.984375
DB12-WABVIF01_clean_repeat,144.77727,140.625
DB12-HOHJAR_clean_repeat,65.03532,70.0625
DB12-EPEYAB_clean_repeat,147.66493,146.5
DB12-REHVAD_clean_repeat,94.78793,113.5
DB12-RESWUI01_clean_repeat,90.81679,98.5625
DB12-GOBXAY_clean_repeat,92.31136,81.1875
DB12-UZIGOB_clean_repeat,75.889145,71.1875
DB12-MAGNEQ01_clean_repeat,184.09914,177.125
DB12-JEMQEY_clean_repeat,0.23408537,-0.90283203
DB12-RUYQIN02_clean_repeat,182.96568,185.375
DB12-FOFHUE_clean_repeat,147.07127,130.625
DB12-UFENEZ_clean_repeat,116.58693,116.4375
DB12-FEWWOV_clean_repeat,188.15645,179.75
DB12-TESGUU_clean_repeat,91.3797,95.75
DB12-GOVXIA_clean_repeat,139.7697,139.75
DB12-KOMHAW_clean_repeat,120.9283,123.9375
DB12-IHOTEG_clean_repeat,13.493424,10.1875
DB12-KINLAW_clean_repeat,0.15581375,15.40625
DB12-ATIBIO_clean_repeat,74.67712,92.4375
DB12-PENXUC_clean_repeat,112.09603,111.0625
DB12-DIDDOK_clean_repeat,256.29776,244.5
DB12-NIMPEG_clean_repeat,233.50398,220.375
DB12-VULKOD_clean_repeat,95.46284,112.4375
DB12-HAZGOF04_clean_h_repeat,65.17936,68.25
DB12-PUWCOZ_clean_repeat,135.5313,122.3125
DB12-UZAROE_clean_repeat,163.02892,171.625
DB12-RIPNUB_clean_repeat,89.92647,74.6875
DB12-KOSKIO01_clean_repeat,211.38765,204.75
DB12-JEMNAR_clean_repeat,118.80868,110.125
DB12-ZEXKUK_clean_repeat,128.93198,140.875
DB12-SURDOA_clean_repeat,91.819916,83.375
DB12-TISKOW_clean_repeat,102.74696,115.9375
DB12-XOFPEP01_clean_repeat,126.088455,140.875
DB12-AKUHOD01_clean_repeat,2.5782118,-4.7890625
DB12-j.ica.2016.05.002_2_clean_repeat,174.59473,184.875
DB12-BEXPAX_clean_repeat,270.57147,272.75
DB12-DEYXIQ_clean_repeat,162.23297,168.25
DB12-BOLPAU_clean_repeat,217.67474,213.75
DB12-TOHQEO_clean_repeat,178.16484,196.125
DB12-GOYYEA_clean_repeat,82.79732,85.4375
DB12-YOPNUO_clean_repeat,100.86082,106.5
DB12-IHIWIF_clean_repeat,82.72505,75.8125
DB12-HIYZEV01_clean_repeat,143.7654,154.125
DB12-QUQHAM_clean_repeat,66.83501,55.375
DB12-VAYFUY_clean_repeat,73.04353,92.5625
DB12-CAKYIY_clean_repeat,117.53041,116.3125
DB12-VANXUD_clean_repeat,143.19688,137.5
DB12-TOBJUR_clean_repeat,232.49565,209.5
DB12-XEQRAO_clean_repeat,113.66029,119.6875
DB12-BETZOR_clean_repeat,177.79959,160.875
DB12-KOSKEK_clean_repeat,220.80014,235.5
DB12-YUSGID_clean_repeat,115.46879,107.8125
DB12-AQUDEX_clean_repeat,66.99354,64.125
DB12-REXDAB_clean_repeat,174.37471,174.0
DB12-DAKVIW_clean_repeat,238.63228,219.75
DB12-NASREH_clean_repeat,234.59453,232.25
DB12-KOVJAI_clean_repeat,189.03741,165.625
DB12-EWUKAK_clean_repeat,200.24637,178.875
DB12-IKETUN_clean_repeat,225.59058,224.5
DB12-HOWQEQ_clean_repeat,98.91066,83.5625
DB12-MIVPAJ_clean_repeat,0.1702938,1.90625
DB12-QUJKOX_clean_repeat,148.45813,154.0
DB12-IDUDIW_clean_repeat,208.50446,206.25
DB12-LABPOV_clean_repeat,51.99189,40.6875
DB12-GIRHEW_clean_repeat,119.53243,108.9375
DB12-MEXJAC_clean_repeat,192.8942,169.5
DB12-ZASWOF_clean_repeat,69.38157,65.5625
DB12-BAHGUN04_clean_repeat,107.99515,146.875
DB12-MIHHOA_clean_repeat,81.59347,75.0625
DB12-TILHEC_clean_repeat,99.25541,92.6875
DB12-MABJUV01_clean_repeat,63.467148,57.90625
DB12-JUPNAL_clean_repeat,79.068,54.40625
DB12-QOWRAV08_clean_repeat,242.9581,231.625
DB12-POLBOH_clean_repeat,154.72964,158.0
DB12-NIRDEX_clean_repeat,0.0152063705,-0.6230469
DB12-NOQKOV_clean_repeat,169.45517,176.875
DB12-WOTSEF_clean_repeat,214.83804,209.75
DB12-AFOVAT_clean_repeat,206.68959,195.75
DB12-GAMTAQ_clean_repeat,142.6842,123.6875
DB12-SARMOO_clean_repeat,106.204666,104.375
DB12-RUWZOA_clean_repeat,119.873024,126.4375
DB12-OZAVOC_clean_repeat,154.46361,162.25
DB12-WIKYAQ_clean_repeat,76.88225,68.4375
DB12-OWIHIN_clean_repeat,225.71167,223.625
DB12-JADJOQ_clean_repeat,206.2206,217.625
DB12-PAPXUB_clean_repeat,85.905075,80.4375
DB12-BAXLOD_clean_repeat,31.95782,30.875
DB12-IZUVUV_clean_repeat,165.81169,162.625
DB12-UMODEH02_clean_repeat,252.35374,241.375
DB12-DEJCEB_clean_repeat,148.03017,130.875
DB12-MOYYIJ_clean_repeat,231.38531,222.5
DB12-QOWRAV12_clean_repeat,243.31604,231.75
DB12-OGIKAR_clean_repeat,208.03734,211.0
DB12-LERNEC_clean_repeat,102.30907,112.375
DB12-RUSWIN_clean_repeat,164.59262,175.5
DB12-PEVLEJ_clean_repeat,118.38255,87.6875
DB12-FIBHIJ_clean_repeat,106.49687,99.125
DB12-RAVWAO_clean_repeat,200.14502,191.0
DB12-SACDUX_clean_repeat,202.44168,199.0
DB12-ELILAN_clean_repeat,138.2696,112.4375
DB12-EPOXAJ_clean_repeat,118.301125,121.75
DB12-SABKIS_clean_repeat,181.63724,171.5
DB12-XEQLEM_clean_repeat,65.630585,62.09375
DB12-EDUTIG_clean_repeat,233.78023,213.625
DB12-c6ce00407e_c6ce00407e3_clean_repeat,246.35014,260.25
DB12-VEJYUF01_clean_repeat,68.88278,64.8125
DB12-NIMXIS_clean_repeat,198.68538,193.375
DB12-XUNSOQ_clean_repeat,107.55013,113.5
DB12-FIJDIM03_clean_repeat,138.02634,143.375
DB12-XEJXAN_clean_repeat,119.59815,127.25
DB12-UFEMIC_clean_repeat,126.85279,120.8125
DB12-WUSXEP_clean_repeat,242.23265,239.75
DB12-DOKDEN_clean_repeat,217.46074,207.125
DB12-UZANEP_clean_repeat,83.274956,115.0
DB12-acscombsci.5b00188_3001288_clean_repeat,99.04073,101.5
DB12-WEYQAU10_clean_repeat,188.47473,174.625
DB12-BAKJOO_clean_repeat,199.03389,203.875
DB12-RUGHOS_clean_repeat,104.42383,116.8125
DB12-DEKHUX_clean_repeat,160.03018,161.875
DB12-TIRLIQ_clean_repeat,100.954254,86.625
DB12-IXAMIE_clean_repeat,147.68864,150.0
DB12-EPONEE_clean_repeat,130.69923,134.75
DB12-LIDZOP_clean_repeat,74.772354,76.6875
DB12-ODOMIF_clean_repeat,201.17578,193.375
DB12-LAWGOG_clean_repeat,235.05872,220.25
DB12-WEHJIE_clean_repeat,257.17908,245.25
DB12-FAGXIX_clean_repeat,145.14651,146.25
DB12-NIVWIY_clean_repeat,120.149315,113.9375
DB12-IYASOS_clean_repeat,158.36908,165.0
DB12-CUNWEO_clean_repeat,145.4298,138.5
DB12-LUVTAY_clean_repeat,146.37726,142.625
DB12-BUWMIR_clean_repeat,224.06229,191.25
DB12-QIVBUT_clean_repeat,155.11082,147.125
DB12-DAWBOU_clean_repeat,104.41084,103.375
DB12-QEBGEL_clean_repeat,161.0535,156.25
DB12-SARNOQ_clean_repeat,154.59904,151.75
DB12-VUJBEI_clean_repeat,245.7983,249.375
DB12-OWEYOF_clean_repeat,209.92792,183.125
DB12-ULEPIM_clean_repeat,47.059425,44.0
DB12-QUDJIJ_clean_repeat,169.44798,168.25
DB12-RIPTAM_clean_repeat,132.38673,127.125
DB12-WOGHEG_clean_repeat,128.12752,97.6875
DB12-FUDGES_clean_repeat,240.64673,259.0
DB12-BUXNOZ_clean_repeat,217.53012,227.625
DB12-XINZEB_clean_repeat,161.80241,155.875
DB12-OTAXOX_clean_repeat,82.443474,82.25
DB12-EZOBUR_clean_repeat,113.54962,111.625
DB12-CUBHOY_clean_repeat,144.60326,148.875
DB12-TEVZEA_clean_repeat,93.22858,102.625
DB12-ZIJVOF_clean_repeat,141.38893,150.75
DB12-ABUWOJ_clean_repeat,201.61253,176.625
DB12-NEYZAU_clean_repeat,225.46129,227.875
DB12-LUFNAC04_clean_repeat,199.89644,189.75
DB12-DEYNIG_clean_repeat,55.948776,49.53125
DB12-XALXUF01_clean_repeat,243.3689,230.875
DB12-DONXUB_clean_repeat,115.68369,118.375
DB12-NAVJAW01_clean_repeat,222.89774,212.375
DB12-PEFRUP_clean_repeat,215.8767,206.625
DB12-YUDFIO_clean_repeat,170.39264,159.5
DB12-LUFNAC01_clean_repeat,199.89134,195.375
DB12-BADHOG_clean_repeat,90.56681,91.875
DB12-HUTTIA_clean_repeat,77.81881,79.8125
DB12-ISIKOL_clean_repeat,0.0,4.7304688
DB12-RATSAI_clean_repeat,122.18708,114.1875
DB12-TEBCEK_clean_repeat,43.045094,15.1484375
DB12-FUFREE_clean_repeat,70.236374,60.40625
DB12-HOWSAP_clean_repeat,172.07135,176.875
DB12-XAKQOR_clean_repeat,171.32681,156.25
DB12-IXISAJ_clean_repeat,130.66693,121.125
DB12-OTOROF_clean_repeat,76.37573,89.3125
DB12-DONKOI_clean_repeat,179.87073,160.125
DB12-ZEZPAX01_clean_repeat,138.65332,147.0
DB12-DOJYAD_clean_repeat,81.92638,83.625
DB12-DEFKUU_clean_repeat,159.6101,148.5
DB12-VIZTIJ_clean_repeat,178.4547,182.5
DB12-ITIXAM_clean_repeat,96.874565,97.1875
DB12-XUMMOJ_clean_repeat,147.51196,131.75
DB12-IQECIS_clean_repeat,234.6831,238.5
DB12-YUHHIU_clean_repeat,205.09563,192.625
DB12-ic5b00130_si_002_clean_repeat,57.76665,62.03125
DB12-XAQTIS_clean_repeat,110.17784,115.8125
DB12-FAHPOV_clean_repeat,218.50984,236.5
DB12-RESWUI02_clean_repeat,90.69366,99.4375
DB12-IGUTUB_clean_repeat,86.80766,98.25
DB12-LULHUW_clean_repeat,179.64479,203.5
DB12-IQOKIK_clean_repeat,193.584,209.125
DB12-VIDXOX_clean_repeat,141.72958,145.375
DB12-GEGGIK_clean_repeat,115.52865,122.6875
DB12-IXOFEH_clean_repeat,206.60187,217.75
DB12-ISISUZ_clean_repeat,99.31117,111.9375
DB12-EVUQUI_clean_repeat,123.34188,128.875
DB12-BEFNAD_clean_repeat,117.65457,136.0
DB12-EXUHUC_clean_repeat,77.494545,88.9375
DB12-FIFPOA_clean_repeat,95.47949,106.0625
DB12-NANNEY_clean_repeat,68.2534,76.25
DB12-VAJQOP_clean_repeat,3.9743855,2.2148438
DB12-EKOPEA_clean_repeat,179.01454,191.375
DB12-MUQSAU_clean_repeat,144.79727,155.875
DB12-LABNIO_clean_repeat,184.38069,212.625
DB12-PARHAS_clean_repeat,195.59085,212.875
DB12-AVEHAM_clean_repeat,91.73838,84.6875
DB12-AFOTOF_clean_repeat,203.35599,221.5
DB12-RAVDUP_clean_repeat,82.57754,69.8125
DB12-ROQNES03_clean_repeat,109.14765,107.0625
DB12-UMORIY_clean_repeat,0.009419759,0.89941406
DB12-ZOHBIJ_clean_repeat,41.383167,38.5625
DB12-HURGEH_clean_repeat,184.70595,193.625
DB12-HOJPED_clean_repeat,87.861336,98.0625
DB12-ULOKAJ_clean_repeat,173.60358,193.5
DB12-RAHBUZ_clean_repeat,204.50027,198.875
DB12-JISVAJ_clean_repeat,221.9255,238.25
DB12-ICOWON_clean_repeat,158.76405,152.875
DB12-HUCWUZ_clean_repeat,177.58113,175.0
DB12-PUNFIO_clean_repeat,1.397018,6.3046875
DB12-WACLEU_clean_repeat,153.49384,158.75
DB12-LATPIG_clean_repeat,142.23506,159.625
DB12-LADQIT_clean_repeat,157.26566,150.875
DB12-MULXOH_clean_repeat,178.83089,179.5
DB12-RUHFIL_clean_repeat,174.26967,198.0
DB12-j.inoche.2015.01.025_INC05862-mmc1_clean_repeat,80.617546,93.375
DB12-MORFEG_clean_repeat,99.02511,90.5
DB12-GIGWID01_clean_repeat,3.6921842,3.3632812
DB12-SAHXAD_clean_repeat,236.13553,232.375
DB12-QIJLAW_clean_repeat,159.18735,166.125
DB12-WEYQAU15_clean_repeat,187.46596,183.25
DB12-BARZAW_clean_repeat,61.698666,59.875
DB12-XESKIR_clean_h_repeat,169.8826,176.0
DB12-FIJDIM07_clean_repeat,141.57977,136.375
DB12-AZEWEH_clean_repeat,86.01374,100.3125
DB12-QISNAJ_clean_repeat,210.43748,204.875
DB12-WEWTOI_clean_repeat,51.805637,54.15625
DB12-ZERQOE_clean_repeat,69.90756,65.5
DB12-XAMDUM05_clean_repeat,245.4666,255.125
DB12-LALFUB_clean_repeat,132.21887,134.25
DB12-REXFIL_clean_repeat,167.62798,170.0
DB12-WUXYOF_clean_repeat,4.6511497,11.5234375
DB12-AWOFOI_clean_repeat,219.13423,232.125
DB12-LACJAC_clean_repeat,92.41957,77.375
DB12-MIVPEN_clean_repeat,0.022349048,-1.4726562
DB12-RIYBEI_clean_repeat,203.41472,223.125
DB12-ILOTOT_clean_repeat,79.697014,66.875
DB12-NAWHOL_clean_repeat,104.60296,100.125
DB12-MARLID_clean_repeat,63.89382,60.28125
DB12-JUQVAU_clean_repeat,151.59122,146.875
DB12-FIVYUF_clean_repeat,79.47656,107.9375
DB12-DOYLEI_clean_repeat,146.71098,160.5
DB12-KULMIP_clean_repeat,21.435688,6.34375
DB12-c4dt03702b_c4dt03702b2_clean_repeat,226.48497,218.5
DB12-XOBXIW_clean_repeat,93.659874,97.0
DB12-WECJIZ_clean_repeat,106.59553,105.375
DB12-KEGZOL_clean_repeat,166.92207,180.375
DB12-HAJLUA_clean_repeat,39.77196,34.59375
DB12-XUNSIK_clean_repeat,123.88639,124.4375
DB12-HIHFUB_clean_repeat,184.68562,200.875
DB12-XIGHEB_clean_repeat,172.50165,184.0
DB12-ja302380x_si_003_clean_repeat,192.87839,203.0
DB12-cg400449c_si_001_clean_repeat,245.22308,264.5
DB12-APAZOI_clean_repeat,206.72446,217.5
DB12-CAJHUS04_clean_repeat,0.0,1.78125
DB12-XOFPEP_clean_repeat,119.057785,118.75
DB12-VAGTUU_clean_repeat,172.3286,179.5
DB12-QONLAI_clean_repeat,189.54828,188.75
DB12-GEGGEG01_clean_repeat,115.589745,109.1875
DB12-MAGNEQ_clean_repeat,182.51318,192.25
DB12-KECRAL10_clean_repeat,147.19133,144.25
DB12-UREVIY_clean_repeat,145.64038,152.5
DB12-YUBHAG_clean_repeat,223.82285,231.375
DB12-TAJQEC_clean_repeat,86.6993,80.25
DB12-YIXZEM_clean_repeat,131.46,142.375
DB12-VIZSOO_clean_repeat,256.167,263.75
DB12-ADASIJ_clean_repeat,248.40952,278.25
DB12-EWUKEO_clean_repeat,216.2894,225.75
DB12-NIFTIH_clean_repeat,148.75067,154.25
DB12-FAFGAU_clean_repeat,91.42959,102.0625
DB12-QAQSAD_clean_repeat,144.8583,155.625
DB12-OSUWEF_clean_repeat,80.311745,83.5
DB12-LAZLEF_clean_repeat,89.49038,85.375
DB12-KUXLUL_clean_repeat,215.90115,215.25
DB12-XAPTEQ_clean_repeat,138.06438,144.25
DB12-TAQGUQ_clean_repeat,68.764114,66.4375
DB12-ADASOP_clean_repeat,259.2506,273.25
DB12-cm0623918si20061006_115210_clean_repeat,113.4937,112.5
DB12-EQOCES01_clean_repeat,103.63879,103.5625
DB12-QUXRIM_clean_repeat,70.85883,71.1875
DB12-QOHTUD_clean_repeat,99.8836,107.3125
DB12-GEVKID_clean_repeat,66.28601,78.4375
DB12-XUJSAY_clean_repeat,74.727196,71.625
DB12-KOSJAF_clean_repeat,214.9582,221.625
DB12-FOCREW_clean_repeat,87.00769,92.125
DB12-acs.inorgchem.6b01569_ic6b01569_si_002_clean_repeat,103.11656,88.3125
DB12-XAKYUE_clean_repeat,176.39828,169.375
DB12-FAPXOM_clean_repeat,220.55028,226.5
DB12-POJNIM_clean_repeat,124.818375,138.75
DB12-JORRAL_clean_repeat,167.6811,186.0
DB12-IZIKOT02_clean_repeat,157.45047,138.0
DB12-MORZID_clean_repeat,146.7974,153.5
DB12-HAZGOF_clean_repeat,82.80709,71.875
DB12-QUPHUF_clean_repeat,92.38473,91.25
DB12-UMOVEZ03_clean_repeat,255.2733,284.0
DB12-NOFQOQ_clean_repeat,88.49841,85.9375
DB12-RIWMUH_clean_repeat,196.54408,180.75
DB12-SARMII_clean_repeat,81.78716,79.125
DB12-LECGEH_clean_repeat,146.34184,152.0
DB12-ic801404p_si_001_clean_repeat,101.28048,86.25
DB12-XAVQIU01_clean_repeat,190.4659,195.5
DB12-LICSUM_clean_repeat,12.402824,-1.0205078
DB12-IDUDES_clean_repeat,101.36077,126.625
DB12-KIYMEM_clean_repeat,173.0787,161.125
DB12-LOKPEG_clean_repeat,153.56345,152.875
DB12-WOPSAX02_clean_repeat,229.71756,219.75
DB12-MIDRAT_clean_repeat,116.99463,109.1875
DB12-ALIXUP_clean_repeat,134.58665,140.75
DB12-TURDIV_clean_repeat,169.07085,179.5
DB12-MAJHUC_clean_repeat,42.99215,40.4375
DB12-HOXSIY_clean_repeat,152.19012,150.5
DB12-KEDJAG20_clean_repeat,200.95303,190.25
DB12-DURDIF_clean_repeat,250.17517,248.125
DB12-ic502042h_si_002_clean_repeat,87.28308,90.125
DB12-ZADDAJ_clean_repeat,10.168454,10.7734375
DB12-LUFQUZ01_clean_repeat,166.74937,151.125
DB12-UYAQAN_clean_repeat,108.08095,112.0
DB12-MAZTIR_clean_repeat,112.786064,139.75
DB12-AYOXUJ_clean_repeat,104.51021,90.0
DB12-ja5063423_si_002_clean_repeat,237.72325,232.5
DB12-QAKFIU_clean_repeat,81.20616,108.5
DB12-cm501138g_si_008_clean_repeat,245.39963,241.75
DB12-EBAVIP_clean_repeat,125.18126,119.125
DB12-GUXZUV_clean_repeat,179.68954,171.875
DB12-ELIJUF_clean_repeat,140.14816,144.125
DB12-VACFUB01_clean_repeat,142.82271,140.25
DB12-NEDJAJ_clean_repeat,110.22471,106.625
DB12-NEKBEL_clean_repeat,94.12875,99.1875
DB12-FUVDEH08_clean_repeat,44.6575,33.5625
DB12-GUJGAU_clean_repeat,98.067024,92.6875
DB12-WIDQEG_clean_repeat,230.97523,236.75
DB12-QUXROS_clean_repeat,60.643227,67.25
DB12-ILINIC_clean_repeat,109.53109,117.5625
DB12-BEVQID_clean_repeat,0.05654764,8.15625
DB12-MUXJAQ01_clean_repeat,0.25986645,-0.6645508
DB12-NAXLII_clean_repeat,109.97872,126.6875
DB12-WECSAZ_clean_repeat,89.61901,100.25
DB12-RAKDAJ_clean_repeat,200.93254,215.125
DB12-KUHVOZ01_clean_repeat,119.027374,127.875
DB12-QONLEM_clean_repeat,193.22241,201.125
DB12-KEFBEE_clean_repeat,254.20395,253.5
DB12-MAQRAA_clean_repeat,161.58626,161.125
DB12-SIZNIA_clean_repeat,21.074259,40.53125
DB12-OFEHAK_clean_repeat,161.3322,174.625
DB12-COZMUA_clean_repeat,230.3531,226.5
DB12-IXUWOO_clean_repeat,145.99814,140.5
DB12-MUFJAZ01_clean_repeat,2.3692744,12.71875
DB12-ROQFUA_clean_repeat,107.45223,122.1875
DB12-TUMQID_clean_repeat,144.1186,137.625
DB12-AHOJUC_clean_repeat,12.786894,7.1914062
DB12-HOJPAZ_clean_repeat,90.506714,92.5
DB12-SAHBEJ_clean_repeat,63.64488,64.6875
DB12-ROGSAI_clean_repeat,212.915,204.125
DB12-AMUXAI_clean_repeat,145.41258,155.625
DB12-KIKDIT_clean_repeat,93.2262,92.9375
DB12-COQNIF_clean_repeat,238.90332,234.375
DB12-ODEZAB_clean_repeat,257.04846,247.25
DB12-OZUKOL_clean_repeat,226.72949,237.125
DB12-FOFCOU_clean_repeat,101.8014,108.4375
DB12-KOSJOT_clean_repeat,217.65091,236.0
DB12-CUXFIL_clean_repeat,148.70284,131.0
DB12-IGUCIY_clean_repeat,85.47738,88.0
DB12-WENLEI_clean_repeat,98.93286,89.0
DB12-UNOJUD_clean_repeat,101.189514,84.75
DB12-WALBOC02_clean_repeat,124.2868,129.125
DB12-LODPUR_clean_repeat,65.6599,73.1875
DB12-AMIXAW_clean_repeat,110.23034,111.9375
DB12-BOYYOF_clean_repeat,171.8873,189.875
DB12-HICVOG_clean_repeat,166.36563,163.375
DB12-IQINAZ_clean_repeat,136.68307,135.75
DB12-FOHRUR_clean_repeat,5.7906814,13.5078125
DB12-TAPHOJ_clean_repeat,55.31019,62.3125
DB12-EKOKIA_clean_repeat,148.63712,145.0
DB12-XATLIQ_clean_repeat,182.84544,187.875
DB12-WAHGIY_clean_repeat,94.36963,92.1875
DB12-KUFVAK_clean_repeat,241.36609,215.375
DB12-CEZFIY_clean_repeat,127.28655,118.0
DB12-ROQNES_clean_repeat,110.33519,108.875
DB12-MABKIK01_clean_repeat,91.362816,84.875
DB12-EQUBUO_clean_repeat,119.20693,122.4375
DB12-QUZZES_clean_repeat,173.35121,177.0
DB12-BUJKEW01_clean_repeat,128.86249,132.125
DB12-CAKXOD_clean_repeat,115.19332,119.1875
DB12-CAYDEN_clean_repeat,59.373344,59.28125
DB12-YUDFOU_clean_repeat,172.01466,191.125
DB12-BELTUJ_clean_repeat,145.10216,161.25
DB12-RAVWES_clean_repeat,196.88042,196.25
DB12-QARTEK_clean_repeat,40.811474,53.53125
DB12-RIVDEF_clean_repeat,108.96719,109.125
DB12-jacs.5b12516_ja5b12516_si_004_clean_repeat,179.67609,195.25
DB12-HAKCIG_clean_repeat,65.35413,70.5625
DB12-LUYHAP_clean_repeat,245.2386,250.625
DB12-OFOCUI_clean_repeat,245.46216,258.5
DB12-ic5011133_si_003_clean_repeat,204.37894,200.75
DB12-OJAKUG_clean_repeat,67.42043,65.5
DB12-JUMDEC_clean_repeat,180.62979,197.0
DB12-LEYQUD_clean_repeat,206.90889,198.875
DB12-XIDBUJ_clean_repeat,179.75685,190.625
DB12-LOMMIL_clean_repeat,16.867085,28.109375
DB12-PARFOF_clean_h_repeat,0.0,2.2109375
DB12-WEMCIC_clean_repeat,75.91864,72.1875
DB12-NIRGAY_clean_repeat,193.11034,188.125
DB12-IXOFUX01_clean_repeat,197.09184,217.0
DB12-CIYZUG_clean_repeat,46.31064,64.1875
DB12-KIPJIE_clean_repeat,118.07789,134.125
DB12-ic5029383_si_002_clean_repeat,246.35912,255.375
DB12-WOHZAU_clean_repeat,113.6594,115.9375
DB12-XUBGUY_clean_repeat,241.91212,224.25
DB12-HURNOX_clean_repeat,0.3899568,3.9257812
DB12-SEQSOY_clean_repeat,192.80698,183.625
DB12-JOSQEN_clean_repeat,88.647194,91.5625
DB12-XEHSAF_clean_repeat,90.67029,89.875
DB12-c6ce00407e_c6ce00407e1_clean_repeat,229.90344,259.25
DB12-BAKJII_clean_repeat,218.27937,227.125
DB12-HUCXIO_clean_repeat,178.45477,181.75
DB12-YOPMAS_clean_repeat,38.111393,38.6875
DB12-OGEBAF01_clean_repeat,225.17812,243.75
DB12-QIYDIN_clean_repeat,157.63588,160.125
DB12-UTIYED_clean_repeat,76.47233,68.1875
DB12-YOCDUR_clean_repeat,248.42049,251.125
DB12-SUTJIC_clean_repeat,43.347195,49.6875
DB12-LUQGAG_clean_repeat,146.12892,161.0
DB12-HEGJUZ_clean_repeat,137.75937,146.875
DB12-CUVXAT_clean_repeat,169.68454,156.0
DB12-JUMCUR_clean_repeat,179.67067,184.875
DB12-WABVIF04_clean_repeat,145.53848,153.75
DB12-AZILEC_clean_repeat,113.612724,109.3125
DB12-NEJSAY_clean_repeat,162.69014,150.125
DB12-ISIKIF_clean_repeat,67.242584,70.0625
DB12-YOZRUC_clean_repeat,162.98701,100.4375
DB12-WORLAS_clean_repeat,216.1413,213.25
DB12-QOZGAP_clean_repeat,146.11829,154.375
DB12-COVJAA_clean_repeat,111.58104,94.3125
DB12-XAQTEO01_clean_repeat,112.32921,129.125
DB12-ACOLIP_clean_repeat,152.97066,149.0
DB12-KAXQIL_clean_repeat,61.910007,74.75
DB12-XEGJUQ_clean_repeat,188.05034,181.25
DB12-CODGAE_clean_repeat,235.4308,244.875
DB12-VEMDAT_clean_repeat,112.931755,114.6875
DB12-KUNRAO_clean_repeat,144.40964,128.5
DB12-IJASES_clean_repeat,93.42663,107.9375
DB12-SARTIR_clean_repeat,222.00156,222.0
DB12-EVURAP_clean_repeat,126.101494,133.0
DB12-JORSEQ_clean_repeat,130.38895,101.8125
DB12-DIDBAV_clean_repeat,198.31247,196.5
DB12-CAKFEB01_clean_repeat,40.021477,58.4375
DB12-TOXNEB_clean_repeat,240.20268,218.375
DB12-MEWNEH_clean_repeat,81.39263,88.5625
DB12-YUZCAZ_clean_repeat,68.15463,83.75
DB12-TAJXIO04_clean_repeat,19.277071,25.546875
DB12-CUYRUK_clean_repeat,51.42704,45.25
DB12-ULOLEO_clean_repeat,172.10454,159.625
DB12-NOJBOF_clean_repeat,5.5333514,3.7539062
DB12-ROCZIU_clean_repeat,202.96138,208.0
DB12-MAFJIO_clean_repeat,244.29399,248.25
DB12-ROQNES01_clean_repeat,110.40345,106.1875
DB12-BADHUM_clean_repeat,89.43699,94.0625
DB12-FEVDIV_clean_repeat,45.569073,48.75
DB12-XEHFUL_clean_repeat,128.29956,125.1875
DB12-magnetochemistry3010001_PF362NdCl_clean_repeat,105.69511,100.625
DB12-FONKEA_clean_repeat,82.61299,74.5
DB12-SISPUH_clean_repeat,137.63423,146.0
DB12-XEDPED_clean_repeat,155.93384,154.875
DB12-VAGMEX_clean_repeat,225.84076,225.625
DB12-KINPUU_clean_repeat,81.642334,75.0625
DB12-EVOMOR_clean_repeat,106.34885,93.125
DB12-EDUVOO_clean_repeat,229.44868,216.875
DB12-PIDMEV_clean_repeat,192.39293,200.0
DB12-AMIWOJ_clean_repeat,108.124916,111.8125
DB12-IQOJAB_clean_repeat,178.07968,182.0
DB12-UKAJOH_clean_repeat,70.42835,76.875
DB12-OKIMAY_clean_repeat,122.748566,134.875
DB12-LIRFIB_clean_repeat,160.62628,160.0
DB12-GADDOH_clean_repeat,178.64749,166.5
DB12-EJIDUW01_clean_repeat,109.59305,113.625
DB12-IYOSUM_clean_repeat,231.69107,243.375
DB12-MITGOL_clean_repeat,117.57117,112.5
DB12-CIWSAD_clean_repeat,198.41116,206.125
DB12-MEKDUC_clean_repeat,78.31465,91.5
DB12-COWBEX_clean_repeat,47.932625,52.09375
DB12-ja500618z_si_002_clean_repeat,150.13777,140.5
DB12-ASAHEJ_clean_repeat,146.19691,140.625
DB12-PUDSIR_clean_repeat,200.25417,200.375
DB12-BETFUD_clean_repeat,211.40923,222.375
DB12-UVOTOQ_clean_repeat,239.08777,237.125
DB12-UZIJUJ_clean_repeat,191.64763,195.625
DB12-BEFMAC_clean_repeat,204.55515,199.75
DB12-EXIDOF_clean_repeat,167.68715,178.75
DB12-CUWXID_clean_repeat,217.99559,200.75
DB12-GAPNOD_clean_repeat,180.35855,196.25
DB12-WEYQAU08_clean_repeat,194.90547,187.125
DB12-JAKBIJ_clean_repeat,178.57031,181.375
DB12-NEDWEA_clean_repeat,206.99115,216.5
DB12-FEYQIK_clean_repeat,157.17912,160.625
DB12-KUQXIE_clean_repeat,104.32913,110.625
DB12-MUVJIX_clean_repeat,132.5241,140.125
DB12-AVUCEA_clean_repeat,222.9774,220.125
DB12-TURFAP_clean_repeat,155.28009,168.25
DB12-CIPCUB_clean_repeat,130.13083,126.25
DB12-IXEQIL_clean_repeat,68.620804,85.6875
DB12-FAHBIC_clean_repeat,128.664,136.0
DB12-LERNAY_clean_repeat,101.25517,112.8125
DB12-VUKTAY_clean_repeat,135.5877,139.375
DB12-YARSIV_clean_repeat,50.312927,59.9375
DB12-LAWGAS_clean_repeat,234.23242,234.125
DB12-BARZOK_clean_repeat,59.48697,66.0
DB12-KIFKAM_clean_repeat,97.69839,112.5
DB12-MAKRIC_clean_repeat,139.16605,133.25
DB12-MUTDIQ_clean_repeat,179.10484,193.375
DB12-UKUPIB_clean_repeat,218.35962,233.375
DB12-HIZQUD_clean_repeat,144.50252,153.875
DB12-MIXBAY_clean_repeat,241.68248,222.125
DB12-VEJYIT_clean_repeat,175.61629,172.375
DB12-VASGUU_clean_repeat,230.94882,225.375
DB12-HOWPOZ_clean_repeat,188.0689,201.0
DB12-MIDSUP01_clean_repeat,216.83092,226.625
DB12-BEFLIJ_clean_repeat,141.87689,133.125
DB12-PIHWAG_clean_repeat,176.02686,176.0
DB12-KUFBEU_clean_repeat,73.464455,71.0
DB12-ILOJEZ_clean_repeat,60.967438,69.25
DB12-ROLCEC15_clean_repeat,0.0,0.39233398
DB12-YUNKAV_clean_repeat,97.16504,114.375
DB12-RIXBIK_clean_repeat,123.0863,122.625
DB12-YIJYUN_clean_repeat,16.503035,42.90625
DB12-DOYBEA_clean_repeat,154.28314,172.5
DB12-JOSNAG_clean_repeat,121.005,131.375
DB12-UMODEH13_clean_repeat,220.85791,211.625
DB12-NORBUT_clean_repeat,39.17565,38.71875
DB12-NUDMUW_clean_repeat,148.27246,139.0
DB12-ANOMUM_clean_repeat,236.13448,240.75
DB12-MASMIC_clean_repeat,260.1674,253.0
DB12-HOGLEV_clean_repeat,248.30344,239.375
DB12-CEJZAU_clean_repeat,173.42964,158.125
DB12-DUXKUD_clean_repeat,177.3584,189.25
DB12-XEJXER_clean_repeat,65.16606,53.71875
DB12-CUKYAJ_clean_repeat,140.4168,146.0
DB12-EBISEQ_clean_repeat,62.68746,77.25
DB12-XOTSEG_clean_repeat,178.45352,178.75
DB12-UCOHUR_clean_repeat,197.61763,208.5
DB12-YUDFEK_clean_repeat,174.81076,176.875
DB12-c6ce00407e_c6ce00407e2_clean_repeat,225.75389,220.125
DB12-CEJVET_clean_repeat,91.695755,85.875
DB12-TAKHAR_clean_repeat,147.24657,151.625
DB12-cm202876r_si_002_clean_repeat,115.844315,109.1875
DB12-LULVOF_clean_repeat,102.37812,97.375
DB12-MUVNAT_clean_repeat,131.5943,140.375
DB12-WUDNAK_clean_repeat,2.225085,1.1083984
DB12-GEDSOZ_clean_repeat,217.9412,207.75
DB12-CODRUJ_clean_repeat,139.13313,125.3125
DB12-TEJQAC_clean_repeat,16.14976,19.1875
DB12-CEGDUO_clean_repeat,99.28076,98.3125
DB12-LIJXEI_clean_repeat,67.63218,67.1875
DB12-EKIJEP01_clean_repeat,0.24245393,0.7441406
DB12-FIJCUX01_clean_repeat,196.11235,207.375
DB12-NIKDEQ_clean_repeat,10.66643,15.375
DB12-BUCVAY_clean_repeat,65.01133,102.375
DB12-IQOJEF_clean_repeat,139.9773,143.625
DB12-EBATUZ_clean_repeat,270.79172,252.75
DB12-POXHOA_clean_repeat,81.30867,85.0
DB12-LABJUV_clean_repeat,74.19301,83.875
DB12-OVIZOJ_clean_repeat,63.220406,67.75
DB12-NEYYIZ_clean_repeat,122.02561,117.875
DB12-ELILER_clean_repeat,137.63336,134.875
DB12-XUMVAD_clean_repeat,185.1345,188.875
DB12-KUCDIW_clean_repeat,174.35947,181.625
DB12-OFUDUQ_clean_repeat,25.616142,29.203125
DB12-QUPDEL01_clean_repeat,143.71779,134.0
DB12-QISNIR_clean_repeat,208.65508,194.875
DB12-PENNON_clean_repeat,224.9861,228.0
DB12-FURFIJ01_clean_repeat,85.90944,73.6875
DB12-GUFXEM_clean_repeat,165.61555,161.375
DB12-FUFTUX_clean_repeat,41.0963,53.4375
DB12-HIDBON_clean_repeat,54.316265,55.53125
DB12-QOSJUF_clean_repeat,166.39583,167.5
DB12-CUMDOE_clean_repeat,122.3529,119.75
DB12-CAJLEH_clean_repeat,89.85977,87.0
DB12-cm501138g_si_010_clean_repeat,243.93217,265.0
DB12-FAVGAN_clean_repeat,111.44652,121.1875
DB12-c5cp03920g_c5cp03920g2_clean_repeat,201.59877,211.5
DB12-MATTOR_clean_repeat,145.67711,169.375
DB12-YEMJAC_clean_repeat,190.97806,192.375
DB12-NAGQET_clean_repeat,120.28162,122.25
DB12-ZACHIX_clean_repeat,242.73634,241.75
DB12-VOBQEK_clean_repeat,191.75499,159.125
DB12-MAQBIS_clean_repeat,243.75081,236.75
DB12-QOWRAV02_clean_repeat,243.28938,238.625
DB12-MOCHUI_clean_repeat,8.6107,27.421875
DB12-KAXZUG_clean_repeat,30.94627,36.3125
DB12-TUMDAI_clean_repeat,153.11053,161.75
DB12-ALUKIC_clean_repeat,246.82402,248.125
DB12-CIFJAE_clean_repeat,162.3887,156.875
DB12-POHMAC_clean_repeat,99.762924,100.8125
DB12-JOSNAG01_clean_repeat,123.53673,132.875
DB12-YUBGUZ_clean_repeat,154.89966,157.25
DB12-AXUPEO_clean_repeat,127.47722,160.75
DB12-WOHQAN_clean_repeat,122.91731,122.5625
DB12-QADXAX_clean_repeat,118.415016,108.0
DB12-SAQQOR_clean_h_repeat,234.58125,230.125
DB12-XEGKEB_clean_repeat,195.11,194.875
DB12-VATYAR_clean_repeat,149.8873,140.625
DB12-TIVFAG_clean_repeat,0.010844313,-0.54833984
DB12-VONCOS_clean_repeat,181.25304,175.375
DB12-LEVNOQ_clean_repeat,167.31525,164.25
DB12-QALNEW_clean_repeat,97.13925,93.625
DB12-XEXLAP_clean_repeat,174.9928,176.625
DB12-XAFFUH_clean_repeat,206.64333,232.875
DB12-EJULUS_clean_repeat,81.44391,80.6875
DB12-NERVEL_clean_repeat,69.69938,78.75
DB12-QAHMUJ_clean_repeat,114.19542,106.8125
DB12-DEPXIG_clean_repeat,171.48466,161.0
DB12-HOTFED_clean_repeat,3.2072606,38.21875
DB12-TUYJED_clean_repeat,215.12619,214.0
DB12-ZAVRIZ_clean_repeat,161.0549,157.25
DB12-GUVZII_clean_repeat,226.71321,211.75
DB12-TURDOB_clean_repeat,163.3903,163.375
DB12-BAZDAJ_clean_repeat,44.26151,41.3125
DB12-ECAHEX_clean_repeat,113.44922,116.4375
DB12-VOBGEA_clean_repeat,62.990353,59.84375
DB12-FIJDIM08_clean_repeat,142.71146,151.875
DB12-CETFUD_clean_repeat,147.27647,136.375
DB12-ODAJAG_clean_repeat,82.1981,78.6875
DB12-LAHYOL_clean_repeat,124.49571,128.125
DB12-cm501138g_si_009_clean_repeat,244.06642,240.375
DB12-CODFEH_clean_repeat,85.457054,94.125
DB12-WOPHIU01_clean_repeat,102.188614,104.3125
DB12-NARPAA_clean_repeat,45.032158,34.71875
DB12-LAVTAF_clean_repeat,190.99413,169.5
DB12-HUQGUX_clean_repeat,226.8173,247.375
DB12-YOZSAJ_clean_repeat,12.910056,117.8125
DB12-EVOMOR01_clean_repeat,106.22843,117.4375
DB12-MONFAY_clean_repeat,78.53676,65.75
DB12-ZASTUK_clean_repeat,115.20581,125.6875
DB12-EMAMOW_clean_repeat,104.753494,103.625
DB12-EGAFUP_clean_repeat,137.10606,146.25
DB12-TATSIS01_clean_repeat,58.40019,73.125
DB12-XEHSEJ_clean_repeat,91.581924,85.4375
DB12-ULOGAE_clean_repeat,205.92548,214.75
DB12-OPOZEZ_clean_repeat,148.90968,153.125
DB12-IKETIB_clean_repeat,227.89388,215.5
DB12-RACZEC_clean_repeat,90.89103,113.1875
DB12-FOHCIP_clean_repeat,142.68399,144.25
DB12-DAKVUI_clean_repeat,243.30756,238.125
DB12-LABQAI_clean_repeat,51.842194,55.84375
DB12-UXEQOE_clean_repeat,125.015465,124.1875
DB12-WAQFIG_clean_repeat,252.85117,252.875
DB12-SEFTUU_clean_repeat,188.68837,194.25
DB12-ic202769e_si_002_clean_repeat,64.910805,84.9375
DB12-EJOQUR_clean_repeat,212.6828,220.125
DB12-QOQDAD_clean_repeat,85.96709,90.625
DB12-COKPID_clean_repeat,232.1088,238.25
DB12-IHIMAP_clean_repeat,77.39975,79.1875
DB12-MAYYAN_clean_repeat,54.685078,74.625
DB12-CEYPUT01_clean_repeat,118.67787,118.8125
DB12-XEJJOM_clean_repeat,51.8971,63.90625
DB12-NEDXOL_clean_repeat,123.08273,125.0
DB12-SOKWUM_clean_repeat,200.80284,192.125
DB12-LAGRIW_clean_repeat,102.48784,81.125
DB12-VOXQOQ_clean_repeat,115.30312,115.625
DB12-KABNIL_clean_repeat,163.40411,147.25
DB12-VUNXUY_clean_repeat,108.35287,121.75
DB12-RAZGOQ_clean_repeat,114.41699,101.625
DB12-GITVEL01_clean_repeat,190.48183,180.0
DB12-IXUQUO_clean_repeat,133.09499,138.0
DB12-HOFMAS_clean_repeat,54.213398,64.8125
DB12-IKOPIJ_clean_repeat,177.85347,184.375
DB12-QEFNAQ_clean_repeat,141.63081,143.875
DB12-ARUJED_clean_repeat,75.28298,79.5
DB12-MAXHOK_clean_repeat,0.009575951,7.6835938
DB12-KIYMIP_clean_repeat,44.646595,42.34375
DB12-KORMOV_clean_repeat,70.1268,69.5625
DB12-POYPAW_clean_repeat,198.7739,209.875
DB12-JIZJOT_clean_repeat,138.32881,143.875
DB12-ZETLER_clean_repeat,151.38275,138.625
DB12-BUBWOM_clean_repeat,57.216045,60.25
DB12-YUZBUS_clean_repeat,68.29095,53.5
DB12-UNABUH_clean_repeat,99.26757,98.125
DB12-OKITAE_clean_repeat,100.54042,100.375
DB12-TACFIN_clean_repeat,149.80707,135.75
DB12-MOCHIW_clean_repeat,22.436674,55.25
DB12-EVUNOY_clean_repeat,100.643326,97.375
DB12-PIBNUK_clean_repeat,193.87508,174.0
DB12-HABREJ_clean_repeat,209.97842,200.625
DB12-USUPUV_clean_repeat,72.48774,73.625
DB12-cm503311x_F-mil-53-Al-lp-mono_clean_repeat,244.00923,252.625
DB12-YAPXIX_clean_repeat,59.381172,56.625
DB12-GUJVOX_clean_repeat,92.22842,100.125
DB12-UHAXUW_clean_repeat,97.115944,98.0625
DB12-CDLGLU11_clean_repeat,3.8012345,-1.6044922
DB12-RUSXAG_clean_repeat,167.06995,181.25
DB12-SATRIP_clean_repeat,150.81116,173.875
DB12-MUXHUI02_clean_repeat,1.0204556,-0.44677734
DB12-XISPUM_clean_repeat,219.6142,209.5
DB12-SOMCON_clean_repeat,203.6734,222.375
DB12-YOKKIU_clean_repeat,130.27223,128.0
DB12-DAKVOC_clean_repeat,252.83652,274.0
DB12-ZAVPET_clean_repeat,162.1489,155.125
DB12-VOBRUB_clean_repeat,170.2952,145.625
DB12-XICNOO_clean_repeat,209.01614,219.375
DB12-EMAMUC_clean_repeat,93.275,98.9375
DB12-cm503311x_alf350K_clean_repeat,197.54866,209.625
DB12-jz4002345_si_004_clean_repeat,187.60474,218.0
DB12-ALUKAU_clean_repeat,90.94124,91.0625
DB12-CODSAR_clean_repeat,7.632101,10.6484375
DB12-WABVIF_clean_repeat,145.84755,143.625
DB12-VAZKUE_clean_repeat,22.661617,37.09375
DB12-DEPXAY_clean_repeat,221.4493,223.375
DB12-LABGAY_clean_repeat,71.42136,63.0
DB12-FITJAU_clean_repeat,73.6866,91.0625
DB12-ISIMAZ_clean_repeat,0.0,-2.0996094
DB12-BUCWAZ_clean_repeat,226.53201,226.125
DB12-FUZKAN_clean_repeat,89.992386,110.25
DB12-ZAVPUJ_clean_repeat,162.37494,159.25
DB12-KASRAZ_clean_repeat,221.88379,236.375
DB12-ECUCOV_clean_repeat,52.114227,63.40625
DB12-VEQBID_clean_repeat,172.38208,147.0
DB12-DICVAO_clean_repeat,200.59607,202.0
DB12-FEFVES_clean_repeat,132.17253,115.875
DB12-KEDJAG26_clean_repeat,200.26068,218.875
DB12-VIRKIQ_clean_repeat,111.25935,117.25
DB12-EWUCOP_clean_repeat,196.4687,194.25
DB12-WIHVAL_clean_repeat,88.380486,90.0625
DB12-PEKCUF_clean_repeat,214.96082,221.125
DB12-UMUTOM_clean_repeat,77.564125,73.6875
DB12-OZUKUR01_clean_repeat,217.81522,212.5
DB12-DUDKOE_clean_repeat,255.28908,258.75
DB12-GOSKEG_clean_repeat,180.31094,191.25
DB12-KOZQEX_clean_repeat,223.49377,243.25
DB12-YEYYAC_clean_repeat,121.13466,118.3125
DB12-BETGUE_clean_repeat,224.39073,218.625
DB12-TORJUH_clean_repeat,157.34364,164.25
DB12-VAHVOR_clean_repeat,212.49033,208.625
DB12-GOXMEN_clean_repeat,61.92184,69.0625
DB12-OPIPUZ_clean_repeat,105.56781,109.875
DB12-UMELAB_clean_repeat,145.67867,158.75
DB12-QUGNOV_clean_repeat,55.08965,59.59375
DB12-cg500975j_si_002_clean_repeat,122.03335,120.9375
DB12-POXHIU_clean_repeat,81.62062,90.25
DB12-HAWVUY_clean_repeat,164.96413,178.75
DB12-IFASOZ_clean_repeat,203.02982,189.875
DB12-FUNBAS_clean_repeat,144.58902,128.5
DB12-EBIPIQ_clean_repeat,41.549908,68.4375
DB12-RAVVIU_clean_repeat,91.7842,92.25
DB12-ELUJEC_clean_repeat,116.317696,131.5
DB12-SEQTEP_clean_repeat,164.28864,169.375
DB12-AZAWAZ_clean_repeat,55.495174,61.90625
DB12-VAPFOJ_clean_repeat,67.02018,69.375
DB12-AFITUF_clean_repeat,137.53403,129.375
DB12-MUFHUR_clean_repeat,4.2694283,11.671875
DB12-VEMMAC_clean_repeat,217.0764,212.0
DB12-HAZGOF06_clean_h_repeat,66.85977,86.375
DB12-GISMIG_clean_repeat,69.69568,62.6875
DB12-j.jssc.2016.09.008_mmc8_clean_repeat,135.38959,120.1875
DB12-LUSYEF_clean_repeat,262.87665,260.5
DB12-XISPUM01_clean_repeat,197.66519,199.875
DB12-YUKVEG_clean_repeat,161.69322,164.25
DB12-UWALEL_clean_repeat,188.8072,184.75
DB12-HAWVEI_clean_repeat,160.12532,160.5
DB12-ZILBED_clean_repeat,206.53406,199.875
DB12-ZINDAD_clean_repeat,244.95251,250.0
DB12-VIXGAM_clean_repeat,56.39326,58.90625
DB12-NIHBEM01_clean_repeat,88.03612,97.6875
DB12-SAQZOB_clean_repeat,101.53665,127.75
DB12-KABXIW_clean_repeat,179.61366,180.5
DB12-TEVZOK_clean_repeat,93.60735,92.125
DB12-ROQFUA04_clean_repeat,104.64805,116.1875
DB12-EDAFUM_clean_repeat,88.043304,91.75
DB12-LAVTIN_clean_repeat,191.79352,206.875
DB12-EPEWAY_clean_repeat,148.43526,158.75
DB12-ja0752540-file002_clean_repeat,197.38556,221.875
DB12-XUFPIZ_clean_repeat,33.431824,41.65625
DB12-RAVVIU01_clean_repeat,91.61991,96.5
DB12-ITIPAE_clean_repeat,89.421394,83.6875
DB12-VEGXIQ01_clean_repeat,2.3602712,0.22106934
DB12-VUKRUQ_clean_repeat,218.4877,228.125
DB12-LIDWIG_clean_repeat,129.74487,117.25
DB12-XINHOT_clean_repeat,88.34442,89.1875
DB12-DICKEH_clean_repeat,249.26431,267.5
DB12-POLDUQ_clean_repeat,104.17408,97.375
DB12-ECASAD_clean_repeat,72.34542,74.5625
DB12-BEVRAW_clean_repeat,0.0017426823,-0.8510742
DB12-XOVPIH_clean_repeat,120.31969,106.875
DB12-DODHUA_clean_repeat,61.78198,67.0625
DB12-AQUCUM_clean_repeat,234.65962,232.875
DB12-MUDTAH_clean_repeat,244.21759,280.25
DB12-KAYCIY_clean_repeat,181.62965,172.875
DB12-HIBGEF_clean_repeat,92.39122,84.4375
DB12-OTOVAW_clean_repeat,88.43211,98.9375
DB12-YUKVIK_clean_repeat,166.79086,159.0
DB12-PAPVAF_clean_repeat,243.41777,260.5
DB12-SAYKIO_clean_repeat,94.0816,105.375
DB12-FOKZIQ_clean_repeat,79.08445,88.3125
DB12-ZUQMAB_clean_repeat,163.59055,162.75
DB12-OTIQEP_clean_repeat,68.65775,65.6875
DB12-BEXQOL_clean_repeat,166.41788,171.25
DB12-HEDGUS_clean_repeat,0.34986272,8.5234375
DB12-CAVRAU_clean_repeat,204.49683,227.5
DB12-VITYOO_clean_repeat,206.05112,214.625
DB12-DUBJUH_clean_repeat,178.4545,172.125
DB12-GEGDED_clean_repeat,243.57143,247.625
DB12-NAWWUG_clean_repeat,185.26758,191.875
DB12-WIKXAQ_clean_repeat,179.5552,185.25
DB12-SIVWUR_clean_repeat,65.868385,69.9375
DB12-XAPCOJ05_clean_repeat,217.29094,210.375
DB12-DOKBUC_clean_repeat,0.020213053,6.8125
DB12-WORREC_clean_repeat,263.73294,253.25
DB12-GEFYUN_clean_repeat,140.28896,162.625
DB12-RUGGUX_clean_repeat,135.95844,125.125
DB12-CUGLTM02_clean_repeat,0.0019057887,1.1835938
DB12-NUVYIN_clean_repeat,95.91872,99.6875
DB12-GIDKOU_clean_repeat,121.85622,118.4375
DB12-QUQFOY_clean_repeat,238.53856,256.5
DB12-ARAFIJ_clean_repeat,222.60527,208.875
DB12-FIMYUX_clean_repeat,175.91774,193.0
DB12-LUKRIS_clean_repeat,45.400463,59.03125
DB12-XALDIY_clean_repeat,130.82683,134.75
DB12-ALUJUN_clean_repeat,89.701195,92.125
DB12-WASMIP01_clean_repeat,66.25589,60.875
DB12-WEMFEB_clean_repeat,184.34534,190.5
DB12-GIRFUJ_clean_repeat,1.9843732,0.30664062
DB12-FAVGUH_clean_repeat,87.36135,79.0625
DB12-AMAGAX_clean_repeat,118.967026,99.0
DB12-LOMMOR_clean_repeat,16.850534,26.75
DB12-RUHFEH_clean_repeat,176.50053,195.0
DB12-LOBHAM_clean_repeat,215.72278,198.5
DB12-LUMMAJ_clean_repeat,8.932151,7.53125
DB12-MOMRIR_clean_repeat,85.91986,82.875
DB12-JUCGUL_clean_repeat,193.40424,173.5
DB12-NEVVEQ_clean_repeat,119.833595,117.0
DB12-QIQTAN_clean_repeat,101.81083,100.0
DB12-AFIPAH_clean_repeat,135.96786,138.75
DB12-GERNOI_clean_repeat,160.23137,151.125
DB12-BEPREV_clean_repeat,229.93814,249.0
DB12-UMODEH_clean_repeat,257.95206,248.75
DB12-NUXMAU_clean_repeat,138.47269,126.5625
DB12-PEWXUL_clean_repeat,153.98347,144.5
DB12-YOZNAE_clean_repeat,243.87956,244.125
DB12-LUSHOX03_clean_repeat,134.57826,151.25
DB12-HOXGEH_clean_repeat,73.7031,61.84375
DB12-EBIPOX_clean_repeat,178.13063,198.75
DB12-ETECOX_clean_repeat,220.82918,218.375
DB12-LAGMUD_clean_repeat,198.85463,204.375
DB12-AMILUE_clean_repeat,174.3131,172.5
DB12-LOFZUB_clean_repeat,227.81094,224.75
DB12-KANDAG_clean_repeat,91.756676,91.5
DB12-ASINAT_clean_repeat,222.09392,205.0
DB12-QONLIQ_clean_repeat,194.18306,191.75
DB12-KIXXOG_clean_repeat,140.92331,162.5
DB12-ECOROD_clean_repeat,108.48716,109.0
DB12-FONQIJ_clean_repeat,134.22908,143.5
DB12-EBOCOQ_clean_repeat,159.21912,153.75
DB12-KEDJAG22_clean_repeat,201.55206,205.25
DB12-VAGTAA01_clean_repeat,185.80643,199.875
DB12-CAGSAG_clean_repeat,216.02686,216.875
DB12-NATKOL_clean_repeat,244.51152,262.25
DB12-VILXOE_clean_repeat,120.98302,121.3125
DB12-ZAVQUK_clean_repeat,162.17476,178.5
DB12-XAPCOJ02_clean_repeat,218.38266,217.75
DB12-REXDEF_clean_repeat,166.27849,157.125
DB12-WEWGAH_clean_repeat,51.4901,53.0625
DB12-WOBQEL_clean_repeat,166.5322,167.375
DB12-ATICAH_clean_repeat,86.39476,77.5
DB12-EKETOF_clean_repeat,62.288773,66.75
DB12-EXUHEM_clean_repeat,103.65059,108.375
DB12-ACOLOV_clean_repeat,215.54053,229.375
DB12-WINCEC_clean_repeat,137.5802,134.625
DB12-GAMXAV_clean_repeat,217.26688,207.75
DB12-KIHTOL_clean_repeat,21.493162,6.9804688
DB12-OQIQIQ_clean_repeat,121.59616,138.5
DB12-OGAXUR_clean_repeat,144.19595,128.375
DB12-VERZOJ_clean_repeat,0.011277525,4.6679688
DB12-PORVUO_clean_repeat,174.80925,158.5
DB12-FAQGIP_clean_repeat,136.4355,144.125
DB12-EXAXAE_clean_repeat,172.3843,166.0
DB12-OPAPUR_clean_repeat,80.23435,84.6875
DB12-ELIKEQ_clean_repeat,142.07448,143.125
DB12-YAHPED_clean_repeat,200.83252,181.125
DB12-UMOVEZ02_clean_repeat,254.80357,245.125
DB12-UFILUR02_clean_repeat,99.75593,100.5625
DB12-BENXUP_clean_repeat,104.12633,96.75
DB12-YAJXIT_clean_repeat,134.02483,133.75
DB12-DIYKAZ_clean_repeat,73.300224,65.3125
DB12-YURKAY_clean_repeat,236.9442,218.875
DB12-LUCDAO_clean_repeat,225.79741,243.375
DB12-OFAWEZ_clean_repeat,243.15858,263.25
DB12-LUDLED_clean_repeat,242.61829,244.125
DB12-QATRAG_clean_repeat,85.77588,88.375
DB12-EMOFIX_clean_repeat,86.60182,65.5
DB12-FEVDER_clean_repeat,45.42708,41.53125
DB12-GIRDUI_clean_repeat,84.61916,88.9375
DB12-TUMQOJ_clean_repeat,144.25458,150.5
DB12-EMICUZ_clean_repeat,40.726192,66.75
DB12-OPAPIF_clean_repeat,78.60046,73.375
DB12-TOHSAL_clean_repeat,257.73563,241.0
DB12-FIZPOV_clean_repeat,239.96243,256.5
DB12-BUVHEH_clean_repeat,199.69669,209.375
DB12-MIDCAF_clean_repeat,196.48677,218.875
DB12-ACALIB_clean_repeat,67.719315,62.9375
DB12-UVEVAT_clean_repeat,225.56273,227.375
DB12-LEDLEN_clean_repeat,190.1417,169.75
DB12-MOCKAR_clean_repeat,263.3225,261.25
DB12-WOLFAG_clean_repeat,116.07854,124.625
DB12-BEXQIF_clean_repeat,163.4697,162.125
DB12-SAJLOH_clean_repeat,149.04565,142.875
DB12-GULPIN_clean_repeat,91.8548,83.125
DB12-HAWZEM_clean_repeat,134.12071,126.0625
DB12-CDLGLU10_clean_repeat,3.516041,3.6347656
DB12-PUZKUS_clean_repeat,137.37968,135.125
DB12-UCEXIK_clean_repeat,152.78651,153.375
DB12-PUGHAC_clean_repeat,138.96046,136.625
DB12-XIPTEW_clean_repeat,0.03745075,0.24377441
DB12-KINQAB_clean_repeat,72.67503,77.0625
DB12-acs.jpcc.6b08594_Zn2Cd6MOF5_opt_clean_repeat,219.5384,204.0
DB12-IYAYUE_clean_repeat,171.93945,166.125
DB12-NAQREE_clean_repeat,217.3079,201.875
DB12-PIKBUH_clean_repeat,36.462383,42.71875
DB12-QESYOD_clean_repeat,129.49142,127.3125
DB12-XOXMED_clean_repeat,217.45094,211.25
DB12-MOTMAK_clean_repeat,142.5011,133.25
DB12-YAWKOX_clean_repeat,195.03516,183.25
DB12-VUQKUO_clean_repeat,125.65967,124.25
DB12-JIVFUQ_clean_repeat,169.42987,171.875
DB12-RONSIY_clean_repeat,78.83968,81.125
DB12-NAJTEA_clean_repeat,205.64876,209.0
DB12-SEHSUU_clean_repeat,219.28406,208.25
DB12-UMOBEF07_clean_repeat,230.51028,236.125
DB12-BOWNUY_clean_repeat,219.4602,230.875
DB12-POHLOP_clean_repeat,99.47728,113.375
DB12-XUNTAD_clean_repeat,95.96536,99.25
DB12-DIVSUY_clean_repeat,204.65866,210.625
DB12-JUSHAI_clean_repeat,142.80667,157.5
DB12-KUFVEO_clean_repeat,155.43643,168.5
DB12-SARGUP_clean_repeat,231.6103,236.625
DB12-GOTDIE_clean_repeat,32.331093,45.75
DB12-KUGQIN_clean_repeat,4.370615,2.0703125
DB12-ZAVQOE_clean_repeat,161.92189,152.875
DB12-RIYBIM_clean_repeat,214.09665,209.125
DB12-ERAHOV_clean_repeat,252.11565,250.125
DB12-ZNGLUD01_clean_repeat,0.019288724,-1.7509766
DB12-IBICON_clean_repeat,149.10188,152.0
DB12-FORKUU_clean_repeat,247.70482,244.125
DB12-RUGGOR_clean_repeat,138.82709,129.625
DB12-HOWJEK_clean_repeat,132.08043,139.0
DB12-PEXBIF_clean_repeat,67.09895,67.9375
DB12-UCAXEC_clean_repeat,98.193436,109.5625
DB12-ELIJOZ_clean_repeat,143.04936,142.75
DB12-BOCTEU01_clean_repeat,103.9709,103.6875
DB12-UTOTUT01_clean_repeat,87.40626,75.0
DB12-QOMRUH_clean_repeat,200.13681,194.75
DB12-FIJDIM06_clean_repeat,140.23505,126.8125
DB12-VOGTIV_clean_h_repeat,234.38547,221.125
DB12-la304204k_si_003_clean_repeat,196.26627,185.125
DB12-HOJLID_clean_repeat,267.2529,261.25
DB12-c6cc02494g_c6cc02494g3_clean_repeat,216.38702,216.25
DB12-CUTGEE_clean_repeat,116.148796,123.0
DB12-CUKXUC_clean_repeat,139.18102,117.8125
DB12-SICDAL_clean_repeat,0.0,-1.4433594
DB12-HIVQAG_clean_repeat,65.64074,68.5
DB12-ECIWUJ_clean_repeat,0.06714957,6.4296875
DB12-MUTDEM_clean_repeat,175.15347,167.875
DB12-ic7025158-file001_clean_repeat,156.45212,154.75
DB12-HOJHUL_clean_repeat,59.468246,55.0625
DB12-VEDFAN_clean_repeat,183.38873,171.875
DB12-DAJHUS_clean_repeat,54.951035,58.78125
DB12-EMUBIZ_clean_repeat,172.59294,171.625
DB12-APAYOH_clean_repeat,217.3174,212.25
DB12-cg401887b_si_004_clean_repeat,264.7564,278.75
DB12-YUYBIF_clean_repeat,106.45372,100.8125
DB12-HADXIW_clean_repeat,107.097336,102.375
DB12-XUGDOU_clean_repeat,110.54833,112.4375
DB12-KOGJOG_clean_repeat,112.830666,116.6875
DB12-VAMQOS_clean_repeat,234.21306,229.875
DB12-WEBQOL_clean_repeat,110.431046,117.25
DB12-FORPIM_clean_repeat,209.15315,212.625
DB12-CUFJUK_clean_repeat,0.06257613,-0.06512451
DB12-CUGVUX_clean_repeat,66.32527,62.09375
DB12-AMILOY_clean_repeat,176.1131,160.125
DB12-NIHBAI_clean_repeat,89.469826,78.1875
DB12-XOVYUD_clean_repeat,72.01227,74.5625
DB12-IJASOC_clean_repeat,206.80101,202.25
DB12-SOHMUY_clean_repeat,205.23158,203.875
DB12-DITYOW_clean_repeat,106.4406,104.375
DB12-UCOJIH_clean_repeat,206.55661,198.75
DB12-WEMNAF_clean_repeat,147.50105,123.5
DB12-GAMTIY_clean_repeat,125.67141,123.0
DB12-IBUYAH_clean_repeat,39.841694,35.1875
DB12-TOXMUQ_clean_repeat,238.36969,229.75
DB12-FIMXUW_clean_repeat,84.85474,87.0
DB12-EBEXEQ01_clean_repeat,187.35428,187.25
DB12-WOJZOM_clean_repeat,199.90544,199.875
DB12-YEKXET_clean_repeat,206.4304,206.375
DB12-XAMDUM03_clean_repeat,243.36539,232.375
DB12-HUSQES_clean_repeat,179.4293,195.5
DB12-ZIDVAL_clean_repeat,76.853035,72.6875
DB12-PORLAL_clean_repeat,169.87215,155.5
DB12-cg301725z_si_002_clean_repeat,137.3135,159.75
DB12-WOHZAU01_clean_h_repeat,117.74682,121.6875
DB12-XINJAH_clean_repeat,75.237976,91.9375
DB12-WORKOF_clean_repeat,213.23836,205.375
DB12-CEGFAW_clean_repeat,105.631424,108.9375
DB12-UKAQIH_clean_repeat,200.26233,180.5
DB12-KEGZOL01_clean_repeat,164.14825,157.625
DB12-KAXFUM_clean_repeat,106.522446,94.6875
DB12-XESKAJ_clean_repeat,189.85283,163.75
DB12-ABEXEM_clean_repeat,105.6926,96.75
DB12-MARXEK_clean_repeat,195.87215,185.625
DB12-ZETQIA_clean_repeat,66.93052,60.875
DB12-OTOVIE_clean_repeat,106.06445,100.75
DB12-QISNEN_clean_repeat,208.81688,186.75
DB12-KEXFAU_clean_repeat,199.947,184.375
DB12-NABMUA_clean_repeat,197.64896,193.125
DB12-MOQSIV_clean_repeat,26.490303,15.4609375
DB12-NANNAU_clean_repeat,68.3101,53.25
DB12-SEFVAC_clean_repeat,187.60936,187.5
DB12-XUMVEH_clean_repeat,181.33131,180.75
DB12-IBUBAL_clean_repeat,175.28484,165.5
DB12-AFIXAO_clean_repeat,139.89944,132.25
DB12-NEFTUP_clean_repeat,59.068024,45.65625
DB12-HIHGUC_clean_repeat,235.15327,216.75
DB12-TAGVAB_clean_repeat,219.03021,208.25
DB12-FIKTOK_clean_repeat,61.68095,41.90625
DB12-NOLRIR_clean_repeat,163.41795,144.625
DB12-BIMDEF_clean_repeat,171.72398,165.0
DB12-KUQWIE_clean_repeat,62.300854,58.4375
DB12-GOYXUP_clean_repeat,82.076126,82.3125
DB12-SOTWUV_clean_repeat,198.73373,192.75
DB12-RUYQOT_clean_repeat,183.00496,181.0
DB12-QUXQUX_clean_repeat,65.89761,70.9375
DB12-LETDUK_clean_repeat,243.68002,254.5
DB12-IGOJEV_clean_repeat,152.51733,167.25
DB12-HAPHUD_clean_repeat,220.22832,218.75
DB12-MAXJEC_clean_repeat,0.00024396439,-1.6279297
DB12-GIKQIC_clean_repeat,85.115036,84.5625
DB12-ELOHOE_clean_repeat,133.63576,110.1875
DB12-FERHAN_clean_repeat,217.86945,216.375
DB12-XUMMUP_clean_repeat,163.23225,149.375
DB12-BAFKUR_clean_repeat,60.650772,36.65625
DB12-WOPHIU_clean_repeat,69.87566,83.0
DB12-XEKCAT01_clean_repeat,220.80403,207.125
DB12-VARREL_clean_repeat,88.81966,91.5625
DB12-FUSGOR_clean_repeat,136.14436,132.125
DB12-LAGHIL_clean_repeat,124.220146,119.0
DB12-HIYGIH_clean_repeat,242.69371,251.75
DB12-AWAJIT_clean_repeat,87.37091,80.0
DB12-CECVOW_clean_repeat,75.605415,68.6875
DB12-YOGKOW_clean_repeat,198.21532,179.625
DB12-ZIDDIB_clean_repeat,87.43499,76.9375
DB12-GUFBUG_clean_repeat,125.10138,121.5
DB12-HOGSIG_clean_repeat,103.9818,103.5625
DB12-LEWTUD_clean_repeat,104.37219,91.125
DB12-WASNIO_clean_repeat,115.38877,84.1875
DB12-TETVIZ_clean_repeat,132.24715,128.125
DB12-WEMDID_clean_repeat,178.80568,194.625
DB12-QULLEP_clean_repeat,60.29707,65.4375
DB12-SOVLEW_clean_repeat,238.23807,222.375
DB12-CAYDIR_clean_repeat,59.53852,59.0625
DB12-VEHNED_clean_repeat,115.07364,109.6875
DB12-XAPCOJ03_clean_repeat,218.56805,215.125
DB12-XAMDUM02_clean_repeat,244.9632,249.375
DB12-HEZKIH_clean_repeat,145.62305,144.0
DB12-VIWKOD_clean_repeat,156.9611,143.5
DB12-OWIZAW_clean_repeat,221.15263,212.875
DB12-HOPHUP_clean_repeat,119.06857,133.625
DB12-XIHXAP_clean_repeat,104.41357,97.5625
DB12-LIVTIT_clean_repeat,172.43428,170.25
DB12-WEYQAU04_clean_repeat,192.47849,173.125
DB12-ACOGAB_clean_repeat,152.6873,142.625
DB12-NEZBOK_clean_repeat,107.49986,98.125
DB12-LORMOW_clean_repeat,82.90732,94.8125
DB12-UMOBEF04_clean_repeat,241.49644,231.375
DB12-SARHAW_clean_repeat,229.5395,219.25
DB12-j.inoche.2015.01.025_INC05862-mmc2_clean_repeat,167.83296,179.625
DB12-HAZWIP_clean_repeat,261.38437,254.75
DB12-ZEZQIG_clean_repeat,169.51031,166.625
DB12-AWAWUR_clean_repeat,203.65312,196.75
DB12-COMZAH_clean_repeat,74.7664,71.4375
DB12-WORKUL_clean_repeat,216.55716,203.25
DB12-LAXGOH02_clean_repeat,11.760535,2.7988281
DB12-KINFAQ_clean_repeat,213.66298,210.875
DB12-OQOXAV_clean_repeat,104.27386,104.4375
DB12-RAKDEN_clean_repeat,208.49246,197.25
DB12-LIQJEC_clean_repeat,170.5585,165.625
DB12-PEDRIA_clean_repeat,228.00061,235.375
DB12-HAZGOF05_clean_h_repeat,65.47166,59.90625
DB12-RUHFUX_clean_repeat,177.14658,176.375
DB12-LIXXAS_clean_repeat,200.023,182.125
DB12-IRORUE_clean_repeat,8.970596,4.046875
DB12-XIHSEN01_clean_repeat,159.04666,159.625
DB12-VAZROF_clean_repeat,97.809685,103.75
DB12-LAWGUM_clean_repeat,234.58237,220.125
DB12-DAWBIO_clean_repeat,102.965576,98.25
DB12-DUKYOZ_clean_repeat,3.828386,29.0625
DB12-BEPPIX_clean_repeat,162.16966,146.625
DB12-ja106851d_si_001_clean_repeat,97.343155,92.6875
DB12-TIVFIO_clean_repeat,0.002829948,-2.1328125
DB12-KOSLOV_clean_repeat,220.37312,218.625
DB12-KEJBOQ_clean_h_repeat,159.25133,163.5
DB12-ic048812_clean_repeat,65.3477,69.375
DB12-CUVHIL02_clean_h_repeat,156.14287,162.75
DB12-UQULAU_clean_repeat,185.21288,171.0
DB12-COMDOY_clean_repeat,167.6393,163.875
DB12-XOPMIA_clean_repeat,176.89844,153.625
DB12-VUHGAH_clean_repeat,111.58437,118.8125
DB12-FIFNUE01_clean_repeat,204.59593,177.875
DB12-CUFGOB_clean_repeat,28.346651,29.34375
DB12-EDUSIF_clean_repeat,236.93265,240.25
DB12-LUSJOZ_clean_repeat,131.56375,132.125
DB12-c5nj02634b_c5nj02634b2_clean_repeat,180.17447,176.25
DB12-EGATIQ_clean_repeat,213.07855,203.75
DB12-TEWFUY_clean_repeat,128.00551,140.625
DB12-FIJDUY_clean_repeat,165.02332,170.75
DB12-UZUNAF01_clean_repeat,124.32759,122.9375
DB12-WEHJEA_clean_repeat,252.56133,249.875
DB12-ASOVEL_clean_repeat,111.89223,95.8125
DB12-OZUMIH_clean_repeat,223.41461,207.25
DB12-TUJGIQ_clean_repeat,114.34523,114.8125
DB12-GAXQIH_clean_repeat,92.901825,100.0
DB12-XACZEH_clean_repeat,150.00423,123.5
DB12-ZISFEO_clean_repeat,115.03891,124.3125
DB12-CIFMEL_clean_repeat,220.27954,215.25
DB12-BEFKUU_clean_repeat,247.31244,231.25
DB12-REXDUV_clean_repeat,170.87573,176.5
DB12-TENLIJ_clean_repeat,144.55284,141.5
DB12-XAMDUM04_clean_repeat,248.35172,234.5
DB12-ic800131r-file003_clean_repeat,245.4563,237.375
DB12-LIXDAZ_clean_repeat,45.478466,49.84375
DB12-ja205976v_si_006_clean_repeat,226.36525,200.75
DB12-JEJKEP_clean_repeat,117.42903,120.0
DB12-ASIRUR_clean_repeat,4.88487,0.70166016
DB12-LITCUO_clean_repeat,125.00834,116.6875
DB12-GITTUZ_clean_repeat,155.1273,147.125
DB12-RESSAK_clean_repeat,159.91174,158.5
DB12-XAPCOJ_clean_repeat,217.24704,203.25
DB12-CAZNEY_clean_repeat,221.43526,196.0
DB12-EMUBOF_clean_repeat,201.9852,183.5
DB12-GEDTAM_clean_repeat,216.0696,205.625
DB12-FAQYUR_clean_repeat,98.65206,93.625
DB12-WUDJAI_clean_repeat,39.835884,22.40625
DB12-JIZJEJ_clean_repeat,143.1165,144.75
DB12-PUFXIZ_clean_repeat,100.869156,92.1875
DB12-NIGDIS_clean_repeat,255.05624,255.5
DB12-QOWRAV04_clean_repeat,242.94212,251.0
DB12-GIRYUD_clean_repeat,49.859997,47.34375
DB12-LECGAD_clean_repeat,134.93832,135.375
DB12-CUGVUW_clean_repeat,96.235344,85.75
DB12-PABXAT_clean_repeat,105.02629,117.5625
DB12-TATSIS_clean_repeat,59.771244,81.375
DB12-ATIBOU02_clean_repeat,87.97241,77.875
DB12-DOHNUL_clean_repeat,91.09019,85.3125
DB12-SANHIB_clean_repeat,157.61864,147.75
DB12-PUWVAG_clean_repeat,113.87647,109.4375
DB12-JUVWUU_clean_repeat,128.61629,125.8125
DB12-MITGUR_clean_repeat,98.23709,92.1875
DB12-LAXMIJ_clean_repeat,91.36124,73.6875
DB12-MANDUD_clean_repeat,211.7257,200.0
DB12-EBATUY_clean_repeat,132.35475,125.75
DB12-EDAGAT_clean_repeat,90.82333,87.0625
DB12-AHOKOX_clean_repeat,178.96864,151.25
DB12-QOCSAD_clean_repeat,184.39613,163.75
DB12-QOHTOX_clean_repeat,82.930695,91.375
DB12-GOMREG_clean_repeat,107.136284,100.5
DB12-ICAQIO_clean_repeat,248.62668,256.5
DB12-RIFDUG01_clean_repeat,251.32251,251.375
DB12-VEGCAN_clean_repeat,203.88141,210.5
DB12-ABEYEN_clean_repeat,101.604614,88.0
DB12-UKAQAZ_clean_repeat,199.11783,206.75
DB12-ncomms11831_ncomms11831-s2_clean_repeat,57.1692,60.875
DB12-BUQWER_clean_repeat,121.214264,106.625
DB12-KIYMAI01_clean_repeat,176.53935,168.0
DB12-YARYEV_clean_repeat,133.1726,127.4375
DB12-XALDAQ_clean_repeat,133.08664,131.125
DB12-PEWXUL01_clean_repeat,145.84837,141.625
DB12-IYOTAT_clean_repeat,232.32335,237.125
DB12-EBEXEQ_clean_repeat,188.71704,170.75
DB12-FIRPAZ_clean_repeat,234.71956,246.625
DB12-PEXBIF01_clean_repeat,68.62343,69.75
DB12-VIPZAX_clean_repeat,107.81686,112.0625
DB12-ECAHOH_clean_repeat,113.20833,116.1875
DB12-DINNIZ_clean_repeat,137.20355,131.5
DB12-AVAKEP_clean_repeat,195.5687,195.5
DB12-KINDOC_clean_repeat,206.85757,169.75
DB12-IFEHUY_clean_repeat,207.26956,209.5
DB12-KINDIW_clean_repeat,89.838295,69.25
DB12-KILJEV_clean_repeat,45.81942,50.53125
DB12-VIWKIX_clean_repeat,158.03433,146.0
DB12-OBAHIL_clean_repeat,176.79549,157.625
DB12-REXDIJ_clean_repeat,180.52403,173.375
DB12-IXOFUX_clean_repeat,212.99828,204.75
DB12-OBAHOR_clean_repeat,174.66064,177.375
DB12-SARGID_clean_repeat,229.81737,229.375
DB12-REGRIG_clean_repeat,240.7823,245.375
DB12-PIHNUQ_clean_repeat,74.469574,76.5
DB12-VEGBUG_clean_repeat,202.74834,204.75
DB12-BUBQOE_clean_repeat,112.23373,113.5625
DB12-AKEDIF_clean_repeat,174.64293,180.625
DB12-OPENIH_clean_repeat,49.379536,51.78125
DB12-WEYQAU07_clean_repeat,194.16869,191.625
DB12-OWIJIP_clean_repeat,226.28426,211.5
DB12-NARNIG_clean_repeat,40.712963,34.3125
DB12-KIPJOK_clean_repeat,123.567894,134.5
DB12-COWMAD_clean_repeat,199.15604,193.625
DB12-AWEGEP_clean_repeat,144.31512,141.75
DB12-MEJZIM_clean_repeat,85.63094,84.1875
DB12-WIJDAV_clean_repeat,141.80893,131.125
DB12-GADRAH_clean_repeat,177.84091,181.375
DB12-FUNCAT_clean_repeat,193.03694,185.125
DB12-XUNHAQ_clean_repeat,145.42757,128.875
DB12-ZOHBUV_clean_repeat,39.259785,38.5625
DB12-SOVHOA_clean_repeat,162.26442,164.375
DB12-LOQSEQ_clean_repeat,79.418686,73.75
DB12-LUSHOX01_clean_repeat,135.41632,132.875
DB12-ANUGOG_clean_repeat,270.66235,253.75
DB12-REXFEH_clean_repeat,168.31639,172.0
DB12-ENANIS_clean_repeat,110.43844,99.375
DB12-XEHFUL01_clean_repeat,127.86017,113.5
DB12-VATYIZ_clean_repeat,154.79277,162.5
DB12-XEDLUN_clean_repeat,169.44118,159.0
DB12-JASNEX_clean_repeat,0.15132827,-2.0410156
DB12-PUMNIV_clean_repeat,138.11377,132.875
DB12-DAWCOV_clean_repeat,208.26764,193.25
DB12-ZOHFUZ_clean_repeat,242.86761,235.0
DB12-FEJKEM_clean_repeat,64.61316,62.6875
DB12-CIZLEE_clean_repeat,1.9532256,-0.046783447
DB12-LUJBAV_clean_repeat,48.94771,42.5
DB12-MEJZOS_clean_repeat,78.94066,95.0
DB12-OZAVES_clean_repeat,145.6295,147.375
DB12-AXUHIL_clean_repeat,100.79039,105.375
DB12-NIKYOW01_clean_repeat,89.24941,85.9375
DB12-XOJPES_clean_repeat,147.49258,147.25
DB12-CAXPIC_clean_repeat,10.37276,6.7265625
DB12-JUSKAL_clean_repeat,69.72486,80.5625
DB12-EVUDAA_clean_repeat,202.23784,206.625
DB12-FAVGER_clean_repeat,110.83734,95.625
DB12-NERVOV_clean_repeat,86.558205,86.0625
DB12-ADODII_clean_repeat,109.1697,113.4375
DB12-DOGZIJ_clean_repeat,97.27445,109.625
DB12-ZOXNEH_clean_repeat,233.00116,216.625
DB12-PUGHUW_clean_repeat,126.85221,129.375
DB12-HIFTOG01_clean_repeat,232.19911,221.125
DB12-SADLEQ_clean_repeat,190.33574,187.875
DB12-QASTUC_clean_repeat,113.565125,106.875
DB12-QEWDON_clean_repeat,135.97226,125.375
DB12-POXHUG_clean_repeat,80.282684,75.6875
DB12-YOCLEJ_clean_repeat,242.76888,243.25
DB12-RAJFAL_clean_repeat,85.137535,75.3125
DB12-TUTHOG_clean_repeat,198.58302,207.25
DB12-ROJNEJ_clean_repeat,102.68534,106.875
DB12-UKIQIP_clean_repeat,206.15503,199.625
DB12-EDEPAG_clean_repeat,160.29054,160.75
DB12-XEGJIE02_clean_repeat,173.88324,181.875
DB12-SAKRED_clean_repeat,202.98448,220.75
DB12-HEKTUO01_clean_repeat,127.73357,126.0
DB12-MURTUO_clean_repeat,73.81629,78.375
DB12-c5ce00862j_c5ce00862j2_clean_repeat,159.96413,147.5
DB12-KINFEU_clean_repeat,195.61884,201.625
DB12-ORIVOC_clean_repeat,233.4514,233.0
DB12-QAQMON_clean_repeat,243.63342,242.5
DB12-ZIZTOT_clean_repeat,110.97797,118.3125
DB12-YUBFOR_clean_repeat,164.07272,151.375
DB12-NIGFOZ_clean_repeat,218.72266,231.0
DB12-REZJIR03_clean_repeat,144.59319,142.0
DB12-FAPXEC_clean_repeat,216.4552,236.5
DB12-KEYFUR_clean_repeat,41.70575,27.203125
DB12-JIZJUZ_clean_repeat,141.04358,132.75
DB12-YARYIZ_clean_repeat,138.54788,150.75
DB12-EVEGIV_clean_repeat,104.900055,107.625
DB12-GEVXAI_clean_repeat,91.52733,88.625
DB12-UMODEH25_clean_repeat,252.63654,248.875
DB12-ALUJIB_clean_repeat,158.98712,150.625
DB12-RAYFAA_clean_repeat,198.31416,211.375
DB12-HOGJIX_clean_repeat,254.87517,249.0
DB12-VAQLAC_clean_repeat,90.18539,50.5625
DB12-DOMDAL_clean_repeat,146.86098,137.0
DB12-AZAFIS_clean_repeat,126.46934,140.5
DB12-UREVOE_clean_repeat,146.08911,136.875
DB12-AWEJIW_clean_repeat,162.72783,171.75
DB12-REXCOO_clean_repeat,168.83646,169.875
DB12-HALQUJ_clean_repeat,214.21883,210.375
DB12-YURKIG_clean_repeat,204.59102,211.5
DB12-ICAQOU_clean_repeat,247.37561,230.0
DB12-IYIGEC_clean_repeat,0.28132588,-1.7324219
DB12-EGAFOJ_clean_repeat,135.50888,132.0
DB12-YASPEP_clean_repeat,50.531868,58.5
DB12-TUTHIA_clean_repeat,199.84506,169.5
DB12-YORZAH_clean_repeat,47.263523,56.9375
DB12-HOJLUP_clean_repeat,173.96988,173.25
DB12-TIRHIL_clean_repeat,168.90048,179.125
DB12-CITXUZ_clean_repeat,101.12702,93.5
DB12-KIRFIA_clean_repeat,199.26093,213.5
DB12-VUKHOZ_clean_repeat,151.38399,136.0
DB12-COKPUP_clean_repeat,244.62474,237.875
DB12-TAKTIL_clean_repeat,228.76973,224.25
DB12-SOJGOO_clean_repeat,126.55721,133.25
DB12-RAKPEZ_clean_repeat,40.772877,50.9375
DB12-EQETAX_clean_repeat,194.894,208.5
DB12-XEXLUJ_clean_repeat,170.02542,179.25
DB12-YARDEC_clean_repeat,158.9769,164.875
DB12-XIHSAJ_clean_repeat,171.07916,165.875
DB12-PAMGIV_clean_repeat,144.50543,147.25
DB12-NIKZAJ02_clean_repeat,89.02059,79.625
DB12-PELNEA01_clean_repeat,6.6780353,0.4909668
DB12-ZERNOB_clean_repeat,69.522804,51.78125
DB12-POTREX_clean_repeat,250.43784,246.25
DB12-EJIDUW02_clean_repeat,118.209,123.0
DB12-GUJGEY_clean_repeat,94.551285,82.4375
DB12-FECXAO_clean_repeat,211.8883,187.75
DB12-CAWGAJ_clean_repeat,105.97492,107.5625
DB12-GUHPAC_clean_repeat,195.94348,199.5
DB12-ABEFUL_clean_repeat,63.91069,57.875
DB12-ja203898s_si_004_clean_repeat,206.77832,203.25
DB12-ERUFUS_clean_repeat,140.05452,111.0625
DB12-TORKAO_clean_repeat,150.94348,148.875
DB12-CUIMDZ01_clean_h_repeat,31.517944,37.75
DB12-j.inoche.2015.03.028_inc05925-mmc2_clean_repeat,217.01903,205.375
DB12-ROQNES04_clean_repeat,109.12267,110.0
DB12-KIFWUT_clean_repeat,36.232243,30.140625
DB12-KOKSIO_clean_repeat,175.37494,159.0
DB12-KADLUZ_clean_repeat,207.66196,206.375
DB12-APAZIC_clean_repeat,214.76364,200.375
DB12-KOJTOU_clean_repeat,189.21259,176.5
DB12-OGOWAJ_clean_repeat,187.31851,185.75
DB12-OSIKUX_clean_h_repeat,201.6374,199.375
DB12-KUFVIS_clean_repeat,134.95613,121.0
DB12-VATXEU_clean_repeat,121.283676,121.625
DB12-OZUKUR_clean_repeat,226.57501,210.625
DB12-HAQJIV_clean_repeat,267.4736,253.875
DB12-ic502369y_si_002_clean_repeat,54.266792,71.8125
DB12-UMODEH16_clean_repeat,248.40767,241.75
DB12-MEJQID_clean_repeat,145.64949,110.75
DB12-SIWPUL11_clean_repeat,16.227455,22.28125
DB12-INOMOP_clean_repeat,152.7072,152.875
DB12-VAZLEP02_clean_repeat,120.675934,132.75
DB12-XEQGAC_clean_repeat,140.7883,141.125
DB12-PAMVEG_clean_repeat,70.537834,52.5
DB12-ACAJOF_clean_repeat,129.87256,115.3125
DB12-RUSWOT_clean_repeat,166.87437,188.125
DB12-TUKDAG_clean_repeat,0.47191224,5.3945312
DB12-PENNUT_clean_repeat,135.5686,126.875
DB12-ZAVQAQ_clean_repeat,162.40535,172.0
DB12-BARZIE_clean_repeat,60.40434,63.15625
DB12-KIDDIM_clean_repeat,137.29027,152.0
DB12-JUTCIM_clean_repeat,209.51794,226.125
DB12-WAHKUO_clean_repeat,262.5155,295.75
DB12-QOWRAV10_clean_repeat,242.23808,254.625
DB12-FOKYIP_clean_repeat,200.41594,204.25
DB12-NAQLAT_clean_repeat,178.70435,141.75
DB12-YEZKOF_clean_repeat,112.214676,119.0625
DB12-TOHYUL_clean_repeat,171.92561,179.0
DB12-PIZPIX_clean_h_repeat,162.0274,158.875
DB12-QUXREI_clean_repeat,60.759068,74.875
DB12-HIFTOG02_clean_repeat,179.53003,179.625
DB12-YARYOF_clean_repeat,135.07486,143.375
DB12-LAGNUE_clean_repeat,174.74635,170.75
DB12-KEVWUF_clean_repeat,208.34904,223.5
DB12-EPEWEC_clean_repeat,148.90405,155.0
DB12-OSAWEL_clean_repeat,132.68199,146.5
DB12-VOLQOD_clean_repeat,223.41885,236.0
DB12-ROLCEC18_clean_repeat,0.0,0.89697266
DB12-GARTIF_clean_repeat,151.2126,143.375
DB12-FAQVEA_clean_repeat,110.26141,109.4375
DB12-WOVDES_clean_repeat,86.45667,108.0
DB12-jz4002345_si_006_clean_repeat,204.41824,200.5
DB12-QOFKUT_clean_repeat,129.06981,139.375
DB12-UMOBEF06_clean_repeat,231.05312,222.875
DB12-PEYPIU_clean_repeat,124.1762,124.75
DB12-UMODEH20_clean_repeat,253.16794,252.0
DB12-PUVREF_clean_repeat,2.027836,2.4472656
DB12-ASUWUI_clean_repeat,134.94727,129.375
DB12-GUPJEG_clean_repeat,53.850616,57.5625
DB12-GUXQAR_clean_repeat,44.59738,60.34375
DB12-MALROJ_clean_repeat,228.8564,217.75
DB12-NAGBUU_clean_repeat,72.70494,73.125
DB12-FECCIZ_clean_repeat,204.24977,207.5
DB12-LIVLUZ_clean_repeat,115.16402,137.625
DB12-OGAGIN_clean_repeat,77.022675,80.625
DB12-ZUSBOG_clean_repeat,164.84998,146.125
DB12-TOJXOH_clean_repeat,119.5579,110.25
DB12-OKILEA_clean_repeat,128.31827,135.25
DB12-KEDJAG03_clean_repeat,201.02826,204.375
DB12-KOZNIY_clean_repeat,182.5843,195.75
DB12-YAYLIV_clean_repeat,59.241703,52.25
DB12-APARAM_clean_repeat,157.05469,147.875
DB12-RILVOZ_clean_repeat,115.60753,103.0625
DB12-DIDBEZ_clean_repeat,201.43695,187.0
DB12-DUZPUL_clean_repeat,249.37392,238.125
DB12-CUWNIT_clean_repeat,180.92502,169.25
DB12-WEMCOI_clean_repeat,76.17519,70.875
DB12-ISUCUV_clean_repeat,158.03552,149.375
DB12-OLOPEM_clean_repeat,104.01218,121.1875
DB12-WENDIE_clean_repeat,132.43378,130.875
DB12-DUWBEE_clean_repeat,230.48582,232.5
DB12-LEVYOC_clean_repeat,104.565094,124.5625
DB12-VEDGAO_clean_repeat,165.40927,182.75
DB12-LIWXIZ_clean_repeat,24.809546,35.28125
DB12-WOWMEC_clean_repeat,117.29158,127.6875
DB12-DIMDAG_clean_repeat,105.26383,97.125
DB12-VEDFOB_clean_repeat,169.48889,163.375
DB12-AVIHOE_clean_repeat,192.48593,189.75
DB12-JOGHEU_clean_repeat,205.6292,218.625
DB12-YAYLER_clean_repeat,99.725,98.25
DB12-FOJVUX_clean_repeat,69.0879,58.71875
DB12-XISPEW02_clean_repeat,208.83063,189.0
DB12-EKIJAL_clean_repeat,0.032296605,-0.7397461
DB12-VANHEA_clean_repeat,227.6046,233.125
DB12-BERFIP_clean_repeat,69.877686,65.8125
DB12-UMAROR_clean_repeat,143.09917,141.0
DB12-FIJDIM_clean_repeat,136.55206,141.625
DB12-POVXII_clean_repeat,67.047516,68.6875
DB12-HEGCEB_clean_repeat,155.80539,136.75
DB12-SOZSAD_clean_repeat,235.83405,233.625
DB12-UMABOB_clean_repeat,179.94106,179.5
DB12-QOLVET_clean_repeat,147.76958,145.5
DB12-CIGFEF_clean_repeat,167.74034,159.25
DB12-PEGPUO_clean_repeat,65.695595,66.25
DB12-SIWTOJ_clean_repeat,167.41927,174.375
DB12-YITHOA01_clean_repeat,52.596344,48.09375
DB12-VECWUX_clean_repeat,91.08418,95.5625
DB12-MAYKOO_clean_repeat,253.36989,251.0
DB12-EQOCIW_clean_repeat,90.21344,92.25
DB12-YOMHAK_clean_repeat,0.16934493,4.2578125
DB12-YIXYUB_clean_repeat,138.74164,145.875
DB12-MUTVUT_clean_repeat,53.093464,43.59375
DB12-HUWPIA_clean_repeat,170.51045,184.625
DB12-OWIJEL_clean_repeat,227.3455,230.625
DB12-MOCJEU_clean_repeat,2.2732635,2.6289062
DB12-ZASJAG_clean_repeat,174.06699,181.625
DB12-WEDQED_clean_repeat,120.518974,113.8125
DB12-KIJRUS_clean_repeat,247.205,244.875
DB12-YARYUL_clean_repeat,143.91144,150.625
DB12-YEZFIU_clean_repeat,168.24393,170.25
DB12-UZIZUZ_clean_repeat,118.425545,106.9375
DB12-UWOWAF_clean_repeat,150.07568,165.0
DB12-PEGBAG_clean_repeat,77.44124,96.375
DB12-PIBNUK01_clean_repeat,192.68817,210.75
DB12-WUYXAR_clean_repeat,219.34029,238.625
DB12-GISWEM_clean_repeat,90.0998,95.125
DB12-IFEYIB_clean_repeat,148.4966,144.375
DB12-HADPOU_clean_repeat,145.26775,148.625
DB12-cm503311x_alf375K_clean_repeat,194.01494,196.75
DB12-WEFDAO_clean_repeat,20.981588,11.578125
DB12-NIKKIC_clean_repeat,136.34114,139.0
DB12-RAYLAG_clean_repeat,122.578,140.875
DB12-SOCKOM_clean_repeat,119.707664,115.0
DB12-COXQUB_clean_repeat,86.23957,96.25
DB12-OKIPOO_clean_repeat,71.78897,48.65625
DB12-WIRMOB_clean_repeat,166.18684,171.25
DB12-NUCYAN_clean_repeat,70.60455,71.25
DB12-EHEKUY_clean_repeat,101.16289,113.9375
DB12-UMODEH24_clean_repeat,257.72296,272.0
DB12-ZOMNIA_clean_repeat,187.5836,194.375
DB12-ETUWOG_clean_repeat,101.90739,101.8125
DB12-SISQAO_clean_repeat,138.34508,144.5
DB12-XEXLET_clean_repeat,175.27094,171.375
DB12-LUDVIP_clean_repeat,133.8267,152.25
DB12-ZOZCIC_clean_repeat,94.47108,86.125
DB12-COXHIH_clean_repeat,177.12268,177.625
DB12-FIPXAF_clean_repeat,112.380745,125.9375
DB12-WOHDON_clean_repeat,232.12193,242.375
DB12-XOGXAU_clean_repeat,128.40932,138.625
DB12-GOXGAD_clean_repeat,111.42024,102.125
DB12-XUWSUD_clean_repeat,148.52536,156.625
DB12-XAFFIV_clean_repeat,225.6748,231.125
DB12-IVIXIW_clean_repeat,35.780224,36.9375
DB12-FAVHAO_clean_repeat,87.41238,84.0625
DB12-HOCDIO_clean_repeat,144.53728,139.625
DB12-HEBKEG_clean_repeat,104.752235,109.875
DB12-NOFHOG_clean_repeat,247.50046,255.375
DB12-WORSUT_clean_repeat,145.92091,151.125
DB12-SOTWOP_clean_repeat,196.05742,189.75
DB12-WEGFUL_clean_repeat,107.46295,99.8125
DB12-SAKFAO_clean_repeat,111.206726,113.75
DB12-QIZLIW_clean_repeat,154.7836,165.625
DB12-YOQYOT_clean_repeat,58.199055,53.84375
DB12-FIQZEM_clean_repeat,118.84028,117.4375
DB12-WOBHEB_clean_repeat,236.13046,240.125
DB12-APAZEY_clean_repeat,218.94907,234.625
DB12-YOCCIE_clean_repeat,136.61911,151.75
DB12-RUMROI_clean_repeat,119.842255,107.5
DB12-BEFMUW_clean_repeat,124.13961,115.6875
DB12-CAJHUS_clean_repeat,0.0,0.52441406
DB12-NOQNOY_clean_repeat,103.031784,89.4375
DB12-XOMCIL_clean_repeat,125.17237,122.8125
DB12-YONNUL_clean_repeat,189.93784,185.375
DB12-XUMTUV_clean_repeat,185.06546,179.0
DB12-SOTXAC_clean_repeat,201.39287,194.625
DB12-IWOKUC_clean_repeat,125.416336,114.375
DB12-VOZVAJ01_clean_repeat,162.30588,164.0
DB12-YIZGIZ_clean_repeat,227.64438,241.375
DB12-DUYVEA_clean_repeat,59.883698,49.1875
DB12-SOJKOT03_clean_repeat,18.811537,4.6328125
DB12-RUXKUS_clean_repeat,103.87335,96.3125
DB12-DOMKEX_clean_repeat,108.34222,120.5625
DB12-EPOTAF_clean_repeat,260.36896,263.25
DB12-OQEPUW_clean_repeat,114.793816,110.375
DB12-LAJJAK_clean_repeat,160.79066,161.25
DB12-MUPYIG_clean_repeat,18.480593,21.921875
DB12-LAQZOV_clean_repeat,187.30643,173.0
DB12-CATART03_clean_repeat,10.843768,5.453125
DB12-YAZWOM_clean_repeat,82.07794,72.3125
DB12-XOJWEZ_clean_repeat,94.22698,95.0
DB12-LADWAR_clean_repeat,99.12214,88.6875
DB12-UVASAM01_clean_repeat,89.10281,66.875
DB12-WARJAC_clean_repeat,156.36519,167.625
DB12-ZECKOJ_clean_repeat,237.34068,234.0
DB12-COKPEZ_clean_repeat,243.042,244.5
DB12-ESASEY_clean_repeat,78.60306,86.625
DB12-LIFQIC_clean_repeat,71.87288,63.75
DB12-VOTKEW_clean_repeat,137.30518,133.125
DB12-TEVZIE_clean_repeat,89.97442,90.6875
DB12-RUMRUO_clean_repeat,76.401024,51.125
DB12-MIKJAR_clean_repeat,83.28198,93.375
DB12-ic9002115_si_001_clean_repeat,117.31615,108.0625
DB12-PAPKOJ_clean_repeat,36.406227,35.875
DB12-CAMROA_clean_repeat,176.4697,198.25
DB12-IRISAD_clean_repeat,92.41615,95.1875
DB12-ECEDEY_clean_repeat,164.57317,153.75
DB12-AJOXAA_clean_repeat,157.29128,171.625
DB12-KUCDOD_clean_repeat,159.84924,163.375
DB12-JEXXAM05_clean_repeat,0.0,-4.203125
DB12-PARMIG_clean_repeat,156.86378,138.0
DB12-VUCDEE_clean_repeat,113.424164,112.75
DB12-EBAVUB_clean_repeat,125.292206,114.0
DB12-LUCDES_clean_repeat,224.2724,230.125
DB12-MAQJEW_clean_repeat,0.0,2.9570312
DB12-DIKPOD_clean_repeat,99.31335,125.5
DB12-ELIKOA_clean_repeat,139.31456,146.75
DB12-MOPQIT_clean_repeat,91.95157,81.9375
DB12-QIVYUR_clean_repeat,99.32727,104.0
DB12-PAMHES_clean_repeat,139.43596,139.5
DB12-CUNFOH01_clean_repeat,158.66107,171.75
DB12-j.inoche.2015.06.004_1_clean_repeat,98.9644,100.6875
DB12-EXOZIB_clean_repeat,228.95956,208.25
DB12-LUZBOY_clean_repeat,148.10693,152.875
DB12-TEBSAW_clean_repeat,127.4564,118.3125
DB12-OBODEQ_clean_repeat,194.86353,200.5
DB12-AHOKAJ_clean_repeat,8.609214,18.40625
DB12-PEPKOL_clean_repeat,107.08957,106.75
DB12-HEDCAW_clean_repeat,197.36432,193.5
DB12-HUQHEI_clean_repeat,226.51695,213.5
DB12-QUHMOX_clean_repeat,59.490005,52.59375
DB12-LASYOU_clean_repeat,248.1575,241.875
DB12-UMIZEX_clean_repeat,168.6753,178.125
DB12-NIBHOW_clean_repeat,186.84239,193.25
DB12-BAKGAX_clean_repeat,124.58498,120.3125
DB12-KEGZOL03_clean_repeat,165.673,164.375
DB12-XICNOO01_clean_repeat,209.93945,217.625
DB12-ZIYQAB_clean_repeat,106.170586,107.9375
DB12-MEFYUT_clean_repeat,180.16075,175.0
DB12-cm501138g_si_002_clean_repeat,244.35196,251.5
DB12-JOJLOK_clean_repeat,72.900116,63.8125
DB12-FEZTIP_clean_repeat,136.85565,142.25
DB12-AJAMEF_clean_repeat,84.45172,74.4375
DB12-FOFTIF_clean_repeat,190.17148,188.875
DB12-c6ce00126b_c6ce00126b2_clean_repeat,118.727806,137.125
DB12-NEVVAM_clean_repeat,151.91849,157.5
DB12-LAXGOH01_clean_repeat,12.330261,9.671875
DB12-RUNXUV_clean_repeat,149.71544,156.25
DB12-REYCOP_clean_repeat,51.970444,61.53125
DB12-QQQGTA01_clean_repeat,67.1437,56.59375
DB12-REXDOP_clean_repeat,180.85237,180.5
DB12-NEJSEC_clean_repeat,131.05022,114.8125
DB12-BIYSUZ_clean_repeat,169.30782,174.625
DB12-ARAFOP_clean_repeat,133.44254,121.75
DB12-FIFNUE_clean_repeat,206.04167,213.875
DB12-RULVUP_clean_repeat,109.66776,129.0
DB12-MONFEC_clean_repeat,79.585014,69.1875
DB12-UWELIS_clean_repeat,218.70024,234.75
DB12-XEHRUY_clean_repeat,92.48451,81.625
DB12-CAXVII_clean_repeat,225.49875,233.125
DB12-VEHYUE_clean_repeat,67.91938,61.625
DB12-VITZIJ_clean_repeat,170.30063,160.625
DB12-NOFQIK_clean_repeat,84.56501,72.0625
DB12-ZEDQEG_clean_repeat,184.40707,187.625
DB12-cg500033b_si_003_clean_repeat,96.88758,109.625
DB12-GURZID01_clean_repeat,108.955444,98.875
DB12-TUKCUZ_clean_repeat,63.7602,57.34375
DB12-QIYDEJ_clean_repeat,217.70682,239.375
DB12-XUCLIS_clean_repeat,133.07951,139.25
DB12-HOJNOL_clean_repeat,91.64169,81.25
DB12-BEXSII_clean_repeat,222.0404,233.625
DB12-ULOGIL_clean_repeat,94.364914,99.5625
DB12-ADUWIH_clean_repeat,214.7017,240.875
DB12-COJHIT_clean_repeat,231.77554,243.125
DB12-VUFBEE_clean_repeat,178.78638,159.875
DB12-DOYSIT_clean_repeat,121.74744,114.5
DB12-VERZID_clean_repeat,0.03789733,-3.1308594
DB12-JUKKIL_clean_repeat,141.32446,138.75
DB12-HOZDIL_clean_repeat,48.40274,65.75
DB12-OKAYOQ_clean_repeat,97.74788,97.1875
DB12-ATIBOU_clean_repeat,87.91101,88.625
DB12-HUQHIM_clean_repeat,230.56831,239.625
DB12-TISWEZ_clean_repeat,57.030865,47.5
DB12-ETEKAQ_clean_repeat,205.56789,210.625
DB12-TAZSAP02_clean_repeat,91.96459,103.125
DB12-BAHGUN01_clean_repeat,109.82094,118.5
DB12-FEBPUY_clean_repeat,121.30829,134.125
DB12-PANRUS01_clean_repeat,255.54466,249.5
DB12-XEHSOT_clean_repeat,92.30679,90.3125
DB12-FIJDIM12_clean_repeat,137.81114,131.5
DB12-XIFHIF_clean_repeat,170.40082,160.375
DB12-KEFFEI01_clean_repeat,120.61989,105.875
DB12-VUWSAJ_clean_repeat,202.00218,201.75
DB12-VASKOR_clean_repeat,120.06934,131.375
DB12-VAPFUP_clean_repeat,68.40176,81.375
DB12-TOBKAY_clean_repeat,231.65775,222.5
DB12-JOYKUF_clean_repeat,223.09996,234.5
DB12-CIWRUW_clean_repeat,197.8639,217.75
DB12-LUMLIQ_clean_repeat,132.53963,124.25
DB12-XEGJIE_clean_repeat,173.88588,170.0
DB12-RONZID_clean_repeat,160.63869,146.125
DB12-FEYJOJ_clean_repeat,240.99556,238.875
DB12-CUGLTM01_clean_repeat,0.0030911032,-0.9824219
DB12-DORFOG_clean_repeat,107.90913,98.3125
DB12-OTIPUE_clean_repeat,92.41363,79.875
DB12-DOYBAV_clean_repeat,160.33057,172.25
DB12-IJEXUR_clean_repeat,76.2686,68.5625
DB12-CAHSOU_clean_repeat,96.486244,111.625
DB12-GIXMUX_clean_repeat,107.608795,104.5625
DB12-SUNJER_clean_repeat,202.05746,206.625
DB12-DUDKUK_clean_repeat,242.22458,247.25
DB12-YIWBEN_clean_repeat,181.2299,190.125
DB12-BEPVID_clean_repeat,91.811295,103.1875
DB12-SETRAM_clean_repeat,233.27464,235.375
DB12-UJIZET_clean_repeat,198.05466,203.25
DB12-GURPIT_clean_repeat,177.1144,190.375
DB12-OKELIB_clean_repeat,0.8052008,1.3886719
DB12-GULBAR_clean_repeat,115.55111,116.0625
DB12-OYIVOI_clean_repeat,140.08353,125.8125
DB12-YEZKUL_clean_repeat,107.61197,119.5
DB12-XAMDUM_clean_repeat,242.92271,221.75
DB12-WIDZUG_clean_repeat,128.52103,106.9375
DB12-YOZROW_clean_repeat,49.822754,63.53125
DB12-JIZJAF_clean_repeat,142.01701,143.875
DB12-UBIPAY_clean_repeat,165.04865,136.25
DB12-ETEMIB_clean_repeat,89.897804,124.4375
DB12-FIRNIF_clean_repeat,234.58041,232.625
DB12-SISFEH_clean_repeat,73.464294,96.75
DB12-GIYTAK_clean_repeat,187.18805,190.625
DB12-DORYUG_clean_repeat,106.035194,88.6875
DB12-QOFLAA_clean_repeat,221.5414,200.75
DB12-PESTUD_clean_repeat,120.56392,126.8125
DB12-UMELUU_clean_repeat,0.031881355,0.4489746
DB12-WABVIF02_clean_repeat,145.07898,142.25
DB12-NOSTUM01_clean_repeat,194.5479,194.125
DB12-TAGCIP_clean_repeat,0.1547385,1.3759766
DB12-PIBGAK_clean_repeat,156.81274,154.5
DB12-BAZGAM_clean_repeat,130.13152,128.75
DB12-WANJIF_clean_repeat,104.86233,96.6875
DB12-DIBWUH_clean_repeat,91.103714,83.8125
DB12-NADZID_clean_repeat,128.90938,134.0
DB12-REGLOG_clean_repeat,163.6904,150.875
DB12-PACZUQ_clean_repeat,77.05911,80.25
DB12-QUMYUT_clean_repeat,27.82816,30.484375
DB12-cg5b00056_si_004_clean_repeat,161.47414,176.875
DB12-acscombsci.5b00188_5036495_clean_repeat,203.57326,195.125
DB12-GOGWEF_clean_repeat,210.94536,199.75
DB12-APEBED_clean_repeat,86.95621,90.1875
DB12-EMUYAM_clean_repeat,29.894102,34.6875
DB12-ALULID_clean_repeat,211.50879,214.25
DB12-LAVSUY_clean_repeat,195.04321,209.75
DB12-LEWVAL_clean_repeat,101.699234,100.0
DB12-WIPZEC_clean_repeat,170.47595,168.5
DB12-OXOZUY_clean_repeat,181.14725,196.375
DB12-ICIZOL_clean_repeat,145.51997,126.625
DB12-OWIKAI_clean_repeat,93.380486,61.4375
DB12-SUSRUV_clean_repeat,156.52007,148.5
DB12-KETSEI_clean_repeat,94.84132,91.375
DB12-RUYTIQ_clean_repeat,182.58578,179.375
DB12-FIRNAX_clean_repeat,227.98364,248.0
DB12-LITCIC_clean_repeat,205.8526,210.5
DB12-EGUNAX_clean_repeat,101.36911,119.125
DB12-COWROX_clean_repeat,155.91545,144.875
DB12-XEHSUZ_clean_repeat,92.52025,93.375
DB12-WOWBIV_clean_repeat,102.46922,96.375
DB12-TUMGUD_clean_repeat,15.009534,14.4609375
DB12-WEYQAU02_clean_repeat,193.49115,180.375
DB12-NIGFUF_clean_repeat,220.68063,236.5
DB12-DEWQUS_clean_repeat,157.57831,153.75
DB12-PUWDOA_clean_repeat,228.7893,224.25
DB12-TUMRIE_clean_repeat,148.80455,143.875
DB12-ROQMER01_clean_repeat,123.74754,118.0
DB12-HUFYIS_clean_repeat,114.010605,107.75
DB12-TUZVUH_clean_repeat,140.11548,128.125
DB12-UKUPEX_clean_repeat,154.22502,151.5
DB12-PEDMOB_clean_repeat,102.496765,112.1875
DB12-BEXRIG_clean_repeat,181.84862,177.25
DB12-SABWAU01_clean_repeat,0.0,15.328125
DB12-HEKTUO_clean_repeat,128.15247,133.5
DB12-BOVHEB_clean_repeat,132.9364,157.875
DB12-AVIPOL_clean_repeat,170.0136,182.625
DB12-ODONIF_clean_repeat,42.494843,43.75
DB12-CEGWER_clean_repeat,101.40914,94.625
DB12-AHEQAH_clean_repeat,254.62126,257.75
DB12-EVUBAY_clean_repeat,66.79027,57.84375
DB12-VOYWUB_clean_h_repeat,0.0005132016,22.359375
DB12-UBACOR_clean_repeat,112.41688,117.875
DB12-CUWZIF_clean_repeat,156.42651,147.625
DB12-HAWWAF_clean_repeat,166.82664,141.125
DB12-RIPNOV_clean_repeat,86.349335,72.6875
DB12-ILOSOS_clean_repeat,181.23944,160.25
DB12-CAKFEB_clean_repeat,44.876446,40.4375
DB12-EPECEJ_clean_repeat,215.24011,212.125
DB12-BEXSEE_clean_repeat,146.10997,146.375
DB12-FAKGOP_clean_repeat,58.51447,86.125
DB12-NARNOM_clean_repeat,36.88495,35.3125
DB12-BOFCEG_clean_repeat,139.61781,137.375
DB12-COWRAJ_clean_repeat,135.64218,130.0
DB12-LAXGOH03_clean_repeat,16.79862,13.0703125
DB12-UGUQUK_clean_repeat,34.083218,46.125
DB12-DEJRUH_clean_repeat,150.95459,155.25
DB12-HEKTAU_clean_repeat,202.33006,170.0
DB12-QOMDUS_clean_repeat,140.03809,139.75
DB12-TUMREA_clean_repeat,145.57416,146.25
DB12-BEFMOQ_clean_repeat,137.3295,123.75
DB12-DEQFOU_clean_repeat,158.60265,148.25
DB12-IKUTOZ_clean_repeat,205.45607,180.25
DB12-PUPXII_clean_repeat,96.0854,85.75
DB12-TESGOO_clean_repeat,91.8588,94.3125
DB12-ARAHIM02_clean_repeat,9.126954,4.2421875
DB12-LUPYAX_clean_repeat,198.89694,198.875
DB12-KOHDIW_clean_repeat,229.30313,224.875
DB12-GAYFUJ_clean_repeat,209.90338,207.75
DB12-MOWQIZ_clean_repeat,61.963657,73.875
DB12-TUMGOX_clean_repeat,36.400078,41.03125
DB12-CAGXIU_clean_repeat,107.27173,106.5625
DB12-UKAQED_clean_repeat,198.44551,210.5
DB12-NUDMEG_clean_repeat,145.8112,137.0
DB12-HORCUN_clean_repeat,119.843376,126.375
DB12-VUKTUS_clean_repeat,142.57668,151.375
DB12-UBULUA_clean_repeat,206.20209,219.25
DB12-UCEXOQ_clean_repeat,151.27495,145.5
DB12-SOPPOD_clean_repeat,2.0717804,-2.0996094
DB12-FUXXIH_clean_repeat,184.79651,201.125
DB12-IROROY_clean_repeat,100.60697,98.0625
DB12-GOLQII_clean_repeat,79.712746,80.8125
DB12-WOXKOL_clean_repeat,46.29716,34.03125
DB12-CIJVOH_clean_repeat,223.65115,223.625
DB12-MUDKOM_clean_repeat,105.46593,121.4375
DB12-GAJZAU_clean_repeat,111.52546,104.625
DB12-KEXKAB_clean_repeat,133.27682,133.125
DB12-MAKGOX_clean_repeat,58.54102,66.75
DB12-ECEBEW_clean_repeat,131.70024,132.625
DB12-OSUVOP_clean_repeat,49.86451,53.03125
DB12-EQUBOI_clean_repeat,120.61778,130.875
DB12-YEGDAR_clean_repeat,23.110611,33.75
DB12-BEPNOB_clean_repeat,173.79149,179.125
DB12-IBOZIK_clean_repeat,197.7544,215.125
DB12-EBEXAM_clean_repeat,189.6995,210.875
DB12-WODRAK_clean_repeat,14.568962,6.8554688
DB12-SAJRUT_clean_repeat,229.58282,249.875
DB12-FIJFUA_clean_repeat,151.22818,166.0
DB12-LOGBEO_clean_repeat,226.25829,232.75
DB12-HILJUJ_clean_repeat,38.66777,26.125
DB12-NOMQAJ01_clean_repeat,81.9646,106.5
DB12-QOCRUW_clean_repeat,183.91913,168.75
DB12-IJANEN_clean_repeat,132.33966,100.625
DB12-EYOCOM_clean_repeat,221.33878,224.625
DB12-VURYIR_clean_repeat,97.29396,95.3125
DB12-OKOSUE_clean_repeat,220.21689,234.625
DB12-SOKWAS01_clean_repeat,171.79561,181.25
DB12-OHAKIS_clean_repeat,120.32058,103.75
DB12-SIHLUQ_clean_repeat,236.64705,244.5
DB12-VAJTUX_clean_repeat,99.26013,87.9375
DB12-FIQZAH_clean_repeat,92.43032,81.8125
DB12-BEXREC_clean_repeat,178.88443,184.75
DB12-ADEGIA_clean_repeat,92.28078,103.5625
DB12-SIVVAW_clean_repeat,91.921684,102.3125
DB12-POSGAH_clean_repeat,187.20338,191.5
DB12-XILSUI_clean_repeat,222.40353,234.75
DB12-cg301725z_si_004_clean_repeat,195.51797,178.625
DB12-SOZSEH_clean_repeat,236.59926,260.0
DB12-ZILBAZ_clean_repeat,127.00545,119.625
